Date,Open,High,Low,Close,Volume
2010-06-10,557.4,558.0,546.3,551.0,331086
2010-06-11,554.0,555.8,538.55,541.0,714527
2010-06-14,546.35,566.35,543.0,563.15,830121
2010-06-15,564.5,564.5,528.0,530.6,791948
2010-06-16,530.6,539.0,515.55,534.3,1372856
2010-06-17,539.0,542.95,533.1,535.4,464143
2010-06-18,539.95,540.0,519.05,521.7,898935
2010-06-21,526.9,529.75,524.1,526.55,449415
2010-06-22,526.15,555.4,526.05,550.15,1312070
2010-06-23,553.0,561.3,551.05,558.8,968383
2010-06-24,562.0,565.0,548.35,550.75,718985
2010-06-25,555.8,634.6,543.9,620.7,10203484
2010-06-28,624.0,654.2,605.2,642.5,10220253
2010-06-29,639.9,646.8,624.8,635.25,4264830
2010-06-30,629.0,672.5,625.4,662.75,5943322
2010-07-01,663.0,677.8,655.1,660.3,4515865
2010-07-02,665.0,674.0,661.25,666.75,2443572
2010-07-05,669.0,677.45,654.4,658.75,819950
2010-07-06,660.0,669.0,651.1,663.55,1393662
2010-07-07,665.0,665.0,656.65,659.1,550940
2010-07-08,666.0,702.7,661.6,698.5,4159791
2010-07-09,702.85,714.9,698.45,710.8,3454376
2010-07-12,711.0,715.4,686.85,689.85,1487610
2010-07-13,692.0,709.4,688.1,700.8,1425709
2010-07-14,706.65,718.9,692.0,700.55,2055744
2010-07-15,704.0,704.0,647.55,656.3,4729390
2010-07-16,626.0,669.3,626.0,661.05,3046067
2010-07-19,660.0,669.4,652.05,655.5,1017362
2010-07-20,655.0,663.7,636.6,641.05,1528162
2010-07-21,643.3,652.4,634.5,646.1,1759300
2010-07-22,645.0,653.0,637.6,641.15,1756412
2010-07-23,641.7,645.0,630.0,632.1,1315392
2010-07-26,625.0,634.1,621.4,624.3,1043324
2010-07-27,628.8,636.55,624.0,630.15,833413
2010-07-28,634.0,647.8,633.0,643.6,1496757
2010-07-29,635.0,647.4,635.0,638.9,537639
2010-07-30,637.0,654.8,630.4,641.55,2215043
2010-08-02,642.15,647.25,637.45,643.55,489577
2010-08-03,642.2,658.0,638.75,653.8,1386146
2010-08-04,657.0,660.45,647.2,650.2,709628
2010-08-05,649.0,661.8,642.55,651.15,881597
2010-08-06,651.5,659.8,646.95,650.1,951398
2010-08-09,652.0,656.85,645.0,647.3,707800
2010-08-10,648.0,654.0,643.85,646.85,838270
2010-08-11,649.7,668.5,647.5,660.35,2205705
2010-08-12,659.3,684.0,659.3,674.75,2197949
2010-08-13,677.75,691.8,669.25,670.85,723734
2010-08-16,677.0,680.0,651.85,658.35,545971
2010-08-17,658.7,680.0,658.0,673.2,1215437
2010-08-18,680.85,686.9,672.25,680.25,1165010
2010-08-19,681.0,685.05,672.6,676.55,344439
2010-08-20,687.0,705.7,675.95,698.7,1773712
2010-08-23,702.0,781.5,700.1,776.05,8627551
2010-08-24,780.0,797.85,755.55,760.15,3681037
2010-08-25,760.0,774.95,747.95,751.75,2249517
2010-08-26,754.0,769.0,751.0,763.65,2013021
2010-08-27,761.65,801.75,752.0,776.4,4187939
2010-08-30,792.0,840.0,765.35,770.8,1662614
2010-08-31,769.3,776.8,742.1,761.25,1553925
2010-09-01,767.0,785.9,763.0,778.7,1443312
2010-09-02,782.0,788.9,775.1,779.0,1037689
2010-09-03,781.0,782.95,765.1,766.9,923038
2010-09-06,768.0,772.85,759.55,763.25,1000589
2010-09-07,740.0,773.45,740.0,758.25,749599
2010-09-08,754.4,766.8,746.4,756.95,1548813
2010-09-09,757.0,761.95,748.0,750.8,729142
2010-09-13,752.0,756.75,741.0,752.3,1393948
2010-09-14,753.05,776.7,745.1,770.05,2232987
2010-09-15,768.0,779.5,763.2,767.0,1313605
2010-09-16,769.0,774.7,748.7,755.25,1207770
2010-09-17,761.95,770.5,754.3,765.9,971239
2010-09-20,761.0,808.6,758.9,802.15,2143677
2010-09-21,817.9,818.0,789.2,793.95,1530718
2010-09-22,799.95,806.85,782.9,787.6,886120
2010-09-23,790.0,793.9,772.7,783.0,667070
2010-09-24,789.4,798.45,781.05,789.3,784846
2010-09-27,795.0,801.0,785.1,788.4,939099
2010-09-28,789.95,793.1,773.6,781.75,779034
2010-09-29,782.0,785.5,758.45,765.15,859394
2010-09-30,764.0,769.6,745.0,749.55,1454033
2010-10-01,749.8,762.5,746.05,755.6,751217
2010-10-04,755.5,761.3,742.05,756.75,1175695
2010-10-05,757.0,771.0,752.05,764.9,956162
2010-10-06,768.0,772.8,757.25,759.5,1012525
2010-10-07,760.05,776.2,746.0,752.95,1409500
2010-10-08,758.0,760.0,742.4,747.05,575227
2010-10-11,752.0,753.8,740.0,744.1,701658
2010-10-12,748.9,750.7,741.3,744.15,365233
2010-10-13,740.0,762.7,740.0,760.9,663756
2010-10-14,760.9,764.0,719.0,723.15,2086501
2010-10-15,728.0,728.0,688.65,695.15,2813655
2010-10-18,705.0,709.05,695.25,699.2,1216050
2010-10-19,705.0,717.0,695.05,707.75,1244509
2010-10-20,707.75,724.75,706.65,714.25,1015325
2010-10-21,716.1,725.8,711.0,720.95,915656
2010-10-22,721.15,727.0,716.05,719.5,376460
2010-10-25,720.0,729.05,718.0,723.3,419899
2010-10-26,724.9,725.8,705.0,709.5,462634
2010-10-27,713.5,713.5,700.0,702.1,433106
2010-10-28,702.0,741.6,702.0,720.2,3223768
2010-10-29,719.4,739.0,712.8,730.05,1284619
2010-11-01,739.0,760.0,734.9,754.8,1185699
2010-11-02,756.0,775.0,751.5,772.75,1494814
2010-11-03,777.7,777.7,760.1,765.6,523762
2010-11-04,765.6,767.85,757.05,760.35,263758
2010-11-05,761.0,766.0,757.65,762.45,32374
2010-11-08,763.0,763.0,736.5,741.05,748171
2010-11-09,743.7,751.2,742.0,744.05,372606
2010-11-10,746.8,769.7,738.4,755.75,637830
2010-11-11,775.0,785.0,743.0,747.1,1592840
2010-11-12,745.0,751.0,726.1,730.45,421417
2010-11-15,740.1,742.75,724.05,737.3,538093
2010-11-16,740.0,740.0,707.0,725.45,1032045
2010-11-18,732.0,745.4,712.25,738.95,727348
2010-11-19,740.0,740.0,703.5,712.65,647120
2010-11-22,720.0,722.0,703.9,717.1,377702
2010-11-23,711.3,721.0,695.0,705.4,593659
2010-11-24,705.4,719.6,692.5,700.55,358355
2010-11-25,705.0,706.75,649.15,672.7,1165084
2010-11-26,672.65,684.9,655.65,667.7,525888
2010-11-29,673.0,685.0,664.1,680.3,509679
2010-11-30,682.5,682.7,662.65,675.05,398326
2010-12-01,679.45,712.0,674.1,697.95,857753
2010-12-02,702.1,706.9,682.55,685.8,755578
2010-12-03,689.7,690.95,671.05,673.85,645828
2010-12-06,669.1,694.2,662.2,668.5,1131247
2010-12-07,669.4,674.0,657.15,661.05,519604
2010-12-08,657.0,687.0,656.5,677.7,1225644
2010-12-09,684.9,698.6,650.65,673.3,1209503
2010-12-10,670.0,685.9,668.6,680.7,266975
2010-12-13,685.0,689.6,661.0,678.8,477478
2010-12-14,688.0,694.1,673.15,675.8,480599
2010-12-15,693.0,721.9,692.5,703.35,2382671
2010-12-16,707.0,709.9,686.5,699.5,660482
2010-12-20,699.0,699.6,687.1,691.4,195401
2010-12-21,695.0,695.0,680.15,683.4,280726
2010-12-22,687.0,703.0,676.1,696.0,538655
2010-12-23,701.9,701.9,684.15,688.35,357900
2010-12-24,679.0,685.0,670.0,672.45,448687
2010-12-27,672.5,674.8,662.1,666.4,416687
2010-12-28,663.2,666.55,660.4,664.0,240712
2010-12-29,666.05,673.85,666.05,669.1,364603
2010-12-30,662.05,666.95,653.0,659.2,1021173
2010-12-31,661.0,665.75,654.45,658.4,603713
2011-01-03,662.0,669.9,655.8,659.95,732616
2011-01-04,661.0,664.0,650.05,653.55,679992
2011-01-05,655.0,662.1,631.0,632.55,954860
2011-01-06,636.0,637.0,613.55,618.75,1067995
2011-01-07,619.0,627.5,615.0,616.95,428614
2011-01-10,619.05,621.65,601.05,605.35,449454
2011-01-11,603.5,618.0,593.0,609.8,536574
2011-01-12,608.0,626.0,594.1,618.9,787024
2011-01-13,619.0,619.05,594.6,597.9,798734
2011-01-14,595.0,606.0,588.0,593.85,642072
2011-01-17,613.9,616.6,583.15,585.6,991618
2011-01-18,589.0,594.7,583.3,589.4,210208
2011-01-19,589.4,598.4,581.1,584.3,364664
2011-01-20,582.2,582.2,572.4,575.5,373300
2011-01-21,573.15,593.8,565.15,590.9,661927
2011-01-24,592.35,604.75,590.95,601.2,543812
2011-01-25,605.8,635.7,602.5,630.95,1569587
2011-01-27,633.0,645.0,616.4,636.7,1157797
2011-01-28,639.9,639.9,620.2,632.45,309424
2011-01-31,623.3,627.5,603.0,613.0,636624
2011-02-01,604.85,633.0,576.05,580.5,827100
2011-02-02,584.05,607.0,571.0,593.65,1162223
2011-02-03,589.65,644.4,582.0,595.6,396788
2011-02-04,592.4,607.5,585.1,588.45,334716
2011-02-07,595.15,603.0,585.1,594.9,1066068
2011-02-08,602.0,615.2,595.45,599.4,623000
2011-02-09,599.2,601.8,576.1,584.95,605822
2011-02-10,584.95,592.75,578.05,585.55,356996
2011-02-11,585.0,592.8,547.3,582.95,845347
2011-02-14,580.25,611.0,580.25,603.65,443906
2011-02-15,608.8,621.0,600.0,603.9,745091
2011-02-16,606.0,614.4,600.95,603.5,388939
2011-02-17,605.9,617.8,592.0,615.4,745612
2011-02-18,615.0,616.0,590.1,591.75,406274
2011-02-21,590.0,592.0,576.75,589.5,336039
2011-02-22,577.0,577.0,560.25,570.25,574498
2011-02-23,561.0,568.3,557.15,562.75,525849
2011-02-24,555.1,557.85,529.35,539.65,1272086
2011-02-25,546.8,554.0,530.4,539.1,869894
2011-03-01,558.0,586.95,558.0,584.35,712513
2011-03-03,569.0,592.5,561.25,570.8,770372
2011-03-04,583.3,589.25,567.2,580.0,705367
2011-03-07,560.0,570.0,553.0,556.6,395314
2011-03-08,560.0,565.7,555.3,561.8,519044
2011-03-09,569.8,572.45,543.0,551.5,1121181
2011-03-10,545.0,547.85,538.1,543.35,742429
2011-03-11,548.4,554.75,538.25,545.85,914661
2011-03-14,551.5,572.9,551.2,570.45,795184
2011-03-15,567.0,578.15,557.6,570.7,856206
2011-03-16,580.0,590.0,573.3,576.55,732720
2011-03-17,566.5,579.3,566.5,573.95,186294
2011-03-18,562.5,567.9,555.0,558.85,364560
2011-03-21,558.85,571.0,553.1,563.85,433870
2011-03-22,563.5,568.0,557.9,565.7,234444
2011-03-23,563.4,574.0,557.2,572.3,356756
2011-03-24,572.3,581.5,567.2,577.25,254947
2011-03-25,577.0,597.4,571.25,592.4,385369
2011-03-28,594.0,599.5,583.0,588.6,345110
2011-03-29,591.9,618.0,590.2,612.45,643376
2011-03-30,614.9,619.7,605.75,613.55,578980
2011-03-31,611.0,623.7,603.05,611.85,656036
2011-04-01,601.5,608.95,597.25,605.9,275623
2011-04-04,598.1,605.4,595.1,598.2,383212
2011-04-05,595.4,602.0,592.7,595.3,339109
2011-04-06,598.1,613.0,596.8,603.0,831521
2011-04-07,605.0,616.8,603.05,613.8,554065
2011-04-08,608.5,609.85,596.1,602.1,477825
2011-04-11,589.5,592.7,586.15,587.5,319815
2011-04-13,591.3,605.8,591.3,601.2,751188
2011-04-15,595.6,603.5,590.5,599.4,340300
2011-04-18,598.3,603.0,585.0,589.15,343149
2011-04-19,592.0,607.9,585.5,605.1,650847
2011-04-20,606.0,619.9,599.25,617.65,634561
2011-04-21,610.05,621.8,608.8,619.75,270310
2011-04-25,612.1,622.7,612.1,618.45,172758
2011-04-26,627.0,633.7,622.0,630.0,505823
2011-04-27,629.0,637.0,627.1,631.45,489575
2011-04-28,635.0,637.0,627.0,634.65,276310
2011-04-29,637.0,637.9,625.4,629.55,212050
2011-05-02,630.0,644.4,626.2,633.4,565236
2011-05-03,636.0,640.85,625.2,629.35,577027
2011-05-04,634.7,664.0,631.25,654.5,1712087
2011-05-05,660.0,665.0,641.05,643.35,657993
2011-05-06,658.2,674.5,655.2,666.05,1611908
2011-05-09,669.0,669.9,650.1,655.0,596715
2011-05-10,660.65,664.85,637.35,651.55,1021703
2011-05-11,649.0,662.0,640.0,658.9,935643
2011-05-12,658.0,666.9,657.15,660.6,547274
2011-05-13,667.0,667.0,649.35,660.4,1034859
2011-05-16,675.0,680.6,644.95,652.35,1388353
2011-05-17,658.9,661.2,642.35,645.2,527827
2011-05-18,647.5,647.5,610.5,618.45,608070
2011-05-19,625.0,627.0,615.0,617.75,317063
2011-05-20,620.5,631.0,617.05,625.7,391269
2011-05-23,626.1,632.45,612.0,629.3,573975
2011-05-24,628.0,630.0,618.2,619.9,218591
2011-05-25,619.9,620.0,600.1,603.75,223577
2011-05-26,605.0,623.5,595.0,616.2,650772
2011-05-27,618.05,632.8,617.25,628.15,970097
2011-05-30,634.6,636.15,624.0,627.25,932927
2011-05-31,632.7,635.0,627.7,633.0,470813
2011-06-01,628.1,638.0,626.05,632.55,671985
2011-06-02,629.75,638.55,625.7,628.65,549358
2011-06-03,630.1,632.2,617.3,621.2,305897
2011-06-06,621.7,621.7,610.0,612.05,306468
2011-06-07,613.0,617.0,608.2,614.0,498878
2011-06-08,612.1,625.3,610.05,624.75,552997
2011-06-09,620.0,620.0,611.1,612.95,184478
2011-06-10,609.85,611.8,603.7,605.9,207502
2011-06-13,611.0,617.9,607.15,615.0,268107
2011-06-14,620.0,622.95,616.0,617.15,219514
2011-06-15,619.85,623.8,613.0,619.05,213969
2011-06-16,622.0,632.85,621.1,629.7,564509
2011-06-17,630.0,638.1,620.2,630.9,816304
2011-06-20,635.0,636.4,598.2,627.65,608183
2011-06-21,622.75,629.9,615.5,618.25,287709
2011-06-22,620.0,625.05,611.15,615.7,158754
2011-06-23,616.55,634.25,606.75,617.2,832161
2011-06-24,630.0,641.35,625.85,634.7,1685449
2011-06-27,656.9,686.7,655.1,663.95,3228989
2011-06-28,666.9,669.65,649.0,651.75,511812
2011-06-29,651.05,653.3,637.2,643.9,505289
2011-06-30,640.0,657.05,630.55,650.25,1067250
2011-07-01,650.95,651.0,641.05,645.15,253109
2011-07-04,647.85,651.2,637.0,646.95,292775
2011-07-05,641.0,662.5,641.0,659.0,771432
2011-07-06,653.4,654.0,642.0,651.05,331348
2011-07-07,648.1,665.4,648.1,664.05,379390
2011-07-08,658.65,796.9,648.15,669.25,1270739
2011-07-11,665.0,674.95,661.35,667.1,275578
2011-07-12,668.45,677.95,662.95,668.15,420832
2011-07-13,669.85,673.9,665.05,668.75,617526
2011-07-14,661.0,673.9,661.0,666.9,288345
2011-07-15,673.95,676.9,668.0,672.05,440178
2011-07-18,666.15,674.9,666.15,672.8,317917
2011-07-19,674.5,676.7,668.55,672.05,323843
2011-07-20,670.05,672.0,663.6,667.5,249856
2011-07-21,660.0,666.65,658.1,660.7,191416
2011-07-22,661.0,671.35,654.3,668.95,388649
2011-07-25,666.0,676.0,666.0,671.3,205561
2011-07-26,669.0,674.8,658.0,662.35,390734
2011-07-27,666.0,666.0,655.3,658.7,132488
2011-07-28,659.35,663.9,652.0,654.4,260171
2011-07-29,659.9,661.4,651.0,657.85,201224
2011-08-01,661.1,665.3,652.0,655.3,157105
2011-08-02,651.45,662.0,651.45,657.95,338937
2011-08-03,657.8,670.0,657.0,665.75,366860
2011-08-04,671.5,694.5,670.55,688.6,819353
2011-08-05,688.0,709.0,686.0,702.3,1493199
2011-08-08,705.0,714.45,698.0,702.95,704568
2011-08-09,703.9,712.85,686.6,692.1,995005
2011-08-10,694.0,699.0,679.95,693.7,546719
2011-08-11,690.0,696.4,686.6,689.9,451538
2011-08-12,689.9,694.9,682.1,690.85,965680
2011-08-16,683.15,693.35,681.6,687.85,328703
2011-08-17,687.75,699.0,681.75,685.5,513874
2011-08-18,684.2,687.8,674.0,679.3,118124
2011-08-19,684.95,694.0,679.1,681.75,606781
2011-08-22,683.55,694.25,683.2,691.0,419608
2011-08-23,696.0,697.5,684.0,688.15,302888
2011-08-24,681.1,693.8,681.1,685.7,236937
2011-08-25,687.9,693.4,681.05,688.9,528666
2011-08-26,686.15,692.8,658.3,670.85,276730
2011-08-29,679.0,687.4,673.55,678.65,182050
2011-08-30,685.0,685.05,668.15,674.6,474925
2011-09-02,676.0,687.4,666.0,682.55,515884
2011-09-05,677.0,680.9,663.05,664.9,261963
2011-09-06,674.9,677.6,667.2,671.05,337219
2011-09-07,671.5,677.25,665.0,672.2,251107
2011-09-08,667.65,677.8,665.15,673.95,322074
2011-09-09,668.2,672.85,654.5,662.6,488149
2011-09-12,665.0,671.5,649.4,659.55,326929
2011-09-13,661.5,662.85,652.65,656.7,144333
2011-09-14,660.0,668.65,651.6,660.4,359702
2011-09-15,670.0,675.9,665.1,673.4,270178
2011-09-16,686.0,689.45,656.4,659.6,756218
2011-09-19,664.7,666.0,650.75,663.65,271433
2011-09-20,665.0,669.0,657.55,665.0,173147
2011-09-21,668.0,668.0,658.8,663.35,204447
2011-09-22,663.75,673.8,656.0,659.35,377620
2011-09-23,667.0,668.65,654.15,657.35,421504
2011-09-26,660.0,661.55,647.6,658.7,565130
2011-09-27,660.05,662.0,654.0,657.95,285292
2011-09-28,658.6,658.6,637.55,639.85,257313
2011-09-29,645.0,666.9,632.1,656.6,467432
2011-09-30,648.6,660.95,640.0,647.8,244055
2011-10-03,647.95,694.0,641.15,679.55,531711
2011-10-04,679.25,684.9,663.8,674.0,466538
2011-10-05,672.0,677.7,662.45,669.7,330475
2011-10-07,669.85,674.2,665.25,669.25,193909
2011-10-10,656.6,677.0,656.6,672.35,188657
2011-10-11,667.05,678.9,667.05,675.2,270462
2011-10-12,669.85,679.6,667.0,671.9,245882
2011-10-13,670.0,673.55,653.25,654.5,228877
2011-10-14,655.5,661.95,649.0,655.45,395888
2011-10-17,654.45,657.9,629.45,632.45,394176
2011-10-18,632.0,646.25,630.65,641.95,146986
2011-10-19,642.3,650.8,637.55,648.15,126855
2011-10-20,647.15,649.0,631.0,642.35,151281
2011-10-21,640.1,651.2,635.5,644.45,146090
2011-10-24,640.5,648.0,640.5,644.1,86773
2011-10-25,640.1,664.85,635.3,657.4,505467
2011-10-26,657.0,663.0,652.05,657.15,28297
2011-10-28,661.45,669.1,635.1,637.1,889861
2011-10-31,644.4,644.4,616.15,622.6,845355
2011-11-01,620.0,631.5,614.8,629.0,445130
2011-11-02,633.95,638.25,626.25,628.85,296837
2011-11-03,636.4,636.4,625.0,630.5,236305
2011-11-04,641.0,642.0,621.0,624.35,366917
2011-11-08,626.0,626.0,601.1,603.45,492217
2011-11-09,606.9,606.9,567.0,569.65,982935
2011-11-11,563.0,565.0,545.0,558.75,982794
2011-11-14,562.4,562.4,547.7,550.0,320867
2011-11-15,546.0,547.0,530.0,538.45,498461
2011-11-16,526.45,529.5,505.0,515.95,683366
2011-11-17,515.95,517.8,501.15,508.5,458093
2011-11-18,510.0,529.9,507.6,520.95,930494
2011-11-21,522.0,527.35,496.5,505.15,501589
2011-11-22,502.45,526.7,492.6,521.9,659132
2011-11-23,516.2,516.2,493.55,500.45,632764
2011-11-24,502.5,509.95,486.6,502.95,896114
2011-11-25,500.0,522.0,491.0,518.65,511428
2011-11-28,517.9,541.8,511.05,535.5,632683
2011-11-29,529.8,539.75,525.0,528.0,378661
2011-11-30,519.0,542.6,517.0,537.95,578432
2011-12-01,542.9,549.4,523.0,526.15,503134
2011-12-02,525.7,566.4,519.2,557.5,1109670
2011-12-05,554.5,562.15,546.1,555.6,400801
2011-12-07,553.5,559.75,541.35,549.5,744007
2011-12-08,543.3,557.85,539.85,550.25,478129
2011-12-09,545.05,558.9,545.0,554.5,559871
2011-12-12,554.1,555.75,540.8,543.6,224222
2011-12-13,536.0,547.8,533.0,541.0,375457
2011-12-14,540.0,546.6,506.1,514.65,847585
2011-12-15,519.75,535.0,518.5,529.65,761686
2011-12-16,534.75,542.5,520.3,527.8,758622
2011-12-19,525.0,536.5,520.0,524.8,319110
2011-12-20,525.15,541.0,496.4,500.6,776792
2011-12-21,505.35,525.0,499.0,515.0,459854
2011-12-22,510.15,526.75,509.5,521.4,411862
2011-12-23,519.05,527.85,501.25,506.5,649455
2011-12-26,512.9,514.5,498.7,500.9,622155
2011-12-27,503.0,510.3,498.7,503.7,305460
2011-12-28,504.0,504.0,491.7,495.0,392041
2011-12-29,495.15,500.95,475.1,478.65,847541
2011-12-30,481.0,484.65,468.75,477.8,662093
2012-01-02,484.9,487.0,476.3,480.5,558256
2012-01-03,476.5,476.5,465.25,472.75,848920
2012-01-04,469.0,474.55,461.0,470.7,1114896
2012-01-05,471.9,474.0,458.05,459.9,601395
2012-01-06,461.75,479.5,461.0,476.5,1059630
2012-01-09,470.25,476.0,465.0,469.05,368780
2012-01-10,472.0,486.6,470.55,482.7,354887
2012-01-11,486.95,509.85,485.15,507.5,770161
2012-01-12,509.4,516.0,500.1,512.45,774656
2012-01-13,517.4,519.0,506.1,508.65,252079
2012-01-16,507.6,511.0,498.25,505.3,174582
2012-01-17,505.3,529.0,505.3,525.35,354746
2012-01-18,521.15,551.7,521.15,535.8,648533
2012-01-19,538.3,548.4,531.7,542.2,458400
2012-01-20,538.1,565.3,538.1,559.9,472504
2012-01-23,556.0,561.5,541.5,545.45,323706
2012-01-24,544.8,563.8,541.3,556.35,560140
2012-01-25,560.0,589.85,557.9,579.6,1432966
2012-01-27,587.3,587.3,571.35,577.3,420998
2012-01-30,574.0,579.5,552.4,564.4,473391
2012-01-31,573.5,581.9,561.2,572.15,573132
2012-02-01,570.0,576.0,556.75,560.0,541336
2012-02-02,568.0,579.0,564.65,575.7,560970
2012-02-03,580.0,588.2,572.45,575.85,424991
2012-02-06,579.6,579.9,571.05,573.7,474463
2012-02-07,570.0,586.0,565.5,567.75,520247
2012-02-08,569.85,579.7,564.75,578.1,380703
2012-02-09,577.6,604.95,574.05,598.75,510885
2012-02-10,610.9,627.9,590.6,598.2,1549951
2012-02-13,598.25,601.8,586.0,589.7,213767
2012-02-14,594.1,604.0,590.0,598.3,326161
2012-02-15,599.9,607.0,593.3,604.0,274021
2012-02-16,597.0,625.0,592.1,622.85,570977
2012-02-17,622.85,623.0,605.35,619.2,638988
2012-02-21,612.6,624.0,604.25,614.0,595962
2012-02-22,614.6,639.0,610.3,623.65,1533946
2012-02-23,621.0,664.5,620.1,656.35,2483269
2012-02-24,665.0,668.8,646.25,656.35,1098622
2012-02-27,665.0,685.05,651.3,659.65,1248827
2012-02-28,663.25,670.0,648.0,652.7,660014
2012-02-29,657.8,669.8,655.2,662.25,1084298
2012-03-01,663.0,668.85,622.5,658.85,283512
2012-03-02,664.8,668.7,658.15,663.75,274950
2012-03-05,681.0,682.0,663.1,666.1,619194
2012-03-06,665.0,680.0,661.0,668.75,553613
2012-03-07,662.4,666.0,649.15,659.35,623109
2012-03-09,653.0,666.1,648.8,664.3,722547
2012-03-12,671.0,671.0,656.7,663.0,302716
2012-03-13,663.3,675.8,663.0,667.25,301691
2012-03-14,668.0,689.0,668.0,681.65,541175
2012-03-15,680.2,683.45,662.55,667.4,311572
2012-03-16,668.0,682.0,660.75,664.25,615386
2012-03-19,665.0,669.7,655.0,665.55,295016
2012-03-20,671.05,692.5,666.2,685.3,627873
2012-03-21,684.1,702.7,676.1,695.4,796503
2012-03-22,700.0,700.0,672.6,679.75,406441
2012-03-23,678.0,687.95,666.2,680.85,338642
2012-03-26,682.0,686.05,661.8,665.4,222167
2012-03-27,680.0,680.0,661.25,667.35,242875
2012-03-28,667.0,670.4,663.55,667.15,274276
2012-03-29,666.0,694.7,661.3,687.85,600083
2012-03-30,690.9,703.9,685.15,700.25,722891
2012-04-02,694.0,698.75,681.0,687.35,348653
2012-04-03,690.75,708.7,682.7,705.85,484500
2012-04-04,698.3,703.9,693.6,699.15,143066
2012-04-09,693.8,693.8,675.75,680.5,225451
2012-04-10,683.0,683.0,645.25,667.5,176554
2012-04-11,660.8,686.25,659.95,670.5,197777
2012-04-12,675.95,681.9,669.45,679.9,197700
2012-04-13,675.0,692.5,672.95,677.85,337418
2012-04-16,681.3,684.0,671.9,678.45,132861
2012-04-17,678.0,689.25,674.1,686.85,328622
2012-04-18,690.1,701.0,690.1,698.45,276611
2012-04-19,699.55,701.85,692.15,694.8,180358
2012-04-20,691.6,708.8,686.4,696.25,530593
2012-04-23,696.0,698.95,672.25,674.65,165117
2012-04-24,675.0,700.75,671.8,687.6,575455
2012-04-25,693.25,697.85,683.0,686.25,428789
2012-04-26,682.75,688.6,657.0,661.0,699307
2012-04-27,661.0,671.75,660.05,662.8,275976
2012-04-30,672.0,679.0,667.2,670.65,267801
2012-05-02,669.1,674.55,655.2,657.55,433403
2012-05-03,658.0,664.15,646.1,661.65,208143
2012-05-04,657.5,668.85,647.25,652.4,420391
2012-05-07,655.5,699.0,655.5,686.15,1041753
2012-05-08,689.9,695.8,674.0,680.35,672911
2012-05-09,679.0,695.95,670.2,688.9,559932
2012-05-10,686.5,707.45,686.0,704.25,663060
2012-05-11,709.25,713.8,691.15,700.3,630099
2012-05-14,705.0,715.85,703.2,713.85,864036
2012-05-15,714.75,739.5,714.05,728.75,1370676
2012-05-16,730.0,770.0,728.95,752.1,1702511
2012-05-17,757.7,759.0,733.0,735.85,654231
2012-05-18,725.0,742.4,721.55,724.9,490942
2012-05-21,733.0,738.0,721.45,725.8,404083
2012-05-22,736.95,742.0,724.1,728.1,550208
2012-05-23,734.9,735.8,717.9,722.2,494518
2012-05-24,755.0,759.6,721.25,726.3,1808226
2012-05-25,721.3,741.7,715.45,730.95,2188382
2012-05-28,736.9,736.9,712.1,716.15,618537
2012-05-29,717.0,718.0,695.05,701.1,825257
2012-05-30,694.0,694.85,680.0,690.9,535790
2012-05-31,691.0,704.55,682.25,697.65,865339
2012-06-01,697.0,700.95,684.55,694.5,312487
2012-06-04,688.0,720.15,684.3,716.5,652960
2012-06-05,718.0,721.2,700.4,704.3,308670
2012-06-06,698.0,710.9,696.2,705.5,436550
2012-06-07,705.6,707.0,697.4,700.0,196221
2012-06-08,696.1,708.0,692.0,702.3,353824
2012-06-11,713.0,727.4,707.1,711.25,770435
2012-06-12,714.9,735.8,713.35,732.1,606954
2012-06-13,734.9,738.0,727.95,732.4,358775
2012-06-14,730.5,742.7,724.1,739.35,531398
2012-06-15,733.25,751.0,733.0,742.55,603398
2012-06-18,749.75,749.75,733.1,738.5,284468
2012-06-19,739.3,757.8,735.2,751.2,604662
2012-06-20,756.1,763.0,754.05,759.4,428575
2012-06-21,763.0,775.0,760.5,763.55,883677
2012-06-22,765.0,771.85,758.0,763.15,303846
2012-06-25,760.0,768.5,743.6,748.4,431491
2012-06-26,746.0,754.65,739.0,749.45,547397
2012-06-27,751.25,753.65,743.95,749.8,245848
2012-06-28,750.0,757.6,741.55,751.15,572584
2012-06-29,753.05,754.0,741.1,743.95,649301
2012-07-02,741.35,750.0,732.55,747.15,285742
2012-07-03,747.0,762.5,743.7,759.95,538928
2012-07-04,756.0,759.0,748.0,753.7,229567
2012-07-05,753.0,765.0,751.3,758.3,259750
2012-07-06,762.5,774.3,757.5,763.7,708685
2012-07-09,767.0,769.3,759.25,762.9,418388
2012-07-10,763.05,774.6,763.05,768.9,537017
2012-07-11,768.9,787.7,763.45,776.8,779599
2012-07-12,775.2,789.35,774.8,785.45,886973
2012-07-13,389.9,393.45,385.0,386.55,669903
2012-07-16,392.0,393.2,382.15,388.6,892564
2012-07-17,385.1,385.9,375.3,376.7,1560305
2012-07-18,377.6,381.9,375.0,376.75,690940
2012-07-19,379.9,391.7,379.1,388.3,1216619
2012-07-20,385.2,388.0,381.1,383.1,282264
2012-07-23,380.5,381.3,371.7,373.85,536731
2012-07-24,375.0,379.0,369.95,372.1,845447
2012-07-25,370.0,372.9,363.1,366.25,526686
2012-07-26,366.0,367.5,357.4,360.25,626209
2012-07-27,363.25,370.4,352.25,355.5,324369
2012-07-30,356.55,369.9,351.55,366.6,483389
2012-07-31,367.0,367.0,354.25,363.3,1501135
2012-08-01,361.5,362.0,355.5,360.15,1081257
2012-08-02,357.0,361.3,352.8,354.55,640755
2012-08-03,351.6,357.35,345.3,353.0,935532
2012-08-06,351.25,352.8,342.1,344.4,1005568
2012-08-07,346.0,346.05,337.3,341.35,913764
2012-08-08,340.0,352.6,339.6,351.65,954575
2012-08-09,353.6,354.65,339.0,340.3,534203
2012-08-10,340.0,355.0,333.2,352.55,2007708
2012-08-13,348.3,358.4,335.6,350.65,970755
2012-08-14,353.2,353.75,345.1,346.45,402269
2012-08-16,343.35,347.35,342.7,343.85,523532
2012-08-17,344.0,347.0,338.25,340.6,964747
2012-08-21,344.2,344.5,335.9,338.75,825729
2012-08-22,338.0,351.0,334.55,348.9,1628925
2012-08-23,351.3,352.35,345.0,351.15,863445
2012-08-24,352.1,358.0,348.0,354.55,835158
2012-08-27,354.85,357.5,350.0,354.0,677353
2012-08-28,352.1,357.75,351.9,354.25,349378
2012-08-29,358.0,358.0,348.15,352.15,459922
2012-08-30,353.0,356.75,345.25,348.0,1163418
2012-08-31,349.0,349.0,332.15,334.85,734141
2012-09-03,335.1,342.3,329.2,340.9,612462
2012-09-04,342.9,349.5,339.4,346.95,701360
2012-09-05,351.0,353.6,342.4,345.45,1073149
2012-09-06,349.4,349.9,343.0,347.3,631978
2012-09-07,355.4,355.4,335.6,345.1,2757515
2012-09-10,344.9,345.0,340.15,342.5,760151
2012-09-11,343.0,353.2,343.0,349.2,1697272
2012-09-12,347.0,350.0,344.3,347.55,539314
2012-09-13,350.0,356.45,350.0,354.7,1117425
2012-09-14,375.2,376.9,346.4,350.2,4282178
2012-09-17,355.1,357.3,338.0,338.75,2333295
2012-09-18,340.0,343.8,335.1,337.45,1230426
2012-09-20,334.0,348.1,333.5,345.3,1821868
2012-09-21,343.2,351.2,340.9,347.3,2557213
2012-09-24,350.0,352.8,342.75,344.85,1243458
2012-09-25,346.5,350.85,343.55,349.35,1126337
2012-09-26,349.8,353.5,347.4,351.85,963594
2012-09-27,353.5,354.0,345.1,346.85,1311163
2012-09-28,347.85,358.5,345.0,348.7,659991
2012-10-01,354.5,354.5,350.2,351.5,767296
2012-10-03,351.1,355.5,347.25,348.05,658781
2012-10-04,354.4,368.8,352.55,359.85,2313149
2012-10-05,361.0,362.85,336.8,356.5,1009244
2012-10-08,358.9,362.5,354.1,355.35,577697
2012-10-09,356.25,360.55,351.6,357.4,1459672
2012-10-10,357.4,357.4,350.1,351.7,987972
2012-10-11,351.0,356.8,351.0,352.8,858643
2012-10-12,354.95,358.45,350.45,351.15,571254
2012-10-15,348.2,353.1,348.2,349.85,542795
2012-10-16,350.0,351.5,343.55,345.5,1009906
2012-10-17,347.4,347.4,342.25,344.45,438096
2012-10-18,346.0,348.1,342.45,347.05,757796
2012-10-19,347.0,347.65,337.05,339.65,716275
2012-10-22,337.2,343.0,335.65,342.4,753408
2012-10-23,346.05,350.2,343.0,348.55,792796
2012-10-25,351.8,352.0,346.6,350.5,779002
2012-10-26,349.8,351.65,347.0,348.0,222181
2012-10-29,345.2,348.9,342.0,342.6,169861
2012-10-30,342.6,343.0,337.0,338.1,463055
2012-10-31,335.4,340.55,335.4,337.55,418273
2012-11-01,338.0,340.25,336.15,337.9,879168
2012-11-02,339.0,342.05,335.2,336.05,909707
2012-11-05,339.5,340.95,337.2,339.8,463093
2012-11-06,339.95,342.4,338.1,341.45,599435
2012-11-07,339.85,341.8,339.2,339.85,675042
2012-11-08,340.8,343.9,338.45,339.15,993143
2012-11-09,342.5,342.5,335.4,338.4,918815
2012-11-12,339.0,341.0,331.55,333.3,422777
2012-11-13,335.1,335.1,330.55,333.3,69564
2012-11-15,334.0,334.9,328.45,330.7,854168
2012-11-16,332.4,332.7,326.9,329.05,475981
2012-11-19,327.2,332.25,323.5,328.05,623388
2012-11-20,328.0,331.0,324.05,326.4,339344
2012-11-21,327.05,329.3,324.1,328.65,572942
2012-11-22,327.2,328.7,324.55,325.95,573513
2012-11-23,326.0,327.6,319.35,321.45,781239
2012-11-26,320.15,322.7,315.0,315.45,956935
2012-11-27,316.2,330.9,316.2,328.35,1563281
2012-11-29,329.35,339.25,326.95,336.6,855115
2012-11-30,340.0,349.5,336.8,347.5,909603
2012-12-03,345.0,347.0,341.3,343.9,826863
2012-12-04,344.9,352.55,344.0,349.7,795474
2012-12-05,349.7,360.75,348.95,358.7,664044
2012-12-06,356.5,362.65,353.9,360.6,1403735
2012-12-07,362.0,365.9,357.95,358.2,908272
2012-12-10,358.9,360.75,350.9,356.7,400979
2012-12-11,357.7,363.0,354.8,359.65,480248
2012-12-12,362.0,362.4,353.0,353.85,322664
2012-12-13,354.5,358.15,350.6,351.45,219569
2012-12-14,351.45,356.7,348.5,350.95,769168
2012-12-17,352.0,355.0,343.35,344.9,748468
2012-12-18,345.3,351.4,342.05,350.25,548368
2012-12-19,349.5,359.85,347.6,357.65,1119033
2012-12-20,356.95,359.0,347.0,349.9,750886
2012-12-21,349.5,349.5,342.05,343.8,571741
2012-12-24,345.5,351.9,340.55,346.95,587881
2012-12-26,347.0,350.0,345.0,348.75,507539
2012-12-27,349.8,350.5,342.65,344.05,1304867
2012-12-28,347.3,362.0,345.2,352.3,1967412
2012-12-31,353.55,357.3,349.1,356.35,931535
2013-01-01,357.5,358.45,353.3,356.3,522349
2013-01-02,359.3,368.65,356.6,366.45,987401
2013-01-03,367.55,371.0,363.2,366.25,598759
2013-01-04,365.2,379.7,365.2,374.0,1782494
2013-01-07,377.0,393.3,376.0,385.5,2138906
2013-01-08,387.9,389.8,377.3,380.75,1402781
2013-01-09,382.1,392.9,374.6,385.7,1711356
2013-01-10,390.0,395.85,379.1,380.85,3210308
2013-01-11,382.0,382.75,368.8,370.75,1230950
2013-01-14,373.0,376.4,367.8,373.15,1116428
2013-01-15,374.0,386.55,371.15,385.2,1439667
2013-01-16,388.4,388.75,378.0,382.2,1105255
2013-01-17,384.5,407.9,381.5,396.15,6622560
2013-01-18,406.0,438.0,405.3,434.95,9101910
2013-01-21,439.9,449.0,430.0,440.9,3298933
2013-01-22,440.0,443.8,430.5,433.8,1800474
2013-01-23,434.0,435.35,411.3,424.55,2113943
2013-01-24,425.2,428.0,412.7,415.9,821913
2013-01-25,414.2,426.8,411.95,419.95,1129772
2013-01-28,420.25,423.15,412.0,415.75,900580
2013-01-29,413.25,418.1,406.05,409.5,868955
2013-01-30,410.8,419.5,405.0,409.35,1294411
2013-01-31,409.35,421.55,407.6,410.45,1650842
2013-02-01,412.0,425.8,410.65,422.65,1087280
2013-02-04,426.9,429.15,416.3,418.8,1003004
2013-02-05,420.0,420.0,407.0,411.75,968268
2013-02-06,415.0,422.55,410.0,418.35,1077170
2013-02-07,414.65,420.5,408.1,410.85,704257
2013-02-08,411.5,411.85,400.1,401.4,739016
2013-02-11,401.8,404.4,394.05,402.55,930300
2013-02-12,402.0,412.45,399.7,410.3,715227
2013-02-13,411.9,412.9,398.8,401.45,879971
2013-02-14,405.0,408.7,384.25,387.35,1790704
2013-02-15,388.0,394.35,372.0,379.5,2094206
2013-02-18,389.35,391.15,377.0,379.3,1632914
2013-02-19,380.0,383.2,373.85,381.75,671161
2013-02-20,381.5,394.25,381.0,392.9,1525020
2013-02-21,393.0,398.8,387.3,390.25,1741170
2013-02-22,391.0,393.45,385.45,389.25,1063055
2013-02-25,390.1,390.75,375.55,382.85,910877
2013-02-26,381.7,385.7,371.05,376.05,1390287
2013-02-27,377.5,384.45,372.25,380.05,1468263
2013-02-28,383.8,384.8,368.5,371.95,2785094
2013-03-01,373.0,388.85,373.0,385.5,1497707
2013-03-04,387.95,394.9,385.05,387.25,1537564
2013-03-05,387.65,391.45,382.25,388.4,965077
2013-03-06,393.7,393.7,383.3,384.25,1008784
2013-03-07,386.8,392.9,382.8,390.65,972164
2013-03-08,392.25,408.5,391.05,405.4,1648552
2013-03-11,407.35,410.45,398.55,399.85,903666
2013-03-12,400.1,404.8,394.4,396.75,630714
2013-03-13,397.0,399.0,389.3,390.55,516681
2013-03-14,390.7,401.0,388.55,397.25,647105
2013-03-15,400.2,407.7,397.7,400.05,1243178
2013-03-18,394.25,395.7,388.65,392.1,729892
2013-03-19,393.85,397.0,372.25,382.25,1334165
2013-03-20,378.2,383.25,376.0,380.3,708964
2013-03-21,378.1,383.75,366.8,368.85,801744
2013-03-22,369.0,372.2,361.4,366.05,1113571
2013-03-25,377.0,379.35,368.9,372.15,1271565
2013-03-26,371.25,375.85,368.15,374.7,830278
2013-03-28,373.9,383.8,372.05,377.7,1475073
2013-04-01,377.0,379.6,373.45,377.0,283316
2013-04-02,374.0,382.5,372.1,377.7,699234
2013-04-03,374.0,379.4,373.0,375.0,666974
2013-04-04,375.5,377.6,367.55,369.55,550348
2013-04-05,369.55,380.8,369.55,376.5,724518
2013-04-08,376.05,382.0,374.25,380.45,315899
2013-04-09,382.5,385.35,371.25,372.45,813384
2013-04-10,376.65,376.7,366.05,369.5,734106
2013-04-11,373.8,373.8,365.0,366.3,779989
2013-04-12,367.1,375.8,367.0,374.35,565166
2013-04-15,377.95,405.95,377.95,394.8,2636286
2013-04-16,396.05,408.9,396.05,406.55,1811385
2013-04-17,408.7,408.7,397.05,401.35,807757
2013-04-18,402.35,411.4,402.35,405.35,987098
2013-04-22,407.25,422.3,406.2,414.7,1233333
2013-04-23,412.2,415.0,405.3,413.25,533755
2013-04-25,411.2,420.0,409.8,416.75,906670
2013-04-26,412.0,419.3,410.15,413.05,377111
2013-04-29,411.3,416.8,411.3,414.3,568218
2013-04-30,414.5,417.85,398.1,414.25,910190
2013-05-02,416.25,422.0,415.0,416.85,644733
2013-05-03,412.9,414.95,401.35,403.3,606874
2013-05-06,404.8,409.55,398.65,408.45,524736
2013-05-07,409.1,411.25,403.6,406.7,560409
2013-05-08,408.0,412.9,406.75,409.35,499560
2013-05-09,412.95,412.95,406.4,409.8,676034
2013-05-10,410.7,417.0,410.7,415.05,1707900
2013-05-13,418.95,421.0,406.5,409.6,655206
2013-05-14,411.5,415.0,408.05,409.75,780177
2013-05-15,410.9,419.2,410.3,415.9,992932
2013-05-16,416.5,428.3,412.65,421.9,1012496
2013-05-17,421.9,425.9,415.0,418.25,650116
2013-05-20,419.25,419.85,407.1,409.75,727602
2013-05-21,410.9,412.45,400.8,402.35,728243
2013-05-22,403.75,404.85,378.4,389.65,2905467
2013-05-23,390.65,390.8,373.4,379.9,3036518
2013-05-24,382.5,390.8,381.2,382.45,1146415
2013-05-27,387.3,388.45,376.05,377.45,1411886
2013-05-28,379.8,384.0,378.0,380.6,919975
2013-05-29,383.0,386.8,377.6,378.75,760268
2013-05-30,384.9,384.9,373.2,383.7,1264687
2013-05-31,385.25,386.95,375.0,376.85,824044
2013-06-03,380.0,381.3,365.5,367.85,1530704
2013-06-04,369.5,374.65,366.85,371.35,965601
2013-06-05,370.75,375.5,370.2,373.65,716713
2013-06-06,374.2,374.5,368.9,373.0,467202
2013-06-07,372.0,380.5,372.0,376.2,769644
2013-06-10,379.8,379.8,364.05,366.3,782209
2013-06-11,366.0,369.65,352.5,359.05,1993965
2013-06-12,359.95,367.4,355.7,362.7,556819
2013-06-13,360.1,362.15,353.8,357.3,846847
2013-06-14,361.25,371.8,360.15,368.9,910685
2013-06-17,372.65,372.7,361.7,366.9,936681
2013-06-18,365.05,366.0,362.0,364.85,771346
2013-06-19,362.15,367.0,358.55,364.75,743073
2013-06-20,359.1,359.85,350.55,351.35,888507
2013-06-21,350.1,355.75,344.45,348.35,548579
2013-06-24,350.0,351.7,334.8,338.95,964270
2013-06-25,338.05,353.0,338.05,344.95,1094341
2013-06-26,347.6,353.1,346.3,348.55,839495
2013-06-27,354.85,354.85,342.7,345.65,1285515
2013-06-28,352.0,369.25,350.25,366.95,1610804
2013-07-01,370.0,375.6,360.7,374.35,1155869
2013-07-02,376.15,378.65,370.1,371.55,878766
2013-07-03,367.0,368.0,353.25,357.4,786611
2013-07-04,360.0,380.05,356.6,366.6,643101
2013-07-05,371.0,371.9,360.7,365.4,516769
2013-07-08,362.1,362.1,344.5,345.7,1347020
2013-07-09,350.0,353.85,344.55,345.6,674319
2013-07-10,346.0,346.05,334.0,335.05,736680
2013-07-11,341.8,344.65,338.1,339.35,861086
2013-07-12,341.1,344.9,335.9,343.95,495199
2013-07-15,347.0,347.3,338.9,340.5,746001
2013-07-16,336.0,350.3,336.0,347.0,997148
2013-07-17,345.0,348.45,335.0,342.2,1175260
2013-07-18,343.0,346.95,340.1,343.55,667401
2013-07-19,342.05,349.5,341.1,346.65,629662
2013-07-22,345.05,353.0,340.8,346.25,1069662
2013-07-23,347.55,357.5,347.45,352.75,1429612
2013-07-24,351.0,357.0,345.7,348.05,1151186
2013-07-25,350.0,364.0,343.7,350.15,1905207
2013-07-26,353.0,358.25,346.65,350.35,1200302
2013-07-29,350.0,350.5,336.75,340.4,1072533
2013-07-30,341.1,341.55,307.4,311.3,2503879
2013-07-31,309.0,325.0,288.75,323.75,2213593
2013-08-01,327.65,327.65,298.1,304.55,2059647
2013-08-02,300.0,302.0,282.15,289.85,1442277
2013-08-05,295.95,295.95,279.0,281.85,1812642
2013-08-06,280.0,285.85,255.95,261.45,2416204
2013-08-07,262.0,280.0,260.0,273.65,3234065
2013-08-08,275.0,283.0,266.3,276.0,1346609
2013-08-12,277.0,285.7,272.4,283.85,1150214
2013-08-13,280.0,288.5,275.55,286.05,1587944
2013-08-14,294.0,305.8,290.0,304.5,2523831
2013-08-16,300.0,304.5,287.55,290.2,1558738
2013-08-19,284.55,292.9,276.45,288.4,920689
2013-08-20,285.0,301.65,280.25,297.65,1563197
2013-08-21,301.55,303.7,279.65,284.45,1619909
2013-08-22,283.0,298.8,280.1,295.35,1333668
2013-08-23,296.1,303.55,292.3,301.1,1883558
2013-08-26,304.5,312.0,298.0,305.3,1247632
2013-08-27,301.5,304.7,288.5,290.1,1397521
2013-08-28,276.0,280.0,256.35,266.95,4533793
2013-08-29,274.9,276.9,265.2,270.1,4103643
2013-09-03,280.0,280.0,261.55,266.95,1875027
2013-09-04,266.5,273.4,264.5,270.85,1710517
2013-09-05,273.85,289.05,273.0,287.3,2223656
2013-09-06,281.5,303.5,275.6,299.65,2688596
2013-09-10,303.1,303.8,294.5,298.45,1478750
2013-09-11,296.95,315.0,296.6,312.4,1756989
2013-09-12,312.5,316.85,302.2,303.8,1438145
2013-09-13,301.2,307.4,296.0,305.15,1124839
2013-09-16,312.0,322.0,306.45,317.85,1528695
2013-09-17,319.0,321.5,311.75,313.7,1056700
2013-09-18,314.0,319.6,313.8,315.75,1248423
2013-09-19,321.35,342.6,318.05,336.4,3391988
2013-09-20,335.2,346.55,322.65,337.95,2033262
2013-09-23,333.35,340.4,320.2,323.4,1557458
2013-09-24,321.8,323.0,312.55,315.35,1426689
2013-09-25,310.0,311.15,297.15,305.5,2981330
2013-09-26,306.0,311.85,304.05,309.2,1604573
2013-09-27,314.95,339.9,314.9,328.6,7868335
2013-09-30,330.0,337.0,327.05,331.25,3025631
2013-10-01,328.55,328.55,320.45,326.35,1358143
2013-10-03,325.05,337.65,323.7,335.3,1389423
2013-10-04,334.1,351.0,333.45,341.45,2722699
2013-10-07,341.45,356.0,336.0,352.85,2471874
2013-10-08,352.85,356.7,340.7,341.7,1403918
2013-10-09,339.8,347.4,338.75,340.25,1583140
2013-10-10,343.3,346.1,339.4,343.05,561150
2013-10-11,346.8,347.0,335.55,338.95,581512
2013-10-14,338.95,344.5,336.6,342.65,688400
2013-10-15,344.8,345.55,333.6,343.1,810958
2013-10-17,343.4,352.9,341.7,348.05,1058057
2013-10-18,351.2,364.9,349.55,362.2,1771790
2013-10-21,364.0,370.8,357.6,362.8,2157811
2013-10-22,362.4,371.6,359.05,361.0,1799737
2013-10-23,364.5,367.8,350.6,356.1,1106268
2013-10-24,357.4,363.9,353.25,356.95,832166
2013-10-25,356.95,359.0,344.5,348.8,1071925
2013-10-28,351.25,352.5,345.5,346.8,897909
2013-10-29,348.0,356.8,347.7,351.25,1261534
2013-10-30,355.0,362.85,349.2,361.65,919724
2013-10-31,364.7,367.5,355.35,359.55,1192125
2013-11-01,359.95,362.0,353.6,355.8,730910
2013-11-05,365.0,378.45,356.4,372.9,2527080
2013-11-06,374.6,381.45,368.2,369.85,1308138
2013-11-07,368.5,371.5,350.5,357.55,1381658
2013-11-08,355.1,358.4,350.5,351.9,1186419
2013-11-11,349.8,349.8,338.2,339.1,1129122
2013-11-12,340.2,344.0,335.9,339.75,929293
2013-11-13,337.9,343.0,329.0,333.2,1593508
2013-11-14,339.7,348.9,338.5,344.15,1132865
2013-11-18,349.0,353.75,342.5,352.5,1093689
2013-11-19,351.0,355.65,341.0,345.5,1698103
2013-11-20,345.05,345.9,334.1,335.55,2402017
2013-11-21,335.0,339.35,330.1,331.1,1006429
2013-11-22,332.1,335.4,327.45,332.85,719477
2013-11-25,341.1,351.7,338.8,347.4,1861543
2013-11-26,347.0,347.35,321.7,324.85,2560132
2013-11-27,325.0,331.3,324.05,330.2,1065051
2013-11-28,332.0,337.5,331.8,333.8,1236969
2013-11-29,337.35,342.45,334.75,340.0,1718318
2013-12-02,342.0,346.45,340.1,345.4,910804
2013-12-03,343.1,351.3,341.2,350.05,1153259
2013-12-04,347.6,353.55,342.6,350.7,1275192
2013-12-05,355.0,362.55,353.3,358.35,1087856
2013-12-06,359.2,365.6,357.6,364.3,857578
2013-12-09,374.9,374.9,364.1,365.4,1240523
2013-12-10,366.5,368.05,356.6,357.7,783226
2013-12-11,355.4,357.9,345.6,350.1,1339685
2013-12-12,348.8,353.5,346.0,350.0,802290
2013-12-13,347.6,349.6,339.25,342.05,1116271
2013-12-16,340.35,343.9,333.6,339.0,1109067
2013-12-17,340.1,344.45,336.0,342.05,1011844
2013-12-18,340.0,348.7,338.75,346.15,1154904
2013-12-19,348.0,350.5,332.2,338.2,1954562
2013-12-20,336.1,345.55,333.8,344.0,1450940
2013-12-23,345.25,352.75,345.25,347.1,1091460
2013-12-24,349.0,356.0,346.5,348.0,1467776
2013-12-26,350.0,360.8,349.65,354.45,1832286
2013-12-27,355.0,360.5,351.1,351.65,721588
2013-12-30,353.0,353.75,346.6,348.35,582974
2013-12-31,350.1,354.3,346.5,347.9,862936
2014-01-01,350.1,352.5,345.95,349.2,635277
2014-01-02,354.7,354.7,338.6,339.45,946631
2014-01-03,338.9,341.0,328.0,329.3,1064535
2014-01-06,335.6,336.9,328.05,329.8,912943
2014-01-07,330.5,331.9,322.25,323.55,963772
2014-01-08,324.15,326.7,316.25,317.55,1260579
2014-01-09,318.0,327.3,316.05,325.25,1647071
2014-01-10,325.9,331.4,322.5,326.3,1199146
2014-01-13,328.25,332.95,327.65,331.5,1083729
2014-01-14,329.1,333.5,327.2,328.2,504753
2014-01-15,326.55,331.05,326.35,327.3,1001838
2014-01-16,329.0,333.6,325.2,330.35,747000
2014-01-17,332.0,342.8,332.0,340.1,1739898
2014-01-20,339.0,344.5,333.3,342.55,1163979
2014-01-21,343.0,344.85,334.1,337.3,960196
2014-01-22,337.2,346.0,334.6,343.95,513669
2014-01-23,342.9,349.7,341.25,347.3,1030105
2014-01-24,344.0,348.9,340.05,343.15,1052312
2014-01-27,338.9,341.0,331.85,337.65,1034415
2014-01-28,337.7,344.15,333.85,342.2,2692245
2014-01-29,345.55,361.7,343.25,354.9,1852806
2014-01-30,351.0,355.6,339.65,352.5,2067356
2014-01-31,352.6,365.0,346.3,362.7,1423766
2014-02-03,366.0,366.0,354.2,356.45,901869
2014-02-04,353.0,362.0,350.5,355.3,860963
2014-02-05,352.5,357.9,352.0,354.6,757991
2014-02-06,355.25,359.4,345.9,352.85,1033580
2014-02-07,354.85,355.85,349.55,352.15,1070483
2014-02-10,350.2,356.75,350.2,354.8,362422
2014-02-11,356.15,361.8,352.7,359.65,654702
2014-02-12,362.25,370.8,356.65,364.75,2748387
2014-02-13,364.75,364.75,353.55,355.0,783567
2014-02-14,357.5,357.5,349.85,355.8,432573
2014-02-17,355.95,359.7,351.65,357.5,220487
2014-02-18,355.0,359.5,352.35,355.0,666340
2014-02-19,355.1,357.0,347.7,351.4,433505
2014-02-20,350.6,350.6,342.2,346.8,564267
2014-02-21,346.25,362.55,346.25,361.25,1318022
2014-02-24,360.2,368.5,359.3,364.0,862081
2014-02-25,365.25,374.8,365.25,371.85,841482
2014-02-26,372.9,382.85,368.15,377.45,1880724
2014-02-28,378.1,385.0,372.1,378.0,1614729
2014-03-03,377.0,381.9,372.2,376.65,1033290
2014-03-04,375.9,383.35,374.45,380.15,784172
2014-03-05,382.0,389.0,378.7,387.45,1456340
2014-03-06,389.2,404.0,385.75,401.1,1435896
2014-03-07,404.7,419.75,402.7,417.95,1745764
2014-03-10,415.25,423.3,407.1,418.8,1536332
2014-03-11,420.1,423.5,413.05,414.65,1075225
2014-03-12,414.65,414.9,409.05,412.9,955103
2014-03-13,413.2,458.8,413.2,443.8,6069955
2014-03-14,444.9,456.45,440.8,444.75,3893036
2014-03-18,445.3,457.25,445.15,449.3,2113409
2014-03-19,449.0,460.0,445.3,448.2,1176849
2014-03-20,437.15,441.65,429.2,431.2,2395020
2014-03-21,431.2,433.8,426.0,428.1,1289388
2014-03-24,433.0,439.7,430.05,434.0,1228294
2014-03-25,434.0,450.0,431.2,445.55,1694965
2014-03-26,446.35,451.9,442.75,445.15,1088045
2014-03-27,442.2,464.5,440.95,454.55,2444980
2014-03-28,455.9,462.0,452.4,458.25,1367008
2014-03-31,460.95,469.35,452.5,460.05,1313342
2014-04-01,459.1,463.8,445.05,446.9,1997231
2014-04-02,445.75,461.0,445.75,448.95,1872405
2014-04-03,450.95,451.0,437.3,439.6,2363707
2014-04-04,437.1,457.6,431.65,443.6,2954680
2014-04-07,445.5,454.8,436.1,438.1,1352889
2014-04-09,441.9,445.0,435.0,440.05,1934777
2014-04-10,441.95,453.0,436.6,451.85,1354287
2014-04-11,452.0,457.6,442.0,444.35,1242422
2014-04-15,445.25,450.65,436.55,445.7,1368764
2014-04-16,441.2,444.0,432.75,436.35,1729522
2014-04-17,437.25,452.0,434.65,449.8,1172118
2014-04-21,449.1,468.6,446.0,463.85,1968544
2014-04-22,463.8,487.0,460.35,482.8,2327572
2014-04-23,485.0,493.7,470.65,475.1,2336278
2014-04-25,479.5,479.5,457.0,460.65,1572797
2014-04-28,456.3,469.15,452.65,456.45,1694824
2014-04-29,458.4,463.5,451.4,460.45,951211
2014-04-30,463.0,472.7,442.2,454.9,1922289
2014-05-02,457.0,467.0,455.8,462.6,1045256
2014-05-05,464.0,475.0,464.0,467.65,1296349
2014-05-06,470.0,474.0,466.3,467.5,1124272
2014-05-07,474.9,480.7,469.5,472.35,1718212
2014-05-08,472.9,473.9,461.0,462.45,1488838
2014-05-09,461.9,489.9,458.65,485.8,1338685
2014-05-12,487.0,505.5,481.0,502.45,1801386
2014-05-13,510.45,526.9,506.25,509.4,1922437
2014-05-14,509.6,522.0,505.5,518.65,807786
2014-05-15,520.0,525.0,504.3,516.35,1067096
2014-05-16,530.0,579.0,525.35,552.1,2503482
2014-05-19,559.0,589.0,559.0,575.9,2152981
2014-05-20,579.85,588.5,553.65,558.75,1357577
2014-05-21,559.5,564.7,550.2,560.3,1537016
2014-05-22,565.85,565.85,552.2,559.65,1605719
2014-05-23,561.25,568.5,552.4,556.2,2119309
2014-05-26,559.4,579.65,546.55,557.8,1941664
2014-05-27,560.0,560.75,536.15,554.1,1294538
2014-05-28,553.1,556.9,536.5,542.3,2174114
2014-05-29,550.6,554.3,532.05,536.1,1382609
2014-05-30,537.15,549.6,516.85,521.9,1625691
2014-06-02,525.0,557.05,523.75,555.55,1182197
2014-06-03,556.25,577.75,554.7,573.65,1544205
2014-06-04,575.0,581.1,566.5,575.7,1109536
2014-06-05,574.6,627.4,574.6,619.45,3402857
2014-06-06,623.5,650.0,616.65,628.1,3950672
2014-06-09,634.5,635.05,609.15,615.05,1569774
2014-06-10,618.0,627.35,605.4,614.05,1623433
2014-06-11,619.65,624.4,602.5,607.05,1509228
2014-06-12,608.0,620.95,594.2,599.05,1555969
2014-06-13,596.0,596.1,555.2,569.75,2622219
2014-06-16,564.1,594.5,555.0,590.95,2491374
2014-06-17,587.0,617.1,577.7,610.25,2063272
2014-06-18,604.1,619.3,581.1,591.7,3048507
2014-06-19,587.2,606.0,560.1,564.45,3964177
2014-06-20,559.3,569.1,548.25,552.55,4285632
2014-06-23,551.0,559.95,539.0,556.65,2811148
2014-06-24,564.1,588.95,561.6,582.75,3293837
2014-06-25,585.0,587.0,573.6,581.3,2410944
2014-06-26,561.55,577.8,555.2,567.85,2834879
2014-06-27,572.0,577.0,563.0,569.7,935029
2014-06-30,567.3,604.0,567.3,600.4,2480865
2014-07-01,610.05,610.3,587.15,589.6,1922396
2014-07-02,596.85,604.4,592.15,601.8,1051202
2014-07-03,605.2,607.8,597.0,599.6,1415214
2014-07-04,600.0,612.0,596.0,599.75,2091383
2014-07-07,600.0,600.95,585.4,593.25,1756105
2014-07-08,593.25,602.7,566.8,571.35,1941453
2014-07-09,578.0,590.4,570.1,582.85,1991825
2014-07-10,584.8,605.0,560.0,580.75,2703253
2014-07-11,577.1,583.55,556.5,561.2,1582834
2014-07-14,568.7,576.7,565.0,569.05,1310167
2014-07-15,574.7,584.3,569.5,582.05,1135023
2014-07-16,584.7,593.8,582.6,590.8,895050
2014-07-17,584.9,592.8,580.55,591.1,966590
2014-07-18,581.5,586.0,575.6,583.0,1100250
2014-07-21,584.9,589.25,577.0,581.4,770028
2014-07-22,583.8,590.9,581.0,582.75,722387
2014-07-23,584.9,607.0,584.0,600.25,1210061
2014-07-24,605.9,609.7,599.55,603.0,1109873
2014-07-25,604.0,613.0,588.0,591.55,1375413
2014-07-28,593.0,593.0,569.25,574.75,1255861
2014-07-30,576.9,580.7,570.0,573.4,1270409
2014-07-31,576.9,587.25,576.0,580.15,1630823
2014-08-01,582.5,591.7,574.7,577.35,1330088
2014-08-04,584.5,605.0,584.0,600.4,1386566
2014-08-05,605.35,607.9,587.25,592.85,1032707
2014-08-06,592.8,602.5,576.85,581.3,793837
2014-08-07,585.3,592.6,582.9,584.95,1069371
2014-08-08,573.0,574.95,560.5,566.55,1242173
2014-08-11,572.15,580.9,571.55,573.45,729572
2014-08-12,578.7,592.75,576.05,590.7,1700363
2014-08-13,596.5,612.0,593.65,603.65,1967369
2014-08-14,606.5,615.5,602.45,613.35,1464720
2014-08-18,617.0,657.85,616.0,648.5,2550288
2014-08-19,658.9,681.0,655.3,674.05,4488258
2014-08-20,677.6,678.0,665.0,667.0,2227624
2014-08-21,667.1,689.9,664.5,685.4,2551386
2014-08-22,689.9,693.4,670.0,672.0,1990170
2014-08-25,674.0,680.05,662.6,664.7,1182306
2014-08-26,662.0,672.95,648.0,664.7,1293378
2014-08-27,667.9,681.95,665.5,677.75,1348500
2014-08-28,680.1,699.3,680.0,694.3,3387252
2014-09-01,701.0,709.0,688.8,704.85,1735821
2014-09-02,705.0,711.7,695.35,703.65,1586437
2014-09-03,721.0,722.85,701.05,704.55,1607016
2014-09-04,702.6,705.0,694.0,700.75,1352040
2014-09-05,687.9,700.9,683.9,688.7,1137861
2014-09-08,696.5,703.4,687.9,700.05,1877846
2014-09-09,705.0,706.95,688.5,692.65,1054317
2014-09-10,687.8,692.6,675.1,676.9,975281
2014-09-11,677.5,691.3,676.6,681.4,1286409
2014-09-12,680.15,691.0,680.15,683.15,1369445
2014-09-15,679.3,691.8,679.3,683.35,1134134
2014-09-16,682.05,688.0,646.5,650.0,1730050
2014-09-17,652.25,656.2,628.25,638.95,2046717
2014-09-18,633.0,664.0,633.0,662.3,1280856
2014-09-19,664.95,670.45,653.0,657.25,798541
2014-09-22,654.95,674.4,652.1,670.35,901105
2014-09-23,674.1,675.3,647.25,650.95,921656
2014-09-24,650.6,653.75,628.6,642.25,1046795
2014-09-25,638.35,650.95,609.75,620.3,1534945
2014-09-26,616.0,644.1,597.35,639.45,1712216
2014-09-29,635.65,656.0,632.5,637.3,1187232
2014-09-30,636.7,659.9,630.95,655.4,1832443
2014-10-01,660.05,664.75,650.2,652.85,869989
2014-10-07,654.0,660.6,644.35,650.55,1250933
2014-10-08,651.0,678.0,650.35,674.7,2164656
2014-10-09,676.5,684.3,668.65,671.7,1073365
2014-10-10,676.9,682.0,668.1,670.25,1301279
2014-10-13,671.05,678.95,664.0,671.75,1492380
2014-10-14,670.85,670.85,653.05,656.3,1199919
2014-10-16,656.3,681.5,656.3,666.25,2265705
2014-10-17,668.2,675.0,659.45,666.75,730748
2014-10-20,713.0,715.05,689.0,696.85,3635452
2014-10-21,699.75,699.75,685.0,687.8,991287
2014-10-22,692.0,695.6,683.2,688.75,747879
2014-10-23,692.5,692.9,690.0,691.1,83152
2014-10-27,692.9,695.8,678.45,686.15,835000
2014-10-28,689.0,704.0,687.9,701.85,1683318
2014-10-29,705.0,718.0,699.3,704.65,1688954
2014-10-30,705.0,707.35,692.25,702.05,1614434
2014-10-31,704.0,728.9,700.0,724.75,1652907
2014-11-03,730.5,732.9,717.55,724.05,997571
2014-11-05,729.85,745.55,729.0,740.3,2370661
2014-11-07,740.5,766.0,738.75,759.15,2285622
2014-11-10,763.4,777.0,761.0,766.0,1719362
2014-11-11,772.8,773.4,762.45,766.9,1881880
2014-11-12,771.0,776.0,761.0,765.3,1577613
2014-11-13,751.0,754.5,725.05,730.45,2234207
2014-11-14,730.45,741.9,721.0,734.85,2582690
2014-11-17,734.0,740.8,713.1,726.05,1156745
2014-11-18,724.0,731.7,718.5,719.9,1142981
2014-11-19,724.9,738.75,717.65,721.55,1340244
2014-11-20,727.9,729.2,715.1,719.8,1048780
2014-11-21,719.8,733.5,717.5,724.45,687930
2014-11-24,720.0,731.9,718.0,719.4,1040323
2014-11-25,720.0,729.45,706.8,709.9,1469291
2014-11-26,715.0,720.0,705.05,707.6,1493616
2014-11-27,710.5,731.9,710.0,720.55,3292216
2014-11-28,747.95,785.0,737.7,746.25,6833729
2014-12-01,760.0,761.5,738.65,744.35,3224744
2014-12-02,738.0,738.0,710.3,712.55,1496861
2014-12-03,716.05,722.65,705.1,710.85,1201190
2014-12-04,714.0,730.0,706.35,726.55,1355144
2014-12-05,729.95,731.8,707.7,710.05,730033
2014-12-08,711.0,716.0,687.15,689.75,1632658
2014-12-09,693.15,697.25,667.0,673.35,2584665
2014-12-10,669.8,675.55,661.35,668.95,1717612
2014-12-11,674.8,680.0,658.05,663.15,1699422
2014-12-12,667.35,672.35,662.9,667.6,1618654
2014-12-15,662.1,668.0,625.0,636.35,2250182
2014-12-16,630.0,652.9,629.85,647.45,2071218
2014-12-17,645.25,652.05,635.05,647.8,1630231
2014-12-18,650.1,659.0,639.6,653.3,1251785
2014-12-19,655.8,667.0,648.55,653.75,1298437
2014-12-22,651.55,658.35,645.15,655.25,494786
2014-12-23,652.0,662.5,648.65,650.8,579403
2014-12-24,648.25,653.6,635.5,639.7,2553721
2014-12-26,639.0,649.1,629.75,645.7,659996
2014-12-29,643.5,661.7,642.4,647.1,872843
2014-12-30,650.25,657.45,645.0,648.45,642754
2014-12-31,647.0,652.9,640.0,646.0,554419
2015-01-01,648.9,657.5,642.2,654.2,482167
2015-01-02,650.9,655.9,642.45,644.4,1023715
2015-01-05,645.0,649.45,641.3,645.65,1094372
2015-01-06,652.4,655.3,630.0,639.15,2186835
2015-01-07,637.0,649.35,637.0,644.95,1309394
2015-01-08,649.0,681.9,649.0,677.6,2806699
2015-01-09,684.0,688.0,672.5,679.35,1679859
2015-01-12,685.0,685.0,672.3,676.4,644574
2015-01-13,680.4,691.0,663.5,669.55,995423
2015-01-14,675.95,675.95,648.9,651.7,1185379
2015-01-15,655.1,668.2,649.35,662.95,1968046
2015-01-16,663.25,672.9,655.6,659.3,1191208
2015-01-19,659.25,661.05,642.7,645.2,1102884
2015-01-20,646.25,654.0,643.25,647.65,775545
2015-01-21,648.0,657.35,643.6,654.15,922423
2015-01-22,655.0,660.0,644.95,657.05,822723
2015-01-23,663.4,682.35,657.55,674.75,1451013
2015-01-27,678.9,694.85,660.8,692.05,1934214
2015-01-28,688.85,709.6,685.0,706.25,1906496
2015-01-29,711.25,737.75,707.55,733.85,3233749
2015-01-30,737.5,763.25,731.0,748.85,2459124
2015-02-02,746.0,767.3,735.35,748.65,1692266
2015-02-03,749.0,756.4,724.35,727.4,1631139
2015-02-04,725.0,736.0,716.25,721.0,1826719
2015-02-05,724.7,772.8,723.0,750.0,3108968
2015-02-06,736.0,749.0,726.8,730.95,1550662
2015-02-09,721.0,726.0,706.55,711.8,1367892
2015-02-10,705.0,715.6,689.0,698.3,2447255
2015-02-11,702.4,716.3,694.45,712.9,804517
2015-02-12,717.55,722.0,701.05,705.85,712759
2015-02-13,705.8,733.7,693.0,724.9,3667519
2015-02-16,731.9,757.25,721.0,725.85,1997890
2015-02-18,727.5,735.0,721.0,729.65,687901
2015-02-19,734.0,747.5,731.8,742.2,1290739
2015-02-20,741.5,745.8,738.0,741.8,732555
2015-02-23,745.0,754.0,734.55,739.65,738439
2015-02-24,743.0,759.85,741.9,757.3,1230764
2015-02-25,758.0,772.05,747.0,751.85,1599009
2015-02-26,751.85,758.7,741.65,745.8,1435303
2015-02-27,749.0,749.85,730.3,744.25,856930
2015-03-02,759.9,786.0,758.1,779.5,3093093
2015-03-03,779.5,786.5,768.2,780.8,1573749
2015-03-04,783.5,789.8,763.75,770.5,1796224
2015-03-05,770.0,780.9,768.0,776.35,1290901
2015-03-09,775.05,780.8,754.4,764.0,1781956
2015-03-10,768.8,777.6,761.65,764.2,1466310
2015-03-11,764.2,771.8,747.15,750.85,599713
2015-03-12,752.35,758.55,747.95,749.5,661990
2015-03-13,753.9,754.9,727.05,731.4,870318
2015-03-16,740.0,745.0,733.3,736.65,476061
2015-03-17,743.0,756.0,739.65,750.65,1054936
2015-03-18,749.4,782.0,745.0,772.45,1420762
2015-03-19,777.0,779.9,749.05,753.4,752941
2015-03-20,753.4,753.4,722.8,727.05,964941
2015-03-23,728.0,736.0,713.1,715.4,711185
2015-03-24,720.0,744.5,717.65,740.8,2070866
2015-03-25,740.0,756.05,731.95,748.7,1436088
2015-03-26,742.9,774.15,740.0,762.3,2739537
2015-03-27,755.0,770.75,742.5,749.6,1756690
2015-03-30,753.0,774.95,751.1,769.3,1200641
2015-03-31,770.0,815.9,769.3,810.8,2621292
2015-04-01,810.95,818.0,796.5,804.2,1065969
2015-04-06,807.0,815.75,800.0,802.1,852662
2015-04-07,806.0,806.0,791.0,795.7,889803
2015-04-08,793.2,832.0,790.75,819.65,2316704
2015-04-09,828.0,835.0,809.0,811.85,1041950
2015-04-10,814.8,829.6,807.8,820.05,1349753
2015-04-13,817.65,828.9,812.0,818.4,971008
2015-04-15,814.15,823.6,795.9,802.4,1178017
2015-04-16,801.0,806.8,791.5,800.9,1333628
2015-04-17,800.0,814.8,793.65,797.85,1094614
2015-04-20,805.0,812.85,795.0,803.5,1300180
2015-04-21,808.0,818.6,794.6,799.15,1517517
2015-04-22,803.6,815.55,802.0,805.05,1925700
2015-04-23,812.0,814.65,799.0,802.55,851651
2015-04-24,804.75,804.75,774.85,780.5,690014
2015-04-27,781.4,782.0,720.4,732.3,1242333
2015-04-28,737.0,775.0,734.0,765.15,1816462
2015-04-29,763.4,765.0,747.25,755.95,1013258
2015-04-30,756.05,783.15,751.55,764.75,2039936
2015-05-04,775.0,792.4,764.0,783.7,1041216
2015-05-05,785.0,787.15,768.0,777.3,944901
2015-05-06,770.3,771.0,738.7,748.2,1508176
2015-05-07,740.25,756.5,720.35,729.95,1305842
2015-05-08,744.9,758.35,737.3,748.05,1110210
2015-05-11,752.8,754.0,745.0,750.8,766006
2015-05-12,751.5,752.0,723.0,725.9,1093698
2015-05-13,729.9,738.25,703.6,735.85,951663
2015-05-14,737.5,759.65,730.0,756.7,1440790
2015-05-15,759.8,769.9,758.0,767.05,952260
2015-05-18,779.7,795.0,772.3,792.8,1596585
2015-05-19,789.9,796.25,776.6,784.3,680420
2015-05-20,790.0,796.0,783.7,786.95,550826
2015-05-21,789.0,789.0,773.6,776.95,581258
2015-05-22,775.0,785.0,770.3,782.3,563485
2015-05-25,784.0,806.0,783.0,791.8,986328
2015-05-26,793.1,796.8,775.0,781.75,501651
2015-05-27,782.9,801.85,775.7,796.9,834003
2015-05-28,799.6,823.85,795.5,817.7,2928864
2015-05-29,826.1,855.0,826.1,850.15,2342645
2015-06-01,851.1,871.4,839.2,860.75,1314827
2015-06-02,862.75,868.95,844.1,846.75,1115533
2015-06-03,847.2,850.9,832.7,839.2,1040405
2015-06-04,844.85,869.35,838.5,866.7,1512781
2015-06-05,867.0,876.35,854.0,855.7,1084173
2015-06-08,856.5,859.9,839.95,843.05,946455
2015-06-09,838.0,854.1,836.9,849.4,1119864
2015-06-10,848.1,855.4,841.9,843.9,1035772
2015-06-11,849.5,862.0,838.5,842.4,1205111
2015-06-12,842.4,854.25,830.25,837.5,1099401
2015-06-15,838.0,845.85,831.3,833.5,830887
2015-06-16,834.0,849.8,808.5,820.5,2289922
2015-06-17,820.0,821.8,803.0,810.45,1359827
2015-06-18,818.5,837.2,815.1,833.8,1389153
2015-06-19,839.0,846.95,828.45,835.65,1771288
2015-06-22,842.9,851.2,839.1,846.15,1482182
2015-06-23,852.0,865.0,846.15,860.85,1177873
2015-06-24,862.0,868.95,845.0,848.4,1354112
2015-06-25,848.4,866.65,848.3,858.35,1495202
2015-06-26,857.95,873.0,856.05,862.05,1054561
2015-06-29,853.9,881.85,853.0,871.85,1677554
2015-06-30,880.5,883.95,872.5,879.35,2036861
2015-07-01,885.0,896.15,881.0,887.95,1761200
2015-07-02,892.5,907.75,892.5,900.0,1893730
2015-07-03,904.0,914.8,896.55,902.85,1607073
2015-07-06,903.0,935.5,903.0,930.85,2481800
2015-07-07,938.0,943.25,927.2,932.35,1718113
2015-07-08,932.25,952.65,908.9,916.1,3507996
2015-07-09,912.55,916.75,863.25,866.65,3788217
2015-07-10,865.0,885.95,863.35,881.75,2257062
2015-07-13,885.05,913.9,880.0,909.3,1909655
2015-07-14,914.65,932.8,909.75,926.95,2063248
2015-07-15,929.0,929.0,912.1,917.65,1151908
2015-07-16,923.0,941.0,923.0,938.0,1564665
2015-07-17,942.0,950.6,935.05,939.65,1115957
2015-07-20,948.4,968.3,942.7,963.4,2081474
2015-07-21,965.0,969.5,949.9,952.2,1051198
2015-07-22,951.0,978.0,948.65,972.05,1166322
2015-07-23,974.5,987.0,965.25,970.3,1487216
2015-07-24,975.0,984.25,957.0,965.55,1629705
2015-07-27,964.5,974.0,951.1,954.45,1023220
2015-07-28,957.0,965.0,942.15,944.95,1398955
2015-07-29,949.0,959.5,937.6,949.3,1153572
2015-07-30,953.5,955.25,943.15,947.2,1627215
2015-07-31,950.0,951.75,917.95,926.75,1318994
2015-08-03,934.0,940.75,904.5,908.8,1785649
2015-08-04,918.0,936.95,914.25,933.55,2292654
2015-08-05,939.8,951.0,927.7,930.6,1171454
2015-08-06,934.8,947.7,932.0,938.6,1458033
2015-08-07,942.5,963.0,927.75,955.5,1868407
2015-08-10,960.0,979.55,941.05,946.7,1661539
2015-08-11,949.7,949.9,914.25,925.25,1497228
2015-08-12,928.8,931.0,864.5,870.0,2627343
2015-08-13,874.4,893.75,857.8,885.25,2099856
2015-08-14,890.0,907.7,870.1,873.75,2383616
2015-08-17,879.0,888.0,860.05,865.15,1587636
2015-08-18,873.7,902.0,865.5,896.45,1998100
2015-08-19,902.95,915.9,884.0,887.1,1625806
2015-08-20,898.95,918.9,885.0,902.05,2798359
2015-08-21,886.0,895.0,867.85,889.65,2071425
2015-08-24,862.0,872.0,802.9,818.6,2389255
2015-08-25,830.25,869.4,817.15,862.75,2557103
2015-08-26,865.0,876.8,832.0,837.65,1855315
2015-08-27,860.0,884.5,848.15,880.2,1788490
2015-08-28,866.8,867.75,845.75,860.95,2017921
2015-08-31,863.35,887.0,851.5,883.2,2524540
2015-09-01,871.2,878.7,851.25,863.35,1025655
2015-09-02,874.9,875.9,845.6,849.1,1816203
2015-09-03,854.0,860.95,832.3,837.95,1331047
2015-09-04,840.0,854.8,820.0,850.6,1363011
2015-09-07,845.35,859.1,823.6,830.2,979658
2015-09-08,835.05,839.0,811.6,821.25,1109536
2015-09-09,834.0,845.0,817.7,820.25,1651212
2015-09-10,820.0,843.0,818.0,839.7,2560227
2015-09-11,845.0,857.8,842.95,850.55,1122308
2015-09-14,859.75,885.95,857.35,880.4,1532674
2015-09-15,884.8,892.4,871.0,879.6,1029356
2015-09-16,881.5,887.5,853.05,862.35,1405078
2015-09-18,875.0,887.5,863.65,869.55,1192066
2015-09-21,868.1,881.4,864.3,871.25,845097
2015-09-22,877.0,880.9,854.1,861.4,988898
2015-09-23,861.0,884.55,856.55,876.75,659417
2015-09-24,885.5,892.3,877.55,880.9,976060
2015-09-28,880.9,898.95,876.2,883.5,872468
2015-09-29,880.0,880.0,843.2,847.8,1533272
2015-09-30,850.1,860.0,845.65,850.7,1536865
2015-10-01,857.25,864.45,845.0,855.1,1319512
2015-10-05,860.0,867.65,850.1,860.7,1091697
2015-10-06,863.9,884.0,859.4,875.65,1337003
2015-10-07,875.0,881.1,855.0,863.55,1558282
2015-10-08,866.0,866.75,846.85,854.95,1029222
2015-10-09,859.0,863.0,837.25,848.5,1027512
2015-10-12,850.0,853.0,839.15,849.05,725961
2015-10-13,857.3,869.85,856.1,863.5,1338532
2015-10-14,868.9,871.0,860.25,862.3,752123
2015-10-15,869.0,898.1,866.25,893.1,1560995
2015-10-16,901.9,914.7,898.4,911.25,1734360
2015-10-19,906.0,923.3,906.0,918.5,1023345
2015-10-20,916.0,925.6,910.0,912.45,894716
2015-10-21,912.0,914.25,897.0,900.6,712976
2015-10-23,905.2,917.8,905.2,910.2,733230
2015-10-26,910.1,918.35,902.0,903.75,877438
2015-10-27,900.0,917.0,896.0,914.65,1903374
2015-10-28,919.0,921.4,901.4,909.4,1068912
2015-10-29,907.0,909.0,875.15,879.1,2073349
2015-10-30,879.9,889.5,865.55,871.1,1683275
2015-11-02,873.0,878.95,861.55,871.8,1008956
2015-11-03,877.0,884.0,866.45,876.7,729470
2015-11-04,878.5,891.15,875.35,886.0,637130
2015-11-05,887.0,894.85,881.2,889.0,820449
2015-11-06,891.7,899.5,887.95,896.1,701347
2015-11-09,887.8,910.8,878.5,902.9,2117774
2015-11-10,900.1,911.25,872.0,876.85,1184187
2015-11-11,885.0,895.9,879.0,889.45,111283
2015-11-13,899.0,907.55,889.1,906.05,1150221
2015-11-16,908.0,912.4,896.5,898.65,1224012
2015-11-17,899.0,903.75,872.05,876.25,1167081
2015-11-18,876.0,888.2,873.0,884.0,532079
2015-11-19,890.0,910.0,885.5,907.4,1101074
2015-11-20,904.9,924.05,900.3,916.1,850427
2015-11-23,915.1,921.9,904.1,905.7,920920
2015-11-24,905.3,915.3,896.0,907.4,862838
2015-11-26,907.7,915.25,901.05,904.95,815846
2015-11-27,908.7,909.9,890.55,901.35,533570
2015-11-30,902.25,917.8,897.8,901.75,1480343
2015-12-01,902.2,933.9,902.2,932.7,1539682
2015-12-02,935.0,946.9,926.5,932.15,1387715
2015-12-03,935.0,936.0,917.1,919.95,835982
2015-12-04,914.0,919.4,904.0,906.5,604393
2015-12-07,917.0,923.0,907.95,910.75,927601
2015-12-08,918.0,925.8,909.05,912.0,1436027
2015-12-09,912.0,915.6,877.0,882.25,1110851
2015-12-10,880.9,907.5,867.25,904.15,932415
2015-12-11,905.15,911.45,886.0,892.9,853403
2015-12-14,894.95,902.0,883.35,890.05,647415
2015-12-15,892.0,895.95,881.6,889.65,375365
2015-12-16,900.0,917.0,899.95,903.55,811713
2015-12-17,912.85,916.1,899.55,903.95,864556
2015-12-18,905.0,915.0,898.0,900.75,736413
2015-12-21,905.4,909.9,892.1,897.5,568325
2015-12-22,900.25,908.0,898.05,902.7,554051
2015-12-23,905.0,907.9,898.3,900.8,854669
2015-12-24,901.05,908.5,900.75,904.1,541281
2015-12-28,903.85,908.0,900.9,903.3,368593
2015-12-29,909.1,915.9,900.2,902.6,798113
2015-12-30,902.6,907.25,888.65,891.7,519598
2015-12-31,892.1,901.6,884.45,892.3,3107823
2016-01-01,893.0,902.4,891.0,896.05,276225
2016-01-04,888.9,896.5,875.0,891.45,601013
2016-01-05,892.9,907.8,880.3,902.65,993712
2016-01-06,907.4,919.5,896.0,912.3,1514454
2016-01-07,915.85,919.5,879.85,884.25,838875
2016-01-08,892.0,907.5,890.4,903.55,675096
2016-01-11,902.5,902.5,885.4,888.05,766982
2016-01-12,888.05,899.3,882.35,890.15,1252522
2016-01-13,896.9,902.5,868.0,895.9,1552774
2016-01-14,881.0,919.8,878.5,909.4,1079219
2016-01-15,910.8,947.0,909.65,932.55,2991327
2016-01-18,930.55,939.25,889.55,896.6,1366546
2016-01-19,898.0,906.25,882.0,895.8,959105
2016-01-20,893.0,901.8,875.5,885.5,2107478
2016-01-21,892.0,898.7,865.5,875.55,1083154
2016-01-22,879.0,888.3,871.7,883.25,787393
2016-01-25,883.55,886.65,868.05,877.9,957259
2016-01-27,878.8,888.5,868.85,870.6,1738762
2016-01-28,871.5,877.5,861.0,868.9,2270407
2016-01-29,868.9,906.5,865.7,893.15,1565676
2016-02-01,891.0,893.25,871.7,880.15,924818
2016-02-02,873.0,874.3,845.6,850.3,946475
2016-02-03,845.65,857.4,825.5,829.55,1418124
2016-02-04,835.0,852.0,824.2,831.75,1688095
2016-02-05,836.8,846.5,826.6,843.0,805778
2016-02-08,843.0,853.1,823.4,825.2,604332
2016-02-09,821.9,839.5,816.7,824.9,1822411
2016-02-10,828.75,841.9,812.95,837.55,790024
2016-02-11,834.8,837.55,812.05,817.75,1088585
2016-02-12,821.7,822.7,762.3,772.8,2334830
2016-02-17,759.0,785.5,755.0,780.95,2018268
2016-02-18,791.05,799.75,780.9,789.75,2087265
2016-02-19,790.0,790.0,761.5,765.85,1696322
2016-02-22,765.0,769.95,749.45,759.4,1395702
2016-02-23,760.1,761.95,731.15,736.05,1316169
2016-02-24,741.5,772.7,739.05,768.9,2311636
2016-02-25,768.45,769.75,745.55,764.15,2115196
2016-02-26,777.0,777.0,750.0,764.7,1231466
2016-02-29,761.05,788.0,740.0,769.25,9793232
2016-03-01,769.25,799.85,769.0,793.7,978349
2016-03-02,799.0,815.0,783.0,786.6,1154636
2016-03-03,787.4,792.85,771.3,789.95,1302422
2016-03-04,792.9,817.9,786.9,815.2,1712744
2016-03-08,819.8,834.85,807.5,820.9,1500128
2016-03-09,813.5,822.0,796.6,799.35,1933519
2016-03-10,808.8,808.8,788.3,794.15,1554871
2016-03-11,798.0,814.95,795.0,803.65,1334631
2016-03-14,807.0,812.95,797.0,804.75,1010605
2016-03-15,806.0,819.9,805.55,810.9,1080124
2016-03-16,821.7,823.25,815.1,818.4,1649529
2016-03-17,827.65,869.4,825.0,864.85,4075285
2016-03-18,860.0,863.85,852.3,856.9,1701818
2016-03-21,864.75,879.9,860.35,870.05,1686232
2016-03-22,865.5,887.8,860.55,870.7,1496575
2016-03-23,874.9,880.0,864.2,868.5,1164311
2016-03-28,871.5,887.2,863.55,873.6,1760818
2016-03-29,877.55,889.35,869.7,874.0,1603387
2016-03-30,878.35,907.5,872.05,901.15,2418447
2016-03-31,903.9,921.9,898.95,904.3,2809272
2016-04-01,900.0,900.0,885.2,887.25,949165
2016-04-04,895.0,897.4,880.6,887.0,936274
2016-04-05,899.0,909.9,884.0,890.4,1640758
2016-04-06,897.0,898.0,878.55,890.15,1779968
2016-04-07,897.85,903.8,883.4,885.05,1592912
2016-04-08,887.0,901.5,880.2,899.65,603790
2016-04-11,893.1,919.85,893.1,917.2,1075800
2016-04-12,928.6,939.8,917.95,920.85,1507762
2016-04-13,925.0,933.0,916.0,925.65,1042250
2016-04-18,925.0,979.7,925.0,969.9,2038770
2016-04-20,968.05,969.7,951.05,954.25,1318504
2016-04-21,954.25,984.95,954.25,970.75,1069530
2016-04-22,962.0,977.95,960.3,965.9,659241
2016-04-25,960.1,982.0,958.75,978.3,654482
2016-04-26,972.1,983.85,970.8,975.8,993125
2016-04-27,971.0,994.75,971.0,982.35,785316
2016-04-28,982.0,989.25,958.4,962.75,1201964
2016-04-29,960.0,981.5,960.0,978.0,574798
2016-05-02,982.0,987.2,966.0,969.55,411657
2016-05-03,974.9,976.0,951.2,953.9,871700
2016-05-04,947.25,962.0,943.3,947.05,700497
2016-05-05,949.0,951.2,929.15,938.8,702255
2016-05-06,933.0,945.0,927.7,939.2,1213242
2016-05-09,943.0,950.0,932.6,937.0,937147
2016-05-10,941.2,942.9,925.1,927.35,1055780
2016-05-11,918.55,927.55,908.5,919.55,1049546
2016-05-12,917.1,933.35,917.1,926.45,668835
2016-05-13,924.25,935.0,919.45,927.8,545702
2016-05-16,928.0,930.9,915.55,922.7,682740
2016-05-17,930.15,948.55,930.0,945.3,1024766
2016-05-18,942.1,958.1,930.45,933.1,1463205
2016-05-19,931.8,949.5,931.0,943.25,1020972
2016-05-20,944.3,947.25,918.0,920.5,795486
2016-05-23,926.8,932.1,911.0,921.9,732070
2016-05-24,916.0,925.15,890.6,895.95,1032991
2016-05-25,904.5,940.7,881.15,917.4,789549
2016-05-26,921.0,931.0,907.1,926.8,1207274
2016-05-27,951.0,1024.7,947.45,1012.0,5884920
2016-05-30,1020.0,1023.95,993.6,999.45,1310193
2016-05-31,999.45,1007.95,973.95,980.5,2332266
2016-06-01,995.0,996.0,982.1,987.1,1074066
2016-06-02,986.7,1006.5,978.7,1003.1,1443266
2016-06-03,1012.0,1033.95,1003.85,1012.5,1860398
2016-06-06,1006.4,1009.3,990.0,994.25,1281976
2016-06-07,1002.0,1002.25,973.4,976.25,1173538
2016-06-08,972.25,985.4,969.15,980.15,1022941
2016-06-09,990.3,1005.8,987.0,997.45,1317036
2016-06-10,999.0,1004.35,984.55,986.85,846443
2016-06-13,982.25,1012.95,980.0,1008.65,1244700
2016-06-14,1016.0,1017.0,988.15,991.15,1075595
2016-06-15,995.25,1013.8,995.25,1011.0,838890
2016-06-16,1014.2,1020.0,1000.6,1011.5,1099536
2016-06-17,1016.75,1019.75,1001.0,1004.95,877044
2016-06-20,999.95,1012.5,994.05,1004.8,621263
2016-06-21,1004.8,1012.2,999.1,1008.55,734199
2016-06-22,1008.0,1013.55,1003.25,1009.35,775960
2016-06-23,1011.0,1030.5,1003.0,1023.85,746642
2016-06-24,1012.0,1024.4,996.1,1013.45,1086104
2016-06-27,1020.0,1046.9,1016.55,1038.2,1433845
2016-06-28,1041.8,1054.1,1040.2,1051.7,1187969
2016-06-29,1054.9,1060.6,1043.3,1054.35,832488
2016-06-30,1062.0,1078.0,1051.1,1072.15,2349178
2016-07-01,1075.0,1102.3,1067.0,1091.95,1065863
2016-07-04,1095.0,1110.0,1095.0,1106.15,1692706
2016-07-05,1107.5,1117.8,1092.4,1097.95,1958710
2016-07-07,1099.15,1121.0,1089.5,1114.1,2517567
2016-07-08,1121.1,1123.9,1104.45,1114.7,2837533
2016-07-11,1126.9,1150.0,1120.1,1133.3,3144289
2016-07-12,1132.2,1156.0,1113.1,1120.55,3686633
2016-07-13,559.9,563.0,543.6,545.6,3740895
2016-07-14,546.25,556.45,546.25,553.4,1570301
2016-07-15,554.0,557.9,547.0,554.75,2432190
2016-07-18,556.0,562.75,551.6,556.15,1695949
2016-07-19,555.6,574.0,554.05,572.15,2914955
2016-07-20,570.0,583.0,570.0,574.5,2316946
2016-07-21,582.2,590.6,573.3,576.25,2766968
2016-07-22,577.7,584.95,568.55,583.2,1959202
2016-07-25,587.0,601.85,585.4,593.5,3073334
2016-07-26,594.5,600.85,585.5,588.35,2146031
2016-07-27,588.65,596.35,582.45,588.5,2179919
2016-07-28,589.45,592.9,575.05,583.8,4264790
2016-07-29,587.6,597.0,582.6,592.65,1765610
2016-08-01,596.95,603.5,590.25,594.6,2221695
2016-08-02,596.55,599.7,577.15,579.35,2678667
2016-08-03,580.0,583.05,567.75,572.9,2845673
2016-08-04,574.25,578.1,558.0,569.3,2484156
2016-08-05,575.8,587.8,573.55,586.55,2765680
2016-08-08,593.1,617.7,589.0,606.75,8163556
2016-08-09,608.95,613.75,592.4,595.65,4917268
2016-08-10,597.55,604.5,578.4,583.55,4158402
2016-08-11,589.0,600.0,581.0,596.85,4216107
2016-08-12,589.2,594.5,574.95,579.95,3005776
2016-08-16,580.0,602.5,578.2,596.4,3269381
2016-08-17,596.0,598.8,583.55,587.35,1957059
2016-08-18,588.1,596.9,585.0,587.1,2535376
2016-08-19,589.0,595.1,581.3,593.2,2603708
2016-08-22,595.0,605.4,593.75,597.5,3289487
2016-08-23,601.0,602.1,571.5,576.1,3760023
2016-08-24,580.0,585.9,575.05,581.75,3660572
2016-08-25,587.0,600.0,581.1,598.25,5646779
2016-08-26,597.9,601.95,593.1,595.75,3074469
2016-08-29,596.95,601.8,593.9,598.8,2451442
2016-08-30,602.8,611.35,601.5,608.25,2978395
2016-08-31,609.0,609.95,597.6,602.6,9920847
2016-09-01,600.3,606.95,583.5,586.8,3724608
2016-09-02,590.0,591.0,581.3,586.75,2598224
2016-09-06,592.5,599.9,588.75,598.6,2275751
2016-09-07,599.9,599.95,587.05,589.8,1646553
2016-09-08,590.0,593.05,584.45,587.2,2110088
2016-09-09,587.1,595.0,585.05,588.55,1825706
2016-09-12,580.35,585.6,563.1,565.9,2745541
2016-09-14,571.6,578.5,566.4,575.35,2397330
2016-09-15,579.8,579.8,565.4,568.15,1934028
2016-09-16,575.0,581.9,569.1,577.95,11505994
2016-09-19,581.0,587.6,579.85,585.2,2150046
2016-09-20,587.0,589.95,582.8,585.75,2093194
2016-09-21,590.0,595.4,580.15,586.8,1773718
2016-09-22,593.0,600.5,588.7,598.8,2585088
2016-09-23,601.3,608.15,600.6,604.65,2083872
2016-09-26,605.0,624.9,595.3,622.45,3162720
2016-09-27,628.2,628.6,608.4,610.75,2788078
2016-09-28,612.0,619.75,609.45,616.3,1387151
2016-09-29,615.7,622.85,600.4,610.15,4478599
2016-09-30,605.0,618.7,604.0,612.6,1758366
2016-10-03,616.0,630.5,615.0,627.75,1837223
2016-10-04,628.25,639.0,628.05,637.45,1619606
2016-10-05,637.7,652.05,627.0,649.9,1679388
2016-10-06,653.7,683.6,652.0,670.7,3359114
2016-10-07,674.9,679.9,656.0,663.55,1916720
2016-10-10,664.0,666.9,653.3,657.8,1568578
2016-10-13,653.0,670.45,645.9,657.1,3260331
2016-10-14,660.95,672.4,659.0,666.85,1741447
2016-10-17,673.8,674.7,656.1,659.1,2027031
2016-10-18,661.0,663.6,646.0,656.75,1755878
2016-10-19,658.05,669.7,655.8,660.6,1825292
2016-10-20,661.0,665.0,654.05,662.15,1548834
2016-10-21,665.0,671.5,661.7,668.25,1321948
2016-10-24,669.5,687.95,667.05,686.2,1880593
2016-10-25,681.1,687.5,673.3,685.45,1785357
2016-10-26,683.4,686.45,670.9,676.05,1908868
2016-10-27,669.0,680.25,665.15,676.6,2285266
2016-10-28,673.0,676.5,666.35,669.05,1877422
2016-11-01,671.05,679.85,667.15,676.15,1506938
2016-11-02,670.0,670.0,655.0,660.15,1399984
2016-11-03,663.7,664.0,640.8,644.05,1909508
2016-11-04,643.0,649.4,632.0,643.5,1885359
2016-11-07,648.0,666.5,646.6,660.1,1624305
2016-11-08,657.0,667.9,654.35,660.55,1378538
2016-11-09,635.0,669.0,626.6,659.95,1900364
2016-11-10,658.5,672.95,658.5,664.55,2279596
2016-11-11,650.0,660.5,644.95,649.6,2854892
2016-11-15,646.3,654.8,621.55,643.6,6595039
2016-11-16,650.0,661.05,629.15,634.15,3657738
2016-11-17,635.0,643.8,621.15,635.5,4539889
2016-11-18,636.15,646.75,634.0,642.55,3661561
2016-11-21,646.7,647.5,630.05,633.85,3136029
2016-11-22,634.5,644.6,634.0,640.9,2862443
2016-11-23,640.0,643.0,624.4,633.9,3069816
2016-11-24,628.1,643.9,626.55,638.1,2679576
2016-11-25,641.0,647.3,635.2,639.4,1483869
2016-11-28,641.0,663.75,640.05,651.3,4149321
2016-11-29,653.0,657.65,642.0,643.8,2561458
2016-11-30,645.5,651.0,635.6,643.95,25612966
2016-12-01,636.8,640.0,618.55,628.9,3216221
2016-12-02,620.0,624.7,605.45,608.15,4917522
2016-12-05,604.9,616.95,598.15,604.2,2722118
2016-12-06,608.0,615.95,605.1,612.95,2257523
2016-12-07,616.0,634.0,615.4,632.15,2675721
2016-12-08,641.0,641.85,632.2,638.05,1782709
2016-12-09,637.8,638.0,625.3,634.65,2156690
2016-12-12,627.9,631.8,610.0,611.85,2132889
2016-12-13,612.1,631.0,609.5,628.65,1562100
2016-12-14,626.9,633.0,618.15,620.6,1620694
2016-12-15,619.9,630.8,608.4,615.65,2777094
2016-12-16,610.0,616.75,604.0,611.1,2257093
2016-12-19,618.9,623.0,610.1,611.85,1995500
2016-12-20,614.4,618.05,609.15,612.05,1922814
2016-12-21,611.6,616.35,602.4,613.8,2150453
2016-12-22,614.8,615.65,605.9,610.75,841283
2016-12-23,609.75,616.25,607.25,610.9,849018
2016-12-26,611.0,611.05,600.4,602.25,815356
2016-12-27,603.0,616.95,601.2,615.55,1109063
2016-12-28,616.0,619.5,610.35,615.15,2335946
2016-12-29,615.5,645.0,614.05,639.65,4990830
2016-12-30,635.55,638.45,630.0,635.5,1558782
2017-01-02,640.0,644.75,637.4,640.5,1126768
2017-01-03,644.0,658.0,636.6,650.55,3157385
2017-01-04,649.8,660.9,641.85,655.45,2785408
2017-01-05,654.5,674.45,653.0,672.7,2480499
2017-01-06,671.0,681.0,661.55,664.85,1651118
2017-01-09,664.25,667.65,651.0,653.1,1173572
2017-01-10,659.75,676.0,658.3,660.3,1963249
2017-01-11,662.0,666.0,654.7,660.9,1672905
2017-01-12,662.0,668.7,657.15,659.3,1049093
2017-01-13,664.9,664.9,651.0,657.65,1185483
2017-01-16,662.65,671.1,655.6,668.1,1311060
2017-01-17,669.95,672.45,662.05,664.95,879058
2017-01-18,664.1,664.15,650.3,655.45,2106126
2017-01-19,657.1,676.7,654.1,673.9,1817843
2017-01-20,672.0,676.0,662.0,664.75,1363184
2017-01-23,662.0,682.0,661.5,677.05,1700482
2017-01-24,677.0,688.2,673.7,682.4,1855497
2017-01-25,686.0,718.3,677.65,711.2,3631073
2017-01-27,713.0,726.8,691.3,704.75,1911251
2017-01-30,706.4,708.0,694.7,704.65,976208
2017-01-31,705.5,705.5,677.05,681.65,2274551
2017-02-01,682.05,697.2,673.2,692.75,1842902
2017-02-02,695.0,713.0,694.4,701.9,1594154
2017-02-03,701.0,701.8,688.8,698.6,1632140
2017-02-06,703.4,711.3,699.0,705.35,1210895
2017-02-07,707.7,722.95,704.05,716.65,2278978
2017-02-08,718.7,727.0,714.1,720.5,2335084
2017-02-09,725.0,729.0,721.05,726.85,1978289
2017-02-10,733.0,733.0,712.0,715.55,2511349
2017-02-13,715.0,718.9,710.05,714.55,965865
2017-02-14,716.7,716.8,686.8,692.05,1815633
2017-02-15,692.0,699.8,668.0,674.7,3226848
2017-02-16,670.55,677.15,662.0,669.4,3426844
2017-02-17,670.6,683.45,665.05,679.0,1945661
2017-02-20,682.5,702.0,680.05,700.25,1947081
2017-02-21,705.0,717.0,701.1,703.95,1625624
2017-02-22,705.0,718.0,703.6,714.3,2467527
2017-02-23,715.0,721.65,706.65,717.65,3012465
2017-02-27,714.0,724.8,700.9,707.7,2186409
2017-02-28,690.0,694.9,668.0,670.05,5014195
2017-03-01,675.0,676.9,653.4,659.45,3655291
2017-03-02,661.95,665.4,630.85,635.15,5939504
2017-03-03,633.9,635.4,615.25,632.8,7891413
2017-03-06,637.3,643.4,632.4,637.55,3298606
2017-03-07,641.0,648.7,638.8,645.9,2302760
2017-03-08,645.5,650.35,630.1,639.0,2149074
2017-03-09,644.15,644.4,630.45,632.0,2103688
2017-03-10,635.9,636.95,620.1,623.35,2435473
2017-03-14,636.0,641.0,629.0,636.7,3122006
2017-03-15,635.25,643.85,632.85,636.5,1504272
2017-03-16,639.0,649.4,637.05,647.75,1874814
2017-03-17,650.0,650.0,638.05,642.1,2234658
2017-03-20,640.0,648.0,635.35,643.6,1194245
2017-03-21,642.0,649.0,633.8,641.9,1860373
2017-03-22,636.65,648.5,628.05,645.0,1964157
2017-03-23,655.0,660.0,648.1,655.05,3828836
2017-03-24,650.0,652.0,645.1,649.7,1835168
2017-03-27,649.8,653.9,640.95,643.15,1863308
2017-03-28,641.5,648.4,640.0,645.95,1141767
2017-03-29,647.5,650.5,641.05,643.1,1387916
2017-03-30,643.1,646.5,638.45,640.65,3104296
2017-03-31,644.0,658.0,642.05,649.85,2458379
2017-04-03,649.0,649.55,636.6,638.4,1008889
2017-04-05,643.2,643.3,631.2,637.75,3364439
2017-04-06,637.8,647.6,632.5,646.2,1842257
2017-04-07,643.0,679.5,642.55,675.35,5260351
2017-04-10,680.0,704.85,680.0,700.3,5161028
2017-04-11,703.9,713.6,700.2,710.4,3565925
2017-04-12,713.4,721.65,698.25,717.3,2189893
2017-04-13,720.85,741.95,711.05,731.1,3211310
2017-04-17,729.0,738.0,718.65,723.75,1544672
2017-04-18,725.5,736.55,722.15,724.2,1743515
2017-04-19,723.4,731.7,711.7,722.9,1830694
2017-04-20,725.25,729.85,720.0,721.3,1233262
2017-04-21,724.45,727.35,713.2,715.8,1212266
2017-04-24,716.2,720.0,706.05,714.85,1415916
2017-04-25,717.0,741.8,717.0,739.35,2445899
2017-04-26,741.9,744.9,722.5,731.75,1324304
2017-04-27,731.8,738.45,723.75,736.0,1117145
2017-04-28,739.0,739.7,716.75,719.25,1336711
2017-05-02,727.0,743.0,721.25,739.85,2209271
2017-05-03,744.0,753.55,728.5,736.2,2474078
2017-05-04,741.0,741.0,719.8,731.5,1764395
2017-05-05,735.0,745.0,720.0,724.75,2559463
2017-05-08,726.0,729.6,710.1,715.6,1846513
2017-05-09,717.5,723.0,710.35,721.4,1280378
2017-05-10,727.8,730.0,720.45,728.25,1506573
2017-05-11,732.25,735.4,725.0,730.65,1338187
2017-05-12,730.6,735.95,725.0,733.15,1006454
2017-05-15,734.65,736.0,723.0,727.85,839675
2017-05-16,727.0,735.0,723.0,733.3,871521
2017-05-17,732.9,734.0,723.5,727.45,1141029
2017-05-18,722.2,727.5,711.0,714.9,1047741
2017-05-19,715.25,722.45,700.0,702.45,1069546
2017-05-22,701.0,701.0,686.55,695.6,1506937
2017-05-23,694.2,706.0,688.4,699.55,1792660
2017-05-24,703.0,716.7,691.25,711.9,2350022
2017-05-25,714.7,733.0,707.0,726.85,3558464
2017-05-26,722.1,753.95,703.0,749.65,3807638
2017-05-29,754.0,769.25,747.0,754.85,4288268
2017-05-30,743.75,744.95,725.7,738.75,2473708
2017-05-31,740.2,748.15,738.0,742.65,2197498
2017-06-01,739.4,746.8,728.95,739.0,1503332
2017-06-02,738.8,740.0,722.85,724.8,1325119
2017-06-05,725.0,737.6,723.65,728.55,1346477
2017-06-06,731.0,736.0,723.65,725.55,1533652
2017-06-07,727.0,727.4,711.0,717.3,2865029
2017-06-08,724.85,728.5,705.2,706.85,2230516
2017-06-09,709.2,711.35,695.5,703.75,1946776
2017-06-12,704.9,706.7,699.0,701.7,1739368
2017-06-13,706.7,708.65,697.35,699.0,823765
2017-06-14,699.0,700.2,689.4,692.0,1896344
2017-06-15,692.0,695.0,663.5,670.4,4483215
2017-06-16,677.1,683.65,670.5,673.8,4679690
2017-06-19,677.0,678.7,666.0,667.15,2036679
2017-06-20,668.05,671.85,662.2,664.75,2195045
2017-06-21,667.0,667.0,651.15,654.4,2679260
2017-06-22,652.2,654.6,637.0,641.8,3402724
2017-06-23,645.0,646.05,628.6,630.75,1757857
2017-06-27,629.0,629.0,599.0,612.05,9429084
2017-06-28,610.0,624.6,608.65,616.7,3532200
2017-06-29,617.5,633.3,617.0,626.05,5277522
2017-06-30,624.05,641.3,622.35,639.4,4307467
2017-07-03,640.1,651.35,640.1,649.35,3588253
2017-07-04,647.7,665.0,645.95,657.2,7443636
2017-07-05,658.0,663.75,656.35,662.1,1720386
2017-07-06,663.9,664.0,657.5,660.05,2409907
2017-07-07,661.0,669.75,659.1,663.95,3653118
2017-07-10,645.2,691.2,645.2,664.65,489540
2017-07-11,668.9,680.8,664.25,678.3,3743038
2017-07-12,684.0,687.0,678.25,683.7,3134866
2017-07-13,458.0,465.75,454.4,458.55,3875953
2017-07-14,462.9,464.4,456.1,460.8,2661189
2017-07-17,461.0,469.0,460.0,467.45,2040756
2017-07-18,467.45,475.0,464.35,468.6,2797527
2017-07-19,470.0,472.95,465.6,469.85,2545148
2017-07-20,468.85,471.5,463.45,467.2,1799528
2017-07-21,467.2,468.9,461.4,467.15,2005524
2017-07-24,466.1,472.75,464.9,466.2,2591181
2017-07-25,466.25,468.6,463.75,466.9,4180442
2017-07-26,466.5,472.55,466.5,471.4,3228336
2017-07-27,471.4,480.0,471.05,477.2,3556685
2017-07-28,474.0,480.5,469.4,475.6,3727475
2017-07-31,472.55,478.1,468.65,471.15,3000612
2017-08-01,472.1,486.95,472.0,485.6,3492479
2017-08-02,485.6,489.5,484.7,486.3,3574128
2017-08-03,489.3,498.7,485.1,490.0,6212375
2017-08-04,491.4,525.5,491.0,517.9,5406360
2017-08-07,520.0,529.0,514.55,527.7,4681753
2017-08-08,527.7,528.55,502.75,505.05,4298541
2017-08-09,501.5,512.2,493.0,495.95,3120575
2017-08-10,493.9,495.0,471.6,481.5,4848050
2017-08-11,475.15,491.95,472.05,484.3,4211969
2017-08-14,483.5,483.5,465.3,478.35,4842669
2017-08-16,479.85,488.2,474.0,483.95,3202080
2017-08-17,485.0,504.3,480.15,493.7,4640313
2017-08-18,493.0,511.6,488.0,503.3,5973154
2017-08-21,506.3,515.8,495.1,497.75,4359678
2017-08-22,493.5,513.0,493.5,510.35,4590059
2017-08-23,514.95,514.95,506.1,509.7,3071333
2017-08-24,510.35,514.5,504.25,508.2,2927916
2017-08-28,508.3,509.85,500.5,508.0,3110427
2017-08-29,508.0,518.45,501.45,504.1,3872671
2017-08-30,510.9,524.3,508.0,520.95,4117206
2017-08-31,520.5,534.45,516.9,529.0,5963684
2017-09-01,532.0,539.85,525.1,537.4,3655195
2017-09-04,537.4,546.1,527.5,531.15,4481134
2017-09-05,530.1,541.5,527.5,539.25,2009172
2017-09-06,537.3,537.3,529.75,534.9,1845891
2017-09-07,538.0,538.75,521.95,524.1,3264681
2017-09-08,525.0,527.7,511.2,513.35,3212539
2017-09-11,519.0,523.8,510.5,512.25,3026548
2017-09-12,515.9,535.15,512.55,533.85,3957122
2017-09-13,536.0,540.4,489.0,500.2,8981024
2017-09-14,520.0,524.9,487.05,500.5,15828064
2017-09-15,500.0,503.0,491.25,497.25,5342585
2017-09-18,504.0,506.8,493.35,497.95,2851570
2017-09-19,498.9,508.2,493.65,506.9,3969923
2017-09-20,507.0,507.0,492.5,494.3,6309697
2017-09-21,495.0,500.0,490.75,496.15,5455368
2017-09-22,494.05,497.25,483.1,492.0,4810438
2017-09-25,487.7,492.5,478.25,487.15,3637371
2017-09-26,483.0,485.55,460.05,469.25,9210056
2017-09-27,472.0,476.5,462.65,465.6,5548780
2017-09-28,463.3,465.4,449.4,462.85,6846279
2017-09-29,466.0,476.0,462.1,471.3,6028154
2017-10-03,477.0,481.7,467.0,478.85,3270183
2017-10-04,493.25,493.4,476.35,486.15,4929189
2017-10-05,482.1,484.75,475.2,480.1,2928097
2017-10-06,480.0,492.8,478.15,489.6,2496805
2017-10-09,486.0,492.05,479.6,481.25,3036615
2017-10-10,482.0,484.25,476.1,482.3,3175579
2017-10-11,481.05,496.0,479.3,489.35,6006098
2017-10-12,490.25,494.25,486.5,491.6,2321678
2017-10-13,492.4,494.0,484.0,488.7,3247000
2017-10-16,490.0,501.0,489.0,498.4,4149330
2017-10-17,498.0,514.5,494.05,512.75,4449253
2017-10-18,513.75,519.45,508.0,513.6,2687829
2017-10-19,516.45,516.45,504.8,508.15,206300
2017-10-23,509.95,519.6,508.1,511.3,2140573
2017-10-24,513.5,516.35,505.3,509.65,2070164
2017-10-25,515.0,515.0,505.0,509.8,3190106
2017-10-26,510.0,539.85,509.45,536.45,7486609
2017-10-27,541.45,548.75,523.35,527.95,9078313
2017-10-30,526.5,551.55,524.6,536.25,3421726
2017-10-31,535.55,544.35,527.0,541.6,3195489
2017-11-01,542.0,544.9,534.05,539.8,2464379
2017-11-02,544.9,546.6,535.5,542.85,2486376
2017-11-03,540.2,543.5,531.2,533.1,2226073
2017-11-06,533.2,533.25,521.0,524.2,3386236
2017-11-07,525.0,525.05,508.4,521.4,4163902
2017-11-08,524.95,527.15,511.2,520.2,2305081
2017-11-09,520.65,526.0,515.0,522.15,2260061
2017-11-10,516.0,516.3,508.05,512.1,2686694
2017-11-13,517.2,517.8,493.35,500.6,4389689
2017-11-14,495.75,500.0,487.45,493.05,3148613
2017-11-15,495.0,508.8,495.0,504.7,4117602
2017-11-16,507.0,509.75,492.8,499.35,2605098
2017-11-17,504.6,507.0,495.45,504.0,2980186
2017-11-20,502.55,507.8,496.5,504.45,1790444
2017-11-21,506.0,514.5,499.25,511.5,4044509
2017-11-22,514.3,514.4,503.6,507.7,2000237
2017-11-23,507.0,513.0,501.25,505.15,3451343
2017-11-24,503.0,511.85,502.95,511.0,1761995
2017-11-27,507.0,510.55,501.5,508.45,2732306
2017-11-28,505.0,508.8,500.3,507.6,4066465
2017-11-29,507.4,516.5,503.05,507.8,2759777
2017-11-30,505.8,513.65,501.3,503.85,6083478
2017-12-01,504.8,507.65,493.65,496.4,1651505
2017-12-04,497.0,500.0,490.45,496.2,1562380
2017-12-05,495.5,505.0,495.05,500.9,2398200
2017-12-06,501.15,502.9,489.35,490.95,2928030
2017-12-07,491.0,500.0,491.0,499.1,1350279
2017-12-08,498.5,515.9,498.45,514.45,2816688
2017-12-11,519.85,521.65,512.2,514.2,2567093
2017-12-12,517.0,517.9,497.1,498.95,1976642
2017-12-13,500.0,512.5,495.05,506.3,3006485
2017-12-14,509.95,515.7,505.45,513.55,3908315
2017-12-15,524.0,525.0,516.2,523.05,3885064
2017-12-18,522.4,529.85,505.35,526.4,4986311
2017-12-19,529.0,533.95,526.05,533.05,3899556
2017-12-20,534.0,534.9,526.95,532.05,2725082
2017-12-21,531.0,540.5,528.25,535.1,2747860
2017-12-22,533.1,536.6,529.3,535.15,1886590
2017-12-26,534.9,542.5,530.8,538.9,2023385
2017-12-27,534.95,541.2,531.25,533.4,1783603
2017-12-28,531.65,537.9,522.1,526.2,4992425
2017-12-29,523.25,529.75,515.4,517.7,1604217
2018-01-01,518.0,523.0,507.2,508.6,1940293
2018-01-02,511.3,512.95,497.2,499.8,2536583
2018-01-03,500.15,504.9,493.4,494.9,3870814
2018-01-04,495.0,495.5,490.5,491.5,2720308
2018-01-05,491.0,494.0,483.7,487.7,2939239
2018-01-08,490.0,501.5,490.0,497.2,4990626
2018-01-09,499.0,500.75,491.25,496.1,3653710
2018-01-10,494.55,498.2,493.5,494.3,3121408
2018-01-11,495.0,495.0,488.75,492.4,2958652
2018-01-12,490.5,493.0,487.65,489.9,2808710
2018-01-15,490.2,493.9,485.8,487.2,4078228
2018-01-16,488.0,488.15,475.45,479.45,4661889
2018-01-17,479.0,484.0,474.75,479.85,3397744
2018-01-18,480.1,482.75,468.0,470.25,3671246
2018-01-19,471.9,478.5,465.4,477.3,3908165
2018-01-22,480.0,480.05,465.25,469.15,2168115
2018-01-23,472.9,483.0,469.0,481.15,3779440
2018-01-24,481.0,482.5,473.15,480.5,2540792
2018-01-25,486.0,486.5,473.6,480.65,4016765
2018-01-29,480.5,480.55,468.25,469.8,2647116
2018-01-30,469.2,492.6,468.95,485.6,6592554
2018-01-31,486.0,493.6,483.35,492.3,6111327
2018-02-01,491.1,493.9,481.45,490.35,3649443
2018-02-02,483.05,492.6,472.35,477.15,2990091
2018-02-05,470.0,488.75,466.05,475.95,3435092
2018-02-06,465.0,477.9,465.0,467.2,3148093
2018-02-07,473.05,481.6,468.65,476.25,3631470
2018-02-08,483.4,494.0,476.8,478.2,6038834
2018-02-09,476.0,479.9,468.7,475.4,2862450
2018-02-12,481.0,481.8,462.5,467.55,4569433
2018-02-14,469.0,469.9,459.1,460.1,4451284
2018-02-15,461.0,476.65,461.0,475.05,4723739
2018-02-16,477.0,477.75,465.0,465.7,2413209
2018-02-19,468.0,468.25,453.4,456.85,1842905
2018-02-20,457.2,459.6,451.85,453.05,2250010
2018-02-21,458.15,458.15,440.1,447.55,9163043
2018-02-22,431.2,435.85,425.45,427.45,8907361
2018-02-23,429.05,433.0,422.7,429.9,3418049
2018-02-26,434.0,443.0,431.1,433.0,5897086
2018-02-27,435.5,436.35,424.45,426.95,6814803
2018-02-28,425.0,430.85,424.15,429.55,6071324
2018-03-01,432.0,443.9,430.2,441.9,6222197
2018-03-05,441.55,441.75,433.0,434.3,2843005
2018-03-06,441.0,455.0,435.5,445.2,7854169
2018-03-07,445.1,448.65,438.7,443.4,3474437
2018-03-08,446.0,446.95,431.6,442.2,3945689
2018-03-09,443.2,444.9,438.0,439.4,3712782
2018-03-12,440.0,448.0,437.95,446.75,2541996
2018-03-13,447.0,468.4,445.55,466.65,4170537
2018-03-14,464.0,464.45,457.45,462.8,2851889
2018-03-15,462.0,465.5,456.1,462.05,1828571
2018-03-16,456.5,458.5,443.0,447.55,6147327
2018-03-19,446.0,446.0,429.0,430.75,4955340
2018-03-20,429.0,438.8,422.5,424.9,2812798
2018-03-21,426.7,434.5,424.75,430.65,2900337
2018-03-22,432.5,432.5,413.6,414.7,4748632
2018-03-23,409.9,417.55,406.25,413.45,3663740
2018-03-26,412.5,422.8,402.5,419.55,3729942
2018-03-27,422.8,426.0,415.15,420.75,4748218
2018-03-28,419.0,430.0,415.65,427.45,5863342
2018-04-02,428.85,433.5,422.25,423.4,2292147
2018-04-03,423.7,429.8,423.7,426.25,3570144
2018-04-04,429.0,429.0,413.8,414.95,2451414
2018-04-05,417.65,423.6,416.55,422.45,1836525
2018-04-06,423.0,435.2,423.0,433.95,3530121
2018-04-09,437.9,453.85,435.0,450.35,6248014
2018-04-10,454.0,454.5,439.2,451.15,5034563
2018-04-11,446.95,451.0,415.1,417.3,18488413
2018-04-12,414.0,423.25,402.45,418.65,19347963
2018-04-13,421.0,421.95,403.5,405.4,8810694
2018-04-16,405.0,410.85,400.05,408.2,5507775
2018-04-17,410.0,412.4,403.45,410.65,6389248
2018-04-18,407.2,409.0,402.55,405.2,5162348
2018-04-19,396.0,397.85,375.35,376.55,15936417
2018-04-20,371.85,381.9,369.85,371.4,11704053
2018-04-23,376.0,385.2,373.6,381.35,8684457
2018-04-24,376.1,388.45,376.0,383.7,6391570
2018-04-25,385.3,390.95,382.15,385.8,6676411
2018-04-26,388.3,388.3,377.2,385.5,3946642
2018-04-27,387.85,394.75,383.2,390.15,4446504
2018-04-30,395.0,396.45,384.1,387.35,3962157
2018-05-02,390.6,391.25,380.0,380.95,2297416
2018-05-03,380.2,380.55,374.0,377.7,2889031
2018-05-04,375.0,383.55,372.1,380.2,3667556
2018-05-07,375.5,388.3,374.0,385.8,3809454
2018-05-08,381.0,395.4,381.0,392.6,5972247
2018-05-09,381.25,387.5,377.45,385.45,10857613
2018-05-10,385.9,391.35,380.85,390.2,4196834
2018-05-11,389.25,400.5,389.25,399.3,4525599
2018-05-14,402.0,410.4,399.45,404.2,4045396
2018-05-15,402.0,413.0,399.55,405.8,5175926
2018-05-16,405.8,405.8,396.1,398.35,4858677
2018-05-17,395.0,395.0,385.15,390.6,6449296
2018-05-18,389.0,392.75,382.7,386.35,6591571
2018-05-21,388.0,394.7,385.5,393.85,4331525
2018-05-22,395.5,400.45,388.4,397.6,5789219
2018-05-23,393.8,394.5,370.05,373.95,9982653
2018-05-24,376.0,376.85,359.55,371.35,8733949
2018-05-25,371.0,383.0,367.25,380.55,8218196
2018-05-28,395.0,405.35,393.0,402.0,7161336
2018-05-29,402.1,410.65,400.3,405.35,4902822
2018-05-30,407.5,409.0,395.95,400.25,6102774
2018-05-31,400.25,407.7,392.95,403.95,8807443
2018-06-01,405.0,411.5,403.55,409.25,5185052
2018-06-04,411.1,417.05,393.05,408.5,7862335
2018-06-05,409.9,410.45,403.05,405.35,3511616
2018-06-06,408.0,412.0,405.1,410.0,2931303
2018-06-07,411.0,417.85,410.2,416.05,3043594
2018-06-08,412.1,412.8,404.9,409.85,3242037
2018-06-11,410.0,418.0,408.6,414.4,6333917
2018-06-12,418.0,420.5,414.7,415.1,3432976
2018-06-13,417.5,421.45,413.6,419.9,5181852
2018-06-14,419.9,419.9,413.7,416.35,3748520
2018-06-15,416.5,416.6,409.3,412.25,6200928
2018-06-18,419.5,429.15,415.75,423.1,6473424
2018-06-19,418.85,420.0,408.45,413.6,4299021
2018-06-20,415.0,418.0,405.05,410.7,3012519
2018-06-21,414.9,426.4,407.25,421.95,4296333
2018-06-22,423.0,429.0,420.2,426.35,7297576
2018-06-25,424.0,425.0,409.3,412.0,5366864
2018-06-26,407.65,417.75,407.5,415.25,4210730
2018-06-27,408.0,408.7,378.4,382.8,8500664
2018-06-28,372.0,385.2,363.5,366.95,13350963
2018-06-29,370.0,378.9,361.85,373.3,6923201
2018-07-02,375.0,378.0,367.25,369.2,4534866
2018-07-03,367.75,376.75,364.1,373.9,3996833
2018-07-04,373.0,375.45,364.65,367.85,3360223
2018-07-05,371.7,375.5,369.1,371.55,4211975
2018-07-06,375.0,381.4,372.55,374.55,6921258
2018-07-09,376.0,378.6,371.1,376.3,2290472
2018-07-10,376.4,377.75,373.55,375.25,1687856
2018-07-11,375.9,379.0,363.75,366.5,4161891
2018-07-12,386.0,386.0,376.05,377.35,6037471
2018-07-13,381.1,389.0,375.3,386.65,5863561
2018-07-16,385.0,392.0,379.9,382.2,3535136
2018-07-17,389.95,395.5,384.6,392.65,7021980
2018-07-18,396.0,404.85,393.9,402.35,6700271
2018-07-19,399.9,402.95,391.45,398.3,2945262
2018-07-20,394.1,395.0,384.15,388.85,4250615
2018-07-23,391.5,400.5,384.6,389.7,3779284
2018-07-24,392.7,397.95,389.65,396.95,2829717
2018-07-25,391.35,399.3,388.55,395.65,2749066
2018-07-26,390.75,396.3,387.7,388.9,5872115
2018-07-27,390.0,399.0,384.05,397.2,3490928
2018-07-30,399.0,407.5,392.7,395.75,4155413
2018-07-31,391.1,392.9,385.65,389.75,3896168
2018-08-01,395.0,399.9,393.2,396.0,4396488
2018-08-02,401.4,404.0,397.5,401.8,4192400
2018-08-03,398.0,405.0,396.0,400.95,2911929
2018-08-06,400.0,404.0,399.45,401.0,1741153
2018-08-07,401.0,402.3,392.6,394.1,1905451
2018-08-08,395.0,397.85,383.15,387.3,4234812
2018-08-09,397.5,397.5,385.9,388.95,5418177
2018-08-10,391.45,404.0,387.6,401.6,5553298
2018-08-13,400.4,400.4,376.5,379.7,4383497
2018-08-14,382.5,383.45,375.75,376.65,4304827
2018-08-16,380.0,384.0,375.25,378.3,3910069
2018-08-17,381.0,381.0,375.1,377.6,2717107
2018-08-20,378.1,382.25,374.45,375.95,3398521
2018-08-21,378.5,378.5,368.1,368.75,5566455
2018-08-23,369.3,369.65,357.0,357.75,7090247
2018-08-24,358.25,362.0,353.5,356.95,4865929
2018-08-27,358.5,362.35,357.0,361.55,3173548
2018-08-28,361.55,364.9,357.15,358.55,3873689
2018-08-29,358.5,363.3,357.0,361.7,3368409
2018-08-30,359.9,364.5,357.85,363.35,4065049
2018-08-31,356.0,366.3,356.0,362.1,6004323
2018-09-03,365.5,365.5,358.6,360.1,2179617
2018-09-04,358.5,359.85,350.0,351.3,3627260
2018-09-05,349.5,355.75,345.5,349.1,3936302
2018-09-06,351.15,354.95,349.65,353.6,3767662
2018-09-07,355.4,359.5,353.05,356.95,3489651
2018-09-11,345.8,349.0,337.1,338.05,4888147
2018-09-14,340.15,356.6,340.0,354.5,9330736
2018-09-17,353.05,367.25,348.1,364.0,8976872
2018-09-18,365.0,369.25,352.2,355.1,6186710
2018-09-19,357.5,366.6,353.65,365.05,4710916
2018-09-21,370.15,378.95,361.65,376.5,8147865
2018-09-24,375.25,383.45,365.55,367.4,6565681
2018-09-25,358.0,365.45,355.1,364.2,3946701
2018-09-26,370.8,370.8,361.35,368.65,3152317
2018-09-27,367.95,374.75,365.3,372.2,3431012
2018-09-28,373.3,377.4,365.65,374.15,3814888
2018-10-01,372.0,372.75,360.25,368.35,3158157
2018-10-03,362.9,381.8,359.35,377.85,4871882
2018-10-04,372.0,383.8,303.85,331.15,9920597
2018-10-05,298.05,298.05,238.55,265.3,55720377
2018-10-08,273.0,279.95,257.05,264.9,25730600
2018-10-09,267.0,268.1,255.2,257.2,12179626
2018-10-10,258.9,273.55,256.0,265.4,9024397
2018-10-11,262.0,284.5,259.2,278.15,21987920
2018-10-12,289.0,295.7,280.1,288.9,11268098
2018-10-15,290.9,300.7,277.5,296.35,9146418
2018-10-16,296.5,305.5,291.7,302.1,7872391
2018-10-17,303.0,304.45,283.2,285.15,6519818
2018-10-19,290.1,291.9,280.4,283.55,11469464
2018-10-22,285.45,286.95,270.1,271.15,4792671
2018-10-23,268.0,273.7,260.5,269.55,8756457
2018-10-24,278.95,286.0,274.45,281.55,13895599
2018-10-25,278.55,282.3,274.2,277.0,9059983
2018-10-26,277.25,280.5,266.5,275.2,7291686
2018-10-29,277.9,281.0,270.5,277.35,4994246
2018-10-30,271.05,273.7,264.05,266.35,10499832
2018-10-31,266.35,276.45,264.1,275.1,5814220
2018-11-01,278.2,287.0,275.1,283.45,7515034
2018-11-02,295.0,308.0,292.2,302.35,17132661
2018-11-05,302.0,302.45,290.0,291.8,3944595
2018-11-06,291.65,294.4,284.0,285.1,3258280
2018-11-07,288.0,289.95,286.4,288.75,529542
2018-11-09,293.9,297.9,290.3,296.85,6557964
2018-11-12,294.5,301.15,290.05,291.2,6014731
2018-11-13,295.2,304.6,295.2,303.15,7713771
2018-11-14,313.0,329.4,312.85,315.95,14830631
2018-11-15,315.5,323.45,308.5,321.85,5867109
2018-11-16,319.6,325.25,315.9,322.05,4971098
2018-11-19,320.75,324.55,316.9,322.95,2741478
2018-11-20,325.2,329.95,321.1,322.9,4442573
2018-11-21,337.0,342.85,325.3,326.6,7762147
2018-11-22,326.8,328.0,317.55,320.1,3572378
2018-11-26,330.1,332.9,323.45,327.35,7145152
2018-11-27,325.55,336.5,322.15,335.5,5145814
2018-11-28,334.7,335.3,318.6,320.15,5122465
2018-11-29,327.35,332.0,325.2,328.5,8891722
2018-11-30,329.1,331.8,320.4,324.4,9121147
2018-12-03,322.0,326.95,317.65,323.95,4579421
2018-12-04,322.0,334.9,320.5,333.7,5235211
2018-12-05,332.15,338.35,328.05,329.45,4769965
2018-12-06,328.0,331.55,323.0,324.9,3606906
2018-12-07,328.4,330.95,321.45,325.4,5147209
2018-12-10,318.0,332.5,317.2,330.25,5809027
2018-12-11,326.0,330.0,321.6,326.75,5430906
2018-12-12,326.7,330.25,324.4,329.4,3128563
2018-12-13,329.75,337.3,329.75,334.9,2985438
2018-12-14,334.65,349.4,330.75,345.3,3599106
2018-12-17,345.0,351.95,341.45,350.35,3727207
2018-12-18,353.1,357.6,348.7,353.25,4493815
2018-12-19,358.4,363.0,355.1,361.75,3675214
2018-12-20,357.0,371.9,356.1,371.1,3608758
2018-12-21,374.7,376.1,368.1,374.65,5232821
2018-12-24,374.1,376.5,363.8,364.95,3245626
2018-12-26,368.8,371.3,358.2,366.35,6477931
2018-12-27,361.0,368.75,354.9,364.6,7312769
2018-12-28,361.8,369.8,360.2,361.9,4677713
2018-12-31,361.9,364.8,358.8,362.75,3391001
2019-01-01,361.05,369.3,360.0,367.2,1552711
2019-01-02,366.0,366.0,346.75,357.95,9862795
2019-01-03,352.0,354.8,348.15,352.5,4986130
2019-01-04,351.8,361.7,351.5,359.45,3858610
2019-01-07,360.0,362.8,354.0,355.55,2895410
2019-01-08,355.1,355.9,350.05,351.95,2171045
2019-01-09,351.0,351.5,338.0,340.05,4565866
2019-01-10,336.9,338.75,333.0,335.6,4886802
2019-01-11,336.0,339.7,334.55,337.3,2334810
2019-01-14,338.9,339.85,331.55,334.95,3758311
2019-01-15,336.9,343.35,336.2,341.7,3456956
2019-01-16,345.4,349.0,342.35,347.25,4781001
2019-01-17,347.1,357.0,346.05,355.2,3949498
2019-01-18,353.9,357.7,351.3,354.2,2504157
2019-01-21,351.1,355.7,348.3,351.55,1942818
2019-01-22,351.5,357.6,351.05,353.8,2343970
2019-01-23,354.5,358.65,354.4,357.15,1986513
2019-01-24,357.15,360.25,352.25,353.95,1647059
2019-01-25,355.0,360.35,355.0,357.45,1934416
2019-01-28,357.0,357.9,346.2,348.7,1451374
2019-01-29,348.1,353.45,340.7,344.9,3099307
2019-01-30,344.5,344.8,336.5,342.7,2782631
2019-01-31,340.75,351.0,338.1,345.45,7819453
2019-02-01,347.2,348.7,338.4,341.0,2722370
2019-02-04,340.0,341.95,336.05,338.55,2154768
2019-02-05,338.5,340.3,336.6,337.95,1292066
2019-02-06,337.95,341.4,336.7,339.3,2095411
2019-02-07,339.75,342.05,337.9,339.4,1524023
2019-02-08,340.3,346.8,335.05,337.4,3341371
2019-02-11,333.0,337.5,328.0,333.6,3314948
2019-02-12,334.0,343.5,334.0,339.3,3040248
2019-02-13,340.0,341.4,326.3,329.45,4859232
2019-02-14,326.1,328.2,312.05,315.65,10644570
2019-02-15,318.0,329.0,318.0,327.85,6707128
2019-02-18,322.55,330.1,322.55,327.75,3952632
2019-02-19,326.0,338.8,325.55,335.25,3833168
2019-02-20,338.0,344.75,336.1,341.1,6282741
2019-02-21,328.0,337.65,326.25,335.3,4676884
2019-02-22,337.0,347.0,335.7,344.2,4854900
2019-02-25,345.0,345.25,334.25,336.05,7015596
2019-02-26,336.05,337.95,329.25,336.65,4529397
2019-02-27,338.0,341.6,329.85,330.7,4500049
2019-02-28,334.0,340.0,330.0,337.55,8969419
2019-03-01,338.25,347.55,337.15,346.05,2872248
2019-03-05,346.05,365.45,345.45,362.5,6380951
2019-03-06,364.8,373.8,363.35,372.7,6098612
2019-03-07,373.55,376.95,369.0,370.7,5694924
2019-03-08,370.9,371.4,364.65,367.35,2812574
2019-03-11,369.45,388.5,368.8,387.05,9486915
2019-03-12,388.4,394.4,384.3,390.2,6095923
2019-03-13,390.0,392.5,382.55,389.05,4784090
2019-03-14,388.95,391.35,382.65,390.3,2047865
2019-03-15,391.0,398.3,389.4,396.3,8629091
2019-03-18,398.0,408.9,398.0,405.55,7393221
2019-03-19,408.0,409.9,402.55,407.8,4222676
2019-03-20,407.2,407.5,386.5,389.15,5286335
2019-03-22,389.5,394.7,376.45,378.95,5918848
2019-03-25,378.75,385.25,375.05,383.7,4164765
2019-03-26,384.25,388.4,376.5,383.9,4257821
2019-03-27,384.45,386.0,377.3,378.95,3310956
2019-03-28,379.55,389.05,378.35,385.85,5584974
2019-03-29,387.9,398.9,387.0,397.55,4551656
2019-04-01,398.0,399.5,390.5,391.9,2630426
2019-04-02,387.9,391.35,378.05,380.5,5408395
2019-04-03,382.0,382.0,362.15,363.2,8289954
2019-04-04,363.0,363.0,353.5,354.3,10199796
2019-04-05,353.6,359.5,353.6,358.1,4544024
2019-04-08,354.85,354.85,349.0,351.0,3959107
2019-04-09,346.5,357.4,345.05,356.3,4946892
2019-04-10,356.0,360.0,353.1,357.75,4116880
2019-04-11,358.5,364.0,356.0,361.7,6301405
2019-04-12,363.9,367.8,358.15,361.15,5118046
2019-04-15,361.9,363.0,356.7,358.4,2239031
2019-04-16,360.1,361.95,355.25,357.5,4265946
2019-04-18,358.0,365.0,353.8,362.9,4787566
2019-04-22,353.8,354.4,339.0,340.1,6921422
2019-04-23,338.0,342.35,333.45,336.35,8348582
2019-04-24,340.1,349.9,340.1,349.0,6936714
2019-04-25,348.95,359.45,347.6,358.25,9780157
2019-04-26,357.8,372.3,357.8,371.05,9284106
2019-04-30,373.35,383.8,369.55,379.85,9814929
2019-05-02,380.1,382.9,376.0,378.45,3848974
2019-05-03,384.95,386.5,378.55,380.75,5369514
2019-05-06,380.5,392.0,380.1,390.35,9270990
2019-05-07,388.45,388.45,372.1,378.85,7497322
2019-05-08,378.05,383.4,373.1,379.8,3801308
2019-05-09,379.6,379.6,366.55,368.05,4513542
2019-05-10,367.05,367.5,359.8,362.95,4116360
2019-05-13,362.0,367.95,352.85,355.1,3810145
2019-05-14,354.1,360.8,348.0,358.6,4999475
2019-05-15,359.0,368.25,356.85,359.55,6322474
2019-05-16,356.0,378.85,351.5,375.55,6605024
2019-05-17,372.0,378.85,366.55,376.2,6425893
2019-05-20,390.0,396.65,383.5,391.8,5197867
2019-05-21,395.5,397.35,368.3,374.45,8378443
2019-05-22,378.0,388.9,376.0,384.25,7762830
2019-05-23,389.9,411.45,382.0,384.35,12958801
2019-05-24,395.0,398.9,386.8,395.45,9903134
2019-05-27,393.0,403.85,388.85,402.0,5111371
2019-05-28,402.0,409.35,397.1,401.95,19910596
2019-05-29,402.0,402.95,393.55,399.15,4251528
2019-05-30,401.0,409.7,400.05,407.65,7050963
2019-05-31,414.15,421.7,406.2,409.35,13817796
2019-06-03,417.5,419.9,411.15,417.1,7021983
2019-06-04,415.4,415.9,406.75,408.35,3727312
2019-06-06,414.0,414.2,395.5,397.05,7635450
2019-06-07,394.0,404.65,389.6,403.0,5527623
2019-06-10,399.25,401.75,386.3,389.65,5442044
2019-06-11,388.55,393.5,379.15,387.0,6327189
2019-06-12,388.0,390.5,379.45,381.0,5203535
2019-06-13,384.9,390.5,383.0,388.8,6913721
2019-06-14,386.25,390.6,384.15,386.5,3037793
2019-06-17,385.15,385.5,376.2,378.15,3968261
2019-06-18,378.95,386.9,376.3,385.55,3110861
2019-06-19,385.65,386.75,376.1,379.35,4120786
2019-06-20,378.1,386.45,377.0,385.2,4306336
2019-06-21,377.0,387.35,377.0,380.0,5393974
2019-06-24,379.0,382.65,373.1,380.85,3271602
2019-06-25,379.0,394.6,379.0,393.1,6204969
2019-06-26,387.5,393.6,386.1,391.4,3266267
2019-06-27,388.0,398.0,386.6,392.2,7031613
2019-06-28,390.65,396.6,390.5,392.45,3493193
2019-07-01,391.0,392.85,374.5,376.2,5133734
2019-07-02,379.55,382.0,376.75,378.5,5418010
2019-07-03,383.0,385.4,378.95,381.2,5099808
2019-07-04,384.0,384.0,378.45,380.0,2084424
2019-07-05,380.25,380.45,360.75,370.05,8951983
2019-07-08,366.85,367.6,356.15,360.85,3715738
2019-07-09,362.0,367.85,358.6,360.1,3777964
2019-07-10,360.15,363.4,346.0,349.6,3957006
2019-07-11,348.9,355.5,347.0,350.55,6138839
2019-07-12,352.75,354.8,345.0,345.75,4541847
2019-07-15,346.2,348.3,342.7,347.4,3150558
2019-07-16,349.0,356.3,348.6,354.45,5296609
2019-07-17,359.0,359.0,350.4,352.8,4830701
2019-07-18,354.0,355.35,347.85,349.25,4516450
2019-07-19,351.3,353.4,346.7,351.0,3602823
2019-07-22,349.4,354.9,340.2,353.5,3864744
2019-07-23,353.5,360.0,351.6,359.05,3505367
2019-07-24,358.1,358.2,344.7,349.1,4202747
2019-07-25,351.0,351.5,339.4,340.3,3515650
2019-07-26,339.4,345.5,335.0,343.8,4659856
2019-07-29,343.0,347.2,338.75,342.2,2417553
2019-07-30,343.5,343.5,334.35,335.5,2131968
2019-07-31,331.5,346.65,328.2,345.5,4133401
2019-08-01,345.0,346.15,339.2,343.65,3063358
2019-08-02,345.0,346.95,337.45,342.45,3565682
2019-08-05,340.0,345.4,331.55,339.0,2721597
2019-08-06,339.95,347.5,336.6,345.3,3315134
2019-08-07,346.95,346.95,329.25,331.1,3543555
2019-08-08,333.2,345.05,330.3,343.5,4153348
2019-08-09,343.5,350.9,341.0,346.45,3854274
2019-08-13,346.0,357.85,342.0,343.1,5526502
2019-08-14,341.0,356.8,341.0,354.45,3012716
2019-08-16,355.5,355.9,346.35,351.2,2590335
2019-08-19,352.0,354.1,346.0,347.0,1727376
2019-08-20,348.9,348.9,339.1,342.25,2348767
2019-08-21,335.75,339.45,326.35,327.8,4002205
2019-08-22,328.0,329.85,309.55,313.0,5788469
2019-08-23,312.1,330.8,308.35,329.35,4669618
2019-08-26,331.1,336.7,321.1,335.4,3946042
2019-08-27,337.0,346.0,334.25,342.3,4410906
2019-08-28,342.0,352.5,337.5,350.55,5017700
2019-08-29,350.8,357.4,346.5,354.05,4916466
2019-08-30,353.75,356.8,345.15,355.25,4448781
2019-09-03,355.0,363.2,342.3,356.2,7865099
2019-09-04,353.5,366.4,349.0,363.55,7292284
2019-09-05,363.0,385.0,361.05,380.8,14927302
2019-09-06,377.0,382.35,373.5,379.0,7421767
2019-09-09,376.0,384.0,374.65,382.0,3570021
2019-09-11,380.0,387.9,378.5,386.1,4693876
2019-09-12,387.05,394.35,381.65,384.2,5638666
2019-09-13,385.5,412.0,377.4,408.55,12776578
2019-09-16,388.0,391.45,378.5,380.0,24840134
2019-09-17,379.9,379.9,367.65,368.75,15244892
2019-09-18,379.7,388.75,369.05,382.1,24128252
2019-09-19,383.05,386.5,375.65,379.85,12880373
2019-09-20,377.55,455.8,372.45,403.85,28832903
2019-09-23,413.0,463.0,412.05,450.85,31006317
2019-09-24,454.0,474.75,442.0,461.3,31333076
2019-09-25,458.0,473.4,448.45,465.2,33159147
2019-09-26,465.2,482.05,463.3,480.05,20669540
2019-09-27,475.0,481.8,465.5,469.8,10949127
2019-09-30,472.75,479.5,466.05,470.1,13139611
2019-10-01,498.0,511.55,478.75,493.9,34100909
2019-10-03,496.2,539.9,494.4,531.6,25984601
2019-10-04,545.0,545.0,511.6,515.55,27515921
2019-10-07,502.05,507.45,475.45,490.65,27449237
2019-10-09,490.0,495.75,481.65,492.85,10858033
2019-10-10,490.0,494.0,484.1,489.9,4629540
2019-10-11,488.15,492.55,478.6,488.0,7371044
2019-10-14,490.55,499.0,483.2,485.95,11556126
2019-10-15,489.95,494.5,487.95,490.3,5842162
2019-10-16,504.9,520.0,501.3,512.4,20380758
2019-10-17,512.4,515.3,504.1,513.3,8351837
2019-10-18,510.0,534.9,506.75,520.3,14186741
2019-10-22,532.0,538.6,522.35,534.1,13574072
2019-10-23,531.5,536.8,524.6,527.1,5297051
2019-10-24,525.9,525.9,500.65,513.05,14079076
2019-10-25,516.75,533.2,509.75,524.15,13381183
2019-10-29,534.0,534.0,518.0,522.9,8316972
2019-10-30,527.0,534.6,518.45,525.1,7523025
2019-10-31,527.0,530.85,520.55,526.6,7135919
2019-11-01,520.05,525.8,516.0,519.4,5061143
2019-11-04,520.0,527.45,514.3,522.2,4681345
2019-11-05,519.0,522.2,513.4,517.5,3281529
2019-11-06,518.0,525.25,516.1,523.9,3805931
2019-11-07,524.3,526.55,510.3,513.2,4101853
2019-11-08,515.0,515.7,500.5,502.75,9862300
2019-11-11,506.65,519.5,499.0,517.6,8765071
2019-11-13,514.0,523.0,507.4,510.1,7232793
2019-11-14,507.0,520.05,503.8,514.65,5416081
2019-11-15,513.95,513.95,504.0,506.55,4165497
2019-11-18,520.0,528.0,517.25,521.75,17072336
2019-11-19,520.65,521.9,513.5,518.95,3549931
2019-11-20,528.9,548.0,522.05,544.6,18844498
2019-11-21,549.0,549.0,511.0,514.1,22312660
2019-11-22,513.8,515.45,505.5,509.4,11812445
2019-11-25,508.0,514.8,503.3,507.4,7698964
2019-11-26,509.0,510.4,494.4,496.65,12419094
2019-11-27,493.0,509.25,488.0,505.9,12207925
2019-11-28,506.5,514.25,502.1,510.0,7832976
2019-11-29,511.0,518.45,505.2,511.55,7529450
2019-12-02,508.05,509.5,498.75,500.05,4410021
2019-12-03,502.0,502.4,493.3,494.5,3790337
2019-12-04,494.0,504.25,492.2,501.2,4285438
2019-12-05,495.0,499.9,490.3,491.85,3133215
2019-12-06,491.0,496.5,483.5,488.5,4693613
2019-12-09,487.45,501.8,485.55,499.65,5474113
2019-12-10,495.9,503.7,484.2,486.3,7171084
2019-12-11,485.0,491.85,476.2,482.65,6880479
2019-12-12,486.75,498.3,486.0,491.75,6414478
2019-12-13,492.5,500.8,486.2,496.75,7629757
2019-12-16,495.0,499.4,491.1,492.0,3006310
2019-12-17,492.0,503.5,491.1,496.05,6143569
2019-12-18,496.5,498.25,488.1,489.25,4657085
2019-12-19,489.0,492.5,485.55,489.95,4662706
2019-12-20,489.95,492.4,486.5,487.8,3734227
2019-12-23,488.0,499.45,488.0,493.0,7428823
2019-12-24,492.0,494.45,471.65,477.8,7428318
2019-12-26,476.0,484.55,474.25,477.2,10371636
2019-12-27,479.5,492.1,477.0,490.95,8454378
2019-12-30,490.95,494.8,481.65,493.05,8186523
2019-12-31,492.0,496.0,486.35,491.55,5794952
2020-01-01,492.0,493.9,488.5,491.65,2383296
2020-01-02,491.2,491.7,486.45,487.55,3212483
2020-01-03,483.9,486.75,472.85,483.5,11327770
2020-01-06,475.0,480.0,465.15,469.15,7666317
2020-01-07,467.9,474.75,459.85,461.0,11727294
2020-01-08,450.0,464.4,448.55,459.9,12371538
2020-01-09,472.15,474.4,465.45,470.55,6499656
2020-01-10,473.8,474.7,466.4,470.25,4354249
2020-01-13,471.0,476.25,469.0,470.75,3669419
2020-01-14,473.9,478.75,472.1,473.35,3608358
2020-01-15,472.5,472.95,463.2,467.95,4978259
2020-01-16,468.0,469.5,460.15,461.8,3185275
2020-01-17,462.0,465.25,452.0,453.9,5566299
2020-01-20,454.95,466.7,451.6,457.15,5840651
2020-01-21,457.6,466.5,455.05,463.85,4199420
2020-01-22,465.2,466.45,454.1,455.45,3730432
2020-01-23,459.5,471.8,457.0,469.0,5565676
2020-01-24,469.25,473.2,464.7,466.1,3935630
2020-01-27,466.5,471.8,463.0,467.75,4414483
2020-01-28,469.1,482.25,467.6,480.95,7608831
2020-01-29,483.95,486.9,476.65,479.05,7132327
2020-01-30,480.05,484.5,465.15,469.65,5445938
2020-01-31,470.0,472.6,456.05,456.95,6946475
2020-02-03,446.25,463.5,442.45,460.3,9401450
2020-02-04,465.0,481.1,462.0,478.5,7841910
2020-02-05,480.0,507.95,478.0,501.7,15117047
2020-02-06,503.3,510.0,492.2,495.05,11233977
2020-02-07,494.8,495.6,486.0,491.4,4511015
2020-02-10,492.0,495.55,483.35,485.45,4424196
2020-02-11,490.8,493.95,480.05,481.0,3971655
2020-02-12,483.0,485.7,473.9,474.75,3774602
2020-02-13,477.7,478.5,468.0,469.0,4041500
2020-02-14,471.0,484.5,469.9,476.45,11521788
2020-02-17,478.45,478.45,460.0,461.65,4512992
2020-02-18,461.75,472.5,456.0,470.75,5970296
2020-02-19,473.5,481.0,469.5,475.55,5393417
2020-02-20,474.85,480.0,470.55,471.75,4376060
2020-02-24,471.0,475.7,463.0,464.65,6191443
2020-02-25,469.8,470.55,454.9,456.75,5522023
2020-02-26,457.6,459.55,443.2,448.8,7245545
2020-02-27,446.85,449.65,438.5,444.05,6089162
2020-02-28,438.9,438.9,420.5,426.35,6099513
2020-03-02,432.0,441.85,406.5,412.35,7812190
2020-03-03,415.1,427.15,413.5,425.0,5707796
2020-03-04,422.1,428.7,405.4,418.7,7728757
2020-03-05,418.65,429.15,417.05,418.4,5725414
2020-03-06,400.2,409.85,398.0,403.1,7881457
2020-03-09,413.9,454.4,405.8,423.85,39795397
2020-03-11,423.35,423.35,401.05,404.4,14748108
2020-03-12,391.3,392.55,330.55,344.3,17598240
2020-03-13,337.8,396.7,275.45,376.05,25412132
2020-03-16,350.0,387.25,349.7,364.65,16657490
2020-03-17,365.0,385.65,354.0,357.2,9824972
2020-03-18,363.95,366.05,328.2,332.55,10209326
2020-03-19,311.0,320.0,285.4,300.25,13717542
2020-03-20,305.0,323.0,298.6,317.85,10196662
2020-03-23,285.0,298.0,262.3,269.35,9348723
2020-03-24,277.7,283.0,252.0,262.85,9767226
2020-03-25,252.6,276.95,252.6,273.75,7459922
2020-03-26,275.0,286.4,268.5,282.3,6314142
2020-03-27,290.0,304.0,274.2,278.75,6077944
2020-03-30,269.0,289.5,269.0,274.75,6833088
2020-03-31,284.0,329.7,280.0,316.9,16545602
2020-04-01,312.0,315.9,293.5,302.95,12598826
2020-04-03,301.0,326.0,287.15,317.15,14320952
2020-04-07,327.0,359.3,319.5,351.1,10592595
2020-04-08,350.0,364.2,340.25,342.3,9178263
2020-04-09,345.15,356.65,339.25,344.9,7927095
2020-04-13,345.0,354.55,336.2,350.1,4954412
2020-04-15,354.5,370.35,351.1,353.85,6299482
2020-04-16,354.5,365.0,349.55,355.4,5915878
2020-04-17,366.0,366.0,354.2,360.1,4420519
2020-04-20,362.15,372.9,361.2,368.4,6210492
2020-04-21,366.75,369.45,353.1,355.25,5141703
2020-04-22,357.2,360.0,337.15,356.7,7126124
2020-04-23,356.85,362.9,352.5,355.15,4171129
2020-04-24,352.0,356.65,347.0,350.45,3456210
2020-04-27,353.2,365.6,352.3,355.4,4951298
2020-04-28,359.8,374.85,354.2,359.1,11100227
2020-04-29,360.0,365.0,355.05,360.75,5824380
2020-04-30,364.25,373.4,358.0,370.0,8008429
2020-05-04,362.0,362.0,341.55,347.9,7255215
2020-05-05,354.0,364.2,345.25,347.05,13178660
2020-05-06,321.25,346.45,312.35,343.8,20680651
2020-05-07,342.0,342.0,328.2,329.55,8550734
2020-05-08,333.0,336.3,321.2,324.75,8499703
2020-05-11,326.0,330.35,311.3,314.8,10688017
2020-05-12,310.5,319.8,308.6,312.5,8311620
2020-05-13,324.0,324.4,312.75,316.55,7620987
2020-05-14,313.45,316.35,307.25,309.7,4832186
2020-05-15,313.0,324.35,311.1,318.2,13883667
2020-05-18,320.55,321.5,291.85,294.05,10189450
2020-05-19,301.5,304.4,291.8,293.3,6022950
2020-05-20,294.0,311.4,292.05,308.9,8671114
2020-05-21,310.0,316.0,301.6,313.2,7465658
2020-05-22,311.0,324.0,307.25,315.2,8539075
2020-05-26,315.0,320.9,312.05,313.15,6106561
2020-05-27,316.8,331.4,312.75,329.45,9065338
2020-05-28,333.9,334.35,320.3,326.45,9276773
2020-05-29,328.0,347.15,326.0,342.8,13361361
2020-06-01,344.3,356.7,340.1,346.3,10211763
2020-06-02,348.0,348.0,337.3,341.6,6319742
2020-06-03,344.0,353.95,339.2,349.05,10084092
2020-06-04,342.0,359.4,339.0,357.25,16390486
2020-06-05,356.65,372.5,352.2,369.6,10985291
2020-06-08,379.6,398.5,376.6,394.1,14791948
2020-06-09,400.0,402.05,379.45,381.5,9822059
2020-06-10,384.35,384.35,372.95,378.95,7491697
2020-06-11,378.0,386.5,368.0,370.05,8482947
2020-06-12,355.25,376.9,355.25,373.9,7819097
2020-06-15,373.9,373.95,356.5,361.0,6527306
2020-06-16,369.8,372.15,356.65,359.75,5735208
2020-06-17,359.75,366.5,356.75,364.6,5020923
2020-06-18,364.1,376.45,359.75,370.25,6150988
2020-06-19,372.0,384.5,371.0,380.55,6635776
2020-06-22,383.0,389.4,379.65,385.15,10396922
2020-06-23,386.0,392.9,382.25,392.0,4173259
2020-06-24,392.0,394.4,375.0,378.55,4059366
2020-06-25,378.0,384.3,367.3,370.25,6697152
2020-06-26,376.4,396.95,373.0,393.65,12188087
2020-06-29,392.9,395.6,378.35,383.35,6012401
2020-06-30,386.9,389.25,372.2,374.0,4509122
2020-07-01,377.0,383.4,374.1,380.15,5182894
2020-07-02,382.95,391.35,378.75,383.5,6592803
2020-07-03,387.0,390.55,383.3,385.4,3481053
2020-07-06,388.0,396.75,385.4,390.2,4963439
2020-07-07,390.25,391.25,377.8,379.85,4927059
2020-07-08,382.4,387.45,376.15,378.15,4223420
2020-07-09,381.5,381.8,373.1,376.75,2851027
2020-07-10,377.85,380.5,370.35,376.35,5883057
2020-07-14,379.5,385.9,372.1,373.75,4741344
2020-07-15,377.85,382.35,368.2,369.6,4903936
2020-07-16,372.75,396.25,360.3,393.9,13308018
2020-07-17,404.5,447.4,392.0,443.8,53842324
2020-07-20,441.0,448.0,435.1,437.3,14373074
2020-07-21,437.0,481.0,435.4,464.2,49145473
2020-07-22,464.8,464.95,447.7,450.6,12682376
2020-07-23,446.0,477.4,443.05,457.55,36458002
2020-07-24,452.0,463.5,445.3,448.4,11147582
2020-07-27,454.0,466.6,444.0,457.7,20049909
2020-07-28,461.1,473.7,457.0,461.5,15094307
2020-07-29,464.0,467.65,446.8,453.8,10040036
2020-07-30,435.75,439.9,416.15,419.1,24528855
2020-07-31,421.1,428.0,410.9,413.8,11189905
2020-08-03,414.0,428.25,408.15,417.8,14233688
2020-08-04,418.05,423.0,391.0,408.55,25615905
2020-08-05,409.9,414.95,405.1,410.45,11034807
2020-08-06,412.0,423.5,406.25,409.55,12567310
2020-08-07,412.5,421.4,411.05,419.75,9119146
2020-08-10,421.0,424.4,413.5,415.15,8253021
2020-08-11,417.0,433.0,415.6,429.25,12767297
2020-08-12,430.0,434.1,420.45,421.8,9050520
2020-08-13,420.0,426.2,416.5,421.15,5840867
2020-08-14,426.0,426.0,408.65,413.25,14222739
2020-08-17,418.8,418.8,403.1,407.9,11424867
2020-08-18,410.0,411.35,401.0,402.3,13547515
2020-08-19,404.9,410.95,397.65,403.7,16621434
2020-08-20,403.7,419.85,400.1,412.45,18450091
2020-08-21,419.0,419.0,408.25,410.1,8564067
2020-08-24,413.4,416.3,408.6,409.75,6543077
2020-08-25,410.0,419.5,408.35,412.9,12509456
2020-08-26,414.0,415.8,409.0,410.1,5407266
2020-08-27,411.6,418.45,409.5,412.95,7823398
2020-08-28,414.5,422.0,413.5,415.05,8744341
2020-08-31,417.5,426.4,403.2,407.8,18998962
2020-09-01,407.95,411.75,400.5,407.25,6020207
2020-09-02,408.75,415.5,406.4,413.95,5153815
2020-09-03,416.0,418.6,410.3,413.4,4397372
2020-09-04,409.0,411.0,400.6,403.35,4866500
2020-09-07,411.0,411.0,396.2,400.2,8308845
2020-09-08,400.5,419.95,399.5,412.1,18641462
2020-09-09,406.0,409.5,399.0,405.95,6735586
2020-09-10,408.5,433.5,405.5,430.3,25417582
2020-09-11,431.0,436.0,422.35,428.75,12584431
2020-09-14,425.9,429.5,414.15,417.15,6025431
2020-09-15,417.5,425.5,412.45,414.4,8334021
2020-09-16,415.0,420.5,411.4,413.05,5000998
2020-09-17,413.0,419.0,411.55,415.6,6854834
2020-09-18,420.0,422.9,409.6,412.05,9555519
2020-09-21,413.5,415.7,399.05,401.45,5853288
2020-09-22,403.05,403.8,382.2,392.15,7956590
2020-09-23,396.9,397.2,381.25,387.65,5794353
2020-09-24,378.2,386.15,375.35,377.25,4627656
2020-09-25,379.0,381.5,365.3,375.75,13272301
2020-09-28,377.0,390.55,375.7,385.15,7130422
2020-09-29,394.0,394.0,378.15,386.55,8767466
2020-09-30,387.5,394.5,348.8,353.05,43596665
2020-10-01,358.0,361.55,347.5,353.3,16212565
2020-10-05,353.3,358.45,351.0,354.15,6589016
2020-10-06,356.7,360.4,350.2,352.05,6886918
2020-10-07,353.0,353.7,341.0,342.25,10276023
2020-10-08,344.9,345.0,337.6,340.05,9589647
2020-10-09,340.5,350.2,339.6,345.0,13430785
2020-10-12,347.0,349.8,340.45,341.6,4797109
2020-10-13,342.4,343.7,338.0,339.1,5279555
2020-10-14,337.75,338.9,328.5,332.9,8089512
2020-10-15,334.0,338.7,325.0,326.65,5411341
2020-10-16,328.9,343.4,327.5,339.95,13453185
2020-10-19,344.0,347.8,341.05,346.65,7375287
2020-10-20,345.95,349.75,341.65,343.35,5243128
2020-10-21,360.5,363.05,345.1,349.55,17057233
2020-10-22,348.7,350.8,344.0,349.35,5829503
2020-10-23,349.9,355.35,349.5,351.55,5048123
2020-10-26,351.55,353.7,342.55,346.1,5082419
2020-10-27,346.0,349.9,342.05,348.65,4358723
2020-10-28,348.25,349.6,342.45,345.45,3871950
2020-10-29,344.0,347.5,338.2,341.8,7362118
2020-10-30,344.85,359.45,343.5,354.45,16824430
2020-11-02,353.8,354.65,344.75,346.4,4345360
2020-11-03,348.5,356.5,348.5,350.85,6661146
2020-11-04,350.5,352.95,344.2,348.85,4050977
2020-11-05,354.7,368.75,350.7,366.3,13657923
2020-11-06,368.0,370.05,361.3,362.45,5811662
2020-11-09,368.25,380.0,365.5,375.55,11707427
2020-11-10,376.0,384.95,372.15,382.8,8037407
2020-11-11,382.8,398.4,381.6,394.0,11495968
2020-11-12,395.0,395.9,387.1,394.65,6611319
2020-11-13,391.8,400.4,383.2,394.0,9557854
2020-11-17,415.0,415.0,392.1,394.65,22148246
2020-11-18,394.45,394.45,377.35,383.05,21087465
2020-11-19,383.05,395.5,382.05,383.7,16590718
2020-11-20,387.7,389.9,378.55,383.3,9464462
2020-11-23,386.0,395.55,383.0,394.45,9185189
2020-11-24,398.0,399.5,388.35,389.75,7118529
2020-11-25,391.0,393.4,381.2,382.05,7488178
2020-11-26,383.7,384.8,375.05,378.0,8387006
2020-11-27,380.4,383.9,371.0,373.0,13853528
2020-12-01,374.9,381.45,371.0,379.3,4903586
2020-12-02,381.3,390.0,377.85,384.5,9651256
2020-12-03,387.0,397.8,382.65,393.9,18673749
2020-12-04,396.3,398.8,388.8,392.3,7412819
2020-12-07,392.15,405.0,391.45,395.0,10092651
2020-12-08,399.0,399.0,389.05,390.45,5730962
2020-12-09,392.15,398.8,391.0,395.15,8412580
2020-12-10,395.1,401.5,387.1,399.3,7394056
2020-12-11,401.0,407.4,392.0,397.4,14585114
2020-12-14,401.5,406.0,398.6,405.45,11127235
2020-12-15,408.3,409.25,397.1,398.6,8789331
2020-12-16,402.8,405.95,398.3,399.6,7103491
2020-12-17,402.5,402.55,394.3,395.4,6116994
2020-12-18,398.0,399.0,389.25,393.85,6573883
2020-12-21,393.0,393.0,357.65,367.35,12723300
2020-12-22,367.35,374.6,357.0,372.5,10091684
2020-12-23,373.0,377.2,369.4,374.4,5982753
2020-12-24,376.4,381.25,375.55,377.55,6065886
2020-12-28,380.0,384.5,378.5,382.75,4903064
2020-12-29,384.5,385.6,377.65,381.5,4017007
2020-12-30,382.0,384.2,378.8,382.85,3091717
2020-12-31,382.0,384.55,379.55,381.1,4297220
2021-01-01,381.1,384.0,380.4,381.95,2861749
2021-01-04,384.9,396.9,384.5,395.35,8238892
2021-01-05,394.7,394.75,389.0,392.0,4532068
2021-01-06,392.6,396.95,382.55,387.3,8072360
2021-01-07,391.0,395.0,387.6,392.2,6560803
2021-01-08,395.0,406.0,394.25,400.15,12377956
2021-01-11,404.0,404.75,395.35,401.75,6834003
2021-01-12,401.5,409.0,397.45,402.55,8331071
2021-01-13,406.0,425.0,404.65,411.9,21181147
2021-01-14,412.0,430.0,411.0,426.7,12600096
2021-01-15,429.4,429.5,411.3,414.6,8827951
2021-01-18,414.0,416.9,402.0,409.55,8393582
2021-01-19,413.0,418.0,408.25,413.45,5547107
2021-01-20,415.0,416.9,409.25,413.85,4937393
2021-01-21,415.0,423.0,405.1,408.3,8768238
2021-01-22,409.0,412.95,394.95,396.05,7702419
2021-01-25,400.0,402.85,384.7,387.3,6030213
2021-01-27,385.55,390.25,379.75,380.6,6033438
2021-01-28,377.0,389.7,376.25,384.3,8155883
2021-01-29,389.9,396.55,381.35,383.6,8258955
2021-02-01,388.0,397.9,380.6,393.0,13938368
2021-02-02,396.75,411.0,393.25,408.0,8876838
2021-02-03,405.0,417.0,402.35,414.9,8509253
2021-02-04,413.6,422.5,410.55,418.55,7599341
2021-02-05,420.5,422.3,413.1,415.0,3861284
2021-02-08,420.0,424.4,416.0,420.05,6322827
2021-02-09,431.0,438.05,416.65,419.35,22577022
2021-02-10,422.2,424.95,409.05,415.8,9580296
2021-02-11,415.0,422.85,414.3,421.95,5729659
2021-02-12,423.0,425.85,414.6,418.1,5470945
2021-02-15,422.8,424.9,417.0,419.0,5518776
2021-02-16,417.8,422.6,416.2,417.95,5397662
2021-02-17,404.5,413.9,401.55,411.7,8589431
2021-02-18,415.35,434.35,410.7,432.2,20755494
2021-02-19,437.0,444.8,423.5,430.0,24446305
2021-02-22,429.3,435.25,418.0,422.55,9690341
2021-02-23,428.0,442.7,425.8,435.25,14397828
2021-02-24,440.0,445.0,436.1,438.7,5990683
2021-02-25,441.95,467.8,441.85,461.55,18810829
2021-02-26,454.95,466.35,440.25,449.85,18441539
2021-03-01,456.0,463.85,450.1,455.25,6092750
2021-03-02,474.5,482.4,462.0,469.0,26600333
2021-03-03,480.0,480.0,462.3,466.35,8837642
2021-03-04,462.0,472.65,459.25,463.9,6278311
2021-03-05,463.0,474.45,458.1,461.8,8896513
2021-03-08,462.0,472.95,461.8,466.7,5674769
2021-03-09,446.2,454.0,437.35,445.9,199790953
2021-03-10,451.0,451.9,442.05,445.5,11745802
2021-03-12,457.0,464.0,451.0,457.55,26396386
2021-03-15,464.45,465.0,451.3,460.55,16921115
2021-03-16,464.55,465.6,452.05,453.85,15391437
2021-03-17,442.0,446.7,430.1,432.05,28849799
2021-03-18,435.0,438.5,423.8,426.9,13180981
2021-03-19,426.0,438.4,419.2,432.95,13311475
2021-03-22,438.25,442.0,434.35,439.35,13671931
2021-03-23,441.9,442.2,435.1,436.5,8544739
2021-03-24,434.95,436.5,428.65,429.95,5158543
2021-03-25,426.45,427.2,415.1,418.95,10449487
2021-03-26,425.9,431.8,421.4,424.2,9602431
2021-03-30,428.9,433.9,421.5,430.8,8576904
2021-03-31,430.5,431.15,425.5,427.95,5009335
2021-04-01,430.6,439.95,428.05,437.4,4578197
2021-04-05,434.1,437.0,421.1,428.05,5755221
2021-04-06,430.0,433.7,424.3,428.1,4595437
2021-04-07,429.0,431.5,427.5,428.2,3715472
2021-04-08,429.55,436.0,429.3,430.55,3354117
2021-04-09,430.0,432.25,424.5,425.6,4089592
2021-04-12,417.95,419.4,402.0,403.95,6184047
2021-04-13,405.0,412.5,402.2,409.4,4032156
2021-04-15,409.0,416.4,403.3,404.85,7220179
2021-04-16,405.0,422.95,404.3,413.8,11146313
2021-04-19,405.0,412.4,400.0,408.75,5628231
2021-04-20,411.9,414.45,406.1,408.1,3513444
2021-04-22,405.0,421.3,403.5,418.35,7805674
2021-04-23,417.3,424.95,416.0,423.05,23840266
2021-04-26,426.0,428.35,417.55,418.9,6444098
2021-04-27,417.5,423.1,416.55,420.35,5408165
2021-04-28,422.0,424.35,414.9,417.5,9902533
2021-04-29,422.0,423.0,417.0,419.55,6632804
2021-04-30,417.5,437.5,414.65,421.8,16851470
2021-05-03,419.0,429.05,415.4,416.0,8059391
2021-05-04,420.9,429.45,418.5,421.45,9993939
2021-05-05,422.05,431.6,421.0,424.8,6889331
2021-05-06,428.0,435.0,424.15,434.0,6393644
2021-05-07,435.05,447.0,428.0,443.15,12027364
2021-05-10,449.0,455.0,445.0,453.7,9702910
2021-05-11,449.6,464.0,446.9,462.25,10847939
2021-05-12,464.0,468.0,446.5,449.25,7617797
2021-05-14,453.5,453.5,439.1,442.25,4899715
2021-05-17,445.0,446.55,438.1,443.65,3031731
2021-05-18,447.2,452.4,442.7,448.45,4967123
2021-05-19,450.0,454.3,442.25,446.45,8107607
2021-05-20,448.0,457.85,441.5,454.8,9399907
2021-05-21,463.0,468.0,459.05,461.05,11993869
2021-05-24,466.95,474.55,460.6,472.85,11470610
2021-05-25,476.8,479.0,469.0,474.4,10599676
2021-05-26,478.65,480.7,468.5,472.2,12972307
2021-05-27,485.0,488.0,466.0,467.85,51494404
2021-05-28,475.0,479.9,468.5,471.5,14656852
2021-05-31,473.45,473.45,468.3,472.0,6747781
2021-06-01,473.4,476.7,470.1,470.85,4434765
2021-06-02,470.0,475.45,469.0,474.65,6338355
2021-06-03,474.5,478.4,473.1,473.9,6092262
2021-06-04,474.8,482.8,474.05,478.25,8879733
2021-06-07,480.8,485.4,478.75,481.4,6261695
2021-06-08,483.8,489.7,476.25,487.45,7599482
2021-06-09,492.0,493.9,481.5,485.05,9490181
2021-06-10,486.25,487.5,482.75,483.55,3694317
2021-06-11,485.7,489.5,481.7,483.6,3719254
2021-06-14,483.95,485.0,476.0,483.7,3618826
2021-06-15,485.0,487.25,480.8,481.9,3253680
2021-06-16,483.45,484.9,479.05,481.25,3997462
2021-06-17,477.95,482.9,476.3,476.9,3325538
2021-06-18,480.0,480.1,466.75,472.35,5291888
2021-06-21,471.7,475.8,468.5,475.05,2698544
2021-06-22,477.5,478.75,472.8,473.65,2776710
2021-06-23,474.0,475.0,469.15,469.6,2463779
2021-06-24,469.5,470.5,465.1,466.1,4231105
2021-06-28,471.0,472.0,466.55,467.15,2167160
2021-06-29,469.0,469.5,465.0,466.25,2960797
2021-06-30,467.0,470.65,466.0,468.1,2962317
2021-07-01,468.1,468.9,462.0,462.75,2878513
2021-07-02,463.0,465.6,461.05,462.75,2384746
2021-07-05,464.95,467.5,458.5,459.7,5595087
2021-07-06,460.0,463.0,457.6,458.05,3874696
2021-07-07,458.05,461.4,452.45,460.5,3000290
2021-07-08,460.15,465.4,456.55,458.2,3213389
2021-07-09,456.1,458.5,453.3,456.9,3529331
2021-07-12,457.6,459.3,450.05,451.0,3696855
2021-07-13,452.75,455.0,449.75,450.25,3704937
2021-07-14,451.0,453.1,448.2,448.7,2468262
2021-07-15,449.3,450.75,445.05,447.05,3308775
2021-07-16,449.05,451.05,445.8,448.0,3363302
2021-07-19,446.0,459.0,445.2,453.9,7368974
2021-07-20,456.8,458.0,449.0,453.8,3844508
2021-07-22,454.95,463.95,453.0,460.9,6766248
2021-07-23,464.8,465.8,459.3,461.35,3477404
2021-07-26,461.9,462.55,455.1,456.0,2588738
2021-07-27,456.0,460.4,452.25,453.3,2317628
2021-07-28,453.6,455.5,450.3,453.45,2205610
2021-07-29,452.0,454.15,448.5,449.1,2989610
2021-07-30,449.2,454.2,444.9,445.5,6765935
2021-08-02,448.05,459.9,446.5,457.8,4982840
2021-08-03,460.7,464.95,456.5,463.4,3927566
2021-08-04,463.0,465.0,456.1,457.15,2596138
2021-08-05,456.1,458.6,451.15,453.5,3549955
2021-08-06,454.0,463.0,454.0,455.6,4059302
2021-08-09,457.5,459.0,450.7,452.5,2277623
2021-08-10,454.5,454.9,442.75,444.7,3549099
2021-08-11,446.0,451.55,440.55,450.0,5317536
2021-08-12,452.0,455.4,442.1,448.15,6283857
2021-08-13,450.0,458.85,448.3,454.9,7116016
2021-08-16,458.5,467.6,455.05,464.0,8982218
2021-08-17,465.85,469.75,461.0,465.0,7181750
2021-08-18,466.95,466.95,461.05,463.5,3973617
2021-08-20,461.8,465.5,453.0,455.2,6057409
2021-08-23,458.7,459.65,448.1,451.7,3962946
2021-08-24,453.0,459.25,452.85,456.4,3624344
2021-08-25,458.0,464.4,457.25,460.7,4852133
2021-08-26,460.6,471.4,458.6,466.75,7423649
2021-08-27,469.05,473.7,466.15,471.3,6268381
2021-08-30,474.9,474.9,471.6,472.55,4514920
2021-08-31,473.0,475.85,468.35,471.65,9001236
2021-09-01,473.25,479.4,472.2,477.0,5219501
2021-09-02,478.0,481.55,477.0,479.8,4181314
2021-09-03,483.0,494.0,480.2,491.3,8186035
2021-09-06,495.95,496.5,490.0,490.8,6989779
2021-09-07,490.7,493.5,481.0,481.95,6710140
2021-09-08,484.0,493.0,481.9,489.55,6804831
2021-09-09,489.9,492.0,487.75,491.15,4542492
2021-09-13,494.0,499.25,491.5,498.1,10730342
2021-09-14,501.0,503.0,490.5,493.1,12091391
2021-09-15,494.0,494.95,488.1,489.95,11374253
2021-09-16,437.5,442.05,435.55,439.05,17375477
2021-09-17,441.0,442.0,432.1,436.25,12008204
2021-09-20,431.05,433.65,418.95,420.4,7372138
2021-09-21,419.9,423.9,412.8,413.8,11481738
2021-09-22,414.5,421.5,414.5,420.15,4820035
2021-09-23,423.15,424.3,417.15,419.95,5884558
2021-09-24,421.0,423.25,412.05,414.8,6337414
2021-09-27,418.45,422.5,416.55,420.6,4889433
2021-09-29,429.5,438.0,426.0,436.9,7625857
2021-09-30,439.8,440.4,431.0,432.2,4467366
2021-10-01,431.9,437.6,429.0,433.05,2744990
2021-10-04,434.0,438.0,433.5,435.85,2681114
2021-10-05,435.85,445.5,435.7,443.85,9010146
2021-10-06,447.0,451.95,445.15,447.2,8124411
2021-10-07,451.5,452.0,448.0,449.2,3722557
2021-10-08,451.5,452.0,444.6,449.45,3009652
2021-10-12,454.35,457.2,451.1,455.25,5461602
2021-10-14,460.0,462.2,458.0,459.3,3947390
2021-10-18,470.0,470.0,461.05,462.5,4392323
2021-10-21,445.25,454.0,443.05,451.05,9887576
2021-10-25,447.0,448.4,429.85,431.7,7275177
2021-10-26,431.0,436.95,428.05,431.05,4972613
2021-10-27,433.45,434.5,427.0,427.7,3368898
2021-10-28,429.0,431.0,419.05,420.8,3621241
2021-10-29,419.0,425.0,413.6,417.7,6037509
2021-11-03,418.0,421.55,414.2,414.9,5258243
2021-11-04,419.85,420.25,418.1,419.75,987512
2021-11-08,424.0,432.75,421.45,431.75,5935209
2021-11-09,432.7,432.75,427.0,430.5,2933590
2021-11-10,432.0,434.0,430.15,431.25,3282554
2021-11-11,425.95,427.25,422.05,425.3,3316769
2021-11-12,428.0,430.0,426.35,427.7,2144462
2021-11-15,427.9,430.05,424.65,426.35,1919944
2021-11-16,426.0,426.55,418.15,419.9,2766721
2021-11-17,420.5,420.75,412.2,413.8,3769399
2021-11-18,413.5,415.65,405.0,405.3,4995398
2021-11-22,406.0,407.9,393.1,395.6,5282894
2021-11-23,395.0,401.3,394.05,397.6,3382706
2021-11-24,401.1,409.3,398.8,403.35,4241408
2021-11-25,404.0,404.4,398.0,400.1,3161909
2021-11-26,397.15,397.2,375.0,376.85,10023331
2021-11-29,379.0,380.0,367.0,367.45,7518776
2021-11-30,370.0,379.5,368.0,370.0,9196735
2021-12-01,372.75,375.95,365.8,368.75,6528783
2021-12-02,370.0,379.95,369.05,378.85,6224888
2021-12-03,382.5,388.4,381.3,385.9,8656623
2021-12-06,387.35,389.4,381.0,383.45,4459906
2021-12-07,385.9,388.75,385.25,387.8,3637703
2021-12-08,389.5,392.25,389.15,391.15,3593664
2021-12-09,394.25,401.5,392.3,393.75,6485041
2021-12-10,393.5,397.9,391.0,396.95,2282959
2021-12-13,398.95,400.5,391.05,392.35,2599708
2021-12-14,392.95,392.95,389.1,391.65,3291399
2021-12-15,391.0,392.4,383.1,384.3,5557592
2021-12-16,386.5,392.0,384.45,391.05,3954683
2021-12-17,393.0,394.55,382.1,384.7,8024861
2021-12-21,364.4,365.9,357.4,364.2,6427779
2021-12-22,366.0,373.8,365.2,372.45,5022622
2021-12-23,374.8,378.25,372.0,377.35,5346933
2021-12-24,379.2,379.2,370.3,372.15,3143785
2021-12-27,370.95,375.15,367.5,374.4,2316330
2021-12-28,375.8,381.4,375.0,380.4,3224743
2021-12-29,381.0,382.85,377.15,381.1,4130329
2021-12-30,384.0,385.3,376.0,377.95,6085707
2021-12-31,376.5,387.4,376.5,385.45,3890328
2022-01-03,384.0,387.0,384.0,386.1,3234192
2022-01-04,388.0,393.75,384.75,385.95,5899648
2022-01-05,384.95,396.5,383.45,394.7,6741998
2022-01-06,396.0,396.65,390.6,395.8,4118574
2022-01-07,398.0,402.9,395.0,396.2,5957213
2022-01-10,399.0,399.7,395.6,397.55,2089864
2022-01-12,394.5,395.95,386.55,388.7,4623410
2022-01-13,390.2,397.55,387.25,394.5,4245712
2022-01-14,395.0,399.95,392.5,398.45,3457752
2022-01-17,401.0,404.4,398.6,400.55,4835805
2022-01-18,401.8,406.9,396.35,398.1,6610248
2022-01-19,396.0,401.5,393.0,394.35,5173988
2022-01-20,395.0,397.55,390.2,393.05,3247617
2022-01-21,393.8,396.05,380.0,381.7,5155269
2022-01-24,381.4,383.85,370.1,373.1,5334037
2022-01-25,372.1,383.8,368.0,382.55,4952650
2022-01-28,384.95,393.5,381.35,382.5,4044959
2022-01-31,390.0,399.8,387.95,397.05,6964092
2022-02-01,395.0,395.0,376.0,378.85,12757699
2022-02-02,385.0,385.6,379.35,382.1,5850788
2022-02-03,384.0,384.9,376.5,377.05,5329147
2022-02-04,377.15,380.0,374.05,375.65,4478855
2022-02-07,378.0,378.4,370.1,372.45,4094513
2022-02-08,374.4,378.5,370.65,377.4,3454806
2022-02-09,380.0,382.0,374.7,375.6,4646178
2022-02-10,372.7,373.5,368.5,369.65,6141529
2022-02-11,369.65,374.5,365.0,369.55,5631276
2022-02-14,365.0,365.85,360.55,361.7,5098193
2022-02-15,362.05,369.75,356.6,368.9,5524786
2022-02-16,371.0,378.4,370.3,374.1,5444908
2022-02-17,375.95,377.25,371.0,373.0,2612160
2022-02-18,371.45,375.95,371.45,373.15,2210217
2022-02-21,373.0,373.0,365.05,368.75,3103771
2022-02-22,360.0,364.45,349.3,355.3,7053081
2022-02-23,358.5,360.8,356.2,357.1,2818071
2022-02-25,340.0,341.5,332.15,336.35,5839510
2022-02-28,335.35,351.3,332.0,349.8,9573141
2022-03-02,346.5,356.7,339.8,342.1,7734602
2022-03-03,347.4,354.0,343.35,346.4,6412853
2022-03-04,347.95,351.5,343.0,348.35,7778930
2022-03-08,337.8,343.0,332.7,341.6,6440280
2022-03-09,344.5,347.65,337.7,342.65,6781953
2022-03-10,352.0,354.0,345.5,349.0,9054604
2022-03-11,351.0,363.7,350.25,362.0,8278802
2022-03-14,359.8,361.0,352.35,359.65,8224912
2022-03-15,361.05,361.5,348.1,350.3,6065433
2022-03-16,353.5,357.7,350.15,356.3,4722492
2022-03-17,359.6,366.2,357.85,364.2,11413836
2022-03-21,360.0,367.3,356.3,357.2,6184825
2022-03-22,358.85,369.7,356.7,368.4,7467189
2022-03-23,370.9,371.6,365.0,366.6,6237729
2022-03-24,366.0,367.8,360.8,362.6,4848379
2022-03-25,362.0,364.55,358.1,360.3,3629552
2022-03-28,360.0,362.85,356.3,359.7,5812191
2022-03-29,362.0,362.4,357.95,358.45,5708664
2022-03-30,360.5,362.4,359.2,360.05,4123566
2022-03-31,361.0,364.5,358.8,359.35,5503682
2022-04-01,361.55,375.0,361.55,374.4,6386165
2022-04-04,374.4,381.25,372.2,380.2,7357360
2022-04-05,381.0,382.0,376.55,380.0,3311172
2022-04-06,379.0,386.45,377.45,385.8,5843175
2022-04-07,384.85,387.3,379.5,380.8,3346885
2022-04-08,382.8,386.8,381.1,384.55,4190274
2022-04-11,385.15,390.15,384.8,388.35,2389160
2022-04-12,386.95,387.6,377.25,380.6,2445974
2022-04-13,380.0,383.95,377.7,379.0,3261962
2022-04-18,379.0,379.0,371.05,371.75,2792673
2022-04-19,373.9,383.85,373.0,375.85,5796327
2022-04-20,379.8,392.3,376.35,389.95,8568189
2022-04-21,395.0,398.8,390.0,397.7,7977846
2022-04-22,395.0,397.25,391.5,393.4,4410739
2022-04-25,385.0,385.95,368.8,369.7,10407964
2022-04-26,373.4,375.4,369.15,372.85,3139478
2022-04-27,368.0,371.6,364.3,366.5,3081806
2022-04-28,371.7,371.7,365.15,369.35,3286639
2022-04-29,370.0,372.7,361.15,362.6,3359425
2022-05-02,360.1,367.95,357.65,366.45,3200238
2022-05-05,366.05,368.75,360.1,361.0,1847546
2022-05-06,357.0,359.8,353.0,357.3,2348871
2022-05-09,355.7,358.3,349.8,353.4,2524390
2022-05-10,353.5,358.0,351.4,353.45,2954952
2022-05-11,355.0,359.45,344.75,347.1,3887065
2022-05-12,345.0,346.45,336.2,339.95,3858313
2022-05-13,341.4,345.3,336.0,336.95,2257796
2022-05-16,339.15,339.65,333.7,336.1,1942152
2022-05-17,336.0,342.95,334.15,342.45,4798210
2022-05-18,336.45,347.2,331.0,331.9,7657308
2022-05-19,329.8,329.95,324.0,326.65,5093969
2022-05-20,332.0,334.85,328.0,332.8,3196697
2022-05-23,332.8,336.15,327.0,332.1,4396431
2022-05-24,332.1,334.55,328.5,330.1,2945719
2022-05-25,332.4,333.5,325.15,326.15,4081823
2022-05-26,325.0,325.5,312.2,324.35,8030657
2022-05-27,324.6,329.0,318.2,322.35,4875852
2022-05-30,324.5,330.8,322.0,329.15,3550508
2022-05-31,330.0,330.7,325.0,326.2,10420751
2022-06-01,328.0,331.85,324.1,326.0,6690532
2022-06-02,327.0,334.25,322.55,329.35,8056904
2022-06-03,330.6,332.0,327.1,328.15,4969493
2022-06-06,327.5,327.9,318.3,319.35,4672714
2022-06-07,317.55,322.6,317.0,320.25,3955076
2022-06-08,321.0,324.9,319.2,323.9,2690805
2022-06-09,323.0,334.55,319.5,332.85,6959446
2022-06-10,330.75,332.2,326.6,331.0,2726717
2022-06-13,327.9,327.9,317.3,317.95,3751840
2022-06-14,317.3,320.75,311.65,314.3,5049196
2022-06-15,316.85,316.85,308.0,314.0,4993654
2022-06-16,318.0,319.8,310.3,311.65,4360359
2022-06-17,309.0,311.5,299.75,301.0,6952755
2022-06-20,304.0,304.5,294.0,296.05,3728409
2022-06-21,296.65,302.45,293.35,301.2,2801829
2022-06-22,303.15,307.4,296.75,305.9,6602434
2022-06-23,308.45,310.5,303.55,307.9,4348512
2022-06-24,308.2,310.45,305.4,307.55,3274950
2022-06-27,310.0,315.65,308.35,315.0,2784807
2022-06-28,312.0,319.5,312.0,318.6,3240518
2022-06-29,313.6,319.85,313.6,316.4,2251588
2022-06-30,316.0,317.75,307.15,308.4,4579284
2022-07-01,308.5,319.25,305.7,318.35,4416695
2022-07-04,316.1,318.45,312.65,316.35,2215520
2022-07-05,317.8,321.35,312.15,313.1,3069304
2022-07-06,316.6,322.0,315.5,321.3,4176932
2022-07-07,324.9,330.0,323.1,329.4,4639907
2022-07-08,330.0,332.25,324.5,325.3,2517327
2022-07-11,326.35,326.35,315.5,315.9,5915421
2022-07-13,312.0,315.4,309.5,310.5,4822921
2022-07-14,311.0,312.7,304.15,306.15,5917691
2022-07-15,308.0,313.15,306.1,312.1,5012177
2022-07-18,313.5,316.25,309.65,315.8,3514880
2022-07-19,314.9,317.8,312.5,316.55,2504515
2022-07-20,319.4,320.85,316.25,317.1,3361785
2022-07-21,317.95,324.0,316.0,322.7,3649172
2022-07-22,325.2,325.4,318.55,320.3,3146589
2022-07-25,320.3,320.9,315.55,317.15,3264614
2022-07-26,316.85,319.15,314.15,318.45,2198632
2022-07-27,318.0,325.05,317.55,324.6,3257432
2022-07-28,321.85,328.9,321.85,326.05,3466765
2022-07-29,327.05,331.15,325.2,330.3,4802883
2022-08-01,331.0,335.2,327.8,334.15,3110792
2022-08-02,335.5,341.5,332.3,335.15,3831736
2022-08-03,335.15,337.35,330.3,333.9,2039665
2022-08-04,336.9,337.75,329.7,333.95,2511918
2022-08-05,335.0,337.25,332.2,336.4,2557623
2022-08-10,327.3,330.25,326.0,328.3,2871689
2022-08-11,329.95,331.6,327.2,328.35,1688595
2022-08-12,328.35,334.45,327.8,333.9,2642970
2022-08-16,334.45,347.25,333.05,345.9,5360640
2022-08-17,347.6,355.25,347.0,353.15,7073400
2022-08-18,353.55,353.55,345.45,347.05,3559485
2022-08-19,342.45,343.25,337.0,338.25,3731688
2022-08-22,337.15,337.45,331.8,333.65,2113978
2022-08-23,330.95,334.95,330.6,333.7,1559158
2022-08-24,333.0,334.2,328.05,329.55,2594074
2022-08-25,330.0,335.0,328.3,329.8,3210494
2022-08-26,333.9,333.9,328.3,329.1,2063732
2022-08-29,325.0,327.7,323.05,326.2,1625013
2022-08-30,326.25,329.9,326.2,328.65,3169631
2022-09-01,325.5,333.0,324.2,331.35,3370831
2022-09-02,332.5,334.1,320.5,321.95,4839625
2022-09-05,322.0,325.1,321.25,324.75,2392289
2022-09-06,326.0,326.45,321.05,324.25,2549764
2022-09-07,323.35,328.0,321.85,326.85,2764730
2022-09-08,330.0,340.85,329.65,339.85,8667708
2022-09-09,341.5,341.55,336.05,338.5,3467131
2022-09-13,343.05,345.6,340.05,341.05,5175542
2022-09-14,335.7,340.8,335.35,336.15,3431557
2022-09-15,336.75,339.0,330.35,331.4,2496619
2022-09-16,331.4,331.6,320.15,321.3,5968723
2022-09-19,322.95,324.7,319.05,320.9,2736853
2022-09-20,322.55,326.9,321.85,322.9,2795700
2022-09-21,323.5,324.0,318.3,320.05,2253666
2022-09-22,319.0,319.95,313.2,315.85,2676770
2022-09-23,315.5,316.8,311.0,311.95,2758380
2022-09-26,312.0,315.95,302.9,304.9,5467239
2022-09-27,307.0,312.0,305.3,310.65,3133336
2022-09-28,310.0,310.0,305.2,306.0,2225544
2022-09-29,307.55,308.75,302.5,303.25,3266251
2022-09-30,303.6,308.9,300.85,304.8,5591273
2022-10-03,306.35,311.25,304.8,308.8,3542201
2022-10-04,311.0,314.2,310.25,311.45,2133260
2022-10-06,313.05,314.8,309.4,312.15,3486803
2022-10-07,310.2,310.9,306.2,307.4,3218419
2022-10-10,306.0,306.6,302.1,304.65,2365616
2022-10-11,306.2,306.2,299.15,299.75,2652669
2022-10-12,301.05,309.25,299.35,302.5,7395855
2022-10-13,304.05,305.25,299.5,300.3,3029077
2022-10-14,303.0,305.0,297.1,297.85,2577730
2022-10-17,297.9,299.35,291.55,296.55,2672321
2022-10-18,298.05,298.3,294.05,295.75,3287463
2022-10-19,297.15,298.95,291.75,292.15,3014752
2022-10-20,292.1,299.0,288.05,297.1,5130561
2022-10-21,298.6,300.65,297.35,298.35,2189082
2022-10-25,301.7,305.0,297.35,302.6,2842331
2022-10-27,302.6,306.6,302.55,305.6,3384803
2022-10-28,306.5,308.5,302.1,303.3,2490422
2022-10-31,304.85,306.0,301.4,303.65,4084060
2022-11-01,303.65,305.8,302.2,304.35,3364574
2022-11-02,304.5,305.9,303.5,305.2,2453666
2022-11-03,305.2,307.7,303.5,305.1,2294074
2022-11-04,305.55,305.55,298.8,301.35,3839115
2022-11-07,302.5,310.15,302.0,309.75,3866221
2022-11-09,311.1,311.85,305.95,306.85,2790297
2022-11-10,306.0,307.95,304.2,305.5,1397871
2022-11-11,307.05,310.55,305.45,308.9,2290032
2022-11-14,309.5,310.0,307.05,307.65,1300007
2022-11-16,308.9,309.7,305.8,306.45,1463405
2022-11-17,307.0,307.8,304.55,305.2,1908123
2022-11-18,306.75,306.75,302.4,304.1,2032860
2022-11-21,305.65,310.95,304.3,310.3,3835853
2022-11-22,310.25,311.35,305.75,306.85,3735515
2022-11-23,306.1,310.75,306.1,310.15,2856730
2022-11-24,311.45,322.0,310.55,321.0,8457461
2022-11-25,321.0,326.25,316.4,324.45,4296778
2022-11-28,327.0,341.9,327.0,340.75,13209249
2022-11-29,341.5,342.35,336.2,339.05,5027834
2022-11-30,339.05,343.75,335.8,341.15,5014866
2022-12-01,342.0,343.75,337.05,338.6,2144667
2022-12-02,339.5,343.35,338.3,341.1,2797809
2022-12-05,340.9,341.8,337.5,338.4,2488273
2022-12-06,339.9,341.1,328.1,328.55,5025573
2022-12-07,330.75,337.0,330.5,334.35,7164298
2022-12-08,336.75,337.3,332.55,335.75,2610226
2022-12-09,340.0,340.0,334.85,338.45,5196173
2022-12-12,337.95,349.85,334.6,349.0,6738965
2022-12-13,349.0,349.0,345.1,346.15,3875485
2022-12-14,346.7,350.8,345.7,348.75,4817925
2022-12-15,348.75,351.45,346.0,349.15,2954406
2022-12-16,349.15,351.0,340.8,341.75,4740663
2022-12-19,342.45,343.95,335.7,341.3,2722115
2022-12-20,341.65,342.1,334.25,340.25,2807156
2022-12-21,341.0,342.95,332.1,334.1,2585450
2022-12-22,334.0,335.9,324.7,327.9,3067948
2022-12-23,325.0,328.9,322.15,325.1,2901038
2022-12-26,323.0,328.4,322.15,325.1,1688781
2022-12-27,325.4,328.3,322.7,326.0,1409537
2022-12-28,326.0,326.6,322.15,324.1,4740777
2022-12-29,324.1,328.0,320.15,327.2,3097556
2022-12-30,328.0,333.0,327.55,330.5,2099564
2023-01-03,333.85,338.0,331.6,336.85,2632326
2023-01-04,338.55,340.8,334.15,336.3,2924237
2023-01-05,337.0,342.95,335.6,342.35,3714145
2023-01-06,342.0,346.55,340.25,344.7,3682205
2023-01-09,347.85,349.35,345.1,346.75,2259718
2023-01-10,348.0,349.0,343.2,347.35,2381481
2023-01-11,348.85,358.0,345.85,352.5,7174012
2023-01-13,345.4,351.15,342.05,350.1,2716850
2023-01-16,352.0,352.4,344.1,348.95,2849149
2023-01-17,350.7,351.35,345.45,348.4,1738783
2023-01-18,348.8,349.3,342.9,346.05,2049790
2023-01-19,345.95,349.9,344.0,349.65,1639556
2023-01-20,349.2,351.0,345.55,346.35,1996775
2023-01-23,347.0,350.0,345.95,349.6,1681375
2023-01-24,350.0,352.45,347.85,348.95,2376171
2023-01-25,348.7,350.5,345.7,346.75,1933197
2023-01-27,346.9,349.55,331.5,336.55,2625951
2023-01-30,336.9,339.25,332.3,335.1,3197605
2023-01-31,342.95,351.5,341.25,343.25,8994162
2023-02-01,343.25,344.7,330.0,334.7,4179113
2023-02-02,334.5,336.0,329.5,332.2,4514664
2023-02-03,331.95,332.75,322.2,326.7,2826909
2023-02-07,334.0,336.2,331.55,332.15,1740354
2023-02-08,331.8,335.8,329.05,334.2,1249590
2023-02-09,332.1,337.7,331.35,333.7,2137703
2023-02-10,334.1,335.8,331.55,334.0,1275841
2023-02-13,334.0,337.7,332.05,334.9,1793783
2023-02-14,333.0,334.75,330.5,331.15,1192673
2023-02-15,331.15,332.65,328.5,331.15,1764650
2023-02-16,331.15,333.15,323.8,325.7,3753835
2023-02-17,325.7,333.0,325.55,331.7,3351189
2023-02-20,332.85,333.45,325.95,326.15,1773126
2023-02-21,326.95,328.55,322.15,323.25,1481249
2023-02-22,322.5,323.0,316.2,320.45,4089274
2023-02-23,322.0,323.65,318.0,320.55,2745391
2023-02-24,320.8,322.15,316.6,317.55,1897377
2023-02-27,318.2,321.15,314.65,320.45,1981001
2023-02-28,317.15,321.65,314.05,317.35,3926329
2023-03-01,316.8,321.0,315.55,315.9,3495717
2023-03-02,316.7,321.85,314.5,321.05,3384360
2023-03-03,322.7,323.9,320.25,321.4,2113101
2023-03-06,322.4,326.5,321.15,324.55,1814962
2023-03-08,323.95,327.45,322.8,326.1,2392531
2023-03-09,326.1,326.9,323.55,324.85,1947766
2023-03-10,325.0,327.9,320.55,326.05,1758519
2023-03-13,326.0,326.6,321.25,322.6,1955447
2023-03-14,324.2,328.9,321.85,326.2,2947326
2023-03-15,329.0,333.4,327.35,330.3,2755973
2023-03-16,335.0,352.75,334.15,350.9,18287315
2023-03-17,351.0,354.95,345.45,351.4,11694506
2023-03-20,354.85,361.0,350.5,359.65,9246173
2023-03-21,360.2,361.6,355.75,358.55,5125281
2023-03-22,358.3,359.0,350.75,351.8,5967027
2023-03-23,350.0,351.65,347.5,348.35,2573088
2023-03-24,347.9,349.75,344.0,345.4,2937744
2023-03-27,344.1,346.9,342.7,344.85,2122963
2023-03-28,342.0,342.9,335.35,339.85,3427158
2023-03-29,340.0,342.4,336.3,339.85,2985920
2023-03-31,344.9,346.4,340.95,344.3,5068755
2023-04-03,338.0,338.0,329.15,329.95,9432372
2023-04-05,331.9,332.9,327.0,328.05,4124579
2023-04-06,329.3,333.5,329.05,332.0,2383915
2023-04-10,332.0,336.8,331.6,335.8,2465309
2023-04-11,336.15,339.5,335.15,339.1,1364947
2023-04-12,339.1,339.25,335.1,337.3,2130087
2023-04-13,338.9,338.9,330.65,332.25,4173647
2023-04-17,332.25,336.0,330.3,335.7,1452781
2023-04-18,335.7,338.05,332.8,334.8,2903211
2023-04-19,334.95,343.3,333.7,342.0,4926432
2023-04-20,343.95,345.0,341.35,343.7,2432509
2023-04-21,343.8,348.9,342.6,346.2,3276344
2023-04-24,346.2,347.8,342.75,347.2,2122912
2023-04-25,345.25,348.55,345.25,347.5,1542196
2023-04-26,346.8,349.5,345.1,349.0,1319897
2023-04-27,350.0,356.5,348.85,355.65,3635526
2023-04-28,356.0,358.3,352.45,357.6,3371468
2023-05-02,358.3,364.9,358.0,361.1,3212980
2023-05-03,363.25,367.8,359.85,360.8,4356479
2023-05-04,363.8,369.15,361.15,368.35,4141143
2023-05-05,367.1,369.65,364.05,365.45,1650115
2023-05-08,365.45,368.7,362.45,367.7,1200364
2023-05-09,365.85,370.0,364.7,367.05,2089839
2023-05-10,368.0,373.0,365.4,372.15,2780978
2023-05-12,371.9,371.9,359.0,361.9,3895907
2023-05-15,362.0,363.85,356.35,357.0,2404765
2023-05-16,358.25,366.3,357.0,362.3,3786371
2023-05-17,366.75,369.5,363.95,364.75,3879878
2023-05-18,366.0,366.0,360.1,360.7,1713445
2023-05-19,360.1,362.5,357.6,360.3,1157763
2023-05-22,361.95,362.75,358.55,361.6,1603444
2023-05-23,367.0,371.0,365.0,366.6,5971589
2023-05-24,366.55,369.1,361.85,363.3,1875480
2023-05-25,363.0,364.2,360.35,363.3,1676285
2023-05-26,365.0,367.0,363.1,364.3,1092796
2023-05-29,364.3,367.3,361.0,361.7,1170519
2023-05-30,363.0,364.0,360.0,360.4,1361344
2023-05-31,360.4,366.45,360.2,363.5,11607240
2023-06-01,365.3,368.9,364.1,364.55,1768641
2023-06-02,364.6,366.8,359.1,360.05,3466237
2023-06-05,360.1,362.0,355.0,356.8,2929068
2023-06-06,357.05,359.0,354.6,356.15,2106537
2023-06-07,357.0,369.5,356.75,368.1,6415428
2023-06-08,367.6,367.6,360.3,361.1,3582191
2023-06-09,361.1,364.0,358.8,359.45,1542985
2023-06-12,360.5,372.5,360.2,371.65,4717149
2023-06-13,374.5,376.9,372.4,373.6,3987317
2023-06-14,373.5,378.5,370.9,373.55,3357184
2023-06-15,375.1,380.45,373.0,378.9,6105440
2023-06-16,377.0,378.7,374.4,376.8,2139294
2023-06-19,377.0,378.7,374.15,374.75,1517385
2023-06-20,375.0,375.05,371.5,372.45,1207938
2023-06-21,372.45,374.75,371.35,372.8,1340149
2023-06-22,371.4,378.7,371.15,373.4,2012064
2023-06-23,370.2,371.0,358.3,359.6,5467448
2023-06-26,361.85,362.85,355.65,358.3,2640640
2023-06-27,361.0,363.7,358.0,360.35,3392266
2023-06-28,360.55,366.8,359.2,365.4,3583386
2023-06-30,365.85,368.8,361.25,364.7,4195830
2023-07-03,365.2,379.95,363.4,375.3,6214981
2023-07-04,375.3,378.35,373.15,376.65,2695164
2023-07-05,376.65,387.1,375.0,386.55,6282683
2023-07-06,386.55,397.15,385.0,393.3,6540267
2023-07-07,393.0,397.9,389.3,391.65,3263989
2023-07-10,392.0,393.15,384.1,386.2,3632269
2023-07-11,388.0,391.75,385.4,390.9,3124657
2023-07-12,390.5,392.75,385.05,386.2,1689852
2023-07-13,386.7,387.65,378.65,379.55,2278056
2023-07-14,380.0,381.75,375.6,379.55,3179458
2023-07-17,380.0,383.8,379.0,381.75,1972353
2023-07-18,383.95,387.7,378.4,378.95,2272930
2023-07-19,380.0,385.5,378.55,384.55,2447431
2023-07-20,385.95,389.1,383.25,387.95,2895054
2023-07-21,387.95,393.0,386.0,390.65,2338785
2023-07-24,390.4,391.9,387.65,389.55,1498884
2023-07-25,387.8,390.9,384.3,386.4,2128093
2023-07-26,387.9,395.0,383.75,387.2,6393917
2023-07-27,390.0,391.65,363.15,379.25,8229692
2023-07-28,379.8,379.8,372.1,373.45,3629722
2023-07-31,373.7,378.45,371.65,377.5,5017674
2023-08-01,377.5,379.8,374.25,377.5,4561422
2023-08-02,377.8,378.7,367.5,369.1,4764120
2023-08-03,369.45,371.75,364.3,368.0,3202444
2023-08-04,368.15,370.85,360.05,360.4,3278751
2023-08-07,363.0,363.45,358.1,360.65,2001128
2023-08-08,362.5,363.85,356.4,357.85,3153990
2023-08-09,360.0,361.7,358.05,360.35,3221858
2023-08-10,361.85,365.0,359.55,362.65,4068688
2023-08-11,359.3,361.5,356.9,357.55,2789401
2023-08-14,358.0,358.9,351.3,356.55,2555534
2023-08-16,356.75,361.5,354.15,357.9,1932044
2023-08-17,359.0,360.3,354.35,356.95,2389303
2023-08-18,356.95,358.35,352.05,352.9,2388652
2023-08-21,352.9,354.9,350.65,352.05,2590382
2023-08-22,352.1,354.7,346.5,346.9,4007669
2023-08-23,349.15,349.45,344.25,344.8,3207105
2023-08-24,347.45,352.85,346.15,351.25,4370878
2023-08-25,351.3,354.15,349.0,350.25,2556881
2023-08-28,355.25,357.9,352.3,355.3,5492785
2023-08-29,356.0,358.6,354.8,356.8,3126869
2023-08-30,353.2,354.8,350.2,351.95,4854716
2023-08-31,351.0,352.0,339.1,340.55,6787825
2023-09-01,341.05,344.9,340.55,344.2,4990376
2023-09-04,344.65,348.75,342.8,344.7,3449286
2023-09-06,349.95,353.85,348.05,353.15,3375527
2023-09-07,354.0,356.25,353.15,354.6,3624673
2023-09-08,354.75,364.5,354.05,361.95,5172065
2023-09-11,365.2,368.75,360.7,363.75,5226425
2023-09-12,365.0,365.5,347.05,348.4,9084111
2023-09-13,350.6,356.15,347.2,355.6,4856859
2023-09-14,358.0,362.25,356.1,358.75,5058369
2023-09-15,357.95,358.55,351.25,352.25,6191704
2023-09-18,352.25,361.1,350.65,360.35,5003744
2023-09-20,354.0,356.8,351.2,352.55,9146076
2023-09-21,353.0,358.5,351.8,355.25,4939771
2023-09-22,355.5,357.5,351.35,351.95,1991051
2023-09-25,353.4,353.5,348.05,351.9,2479876
2023-09-26,351.9,354.85,350.9,351.65,1894180
2023-09-27,351.65,353.2,346.6,349.0,2984523
2023-09-28,347.05,350.0,342.0,343.95,4850989
2023-09-29,345.75,348.15,345.0,346.6,1334935
2023-10-03,348.5,349.2,340.85,341.35,5257277
2023-10-04,341.35,344.95,339.55,341.35,3024880
2023-10-05,345.5,347.75,342.8,344.45,3557753
2023-10-06,345.0,349.0,344.0,347.2,1858538
2023-10-09,341.0,341.65,336.15,340.0,4370040
2023-10-10,340.05,342.6,339.2,340.4,1786489
2023-10-11,342.2,345.3,341.5,342.55,2399756
2023-10-12,344.9,350.35,344.05,348.7,3851901
2023-10-13,347.1,350.6,347.05,347.7,1990902
2023-10-16,345.0,348.45,342.0,347.25,1631235
2023-10-17,348.9,357.7,346.7,354.7,5221864
2023-10-18,355.0,356.5,348.85,350.2,4581114
2023-10-19,349.5,354.55,349.15,353.7,2871594
2023-10-20,350.6,352.8,344.55,346.4,2200345
2023-10-23,345.55,347.3,341.65,342.8,3906900
2023-10-25,342.55,346.5,338.5,339.95,2714887
2023-10-26,337.6,338.95,331.45,335.0,3871939
2023-10-30,338.0,348.9,337.1,346.9,10936594
2023-10-31,348.35,353.95,344.65,349.25,5336593
2023-11-01,350.55,358.75,350.55,356.9,6964890
2023-11-02,360.95,362.0,357.25,360.55,5065216
2023-11-03,361.15,363.7,360.2,361.5,2813950
2023-11-06,362.8,369.15,361.35,366.25,4536010
2023-11-08,375.45,387.9,374.05,384.2,12010456
2023-11-09,385.1,390.65,382.8,383.55,6421948
2023-11-10,381.8,386.1,380.5,384.05,2466243
2023-11-13,383.5,388.7,383.5,387.1,2419453
2023-11-15,388.0,393.4,387.15,392.55,5633125
2023-11-16,394.0,401.3,393.0,398.65,7708086
2023-11-17,400.0,407.1,389.25,390.25,8190348
2023-11-20,390.65,393.4,387.45,392.0,2253441
2023-11-21,392.0,393.2,386.6,388.0,2238607
2023-11-22,392.0,402.8,391.1,402.1,12865332
2023-11-23,403.55,413.5,400.65,411.3,8119546
2023-11-24,413.0,413.0,407.0,410.6,5487773
2023-11-28,414.05,425.9,413.1,424.5,11593428
2023-11-29,426.0,434.45,418.7,428.65,12604406
2023-11-30,434.5,438.75,429.05,435.7,16360654
2023-12-01,440.0,442.4,433.4,438.0,9639421
2023-12-04,445.0,464.8,444.0,461.5,20741397
2023-12-05,470.05,476.45,465.0,472.2,19188032
2023-12-06,481.0,482.5,468.3,472.85,13704413
2023-12-07,477.0,479.0,471.5,474.7,11925282
2023-12-08,476.9,477.45,465.8,470.45,9470239
2023-12-11,474.85,474.85,456.55,465.5,13846554
2023-12-12,445.5,451.45,445.5,447.55,9970160
2023-12-13,449.5,454.35,445.95,447.5,13332009
2023-12-14,449.95,449.95,442.05,445.7,6277784
2023-12-15,445.0,453.45,442.2,449.0,11039574
2023-12-18,449.0,450.25,444.1,447.25,8415532
2023-12-19,447.25,451.5,445.05,449.75,6322336
2023-12-20,453.4,455.35,438.35,439.45,8673989
2023-12-21,434.9,450.45,432.45,449.55,9277207
2023-12-22,449.7,453.35,445.05,446.65,5779632
2023-12-26,448.0,456.5,444.5,451.6,11488225
2023-12-27,453.95,456.4,448.3,454.7,6199044
2023-12-28,456.0,470.85,454.75,465.8,22591668
2023-12-29,454.5,458.0,448.65,450.65,8544220
2024-01-01,459.4,459.4,450.7,452.05,3503144
2024-01-02,452.05,459.4,448.1,456.25,4729409
2024-01-03,459.95,465.3,455.05,461.05,7529442
2024-01-04,456.8,457.5,451.0,452.65,8952458
2024-01-05,455.9,459.65,451.25,453.1,4040234
2024-01-08,456.95,464.3,451.45,455.0,9116305
2024-01-09,460.0,463.75,455.65,459.95,6150645
2024-01-10,455.2,456.15,445.1,451.25,7630996
2024-01-11,453.9,461.2,453.2,458.7,7875626
2024-01-12,459.0,461.1,455.1,458.25,5995406
2024-01-15,460.0,463.5,455.65,459.95,5204191
2024-01-16,461.0,479.8,460.5,472.85,21184750
2024-01-17,472.0,477.15,466.15,471.65,11214642
2024-01-18,467.0,480.9,461.0,473.2,9901151
2024-01-19,476.0,485.0,474.05,480.95,6486928
2024-01-20,484.0,486.0,480.0,483.1,3811138
2024-01-23,488.5,488.5,460.1,463.05,9209775
2024-01-24,465.0,478.5,463.3,477.15,7580656
2024-01-25,477.2,488.35,471.0,474.4,10673337
2024-01-29,474.0,501.4,469.4,492.65,13934742
2024-01-30,496.85,517.85,493.15,504.2,22135938
2024-01-31,505.95,512.55,498.55,502.35,10353868
2024-02-01,504.55,515.3,499.1,508.45,7004099
2024-02-02,517.35,572.4,516.0,558.35,38778041
2024-02-05,566.0,588.8,557.05,574.75,22512945
2024-02-06,579.95,614.7,570.7,609.3,22630328
2024-02-07,616.8,620.0,599.3,602.05,14395859
2024-02-08,608.0,635.35,606.4,620.5,18761294
2024-02-09,623.0,623.7,592.3,614.3,14762133
2024-02-12,614.8,618.6,583.75,590.45,8521118
2024-02-13,591.95,596.55,580.35,584.3,6329971
2024-02-14,582.0,629.35,582.0,623.65,23993681
2024-02-15,630.0,656.95,623.1,652.75,25622509
2024-02-16,666.0,687.95,651.9,654.6,27872405
2024-02-19,659.9,666.7,650.85,652.55,12498635
2024-02-20,652.55,664.0,637.25,657.6,10456755
2024-02-21,663.6,667.85,630.0,633.2,8861132
2024-02-22,629.0,630.85,610.85,625.9,13826790
2024-02-23,622.05,629.5,615.25,617.95,6282345
2024-02-26,617.0,633.6,604.1,627.15,11632098
2024-02-27,627.1,632.7,616.3,625.05,7440601
2024-02-28,624.85,625.55,606.1,609.3,6322961
2024-02-29,609.0,611.8,594.45,603.85,10257732
2024-03-01,611.0,627.25,609.0,623.3,7881618
2024-03-04,625.2,643.25,620.85,640.45,7402086
2024-03-05,641.05,649.5,632.1,645.1,6158968
2024-03-06,643.0,653.0,625.25,638.35,9129094
2024-03-07,637.0,641.15,622.0,624.7,5984287
2024-03-11,617.0,638.7,612.05,626.4,7676504
2024-03-12,627.0,635.35,616.65,625.45,7037182
2024-03-13,628.0,628.0,594.2,597.75,7455092
2024-03-14,597.75,614.0,592.4,608.75,9686237
2024-03-15,588.25,600.0,559.0,586.45,28519659
2024-03-18,586.45,592.8,580.3,582.3,5490247
2024-03-19,580.0,580.85,556.4,557.7,10832817
2024-03-20,561.0,572.4,560.3,566.65,8764283
2024-03-21,574.0,589.7,572.55,587.8,8312666
2024-03-22,589.0,604.45,584.55,592.8,10722770
2024-03-27,605.0,611.75,593.3,595.2,5446788
2024-03-28,600.9,611.25,597.6,602.4,6084316
2024-04-01,603.0,608.95,598.15,600.7,3130057
2024-04-02,605.0,620.3,600.0,615.8,9472294
2024-04-03,613.0,619.35,608.8,610.95,6228258
2024-04-04,614.0,616.1,595.45,598.5,7593635
2024-04-05,593.55,594.3,580.25,590.45,8773495
2024-04-08,595.95,603.6,590.6,591.95,5814256
2024-04-09,597.2,597.2,583.5,585.75,4544926
2024-04-10,589.3,608.7,585.0,604.75,11143337
2024-04-12,604.75,612.85,599.0,601.2,6709683
2024-04-15,590.2,599.8,574.4,589.55,8309537
2024-04-16,585.0,600.0,578.55,592.3,5773385
2024-04-18,604.5,617.6,585.55,589.6,12917200
2024-04-19,578.0,589.9,564.2,585.8,10498042
2024-04-22,594.85,608.8,593.0,603.45,8762809
2024-04-23,608.3,609.5,591.75,593.0,5720301
2024-04-24,598.0,598.85,592.0,593.35,4889468
2024-04-25,593.35,605.8,588.05,603.4,7173378
2024-04-26,602.3,614.7,599.1,609.45,4952528
2024-04-29,614.95,624.5,607.2,618.8,7954426
2024-04-30,624.0,624.55,603.4,607.35,6260348
2024-05-02,618.0,637.05,614.5,634.65,15883066
2024-05-03,640.0,641.7,625.1,629.85,4498668
2024-05-06,635.0,635.2,606.15,610.25,4736018
2024-05-07,622.5,628.45,602.0,604.3,9951119
2024-05-08,608.0,624.3,603.45,620.3,6969584
2024-05-09,625.0,625.0,590.05,592.15,9969424
2024-05-10,615.0,621.95,601.55,618.65,22082171
2024-05-13,624.95,624.95,591.8,606.9,11449326
2024-05-14,612.4,617.7,602.15,605.95,6406657
2024-05-15,609.0,628.0,607.05,625.05,9417506
2024-05-16,632.0,633.35,611.05,618.75,13443468
2024-05-17,619.7,629.5,618.35,628.3,5101693
2024-05-18,629.0,630.55,627.0,629.0,518349
2024-05-21,630.0,649.0,625.0,644.0,10623880
2024-05-22,649.9,650.7,631.05,640.5,7336905
2024-05-23,645.0,654.1,640.6,647.45,7491275
2024-05-24,647.0,663.35,641.6,654.1,8104262
2024-05-27,656.8,661.75,646.5,656.05,6246791
2024-05-28,657.95,659.0,642.6,646.5,4475041
2024-05-29,640.0,642.95,632.4,633.55,5376708
2024-05-30,634.05,636.8,623.5,625.75,4822844
2024-05-31,630.0,634.4,617.6,627.8,9242052
2024-06-03,665.0,687.0,651.7,666.15,16914117
2024-06-04,670.0,670.0,566.7,580.2,22874263
2024-06-05,602.05,602.05,534.2,581.1,23694087
2024-06-06,591.05,607.45,580.25,584.15,18967116
2024-06-07,585.0,602.0,581.2,599.8,10810315
2024-06-10,605.3,609.85,600.25,602.6,7414297
2024-06-11,606.3,612.7,593.6,607.2,13513772
2024-06-12,621.5,623.85,612.45,613.35,11739694
2024-06-13,619.0,621.5,613.5,619.35,6025162
2024-06-14,622.3,629.3,618.25,626.65,7314322
2024-06-18,635.0,635.0,626.4,630.9,7942475
2024-06-19,634.2,634.2,615.0,615.8,9824003
2024-06-20,620.0,628.8,612.8,626.25,9038323
2024-06-21,318.0,319.0,305.1,307.6,30004484
2024-06-24,309.7,309.7,303.3,305.25,7557297
2024-06-25,305.25,306.45,294.8,296.3,15630568
2024-06-26,298.0,300.85,296.25,298.4,7973173
2024-06-27,298.8,307.0,296.05,304.85,12487595
2024-06-28,305.85,306.6,301.55,303.95,9077880
2024-07-01,305.7,306.85,303.3,304.55,4793023
2024-07-02,304.0,308.25,302.2,304.4,5553786
2024-07-03,305.5,307.45,303.0,306.6,4355165
2024-07-04,306.6,308.5,301.95,303.0,6607472
2024-07-05,303.0,307.2,302.0,306.65,7684768
2024-07-08,304.6,307.95,298.8,299.5,11488688
2024-07-09,301.25,302.15,296.4,300.2,18094862
2024-07-10,300.8,301.8,293.4,300.35,12134270
2024-07-11,302.0,308.0,299.6,306.6,19246022
2024-07-12,309.7,310.95,303.75,304.55,10426157
2024-07-15,306.0,309.0,304.15,307.75,8687357
2024-07-16,308.0,319.25,308.0,315.95,28132502
2024-07-18,318.5,319.0,312.7,318.15,19588548
2024-07-19,318.15,318.15,301.8,303.8,19823046
2024-07-22,304.55,317.15,300.1,308.25,27102699
2024-07-23,311.45,312.3,296.1,306.0,24287234
2024-07-24,306.4,315.85,304.85,314.95,16934157
2024-07-25,312.95,327.15,310.8,326.15,30554549
2024-07-26,327.95,329.4,323.4,328.8,21839106
2024-07-29,333.4,338.95,331.05,337.9,20234464
2024-07-30,338.55,359.05,337.3,348.2,45785745
2024-07-31,352.0,354.1,346.15,350.05,17224023
2024-08-01,351.0,351.9,344.6,349.1,16959971
2024-08-02,346.9,350.95,340.05,347.1,15120989
2024-08-05,342.0,346.95,334.4,341.7,23868328
2024-08-06,343.0,349.65,333.4,334.7,13702018
2024-08-07,341.2,347.75,337.4,343.65,14250381
2024-08-08,343.95,343.95,332.8,338.3,15378854
2024-08-09,333.15,336.7,329.8,333.4,11351617
2024-08-12,331.8,336.8,330.2,333.4,12253716
2024-08-13,331.95,332.75,321.0,321.7,9757429
2024-08-14,321.7,327.45,320.65,325.05,8457477
2024-08-16,326.05,333.8,326.05,332.5,8214443
2024-08-19,337.8,345.55,336.35,343.8,17875728
2024-08-20,348.95,354.1,347.4,349.4,22888866
2024-08-21,349.35,355.6,348.15,351.2,14795459
2024-08-22,354.6,355.1,348.55,350.1,10244576
2024-08-23,349.8,358.0,349.55,352.2,15872017
2024-08-26,355.45,355.9,349.0,351.15,6672007
2024-08-27,348.0,350.75,343.5,349.05,9683173
2024-08-28,348.5,355.75,346.65,348.15,7295981
2024-08-29,349.8,357.55,347.15,356.45,13054801
2024-08-30,359.95,365.5,354.75,357.65,20312502
2024-09-02,361.0,367.2,357.5,358.45,14344785
2024-09-03,359.5,359.7,353.5,355.4,9289259
2024-09-04,355.4,363.95,354.65,357.25,19416507
2024-09-05,359.5,364.35,355.75,360.7,15927510
2024-09-06,362.35,365.25,351.05,352.15,19044553
2024-09-09,352.1,353.55,347.1,347.8,9200270
2024-09-10,349.0,351.5,344.65,345.95,8137710
2024-09-11,349.95,352.8,338.55,340.25,12194591
2024-09-12,343.45,346.2,340.4,344.3,15970391
2024-09-13,346.0,349.75,341.65,342.3,11006109
2024-09-17,339.95,340.85,335.05,338.4,7237522
2024-09-18,339.0,339.9,334.45,336.1,4111826
2024-09-19,337.95,337.95,322.95,324.45,12549677
2024-09-20,326.45,333.1,324.45,331.2,14642546
2024-09-23,333.0,339.5,331.3,338.1,6110287
2024-09-24,338.55,343.2,336.7,339.15,7068491
2024-09-25,341.0,341.8,335.15,339.8,6087353
2024-09-26,340.0,346.95,335.15,345.1,9517367
2024-09-27,347.0,370.5,346.35,367.3,40756678
2024-09-30,367.15,376.0,360.15,369.95,23860696
2024-10-01,370.0,373.35,364.15,368.25,9440793
2024-10-03,353.75,361.6,347.0,348.85,20754875
2024-10-04,342.5,347.95,334.35,340.25,18185208
2024-10-07,342.0,343.3,332.8,335.0,7847806
2024-10-08,331.5,339.45,328.25,338.0,9565667
2024-10-09,345.0,350.0,337.75,338.85,13523561
2024-10-10,342.0,343.3,334.55,335.45,5706365
2024-10-11,335.45,339.4,334.0,337.65,4046559
2024-10-14,340.0,344.6,337.25,340.75,7967181
2024-10-15,344.2,351.5,343.9,348.75,17183945
2024-10-16,352.0,355.9,348.05,350.75,17073700
2024-10-17,349.15,350.6,341.85,342.7,11023063
2024-10-18,342.7,343.9,334.3,342.5,7328694
2024-10-21,342.55,345.5,330.2,331.65,8609636
2024-10-22,332.0,332.55,322.0,322.9,6372285
2024-10-23,322.0,325.85,316.55,323.05,6639274
2024-10-24,323.0,325.4,320.0,321.45,5706821
2024-10-25,323.45,323.6,303.1,306.3,11583887
2024-10-28,307.3,315.5,305.3,310.4,13299872
2024-10-29,312.0,312.95,302.25,311.45,8437903
2024-10-30,309.0,314.9,307.35,311.3,6248318
2024-10-31,310.5,316.2,307.8,310.75,11375689
2024-11-04,313.0,313.5,298.1,303.45,14063318
2024-11-05,301.0,309.05,300.2,307.95,9542018
2024-11-06,311.8,319.0,307.25,317.0,10787602
2024-11-07,316.35,317.7,311.1,315.0,7387875
2024-11-08,315.0,315.1,306.8,310.45,9304376
2024-11-11,308.0,314.0,304.05,312.55,5277147
2024-11-12,314.1,318.55,309.05,309.8,7192998
2024-11-13,307.95,309.0,302.0,305.85,7306795
2024-11-14,305.8,306.0,296.4,298.2,11061057
2024-11-19,292.65,297.9,286.5,287.5,9912544
2024-11-21,287.45,287.45,279.35,282.4,8273120
2024-11-22,282.6,287.0,281.05,285.85,6539977
2024-11-25,292.05,304.4,292.0,296.55,16903527
2024-11-26,297.95,301.0,293.35,293.85,5160007
2024-11-27,296.95,297.0,291.05,293.45,5995425
2024-11-28,294.45,298.75,289.5,290.95,13130411
2024-11-29,292.4,294.25,289.4,292.1,8125467
2024-12-02,292.65,295.9,290.5,294.15,5193026
2024-12-03,297.5,297.8,292.05,294.25,9198285
2024-12-04,294.2,299.55,292.85,293.65,9840659
2024-12-05,295.1,298.25,291.3,297.0,9287638
2024-12-06,297.9,303.9,296.4,300.35,9586531
2024-12-09,300.95,304.2,299.1,303.45,11637358
2024-12-10,302.3,306.7,300.85,303.5,8649367
2024-12-11,303.45,308.95,302.1,307.45,10867782
2024-12-12,307.05,307.45,301.3,302.15,7454904
2024-12-13,302.0,305.15,296.0,301.7,7726611
2024-12-16,300.95,301.7,295.8,297.95,8696443
2024-12-17,299.85,299.85,292.1,293.0,8415828
2024-12-18,291.75,293.0,287.65,288.3,6535229
2024-12-19,282.05,295.85,282.05,294.55,11822064
2024-12-20,293.55,299.2,287.0,289.05,9979749
2024-12-23,292.0,294.9,288.0,289.1,6819725
2024-12-24,289.95,295.45,287.35,292.0,7937629
2024-12-26,294.85,299.3,292.55,295.6,11310555
2024-12-27,295.05,297.4,292.5,293.55,3708404
2024-12-30,293.55,295.25,289.75,293.3,8236910
2024-12-31,291.45,294.4,290.8,292.45,4161509
2025-01-02,295.3,297.7,291.8,296.9,6846413
2025-01-03,296.0,299.15,294.35,296.4,4806469
2025-01-06,296.4,297.25,284.1,284.85,7361716
2025-01-07,287.1,290.5,280.7,282.8,8306436
2025-01-08,282.8,287.9,280.5,286.8,6037032
2025-01-09,287.0,287.85,279.05,280.0,6215902
2025-01-10,280.5,283.5,275.6,277.65,9073218
2025-01-13,271.25,274.7,264.25,265.3,10488655
2025-01-14,267.1,271.5,266.0,270.2,6710730
2025-01-15,273.9,275.9,265.25,267.0,13448052
2025-01-16,267.35,268.95,263.5,266.9,13754046
2025-01-17,268.8,275.2,267.25,273.6,9300647
2025-01-20,275.0,278.4,268.8,277.3,9623368
2025-01-22,282.0,283.55,274.05,277.6,6301894
2025-01-23,283.0,285.0,270.3,271.25,18806324
2025-01-24,274.0,279.4,263.0,263.8,18480516
2025-01-27,263.7,263.7,258.35,261.3,10083126
2025-01-28,262.25,263.9,254.3,258.05,13321189
2025-01-29,256.95,257.95,251.5,257.0,9435973
2025-01-30,259.9,260.9,256.5,257.15,9410974
2025-01-31,257.9,262.0,254.25,261.1,8790578
2025-02-03,250.95,251.8,242.2,249.55,21517136
2025-02-04,250.65,256.65,250.2,255.95,7000612
2025-02-05,260.25,265.65,260.25,261.25,10088345
2025-02-06,263.0,267.2,261.65,262.55,14058587
2025-02-07,262.1,264.9,260.05,264.3,6557480
2025-02-10,264.55,265.8,257.5,259.9,8052376
2025-02-11,259.5,259.75,253.75,255.15,6819100
2025-02-12,255.15,256.8,249.05,255.6,6568833
2025-02-13,256.2,260.1,255.0,255.75,5514711
2025-02-14,256.4,258.6,247.45,251.0,5205573
2025-02-17,251.0,253.55,246.35,252.3,5899597
2025-02-18,252.25,253.55,246.85,252.75,5534272
2025-02-19,251.0,256.45,249.55,255.6,6887175
2025-02-20,254.0,259.65,253.2,258.6,8155780
2025-02-21,258.0,259.4,250.65,251.3,9845416
2025-02-24,251.25,253.5,248.75,251.0,6773845
2025-02-25,251.9,252.9,247.7,248.45,4172676
2025-02-27,248.45,249.4,242.1,244.75,7376510
2025-02-28,244.05,244.05,236.15,237.3,14066882
2025-03-03,239.0,243.64,234.01,242.41,6864635
2025-03-04,241.0,250.94,236.1,249.92,7201075
2025-03-05,249.9,256.93,249.9,255.84,7802519
2025-03-06,260.0,265.95,259.0,265.04,12828381
2025-03-07,264.96,265.79,260.0,261.26,7057204
2025-03-11,255.99,264.97,254.35,264.58,12306539
2025-03-12,266.5,272.0,263.4,266.32,10648004
2025-03-13,266.32,266.67,262.01,264.41,4545159
2025-03-17,261.11,263.69,258.31,261.42,6482585
2025-03-18,262.15,263.3,259.51,262.18,5548862
2025-03-19,263.51,266.49,263.01,265.26,4955027
2025-03-20,266.6,272.93,264.75,272.13,10789615
2025-03-21,272.2,285.85,271.06,279.66,26173451
2025-03-24,282.0,285.3,280.0,280.44,11376607
2025-03-25,280.57,283.96,277.18,279.11,12143699
2025-03-26,278.0,283.33,272.13,273.01,9475308
2025-03-27,273.39,279.85,272.18,276.06,107524873
2025-03-28,276.99,284.33,276.3,278.47,12687883
2025-04-01,275.0,287.0,275.0,284.6,20780255
2025-04-02,283.05,288.05,277.7,286.8,12058406
2025-04-03,283.0,291.4,283.0,286.8,6663148
2025-04-04,292.15,295.7,277.05,279.45,18852567
2025-04-07,262.0,279.1,262.0,273.7,15010047
2025-04-08,279.5,287.5,275.1,285.9,18994276
2025-04-09,288.7,290.65,279.6,287.95,14519066
2025-04-11,296.45,296.45,286.5,293.2,14955235
2025-04-15,296.8,296.8,291.1,294.4,8516322
2025-04-16,294.0,300.55,292.55,298.75,9064723
2025-04-17,298.0,301.75,295.45,298.35,7510897
2025-04-21,299.85,305.55,298.0,304.05,6455955
2025-04-22,305.0,308.5,302.65,306.1,7096150
2025-04-23,306.1,306.65,298.3,300.45,7400827
2025-04-24,302.95,305.5,300.3,302.0,5773985
2025-04-25,302.35,304.95,293.3,295.7,7773037
2025-04-28,293.1,310.95,293.1,310.0,14414879
2025-04-29,311.55,315.6,309.8,311.7,9522966
2025-04-30,319.0,322.45,309.0,310.05,21424437
2025-05-02,310.55,317.5,309.9,311.15,7751559
2025-05-05,317.0,325.85,316.0,321.05,16037327
2025-06-20,310.9,315.9,310.0,313.5,8522458
2025-06-23,310.0,315.5,308.2,313.45,6848410
2025-06-24,325.5,327.8,317.0,319.25,11172373
2025-06-25,322.5,323.0,316.6,319.6,6658747
2025-06-26,318.85,331.0,318.85,329.75,15528180
2025-06-27,330.0,334.2,327.4,333.0,9911738
2025-06-30,334.0,337.7,330.35,331.95,5840638
2025-07-01,331.55,335.5,330.9,332.05,3921773
2025-07-02,333.7,334.95,328.8,331.8,3799017
2025-07-03,333.0,335.55,330.55,331.5,5049883
2025-07-04,334.0,347.7,331.9,346.2,13743465
2025-07-07,345.8,351.55,343.45,350.5,8603937
2025-07-08,350.0,358.65,348.7,355.6,12905482
2025-07-09,355.6,356.35,347.65,348.5,8039090
2025-07-10,351.8,352.85,348.05,350.95,6580919
2025-07-11,351.8,352.65,343.3,344.85,4803470
2025-07-14,345.85,348.2,342.85,344.4,5372218
2025-07-15,347.65,350.5,346.15,348.05,6270256
2025-07-16,350.05,351.7,347.4,347.85,8426412
2025-07-17,349.6,349.9,344.25,346.75,4026086
2025-07-18,347.5,351.45,342.1,343.5,5631392
2025-07-21,343.5,344.7,339.45,342.6,5051058
2025-07-22,342.6,344.35,339.95,340.35,4447293
2025-07-23,341.85,345.0,336.8,344.45,5089227
2025-07-24,344.45,344.9,339.7,341.4,3270996
2025-07-25,340.1,341.4,331.05,332.9,3514659
2025-07-28,332.35,338.35,331.0,333.4,5630809
2025-07-29,336.0,337.3,333.2,334.95,7809814
2025-07-30,334.0,343.55,330.0,337.05,11366010
2025-07-31,330.0,331.25,323.1,329.3,6867024
2025-08-01,329.0,329.3,316.55,317.85,4105518
2025-08-04,320.15,320.75,314.9,317.85,3536322
2025-08-05,317.0,318.0,309.55,315.1,6730701
2025-08-07,313.3,314.05,307.15,310.35,5018154
2025-08-08,310.5,321.25,308.6,319.45,10028343
2025-08-11,322.25,330.0,317.2,320.95,7957794
2025-08-12,321.0,326.5,320.7,323.7,4392686
2025-08-13,325.0,326.3,321.05,322.5,2707971
2025-08-14,327.0,331.4,317.15,318.05,10549386
2025-08-18,321.0,321.05,312.45,314.0,8091527
2025-08-19,315.2,322.2,312.7,321.45,4343312
2025-08-20,320.0,322.5,319.0,319.95,3670375
2025-08-21,321.05,323.8,318.75,319.95,3790333
2025-08-22,320.2,320.35,314.7,316.45,3007303
2025-08-25,318.95,318.95,314.5,315.8,2841339
2025-08-26,317.3,318.3,311.05,312.1,10819770
2025-08-28,315.6,315.6,310.0,310.7,8888325
2025-08-29,310.7,312.3,307.0,308.2,4334416
2025-09-01,308.5,315.55,306.8,314.75,3672180
2025-09-02,315.9,317.3,312.75,314.95,3405312
2025-09-03,314.95,320.5,314.05,314.85,6616690
2025-09-04,319.85,319.85,312.5,312.9,5225640
2025-09-05,313.0,316.45,311.5,312.5,6159420
2025-09-08,313.9,318.15,313.55,316.45,2002604
2025-09-09,317.8,320.15,313.55,313.95,6476251
2025-09-10,315.5,318.25,314.75,317.95,5214899
2025-09-11,318.2,326.6,317.5,320.0,7529271
2025-09-12,321.05,323.2,317.05,318.0,4705998
2025-09-15,318.3,320.7,315.7,317.75,4653626
2025-09-16,319.35,321.1,316.5,318.25,5381837
2025-09-17,319.85,324.75,319.25,323.55,7035565
2025-09-18,324.9,326.15,321.0,325.7,5615664
2025-09-19,325.6,334.0,324.8,329.55,10022009
2025-09-22,329.0,332.3,322.45,325.4,4768219
2025-09-23,328.7,335.2,326.85,330.4,7992615
2025-09-24,330.45,332.4,327.0,330.35,5489995
2025-09-25,329.1,332.5,327.0,329.65,5798602
2025-09-26,329.8,330.0,322.95,324.35,5692665
2025-09-29,326.65,339.0,325.5,338.1,12616059
2025-09-30,339.75,342.3,337.15,339.65,6762730
2025-10-01,341.0,347.7,338.6,339.7,9814406
2025-10-03,344.0,344.9,337.6,341.55,5833883
2025-10-06,342.0,345.5,338.55,343.6,5914399
2025-10-07,343.6,346.25,341.05,341.9,5934834
2025-10-08,341.25,350.0,339.5,345.1,7955678
2025-10-09,347.25,351.0,343.1,344.0,7028656
2025-10-10,345.5,347.3,337.2,338.7,5737637
2025-10-13,340.5,342.0,335.15,337.95,6785828
2025-10-14,338.15,340.3,330.65,332.45,4343927
2025-10-15,334.95,340.75,332.05,337.9,16271995
2025-10-16,338.95,338.95,333.55,335.9,6279302
2025-10-17,336.1,338.3,332.7,335.85,7824777
2025-10-20,336.25,340.05,335.5,337.7,6134873
2025-10-21,339.4,340.25,337.7,339.05,404063
2025-10-23,340.0,340.15,330.05,331.3,8457356
2025-10-24,330.15,334.4,327.2,330.45,8260920
2025-10-27,332.7,343.5,331.25,343.0,11767585
2025-10-28,344.0,345.5,339.6,340.65,6156249
2025-10-29,341.9,349.0,340.85,348.1,9756868
2025-10-30,350.0,359.8,345.3,357.6,14807100
2025-10-31,358.0,360.55,355.1,356.8,7532962
2025-11-03,361.95,369.5,356.25,367.3,20107281
2025-11-04,369.85,373.95,368.15,372.95,12649509
2025-11-06,380.0,380.0,367.25,367.95,11803637
2025-11-07,360.0,367.85,359.75,367.15,11711108
2025-11-10,366.3,369.8,363.65,365.15,6934285
2025-11-11,365.0,374.85,360.05,374.15,10689646
2025-11-12,375.2,379.1,373.6,375.45,9316462
2025-11-13,377.1,378.75,372.1,374.95,9719258
2025-11-14,374.0,379.75,369.45,371.15,6848609
2025-11-17,372.6,381.55,372.0,374.25,9063998
2025-11-18,375.85,376.9,370.65,371.85,7729409
2025-11-19,371.85,372.9,364.85,365.65,7056032
2025-11-20,367.0,368.8,363.3,365.05,9025414
2025-11-21,365.05,367.85,363.4,364.55,7177944
2025-11-24,364.55,367.25,357.8,359.65,13807356
2025-11-25,358.95,358.95,353.7,355.85,4113590
2025-11-26,356.8,368.0,356.1,367.65,7651793
2025-11-27,368.95,368.95,361.5,364.7,5180488
2025-11-28,365.8,367.0,358.6,359.1,3459790
2025-12-01,361.5,361.5,352.4,354.0,4470807
2025-12-02,355.75,361.15,354.25,358.75,9468149
2025-12-03,359.0,361.0,355.8,358.4,6169622
2025-12-04,360.0,361.6,353.5,356.0,5798181
2025-12-05,356.0,361.6,353.3,360.3,3479044
2025-12-08,363.0,363.0,355.15,357.55,6762135
2025-12-09,357.55,358.75,352.95,355.05,5612269
2025-12-10,355.05,359.95,352.75,355.15,8521964
2025-12-11,355.15,356.35,349.1,351.3,4491115
2025-12-12,352.5,366.65,352.5,365.05,6101145
2025-12-15,365.1,369.45,361.1,367.0,6128925
2025-12-16,366.75,369.05,361.7,368.15,4332510
2025-12-17,370.0,372.85,366.0,368.35,6872112
2025-12-18,368.0,369.2,361.5,363.35,3880069
2025-12-19,363.95,367.45,362.1,365.95,6515994
2025-12-22,365.95,370.7,364.55,369.9,3949754
2025-12-23,369.9,373.5,368.55,370.0,3379297
2025-12-24,369.9,371.45,364.8,365.9,2339154
2025-12-26,365.45,368.2,361.7,366.0,2997958
2025-12-29,366.0,372.0,364.8,371.6,4666863
2025-12-30,371.8,376.15,368.2,369.5,8567519
2025-12-31,369.5,386.0,369.0,384.0,12051156
2026-01-01,386.4,388.15,379.15,381.5,6554899
2026-01-02,382.0,385.6,377.9,381.45,3614573
2026-01-05,380.0,385.45,374.4,377.9,5243413
2026-01-06,377.75,377.8,364.0,370.8,6881934
2026-01-07,371.55,373.4,366.5,368.2,6613161
2026-01-08,366.2,366.55,352.2,354.55,7714421
2026-01-09,353.0,359.65,352.2,354.15,5252007
2026-01-12,353.6,359.1,349.55,358.75,4474234
2026-01-13,360.0,360.15,352.05,355.1,3681627
2026-01-14,354.5,358.5,351.15,356.9,7777436
2026-01-16,358.0,367.75,358.0,363.2,6243090
2026-01-19,364.0,367.0,358.95,361.25,4545354
2026-01-20,361.0,361.0,353.0,355.2,6408732
2026-01-21,354.0,358.75,345.5,351.95,6076732
2026-01-22,355.0,361.2,353.8,354.15,4615713
2026-01-23,356.0,361.9,348.2,349.15,5338663
2026-01-27,358.0,359.9,350.55,357.4,11887552
2026-01-28,360.5,365.9,357.4,362.35,12428097
2026-01-29,362.35,367.9,357.25,366.95,14186586
2026-01-30,366.7,368.0,359.5,364.5,12639803
2026-02-02,353.0,367.6,351.0,366.7,12038292
2026-02-03,372.0,374.7,358.3,373.45,12411365
2026-02-04,373.0,383.2,370.35,382.45,8138573
2026-02-05,386.0,391.65,378.35,382.05,8446290
2026-02-06,382.5,386.9,381.35,386.35,7988984
2026-02-09,386.5,389.5,382.9,388.3,5171617
2026-02-10,386.0,388.0,381.9,386.35,3114005
2026-02-11,388.0,390.9,386.0,387.6,5156493
2026-02-12,387.05,389.5,373.55,377.7,6352805
2026-02-13,377.45,378.4,372.95,374.1,2696607
2026-02-16,372.65,375.3,369.05,374.35,1709180
2026-02-17,374.35,375.8,366.55,374.95,2646518
2026-02-18,377.0,381.4,375.75,380.9,2527223
2026-02-19,377.45,378.85,365.0,367.65,5506935
2026-02-20,364.85,367.9,362.3,366.3,6928709
2026-02-23,370.0,376.7,366.65,372.1,7760029
2026-02-24,370.0,376.0,369.0,374.45,7718539
2026-02-25,376.1,381.9,374.0,381.05,7003584
2026-02-26,380.0,387.0,378.55,386.0,4800186
2026-02-27,386.65,389.9,382.5,385.4,9020770
2026-03-02,368.0,376.95,367.1,374.8,14939455
2026-03-04,365.0,367.85,352.7,356.4,13534628
2026-03-05,356.65,362.5,351.1,360.35,12170764
2026-03-06,362.05,362.05,351.2,352.75,10536915
2026-03-09,341.35,341.45,322.8,331.15,34756111
2026-03-10,336.5,342.2,324.35,325.9,15916729
2026-03-11,326.0,328.9,322.75,325.05,13909498
2026-03-12,318.7,330.35,314.0,326.35,11176171
2026-03-13,323.65,325.35,318.15,319.3,7556076
2026-03-16,314.9,318.45,301.1,304.95,18589204
2026-03-17,305.3,305.9,298.15,300.05,16467622
2026-03-18,300.8,307.45,299.6,303.7,9223774
2026-03-19,298.0,298.0,284.4,286.0,15494502
2026-03-20,288.5,295.85,286.95,287.8,16601274
2026-03-23,280.05,281.0,270.0,271.3,14357554
2026-03-24,280.0,283.0,270.7,282.25,19542984
2026-03-25,288.2,289.75,281.8,284.55,18451485
2026-03-27,290.0,298.5,280.8,282.7,29524543
2026-03-30,274.95,285.25,273.1,281.0,14757987
2026-04-01,292.0,292.0,280.1,281.25,16919233
2026-04-02,275.3,281.15,266.6,278.15,13404373
2026-04-06,277.75,279.95,272.15,278.7,11923889
2026-04-07,273.2,278.25,271.0,277.45,14410706
2026-04-08,293.5,301.5,292.15,298.1,26646510
2026-04-09,296.0,299.7,293.0,297.35,17580272
2026-04-10,297.4,303.2,296.2,299.35,13853270
2026-04-13,284.25,294.0,284.25,292.95,13454302
2026-04-15,300.6,311.45,299.0,310.45,26146547
2026-04-16,314.9,314.9,307.25,307.95,14067180
2026-04-17,308.8,313.7,306.25,312.1,10758881
2026-04-20,312.1,319.0,307.0,316.05,14504057
2026-04-21,316.05,320.1,315.1,318.05,9935289
2026-04-22,317.0,317.0,313.0,314.4,7456858
2026-04-23,312.0,313.75,308.4,309.8,8518111
2026-04-24,309.0,310.75,300.15,308.1,10531252
2026-04-27,308.3,315.1,306.7,312.65,5296412
2026-04-28,308.7,313.1,305.15,307.75,14434171
2026-04-29,308.4,310.9,303.15,303.9,16918034
2026-04-30,300.05,302.35,295.55,300.45,13025294
2026-05-04,302.5,305.9,300.1,301.7,9009471
2026-05-06,304.7,316.6,301.85,314.05,16983058
2026-05-07,315.7,316.95,305.1,307.6,17998452
2026-05-08,306.0,306.35,301.4,302.75,11782486
2026-05-11,298.75,299.4,293.75,294.45,10388130
2026-05-12,286.0,293.7,286.0,287.85,10652991
2026-05-13,288.55,299.0,288.55,297.1,12403055
2026-05-14,301.1,301.1,291.15,295.0,11845204
2026-05-15,293.0,294.65,283.5,284.45,14828416
2026-05-18,282.0,282.5,276.6,280.8,8613476
2026-05-19,282.0,289.8,282.0,286.45,6955573
2026-05-20,281.85,294.75,280.05,293.75,10290169
2026-05-21,295.0,298.5,294.75,296.4,10786772
2026-05-22,297.0,297.7,291.6,295.6,5366953
2026-05-25,305.0,309.0,304.05,308.25,14530864
2026-05-26,308.25,308.3,302.1,304.6,8611871
2026-05-27,305.5,308.45,302.15,307.15,5948761
2026-05-29,310.6,312.0,290.0,298.1,26387806
2026-06-01,298.75,300.35,295.65,296.85,7741307
2026-06-02,294.0,297.45,291.0,294.4,8495475
2026-06-03,294.0,294.25,290.15,292.1,6711789
2026-06-04,290.1,296.2,290.1,295.15,8514225
2026-06-05,295.0,295.9,291.75,295.0,5528678
2026-06-08,291.4,292.4,283.9,285.15,5454197
2026-06-09,288.75,290.15,285.25,289.1,5025923
2026-06-10,289.0,290.2,286.3,288.0,6874985
2026-06-11,285.0,287.4,280.25,286.35,12991146
2026-06-12,293.1,303.8,292.55,302.35,11278769
2026-06-15,315.0,316.75,308.75,310.6,15261091
2026-06-16,314.0,314.0,309.5,312.1,8875346
2026-06-17,316.0,319.5,315.3,317.95,14716072
2026-06-18,319.0,321.6,314.4,316.3,7174272
2026-06-19,315.0,315.0,305.1,306.6,11322845
2026-06-22,311.75,311.8,306.8,308.6,5440551
2026-06-23,309.05,313.35,307.5,308.55,6611723
2026-06-24,308.85,316.8,308.2,315.7,7690718
2026-06-25,319.95,320.85,309.0,309.75,9118712
2026-06-29,308.7,309.0,299.75,300.8,11893768
2026-06-30,301.2,304.45,299.9,303.55,4259519
2026-07-01,305.2,306.5,301.15,304.2,4919350
2026-07-02,305.0,314.5,304.8,310.45,7323630
2026-07-03,313.6,313.6,306.7,308.15,3035350
2026-07-06,308.15,310.9,306.05,308.15,2818204
2026-07-07,309.5,315.85,307.75,313.95,6889552
2026-07-08,306.95,307.85,299.4,303.55,15951234
2026-07-09,303.55,309.1,299.75,308.2,5543009
2026-07-10,312.0,313.75,309.1,309.75,3799709
2026-07-13,304.8,309.15,302.15,307.55,5543349
2026-07-14,302.95,307.2,302.05,305.35,9995741
2026-07-15,306.0,311.15,306.0,309.6,9056446
2026-07-16,312.05,318.25,310.3,312.0,7899255
2026-07-17,311.6,316.0,310.4,315.55,5658733
2026-07-20,311.0,320.25,309.0,317.6,11702075
2026-07-21,317.6,321.9,317.0,319.35,6264859
2026-07-22,317.5,321.7,308.1,314.0,9784696
2026-07-23,305.4,317.0,305.1,309.85,11432842
2026-07-24,306.9,311.8,305.5,310.15,5796307
2026-07-27,315.2,318.55,313.2,316.25,5954256
2026-07-28,317.5,321.3,315.75,320.05,5455392
2026-07-29,320.0,320.05,315.8,317.4,5132678
2026-07-30,315.4,318.35,312.85,315.8,6601344
2026-07-31,316.05,320.4,314.4,319.75,5111067
2026-08-03,324.75,329.95,322.0,329.95,5844038
2026-08-04,328.55,328.55,320.65,324.0,5331584
2026-08-05,327.5,328.15,324.45,326.25,2974415
2026-08-07,320.9,323.55,317.1,321.0,5431740
2026-08-10,320.2,320.95,316.25,318.5,3056257
2026-08-11,316.95,318.95,314.9,317.8,2733485
2026-08-12,317.0,318.5,311.5,317.0,6726295
2026-08-14,314.85,319.45,314.05,319.45,8035947
2026-08-17,319.0,319.75,314.15,316.65,4738730
2026-08-18,315.3,317.15,310.3,310.3,5279469
2026-08-19,310.3,311.85,304.7,307.0,4757433
2026-08-20,307.5,311.0,304.8,308.7,5132147
2026-08-21,308.7,314.2,307.2,311.0,4998491
2026-08-24,311.15,316.1,310.0,311.9,4311364
2026-08-25,312.05,319.75,311.1,318.1,6592471
2026-08-26,320.25,326.35,318.0,318.0,3340608
2026-08-27,319.15,320.85,315.0,318.0,4497571
2026-08-28,318.0,319.9,316.0,319.25,4733069
2026-08-31,315.0,324.05,310.8,324.05,8129191
2026-09-01,317.35,319.7,313.0,317.65,6048491
2026-09-02,312.1,319.6,312.1,319.6,8277464
2026-09-03,318.4,321.95,317.2,320.05,4704414
2026-09-04,319.4,320.65,315.7,315.7,1834819
2026-09-07,314.9,316.7,311.2,312.9,2363459
2026-09-08,311.1,314.25,301.4,303.85,4641011
2026-09-09,300.15,306.5,298.65,303.55,4492551
2026-09-10,302.95,306.1,301.75,303.0,3231631
2026-09-11,299.4,306.45,296.0,304.5,4137678
