Date,Open,High,Low,Close,Volume
2010-06-10,1720.0,1748.0,1720.0,1726.75,2172
2010-06-11,1735.0,1764.0,1725.15,1756.2,1966
2010-06-14,1730.0,1775.0,1730.0,1768.4,1076
2010-06-15,1750.0,1790.0,1750.0,1779.5,1613
2010-06-16,1781.0,1824.95,1775.0,1813.4,3852
2010-06-17,1810.0,1848.35,1802.0,1816.35,2630
2010-06-18,1825.0,1860.0,1825.0,1851.4,5787
2010-06-21,1850.0,1869.95,1843.0,1860.9,3562
2010-06-22,1868.0,1868.0,1826.0,1852.3,1214
2010-06-23,1855.0,1863.95,1845.3,1853.45,599
2010-06-24,1863.45,1905.95,1850.05,1869.35,2411
2010-06-25,1850.05,1888.65,1850.05,1859.45,1836
2010-06-28,1855.05,1869.0,1845.35,1850.45,2339
2010-06-29,1855.1,1900.0,1840.1,1858.2,3342
2010-06-30,1840.0,1868.8,1840.0,1856.75,1608
2010-07-01,1884.0,1885.0,1832.1,1864.85,22620
2010-07-02,1861.0,1880.0,1853.0,1860.5,656
2010-07-05,1865.1,1872.8,1857.5,1860.3,349
2010-07-06,1994.0,1994.0,1851.0,1865.65,1324
2010-07-07,1864.0,1959.0,1860.0,1922.55,6862
2010-07-08,1960.0,1960.0,1896.0,1902.6,7003
2010-07-09,1891.1,1940.0,1891.1,1900.25,4687
2010-07-12,1951.65,1951.65,1907.1,1919.6,2178
2010-07-13,1911.0,1949.0,1911.0,1933.25,2139
2010-07-14,1944.0,1990.0,1936.0,1949.95,3302
2010-07-15,1970.0,1975.0,1932.0,1942.45,1154
2010-07-16,1940.0,1968.0,1925.1,1945.8,1927
2010-07-19,1940.0,1948.0,1930.35,1934.35,829
2010-07-20,1944.8,1947.0,1846.0,1859.3,4308
2010-07-21,1940.0,1970.0,1881.0,1885.7,3001
2010-07-22,1880.0,1964.0,1840.0,1937.4,16231
2010-07-23,1910.0,1990.0,1910.0,1958.9,29599
2010-07-26,1960.0,1969.95,1915.0,1923.85,1417
2010-07-27,1881.2,1942.0,1881.2,1919.3,940
2010-07-28,1920.0,1938.95,1901.0,1908.15,1699
2010-07-29,1910.0,1930.0,1881.0,1885.5,1194
2010-07-30,1885.0,1980.0,1885.0,1968.35,11918
2010-08-02,2026.1,2147.2,1990.25,2089.65,71019
2010-08-03,2100.0,2145.0,2080.0,2119.8,43150
2010-08-04,2129.0,2185.0,2109.0,2172.05,34004
2010-08-05,2188.0,2376.6,2180.0,2297.95,122010
2010-08-06,2320.0,2335.0,2244.95,2283.0,44151
2010-08-09,2290.0,2347.0,2130.0,2150.5,95797
2010-08-10,2055.0,2140.0,1820.6,2049.7,36027
2010-08-11,2040.05,2134.0,2040.05,2080.5,26567
2010-08-12,2055.1,2135.0,2045.0,2099.75,18207
2010-08-13,2134.0,2135.0,2082.1,2103.4,60989
2010-08-16,2098.0,2104.0,2003.0,2051.4,11209
2010-08-17,2094.95,2094.95,2008.0,2019.45,5908
2010-08-18,2050.0,2075.0,1991.1,2004.7,11278
2010-08-19,2021.0,2048.75,1997.3,2004.25,5643
2010-08-20,1984.0,2054.0,1984.0,2043.95,10331
2010-08-23,2024.0,2091.0,2024.0,2036.6,15695
2010-08-24,2040.0,2075.0,2024.0,2029.1,11269
2010-08-25,2039.9,2058.95,2000.0,2012.1,6436
2010-08-26,2048.0,2048.0,2005.0,2022.3,3987
2010-08-27,2037.95,2037.95,2000.0,2005.6,3907
2010-08-30,2018.0,2050.0,2002.0,2022.0,11736
2010-08-31,2015.0,2069.4,2005.0,2049.75,11902
2010-09-01,2064.0,2075.0,2040.35,2055.9,7328
2010-09-02,2060.0,2072.0,2040.0,2053.25,3033
2010-09-03,2048.1,2075.0,2048.1,2056.7,3881
2010-09-06,2067.95,2097.0,2060.0,2081.8,6851
2010-09-07,2090.0,2155.1,2090.0,2123.25,17984
2010-09-08,430.25,499.0,425.15,482.75,532286
2010-09-09,490.1,534.9,478.15,482.6,1312230
2010-09-13,475.0,494.65,451.6,472.25,278551
2010-09-14,473.0,474.8,445.0,448.05,245092
2010-09-15,450.0,455.0,440.1,445.75,234394
2010-09-16,449.5,452.85,431.25,433.45,139548
2010-09-17,435.0,437.95,425.0,428.25,199780
2010-09-20,431.75,446.0,429.0,435.95,228410
2010-09-21,439.75,446.0,432.1,434.65,199802
2010-09-22,434.1,444.0,431.05,434.05,132221
2010-09-23,437.9,437.9,427.0,428.1,69280
2010-09-24,430.0,434.0,426.05,428.7,360592
2010-09-27,434.9,434.9,427.0,428.7,69731
2010-09-28,425.0,443.0,425.0,434.45,287856
2010-09-29,434.45,439.95,429.0,430.5,112035
2010-09-30,431.0,440.0,427.0,437.95,100252
2010-10-01,435.15,443.95,435.0,436.65,75416
2010-10-04,437.0,439.75,431.0,432.05,53150
2010-10-05,431.5,439.5,430.05,432.6,64986
2010-10-06,436.0,438.0,433.1,435.05,53764
2010-10-07,436.0,452.9,435.1,441.1,294521
2010-10-08,441.5,445.7,439.55,441.0,91180
2010-10-11,441.0,446.0,439.0,445.15,57923
2010-10-12,445.0,447.5,440.1,445.95,46973
2010-10-13,445.0,446.0,435.6,437.45,35353
2010-10-14,440.6,442.9,435.0,435.45,25909
2010-10-15,435.5,440.95,426.05,429.55,37862
2010-10-18,431.0,431.8,420.4,423.9,22280
2010-10-19,425.2,429.9,420.25,424.35,20157
2010-10-20,424.05,429.4,424.05,426.1,55762
2010-10-21,428.7,433.8,425.0,430.45,30470
2010-10-22,430.0,431.9,425.0,425.8,19085
2010-10-25,426.0,429.0,422.6,425.05,30330
2010-10-26,425.5,427.9,418.5,419.45,30780
2010-10-27,423.9,424.7,415.0,415.9,26321
2010-10-28,415.0,424.85,415.0,421.15,24339
2010-10-29,418.1,424.75,411.1,413.65,21535
2010-11-01,414.0,419.9,409.2,413.15,19842
2010-11-02,416.9,416.9,408.0,413.6,27041
2010-11-03,414.35,418.0,414.0,415.75,15320
2010-11-04,415.1,417.8,410.0,413.75,22006
2010-11-05,416.0,423.9,416.0,421.9,12741
2010-11-08,420.0,422.0,415.0,418.75,217100
2010-11-09,420.0,448.0,418.75,440.35,194901
2010-11-10,441.65,452.0,436.6,438.65,125288
2010-11-11,427.5,444.7,412.3,431.65,173533
2010-11-12,434.0,436.85,422.05,423.9,65289
2010-11-15,425.0,427.0,410.1,413.95,39828
2010-11-16,418.0,422.75,408.1,410.45,33183
2010-11-18,415.0,450.0,406.2,410.1,44138
2010-11-19,410.5,413.9,398.35,406.15,73684
2010-11-22,410.0,411.0,403.05,405.4,13419
2010-11-23,410.0,410.0,397.0,398.5,36731
2010-11-24,405.5,405.5,395.0,398.25,17037
2010-11-25,398.25,402.0,390.1,393.0,19411
2010-11-26,393.0,399.0,391.05,392.6,30766
2010-11-29,398.9,409.9,395.0,402.85,43257
2010-11-30,402.0,410.8,391.05,402.45,34896
2010-12-01,403.0,413.85,398.0,410.3,36559
2010-12-02,414.0,414.9,410.05,412.45,15437
2010-12-03,413.0,415.0,390.0,398.9,29864
2010-12-06,405.0,407.0,397.0,404.55,27961
2010-12-07,405.65,405.85,398.1,400.45,12394
2010-12-08,400.1,413.0,398.0,411.15,33409
2010-12-09,407.0,415.65,398.0,400.05,126020
2010-12-10,400.0,405.0,397.85,402.35,17315
2010-12-13,403.0,411.0,402.7,405.6,11124
2010-12-14,405.0,410.0,404.0,405.3,6200
2010-12-15,409.0,409.0,405.0,405.75,6415
2010-12-16,408.0,408.0,403.0,404.55,33958
2010-12-20,401.0,407.95,397.4,399.5,1054029
2010-12-21,401.0,408.65,399.0,404.0,134750
2010-12-22,405.0,407.85,400.05,401.1,87901
2010-12-23,401.5,403.3,397.0,397.85,6463
2010-12-24,398.5,401.0,395.0,396.75,7115
2010-12-27,400.4,406.0,394.0,395.35,9353
2010-12-28,401.0,401.0,396.1,398.9,6971
2010-12-29,396.7,404.0,396.7,399.8,53631
2010-12-30,399.8,408.0,396.8,401.4,23164
2010-12-31,401.8,422.0,399.0,413.5,31872
2011-01-03,412.0,423.7,406.0,409.35,21101
2011-01-04,409.0,417.0,408.1,409.6,229832
2011-01-05,408.0,413.2,404.95,410.0,229777
2011-01-06,410.0,410.0,395.05,401.65,17709
2011-01-07,401.65,403.7,395.0,395.8,10147
2011-01-10,397.0,397.0,385.0,385.95,17943
2011-01-11,390.0,390.0,373.0,374.8,20761
2011-01-12,378.0,379.95,368.0,373.85,41881
2011-01-13,371.0,378.0,370.0,372.0,14998
2011-01-14,376.45,376.45,365.2,368.3,35977
2011-01-17,368.55,373.95,352.0,354.9,25405
2011-01-18,365.0,365.0,354.0,355.95,20290
2011-01-19,363.1,368.45,351.0,354.3,23745
2011-01-20,358.0,398.7,351.0,388.15,73826
2011-01-21,390.0,390.0,370.0,372.85,56705
2011-01-24,370.2,383.0,369.0,373.2,45725
2011-01-25,376.0,380.95,372.9,373.85,10539
2011-01-27,373.0,379.95,368.15,371.8,16534
2011-01-28,373.95,375.0,365.1,368.35,47161
2011-01-31,371.9,382.0,365.0,378.3,40928
2011-02-01,372.0,381.9,368.1,376.15,9467
2011-02-02,379.0,394.7,364.65,366.15,45538
2011-02-03,366.3,373.9,364.0,369.35,24309
2011-02-04,372.0,372.0,361.0,362.8,19720
2011-02-07,361.5,365.9,355.0,356.8,9882
2011-02-08,356.0,372.8,351.05,359.05,89832
2011-02-09,359.5,365.0,345.3,355.55,97675
2011-02-10,353.0,360.0,345.2,345.8,36412
2011-02-11,346.0,352.0,341.0,349.45,19303
2011-02-14,350.0,374.0,350.0,362.55,57994
2011-02-15,365.0,369.0,360.2,362.9,69850
2011-02-16,366.0,366.9,360.0,362.4,10504
2011-02-17,362.95,366.05,361.0,361.75,13237
2011-02-18,364.0,372.0,360.0,368.1,43744
2011-02-21,366.0,370.4,358.2,360.05,8741
2011-02-22,362.0,365.65,357.6,359.4,9121
2011-02-23,360.0,366.25,356.5,358.1,16085
2011-02-24,362.0,365.0,354.0,355.65,15407
2011-02-25,356.0,358.3,346.0,346.6,13749
2011-03-01,340.0,348.0,339.05,343.1,22451
2011-03-03,344.0,350.0,344.0,346.5,18219
2011-03-04,346.95,350.95,343.0,344.45,9778
2011-03-07,345.5,347.7,342.1,345.75,31901
2011-03-08,347.0,350.9,346.15,347.9,6654
2011-03-09,347.9,353.0,347.9,349.85,10038
2011-03-10,349.2,353.0,346.5,350.8,6100
2011-03-11,345.0,363.6,345.0,355.55,56809
2011-03-14,356.1,357.85,353.0,355.75,9303
2011-03-15,354.0,364.5,351.0,359.05,28105
2011-03-16,362.0,364.8,358.8,360.35,8437
2011-03-17,360.0,362.0,357.0,359.9,17550
2011-03-18,357.05,363.8,351.65,355.4,8252
2011-03-21,356.7,359.6,348.2,352.75,8075
2011-03-22,354.0,356.05,349.0,350.65,26640
2011-03-23,351.0,352.65,345.2,349.35,17932
2011-03-24,350.05,353.5,344.5,350.8,23510
2011-03-25,352.0,359.0,346.1,354.4,125099
2011-03-28,356.05,361.0,355.0,360.1,11723
2011-03-29,357.15,361.9,353.2,354.85,9914
2011-03-30,357.9,367.0,355.5,366.0,17668
2011-03-31,366.0,375.2,360.0,372.5,43774
2011-04-01,369.5,375.0,366.0,372.1,11058
2011-04-04,372.3,374.0,370.0,371.75,6939
2011-04-05,376.8,376.8,362.6,365.8,15335
2011-04-06,363.55,369.85,363.0,366.05,8185
2011-04-07,366.3,370.0,366.1,366.95,5848
2011-04-08,369.9,388.65,366.1,376.05,96261
2011-04-11,370.0,387.25,370.0,378.4,49224
2011-04-13,381.0,402.0,376.1,385.7,229263
2011-04-15,388.0,395.0,382.9,389.25,59626
2011-04-18,388.0,393.9,374.6,377.1,38522
2011-04-19,380.85,380.9,372.5,374.0,19236
2011-04-20,376.85,391.8,376.85,380.6,107018
2011-04-21,385.0,389.75,380.0,381.45,46163
2011-04-25,382.1,385.7,376.5,379.9,36523
2011-04-26,383.9,383.9,379.6,380.4,20304
2011-04-27,384.9,384.9,375.0,378.2,22760
2011-04-28,380.05,382.8,377.05,379.75,15649
2011-04-29,379.1,381.0,368.0,369.3,88787
2011-05-02,371.8,371.8,363.3,364.8,10441
2011-05-03,362.3,367.45,360.15,362.85,17735
2011-05-04,365.25,365.8,358.0,362.65,16216
2011-05-05,362.15,367.6,358.3,363.4,14358
2011-05-06,367.9,372.2,362.6,370.65,9934
2011-05-09,371.2,374.45,367.5,368.95,7504
2011-05-10,370.0,442.75,295.2,367.9,879188
2011-05-11,388.8,404.4,373.0,377.2,343593
2011-05-12,377.0,380.9,370.5,372.65,37796
2011-05-13,370.05,375.0,370.0,371.2,17087
2011-05-16,370.0,382.8,367.0,375.1,51145
2011-05-17,384.0,384.0,371.6,374.95,53852
2011-05-18,378.85,380.0,373.0,377.35,107413
2011-05-19,378.0,384.0,376.0,382.25,35234
2011-05-20,384.95,384.95,378.5,382.05,14534
2011-05-23,372.35,397.0,372.35,385.05,61579
2011-05-24,381.25,399.7,381.25,394.1,82362
2011-05-25,390.1,399.5,390.1,395.4,72893
2011-05-26,393.25,395.8,388.05,391.75,9032
2011-05-27,391.75,398.35,382.7,391.05,133216
2011-05-30,395.85,412.0,385.5,409.75,215272
2011-05-31,412.0,425.0,408.3,420.5,132505
2011-06-01,422.0,429.0,417.1,421.15,100155
2011-06-02,416.9,436.3,414.4,431.9,135819
2011-06-03,434.8,451.0,434.75,445.05,219260
2011-06-06,447.25,452.0,433.15,447.65,90153
2011-06-07,448.4,448.4,441.1,445.95,42569
2011-06-08,440.1,447.85,440.1,445.0,21300
2011-06-09,447.0,450.0,439.0,442.9,77374
2011-06-10,444.8,447.0,436.0,443.5,21588
2011-06-13,442.5,450.0,439.05,447.05,41073
2011-06-14,444.05,485.0,444.0,470.7,379196
2011-06-15,471.95,481.0,461.0,465.45,77680
2011-06-16,461.0,477.0,459.0,471.6,151549
2011-06-17,474.0,487.0,467.0,470.35,167180
2011-06-20,470.0,479.0,460.15,470.45,67815
2011-06-21,474.4,480.0,464.0,472.05,104662
2011-06-22,475.0,475.0,456.6,460.2,83845
2011-06-23,460.7,464.9,448.0,456.15,47095
2011-06-24,451.1,467.8,430.25,465.4,46265
2011-06-27,451.0,473.9,451.0,466.0,37449
2011-06-28,470.0,473.0,465.0,467.9,22232
2011-06-29,467.95,484.0,467.95,473.45,94930
2011-06-30,478.0,483.8,475.05,479.2,74300
2011-07-01,479.2,498.2,479.2,487.6,99371
2011-07-04,491.9,497.5,485.25,487.25,59786
2011-07-05,487.05,491.05,482.55,483.9,21543
2011-07-06,483.05,490.0,482.45,485.05,41321
2011-07-07,486.0,494.6,483.0,484.55,35805
2011-07-08,485.5,489.4,473.3,477.3,50777
2011-07-11,477.2,482.0,474.6,477.1,13406
2011-07-12,477.7,478.5,468.6,471.4,22317
2011-07-13,478.0,479.4,470.0,474.65,42901
2011-07-14,437.65,484.5,437.65,479.45,26223
2011-07-15,488.8,488.8,475.1,478.9,17094
2011-07-18,475.0,484.65,475.0,482.3,42947
2011-07-19,479.0,493.75,476.55,489.55,76581
2011-07-20,490.2,491.95,478.0,479.5,46724
2011-07-21,481.0,484.7,475.3,482.6,18937
2011-07-22,485.0,486.9,476.55,480.0,27978
2011-07-25,484.9,488.0,478.1,481.45,64723
2011-07-26,478.6,483.25,472.05,473.35,42516
2011-07-27,476.0,476.0,461.5,468.4,43630
2011-07-28,464.15,479.0,463.05,476.0,35863
2011-07-29,479.0,485.9,473.0,481.95,21329
2011-08-01,482.5,489.9,470.95,478.2,21029
2011-08-02,484.9,484.9,472.55,480.1,27351
2011-08-03,479.0,480.0,471.4,479.8,28676
2011-08-04,482.0,482.0,474.0,478.25,82610
2011-08-05,470.0,479.0,460.0,469.95,59704
2011-08-08,460.0,476.0,459.0,474.55,120624
2011-08-09,432.35,474.6,432.35,472.15,131664
2011-08-10,435.35,479.0,435.35,469.45,112539
2011-08-11,471.0,476.65,464.0,465.1,31990
2011-08-12,466.5,473.0,466.5,471.75,13505
2011-08-16,472.5,472.5,463.05,467.1,17215
2011-08-17,461.0,476.0,461.0,473.1,16864
2011-08-18,471.1,474.7,463.2,464.85,65445
2011-08-19,452.0,473.75,452.0,460.75,17955
2011-08-22,477.65,477.65,459.0,460.65,174318
2011-08-23,461.5,468.0,459.0,463.95,38805
2011-08-24,474.9,479.0,461.05,475.15,29843
2011-08-25,480.0,480.0,468.0,473.1,37034
2011-08-26,474.95,479.5,468.0,473.65,23936
2011-08-29,478.0,478.0,468.05,469.85,13141
2011-08-30,470.85,492.0,470.5,489.05,81460
2011-09-02,490.0,494.7,476.0,479.75,41494
2011-09-05,482.1,486.65,478.1,479.55,12957
2011-09-06,479.55,483.0,475.0,477.65,7659
2011-09-07,480.0,483.85,477.0,477.9,13627
2011-09-08,477.15,482.0,471.15,475.25,7714
2011-09-09,389.0,482.0,389.0,470.2,60897
2011-09-12,473.75,478.75,466.15,476.5,62058
2011-09-13,477.55,479.75,466.0,468.55,14925
2011-09-14,470.15,474.95,462.1,465.1,41821
2011-09-15,470.0,474.0,464.4,469.45,6775
2011-09-16,460.0,472.45,452.0,464.75,11328
2011-09-19,464.0,464.0,455.0,456.1,43289
2011-09-20,458.0,470.0,455.1,458.45,25285
2011-09-21,459.15,464.95,459.1,463.45,18910
2011-09-22,460.45,463.4,453.0,455.0,13462
2011-09-23,455.0,467.0,450.0,463.4,19557
2011-09-26,452.0,460.0,446.6,455.1,26754
2011-09-27,448.4,469.9,448.4,465.4,15722
2011-09-28,473.7,473.7,455.0,455.85,9120
2011-09-29,453.25,471.45,453.25,461.3,16303
2011-09-30,457.4,471.6,457.4,469.8,21086
2011-10-03,465.0,467.65,449.0,461.35,7323
2011-10-04,457.0,468.95,456.0,459.95,30178
2011-10-05,458.1,467.8,450.0,450.85,9004
2011-10-07,456.0,464.0,443.45,450.8,35392
2011-10-10,435.1,457.0,435.0,446.35,45554
2011-10-11,453.0,453.0,440.1,446.2,19437
2011-10-12,460.0,460.0,446.45,450.05,22714
2011-10-13,453.1,459.85,447.1,448.4,24785
2011-10-14,449.8,452.0,440.0,447.7,19918
2011-10-17,451.0,452.8,445.0,448.1,7411
2011-10-18,448.0,448.0,441.1,445.2,4701
2011-10-19,447.7,454.4,445.0,452.55,59304
2011-10-20,452.0,456.0,441.05,443.0,23162
2011-10-21,444.0,454.0,439.1,444.3,64629
2011-10-24,444.3,455.0,444.3,451.05,16232
2011-10-25,446.0,456.85,446.0,455.55,9805
2011-10-26,459.95,463.9,459.0,462.9,6826
2011-10-28,465.0,473.5,462.0,470.05,75542
2011-10-31,469.55,474.45,465.0,469.05,31004
2011-11-01,470.0,481.0,470.0,474.7,20588
2011-11-02,477.0,478.0,470.0,474.8,7981
2011-11-03,474.0,477.7,465.0,471.25,7248
2011-11-04,462.0,473.4,462.0,468.9,7278
2011-11-08,468.0,474.3,468.0,472.05,14545
2011-11-09,475.1,484.0,474.1,476.35,47605
2011-11-11,475.0,493.0,471.15,484.6,93310
2011-11-14,485.0,493.0,470.95,473.55,21478
2011-11-15,475.0,479.85,469.0,477.6,27452
2011-11-16,478.0,487.6,473.0,486.1,230955
2011-11-17,486.0,487.1,480.0,484.45,122140
2011-11-18,482.0,485.0,463.2,471.1,16619
2011-11-21,473.0,481.95,466.0,478.0,22643
2011-11-22,473.65,480.0,470.25,475.4,30245
2011-11-23,478.9,478.9,460.0,465.1,16858
2011-11-24,465.05,472.95,459.0,468.65,7923
2011-11-25,464.0,478.3,461.15,474.55,18652
2011-11-28,476.0,480.0,466.0,468.1,13131
2011-11-29,465.0,472.25,465.0,470.15,12422
2011-11-30,470.0,474.0,467.0,469.05,323706
2011-12-01,470.2,478.0,466.5,468.5,416804
2011-12-02,466.0,472.0,460.0,465.05,72919
2011-12-05,466.0,470.0,465.0,466.3,56031
2011-12-07,469.8,470.0,462.0,468.15,9429
2011-12-08,471.0,475.0,458.8,461.8,54453
2011-12-09,465.0,469.75,451.15,457.2,46515
2011-12-12,464.0,469.7,455.0,459.45,189296
2011-12-13,455.0,466.0,454.0,460.0,22239
2011-12-14,458.5,462.5,444.4,446.45,17154
2011-12-15,445.0,455.5,439.05,453.65,8766
2011-12-16,457.0,460.95,449.05,454.1,7710
2011-12-19,457.0,461.8,441.0,445.2,27082
2011-12-20,445.0,448.0,439.0,440.7,8037
2011-12-21,447.95,447.95,435.95,439.7,10943
2011-12-22,442.8,444.5,432.1,441.55,9921
2011-12-23,444.9,454.0,440.0,440.15,87110
2011-12-26,443.1,448.95,438.0,440.15,13142
2011-12-27,437.0,453.75,437.0,447.05,34041
2011-12-28,451.0,452.0,441.05,450.35,12554
2011-12-29,450.35,453.5,439.8,442.65,11645
2011-12-30,447.65,450.9,443.3,448.6,12553
2012-01-02,445.0,450.8,441.25,446.3,8327
2012-01-03,449.0,455.85,445.0,447.3,23619
2012-01-04,442.0,450.95,442.0,448.2,6325
2012-01-05,446.0,451.0,428.55,439.5,11999
2012-01-06,443.0,446.0,440.1,443.15,6923
2012-01-09,446.0,450.95,440.0,450.05,18130
2012-01-10,446.1,452.5,445.0,447.0,10934
2012-01-11,447.0,449.9,441.0,442.35,10994
2012-01-12,447.5,447.5,435.5,438.1,19508
2012-01-13,438.5,455.35,436.0,438.95,39951
2012-01-16,443.7,449.0,435.6,438.5,14989
2012-01-17,445.0,445.0,438.0,444.15,9896
2012-01-18,447.5,450.0,443.0,445.2,23788
2012-01-19,444.05,455.0,444.05,452.3,28444
2012-01-20,451.5,465.3,451.5,455.95,25487
2012-01-23,471.1,471.1,447.0,451.05,21169
2012-01-24,450.0,458.7,450.0,454.4,7139
2012-01-25,451.05,458.9,447.0,456.5,81432
2012-01-27,458.0,462.1,451.5,459.35,12439
2012-01-30,460.0,460.1,440.1,445.95,10146
2012-01-31,449.85,455.8,447.7,453.55,10752
2012-02-01,447.15,465.0,447.15,464.35,15476
2012-02-02,469.8,469.8,459.0,464.15,15019
2012-02-03,469.0,476.8,460.0,475.15,28736
2012-02-06,475.0,479.9,441.65,475.1,26063
2012-02-07,488.0,488.0,474.0,475.45,47052
2012-02-08,480.25,484.0,472.1,482.0,13965
2012-02-09,480.0,487.9,480.0,485.8,24695
2012-02-10,497.0,501.0,488.5,493.75,167445
2012-02-13,501.0,528.0,501.0,517.85,330362
2012-02-14,527.95,527.95,512.4,518.65,132040
2012-02-15,524.0,529.9,520.0,527.0,120651
2012-02-16,530.0,535.0,524.5,529.4,47864
2012-02-17,533.5,542.45,521.0,525.35,87471
2012-02-21,532.2,549.5,525.0,527.65,174407
2012-02-22,532.8,532.8,510.0,512.0,60916
2012-02-23,523.0,523.0,502.0,514.25,108158
2012-02-24,515.8,529.75,511.1,517.95,52376
2012-02-27,526.95,527.0,504.0,507.65,26873
2012-02-28,510.0,516.9,505.15,510.45,22416
2012-02-29,514.0,534.9,508.0,520.4,80830
2012-03-01,515.1,529.9,429.9,523.65,80910
2012-03-02,525.0,546.2,517.0,538.4,306805
2012-03-05,530.0,553.0,529.95,542.35,125964
2012-03-06,534.0,551.45,533.5,537.35,441983
2012-03-07,537.35,537.35,528.05,532.4,71739
2012-03-09,539.0,555.0,538.15,554.3,180935
2012-03-12,560.0,572.95,555.0,567.05,128948
2012-03-13,570.0,578.9,568.1,573.95,408450
2012-03-14,575.0,575.0,560.45,567.5,106148
2012-03-15,561.0,572.0,553.8,566.35,115760
2012-03-16,569.8,578.5,567.0,572.15,43721
2012-03-19,570.05,574.7,552.6,565.55,66909
2012-03-20,569.95,574.8,555.1,558.7,93002
2012-03-21,558.5,568.0,558.25,566.2,38861
2012-03-22,563.3,572.5,563.3,570.6,24367
2012-03-23,570.0,576.9,561.3,565.5,49235
2012-03-26,566.0,575.0,564.05,573.0,39307
2012-03-27,575.0,576.0,571.85,573.05,28748
2012-03-28,567.0,574.75,562.0,563.55,35194
2012-03-29,566.95,575.0,556.95,567.5,62470
2012-03-30,574.0,594.6,569.05,593.0,716178
2012-04-02,590.0,599.0,583.0,591.8,28153
2012-04-03,596.75,599.9,591.05,595.8,33035
2012-04-04,594.95,596.0,585.1,593.35,43545
2012-04-09,591.0,598.9,577.6,594.65,11300
2012-04-10,589.0,595.05,589.0,590.05,13134
2012-04-11,593.0,593.0,575.2,584.8,8789
2012-04-12,590.0,592.2,582.0,583.9,9342
2012-04-13,581.0,597.0,575.05,582.95,14536
2012-04-16,583.0,595.0,573.95,589.55,137461
2012-04-17,576.0,591.9,530.1,576.75,24682
2012-04-18,580.0,583.95,568.1,570.6,20355
2012-04-19,570.05,580.0,566.3,570.2,27494
2012-04-20,576.95,576.95,560.0,565.75,24226
2012-04-23,562.3,571.0,560.0,562.6,10101
2012-04-24,561.15,573.95,551.0,568.45,214048
2012-04-25,559.85,571.95,557.05,569.5,16159
2012-04-26,566.3,569.75,557.1,561.05,12644
2012-04-27,568.0,568.5,553.0,560.45,16407
2012-04-30,564.1,564.1,557.3,561.8,13560
2012-05-02,560.6,562.9,555.55,561.55,10429
2012-05-03,562.9,566.1,554.0,556.6,14002
2012-05-04,560.3,560.3,542.0,550.5,8814
2012-05-07,534.3,554.95,534.3,550.4,7993
2012-05-08,557.75,557.75,540.0,541.65,10985
2012-05-09,540.5,548.0,530.1,533.25,9943
2012-05-10,539.0,559.0,532.4,553.65,16439
2012-05-11,559.0,563.0,535.9,538.6,311525
2012-05-14,538.0,544.9,531.65,535.8,8082
2012-05-15,535.3,538.0,530.0,530.5,18120
2012-05-16,530.0,533.95,522.35,523.95,77983
2012-05-17,526.9,527.45,518.0,521.2,26940
2012-05-18,521.4,536.0,506.5,527.2,27392
2012-05-21,527.95,533.65,525.0,528.45,5193
2012-05-22,528.0,538.85,528.0,531.15,3376
2012-05-23,541.9,541.9,525.25,531.35,15322
2012-05-24,530.0,531.5,520.3,525.6,17430
2012-05-25,529.0,537.85,519.95,528.75,11109
2012-05-28,534.9,544.25,533.05,537.45,24651
2012-05-29,540.0,544.95,522.0,526.95,65571
2012-05-30,513.75,526.95,513.75,518.1,489087
2012-05-31,514.95,540.0,513.95,534.65,285292
2012-06-01,535.0,535.0,523.1,526.2,7807
2012-06-04,530.0,530.0,511.7,516.95,7875
2012-06-05,518.0,526.0,501.15,518.75,6770
2012-06-06,525.0,531.6,522.0,524.5,22831
2012-06-07,528.5,528.5,520.1,523.65,25827
2012-06-08,527.15,529.0,520.0,521.55,22556
2012-06-11,527.8,527.8,519.0,519.85,13755
2012-06-12,520.0,522.0,511.5,518.5,24109
2012-06-13,515.0,540.0,515.0,539.3,96466
2012-06-14,536.0,547.9,525.0,527.65,49932
2012-06-15,523.65,532.4,520.2,525.4,30386
2012-06-18,525.0,533.9,513.0,517.55,16217
2012-06-19,524.0,524.0,513.0,520.65,18971
2012-06-20,526.0,530.0,520.0,522.75,22707
2012-06-21,522.05,529.25,520.0,522.1,39305
2012-06-22,520.5,526.0,520.0,522.85,9000
2012-06-25,494.95,534.0,494.95,527.95,158407
2012-06-26,530.0,531.0,520.0,521.85,16046
2012-06-27,520.55,528.0,520.3,522.85,7053
2012-06-28,521.5,526.45,520.9,524.8,11616
2012-06-29,526.0,530.0,522.8,525.35,19778
2012-07-02,517.0,552.15,517.0,538.6,159636
2012-07-03,536.1,544.65,532.6,537.2,28795
2012-07-04,537.2,541.95,535.5,538.1,15963
2012-07-05,542.0,542.0,530.55,534.8,41652
2012-07-06,532.05,538.95,526.25,533.8,73977
2012-07-09,531.65,532.15,516.5,520.55,20142
2012-07-10,526.0,528.3,521.25,525.8,16029
2012-07-11,526.05,528.0,520.45,522.4,87730
2012-07-12,522.0,523.85,516.0,522.0,18407
2012-07-13,527.0,530.0,522.0,524.85,18672
2012-07-16,527.9,527.9,513.5,514.95,74262
2012-07-17,513.5,516.55,508.0,513.9,34534
2012-07-18,514.0,515.05,505.0,511.2,17317
2012-07-19,515.0,515.0,495.95,499.9,239492
2012-07-20,501.8,502.9,495.0,497.7,42774
2012-07-23,499.95,500.0,492.05,496.05,25629
2012-07-24,494.15,497.95,481.55,491.65,61002
2012-07-25,491.15,513.7,477.1,480.55,68212
2012-07-26,484.2,485.0,472.15,475.45,180333
2012-07-27,477.0,484.25,468.05,471.15,34071
2012-07-30,475.9,476.45,465.55,468.15,34882
2012-07-31,482.0,482.0,462.05,464.65,53305
2012-08-01,468.9,468.9,461.0,463.2,54299
2012-08-02,466.9,478.75,463.1,466.5,210205
2012-08-03,380.0,474.5,380.0,473.15,168582
2012-08-06,475.05,482.0,458.1,460.7,302273
2012-08-07,460.7,465.55,451.0,453.1,86825
2012-08-08,453.25,463.7,451.7,453.2,63992
2012-08-09,453.0,459.65,452.95,454.8,29433
2012-08-10,451.5,458.0,449.75,452.25,28764
2012-08-13,455.0,468.85,454.0,456.6,30876
2012-08-14,456.9,467.45,456.85,465.15,75853
2012-08-16,465.8,472.0,463.95,467.85,61355
2012-08-17,469.95,475.4,465.0,469.95,90448
2012-08-21,474.85,475.0,470.05,473.75,143575
2012-08-22,473.0,477.35,468.0,474.15,76630
2012-08-23,474.15,479.65,474.15,478.4,31830
2012-08-24,486.4,498.0,480.0,484.85,194293
2012-08-27,485.1,493.7,482.05,489.55,46474
2012-08-28,490.05,493.1,485.1,488.45,25862
2012-08-29,489.0,491.65,486.0,487.95,10912
2012-08-30,488.0,490.9,483.0,489.5,182864
2012-08-31,489.5,505.0,485.0,501.0,217330
2012-09-03,502.5,509.5,501.0,504.35,141278
2012-09-04,508.0,510.0,503.25,506.65,37504
2012-09-05,503.05,507.0,500.65,502.9,51495
2012-09-06,505.0,509.65,500.0,505.0,125453
2012-09-07,506.7,509.65,494.6,497.5,34308
2012-09-10,498.15,499.95,490.0,496.15,16057
2012-09-11,490.0,503.0,488.1,490.05,18557
2012-09-12,490.05,497.9,487.0,490.95,25868
2012-09-13,490.2,498.5,486.6,487.95,57307
2012-09-14,489.25,496.8,487.5,488.8,20285
2012-09-17,504.0,504.0,489.1,490.65,27899
2012-09-18,489.05,493.75,476.2,488.15,49741
2012-09-20,487.0,493.0,482.8,484.1,18454
2012-09-21,486.65,490.2,477.6,480.15,118073
2012-09-24,482.0,493.3,472.25,474.0,51206
2012-09-25,475.0,478.0,468.0,470.2,102674
2012-09-26,474.85,488.0,470.0,478.25,72948
2012-09-27,485.0,485.0,470.0,480.45,58468
2012-09-28,482.8,488.85,473.4,475.75,99615
2012-10-01,479.65,483.0,475.0,477.0,112073
2012-10-03,480.0,480.0,470.6,472.95,104689
2012-10-04,475.95,481.45,473.25,477.7,62309
2012-10-05,483.0,498.0,480.05,486.25,308474
2012-10-08,489.0,496.0,486.0,492.3,234309
2012-10-09,494.2,524.9,494.15,509.8,380940
2012-10-10,511.0,514.4,501.1,504.35,116475
2012-10-11,505.0,507.75,495.2,500.6,77259
2012-10-12,501.0,505.4,492.0,493.55,37695
2012-10-15,500.0,500.0,486.0,490.55,22524
2012-10-16,491.0,502.0,488.15,495.6,80508
2012-10-17,495.2,499.4,487.4,488.5,98098
2012-10-18,490.4,494.0,486.1,488.45,75943
2012-10-19,488.55,490.55,485.0,485.5,170699
2012-10-22,485.5,490.9,482.0,488.85,29507
2012-10-23,488.8,488.8,479.0,482.45,64847
2012-10-25,486.85,495.0,482.0,490.9,46354
2012-10-26,495.0,495.0,485.15,486.75,10605
2012-10-29,492.0,494.8,485.45,489.1,32421
2012-10-30,494.0,494.0,481.0,484.35,21478
2012-10-31,481.95,486.75,475.45,483.65,13110
2012-11-01,484.05,485.0,476.3,477.0,56430
2012-11-02,479.05,483.9,473.1,474.9,41454
2012-11-05,475.1,477.9,470.4,472.55,46097
2012-11-06,479.85,482.75,475.0,479.95,135113
2012-11-07,483.0,485.0,467.5,468.9,159605
2012-11-08,468.0,475.0,465.8,469.65,83304
2012-11-09,472.95,472.95,462.7,465.8,198609
2012-11-12,461.25,468.15,458.5,460.65,106677
2012-11-13,465.0,472.0,462.5,469.6,16741
2012-11-15,470.0,472.95,466.0,469.4,63455
2012-11-16,466.0,479.9,462.25,477.05,258462
2012-11-19,477.5,478.4,471.05,475.65,23297
2012-11-20,476.25,484.0,476.05,481.85,121921
2012-11-21,480.5,481.4,474.0,475.35,12315
2012-11-22,473.3,479.4,473.0,478.05,202160
2012-11-23,480.1,491.0,480.1,483.8,56430
2012-11-26,482.0,493.0,482.0,488.75,33038
2012-11-27,489.95,492.9,483.2,484.2,27546
2012-11-29,485.8,497.25,484.0,493.2,87583
2012-11-30,498.9,503.8,491.2,498.2,129411
2012-12-03,501.95,501.95,490.5,494.0,35867
2012-12-04,493.0,497.0,487.15,488.9,42772
2012-12-05,489.1,493.95,485.25,488.4,19450
2012-12-06,491.15,495.95,488.05,494.45,218962
2012-12-07,497.85,497.9,492.05,495.75,29583
2012-12-10,498.9,498.9,494.2,495.35,22947
2012-12-11,495.0,503.0,491.0,498.95,218619
2012-12-12,502.9,505.0,492.1,494.05,25548
2012-12-13,444.9,505.0,444.9,495.95,61422
2012-12-14,499.95,501.0,494.6,498.65,36084
2012-12-17,500.0,501.75,495.05,497.65,13564
2012-12-18,499.0,499.0,491.05,493.85,23085
2012-12-19,494.95,499.45,488.15,497.65,76276
2012-12-20,499.9,499.9,492.6,495.65,11842
2012-12-21,495.6,495.6,488.65,490.45,22358
2012-12-24,491.0,494.0,487.0,492.2,11302
2012-12-26,491.05,500.85,489.05,499.65,35893
2012-12-27,499.4,499.4,491.3,492.2,20034
2012-12-28,495.65,495.95,488.65,494.95,44549
2012-12-31,492.5,500.0,491.5,498.75,20615
2013-01-01,499.95,502.95,497.0,501.35,30676
2013-01-02,500.95,509.0,499.3,504.3,393405
2013-01-03,509.0,574.9,506.0,507.7,231677
2013-01-04,512.0,513.75,508.05,510.2,25773
2013-01-07,510.0,511.65,500.0,501.8,18873
2013-01-08,502.0,506.5,497.65,500.1,16971
2013-01-09,500.1,510.05,498.0,505.45,236414
2013-01-10,507.85,508.0,495.0,496.0,28392
2013-01-11,496.0,503.9,488.0,490.15,45256
2013-01-14,490.0,491.75,481.55,485.0,213874
2013-01-15,486.15,490.0,484.5,486.45,210031
2013-01-16,487.9,496.9,484.0,493.95,58065
2013-01-17,494.35,494.9,488.05,489.9,34393
2013-01-18,487.3,491.1,485.0,486.15,35154
2013-01-21,488.85,490.9,486.0,489.5,27937
2013-01-22,490.8,491.0,486.0,490.15,22000
2013-01-23,490.1,492.5,481.6,485.25,45696
2013-01-24,490.0,490.0,472.5,474.7,28993
2013-01-25,479.0,488.0,470.2,484.1,13437
2013-01-28,484.1,487.5,476.4,477.9,21884
2013-01-29,480.0,482.0,473.0,480.2,34203
2013-01-30,483.9,483.9,475.0,475.95,31856
2013-01-31,475.0,494.0,470.0,482.0,42111
2013-02-01,493.0,498.9,468.2,471.8,43347
2013-02-04,475.0,479.0,469.1,470.2,18776
2013-02-05,470.0,471.6,465.1,467.1,16933
2013-02-06,467.1,470.95,464.1,465.9,18004
2013-02-07,469.8,469.8,461.15,465.2,13877
2013-02-08,463.0,468.4,455.9,465.0,75387
2013-02-11,469.7,473.0,462.0,469.8,77650
2013-02-12,475.0,479.0,472.0,476.95,52269
2013-02-13,475.0,487.0,473.1,483.35,42657
2013-02-14,488.0,495.35,480.55,493.1,74561
2013-02-15,498.0,519.0,481.0,490.0,28972
2013-02-18,489.05,496.0,489.05,493.8,151046
2013-02-19,496.0,499.25,489.4,498.65,27030
2013-02-20,500.0,503.0,494.0,498.8,46759
2013-02-21,499.0,509.0,494.0,504.15,77532
2013-02-22,502.95,507.5,499.0,501.25,51114
2013-02-25,505.5,510.0,493.25,499.15,17209
2013-02-26,500.0,500.85,487.55,489.7,22012
2013-02-27,489.5,495.0,488.0,491.1,14380
2013-02-28,499.85,499.85,479.0,481.5,22169
2013-03-01,485.0,505.0,476.8,502.1,37914
2013-03-04,502.1,504.95,495.0,500.25,73485
2013-03-05,500.2,504.0,498.0,500.4,49766
2013-03-06,507.85,511.45,500.0,509.4,153105
2013-03-07,508.0,528.0,505.55,519.2,262569
2013-03-08,520.05,531.0,519.95,527.65,504164
2013-03-11,531.55,544.9,530.05,535.5,112755
2013-03-12,543.95,543.95,530.0,537.2,39446
2013-03-13,539.7,539.9,535.0,537.2,53949
2013-03-14,535.05,539.1,521.0,537.5,25898
2013-03-15,540.0,548.1,532.25,540.1,201662
2013-03-18,542.95,548.15,522.5,546.95,28312
2013-03-19,546.0,546.0,523.25,531.1,125939
2013-03-20,530.15,545.0,523.25,529.15,123983
2013-03-21,531.0,538.95,524.05,531.4,62264
2013-03-22,530.55,534.25,519.2,522.6,89904
2013-03-25,523.0,526.0,512.0,520.55,81291
2013-03-26,515.05,523.95,511.1,516.5,11003
2013-03-28,519.95,538.05,514.05,524.95,33802
2013-04-01,537.9,540.0,520.05,527.45,22951
2013-04-02,524.1,533.9,524.1,528.0,94322
2013-04-03,528.0,536.0,518.55,519.95,24593
2013-04-04,519.05,519.05,504.0,513.0,25965
2013-04-05,515.0,520.0,510.0,516.65,8601
2013-04-08,531.0,531.0,512.4,519.0,5869
2013-04-09,526.7,526.7,518.2,520.25,57822
2013-04-10,524.85,529.5,519.2,524.95,33928
2013-04-11,527.0,539.9,525.0,536.0,110804
2013-04-12,535.0,535.0,530.0,534.55,8256
2013-04-15,539.5,539.95,525.0,526.35,21801
2013-04-16,520.3,534.9,520.3,531.85,12049
2013-04-17,535.0,548.6,530.7,540.75,20338
2013-04-18,539.0,549.8,538.2,546.2,20281
2013-04-22,543.5,566.7,543.5,564.6,52201
2013-04-23,565.0,572.75,551.55,556.55,40325
2013-04-25,551.0,576.85,551.0,563.65,638606
2013-04-26,565.0,570.95,560.0,566.2,45488
2013-04-29,564.05,566.0,560.5,562.7,31182
2013-04-30,565.0,583.9,565.0,579.85,63809
2013-05-02,567.0,585.55,561.55,574.7,43190
2013-05-03,576.0,579.95,563.35,572.7,68985
2013-05-06,572.0,580.0,571.05,577.2,70737
2013-05-07,576.05,582.65,571.9,576.6,46326
2013-05-08,576.5,585.05,563.15,570.3,176698
2013-05-09,569.1,580.0,563.95,577.65,128965
2013-05-10,575.0,578.0,557.7,571.1,30920
2013-05-13,565.0,576.95,556.15,560.35,47456
2013-05-14,557.0,572.0,557.0,564.75,122760
2013-05-15,561.25,579.9,561.25,570.55,333106
2013-05-16,575.0,584.25,568.4,570.5,53455
2013-05-17,570.0,575.0,563.25,570.7,136641
2013-05-20,573.05,579.9,567.3,568.85,94353
2013-05-21,570.0,573.9,561.0,565.05,117069
2013-05-22,568.0,571.1,558.1,565.85,125703
2013-05-23,565.0,578.75,560.0,575.35,105068
2013-05-24,576.0,581.0,571.85,574.8,47539
2013-05-27,617.0,683.0,617.0,665.65,1727637
2013-05-28,669.85,698.7,652.0,678.95,854410
2013-05-29,681.6,692.9,672.0,683.4,346994
2013-05-30,683.5,708.8,675.45,700.0,216797
2013-05-31,705.0,730.0,702.0,724.2,281040
2013-06-03,725.0,751.9,670.15,694.75,618658
2013-06-04,693.0,710.9,673.1,677.85,358399
2013-06-05,677.0,689.95,660.15,664.75,235459
2013-06-06,664.7,697.2,649.0,692.1,334000
2013-06-07,698.25,708.35,685.5,690.25,191840
2013-06-10,690.0,698.0,682.3,691.75,159678
2013-06-11,699.95,702.0,689.05,692.75,395197
2013-06-12,686.0,695.0,681.0,684.2,84477
2013-06-13,684.0,686.95,666.3,675.1,112571
2013-06-14,679.7,690.0,679.5,682.65,281597
2013-06-17,689.5,689.5,672.25,674.25,49074
2013-06-18,674.5,685.0,668.05,670.2,94505
2013-06-19,672.0,672.0,665.05,667.6,106662
2013-06-20,668.0,678.0,658.05,670.35,99344
2013-06-21,675.0,675.0,660.1,662.05,42837
2013-06-24,663.0,668.0,646.2,650.6,36947
2013-06-25,650.0,656.9,645.35,647.55,37870
2013-06-26,648.0,662.3,645.2,647.5,34783
2013-06-27,664.4,664.4,650.7,660.6,71692
2013-06-28,664.0,678.4,657.65,674.3,310660
2013-07-01,672.0,694.7,665.05,687.25,155535
2013-07-02,690.0,690.0,675.0,682.75,34844
2013-07-03,687.0,687.0,677.0,677.3,15444
2013-07-04,675.0,693.5,675.0,687.85,32214
2013-07-05,692.0,698.0,667.0,671.0,146782
2013-07-08,670.0,678.7,662.0,669.25,26696
2013-07-09,672.0,679.0,670.05,675.65,52806
2013-07-10,675.8,687.5,672.55,679.5,40359
2013-07-11,681.05,691.0,676.4,678.8,56563
2013-07-12,675.0,684.95,674.25,677.85,23296
2013-07-15,680.0,685.0,678.3,680.15,76363
2013-07-16,676.75,683.0,672.6,679.4,56152
2013-07-17,680.0,729.0,674.45,700.05,607638
2013-07-18,700.05,721.0,699.0,714.25,209004
2013-07-19,717.25,720.95,707.9,710.05,115122
2013-07-22,716.0,736.95,708.5,719.95,134060
2013-07-23,718.9,732.0,713.0,727.2,117483
2013-07-24,727.2,747.0,721.0,725.6,140328
2013-07-25,728.85,740.0,721.8,724.15,61320
2013-07-26,726.0,729.7,706.7,713.55,94932
2013-07-29,710.0,719.0,702.8,716.5,47784
2013-07-30,719.0,722.95,695.0,699.8,59302
2013-07-31,690.05,704.0,678.1,699.1,42733
2013-08-01,699.0,707.0,692.35,703.25,53185
2013-08-02,705.05,713.95,697.0,708.4,47232
2013-08-05,712.0,739.95,703.9,735.05,96115
2013-08-06,730.0,732.0,710.55,723.15,55874
2013-08-07,737.0,737.0,698.0,704.3,166758
2013-08-08,698.15,708.65,682.1,694.15,27295
2013-08-12,699.0,773.0,695.25,735.0,1494513
2013-08-13,744.0,764.8,740.0,747.3,761249
2013-08-14,749.0,761.0,742.0,753.65,192961
2013-08-16,744.0,759.9,733.7,742.75,176476
2013-08-19,742.65,745.0,720.0,728.05,90215
2013-08-20,721.9,721.9,692.25,700.1,134517
2013-08-21,704.1,720.8,683.0,686.8,141663
2013-08-22,681.25,715.0,675.0,709.45,71726
2013-08-23,712.0,721.85,710.05,714.55,147284
2013-08-26,716.0,721.05,703.5,706.25,39091
2013-08-27,704.0,704.0,685.0,690.6,53664
2013-08-28,690.0,698.0,657.8,691.8,60878
2013-08-29,693.0,709.8,681.15,704.85,77020
2013-09-03,724.0,735.0,724.0,729.75,104535
2013-09-04,729.95,754.0,729.95,748.5,218381
2013-09-05,753.9,759.7,742.25,750.0,93938
2013-09-06,740.0,754.95,730.0,732.6,50808
2013-09-10,738.0,743.9,732.05,738.6,66854
2013-09-11,755.0,769.0,740.25,744.8,171356
2013-09-12,745.0,755.9,741.0,746.25,121169
2013-09-13,750.0,751.0,736.3,742.95,37273
2013-09-16,746.0,749.0,730.0,732.3,69886
2013-09-17,732.3,738.0,720.0,723.45,29523
2013-09-18,729.7,757.5,727.05,752.65,150133
2013-09-19,760.0,779.0,752.25,764.65,254923
2013-09-20,760.0,771.4,750.05,760.15,89557
2013-09-23,747.0,757.0,740.25,745.7,35718
2013-09-24,749.7,764.0,745.0,751.65,104267
2013-09-25,751.0,759.0,748.0,752.8,95582
2013-09-26,753.0,761.0,751.3,758.45,217011
2013-09-27,755.0,783.9,755.0,776.55,216460
2013-09-30,777.7,837.0,777.7,822.0,300849
2013-10-01,831.3,868.0,822.0,834.1,360795
2013-10-03,839.7,843.0,822.0,823.85,101042
2013-10-04,825.65,840.0,823.85,832.7,107187
2013-10-07,835.0,852.0,822.25,845.6,146433
2013-10-08,854.0,874.0,848.0,862.95,168585
2013-10-09,866.0,881.8,865.0,871.3,115294
2013-10-10,868.0,875.0,855.0,857.05,41589
2013-10-11,858.0,867.35,849.0,851.85,124311
2013-10-14,845.0,875.9,845.0,866.95,92972
2013-10-15,874.75,874.75,840.0,841.7,33510
2013-10-17,835.5,843.8,830.0,837.25,102638
2013-10-18,844.65,872.3,839.55,864.45,65081
2013-10-21,864.45,877.5,864.0,867.65,58041
2013-10-22,874.95,881.0,865.0,875.6,45593
2013-10-23,881.8,938.0,879.0,916.85,208162
2013-10-24,920.0,971.5,916.9,926.85,245769
2013-10-25,921.0,954.9,916.6,929.0,108655
2013-10-28,922.5,938.5,904.0,920.8,112311
2013-10-29,910.0,942.9,904.05,929.3,94238
2013-10-30,930.0,954.05,930.0,944.7,85817
2013-10-31,946.0,959.0,930.0,939.55,79108
2013-11-01,942.3,957.6,935.0,939.95,66425
2013-11-05,945.1,950.0,930.0,932.55,35262
2013-11-06,931.0,962.9,931.0,944.2,76440
2013-11-07,944.1,951.4,928.45,936.0,31938
2013-11-08,936.5,942.4,917.0,919.85,44153
2013-11-11,925.65,965.0,866.6,875.6,296598
2013-11-12,930.7,947.9,890.0,904.35,445462
2013-11-13,908.9,923.5,884.1,889.0,139211
2013-11-14,894.2,910.0,893.3,898.15,47454
2013-11-18,895.2,908.3,890.0,895.05,51255
2013-11-19,895.0,902.2,889.1,896.2,59205
2013-11-20,900.0,902.85,893.0,895.3,43563
2013-11-21,893.0,922.45,873.05,878.7,167235
2013-11-22,885.25,892.3,869.5,873.45,81293
2013-11-25,871.0,885.5,871.0,878.95,72488
2013-11-26,884.95,906.5,880.0,888.8,135907
2013-11-27,884.25,895.9,870.0,874.85,33535
2013-11-28,882.7,884.0,872.35,876.65,51210
2013-11-29,882.0,897.6,874.0,876.5,57554
2013-12-02,882.0,920.0,880.0,900.05,163471
2013-12-03,898.7,927.5,893.05,905.15,117738
2013-12-04,904.8,912.0,888.05,889.55,49413
2013-12-05,898.0,903.9,878.25,879.8,53279
2013-12-06,877.25,887.5,865.25,867.45,51957
2013-12-09,879.9,879.9,854.05,869.55,112345
2013-12-10,875.0,883.0,865.0,868.55,73234
2013-12-11,868.95,896.0,859.45,889.25,67009
2013-12-12,884.25,897.0,872.6,880.05,129785
2013-12-13,878.0,892.7,873.0,889.75,57124
2013-12-16,880.6,896.2,875.25,879.75,50882
2013-12-17,885.9,891.95,875.0,887.6,41891
2013-12-18,886.55,893.7,878.5,886.05,37483
2013-12-19,885.0,887.95,873.15,876.45,25247
2013-12-20,876.45,904.0,873.3,893.7,117681
2013-12-23,900.7,904.0,881.1,884.55,50547
2013-12-24,877.8,910.0,877.8,906.1,50350
2013-12-26,912.95,915.5,896.3,907.7,90625
2013-12-27,901.2,920.0,901.2,915.65,63752
2013-12-30,921.0,938.0,915.05,918.55,96890
2013-12-31,924.0,930.0,916.0,920.6,31556
2014-01-01,915.2,933.0,915.2,918.45,37519
2014-01-02,913.0,925.0,906.3,909.2,174155
2014-01-03,907.85,922.0,893.05,916.85,32196
2014-01-06,919.95,919.95,896.3,908.9,117191
2014-01-07,906.0,914.9,898.0,903.85,112516
2014-01-08,901.0,914.0,901.0,906.95,26862
2014-01-09,907.1,910.0,895.0,897.55,34912
2014-01-10,898.0,915.0,894.0,896.05,102723
2014-01-13,896.5,910.0,894.0,898.65,140544
2014-01-14,907.0,911.0,900.45,905.05,37805
2014-01-15,906.0,915.85,895.0,907.15,135954
2014-01-16,914.0,914.7,903.0,910.9,40275
2014-01-17,902.25,911.0,895.0,896.75,15368
2014-01-20,905.0,905.0,886.0,887.85,21184
2014-01-21,885.1,899.25,875.1,879.7,45579
2014-01-22,875.35,884.0,867.05,874.0,69855
2014-01-23,875.05,887.0,870.0,872.65,20084
2014-01-24,870.1,877.8,859.75,865.2,29460
2014-01-27,860.15,860.2,840.2,851.05,55894
2014-01-28,850.0,872.0,850.0,865.6,30103
2014-01-29,874.3,874.3,855.4,868.4,25190
2014-01-30,866.0,874.7,846.3,869.8,20621
2014-01-31,873.7,885.0,863.8,882.55,51616
2014-02-03,885.0,891.05,880.25,886.1,43344
2014-02-04,882.15,884.7,866.0,874.7,13043
2014-02-05,879.85,879.85,866.0,870.2,10695
2014-02-06,875.0,892.0,871.1,887.2,17852
2014-02-07,892.75,908.0,887.35,900.8,42520
2014-02-10,905.0,919.0,903.0,910.2,62531
2014-02-11,914.7,918.8,896.35,901.3,16249
2014-02-12,906.0,909.95,903.15,905.75,32746
2014-02-13,908.0,910.0,895.3,899.4,120251
2014-02-14,905.9,911.95,891.05,902.6,151493
2014-02-17,921.0,921.9,892.0,900.55,105190
2014-02-18,900.0,921.9,898.4,913.05,107897
2014-02-19,917.0,922.25,907.2,915.35,59434
2014-02-20,915.9,915.9,899.0,904.95,77626
2014-02-21,906.0,911.5,892.5,895.6,23238
2014-02-24,897.0,903.0,886.1,890.75,31181
2014-02-25,892.1,900.0,890.1,895.15,35735
2014-02-26,900.0,900.0,882.15,886.6,110777
2014-02-28,899.75,899.75,882.3,888.4,33851
2014-03-03,899.0,899.0,862.9,866.3,181829
2014-03-04,866.3,880.0,861.1,864.7,109933
2014-03-05,869.7,898.0,869.0,891.05,89157
2014-03-06,886.3,895.85,870.1,884.35,38673
2014-03-07,884.35,891.95,870.0,874.9,33341
2014-03-10,875.0,888.0,873.0,875.25,34747
2014-03-11,871.0,883.5,861.6,873.55,61933
2014-03-12,872.55,874.0,864.05,866.1,85545
2014-03-13,867.05,878.0,861.0,862.9,49204
2014-03-14,860.15,867.0,855.1,858.4,30385
2014-03-18,863.75,868.0,854.0,855.95,100583
2014-03-19,861.7,866.95,853.05,854.3,77985
2014-03-20,851.2,860.0,843.0,855.8,48201
2014-03-21,858.5,874.0,848.5,858.3,246028
2014-03-24,866.0,869.8,842.0,845.85,106682
2014-03-25,848.0,857.0,836.5,841.15,101711
2014-03-26,845.0,849.95,827.0,832.8,65893
2014-03-27,828.25,841.95,809.1,816.7,150034
2014-03-28,832.0,832.0,821.4,829.0,243354
2014-03-31,829.0,846.0,828.95,843.4,73616
2014-04-01,840.4,852.5,835.0,841.2,72426
2014-04-02,837.0,849.0,836.0,839.45,116531
2014-04-03,840.0,844.8,838.15,842.1,180977
2014-04-04,838.0,863.8,838.0,860.95,136427
2014-04-07,864.8,864.8,829.0,832.65,88684
2014-04-09,842.9,862.0,834.15,854.75,96145
2014-04-10,864.0,878.2,861.15,875.55,132125
2014-04-11,875.0,890.3,874.9,888.35,76917
2014-04-15,886.0,893.75,870.7,882.95,78237
2014-04-16,882.95,887.9,876.3,879.95,52447
2014-04-17,880.0,887.0,877.0,884.45,37149
2014-04-21,889.7,895.0,885.2,893.1,43266
2014-04-22,894.0,923.0,888.55,912.45,181489
2014-04-23,912.45,920.0,885.0,892.5,126818
2014-04-25,897.0,897.0,881.2,890.0,153803
2014-04-28,885.0,898.3,885.0,891.45,243868
2014-04-29,884.1,892.0,858.0,862.8,34200
2014-04-30,862.0,871.0,847.35,864.05,36480
2014-05-02,860.0,872.4,850.0,855.85,19677
2014-05-05,847.3,872.0,847.3,860.6,30456
2014-05-06,856.55,869.8,845.2,850.4,25021
2014-05-07,843.55,865.0,843.55,858.35,32014
2014-05-08,852.5,865.35,850.0,858.7,42474
2014-05-09,855.2,864.4,849.45,852.85,76189
2014-05-12,847.1,858.5,843.55,849.1,52629
2014-05-13,854.8,879.5,850.0,874.15,69665
2014-05-14,875.9,894.9,875.0,890.95,389257
2014-05-15,890.95,894.0,868.2,881.6,50298
2014-05-16,885.2,890.0,861.0,863.2,85958
2014-05-19,869.0,869.0,820.95,825.65,96303
2014-05-20,826.5,842.0,825.0,835.45,166136
2014-05-21,836.5,841.0,830.0,838.1,66047
2014-05-22,841.2,868.0,826.7,833.3,159204
2014-05-23,844.7,877.0,840.5,867.05,160194
2014-05-26,883.0,897.0,851.0,869.75,238351
2014-05-27,873.5,890.0,842.0,871.25,382757
2014-05-28,880.0,900.0,868.95,880.8,182279
2014-05-29,884.7,884.7,856.0,869.3,102309
2014-05-30,869.0,885.0,866.1,881.1,75886
2014-06-02,891.0,915.0,883.35,891.3,162368
2014-06-03,892.0,909.0,882.0,898.2,69970
2014-06-04,904.95,906.45,888.4,898.9,211539
2014-06-05,890.35,903.5,890.35,894.95,46281
2014-06-06,894.95,904.4,880.5,884.8,127851
2014-06-09,882.0,886.35,880.0,881.2,87206
2014-06-10,885.0,891.0,874.25,875.85,72918
2014-06-11,872.15,988.0,872.15,969.25,929547
2014-06-12,976.85,999.0,965.0,981.3,262980
2014-06-13,980.0,980.0,920.75,926.4,144529
2014-06-16,926.4,956.0,926.25,948.5,132716
2014-06-17,951.0,951.3,938.0,947.3,48446
2014-06-18,949.0,971.8,909.0,934.7,236430
2014-06-19,940.0,942.0,912.0,918.6,41913
2014-06-20,915.6,940.0,912.05,915.8,56925
2014-06-23,915.55,941.0,915.55,932.55,104399
2014-06-24,925.05,944.0,925.05,942.0,85188
2014-06-25,936.05,1008.7,936.05,997.25,347338
2014-06-26,997.8,997.8,974.0,979.2,94562
2014-06-27,972.55,983.0,962.5,976.15,44179
2014-06-30,970.0,1024.0,970.0,1008.4,158082
2014-07-01,1010.0,1043.0,1010.0,1016.2,103742
2014-07-02,1024.95,1038.95,1016.2,1030.25,281338
2014-07-03,1039.65,1039.65,1012.5,1018.35,56543
2014-07-04,1025.0,1036.0,1008.1,1015.05,68681
2014-07-07,1023.9,1030.0,1003.0,1005.35,22361
2014-07-08,1010.35,1039.0,1002.0,1020.4,130654
2014-07-09,1032.0,1035.9,985.35,997.65,137616
2014-07-10,1000.0,1017.95,971.55,995.0,76712
2014-07-11,998.0,1005.0,978.1,984.55,34347
2014-07-14,979.0,996.0,968.95,980.35,22364
2014-07-15,980.0,1009.0,973.0,983.6,28280
2014-07-16,976.0,993.15,972.0,977.0,26521
2014-07-17,969.0,992.0,969.0,988.2,35973
2014-07-18,977.0,999.0,977.0,994.65,148487
2014-07-21,991.25,1035.0,991.25,1032.35,78053
2014-07-22,1025.0,1046.0,1025.0,1040.55,72754
2014-07-23,1030.0,1050.0,1015.2,1045.25,71249
2014-07-24,1040.0,1100.0,1030.0,1064.5,200986
2014-07-25,1069.0,1090.0,1050.1,1073.75,69937
2014-07-28,1065.0,1075.1,1045.0,1071.15,190698
2014-07-30,1062.0,1117.0,1062.0,1112.15,174688
2014-07-31,1114.0,1153.95,1114.0,1148.4,130166
2014-08-01,1130.0,1160.0,1123.05,1149.5,112069
2014-08-04,1150.0,1168.0,1098.1,1114.75,242664
2014-08-05,1115.0,1139.0,1084.0,1128.75,55761
2014-08-06,1138.0,1171.0,1125.75,1151.6,128373
2014-08-07,1169.8,1169.8,1140.0,1147.65,38934
2014-08-08,1148.0,1157.6,1125.0,1130.1,64339
2014-08-11,1130.55,1164.9,1130.55,1155.95,122663
2014-08-12,1160.0,1186.0,1135.0,1152.45,257817
2014-08-13,1152.6,1163.95,1107.1,1133.7,146183
2014-08-14,1135.0,1199.0,1135.0,1190.95,224913
2014-08-18,1201.0,1275.0,1201.0,1270.1,142955
2014-08-19,1265.0,1311.85,1255.0,1283.5,254850
2014-08-20,1290.5,1294.0,1251.25,1260.1,273292
2014-08-21,1263.0,1269.0,1239.0,1246.2,171508
2014-08-22,1254.45,1274.0,1240.1,1249.75,279651
2014-08-25,1244.0,1252.7,1213.0,1222.35,122485
2014-08-26,1222.0,1283.9,1203.35,1256.6,119244
2014-08-27,1268.8,1289.0,1249.0,1259.85,237093
2014-08-28,1250.0,1269.55,1230.0,1242.9,157689
2014-09-01,1228.0,1281.0,1228.0,1262.6,62128
2014-09-02,1274.0,1275.0,1235.0,1257.15,117194
2014-09-03,1260.0,1287.9,1260.0,1281.7,147581
2014-09-04,1279.9,1279.9,1240.0,1254.4,79206
2014-09-05,1254.25,1272.0,1240.1,1260.85,155928
2014-09-08,1266.0,1285.0,1260.0,1271.05,302985
2014-09-09,1284.7,1300.0,1269.35,1275.05,192526
2014-09-10,1280.0,1314.95,1280.0,1306.05,336771
2014-09-11,1310.0,1374.9,1310.0,1345.9,226388
2014-09-12,1355.7,1390.1,1354.8,1381.7,114361
2014-09-15,1383.9,1474.0,1371.4,1461.4,184514
2014-09-16,1470.0,1511.1,1405.1,1436.35,184506
2014-09-17,1470.0,1470.0,1411.0,1453.15,65346
2014-09-18,1453.0,1471.8,1410.0,1414.15,117274
2014-09-19,1432.9,1432.9,1352.2,1375.2,178196
2014-09-22,1394.0,1395.95,1352.0,1369.4,80255
2014-09-23,1376.0,1395.0,1354.0,1386.35,55004
2014-09-24,1404.0,1418.0,1366.8,1391.65,49294
2014-09-25,1381.0,1414.0,1381.0,1404.0,57127
2014-09-26,1390.0,1425.0,1375.5,1407.95,60983
2014-09-29,1394.0,1433.4,1393.9,1408.8,108170
2014-09-30,1395.0,1433.1,1330.0,1392.05,299695
2014-10-01,1368.0,1418.8,1361.0,1398.9,70445
2014-10-07,1385.0,1417.0,1380.05,1401.55,66685
2014-10-08,1392.5,1406.0,1362.25,1371.7,45784
2014-10-09,1367.2,1385.4,1351.0,1351.85,130066
2014-10-10,1341.0,1356.0,1303.95,1331.8,122380
2014-10-13,1322.5,1360.2,1315.25,1343.1,73287
2014-10-14,1341.0,1352.75,1335.0,1340.0,88246
2014-10-16,1327.05,1353.45,1300.25,1323.8,247931
2014-10-17,1322.0,1355.5,1319.0,1342.95,97507
2014-10-20,1347.0,1374.7,1345.1,1360.05,86816
2014-10-21,1365.05,1402.5,1365.05,1391.1,109942
2014-10-22,1396.0,1428.6,1381.4,1404.85,59375
2014-10-23,1405.5,1467.8,1405.5,1446.0,26224
2014-10-27,1460.0,1473.0,1431.95,1439.45,43879
2014-10-28,1443.9,1476.85,1439.45,1445.45,71450
2014-10-29,1459.7,1476.6,1450.25,1459.2,94500
2014-10-30,1462.6,1527.0,1460.0,1491.5,184989
2014-10-31,1495.95,1547.05,1495.95,1530.8,119715
2014-11-03,1536.0,1542.05,1501.7,1508.2,55118
2014-11-05,1502.0,1576.0,1500.0,1552.35,198444
2014-11-07,1556.05,1570.0,1518.0,1520.15,192337
2014-11-10,1523.0,1537.5,1515.25,1518.7,106968
2014-11-11,1518.7,1545.0,1511.0,1529.6,134140
2014-11-12,1536.0,1622.5,1535.1,1599.45,337721
2014-11-13,1599.0,1642.0,1570.0,1597.15,188877
2014-11-14,1618.0,1668.8,1612.05,1624.3,206111
2014-11-17,1700.0,1703.9,1640.0,1644.0,377117
2014-11-18,1655.0,1680.0,1655.0,1664.8,159411
2014-11-19,1675.0,1729.8,1674.1,1698.9,295890
2014-11-20,1708.0,1717.7,1651.0,1672.5,73685
2014-11-21,1682.95,1684.8,1660.0,1673.8,103692
2014-11-24,1684.0,1695.0,1650.0,1652.55,74619
2014-11-25,1652.55,1667.0,1562.0,1589.2,141602
2014-11-26,1574.0,1659.0,1573.3,1652.05,206366
2014-11-27,1642.1,1687.0,1642.1,1681.55,95287
2014-11-28,1696.9,1696.9,1621.65,1647.95,115597
2014-12-01,1650.0,1700.0,1640.2,1686.85,89045
2014-12-02,1683.0,1750.0,1683.0,1745.75,199916
2014-12-03,1760.0,1825.0,1759.95,1800.8,207889
2014-12-04,1805.0,1841.0,1795.05,1834.4,136436
2014-12-05,1840.0,1856.6,1790.0,1795.5,79745
2014-12-08,1804.0,1838.1,1780.0,1790.5,51894
2014-12-09,1779.0,1805.9,1753.75,1793.55,77450
2014-12-10,1800.0,1810.0,1775.1,1797.65,41402
2014-12-11,1799.9,1824.25,1756.0,1760.35,86561
2014-12-12,1793.8,1802.5,1776.0,1795.95,109394
2014-12-15,1781.0,1812.85,1781.0,1787.65,72602
2014-12-16,1775.0,1796.9,1727.25,1738.05,124163
2014-12-17,1723.0,1750.0,1670.0,1683.0,235053
2014-12-18,1715.0,1759.4,1711.45,1742.2,129806
2014-12-19,1751.1,1767.8,1710.4,1723.75,74078
2014-12-22,1734.0,1805.0,1734.0,1788.4,186978
2014-12-23,1806.0,1820.0,1751.0,1764.1,76247
2014-12-24,1766.0,1785.0,1746.3,1755.4,31614
2014-12-26,1766.0,1769.15,1725.1,1731.15,41489
2014-12-29,1742.0,1783.7,1735.0,1780.2,230098
2014-12-30,1787.9,1790.1,1766.0,1784.0,61780
2014-12-31,1794.0,1865.0,1775.0,1840.1,286915
2015-01-01,1838.55,1863.0,1823.25,1831.5,48475
2015-01-02,1842.0,1885.0,1838.0,1878.55,154493
2015-01-05,1889.0,1926.95,1872.3,1879.85,172236
2015-01-06,1885.0,1910.0,1850.0,1881.9,114142
2015-01-07,1891.95,2008.9,1891.95,1995.75,473737
2015-01-08,2010.1,2017.0,1962.4,1969.2,226447
2015-01-09,1976.0,1979.8,1927.05,1945.3,241537
2015-01-12,1954.0,1975.0,1922.0,1932.0,138391
2015-01-13,1948.0,1970.0,1925.5,1933.4,231848
2015-01-14,1951.0,1975.0,1933.0,1946.05,329106
2015-01-15,2000.0,2000.0,1921.0,1934.15,190902
2015-01-16,1945.0,1959.85,1917.0,1928.7,197901
2015-01-19,1940.0,1942.0,1896.5,1908.65,140438
2015-01-20,1912.0,1941.9,1910.0,1920.75,129237
2015-01-21,1912.0,1935.0,1896.0,1915.05,135299
2015-01-22,1910.5,1924.9,1896.25,1901.15,143831
2015-01-23,1920.0,1927.0,1906.0,1914.65,230051
2015-01-27,1930.0,1940.0,1905.0,1914.35,113739
2015-01-28,1920.0,1920.4,1905.0,1913.75,227760
2015-01-29,1924.9,1924.9,1900.1,1908.35,88687
2015-01-30,1915.0,1915.0,1875.1,1889.0,100300
2015-02-02,1889.0,1911.2,1889.0,1900.1,162006
2015-02-03,1917.0,1938.0,1910.65,1924.25,240081
2015-02-04,1955.0,1963.7,1881.2,1894.1,340145
2015-02-05,1904.45,1906.5,1846.25,1853.5,153241
2015-02-06,1870.0,1887.2,1857.1,1879.15,251003
2015-02-09,1873.0,1915.9,1864.0,1882.15,343053
2015-02-10,1904.0,1939.0,1901.95,1933.25,179871
2015-02-11,1937.0,1937.0,1906.0,1929.7,195027
2015-02-12,1937.6,1975.0,1925.0,1967.5,534151
2015-02-13,1976.0,2040.0,1900.0,2022.9,322463
2015-02-16,2034.0,2045.0,2000.0,2034.2,281729
2015-02-18,2044.95,2085.0,2008.2,2055.8,147738
2015-02-19,2075.0,2099.95,2050.0,2081.1,132525
2015-02-20,2082.0,2117.0,2045.0,2097.55,166433
2015-02-23,2100.0,2100.0,2045.0,2060.4,187173
2015-02-24,2062.0,2088.0,2051.0,2073.0,89086
2015-02-25,2080.0,2082.95,2045.0,2069.4,177607
2015-02-26,2071.0,2098.35,2033.95,2055.65,172743
2015-02-27,2055.7,2107.0,2048.65,2083.45,259758
2015-03-02,2098.0,2162.95,2056.25,2122.4,390979
2015-03-03,2122.0,2189.0,2120.0,2168.65,373909
2015-03-04,2176.0,2195.0,2144.05,2152.5,227500
2015-03-05,2156.0,2246.0,2155.0,2210.75,405278
2015-03-09,2205.0,2211.0,2155.75,2199.35,179452
2015-03-10,2210.0,2212.2,2116.5,2156.05,156789
2015-03-11,2163.0,2201.0,2140.0,2155.0,99255
2015-03-12,2162.0,2215.0,2159.1,2196.65,252424
2015-03-13,2204.0,2216.65,2142.2,2156.95,109240
2015-03-16,2164.0,2169.8,2125.05,2150.5,72911
2015-03-17,2170.0,2218.8,2155.0,2190.95,210959
2015-03-18,2200.0,2250.0,2185.0,2196.65,247249
2015-03-19,2209.9,2239.7,2150.0,2207.15,162998
2015-03-20,2239.0,2239.0,2080.35,2133.45,557787
2015-03-23,2139.0,2139.0,2081.0,2102.7,50567
2015-03-24,2105.0,2158.25,2105.0,2148.75,103673
2015-03-25,2105.8,2170.0,2105.8,2161.35,125959
2015-03-26,2166.65,2210.0,2145.0,2193.8,155962
2015-03-27,2208.0,2208.0,2080.0,2154.0,175022
2015-03-30,2173.0,2175.05,2110.0,2162.15,154249
2015-03-31,2174.0,2174.0,2150.0,2158.55,94462
2015-04-01,2155.5,2215.3,2141.35,2177.55,245908
2015-04-06,2160.1,2220.0,2160.1,2216.7,158584
2015-04-07,2219.8,2299.0,2179.75,2259.1,158628
2015-04-08,2275.0,2299.5,2252.4,2258.75,138615
2015-04-09,2274.0,2299.05,2221.8,2277.9,164822
2015-04-10,2278.0,2290.5,2260.0,2277.9,153299
2015-04-13,2277.9,2320.0,2269.55,2310.2,277352
2015-04-15,2322.8,2377.8,2316.0,2344.55,207468
2015-04-16,2374.0,2375.0,2290.25,2329.15,161860
2015-04-17,2328.0,2328.0,2295.0,2298.95,113874
2015-04-20,2330.0,2330.0,2150.0,2170.0,262487
2015-04-21,2170.0,2189.7,2035.5,2069.5,238696
2015-04-22,2069.5,2119.95,2046.5,2066.25,283304
2015-04-23,2072.5,2162.0,2072.5,2151.65,160707
2015-04-24,2170.0,2181.85,2115.65,2139.7,191441
2015-04-27,2145.0,2145.0,2006.5,2071.5,96251
2015-04-28,2081.0,2130.0,2046.55,2095.05,157869
2015-04-29,2096.0,2168.45,2085.0,2151.6,100540
2015-04-30,2149.0,2215.0,2149.0,2197.85,151288
2015-05-04,2208.0,2260.0,2202.0,2248.4,59994
2015-05-05,2250.0,2374.4,2249.9,2344.95,86370
2015-05-06,2356.0,2405.0,2235.1,2247.3,224146
2015-05-07,2245.0,2289.8,2190.65,2236.35,111302
2015-05-08,2247.0,2298.0,2196.7,2203.4,93674
2015-05-11,2230.0,2299.0,2209.15,2283.2,152610
2015-05-12,2285.0,2285.0,2248.0,2272.4,51633
2015-05-13,2310.0,2310.0,2254.1,2282.6,95546
2015-05-14,2283.1,2315.0,2236.0,2258.3,51175
2015-05-15,2275.0,2300.0,2251.05,2263.9,95910
2015-05-18,2274.0,2300.0,2260.45,2293.85,52922
2015-05-19,2301.0,2338.95,2296.0,2324.75,78799
2015-05-20,2336.0,2363.1,2320.15,2332.05,257355
2015-05-21,2355.85,2377.3,2272.0,2287.85,163160
2015-05-22,2397.0,2554.65,2375.0,2430.85,785651
2015-05-25,2449.75,2528.9,2440.0,2507.0,244821
2015-05-26,2511.0,2549.0,2490.0,2513.65,130310
2015-05-27,2520.0,2598.0,2500.0,2578.75,282218
2015-05-28,2590.0,2668.0,2588.0,2657.25,489328
2015-05-29,2669.0,2686.0,2520.0,2544.7,453938
2015-06-01,2560.0,2605.0,2504.7,2567.9,187562
2015-06-02,2571.0,2596.5,2501.1,2509.1,118697
2015-06-03,2515.0,2532.0,2424.0,2511.6,185017
2015-06-04,2532.0,2594.8,2510.0,2580.4,220648
2015-06-05,2590.4,2725.0,2585.0,2709.45,466245
2015-06-08,2734.1,2744.0,2629.0,2643.95,235541
2015-06-09,2664.9,2715.7,2576.6,2597.6,302803
2015-06-10,2609.0,2647.0,2580.5,2597.35,165273
2015-06-11,2629.0,2651.9,2585.7,2602.65,223086
2015-06-12,2606.7,2630.0,2594.8,2605.5,151819
2015-06-15,2629.75,2643.0,2582.85,2623.15,125831
2015-06-16,2623.0,2637.85,2588.6,2611.65,152788
2015-06-17,2620.0,2781.9,2612.0,2758.4,395483
2015-06-18,2752.0,2774.7,2670.0,2684.3,221116
2015-06-19,2700.0,2746.05,2681.4,2705.45,167490
2015-06-22,2740.0,2797.75,2700.75,2783.7,213028
2015-06-23,2800.1,2810.0,2730.0,2738.7,177377
2015-06-24,2747.95,2751.75,2680.0,2692.65,153334
2015-06-25,2682.0,2708.6,2670.0,2693.6,131418
2015-06-26,2698.0,2752.0,2667.15,2743.9,142470
2015-06-29,2728.7,2728.7,2650.0,2700.35,121270
2015-06-30,2705.0,2783.65,2705.0,2762.95,222105
2015-07-01,2760.0,2792.0,2720.0,2731.55,197962
2015-07-02,2750.0,2771.0,2732.0,2746.25,151472
2015-07-03,2769.0,2789.6,2749.0,2770.7,157813
2015-07-06,2721.0,2827.0,2721.0,2785.65,276898
2015-07-07,2794.0,2829.6,2769.0,2787.5,155646
2015-07-08,2779.0,2808.5,2765.0,2791.9,154621
2015-07-09,2804.0,2830.0,2792.4,2823.9,152398
2015-07-10,2831.5,2855.0,2825.55,2839.05,144585
2015-07-13,2839.0,2865.0,2828.0,2845.6,104508
2015-07-14,2845.0,2857.0,2819.5,2831.3,94928
2015-07-15,2841.0,2851.0,2823.1,2832.9,69813
2015-07-16,2850.0,2856.0,2832.0,2842.1,106415
2015-07-17,2853.5,2924.0,2836.8,2878.45,159025
2015-07-20,2878.45,2900.0,2874.0,2881.9,208641
2015-07-21,2897.0,2897.0,2846.9,2875.15,226669
2015-07-22,2867.0,2877.8,2849.95,2856.9,173813
2015-07-23,2867.7,2897.0,2841.7,2850.05,104695
2015-07-24,2875.0,2913.7,2817.1,2895.1,149943
2015-07-27,2897.0,2957.0,2874.05,2932.0,247157
2015-07-28,2949.0,3003.9,2941.2,2976.05,236248
2015-07-29,2981.0,3009.0,2952.0,2968.25,128402
2015-07-30,2968.0,3084.9,2961.25,3065.8,206152
2015-07-31,3088.0,3245.5,3080.0,3153.65,448524
2015-08-03,3176.0,3183.8,3075.0,3136.85,185176
2015-08-04,3152.0,3235.0,3133.0,3175.65,890842
2015-08-05,3218.85,3228.2,3147.3,3156.3,327322
2015-08-06,3185.0,3185.0,3096.0,3139.75,224934
2015-08-07,3145.5,3227.65,3145.5,3202.7,336878
2015-08-10,3209.5,3345.0,3207.95,3314.05,647186
2015-08-11,3345.0,3385.0,3310.0,3366.9,444165
2015-08-12,3367.0,3384.4,3300.0,3320.85,306511
2015-08-13,3340.0,3434.2,3330.1,3398.85,360069
2015-08-14,3345.0,3382.1,3271.9,3343.75,352636
2015-08-17,3336.9,3336.9,3285.25,3296.25,182745
2015-08-18,3319.9,3339.8,3296.0,3316.5,93263
2015-08-19,3325.0,3348.4,3286.3,3293.55,103156
2015-08-20,3272.0,3303.3,3215.0,3224.4,138291
2015-08-21,3210.0,3216.9,3125.0,3199.35,163612
2015-08-24,3149.0,3149.0,2942.0,3002.25,409391
2015-08-25,3006.0,3048.95,2790.0,2976.9,416519
2015-08-26,2975.1,3034.15,2860.1,2880.7,262933
2015-08-27,2930.0,2999.0,2890.5,2942.3,329962
2015-08-28,2966.0,3050.0,2950.0,2973.8,250718
2015-08-31,2979.0,2982.2,2902.5,2929.95,123717
2015-09-01,2900.0,2970.0,2880.0,2920.9,219198
2015-09-02,2948.0,3015.0,2925.85,2983.25,217145
2015-09-03,3039.0,3082.4,2996.0,3008.05,280431
2015-09-04,3003.0,3016.9,2940.75,2988.25,144539
2015-09-07,2990.0,3011.2,2888.0,2897.4,131566
2015-09-08,2897.5,2935.4,2765.0,2843.3,198245
2015-09-09,2900.0,2914.4,2845.0,2879.95,141054
2015-09-10,2870.0,2896.0,2800.0,2864.4,135301
2015-09-11,2888.7,2976.5,2870.8,2953.85,162951
2015-09-14,2975.0,3026.7,2960.0,2991.25,163708
2015-09-15,3000.0,3086.0,3000.0,3079.2,269267
2015-09-16,3101.9,3145.0,2998.25,3011.45,283633
2015-09-18,3048.65,3050.0,2989.0,2997.9,153779
2015-09-21,2999.0,3012.0,2952.0,2995.6,106150
2015-09-22,3023.5,3030.5,2881.0,2900.5,232914
2015-09-23,2882.95,2918.1,2850.0,2885.7,184405
2015-09-24,2890.0,2919.8,2865.0,2888.9,222715
2015-09-28,2894.0,2950.0,2885.6,2921.05,126852
2015-09-29,2894.0,2983.8,2850.1,2970.8,194579
2015-09-30,2999.0,3114.0,2985.0,3082.0,305566
2015-10-01,3109.75,3149.8,3101.0,3122.8,240735
2015-10-05,3151.0,3229.0,3143.75,3213.65,321031
2015-10-06,3231.9,3269.95,3213.65,3254.4,189776
2015-10-07,3260.2,3300.0,3216.6,3236.05,169881
2015-10-08,3239.4,3283.75,3211.25,3266.75,107766
2015-10-09,3280.0,3297.7,3211.4,3224.1,76508
2015-10-12,3250.0,3258.0,3156.65,3170.45,109363
2015-10-13,3194.85,3194.85,3083.5,3115.05,210362
2015-10-14,3110.0,3199.35,3098.65,3181.4,139827
2015-10-15,3199.25,3199.25,3151.25,3178.65,100898
2015-10-16,3195.05,3248.0,3173.3,3228.75,183919
2015-10-19,3249.95,3310.6,3240.1,3304.0,355967
2015-10-20,3324.95,3326.45,3275.95,3300.05,211592
2015-10-21,3305.0,3312.4,3276.0,3286.65,177709
2015-10-23,3300.0,3300.0,3238.3,3246.45,99978
2015-10-26,3240.0,3250.0,3185.75,3203.4,148981
2015-10-27,3209.95,3238.4,3175.6,3184.2,154223
2015-10-28,3145.0,3224.0,3145.0,3193.05,152205
2015-10-29,3180.2,3220.0,3172.4,3190.15,185408
2015-10-30,3189.2,3255.4,3173.25,3231.9,155243
2015-11-02,3223.7,3239.0,3160.35,3186.55,144168
2015-11-03,3214.0,3222.0,3162.0,3177.35,98752
2015-11-04,3180.0,3196.3,3153.8,3181.25,109525
2015-11-05,3184.7,3220.0,3155.7,3178.8,115732
2015-11-06,3190.0,3223.55,3085.5,3130.0,124278
2015-11-09,3075.0,3145.0,3035.0,3044.55,300656
2015-11-10,3030.0,3096.0,3016.1,3035.35,150885
2015-11-11,3051.0,3069.3,3037.0,3047.5,26203
2015-11-13,3039.0,3039.0,2901.4,2911.4,274379
2015-11-16,2890.0,2900.0,2829.0,2846.1,342923
2015-11-17,2853.0,2902.85,2853.0,2878.1,181064
2015-11-18,2880.0,2906.8,2844.95,2858.4,157921
2015-11-19,2878.0,2954.0,2865.0,2944.5,158561
2015-11-20,2967.9,3009.0,2946.05,2967.15,141129
2015-11-23,2975.0,2996.75,2972.0,2980.35,80997
2015-11-24,2975.0,2985.0,2913.75,2941.1,155903
2015-11-26,2940.0,2991.9,2882.55,2900.85,247802
2015-11-27,2915.0,2938.0,2896.5,2927.75,101281
2015-11-30,2924.0,2945.0,2895.0,2923.05,116434
2015-12-01,2926.1,2985.0,2903.05,2971.45,162396
2015-12-02,2984.0,2984.0,2942.05,2960.15,53714
2015-12-03,2955.0,2979.45,2926.5,2931.85,71608
2015-12-04,2930.0,2957.9,2914.0,2935.95,74566
2015-12-07,2935.95,2935.95,2872.85,2881.8,109332
2015-12-08,2870.0,2909.3,2855.1,2878.3,120918
2015-12-09,2870.1,2871.4,2786.0,2797.45,122825
2015-12-10,2800.0,2889.7,2721.05,2866.45,289315
2015-12-11,2866.45,2880.9,2763.5,2780.8,222672
2015-12-14,2763.0,2847.0,2744.8,2828.0,150517
2015-12-15,2830.0,2886.0,2823.15,2880.05,114125
2015-12-16,2884.7,2895.0,2808.05,2814.0,145469
2015-12-17,2840.0,2919.0,2811.0,2910.75,166691
2015-12-18,2901.0,2948.5,2877.95,2890.3,159472
2015-12-21,2887.0,2950.0,2882.0,2943.0,105850
2015-12-22,2950.0,2963.0,2911.7,2916.9,98354
2015-12-23,2925.15,2946.5,2888.55,2896.25,96854
2015-12-24,2927.0,2928.0,2880.9,2910.7,81972
2015-12-28,2912.0,2925.0,2899.5,2904.35,87245
2015-12-29,2910.1,2985.5,2910.0,2977.8,156761
2015-12-30,2990.0,2996.0,2961.55,2976.1,84820
2015-12-31,2985.0,3013.0,2948.05,2966.3,240159
2016-01-01,2962.4,3003.35,2962.4,2986.4,64743
2016-01-04,2980.0,3004.45,2952.0,2972.6,126807
2016-01-05,2977.1,2992.55,2950.3,2966.7,114250
2016-01-06,2953.0,3006.0,2953.0,3001.7,133638
2016-01-07,2990.0,2994.85,2911.05,2946.55,149400
2016-01-08,2947.0,2968.0,2881.9,2902.3,166706
2016-01-11,2890.1,2929.0,2841.15,2919.3,132406
2016-01-12,2920.0,2987.4,2901.0,2940.2,178684
2016-01-13,2940.2,2961.45,2866.55,2905.2,254606
2016-01-14,2889.95,2915.0,2841.1,2897.6,139762
2016-01-15,2909.9,2934.0,2850.5,2859.15,133306
2016-01-18,2850.0,2870.0,2745.6,2765.3,211205
2016-01-19,2750.0,2760.15,2723.05,2733.0,148252
2016-01-20,2719.85,2720.0,2605.0,2679.7,273774
2016-01-21,2717.0,2729.05,2605.35,2619.7,254792
2016-01-22,2650.0,2660.0,2602.4,2615.9,272098
2016-01-25,2632.7,2649.0,2588.75,2602.6,248600
2016-01-27,2612.0,2655.0,2600.9,2649.65,456258
2016-01-28,2670.0,2697.95,2643.55,2670.25,350357
2016-01-29,2685.0,2697.0,2677.0,2689.45,194510
2016-02-01,2710.0,2815.0,2699.25,2800.5,348328
2016-02-02,2803.3,2875.5,2771.1,2792.85,321152
2016-02-03,2780.0,2854.8,2726.55,2828.05,250205
2016-02-04,2848.0,2879.7,2815.0,2856.3,381254
2016-02-05,2856.15,2871.95,2815.0,2862.5,259404
2016-02-08,2865.5,2953.35,2843.85,2854.75,194431
2016-02-09,2842.0,2890.0,2760.0,2783.1,249385
2016-02-10,2840.0,2870.0,2687.7,2722.0,343711
2016-02-11,2700.0,2729.75,2611.1,2634.0,291676
2016-02-12,2650.0,2657.9,2505.05,2564.2,356924
2016-02-17,2645.0,2663.0,2545.2,2652.2,127303
2016-02-18,2668.4,2767.65,2668.4,2753.5,195078
2016-02-19,2763.0,2763.0,2705.55,2724.5,127134
2016-02-22,2709.0,2801.0,2709.0,2799.35,352002
2016-02-23,2795.1,2818.0,2775.0,2802.25,165587
2016-02-24,2803.0,2807.9,2736.6,2753.4,209736
2016-02-25,2755.0,2773.7,2672.25,2685.95,221100
2016-02-26,2693.0,2730.5,2674.1,2712.45,215553
2016-02-29,2722.0,2828.0,2640.0,2756.25,182463
2016-03-01,2756.0,2845.0,2756.0,2841.7,164771
2016-03-02,2851.0,2914.5,2844.3,2862.85,160110
2016-03-03,2878.0,2892.8,2832.0,2841.85,129406
2016-03-04,2864.0,2876.95,2842.0,2855.2,86331
2016-03-08,2850.0,2884.85,2750.0,2819.05,191076
2016-03-09,2809.95,2856.0,2785.0,2837.8,153683
2016-03-10,2830.0,2858.0,2800.0,2834.65,147057
2016-03-11,2840.7,2846.45,2809.0,2816.1,71593
2016-03-14,2832.0,2860.0,2815.0,2823.05,112359
2016-03-15,2800.25,2821.85,2750.95,2758.75,76969
2016-03-16,2740.1,2756.0,2674.15,2720.3,239753
2016-03-17,2740.0,2740.1,2688.0,2697.6,134153
2016-03-18,2699.0,2715.0,2670.25,2685.8,120847
2016-03-21,2691.0,2749.0,2691.0,2734.95,99413
2016-03-22,2736.0,2779.9,2725.0,2751.5,120806
2016-03-23,2755.15,2762.1,2705.3,2725.3,108483
2016-03-28,2745.55,2760.0,2601.25,2625.6,282168
2016-03-29,2615.0,2625.0,2519.05,2583.15,195997
2016-03-30,2619.5,2649.0,2590.15,2638.5,261677
2016-03-31,2625.4,2704.9,2615.5,2686.5,346463
2016-04-01,2661.5,2717.9,2661.5,2679.05,176535
2016-04-04,2700.0,2703.55,2650.0,2659.2,184402
2016-04-05,2650.0,2656.25,2607.15,2641.35,214101
2016-04-06,2641.35,2723.95,2641.35,2707.2,483650
2016-04-07,2710.1,2721.05,2679.1,2701.15,102107
2016-04-08,2691.0,2715.5,2681.1,2686.8,138356
2016-04-11,2696.8,2707.65,2645.0,2656.95,215022
2016-04-12,2685.0,2738.4,2650.2,2705.75,352945
2016-04-13,2708.6,2785.0,2708.6,2761.1,260415
2016-04-18,2770.5,2856.0,2770.5,2850.65,308621
2016-04-20,2845.0,2887.85,2827.5,2845.3,313444
2016-04-21,2847.7,2870.0,2780.0,2787.85,177687
2016-04-22,2793.0,2830.0,2788.75,2822.6,144872
2016-04-25,2813.0,2837.0,2800.0,2817.1,171257
2016-04-26,2820.05,2848.0,2796.2,2837.3,135789
2016-04-27,2830.6,2875.95,2830.6,2861.4,167434
2016-04-28,2875.0,2918.0,2812.0,2825.55,404375
2016-04-29,2827.0,2896.0,2826.0,2862.6,141294
2016-05-02,2856.0,2871.95,2835.0,2858.4,74322
2016-05-03,2861.4,2899.9,2835.0,2847.1,219946
2016-05-04,2847.0,2857.9,2803.95,2817.75,114460
2016-05-05,2817.0,2852.0,2810.1,2821.45,56570
2016-05-06,2828.0,2847.0,2812.0,2817.3,63781
2016-05-09,2839.0,2839.0,2800.0,2813.75,280226
2016-05-10,2815.1,2863.0,2815.1,2820.9,115699
2016-05-11,2810.0,2858.9,2790.95,2847.45,98098
2016-05-12,2867.0,2950.0,2840.0,2936.45,259637
2016-05-13,2935.0,2977.0,2925.6,2954.0,269724
2016-05-16,2964.0,2978.95,2903.2,2935.55,146248
2016-05-17,2942.2,3017.9,2942.2,3005.65,235671
2016-05-18,3003.95,3004.0,2968.0,2971.6,181320
2016-05-19,2979.95,3015.0,2976.1,2995.95,156746
2016-05-20,3009.9,3035.05,2910.0,2930.7,202237
2016-05-23,2850.0,2850.0,2661.0,2682.5,760904
2016-05-24,2682.5,2750.0,2610.0,2654.05,562839
2016-05-25,2660.7,2765.0,2657.5,2751.45,354194
2016-05-26,2756.8,2795.0,2728.05,2744.4,359669
2016-05-27,2759.0,2761.85,2701.1,2719.3,513071
2016-05-30,2720.0,2758.0,2720.0,2746.05,110941
2016-05-31,2748.0,2759.0,2690.95,2706.2,274383
2016-06-01,2740.0,2792.4,2725.2,2765.1,480961
2016-06-02,2769.95,2822.3,2760.55,2799.5,186240
2016-06-03,2800.0,2804.6,2756.05,2763.35,166817
2016-06-06,2765.0,2788.5,2735.15,2773.85,102027
2016-06-07,2777.0,2810.0,2777.0,2795.15,401524
2016-06-08,2780.15,2807.0,2760.05,2770.4,130460
2016-06-09,2770.0,2795.5,2752.05,2761.25,197487
2016-06-10,2774.0,2774.0,2724.05,2729.25,92005
2016-06-13,2716.0,2716.0,2660.0,2678.2,111051
2016-06-14,2676.0,2696.5,2667.5,2681.15,108272
2016-06-15,2699.0,2699.0,2671.25,2682.6,109909
2016-06-16,2680.0,2696.2,2672.05,2686.9,100521
2016-06-17,2690.0,2698.5,2636.8,2639.6,285241
2016-06-20,2625.0,2632.0,2587.5,2622.2,180631
2016-06-21,2595.0,2607.0,2560.3,2564.85,458788
2016-06-22,2568.4,2620.0,2561.1,2613.7,293758
2016-06-23,2618.0,2642.0,2609.3,2625.45,163373
2016-06-24,2580.0,2644.4,2519.1,2632.95,147592
2016-06-27,2635.0,2695.95,2625.3,2683.3,170256
2016-06-28,2687.0,2753.6,2680.05,2748.15,223088
2016-06-29,2749.8,2778.1,2706.75,2771.4,140375
2016-06-30,2779.9,2789.45,2731.0,2758.95,372372
2016-07-01,2753.75,2817.1,2751.55,2808.3,216924
2016-07-04,2838.0,2850.0,2816.35,2840.9,146966
2016-07-05,2835.0,2860.0,2810.0,2836.25,75546
2016-07-07,2830.0,2840.0,2802.0,2809.15,126505
2016-07-08,2809.15,2836.0,2792.4,2805.05,95700
2016-07-11,2818.0,2868.45,2817.6,2859.25,178785
2016-07-12,2874.0,2908.55,2843.75,2857.2,174488
2016-07-13,2868.0,2885.8,2829.9,2867.6,129355
2016-07-14,2890.0,2893.0,2854.95,2859.75,131591
2016-07-15,2860.0,2876.65,2811.2,2820.6,100772
2016-07-18,2837.05,2848.7,2808.95,2816.3,96589
2016-07-19,2820.2,2827.95,2753.35,2760.05,231271
2016-07-20,2774.9,2818.0,2760.0,2809.45,88792
2016-07-21,2814.8,2840.0,2790.0,2814.75,145937
2016-07-22,2816.0,2855.95,2808.0,2850.9,179569
2016-07-25,2850.0,2873.7,2830.3,2850.4,119472
2016-07-26,2850.4,2856.6,2811.0,2823.8,142849
2016-07-27,2848.0,2848.0,2795.0,2812.8,105203
2016-07-28,2815.0,2894.0,2810.2,2865.3,244070
2016-07-29,2844.0,2944.2,2843.1,2933.8,215670
2016-08-01,2947.9,2993.9,2851.0,2882.2,171339
2016-08-02,2907.0,2912.0,2871.7,2880.7,92730
2016-08-03,2898.0,2898.0,2820.05,2830.45,181855
2016-08-04,2850.0,2893.0,2811.95,2880.85,197730
2016-08-05,2880.0,2900.8,2848.95,2884.6,123026
2016-08-08,2883.9,3317.25,2880.1,3152.15,1582123
2016-08-09,3150.0,3172.0,3088.2,3128.45,396296
2016-08-10,3129.0,3131.65,3060.2,3103.35,170822
2016-08-11,3120.0,3277.0,3114.8,3236.9,763245
2016-08-12,3229.9,3315.0,3188.45,3285.1,357031
2016-08-16,3298.1,3340.0,3250.0,3272.05,169085
2016-08-17,3265.0,3358.25,3265.0,3336.7,262308
2016-08-18,3340.0,3370.0,3305.05,3329.55,152396
2016-08-19,3330.0,3370.0,3316.5,3350.45,121619
2016-08-22,3350.0,3392.9,3344.25,3369.25,160043
2016-08-23,3368.0,3378.0,3340.0,3361.35,74202
2016-08-24,3369.0,3484.0,3340.0,3432.95,341848
2016-08-25,3447.0,3499.0,3443.15,3464.3,371339
2016-08-26,3484.7,3484.7,3392.05,3437.7,143907
2016-08-29,3406.0,3449.0,3390.0,3406.35,73915
2016-08-30,3410.0,3472.0,3410.0,3443.2,74605
2016-08-31,3442.2,3485.95,3420.0,3460.55,144795
2016-09-01,3466.0,3466.0,3400.2,3409.35,88727
2016-09-02,3401.0,3436.95,3342.0,3354.95,145660
2016-09-06,3375.0,3464.0,3344.35,3457.1,175362
2016-09-07,3402.0,3503.5,3402.0,3488.95,199582
2016-09-08,3467.0,3488.45,3450.0,3472.1,107919
2016-09-09,3500.0,3500.0,3445.0,3455.05,76868
2016-09-12,3400.0,3449.9,3370.0,3427.95,117660
2016-09-14,3427.0,3550.0,3426.85,3539.9,218764
2016-09-15,3549.95,3584.25,3525.0,3531.6,153247
2016-09-16,3540.0,3562.0,3453.4,3475.5,156301
2016-09-19,3475.5,3486.0,3400.0,3411.6,174082
2016-09-20,3416.0,3450.95,3399.0,3410.5,147744
2016-09-21,3411.0,3445.0,3357.2,3398.1,181719
2016-09-22,3419.0,3435.0,3376.05,3400.95,249683
2016-09-23,3428.9,3460.0,3375.8,3421.1,162504
2016-09-26,3445.0,3449.15,3396.85,3417.05,155740
2016-09-27,3422.1,3456.0,3411.85,3431.25,87324
2016-09-28,3429.8,3456.0,3390.9,3404.2,126163
2016-09-29,3430.0,3435.0,3199.7,3285.55,168170
2016-09-30,3280.0,3387.3,3250.05,3364.0,120206
2016-10-03,3397.85,3522.0,3380.0,3485.55,129680
2016-10-04,3484.0,3485.0,3436.25,3475.35,92818
2016-10-05,3480.0,3506.0,3440.5,3460.5,206313
2016-10-06,3489.9,3497.95,3441.8,3467.0,59465
2016-10-07,3467.0,3475.0,3379.85,3386.65,168780
2016-10-10,3390.0,3410.75,3370.6,3376.8,54748
2016-10-13,3369.0,3369.0,3289.0,3325.45,161322
2016-10-14,3354.0,3354.0,3295.0,3330.75,70676
2016-10-17,3335.3,3335.45,3287.65,3306.4,108441
2016-10-18,3306.5,3320.6,3245.0,3264.6,139269
2016-10-19,3283.9,3350.0,3280.0,3316.9,173746
2016-10-20,3317.0,3355.0,3301.0,3313.15,121382
2016-10-21,3335.0,3345.0,3304.5,3310.7,63515
2016-10-24,3270.3,3329.55,3270.3,3307.9,73215
2016-10-25,3308.4,3322.65,3279.95,3295.35,91094
2016-10-26,3290.0,3308.85,3250.7,3265.8,87960
2016-10-27,3250.0,3269.15,3195.0,3212.1,217025
2016-10-28,3234.0,3329.0,3231.75,3311.95,107954
2016-11-01,3315.0,3340.0,3267.95,3330.55,128594
2016-11-02,3278.0,3313.95,3271.0,3302.6,118002
2016-11-03,3302.6,3325.5,3252.05,3301.5,129160
2016-11-04,3300.0,3380.0,3222.0,3302.0,227573
2016-11-07,3329.0,3348.0,3285.0,3302.55,210916
2016-11-08,3278.0,3301.7,3215.55,3235.55,453378
2016-11-09,3100.0,3191.7,2929.0,3124.2,225840
2016-11-10,3215.0,3241.85,3169.25,3204.15,137274
2016-11-11,3189.85,3189.85,3030.5,3079.35,216039
2016-11-15,3064.0,3064.0,2781.2,2929.35,579245
2016-11-16,2950.0,3060.0,2926.35,2991.0,235149
2016-11-17,3020.0,3020.0,2920.0,2935.05,202752
2016-11-18,2921.0,2925.0,2871.05,2902.6,290700
2016-11-21,2905.0,2928.15,2876.1,2894.3,91182
2016-11-22,2906.1,2920.0,2851.95,2906.05,177238
2016-11-23,2939.0,2976.0,2895.0,2967.75,129498
2016-11-24,2958.0,2988.0,2916.0,2942.55,155070
2016-11-25,2969.95,2974.45,2921.05,2962.0,87882
2016-11-28,2959.95,2991.1,2928.15,2970.5,89016
2016-11-29,2987.0,3038.4,2972.0,3005.45,104156
2016-11-30,3010.0,3073.95,2951.2,3032.9,237369
2016-12-01,3036.05,3063.95,2996.0,3003.35,94489
2016-12-02,2994.8,3015.0,2964.85,2976.8,169703
2016-12-05,2980.0,3082.8,2980.0,3066.4,108580
2016-12-06,3069.6,3074.0,2997.1,3004.45,89657
2016-12-07,3018.0,3044.6,2982.0,2994.75,117622
2016-12-08,3013.0,3068.0,3001.0,3038.75,84693
2016-12-09,3041.9,3062.8,3021.1,3025.35,317721
2016-12-12,3025.5,3028.5,2970.1,2977.05,137358
2016-12-13,2997.85,2997.85,2924.95,2938.65,192044
2016-12-14,2940.0,2968.0,2935.0,2941.65,116887
2016-12-15,2932.0,2954.0,2907.5,2920.2,108279
2016-12-16,2923.25,2938.15,2881.9,2895.3,194080
2016-12-19,2900.0,2914.75,2865.5,2899.6,110005
2016-12-20,2902.0,2909.8,2866.0,2872.1,200544
2016-12-21,2872.1,2899.0,2827.8,2847.7,200871
2016-12-22,2840.0,2849.25,2799.85,2810.65,92589
2016-12-23,2810.05,2841.15,2772.85,2831.2,91370
2016-12-26,2829.9,2831.4,2780.0,2807.3,68000
2016-12-27,2810.25,2856.85,2781.55,2826.85,78676
2016-12-28,2830.0,2888.0,2830.0,2839.6,123554
2016-12-29,2835.0,2898.0,2828.9,2883.15,90143
2016-12-30,2905.0,2922.0,2870.0,2886.3,110334
2017-01-02,2901.1,2901.1,2865.15,2886.45,52245
2017-01-03,2887.0,2890.0,2851.2,2872.25,127593
2017-01-04,2890.0,2890.0,2830.45,2852.4,136679
2017-01-05,2862.0,2875.0,2852.6,2865.8,116334
2017-01-06,2865.0,2915.0,2845.8,2894.95,397718
2017-01-09,2920.0,2922.3,2875.55,2897.9,172178
2017-01-10,2899.0,2903.0,2875.95,2880.8,273058
2017-01-11,2885.0,2985.0,2885.0,2970.1,345861
2017-01-12,2984.95,2994.95,2918.4,2947.8,130051
2017-01-13,2969.0,2985.0,2925.0,2940.0,104329
2017-01-16,2935.0,2979.8,2923.0,2965.75,106505
2017-01-17,2968.7,3020.2,2955.1,3013.55,164751
2017-01-18,3018.0,3098.7,3014.9,3091.55,269613
2017-01-19,3091.0,3155.0,3066.75,3107.95,257575
2017-01-20,3117.9,3135.1,3064.1,3078.3,112993
2017-01-23,3065.2,3115.0,3065.2,3093.1,72041
2017-01-24,3096.3,3150.5,3081.65,3148.35,151846
2017-01-25,3125.0,3148.0,3098.0,3134.9,95008
2017-01-27,3134.0,3162.0,3091.0,3102.95,134715
2017-01-30,3128.0,3151.4,3100.2,3145.7,130271
2017-01-31,3150.0,3150.0,3109.0,3130.45,154940
2017-02-01,3133.7,3249.8,3112.75,3234.75,211287
2017-02-02,3240.0,3254.65,3189.7,3231.0,230894
2017-02-03,3223.1,3273.85,3210.0,3230.85,135664
2017-02-06,3230.85,3294.4,3230.85,3285.0,134152
2017-02-07,3290.0,3290.0,3210.0,3230.6,113826
2017-02-08,3230.85,3266.2,3192.05,3233.0,129082
2017-02-09,3228.3,3254.65,3205.3,3225.95,112759
2017-02-10,3231.0,3270.0,3223.25,3239.35,211103
2017-02-13,3245.0,3296.0,3222.1,3271.7,201954
2017-02-14,3280.0,3280.0,3210.2,3224.45,188420
2017-02-15,3233.0,3243.0,3171.0,3194.35,136342
2017-02-16,3190.0,3238.4,3182.75,3230.75,79944
2017-02-17,3239.1,3254.8,3205.55,3247.75,157429
2017-02-20,3262.0,3267.25,3236.05,3256.9,57135
2017-02-21,3266.7,3275.5,3215.2,3239.05,98066
2017-02-22,3242.0,3264.0,3226.85,3238.7,115265
2017-02-23,3242.05,3278.95,3213.55,3227.0,210424
2017-02-27,3231.0,3268.9,3218.85,3259.1,130537
2017-02-28,3255.1,3259.0,3212.3,3229.4,95954
2017-03-01,3232.0,3259.95,3175.0,3181.0,101905
2017-03-02,3200.0,3217.5,3102.7,3114.15,190960
2017-03-03,3123.0,3145.7,3066.45,3096.75,233042
2017-03-06,3112.0,3116.45,3059.4,3086.0,159500
2017-03-07,3105.0,3105.0,3055.2,3059.15,183626
2017-03-08,3065.0,3108.0,3045.3,3085.4,263476
2017-03-09,3086.0,3099.9,3063.0,3078.6,112214
2017-03-10,3085.1,3131.0,3077.0,3122.5,137490
2017-03-14,3153.8,3190.55,3136.45,3176.75,133633
2017-03-15,3180.05,3200.0,3135.5,3190.25,112104
2017-03-16,3197.0,3238.2,3196.35,3225.05,112687
2017-03-17,3225.0,3254.9,3215.0,3247.55,88403
2017-03-20,3252.4,3264.35,3240.0,3251.75,55472
2017-03-21,3240.0,3321.0,3240.0,3294.35,396452
2017-03-22,3262.0,3345.75,3262.0,3325.75,220078
2017-03-23,3327.0,3354.35,3279.9,3295.75,94164
2017-03-24,3299.15,3321.0,3283.05,3298.15,70642
2017-03-27,3300.0,3330.0,3292.15,3304.1,77175
2017-03-28,3309.7,3366.85,3304.4,3339.55,100546
2017-03-29,3343.3,3415.5,3326.9,3391.4,152285
2017-03-30,3382.0,3422.5,3380.6,3395.15,979257
2017-03-31,3380.0,3432.95,3331.05,3374.0,198473
2017-04-03,3377.0,3422.1,3272.8,3391.7,94308
2017-04-05,3397.0,3401.55,3350.0,3375.9,195676
2017-04-06,3375.9,3394.45,3347.45,3357.15,113256
2017-04-07,3350.0,3377.3,3340.0,3357.45,51704
2017-04-10,3355.0,3425.0,3350.0,3416.85,68269
2017-04-11,3419.7,3453.75,3382.2,3402.8,93869
2017-04-12,3380.0,3460.1,3377.8,3449.0,167440
2017-04-13,3450.0,3452.6,3391.0,3403.8,60999
2017-04-17,3403.45,3405.8,3372.55,3385.3,45551
2017-04-18,3370.65,3416.05,3353.8,3368.5,113302
2017-04-19,3365.05,3447.45,3339.2,3431.25,92994
2017-04-20,3436.9,3440.0,3368.2,3379.35,67261
2017-04-21,3382.1,3407.65,3368.0,3376.55,83775
2017-04-24,3360.0,3395.8,3360.0,3388.15,40315
2017-04-25,3398.0,3489.0,3387.35,3477.45,137458
2017-04-26,3490.0,3598.0,3460.0,3553.4,312937
2017-04-27,3550.0,3609.0,3446.8,3555.05,176133
2017-04-28,3555.05,3639.0,3548.25,3624.55,164858
2017-05-02,3610.0,3644.4,3555.65,3573.95,93731
2017-05-03,3580.15,3630.0,3513.3,3580.5,107101
2017-05-04,3574.95,3620.0,3565.35,3592.1,119681
2017-05-05,3592.1,3599.6,3516.45,3529.35,48124
2017-05-08,3541.95,3563.95,3514.05,3542.95,36456
2017-05-09,3534.0,3603.95,3519.05,3592.95,94431
2017-05-10,3587.0,3721.8,3587.0,3711.3,334682
2017-05-11,3690.0,3744.0,3685.2,3708.35,163452
2017-05-12,3705.0,3735.0,3661.8,3704.25,62309
2017-05-15,3704.0,3799.5,3680.05,3741.55,118393
2017-05-16,3741.55,3774.0,3707.0,3752.85,109624
2017-05-17,3752.0,3753.7,3660.0,3669.6,67562
2017-05-18,3685.6,3685.6,3546.1,3555.45,71006
2017-05-19,3599.85,3670.0,3563.0,3582.7,143736
2017-05-22,3621.9,3697.0,3603.2,3633.45,106318
2017-05-23,3655.0,3683.9,3580.05,3594.2,132716
2017-05-24,3605.0,3615.85,3471.9,3533.3,99686
2017-05-25,3570.0,3570.0,3451.2,3517.8,169440
2017-05-26,3514.0,3545.0,3402.2,3415.85,443050
2017-05-29,3408.4,3460.0,3371.5,3418.4,196170
2017-05-30,3439.7,3450.0,3378.3,3425.45,246655
2017-05-31,3417.0,3548.0,3417.0,3532.65,209500
2017-06-01,3585.0,3611.0,3540.0,3605.9,202808
2017-06-02,3629.9,3665.0,3560.0,3591.6,149771
2017-06-05,3591.6,3714.0,3591.6,3643.3,251302
2017-06-06,3653.7,3672.0,3595.85,3627.35,136038
2017-06-07,3637.6,3675.0,3600.2,3643.6,129708
2017-06-08,3643.6,3659.0,3620.65,3639.3,45391
2017-06-09,3648.0,3699.0,3641.25,3673.0,145415
2017-06-12,3665.0,3706.4,3614.0,3626.65,81208
2017-06-13,3648.75,3648.75,3605.0,3626.1,53018
2017-06-14,3646.0,3646.0,3580.5,3613.55,50245
2017-06-15,3620.0,3630.0,3554.25,3564.8,87880
2017-06-16,3564.8,3578.0,3523.0,3568.95,139835
2017-06-19,3570.0,3623.55,3570.0,3592.25,58925
2017-06-20,3578.85,3618.7,3569.0,3583.8,90804
2017-06-21,3580.0,3690.0,3560.0,3670.3,89140
2017-06-22,3700.0,3700.0,3632.5,3641.75,150785
2017-06-23,3641.75,3667.6,3606.5,3649.5,101713
2017-06-27,3678.6,3678.6,3613.45,3647.55,83695
2017-06-28,3645.0,3675.6,3590.05,3636.15,128578
2017-06-29,3638.45,3697.0,3601.0,3637.2,90710
2017-06-30,3622.2,3711.85,3619.4,3690.05,239851
2017-07-03,3726.0,3746.6,3679.0,3703.75,74453
2017-07-04,3710.1,3767.9,3710.1,3748.05,122781
2017-07-05,3759.0,3769.0,3715.0,3733.45,113021
2017-07-06,3740.0,3750.0,3721.45,3731.4,123203
2017-07-07,3720.1,3721.95,3676.9,3692.35,119710
2017-07-10,3710.45,3748.8,3698.0,3715.95,17112
2017-07-11,3690.6,3735.15,3687.05,3697.05,82155
2017-07-12,3697.0,3724.7,3692.0,3702.15,180201
2017-07-13,3724.0,3763.9,3704.0,3727.6,63901
2017-07-14,3734.7,3734.7,3705.15,3719.2,38966
2017-07-17,3719.95,3733.0,3675.4,3697.7,54354
2017-07-18,3700.0,3758.0,3656.05,3742.95,65531
2017-07-19,3754.7,3839.0,3754.7,3806.2,262599
2017-07-20,3805.0,3835.0,3765.0,3791.1,207949
2017-07-21,3819.0,3845.0,3790.2,3834.05,120408
2017-07-24,3835.1,3868.0,3815.15,3829.45,101992
2017-07-25,3850.0,3853.3,3821.05,3850.5,97708
2017-07-26,3862.0,3862.0,3840.3,3850.6,78143
2017-07-27,3852.0,3918.4,3841.0,3875.9,140368
2017-07-28,3874.0,3928.35,3835.2,3906.65,119482
2017-07-31,3919.6,3956.6,3879.0,3921.6,127968
2017-08-01,3919.8,3958.0,3885.55,3907.5,114470
2017-08-02,3910.0,3929.0,3840.65,3864.1,160769
2017-08-03,3852.4,3890.0,3834.05,3873.95,74679
2017-08-04,3830.0,3937.5,3830.0,3917.4,96920
2017-08-07,3918.8,4211.85,3900.05,4107.8,891341
2017-08-08,4116.0,4141.15,3980.0,4072.35,375176
2017-08-09,4069.0,4074.9,3992.9,4058.9,174011
2017-08-10,4028.0,4233.95,4028.0,4119.2,326587
2017-08-11,4080.75,4157.0,4051.0,4101.95,148713
2017-08-14,4123.35,4206.25,4101.5,4160.0,99328
2017-08-16,4175.0,4311.95,4171.05,4299.95,294698
2017-08-17,4339.0,4339.85,4235.0,4250.5,170706
2017-08-18,4211.05,4283.95,4211.05,4251.45,80306
2017-08-21,4236.2,4277.4,4212.05,4229.8,96344
2017-08-22,4245.0,4258.95,4180.65,4198.85,106183
2017-08-23,4225.7,4267.7,4156.0,4247.15,118712
2017-08-24,4235.0,4274.4,4193.35,4214.1,123419
2017-08-28,4250.0,4258.85,4175.95,4188.3,150029
2017-08-29,4181.0,4219.25,4142.2,4172.6,165131
2017-08-30,4180.0,4262.5,4180.0,4241.35,101234
2017-08-31,4267.7,4272.0,4212.25,4230.95,134547
2017-09-01,4220.0,4260.3,4201.5,4243.95,96172
2017-09-04,4245.0,4259.0,4151.0,4219.65,114767
2017-09-05,4242.0,4271.85,4220.0,4260.6,137103
2017-09-06,4230.0,4257.0,4209.0,4247.85,115639
2017-09-07,4251.0,4295.0,4244.0,4261.1,114924
2017-09-08,4281.0,4350.0,4269.35,4288.25,139346
2017-09-11,4290.0,4330.0,4290.0,4297.3,71094
2017-09-12,4330.0,4338.5,4302.9,4317.2,113421
2017-09-13,4325.0,4360.0,4280.0,4329.95,92788
2017-09-14,4349.0,4349.0,4313.45,4340.65,94563
2017-09-15,4345.0,4380.85,4330.0,4357.0,139797
2017-09-18,4379.9,4409.0,4362.3,4388.45,217716
2017-09-19,4370.25,4395.0,4323.0,4370.2,108932
2017-09-20,4370.0,4386.95,4341.25,4351.05,47068
2017-09-21,4374.0,4374.0,4306.05,4328.1,80286
2017-09-22,4304.9,4345.7,4254.05,4270.3,192809
2017-09-25,4232.6,4318.45,4232.6,4281.1,133944
2017-09-26,4281.3,4340.0,4265.0,4326.0,105618
2017-09-27,4331.9,4357.35,4272.95,4301.75,157927
2017-09-28,4287.0,4375.0,4286.0,4339.7,176417
2017-09-29,4345.0,4356.1,4324.05,4344.25,156179
2017-10-03,4415.0,4415.0,4330.0,4340.05,72907
2017-10-04,4330.0,4398.0,4330.0,4341.85,113760
2017-10-05,4385.0,4385.0,4345.05,4363.65,74107
2017-10-06,4363.5,4370.0,4326.5,4361.85,100973
2017-10-09,4361.85,4393.15,4322.95,4344.5,184082
2017-10-10,4379.0,4390.4,4334.0,4348.6,87459
2017-10-11,4352.0,4399.0,4302.3,4375.95,322795
2017-10-12,4394.9,4578.5,4389.05,4544.45,426061
2017-10-13,4550.0,4656.0,4550.0,4582.2,355914
2017-10-16,4590.15,4617.7,4515.1,4540.1,111373
2017-10-17,4530.0,4640.0,4530.0,4615.3,106307
2017-10-18,4621.0,4725.0,4605.05,4685.85,179088
2017-10-19,4710.0,4725.0,4620.1,4636.25,14699
2017-10-23,4642.7,4746.95,4638.1,4655.2,121350
2017-10-24,4688.0,4688.0,4602.05,4625.85,72527
2017-10-25,4649.0,4659.9,4575.0,4644.25,153517
2017-10-26,4626.55,4663.55,4587.0,4604.65,150389
2017-10-27,4608.9,4654.6,4570.1,4597.35,93708
2017-10-30,4600.0,4767.45,4600.0,4745.9,157502
2017-10-31,4750.0,4770.0,4630.7,4639.5,119015
2017-11-01,4642.0,4745.55,4642.0,4697.25,135628
2017-11-02,4702.15,4723.75,4584.8,4658.65,84051
2017-11-03,4708.9,4708.9,4630.1,4658.1,57783
2017-11-06,4652.2,4700.45,4620.15,4643.05,120003
2017-11-07,4668.0,4742.0,4608.0,4649.0,204177
2017-11-08,4669.0,4687.35,4600.2,4653.5,99325
2017-11-09,4665.0,4799.8,4653.6,4757.95,172913
2017-11-10,4779.0,4917.8,4741.0,4873.0,243606
2017-11-13,4775.0,4926.6,4687.55,4882.3,334186
2017-11-14,4907.0,4915.15,4776.3,4788.35,279340
2017-11-15,4780.0,4825.0,4726.2,4749.75,97511
2017-11-16,4740.0,4816.05,4728.0,4736.7,129273
2017-11-17,4769.0,4829.85,4735.0,4750.05,199018
2017-11-20,4777.0,4799.0,4724.35,4763.2,159181
2017-11-21,4770.0,4843.95,4769.0,4816.9,150773
2017-11-22,4825.0,4836.45,4748.0,4775.15,121364
2017-11-23,4781.45,4810.0,4761.05,4782.35,71530
2017-11-24,4786.05,4794.55,4708.55,4742.0,145893
2017-11-27,4769.0,4823.95,4760.75,4796.9,194320
2017-11-28,4812.0,4853.7,4780.2,4794.7,151111
2017-11-29,4820.0,4831.05,4785.05,4811.15,152996
2017-11-30,4814.0,4882.0,4690.1,4815.6,3134564
2017-12-01,4841.05,4865.0,4764.6,4805.95,165765
2017-12-04,4765.0,4810.75,4750.0,4763.25,66290
2017-12-05,4763.25,4810.6,4735.3,4761.85,100160
2017-12-06,4794.9,4794.9,4715.25,4760.45,78353
2017-12-07,4770.0,4950.0,4765.05,4923.25,139902
2017-12-08,4949.95,4963.9,4836.0,4855.85,116782
2017-12-11,4870.1,4949.0,4837.8,4869.2,101345
2017-12-12,4876.0,4909.0,4826.0,4860.1,65982
2017-12-13,4860.0,4873.0,4795.2,4814.85,73277
2017-12-14,4847.5,4847.5,4660.0,4694.85,179526
2017-12-15,4748.2,4748.2,4681.05,4703.6,127802
2017-12-18,4710.65,4710.65,4598.4,4699.5,186521
2017-12-19,4715.0,4779.45,4678.3,4756.55,274186
2017-12-20,4770.0,4770.0,4715.0,4745.4,131605
2017-12-21,4730.15,4750.0,4706.0,4732.7,86067
2017-12-22,4807.0,4824.95,4735.0,4746.65,284509
2017-12-26,4775.0,4775.0,4726.3,4745.6,71374
2017-12-27,4745.6,4750.0,4723.85,4735.15,94250
2017-12-28,4741.1,4741.15,4656.1,4666.05,197527
2017-12-29,4666.05,4728.95,4666.0,4709.25,131579
2018-01-01,4750.0,4774.0,4715.2,4738.25,56160
2018-01-02,4738.25,4742.25,4644.0,4656.05,88399
2018-01-03,4659.0,4709.95,4656.55,4680.95,83023
2018-01-04,4659.0,4688.9,4610.15,4626.4,167350
2018-01-05,4662.0,4679.5,4614.35,4644.1,132058
2018-01-08,4660.0,4711.0,4627.65,4693.75,88415
2018-01-09,4700.0,4713.35,4624.85,4641.95,122140
2018-01-10,4656.85,4709.0,4631.5,4674.75,194379
2018-01-11,4670.0,4749.0,4632.0,4721.55,111728
2018-01-12,4735.0,4769.0,4661.35,4708.3,128637
2018-01-15,4708.3,4786.0,4705.0,4719.85,88732
2018-01-16,4724.0,4773.0,4601.0,4677.35,168099
2018-01-17,4680.0,4753.0,4640.05,4749.8,102842
2018-01-18,4759.7,4778.8,4606.0,4631.5,177923
2018-01-19,4665.0,4692.8,4630.0,4684.45,65593
2018-01-22,4675.0,4752.0,4670.0,4707.35,80901
2018-01-23,4685.0,4760.55,4649.25,4736.45,100355
2018-01-24,4736.4,4755.15,4681.05,4719.25,80067
2018-01-25,4719.2,4719.2,4601.0,4625.6,398317
2018-01-29,4640.0,4710.0,4607.0,4692.1,110221
2018-01-30,4669.0,4740.05,4640.2,4705.6,129166
2018-01-31,4690.0,4712.4,4647.2,4684.15,71887
2018-02-01,4684.25,4761.7,4655.85,4740.5,148844
2018-02-02,4675.5,4740.0,4577.0,4726.45,187184
2018-02-05,4699.0,4699.0,4560.0,4616.7,177420
2018-02-06,4500.0,4620.5,4400.0,4530.45,137134
2018-02-07,4614.9,4625.0,4493.05,4550.45,128288
2018-02-08,4549.85,4654.0,4515.5,4628.0,99666
2018-02-09,4526.05,4679.8,4526.05,4641.15,120741
2018-02-12,4670.0,4790.0,4670.0,4772.5,214757
2018-02-14,4865.0,4875.8,4746.35,4764.15,349962
2018-02-15,4787.8,4816.35,4701.55,4755.75,82826
2018-02-16,4801.0,4810.0,4736.0,4781.95,82784
2018-02-19,4781.5,4781.5,4695.9,4733.3,44981
2018-02-20,4728.0,4780.0,4725.0,4734.1,132678
2018-02-21,4775.0,4786.9,4739.6,4769.75,123451
2018-02-22,4774.0,4875.0,4751.35,4855.85,212453
2018-02-23,4900.0,4979.0,4875.1,4961.9,152705
2018-02-26,4965.6,4998.0,4944.05,4964.75,112351
2018-02-27,4975.0,5065.8,4910.5,4952.25,213517
2018-02-28,4930.0,5009.3,4897.3,4994.25,90480
2018-03-01,4985.0,4999.95,4920.0,4943.85,52535
2018-03-05,4912.0,4939.45,4891.4,4902.45,78734
2018-03-06,4895.0,4934.9,4787.05,4825.2,78178
2018-03-07,4825.0,4915.0,4780.0,4884.7,126922
2018-03-08,4905.5,4917.5,4822.25,4848.4,134037
2018-03-09,4869.0,4880.0,4824.25,4841.8,188502
2018-03-12,4875.0,4895.0,4820.75,4866.8,73006
2018-03-13,4860.55,4895.0,4832.35,4869.95,109033
2018-03-14,4850.25,4855.0,4806.0,4823.75,104396
2018-03-15,4843.0,4896.0,4812.4,4868.25,303199
2018-03-16,4869.95,4895.0,4840.0,4860.6,151921
2018-03-19,4862.0,4869.95,4803.0,4815.55,111828
2018-03-20,4820.0,4835.0,4806.0,4825.05,161626
2018-03-21,4820.0,4856.0,4820.0,4834.45,202332
2018-03-22,4855.0,4870.0,4820.5,4838.2,88523
2018-03-23,4811.0,4870.0,4790.0,4839.65,136672
2018-03-26,4840.05,4870.0,4838.95,4858.0,96252
2018-03-27,4875.0,4985.75,4863.85,4964.8,242626
2018-03-28,4964.8,5004.0,4904.2,4970.6,263016
2018-04-02,4998.0,5117.7,4974.4,5107.05,145858
2018-04-03,5118.0,5119.0,5044.6,5099.8,107419
2018-04-04,5057.0,5084.8,4991.0,5024.4,134190
2018-04-05,5025.0,5074.7,5011.0,5067.85,102027
2018-04-06,5089.95,5199.95,5050.0,5178.25,136390
2018-04-09,5182.0,5207.0,5136.55,5162.9,62539
2018-04-10,5164.0,5177.5,5060.0,5134.25,74257
2018-04-11,5139.9,5161.35,5106.0,5135.35,43801
2018-04-12,5133.0,5203.0,5110.0,5162.85,111689
2018-04-13,5220.0,5236.15,5158.6,5208.9,146845
2018-04-16,5212.9,5338.0,5185.85,5312.35,95667
2018-04-17,5337.0,5420.45,5314.25,5342.1,196397
2018-04-18,5368.0,5388.4,5321.0,5361.65,64895
2018-04-19,5367.0,5419.25,5346.15,5395.8,64526
2018-04-20,5396.0,5400.95,5299.5,5322.35,44036
2018-04-23,5350.0,5364.8,5304.45,5313.05,90845
2018-04-24,5330.0,5343.1,5251.1,5297.2,58099
2018-04-25,5300.0,5452.5,5277.25,5375.3,95281
2018-04-26,5380.0,5412.05,5345.1,5373.4,92425
2018-04-27,5390.0,5495.85,5378.35,5460.75,88432
2018-04-30,5463.0,5536.45,5460.0,5513.2,64749
2018-05-02,5545.0,5565.5,5408.8,5425.05,72079
2018-05-03,5460.0,5460.0,5320.0,5337.1,76051
2018-05-04,5350.0,5427.25,5301.0,5384.5,112650
2018-05-07,5384.5,5500.05,5384.5,5472.7,75816
2018-05-08,5490.0,5500.0,5383.25,5444.7,53753
2018-05-09,5419.0,5452.55,5389.1,5401.5,62836
2018-05-10,5400.45,5426.15,5345.5,5386.45,100146
2018-05-11,5400.0,5492.4,5400.0,5477.7,62116
2018-05-14,5510.0,5510.0,5413.2,5464.1,40024
2018-05-15,5500.0,5507.7,5416.3,5454.8,138868
2018-05-16,5430.0,5585.0,5335.65,5542.2,239001
2018-05-17,5550.0,5570.0,5441.05,5476.75,133262
2018-05-18,5509.0,5640.0,5480.25,5597.05,153209
2018-05-21,5607.0,5671.0,5478.9,5521.6,111240
2018-05-22,5549.45,5630.0,5520.3,5604.4,111681
2018-05-23,5620.0,5735.0,5600.0,5715.7,194505
2018-05-24,5703.35,5791.9,5682.0,5718.2,131895
2018-05-25,5720.0,5850.0,5706.05,5827.5,117461
2018-05-28,5878.75,5878.75,5793.0,5842.95,68241
2018-05-29,5854.7,5868.0,5778.25,5805.1,84912
2018-05-30,5753.4,5819.55,5736.0,5789.85,110349
2018-05-31,5800.0,6015.8,5760.0,5923.95,310385
2018-06-01,5974.0,5974.0,5794.2,5812.45,122383
2018-06-04,5837.4,5864.05,5710.6,5766.2,117493
2018-06-05,5755.55,5840.0,5755.55,5811.8,73104
2018-06-06,5805.0,5889.0,5805.0,5876.95,68662
2018-06-07,5910.0,6017.0,5888.1,5993.3,122120
2018-06-08,6016.0,6016.0,5888.05,5917.65,88448
2018-06-11,5927.0,5964.25,5901.0,5910.45,69237
2018-06-12,5910.45,5955.0,5860.55,5946.6,45399
2018-06-13,5935.1,6080.0,5935.1,6017.15,99138
2018-06-14,6047.0,6047.0,5971.0,6001.75,76768
2018-06-15,6015.0,6179.45,5995.3,6136.6,179270
2018-06-18,6133.7,6133.7,6059.9,6074.0,117358
2018-06-19,6060.0,6082.95,5922.05,5976.55,95392
2018-06-20,5998.4,6055.5,5970.0,5995.55,129644
2018-06-21,6000.0,6029.95,5950.0,5962.7,75986
2018-06-22,5968.9,5998.0,5895.05,5959.45,92010
2018-06-25,5974.0,6049.9,5960.0,5977.4,64843
2018-06-26,6006.0,6081.8,5963.0,6050.1,112561
2018-06-27,6086.0,6129.0,6048.0,6087.6,136945
2018-06-28,6124.0,6148.0,6055.55,6129.55,128134
2018-06-29,6150.0,6257.95,6112.3,6213.75,157611
2018-07-02,6227.0,6267.95,6170.15,6232.95,80300
2018-07-03,6259.6,6259.6,6186.05,6216.55,93841
2018-07-04,6210.05,6319.1,6210.05,6299.75,98954
2018-07-05,6349.0,6369.0,6294.2,6307.3,72016
2018-07-06,6290.0,6359.5,6281.0,6309.9,117338
2018-07-09,6311.0,6407.15,6300.0,6382.85,61585
2018-07-10,6410.0,6425.05,6370.25,6389.7,91974
2018-07-11,6408.0,6408.95,6308.0,6357.75,147138
2018-07-12,6399.95,6431.2,6322.25,6405.65,143855
2018-07-13,6390.0,6500.0,6390.0,6475.1,110345
2018-07-16,6500.0,6567.0,6499.95,6532.7,86137
2018-07-17,6545.0,6574.2,6414.55,6426.9,108677
2018-07-18,6451.0,6475.05,6310.0,6365.8,107259
2018-07-19,6365.0,6396.4,6283.25,6372.3,98624
2018-07-20,6376.0,6434.7,6311.0,6358.15,96932
2018-07-23,6400.0,6472.4,6365.0,6435.95,84956
2018-07-24,6465.0,6495.0,6398.0,6466.45,79014
2018-07-25,6499.0,6524.0,6430.0,6444.0,54286
2018-07-26,6489.0,6494.55,6414.55,6450.3,107976
2018-07-27,6444.0,6500.0,6370.0,6385.2,69954
2018-07-30,6425.0,6425.0,6205.65,6331.45,193623
2018-07-31,6379.9,6560.0,6291.45,6542.2,172339
2018-08-01,6580.0,6625.0,6424.95,6489.85,153538
2018-08-02,6480.0,6549.0,6439.05,6457.4,116150
2018-08-03,6520.0,6522.0,6368.2,6392.7,172250
2018-08-06,6440.0,6488.0,6264.85,6326.7,599659
2018-08-07,6334.0,6366.55,6170.0,6200.4,349661
2018-08-08,6231.6,6317.0,6216.05,6301.4,191596
2018-08-09,6320.0,6358.55,6280.55,6335.4,130713
2018-08-10,6363.0,6363.0,6281.1,6343.75,109136
2018-08-13,6343.0,6451.0,6313.0,6430.65,162185
2018-08-14,6450.0,6494.4,6424.55,6459.5,168094
2018-08-16,6469.0,6520.0,6426.1,6494.15,147947
2018-08-17,6519.3,6640.45,6479.2,6629.9,201564
2018-08-20,6669.0,6786.8,6650.0,6771.4,144712
2018-08-21,6795.0,6914.2,6710.05,6857.45,220391
2018-08-23,6918.0,6934.35,6831.7,6900.15,162550
2018-08-24,6890.0,6890.0,6765.0,6773.45,137918
2018-08-27,6786.6,6860.0,6781.5,6804.95,65394
2018-08-28,6843.9,6858.45,6819.0,6845.65,77653
2018-08-29,6851.0,6851.0,6726.2,6735.8,94975
2018-08-30,6735.8,6776.0,6565.2,6690.0,150461
2018-08-31,6690.6,6780.0,6650.05,6736.75,109689
2018-09-03,6790.0,6814.95,6532.0,6565.85,85052
2018-09-04,6536.4,6608.65,6299.7,6344.05,204423
2018-09-05,6268.0,6319.75,6050.0,6185.0,373314
2018-09-06,6199.95,6318.95,6121.15,6194.45,182782
2018-09-07,6240.9,6274.4,6175.8,6229.1,86779
2018-09-11,6102.6,6110.55,5920.15,5940.05,212047
2018-09-14,6069.0,6150.0,6000.0,6112.3,261343
2018-09-17,6108.0,6108.0,5976.55,6021.75,147524
2018-09-18,6022.5,6155.4,6002.45,6066.4,237839
2018-09-19,6128.0,6128.0,5930.0,5959.9,133237
2018-09-21,5975.1,6004.95,5370.05,5790.75,370746
2018-09-24,5837.5,5837.5,5562.5,5602.0,195731
2018-09-25,5625.0,5811.3,5482.05,5773.85,234101
2018-09-26,5870.0,5875.0,5650.0,5681.9,190517
2018-09-27,5685.0,5766.0,5625.0,5699.8,232482
2018-09-28,5794.0,5890.0,5534.2,5823.5,443009
2018-10-01,5860.0,5880.0,5701.0,5843.55,172996
2018-10-03,5824.0,5834.65,5702.0,5739.4,133506
2018-10-04,5698.0,5698.0,5550.4,5625.35,318749
2018-10-05,5615.0,5615.0,5380.15,5447.7,259162
2018-10-08,5389.0,5569.9,5347.15,5543.5,229770
2018-10-09,5648.0,5678.9,5446.15,5511.25,319083
2018-10-10,5475.0,5750.0,5464.05,5708.5,137220
2018-10-11,5525.0,5662.45,5490.6,5570.2,137391
2018-10-12,5669.45,5789.0,5621.3,5757.5,217736
2018-10-15,5784.0,5784.95,5620.0,5671.6,194475
2018-10-16,5711.45,5770.0,5620.0,5700.5,98159
2018-10-17,5759.0,5777.65,5505.1,5541.05,189478
2018-10-19,5548.0,5594.0,5475.0,5563.5,170777
2018-10-22,5617.0,5622.5,5551.0,5580.15,95343
2018-10-23,5569.0,5601.1,5452.25,5484.55,192201
2018-10-24,5525.5,5584.0,5310.0,5360.15,242295
2018-10-25,5310.0,5409.6,5256.0,5309.3,248108
2018-10-26,5339.45,5389.0,5257.2,5320.5,133717
2018-10-29,5317.8,5449.0,5302.65,5398.25,94078
2018-10-30,5420.0,5467.0,5375.4,5447.9,134636
2018-10-31,5467.0,5666.05,5439.05,5644.1,212100
2018-11-01,5680.0,5717.85,5565.0,5583.05,125930
2018-11-02,5621.0,5725.0,5580.0,5601.0,126788
2018-11-05,5614.0,5731.45,5611.0,5714.5,91500
2018-11-06,5724.5,5799.0,5651.2,5721.25,115086
2018-11-07,5742.25,5820.0,5742.25,5810.45,38903
2018-11-09,5834.0,5889.0,5701.0,5746.45,221124
2018-11-12,5767.5,5822.4,5583.4,5757.55,348845
2018-11-13,5780.0,5840.0,5656.0,5812.55,180903
2018-11-14,5860.0,5863.0,5731.6,5770.75,154593
2018-11-15,5794.0,5828.0,5732.05,5818.15,61253
2018-11-16,5833.0,5990.0,5790.0,5947.65,225943
2018-11-19,5990.0,6024.0,5940.0,5989.55,184068
2018-11-20,5970.0,6005.9,5840.85,5888.7,108251
2018-11-21,5910.0,6025.0,5910.0,6004.65,197972
2018-11-22,6010.0,6060.4,5980.0,6008.7,174523
2018-11-26,6038.0,6058.9,5951.0,6008.05,174104
2018-11-27,6019.9,6080.0,5966.0,6035.05,215434
2018-11-28,6070.0,6070.0,5950.5,5961.75,124414
2018-11-29,3016.0,3045.0,2985.0,3032.35,414182
2018-11-30,3040.9,3197.0,3040.8,3169.75,954568
2018-12-03,3175.0,3188.9,3081.35,3094.5,311813
2018-12-04,3100.2,3128.75,3056.1,3093.1,329006
2018-12-05,3090.0,3109.4,3065.05,3093.0,205221
2018-12-06,3078.9,3078.9,2980.0,2986.35,302116
2018-12-07,2986.35,3013.85,2950.0,3005.35,155500
2018-12-10,2984.95,3000.0,2930.0,2980.65,197626
2018-12-11,2970.0,3009.9,2940.0,2997.2,198219
2018-12-12,3001.8,3074.0,3000.25,3056.5,261560
2018-12-13,3088.0,3157.95,3083.15,3143.2,401085
2018-12-14,3139.7,3171.1,3097.45,3135.75,187229
2018-12-17,3159.75,3170.0,3114.0,3163.2,228526
2018-12-18,3157.0,3183.0,3130.0,3168.7,230834
2018-12-19,3179.9,3245.0,3170.0,3228.85,425672
2018-12-20,3207.7,3234.75,3160.15,3170.85,205790
2018-12-21,3199.0,3200.0,3107.1,3119.8,359201
2018-12-24,3120.5,3157.0,3082.15,3100.55,245822
2018-12-26,3086.4,3114.0,3041.0,3088.95,159442
2018-12-27,3110.0,3124.95,3062.0,3075.4,240314
2018-12-28,3083.0,3114.35,3080.95,3098.5,169577
2018-12-31,3105.15,3120.0,3083.0,3115.4,184698
2019-01-01,3120.0,3128.9,3080.0,3103.05,140863
2019-01-02,3100.0,3131.0,3081.2,3116.85,152324
2019-01-03,3116.85,3177.0,3097.4,3135.9,311498
2019-01-04,3137.95,3159.2,3105.55,3122.7,170818
2019-01-07,3137.1,3155.0,3125.0,3143.8,152966
2019-01-08,3155.0,3155.0,3080.0,3089.55,217274
2019-01-09,3114.0,3119.85,3081.0,3092.65,257227
2019-01-10,3100.0,3100.0,3073.0,3088.95,229690
2019-01-11,3090.0,3116.75,3079.6,3096.85,353709
2019-01-14,3102.0,3124.0,3063.0,3113.65,154975
2019-01-15,3120.15,3199.9,3095.0,3183.9,278642
2019-01-16,3184.0,3204.9,3145.0,3175.75,182044
2019-01-17,3181.0,3212.0,3175.05,3207.1,154540
2019-01-18,3214.85,3217.35,3134.25,3171.35,161433
2019-01-21,3170.0,3198.55,3136.5,3148.4,174710
2019-01-22,3150.0,3174.95,3130.15,3153.65,156085
2019-01-23,3177.0,3229.0,3161.05,3203.85,286992
2019-01-24,3217.0,3225.0,3190.55,3216.85,148520
2019-01-25,3221.0,3270.0,3193.05,3206.65,325166
2019-01-28,3210.5,3222.0,3131.0,3203.45,216799
2019-01-29,3197.0,3197.0,3152.5,3180.05,179979
2019-01-30,3197.0,3222.0,3180.1,3208.8,116521
2019-01-31,3231.95,3231.95,3189.2,3197.7,255273
2019-02-01,3201.0,3286.0,3201.0,3251.0,387188
2019-02-04,3251.35,3280.4,3228.2,3266.0,140277
2019-02-05,3278.0,3316.0,3150.1,3167.05,503959
2019-02-06,3188.5,3199.95,3105.05,3181.4,313476
2019-02-07,3210.0,3230.0,3174.1,3214.1,374133
2019-02-08,3138.5,3210.0,3095.0,3110.0,640983
2019-02-11,3120.0,3132.3,3055.3,3107.55,265355
2019-02-12,3105.0,3107.0,3001.0,3008.6,515301
2019-02-13,3015.0,3034.8,2907.0,2923.4,504157
2019-02-14,2915.0,2949.0,2900.0,2924.6,288540
2019-02-15,2945.0,2945.0,2846.0,2858.35,374811
2019-02-18,2860.0,2939.0,2759.0,2911.7,700981
2019-02-19,2910.2,2975.95,2851.0,2873.55,484180
2019-02-20,2884.0,2930.0,2884.0,2922.3,271061
2019-02-21,2943.95,3018.0,2935.0,3001.6,724297
2019-02-22,3008.0,3057.3,2972.7,3012.8,313430
2019-02-25,3013.2,3077.0,2982.0,3048.2,336072
2019-02-26,3056.0,3092.95,3018.25,3073.5,568492
2019-02-27,3080.0,3108.95,3023.35,3058.6,393442
2019-02-28,3071.0,3098.6,3032.9,3056.9,447041
2019-03-01,3083.0,3090.35,3062.3,3077.25,217420
2019-03-05,3065.2,3100.25,3060.0,3068.85,246280
2019-03-06,3086.95,3086.95,3009.0,3026.85,383038
2019-03-07,3045.0,3069.0,3028.7,3043.85,254411
2019-03-08,3041.0,3079.5,3021.0,3071.2,190651
2019-03-11,3086.0,3139.5,3066.5,3133.45,336189
2019-03-12,3165.9,3178.8,3120.9,3135.15,413123
2019-03-13,3136.0,3150.0,3093.9,3126.95,298030
2019-03-14,3135.0,3170.0,3116.0,3149.4,293230
2019-03-15,3160.0,3169.0,3054.7,3066.55,403251
2019-03-18,3090.0,3134.9,3060.1,3123.35,238905
2019-03-19,3128.0,3138.85,3084.0,3125.4,184380
2019-03-20,3126.8,3135.0,3079.4,3088.1,257001
2019-03-22,3094.0,3117.9,3088.0,3098.6,197654
2019-03-25,3074.75,3099.0,3061.1,3090.75,224948
2019-03-26,3100.0,3132.0,3060.0,3099.15,340645
2019-03-27,3117.0,3117.0,3078.0,3096.9,360838
2019-03-28,3092.0,3118.5,3028.0,3096.55,3470524
2019-03-29,3120.0,3139.0,3045.0,3085.5,595114
2019-04-01,3104.95,3109.0,3044.0,3049.85,497409
2019-04-02,3056.0,3059.6,2980.4,2994.2,378147
2019-04-03,2990.0,3013.5,2955.2,2990.1,439719
2019-04-04,3001.95,3055.0,2984.15,3041.8,464430
2019-04-05,3048.0,3051.05,2985.75,2994.05,387504
2019-04-08,3000.0,3013.95,2964.5,2971.5,293053
2019-04-09,2973.1,2988.75,2942.5,2962.9,350181
2019-04-10,2969.9,2995.0,2951.3,2958.8,377556
2019-04-11,2964.0,2974.05,2940.0,2946.05,276801
2019-04-12,2952.0,2990.0,2944.0,2984.3,261483
2019-04-15,2998.0,3008.0,2972.0,2998.45,221766
2019-04-16,3000.0,3030.0,2998.0,3020.5,258557
2019-04-18,3029.85,3029.85,2988.15,2997.75,155314
2019-04-22,2989.0,3014.0,2971.0,3000.15,150447
2019-04-23,3002.0,3013.95,2986.35,2991.0,138140
2019-04-24,2988.0,2997.55,2952.05,2978.2,222279
2019-04-25,2988.0,2999.0,2962.65,2969.25,163138
2019-04-26,2990.0,2990.0,2955.0,2967.7,121340
2019-04-30,2970.0,2974.9,2876.05,2896.05,458803
2019-05-02,2927.0,2959.95,2772.0,2783.05,1439763
2019-05-03,2782.95,2803.85,2690.0,2696.15,1857697
2019-05-06,2699.0,2699.0,2654.45,2666.0,764919
2019-05-07,2683.0,2720.5,2644.7,2650.55,1182277
2019-05-08,2656.6,2667.1,2615.85,2649.5,723429
2019-05-09,2637.0,2689.8,2637.0,2672.4,457843
2019-05-10,2680.0,2725.0,2673.0,2688.55,471289
2019-05-13,2695.0,2707.6,2668.55,2676.55,332869
2019-05-14,2675.9,2723.0,2658.05,2697.6,403041
2019-05-15,2700.0,2709.95,2660.0,2687.75,322361
2019-05-16,2699.8,2737.0,2677.8,2716.2,307180
2019-05-17,2719.85,2785.1,2710.0,2779.25,533790
2019-05-20,2839.0,2840.0,2781.0,2801.2,442704
2019-05-21,2800.0,2867.4,2794.1,2848.7,490607
2019-05-22,2861.0,2878.0,2817.5,2852.65,393507
2019-05-23,2874.0,2890.0,2827.1,2838.7,262582
2019-05-24,2845.0,2867.0,2808.2,2851.05,227827
2019-05-27,2870.0,2905.0,2858.05,2896.55,267259
2019-05-28,2910.0,2925.0,2880.0,2887.0,441693
2019-05-29,2887.5,2930.0,2871.0,2917.0,248043
2019-05-30,2921.0,2937.05,2874.6,2887.15,225789
2019-05-31,2895.0,2970.0,2889.6,2921.95,577546
2019-06-03,2936.0,3000.0,2935.9,2970.2,535064
2019-06-04,2970.2,2985.0,2951.0,2963.1,211082
2019-06-06,2965.3,2977.95,2881.8,2901.35,333116
2019-06-07,2905.0,2919.3,2860.0,2899.3,285268
2019-06-10,2909.7,3005.0,2909.7,2994.3,477974
2019-06-11,3005.0,3010.0,2970.0,2980.3,282227
2019-06-12,2979.95,3005.0,2960.95,2996.9,203661
2019-06-13,2989.3,2994.6,2952.0,2984.55,213532
2019-06-14,2972.0,2986.15,2954.45,2964.1,117529
2019-06-17,2964.1,2977.9,2891.1,2899.2,234062
2019-06-18,2905.0,2905.0,2860.0,2867.25,302729
2019-06-19,2872.0,2904.5,2850.0,2875.7,258721
2019-06-20,2850.0,2870.85,2796.55,2834.05,425859
2019-06-21,2835.0,2874.45,2805.0,2826.7,363700
2019-06-24,2830.0,2865.0,2771.05,2780.5,369267
2019-06-25,2776.0,2818.35,2753.6,2807.7,304799
2019-06-26,2805.0,2813.45,2700.0,2732.9,1387720
2019-06-27,2740.0,2764.6,2720.0,2725.9,964520
2019-06-28,2735.0,2768.0,2732.0,2743.7,363938
2019-07-01,2750.1,2771.0,2732.0,2737.55,282998
2019-07-02,2741.05,2777.0,2734.3,2769.25,242283
2019-07-03,2779.0,2819.0,2765.45,2794.7,454114
2019-07-04,2790.0,2850.0,2789.0,2841.35,346395
2019-07-05,2858.0,2862.9,2811.9,2824.85,361520
2019-07-08,2829.9,2834.95,2771.05,2781.15,302972
2019-07-09,2770.0,2778.4,2730.15,2762.65,314268
2019-07-10,2762.0,2805.0,2742.9,2769.55,356987
2019-07-11,2780.0,2790.9,2757.0,2765.15,206136
2019-07-12,2763.0,2800.0,2750.75,2780.6,186082
2019-07-15,2795.0,2795.0,2755.0,2773.6,150530
2019-07-16,2770.0,2777.0,2737.6,2747.15,221663
2019-07-17,2753.95,2809.95,2748.0,2797.8,306989
2019-07-18,2800.0,2844.0,2787.55,2820.85,477907
2019-07-19,2836.35,2836.65,2712.1,2749.15,403725
2019-07-22,2755.0,2773.3,2718.0,2734.5,209576
2019-07-23,2739.0,2749.95,2701.0,2730.2,242451
2019-07-24,2729.0,2740.0,2620.05,2641.45,525583
2019-07-25,2635.65,2685.0,2631.1,2671.55,771878
2019-07-26,2665.0,2684.85,2616.55,2668.45,393941
2019-07-29,2661.75,2689.3,2652.6,2672.3,245049
2019-07-30,2675.0,2696.95,2592.5,2617.05,354859
2019-07-31,2621.0,2632.0,2540.3,2605.0,487675
2019-08-01,2590.0,2620.6,2575.05,2600.9,332895
2019-08-02,2588.9,2625.0,2555.0,2594.4,347132
2019-08-05,2585.95,2597.0,2542.85,2578.35,211393
2019-08-06,2563.0,2611.75,2538.3,2550.55,404564
2019-08-07,2551.0,2565.05,2530.0,2540.55,308676
2019-08-08,2558.8,2590.0,2536.85,2577.6,286738
2019-08-09,2590.9,2644.35,2522.3,2588.15,1430286
2019-08-13,2565.0,2565.0,2491.0,2511.9,731080
2019-08-14,2549.7,2549.7,2470.0,2478.9,466208
2019-08-16,2500.0,2505.0,2442.0,2499.45,734216
2019-08-19,2520.0,2520.0,2471.1,2478.4,586547
2019-08-20,2470.0,2470.0,2371.0,2393.5,1174827
2019-08-21,2389.0,2405.0,2300.0,2384.5,1700962
2019-08-22,2393.5,2477.0,2393.0,2440.75,1252406
2019-08-23,2425.4,2502.0,2402.2,2466.65,629497
2019-08-26,2500.0,2547.8,2483.55,2533.85,748623
2019-08-27,2535.35,2724.3,2530.0,2685.9,2211174
2019-08-28,2700.0,2743.25,2672.05,2703.1,1149926
2019-08-29,2703.2,2737.0,2651.5,2676.85,535368
2019-08-30,2690.0,2726.45,2687.5,2701.65,507782
2019-09-03,2699.0,2763.15,2683.1,2707.85,716548
2019-09-04,2710.0,2747.55,2626.0,2635.45,752108
2019-09-05,2651.0,2705.0,2640.0,2678.65,931162
2019-09-06,2695.4,2721.3,2646.2,2668.0,478053
2019-09-09,2669.9,2694.8,2650.2,2682.7,298664
2019-09-11,2696.0,2704.0,2660.0,2666.4,334013
2019-09-12,2666.4,2683.15,2647.65,2677.0,310751
2019-09-13,2681.0,2682.0,2642.0,2674.6,245991
2019-09-16,2660.0,2730.0,2646.1,2715.05,428246
2019-09-17,2720.0,2740.95,2678.8,2692.45,604927
2019-09-18,2668.7,2668.7,2588.2,2613.85,832018
2019-09-19,2618.0,2653.2,2590.0,2621.8,499689
2019-09-20,2633.0,2883.0,2602.55,2867.0,1324910
2019-09-23,2960.0,3583.75,2951.0,3053.65,1743589
2019-09-24,3100.0,3115.0,3055.0,3080.2,809417
2019-09-25,3079.95,3090.3,3001.0,3036.0,582998
2019-09-26,3058.0,3105.0,3050.0,3092.8,514054
2019-09-27,3100.05,3109.7,3005.95,3015.1,432428
2019-09-30,3010.0,3023.95,2930.1,2944.15,553451
2019-10-01,2952.0,2987.4,2900.15,2919.55,474514
2019-10-03,2914.8,2919.0,2850.0,2902.95,285265
2019-10-04,2915.0,2931.35,2835.1,2845.15,313496
2019-10-07,2857.85,2968.75,2851.45,2953.35,969709
2019-10-09,2971.8,3074.65,2926.9,3058.5,1037068
2019-10-10,3060.1,3061.0,3001.0,3037.75,422209
2019-10-11,3048.9,3096.95,3043.3,3081.95,510119
2019-10-14,3093.95,3124.0,3068.95,3109.65,350920
2019-10-15,3129.1,3193.65,3112.35,3181.1,583008
2019-10-16,3185.0,3185.0,3155.0,3176.75,271629
2019-10-17,3176.0,3266.35,3160.0,3247.85,673820
2019-10-18,3227.85,3259.2,3222.55,3252.35,230815
2019-10-22,3220.1,3291.9,3220.1,3248.05,435837
2019-10-23,3260.0,3344.5,3253.0,3294.7,591914
2019-10-24,3312.0,3342.0,3260.25,3283.8,401741
2019-10-25,3298.85,3298.85,3247.0,3267.1,213353
2019-10-29,3273.0,3367.0,3259.0,3352.5,458464
2019-10-30,3373.0,3399.0,3276.0,3290.1,496662
2019-10-31,3298.6,3343.55,3255.0,3266.6,488894
2019-11-01,3295.0,3295.0,3236.7,3268.55,320106
2019-11-04,3290.0,3299.0,3227.0,3239.85,283144
2019-11-05,3255.0,3280.0,3202.3,3231.75,330794
2019-11-06,3239.85,3257.85,3191.0,3227.85,347320
2019-11-07,3249.0,3256.6,3204.9,3223.8,288996
2019-11-08,3228.0,3245.45,3143.0,3158.0,376182
2019-11-11,3157.0,3195.0,3110.0,3119.55,464906
2019-11-13,3271.0,3299.0,3200.0,3269.75,1853222
2019-11-14,3274.9,3274.9,3200.0,3230.8,515326
2019-11-15,3230.2,3260.0,3185.15,3195.55,261412
2019-11-18,3203.0,3217.15,3126.0,3140.9,429862
2019-11-19,3140.9,3158.35,3110.0,3120.35,261351
2019-11-20,3120.0,3135.0,3060.0,3116.3,504339
2019-11-21,3113.0,3113.0,3061.65,3072.65,295648
2019-11-22,3062.25,3072.0,3016.15,3022.65,349622
2019-11-25,3025.5,3045.0,3004.3,3040.6,437144
2019-11-26,3048.0,3083.0,3041.0,3055.25,620959
2019-11-27,3060.0,3100.0,3060.0,3091.1,235618
2019-11-28,3110.4,3110.4,3060.0,3098.25,234706
2019-11-29,3085.0,3095.0,3050.0,3057.7,221117
2019-12-02,3057.7,3089.95,3051.55,3069.7,387666
2019-12-03,3069.7,3116.0,3027.15,3048.3,522267
2019-12-04,3039.9,3067.35,3023.55,3049.25,263755
2019-12-05,3064.4,3094.65,3041.0,3082.9,278358
2019-12-06,3090.05,3098.2,3059.7,3069.6,206989
2019-12-09,3084.8,3084.8,3047.45,3058.4,206624
2019-12-10,3066.05,3079.0,3042.1,3059.35,185130
2019-12-11,3052.1,3064.0,3030.3,3041.0,315341
2019-12-12,3048.6,3080.0,3030.2,3073.55,254614
2019-12-13,3095.0,3096.0,3035.0,3054.4,249099
2019-12-16,3059.9,3087.85,3042.75,3050.9,369764
2019-12-17,3060.0,3075.5,3050.0,3071.95,212811
2019-12-18,3070.0,3121.15,3053.35,3099.2,405982
2019-12-19,3097.9,3123.0,3090.05,3112.75,259885
2019-12-20,3095.0,3155.95,3062.45,3122.25,766343
2019-12-23,3100.0,3129.7,3077.8,3091.8,259919
2019-12-24,3096.0,3114.45,3084.0,3091.05,166800
2019-12-26,3090.0,3118.0,3054.15,3062.3,189043
2019-12-27,3079.0,3082.0,3021.0,3042.1,407653
2019-12-30,3050.0,3065.0,3035.1,3047.35,182858
2019-12-31,3046.0,3066.8,3020.0,3027.8,190885
2020-01-01,3044.7,3053.0,3027.4,3039.65,110561
2020-01-02,3047.0,3065.0,3043.05,3053.4,138428
2020-01-03,3045.0,3060.0,3025.65,3038.8,168305
2020-01-06,3030.0,3032.15,2995.05,3022.05,181158
2020-01-07,3033.9,3054.0,3028.0,3036.6,159307
2020-01-08,3020.0,3038.7,2995.0,3023.6,194024
2020-01-09,3047.2,3049.0,2995.1,3001.1,434270
2020-01-10,3014.95,3015.0,2978.05,2989.75,526254
2020-01-13,2995.0,3056.25,2987.3,3045.1,420792
2020-01-14,3058.0,3119.0,3037.15,3105.15,653300
2020-01-15,3120.0,3133.95,3092.9,3114.2,438959
2020-01-16,3116.0,3160.0,3115.0,3150.25,768872
2020-01-17,3155.0,3169.0,3114.35,3124.45,294064
2020-01-20,3143.0,3143.0,3104.4,3110.45,203111
2020-01-21,3100.0,3130.0,3077.25,3111.25,220943
2020-01-22,3125.5,3138.7,3088.9,3106.35,248578
2020-01-23,3103.85,3122.9,3068.1,3112.95,203032
2020-01-24,3113.15,3212.95,3112.05,3192.5,580192
2020-01-27,3187.0,3210.0,3155.0,3174.2,322446
2020-01-28,3182.9,3209.9,3136.5,3181.25,292577
2020-01-29,3200.0,3245.5,3190.05,3214.2,434882
2020-01-30,3208.95,3234.7,3192.45,3210.7,337850
2020-01-31,3242.7,3274.6,3186.85,3200.7,468850
2020-02-03,3097.6,3249.0,3092.35,3230.05,657504
2020-02-04,3235.0,3300.0,3188.0,3232.5,511585
2020-02-05,3269.8,3318.0,3243.7,3255.95,423733
2020-02-06,3260.35,3293.0,3236.35,3252.2,410631
2020-02-07,3256.0,3296.0,3237.1,3251.4,450061
2020-02-10,3270.0,3280.0,3125.0,3155.6,969115
2020-02-11,3179.95,3198.8,3124.2,3134.7,507516
2020-02-12,3124.2,3209.0,3124.2,3136.8,669153
2020-02-13,3132.0,3143.65,3105.2,3135.2,319421
2020-02-14,3116.0,3159.0,3090.3,3096.65,270506
2020-02-17,3095.0,3112.3,3072.05,3084.1,224912
2020-02-18,3080.0,3080.0,3020.0,3066.45,453173
2020-02-19,3082.1,3111.0,3040.0,3082.25,462922
2020-02-20,3079.8,3123.45,3052.25,3059.4,270720
2020-02-24,3059.0,3065.0,3005.0,3036.2,427352
2020-02-25,3040.0,3078.0,3018.0,3033.55,350415
2020-02-26,3025.1,3069.9,3016.7,3041.35,366302
2020-02-27,3036.95,3100.0,2960.0,3026.05,652385
2020-02-28,2983.0,3020.0,2917.0,2970.2,619510
2020-03-02,2995.0,3053.95,2925.0,2949.1,348147
2020-03-03,2970.0,3045.5,2965.0,3026.5,399770
2020-03-04,3048.0,3080.0,3028.0,3063.05,368498
2020-03-05,3082.6,3165.0,3076.1,3127.15,720100
2020-03-06,3084.9,3100.0,3013.25,3081.4,593374
2020-03-09,3045.0,3061.8,2968.5,2996.5,607257
2020-03-11,2982.2,3065.9,2944.1,3048.3,534597
2020-03-12,2945.0,2968.95,2785.05,2810.65,774263
2020-03-13,2700.0,3049.9,2410.0,2763.6,1108162
2020-03-16,2704.8,2744.65,2602.05,2709.0,791034
2020-03-17,2720.0,2795.75,2669.05,2686.0,567266
2020-03-18,2728.0,2744.95,2480.0,2501.95,649481
2020-03-19,2389.0,2404.0,2260.0,2318.15,786857
2020-03-20,2341.3,2500.9,2294.25,2467.8,742455
2020-03-23,2300.0,2422.4,2100.0,2137.85,613493
2020-03-24,2117.0,2450.0,2111.9,2364.7,929170
2020-03-25,2364.6,2511.6,2317.1,2451.4,1249005
2020-03-26,2471.55,2668.8,2417.3,2588.45,944116
2020-03-27,2690.0,2708.95,2505.0,2529.25,472582
2020-03-30,2465.25,2579.35,2442.75,2473.75,701815
2020-03-31,2579.95,2710.0,2490.0,2688.95,734769
2020-04-01,2700.0,2780.0,2505.0,2564.85,1167150
2020-04-03,2588.95,2610.0,2475.0,2563.25,726903
2020-04-07,2640.15,2878.7,2640.15,2834.5,1062855
2020-04-08,2829.0,2990.0,2759.0,2775.55,1037961
2020-04-09,2850.0,2850.0,2732.9,2801.7,893108
2020-04-13,2800.0,2800.0,2697.35,2706.15,501533
2020-04-15,2772.0,2908.5,2754.7,2837.35,1011691
2020-04-16,2837.5,2893.95,2815.0,2836.8,675907
2020-04-17,2884.0,2895.0,2802.2,2832.15,705271
2020-04-20,2860.1,2864.8,2801.0,2833.0,667917
2020-04-21,2779.9,2906.35,2733.15,2863.25,1129799
2020-04-22,2863.0,2969.7,2827.45,2952.65,737395
2020-04-23,2960.0,3245.0,2918.0,2947.4,3426363
2020-04-24,2980.0,3122.9,2956.0,3062.15,2613797
2020-04-27,3075.85,3290.0,3070.0,3242.05,1993378
2020-04-28,3277.0,3289.85,3160.0,3193.95,1379063
2020-04-29,3187.8,3238.75,3150.0,3156.8,1177520
2020-04-30,3195.0,3205.0,3150.0,3165.75,1021592
2020-05-04,3109.0,3160.0,3056.0,3092.95,591353
2020-05-05,3107.0,3126.0,2970.5,2978.75,905266
2020-05-06,2950.0,3065.0,2907.65,2987.7,995972
2020-05-07,2977.7,2980.0,2867.0,2915.35,994651
2020-05-08,2945.0,3037.0,2923.45,2994.65,1102857
2020-05-11,3029.0,3083.4,2991.85,3053.95,1095855
2020-05-12,3048.95,3123.2,3031.3,3107.3,1329390
2020-05-13,3180.0,3188.0,3057.5,3079.55,850975
2020-05-14,3065.0,3138.0,3031.7,3118.7,777257
2020-05-15,3146.9,3196.0,3115.0,3125.65,870248
2020-05-18,3110.0,3165.0,3098.1,3109.55,730350
2020-05-19,3130.2,3147.9,3086.05,3104.0,537217
2020-05-20,3110.6,3159.0,3106.85,3127.85,439150
2020-05-21,3120.1,3157.0,3099.0,3110.95,574325
2020-05-22,3104.0,3184.2,3080.0,3167.1,630580
2020-05-26,3200.0,3244.0,3141.0,3163.85,718134
2020-05-27,3170.0,3238.95,3141.0,3220.3,739328
2020-05-28,3217.5,3363.25,3189.35,3323.25,1453514
2020-05-29,3289.9,3417.0,3289.9,3378.85,1658714
2020-06-01,3416.0,3470.0,3401.0,3434.85,883460
2020-06-02,3434.9,3480.0,3400.0,3451.0,786444
2020-06-03,3601.0,3708.0,3471.2,3510.3,3415126
2020-06-04,3510.0,3555.0,3422.0,3450.35,1309771
2020-06-05,3475.0,3497.95,3402.2,3466.7,1200548
2020-06-08,3486.0,3513.25,3410.0,3426.8,768759
2020-06-09,3434.9,3469.9,3409.0,3415.7,567611
2020-06-10,3420.9,3447.6,3357.4,3377.0,628261
2020-06-11,3389.9,3403.45,3330.0,3370.35,673105
2020-06-12,3333.0,3443.0,3305.75,3366.05,1373475
2020-06-15,3351.0,3406.5,3343.45,3357.2,609721
2020-06-16,3381.05,3399.95,3330.0,3345.35,701355
2020-06-17,3357.85,3435.0,3355.05,3401.45,1100079
2020-06-18,3415.0,3457.0,3381.55,3404.25,898020
2020-06-19,3417.9,3450.0,3382.0,3438.55,782740
2020-06-22,3450.0,3475.0,3416.0,3421.2,735172
2020-06-23,3429.95,3504.9,3426.3,3467.05,765553
2020-06-24,3487.0,3504.9,3440.0,3446.4,573266
2020-06-25,3424.9,3474.4,3420.0,3450.4,546489
2020-06-26,3457.3,3499.9,3444.3,3456.4,448352
2020-06-29,3452.8,3544.85,3445.8,3519.25,940186
2020-06-30,3542.0,3615.0,3540.0,3603.8,1236537
2020-07-01,3605.0,3611.0,3536.0,3545.95,586225
2020-07-02,3553.0,3567.65,3512.05,3535.1,422319
2020-07-03,3549.5,3579.95,3515.0,3538.35,323231
2020-07-06,3560.0,3646.0,3541.0,3624.45,538078
2020-07-07,3636.0,3685.45,3580.0,3678.45,664348
2020-07-08,3675.55,3712.5,3630.0,3685.0,531417
2020-07-09,3690.0,3699.0,3650.0,3673.6,397351
2020-07-10,3669.6,3753.6,3655.35,3726.65,706136
2020-07-14,3795.55,3795.95,3729.0,3735.25,399210
2020-07-15,3742.0,3778.3,3711.7,3723.25,506574
2020-07-16,3729.0,3880.25,3689.55,3854.75,987220
2020-07-17,3900.0,3938.0,3766.8,3785.0,4503046
2020-07-20,3859.0,3993.0,3807.2,3982.65,3785159
2020-07-21,3999.0,4010.0,3875.0,3880.4,1880670
2020-07-22,3914.8,3924.4,3791.05,3805.05,1019300
2020-07-23,3825.0,3879.75,3820.0,3827.6,791770
2020-07-24,3824.95,3849.9,3768.0,3818.45,665233
2020-07-27,3845.0,3846.6,3762.4,3777.35,523512
2020-07-28,3780.3,3830.0,3763.35,3774.75,599914
2020-07-29,3797.7,3853.0,3780.0,3794.7,785425
2020-07-30,3818.4,3874.4,3790.5,3805.95,855542
2020-07-31,3811.0,3860.0,3801.1,3823.6,681895
2020-08-03,3827.0,3849.9,3768.1,3776.2,369180
2020-08-04,3800.0,3855.0,3785.0,3817.6,642559
2020-08-05,3839.9,3873.55,3827.95,3849.95,569216
2020-08-06,3865.0,3912.0,3845.0,3857.65,786063
2020-08-07,3865.0,3945.0,3850.0,3934.8,1061884
2020-08-10,3959.95,4005.0,3929.0,3942.8,826722
2020-08-11,3950.0,3970.0,3865.0,3879.55,422055
2020-08-12,3880.55,3885.0,3800.0,3809.75,619436
2020-08-13,3823.8,3857.85,3792.05,3808.25,513264
2020-08-14,3828.0,3840.0,3752.0,3801.35,537499
2020-08-17,3830.0,3895.0,3802.0,3868.65,987819
2020-08-18,3880.0,3940.0,3875.0,3914.3,768897
2020-08-19,3943.65,3949.0,3865.65,3875.4,505661
2020-08-20,3880.0,3910.2,3837.25,3868.1,523854
2020-08-21,3896.0,3912.0,3865.05,3882.75,401007
2020-08-24,3912.0,3926.0,3894.2,3908.35,444407
2020-08-25,3918.0,3929.95,3875.0,3896.85,358587
2020-08-26,3845.0,3857.35,3799.1,3829.25,608530
2020-08-27,3840.0,3853.35,3810.0,3816.6,385945
2020-08-28,3819.0,3827.6,3787.0,3793.85,512488
2020-08-31,3806.4,3811.0,3684.0,3726.05,600226
2020-09-01,3735.0,3787.75,3718.3,3771.0,387446
2020-09-02,3787.9,3813.6,3752.0,3799.2,305952
2020-09-03,3798.0,3808.75,3740.0,3746.85,414160
2020-09-04,3730.0,3809.0,3698.55,3705.85,759852
2020-09-07,3732.9,3750.0,3655.0,3724.05,437318
2020-09-08,3726.9,3762.45,3711.25,3731.6,379275
2020-09-09,3690.0,3749.0,3686.1,3738.3,332884
2020-09-10,3765.5,3765.5,3700.05,3719.25,357927
2020-09-11,3724.0,3828.0,3720.0,3772.25,829715
2020-09-14,3788.9,3796.0,3711.0,3719.5,397741
2020-09-15,3720.05,3766.5,3715.0,3734.1,366110
2020-09-16,3742.0,3860.0,3737.15,3844.5,917526
2020-09-17,3848.0,3890.95,3768.75,3815.65,741010
2020-09-18,3837.7,3839.75,3774.85,3797.5,947698
2020-09-21,3790.0,3795.0,3613.5,3629.3,604282
2020-09-22,3660.0,3678.0,3540.05,3588.0,670648
2020-09-23,3618.9,3652.9,3562.8,3624.9,405856
2020-09-24,3590.0,3655.0,3560.2,3612.75,517316
2020-09-25,3640.0,3716.95,3615.0,3686.4,507368
2020-09-28,3710.9,3778.0,3689.0,3737.35,390640
2020-09-29,3769.0,3796.0,3701.65,3736.85,449330
2020-09-30,3734.0,3825.0,3714.05,3798.15,535771
2020-10-01,3820.0,3827.95,3762.0,3808.6,336322
2020-10-05,3815.0,3857.8,3785.05,3830.45,460889
2020-10-06,3870.0,3879.95,3752.0,3765.85,666856
2020-10-07,3780.0,3838.0,3768.0,3785.95,590795
2020-10-08,3798.9,3825.0,3771.5,3794.7,371495
2020-10-09,3807.0,3818.65,3735.0,3745.1,347685
2020-10-12,3769.1,3774.3,3722.3,3731.5,286506
2020-10-13,3732.0,3786.3,3702.65,3745.65,368886
2020-10-14,3743.0,3801.8,3740.0,3789.8,545911
2020-10-15,3790.0,3835.95,3715.0,3731.0,526411
2020-10-16,3748.95,3779.0,3721.25,3747.2,263967
2020-10-19,3766.0,3795.0,3740.0,3772.45,473267
2020-10-20,3681.0,3694.0,3543.1,3553.15,3187477
2020-10-21,3580.0,3580.0,3382.0,3397.25,3538724
2020-10-22,3410.0,3493.35,3410.0,3458.35,2266246
2020-10-23,3480.0,3502.9,3442.05,3469.75,1022334
2020-10-26,3482.0,3505.55,3466.0,3485.4,893740
2020-10-27,3480.0,3588.0,3480.0,3572.25,1753963
2020-10-28,3572.2,3599.8,3524.95,3541.7,667035
2020-10-29,3538.0,3556.0,3498.0,3532.65,654253
2020-10-30,3540.0,3549.85,3460.65,3473.25,475859
2020-11-02,3483.0,3485.95,3391.15,3420.3,764391
2020-11-03,3445.0,3457.25,3390.0,3403.65,623300
2020-11-04,3423.0,3506.0,3411.9,3470.7,714800
2020-11-05,3512.0,3530.0,3465.45,3499.25,999876
2020-11-06,3510.0,3555.0,3489.65,3513.55,582470
2020-11-09,3548.0,3570.0,3513.55,3548.3,566460
2020-11-10,3572.0,3572.0,3445.85,3508.35,976298
2020-11-11,3509.0,3541.6,3453.05,3492.75,1141508
2020-11-12,3499.7,3525.95,3481.35,3515.3,615256
2020-11-13,3517.0,3541.45,3505.0,3514.45,473523
2020-11-17,3541.0,3550.0,3504.4,3509.8,694643
2020-11-18,3507.8,3521.95,3445.0,3500.35,914389
2020-11-19,3489.0,3549.0,3480.0,3511.35,739067
2020-11-20,3524.95,3577.75,3521.15,3552.1,1197247
2020-11-23,3575.0,3599.0,3552.0,3557.4,952758
2020-11-24,3575.0,3593.0,3531.7,3562.25,752974
2020-11-25,3570.6,3579.85,3531.5,3555.8,385590
2020-11-26,3569.8,3572.9,3490.0,3548.75,741800
2020-11-27,3563.85,3684.9,3503.1,3637.95,5383773
2020-12-01,3702.5,3702.5,3595.55,3629.35,1042234
2020-12-02,3637.0,3648.0,3560.0,3597.0,680870
2020-12-03,3647.0,3653.9,3608.05,3635.95,450558
2020-12-04,3637.0,3672.0,3612.0,3648.2,482933
2020-12-07,3650.0,3670.0,3612.1,3628.95,492080
2020-12-08,3639.4,3654.9,3617.65,3645.4,413743
2020-12-09,3648.9,3666.0,3619.1,3627.1,434686
2020-12-10,3627.1,3747.0,3624.0,3739.75,1443681
2020-12-11,3746.85,3777.0,3701.5,3732.75,695958
2020-12-14,3745.0,3792.0,3737.05,3776.95,685712
2020-12-15,3775.0,3797.7,3725.7,3765.55,648902
2020-12-16,3766.2,3786.0,3745.0,3752.6,466183
2020-12-17,3740.1,3767.0,3721.0,3729.75,488772
2020-12-18,3738.0,3759.8,3690.0,3720.5,1043126
2020-12-21,3719.0,3727.05,3534.85,3624.05,670146
2020-12-22,3620.0,3662.4,3541.1,3630.4,662139
2020-12-23,3641.6,3668.35,3605.25,3625.35,451656
2020-12-24,3655.0,3683.9,3590.05,3618.25,579767
2020-12-28,3635.0,3646.15,3598.0,3603.55,463358
2020-12-29,3614.0,3623.25,3575.1,3593.3,414932
2020-12-30,3602.25,3605.85,3564.0,3583.9,407808
2020-12-31,3580.65,3601.75,3562.1,3576.35,459383
2021-01-01,3575.0,3605.0,3563.05,3567.8,453083
2021-01-04,3589.0,3593.9,3537.0,3552.9,698402
2021-01-05,3549.0,3563.95,3540.0,3551.1,725278
2021-01-06,3568.0,3602.0,3510.0,3539.7,1099588
2021-01-07,3560.0,3567.95,3516.45,3552.8,621487
2021-01-08,3574.0,3589.95,3532.85,3575.25,961239
2021-01-11,3603.8,3625.0,3547.65,3612.85,1043630
2021-01-12,3624.0,3648.8,3586.3,3631.65,893653
2021-01-13,3640.0,3648.0,3600.0,3621.15,798273
2021-01-14,3623.0,3704.9,3619.6,3665.45,1192074
2021-01-15,3680.0,3685.0,3571.0,3609.05,597621
2021-01-18,3609.05,3665.0,3575.0,3607.85,826497
2021-01-19,3628.75,3649.85,3587.0,3601.25,594091
2021-01-20,3605.0,3641.0,3585.0,3592.3,607449
2021-01-21,3604.7,3666.55,3602.6,3630.8,834432
2021-01-22,3649.0,3690.0,3591.0,3608.0,791205
2021-01-25,3633.85,3639.85,3576.25,3613.55,467367
2021-01-27,3613.55,3649.9,3593.8,3610.75,646880
2021-01-28,3588.7,3650.0,3559.25,3603.75,643832
2021-01-29,3605.2,3620.8,3480.2,3501.1,733173
2021-02-01,3539.0,3557.9,3483.0,3520.75,544282
2021-02-02,3547.9,3554.0,3483.75,3501.25,869950
2021-02-03,3526.05,3544.0,3501.0,3516.5,786972
2021-02-04,3521.95,3608.05,3511.05,3580.0,958717
2021-02-05,3616.0,3616.0,3530.45,3541.65,1159183
2021-02-08,3601.0,3616.9,3464.1,3473.7,2388271
2021-02-09,3505.0,3505.0,3455.0,3462.4,951124
2021-02-10,3467.9,3485.1,3417.05,3424.85,893690
2021-02-11,3430.75,3470.0,3420.0,3462.75,873772
2021-02-12,3480.0,3489.0,3409.05,3421.25,618874
2021-02-15,3429.0,3445.0,3403.0,3417.0,513578
2021-02-16,3432.0,3432.35,3385.05,3389.45,693631
2021-02-17,3370.0,3404.85,3360.0,3364.0,866571
2021-02-18,3368.0,3390.95,3340.1,3359.45,616156
2021-02-19,3359.0,3383.0,3320.0,3331.2,765676
2021-02-22,3350.0,3373.75,3317.3,3341.2,666371
2021-02-23,3349.8,3368.0,3325.3,3335.95,484686
2021-02-24,3360.0,3415.0,3341.0,3405.55,512568
2021-02-25,3420.0,3425.7,3374.6,3405.0,586357
2021-02-26,3389.0,3408.95,3343.0,3363.75,748717
2021-03-01,3371.5,3420.0,3367.05,3411.8,377869
2021-03-02,3411.8,3450.0,3395.0,3447.95,383968
2021-03-03,3460.0,3487.15,3435.0,3481.15,409493
2021-03-04,3450.0,3514.8,3450.0,3501.9,537283
2021-03-05,3486.0,3506.65,3460.75,3491.75,612423
2021-03-08,3493.6,3508.95,3451.0,3463.2,463984
2021-03-09,3473.5,3489.15,3397.35,3426.75,589556
2021-03-10,3451.9,3489.0,3438.5,3480.35,270942
2021-03-12,3491.9,3493.85,3425.0,3434.25,344205
2021-03-15,3443.6,3456.55,3399.0,3450.4,311078
2021-03-16,3462.6,3500.0,3456.05,3489.1,383099
2021-03-17,3488.0,3499.0,3446.3,3467.9,378136
2021-03-18,3480.0,3487.9,3427.4,3439.65,430166
2021-03-19,3424.6,3494.85,3379.0,3466.6,1312375
2021-03-22,3440.1,3570.0,3440.1,3564.4,820046
2021-03-23,3570.0,3578.0,3525.0,3568.4,461046
2021-03-24,3536.0,3568.2,3522.0,3537.75,480657
2021-03-25,3535.0,3564.8,3429.0,3443.85,486516
2021-03-26,3455.35,3515.0,3455.35,3504.6,273033
2021-03-30,3514.0,3625.0,3510.05,3616.0,567450
2021-03-31,3616.0,3655.0,3592.5,3625.05,441583
2021-04-01,3635.0,3670.0,3610.25,3618.5,460658
2021-04-05,3635.0,3720.0,3630.0,3700.35,807938
2021-04-06,3708.0,3736.4,3680.0,3730.6,462351
2021-04-07,3732.0,3820.0,3711.55,3808.55,633677
2021-04-08,3780.0,3834.0,3761.05,3816.75,613388
2021-04-09,3816.75,3843.7,3790.0,3797.7,526934
2021-04-12,3777.95,3850.0,3750.0,3812.75,1108910
2021-04-13,3814.1,3847.0,3729.05,3746.0,411660
2021-04-15,3751.0,3799.9,3673.0,3692.7,494464
2021-04-16,3695.5,3733.95,3676.55,3696.5,251741
2021-04-19,3685.0,3755.0,3653.05,3742.8,560398
2021-04-20,3731.9,3752.75,3690.1,3729.9,331477
2021-04-22,3725.1,3766.0,3692.15,3752.0,424370
2021-04-23,3755.0,3760.9,3640.5,3650.3,491834
2021-04-26,3661.1,3662.0,3531.0,3539.2,1031406
2021-04-27,3572.7,3574.6,3517.0,3541.2,813608
2021-04-28,3488.0,3527.0,3469.0,3478.75,1498181
2021-04-29,3496.75,3505.9,3447.0,3468.9,611087
2021-04-30,3460.0,3468.35,3437.0,3449.0,436187
2021-05-03,3439.1,3478.7,3431.6,3439.25,570022
2021-05-04,3432.0,3462.0,3420.0,3435.85,337838
2021-05-05,3441.1,3458.9,3436.25,3451.6,234116
2021-05-06,3452.0,3491.5,3439.7,3452.05,384450
2021-05-07,3484.7,3484.7,3452.25,3461.25,189156
2021-05-10,3478.0,3478.0,3403.5,3413.8,694001
2021-05-11,3413.8,3434.7,3396.05,3418.4,455412
2021-05-12,3404.0,3445.0,3401.15,3439.55,252497
2021-05-14,3450.0,3524.5,3438.2,3501.45,677498
2021-05-17,3518.95,3533.9,3496.05,3507.25,338003
2021-05-18,3525.2,3533.9,3480.0,3525.45,474368
2021-05-19,3535.0,3555.0,3516.05,3534.4,688416
2021-05-20,3500.0,3517.7,3415.0,3422.55,1046540
2021-05-21,3449.0,3449.0,3418.0,3435.75,521688
2021-05-24,3459.0,3459.0,3371.4,3379.1,1643611
2021-05-25,3385.0,3447.0,3385.0,3439.5,1318946
2021-05-26,3441.05,3453.85,3413.05,3416.0,373186
2021-05-27,3430.0,3437.5,3400.05,3414.65,444547
2021-05-28,3417.0,3449.0,3410.0,3423.45,249529
2021-05-31,3428.75,3458.4,3427.25,3447.85,352802
2021-06-01,3458.0,3469.1,3442.0,3446.75,236580
2021-06-02,3446.75,3486.0,3446.05,3475.25,420074
2021-06-03,3480.0,3499.5,3467.4,3496.25,380896
2021-06-04,3500.0,3512.0,3480.0,3489.3,312826
2021-06-07,3506.5,3555.0,3478.5,3542.6,357312
2021-06-08,3544.5,3622.0,3542.6,3601.75,787313
2021-06-09,3598.0,3608.35,3557.1,3574.7,546202
2021-06-10,3571.0,3611.6,3555.0,3576.3,355092
2021-06-11,3575.0,3595.0,3551.0,3557.9,301375
2021-06-14,3557.9,3598.0,3510.45,3591.25,312420
2021-06-15,3593.35,3640.5,3593.0,3631.85,451019
2021-06-16,3631.05,3644.8,3605.05,3639.45,232534
2021-06-17,3625.9,3663.0,3609.5,3658.15,300185
2021-06-18,3661.4,3679.0,3595.0,3619.2,731807
2021-06-21,3600.0,3653.95,3581.1,3648.85,231475
2021-06-22,3650.0,3665.0,3616.0,3650.9,235555
2021-06-23,3652.0,3684.3,3631.0,3659.3,378997
2021-06-24,3659.3,3704.85,3651.0,3689.1,385390
2021-06-28,3670.05,3685.0,3643.0,3667.25,181793
2021-06-29,3655.0,3667.1,3610.05,3657.15,357263
2021-06-30,3675.0,3690.0,3632.95,3649.65,428387
2021-07-01,3640.0,3661.0,3580.65,3595.8,612678
2021-07-02,3609.0,3609.0,3535.0,3545.3,292855
2021-07-05,3564.0,3584.5,3512.4,3523.55,519061
2021-07-06,3526.0,3533.85,3508.65,3519.0,282115
2021-07-07,3521.0,3542.0,3506.0,3521.35,524482
2021-07-08,3499.0,3525.9,3473.25,3491.4,627227
2021-07-09,3491.0,3518.0,3468.0,3475.95,595359
2021-07-12,3482.2,3500.0,3464.1,3470.4,146119
2021-07-13,3488.75,3489.45,3465.1,3485.5,182918
2021-07-14,3474.0,3488.15,3454.15,3485.75,458955
2021-07-15,3503.0,3503.0,3455.5,3460.85,264604
2021-07-16,3460.0,3472.7,3437.1,3441.0,399006
2021-07-19,3440.4,3457.5,3426.1,3450.15,226731
2021-07-20,3455.0,3466.95,3426.5,3433.55,152954
2021-07-22,3449.5,3449.5,3415.0,3425.3,389457
2021-07-23,3427.0,3452.5,3425.3,3439.8,247778
2021-07-26,3439.95,3498.0,3431.0,3482.0,433827
2021-07-27,3496.0,3504.85,3435.15,3450.75,210607
2021-07-28,3469.0,3469.0,3410.0,3424.1,352127
2021-07-29,3424.2,3428.95,3402.0,3405.6,321411
2021-07-30,3424.0,3440.0,3378.0,3423.4,988317
2021-08-02,3446.7,3542.0,3440.05,3504.65,1887580
2021-08-03,3550.0,3579.0,3531.0,3573.2,1326045
2021-08-04,3579.0,3599.0,3540.0,3578.3,478788
2021-08-05,3578.3,3617.7,3547.6,3611.15,497146
2021-08-06,3611.15,3620.0,3590.1,3604.0,258380
2021-08-09,3619.9,3649.0,3606.25,3636.1,444706
2021-08-10,3636.1,3644.0,3611.5,3637.2,249493
2021-08-11,3637.2,3648.95,3571.1,3625.5,233115
2021-08-12,3634.4,3642.95,3607.5,3620.8,232971
2021-08-13,3620.8,3644.1,3575.1,3579.55,323144
2021-08-16,3570.0,3673.95,3553.05,3655.3,348972
2021-08-17,3670.0,3707.6,3668.0,3696.5,579154
2021-08-18,3708.8,3730.0,3686.95,3720.75,426843
2021-08-20,3640.0,3967.5,3635.3,3895.95,1567252
2021-08-23,3910.0,3964.65,3850.6,3866.25,645088
2021-08-24,3874.85,3892.0,3795.5,3812.2,437167
2021-08-25,3812.2,3898.0,3797.0,3842.8,360778
2021-08-26,3825.2,3946.95,3825.2,3930.9,1114234
2021-08-27,3944.7,3972.95,3911.75,3941.55,475524
2021-08-30,3960.0,3993.55,3932.2,3986.35,466524
2021-08-31,3995.0,4027.3,3960.0,3997.5,688613
2021-09-01,3984.6,4025.9,3963.85,4015.35,352460
2021-09-02,4015.0,4104.0,4002.05,4086.1,525680
2021-09-03,4105.0,4134.7,4073.15,4124.2,426377
2021-09-06,4144.4,4149.3,4061.0,4079.05,312608
2021-09-07,4096.9,4129.6,4080.0,4095.45,259534
2021-09-08,4079.8,4087.9,4015.7,4061.4,236283
2021-09-09,4058.8,4118.8,4050.1,4070.8,295134
2021-09-13,4070.8,4103.0,4058.8,4093.85,171201
2021-09-14,4097.0,4153.0,4082.4,4101.5,419441
2021-09-15,4105.2,4135.0,4071.05,4086.35,218163
2021-09-16,4086.35,4120.0,4039.8,4073.05,243636
2021-09-17,4077.4,4115.0,4041.0,4051.85,621517
2021-09-20,4035.0,4115.0,4000.0,4084.5,291097
2021-09-21,4062.2,4111.55,4053.0,4075.55,424258
2021-09-22,4082.0,4105.0,4049.1,4058.5,259937
2021-09-23,4060.0,4075.45,4017.5,4042.35,322858
2021-09-24,4040.0,4098.95,4030.0,4042.9,373614
2021-09-27,4049.9,4064.6,4000.0,4009.6,248898
2021-09-29,3982.0,4019.9,3959.15,3972.75,332446
2021-09-30,3972.0,3993.0,3940.3,3948.95,217501
2021-10-01,3958.8,3958.8,3885.0,3921.1,181917
2021-10-04,3910.0,3967.25,3881.0,3892.9,372752
2021-10-05,3894.0,3905.25,3865.5,3882.2,131731
2021-10-06,3893.0,3993.15,3882.25,3938.6,409840
2021-10-07,3959.8,3963.65,3877.45,3900.6,187556
2021-10-08,3915.0,3929.0,3846.85,3883.3,316870
2021-10-12,3821.0,3874.75,3815.0,3867.95,253262
2021-10-14,3912.0,3925.0,3881.0,3894.85,299078
2021-10-18,3960.0,3960.0,3825.0,3837.35,256837
2021-10-21,3798.5,3798.5,3680.0,3714.35,335589
2021-10-25,3690.0,3696.55,3617.7,3631.05,289025
2021-10-26,3649.0,3705.05,3605.85,3692.8,326825
2021-10-27,3700.9,3731.2,3681.45,3697.85,441016
2021-10-28,3725.0,3728.7,3654.0,3681.9,193658
2021-10-29,3681.0,3708.95,3641.05,3675.75,283538
2021-11-03,3695.0,3699.8,3618.05,3629.85,185296
2021-11-04,3658.0,3666.5,3639.35,3652.6,23648
2021-11-08,3666.0,3728.85,3620.0,3717.7,336938
2021-11-09,3590.0,3639.0,3535.15,3621.6,1399094
2021-11-10,3629.45,3720.0,3600.0,3698.5,706755
2021-11-11,3699.1,3718.0,3633.3,3643.4,298625
2021-11-12,3668.6,3701.95,3641.25,3687.95,275060
2021-11-15,3700.0,3747.6,3674.0,3742.6,320669
2021-11-16,3751.0,3760.0,3681.0,3690.75,199179
2021-11-17,3690.75,3699.95,3607.8,3615.05,250996
2021-11-18,3644.8,3644.8,3555.0,3571.6,248828
2021-11-22,3589.0,3628.5,3570.0,3581.6,364653
2021-11-23,3577.8,3670.0,3574.0,3662.15,365672
2021-11-24,3660.0,3674.0,3610.0,3623.35,149025
2021-11-25,3610.5,3633.8,3566.0,3573.4,232784
2021-11-26,3560.0,3635.1,3533.95,3555.3,372530
2021-11-29,3550.0,3550.0,3469.1,3528.6,281082
2021-11-30,3514.0,3565.0,3501.1,3545.5,633377
2021-12-01,3550.5,3606.7,3528.0,3535.25,312855
2021-12-02,3540.0,3607.3,3530.0,3578.5,377041
2021-12-03,3557.0,3593.45,3550.0,3553.75,313990
2021-12-06,3556.0,3581.1,3490.0,3496.2,165986
2021-12-07,3502.05,3529.0,3467.0,3474.2,254445
2021-12-08,3489.95,3582.45,3483.0,3575.75,326189
2021-12-09,3565.0,3634.45,3564.0,3623.9,284117
2021-12-10,3623.9,3642.0,3604.4,3632.45,190379
2021-12-13,3641.0,3658.35,3576.95,3588.75,311904
2021-12-14,3580.0,3597.45,3543.05,3579.65,297867
2021-12-15,3571.0,3579.6,3521.5,3541.6,152079
2021-12-16,3550.0,3571.65,3536.65,3560.6,121782
2021-12-17,3546.0,3556.0,3500.0,3536.15,307396
2021-12-21,3473.9,3541.35,3461.05,3505.75,222991
2021-12-22,3522.0,3538.6,3484.6,3497.0,257611
2021-12-23,3503.1,3560.0,3502.0,3554.6,163291
2021-12-24,3560.0,3565.0,3519.0,3541.3,136780
2021-12-27,3540.0,3544.55,3506.7,3513.2,94111
2021-12-28,3531.0,3562.0,3511.1,3550.65,99497
2021-12-29,3550.65,3569.8,3525.2,3559.6,163737
2021-12-30,3570.0,3586.0,3526.05,3573.9,167005
2021-12-31,3586.0,3623.2,3569.05,3606.0,244207
2022-01-03,3610.0,3626.0,3582.2,3617.55,149689
2022-01-04,3623.0,3643.85,3610.0,3638.45,317247
2022-01-05,3638.0,3689.0,3633.05,3659.7,245395
2022-01-06,3659.7,3686.95,3625.8,3675.1,340345
2022-01-07,3685.0,3742.0,3682.85,3737.35,241905
2022-01-10,3737.35,3778.0,3727.9,3768.3,351447
2022-01-12,3750.0,3759.75,3691.0,3700.2,311095
2022-01-13,3700.2,3759.95,3691.3,3749.05,129143
2022-01-14,3749.05,3754.9,3695.3,3712.05,97013
2022-01-17,3697.0,3712.8,3642.35,3665.15,170221
2022-01-18,3668.0,3694.7,3611.1,3621.9,168104
2022-01-19,3620.0,3627.55,3565.0,3575.65,129227
2022-01-20,3590.0,3624.0,3576.5,3605.15,173547
2022-01-21,3606.0,3629.0,3575.7,3618.3,162594
2022-01-24,3610.0,3626.55,3505.0,3523.85,240598
2022-01-25,3502.0,3565.45,3430.25,3539.3,306411
2022-01-28,3494.15,3595.0,3494.15,3509.65,249034
2022-01-31,3510.0,3636.0,3510.0,3535.3,462842
2022-02-01,3560.0,3710.0,3545.05,3656.6,631482
2022-02-02,3670.0,3670.0,3604.8,3621.05,209928
2022-02-03,3622.0,3652.0,3555.0,3562.4,203975
2022-02-04,3583.45,3593.7,3540.0,3562.0,162672
2022-02-07,3561.95,3579.8,3440.0,3448.6,279194
2022-02-08,3441.0,3490.0,3418.4,3473.45,363856
2022-02-09,3509.0,3540.7,3473.45,3517.35,172750
2022-02-10,3522.0,3543.85,3485.0,3534.55,172088
2022-02-11,3499.0,3509.35,3429.0,3480.55,340217
2022-02-14,3428.0,3455.0,3388.05,3398.0,209831
2022-02-15,3425.0,3490.0,3400.0,3477.9,209065
2022-02-16,3480.0,3498.8,3435.0,3462.0,190567
2022-02-17,3482.6,3483.0,3430.0,3464.1,173362
2022-02-18,3450.0,3495.0,3444.15,3481.65,121161
2022-02-21,3431.1,3500.0,3430.0,3475.25,138287
2022-02-22,3405.0,3498.0,3405.0,3489.75,246372
2022-02-23,3497.75,3530.0,3470.0,3511.15,326853
2022-02-25,3435.0,3444.0,3350.4,3422.75,722637
2022-02-28,3405.0,3440.0,3327.35,3427.45,426929
2022-03-02,3420.95,3420.95,3371.75,3391.75,416582
2022-03-03,3405.0,3439.55,3350.0,3366.4,429892
2022-03-04,3350.0,3394.85,3275.0,3371.35,331936
2022-03-08,3115.0,3180.0,3050.0,3113.75,541966
2022-03-09,3144.0,3170.0,3093.7,3123.85,483468
2022-03-10,3225.0,3248.0,3144.8,3222.95,490457
2022-03-11,3250.0,3256.6,3192.8,3199.9,362091
2022-03-14,3199.9,3215.0,3145.1,3185.85,335292
2022-03-15,3186.0,3249.0,3181.65,3222.85,258636
2022-03-16,3244.0,3318.35,3232.25,3313.65,239522
2022-03-17,3322.0,3362.0,3300.55,3355.95,436218
2022-03-21,3350.0,3350.0,3230.0,3237.55,354460
2022-03-22,3230.0,3250.0,3132.25,3158.4,583821
2022-03-23,3167.4,3173.85,3092.0,3102.25,1044283
2022-03-24,3087.0,3130.0,3080.55,3103.85,459226
2022-03-25,3110.0,3122.75,3074.1,3094.5,339040
2022-03-28,3094.5,3118.95,3060.05,3094.8,310240
2022-03-29,3112.0,3134.0,3090.2,3103.8,359318
2022-03-30,3123.65,3160.0,3114.65,3148.4,450273
2022-03-31,3149.3,3218.5,3147.3,3206.4,413897
2022-04-01,3210.0,3237.9,3191.65,3230.65,260712
2022-04-04,3230.0,3276.4,3215.0,3270.0,275388
2022-04-05,3280.0,3314.95,3271.9,3303.4,236853
2022-04-06,3282.0,3295.0,3254.65,3282.5,245111
2022-04-07,3275.0,3322.0,3265.65,3294.1,302703
2022-04-08,3287.0,3354.3,3287.0,3347.9,168952
2022-04-11,3347.9,3370.0,3297.05,3350.65,186130
2022-04-12,3340.0,3364.9,3302.3,3344.1,238043
2022-04-13,3340.0,3388.0,3340.0,3349.65,205852
2022-04-18,3345.0,3367.9,3306.05,3343.9,197878
2022-04-19,3343.9,3388.0,3245.3,3267.9,296680
2022-04-20,3266.0,3335.0,3242.0,3304.2,235572
2022-04-21,3297.0,3369.95,3274.4,3359.9,152205
2022-04-22,3341.3,3377.5,3325.0,3364.1,148494
2022-04-25,3280.0,3347.05,3132.05,3295.9,630312
2022-04-26,3308.3,3402.0,3301.3,3372.7,398545
2022-04-27,3350.0,3384.7,3312.15,3338.25,248769
2022-04-28,3270.0,3391.55,3263.1,3357.9,322548
2022-04-29,3360.1,3370.9,3266.5,3279.25,259398
2022-05-02,3242.0,3284.9,3203.0,3271.3,215783
2022-05-05,3410.0,3423.55,3260.0,3277.0,623098
2022-05-06,3245.0,3323.85,3187.1,3307.8,560373
2022-05-09,3282.5,3338.3,3225.0,3252.05,403409
2022-05-10,3261.0,3320.6,3235.0,3246.55,285192
2022-05-11,3240.0,3283.8,3195.0,3259.85,269579
2022-05-12,3225.5,3239.95,3156.9,3216.85,310942
2022-05-13,3225.0,3321.0,3225.0,3278.5,326757
2022-05-16,3337.0,3337.95,3253.4,3284.9,270772
2022-05-17,3289.0,3382.9,3285.45,3368.85,277190
2022-05-18,3350.0,3432.65,3350.0,3394.35,435712
2022-05-19,3365.0,3388.6,3308.05,3332.05,394058
2022-05-20,3360.0,3463.8,3352.0,3450.25,525530
2022-05-23,3451.25,3538.0,3451.25,3487.05,524978
2022-05-24,3515.0,3518.0,3440.0,3470.45,230532
2022-05-25,3491.7,3525.0,3472.15,3516.5,286553
2022-05-26,3550.0,3577.85,3513.5,3560.95,545260
2022-05-27,3583.0,3583.35,3510.25,3557.6,165721
2022-05-30,3561.4,3617.65,3541.6,3576.25,213495
2022-05-31,3576.6,3700.0,3555.25,3647.8,562987
2022-06-01,3649.1,3669.75,3533.0,3551.3,241386
2022-06-02,3570.0,3583.8,3505.75,3577.05,213099
2022-06-03,3575.0,3597.1,3493.0,3530.0,271462
2022-06-06,3530.0,3535.0,3450.05,3491.95,153889
2022-06-07,3465.0,3478.9,3354.0,3383.45,338018
2022-06-08,3385.0,3402.6,3310.0,3361.5,320103
2022-06-09,3361.15,3382.05,3306.0,3347.25,347351
2022-06-10,3316.0,3372.25,3301.1,3360.85,503822
2022-06-13,3339.0,3375.0,3310.95,3359.0,463899
2022-06-14,3359.55,3393.0,3330.05,3382.85,224645
2022-06-15,3388.0,3402.9,3352.05,3385.4,245702
2022-06-16,3400.1,3431.9,3372.05,3390.4,481507
2022-06-17,3390.4,3390.4,3300.3,3332.1,527370
2022-06-20,3300.0,3399.9,3270.95,3378.6,364703
2022-06-21,3378.6,3472.85,3375.05,3429.3,223641
2022-06-22,3412.0,3454.9,3386.2,3403.65,170854
2022-06-23,3414.95,3447.85,3390.5,3411.45,351311
2022-06-24,3429.0,3504.95,3429.0,3469.35,301133
2022-06-27,3502.0,3505.95,3447.25,3459.1,419730
2022-06-28,3455.0,3469.9,3388.05,3434.7,182574
2022-06-29,3434.7,3455.6,3360.0,3404.15,374478
2022-06-30,3380.0,3483.15,3380.0,3466.4,479308
2022-07-01,3412.0,3600.0,3412.0,3584.35,292487
2022-07-04,3575.0,3713.45,3575.0,3700.45,614359
2022-07-05,3709.0,3714.0,3636.0,3656.6,612519
2022-07-06,3650.15,3840.9,3642.25,3830.8,1043070
2022-07-07,3828.0,3882.1,3799.85,3810.25,519620
2022-07-08,3830.0,3850.95,3792.5,3816.95,379513
2022-07-11,3829.2,3840.4,3780.0,3795.4,208602
2022-07-13,3731.05,3762.1,3712.1,3726.0,164377
2022-07-14,3726.0,3789.0,3713.05,3774.15,265732
2022-07-15,3785.0,3862.8,3779.1,3848.9,660790
2022-07-18,3860.0,3880.0,3759.0,3774.95,455399
2022-07-19,3774.95,3797.1,3742.3,3787.45,228968
2022-07-20,3805.0,3849.0,3793.85,3828.3,440495
2022-07-21,3844.0,3865.75,3821.0,3855.5,282104
2022-07-22,3860.0,3929.0,3843.65,3871.45,433423
2022-07-25,3871.45,3915.0,3850.0,3885.9,290157
2022-07-26,3900.0,3900.0,3795.5,3807.15,267527
2022-07-27,3800.0,3863.9,3781.15,3854.55,200264
2022-07-28,3863.5,3882.0,3836.4,3869.35,316008
2022-07-29,3883.0,3949.35,3876.9,3900.4,418970
2022-08-01,3900.4,3916.0,3838.2,3855.65,323129
2022-08-02,3875.0,3909.0,3758.1,3788.15,355859
2022-08-03,3780.0,3793.35,3726.05,3770.0,428088
2022-08-04,3762.75,3792.0,3726.0,3775.05,506667
2022-08-05,3745.0,3835.9,3678.85,3688.1,798850
2022-08-10,3640.0,3674.8,3624.05,3647.75,191222
2022-08-11,3666.0,3682.8,3632.2,3640.3,167070
2022-08-12,3650.0,3667.3,3607.65,3659.75,228587
2022-08-16,3678.05,3723.95,3675.0,3690.45,239514
2022-08-17,3693.0,3714.95,3681.15,3705.2,353941
2022-08-18,3712.0,3726.95,3681.05,3693.05,232262
2022-08-19,3693.05,3709.45,3642.45,3662.55,177955
2022-08-22,3662.55,3733.0,3635.05,3676.45,366371
2022-08-23,3650.0,3704.95,3638.0,3678.7,189150
2022-08-24,3677.0,3688.0,3636.45,3659.15,187721
2022-08-25,3677.45,3678.2,3640.0,3646.6,208578
2022-08-26,3664.85,3668.0,3627.1,3650.15,220796
2022-08-29,3618.0,3730.0,3585.25,3707.65,525684
2022-08-30,3717.0,3766.15,3717.0,3747.75,467342
2022-09-01,3730.0,3745.4,3672.1,3718.15,314888
2022-09-02,3736.75,3758.9,3700.0,3704.25,202152
2022-09-05,3681.0,3715.0,3658.1,3662.6,234232
2022-09-06,3672.0,3692.6,3595.0,3608.8,390746
2022-09-07,3600.0,3674.8,3588.0,3667.9,287734
2022-09-08,3683.0,3687.0,3632.9,3672.65,384831
2022-09-09,3685.5,3700.0,3641.85,3649.5,134487
2022-09-13,3665.0,3765.0,3665.0,3757.7,398871
2022-09-14,3708.0,3761.7,3708.0,3747.0,389253
2022-09-15,3765.0,3789.0,3713.05,3721.55,311462
2022-09-16,3703.55,3741.4,3621.1,3639.55,559137
2022-09-19,3635.0,3642.15,3564.1,3592.35,211795
2022-09-20,3610.35,3665.0,3602.0,3650.6,346604
2022-09-21,3646.0,3789.0,3637.0,3765.65,773841
2022-09-22,3764.0,3835.45,3751.0,3825.95,687172
2022-09-23,3825.95,3842.8,3782.35,3796.7,326581
2022-09-26,3796.7,3827.85,3775.5,3787.5,626882
2022-09-27,3806.45,3889.8,3800.0,3824.15,584760
2022-09-28,3817.9,3868.0,3795.6,3853.2,364917
2022-09-29,3871.45,3873.0,3810.0,3864.5,450207
2022-09-30,3870.0,3887.65,3820.05,3843.05,309896
2022-10-03,3862.0,3878.2,3753.8,3768.95,251830
2022-10-04,3807.0,3826.65,3775.55,3818.15,153835
2022-10-06,3837.25,3847.65,3760.7,3767.55,308216
2022-10-07,3776.0,3795.0,3732.25,3785.65,318472
2022-10-10,3750.0,3812.0,3717.0,3797.85,185199
2022-10-11,3816.85,3820.7,3718.0,3727.9,202644
2022-10-12,3746.55,3774.4,3726.35,3763.0,271156
2022-10-13,3771.5,3794.0,3748.9,3784.6,156770
2022-10-14,3800.1,3814.9,3769.25,3796.25,350141
2022-10-17,3801.9,3801.9,3752.55,3777.7,93315
2022-10-18,3796.6,3804.95,3748.6,3766.85,189866
2022-10-19,3770.0,3789.5,3742.0,3768.5,182278
2022-10-20,3763.0,3802.9,3747.65,3790.15,230082
2022-10-21,3793.0,3814.55,3761.6,3792.7,404955
2022-10-25,3804.0,3804.9,3690.0,3713.1,228569
2022-10-27,3714.0,3769.9,3701.3,3755.3,317971
2022-10-28,3767.0,3792.0,3732.0,3777.7,215005
2022-10-31,3788.0,3800.0,3739.35,3766.55,198318
2022-11-01,3780.0,3808.6,3755.05,3788.0,338873
2022-11-02,3788.0,3794.4,3714.3,3723.95,185469
2022-11-03,3707.0,3760.55,3705.45,3748.05,140994
2022-11-04,3748.05,3814.95,3746.15,3804.2,258490
2022-11-07,3930.05,4190.0,3930.05,4139.25,3142443
2022-11-09,4140.0,4237.0,4140.0,4175.35,1198458
2022-11-10,4152.6,4189.65,4108.3,4134.65,417581
2022-11-11,4155.35,4177.0,4085.0,4098.65,344558
2022-11-14,4100.0,4153.5,4074.6,4103.95,336120
2022-11-16,4126.75,4145.0,4093.75,4131.5,149924
2022-11-17,4120.0,4150.0,4105.15,4125.2,238478
2022-11-18,4138.0,4138.0,4061.1,4106.05,281217
2022-11-21,4118.0,4149.0,4095.1,4120.05,288522
2022-11-22,4133.95,4164.25,4107.6,4157.6,319387
2022-11-23,4160.0,4194.05,4139.5,4155.15,247440
2022-11-24,4172.0,4209.55,4155.15,4191.2,231515
2022-11-25,4212.0,4212.0,4148.3,4183.7,244021
2022-11-28,4168.85,4229.3,4161.0,4213.05,222792
2022-11-29,4225.0,4302.0,4225.0,4285.35,598884
2022-11-30,4297.95,4387.9,4290.05,4362.3,1101544
2022-12-01,4364.55,4410.5,4335.35,4401.25,501703
2022-12-02,4400.0,4444.05,4380.3,4432.9,530333
2022-12-05,4422.85,4427.65,4370.0,4403.35,212913
2022-12-06,4398.9,4451.65,4382.05,4424.35,349352
2022-12-07,4424.35,4435.0,4383.35,4393.55,252294
2022-12-08,4393.55,4442.65,4384.2,4394.9,282421
2022-12-09,4402.0,4426.4,4384.2,4410.3,233437
2022-12-12,4419.05,4439.05,4384.0,4432.55,233360
2022-12-13,4452.0,4452.0,4410.0,4426.55,158169
2022-12-14,4440.0,4446.0,4390.1,4409.7,195654
2022-12-15,4428.3,4485.0,4412.0,4465.45,370501
2022-12-16,4459.5,4477.15,4416.7,4444.7,346508
2022-12-19,4455.0,4537.0,4423.5,4526.5,330662
2022-12-20,4529.0,4533.95,4467.05,4509.05,206833
2022-12-21,4509.05,4530.0,4406.15,4418.85,303234
2022-12-22,4444.0,4446.35,4377.0,4391.45,243325
2022-12-23,4375.15,4398.95,4324.1,4331.9,224215
2022-12-26,4315.5,4399.9,4313.8,4375.35,166686
2022-12-27,4380.7,4400.0,4350.0,4369.25,138087
2022-12-28,4362.0,4407.45,4362.0,4385.95,159245
2022-12-29,4375.0,4389.75,4296.55,4348.3,244626
2022-12-30,4355.2,4374.95,4298.55,4307.45,117753
2023-01-03,4255.1,4295.65,4206.3,4241.85,496975
2023-01-04,4254.95,4276.0,4216.35,4235.0,216319
2023-01-05,4235.0,4387.0,4235.0,4313.2,686633
2023-01-06,4313.2,4369.0,4310.0,4359.05,297438
2023-01-09,4380.0,4387.9,4336.2,4364.3,170110
2023-01-10,4360.0,4363.0,4317.3,4326.85,235445
2023-01-11,4326.0,4358.65,4298.0,4314.3,224668
2023-01-13,4304.0,4370.7,4287.45,4336.1,183772
2023-01-16,4336.1,4346.45,4300.0,4309.6,84814
2023-01-17,4309.0,4372.95,4291.75,4362.05,169798
2023-01-18,4360.0,4422.0,4355.55,4393.7,192855
2023-01-19,4379.8,4399.95,4357.1,4372.4,139431
2023-01-20,4362.0,4362.0,4312.85,4318.95,154486
2023-01-23,4330.0,4357.45,4319.15,4337.85,119143
2023-01-24,4350.8,4408.95,4323.2,4396.05,135586
2023-01-25,4384.0,4444.0,4360.0,4388.15,288089
2023-01-27,4435.0,4439.0,4353.8,4380.4,340484
2023-01-30,4396.5,4418.0,4320.0,4406.75,218721
2023-01-31,4418.0,4418.0,4264.0,4317.6,605699
2023-02-01,4329.9,4444.5,4326.85,4370.95,622541
2023-02-02,4518.95,4596.0,4370.0,4573.05,1669243
2023-02-03,4590.0,4659.75,4570.1,4628.85,517467
2023-02-07,4639.0,4664.0,4596.7,4606.85,327040
2023-02-08,4604.95,4640.25,4578.0,4594.8,252710
2023-02-09,4594.85,4656.1,4575.15,4637.35,284415
2023-02-10,4660.0,4669.2,4597.05,4622.7,207919
2023-02-13,4600.0,4636.0,4579.0,4588.0,185536
2023-02-14,4590.3,4624.0,4581.0,4599.85,245495
2023-02-15,4599.85,4599.85,4530.2,4588.45,197822
2023-02-16,4597.0,4617.9,4567.0,4572.0,160313
2023-02-17,4570.0,4588.0,4514.8,4533.25,203456
2023-02-20,4535.25,4545.0,4444.0,4453.8,308681
2023-02-21,4454.95,4527.85,4450.6,4503.35,229380
2023-02-22,4505.0,4540.9,4477.7,4484.5,262918
2023-02-23,4490.0,4496.0,4424.8,4451.5,210031
2023-02-24,4460.0,4495.55,4419.65,4442.55,234456
2023-02-27,4428.55,4470.0,4375.0,4388.25,162723
2023-02-28,4390.0,4475.25,4380.0,4461.75,349283
2023-03-01,4439.0,4454.55,4355.15,4379.8,331092
2023-03-02,4390.0,4405.0,4343.05,4394.2,147032
2023-03-03,4400.0,4444.75,4380.4,4411.95,212204
2023-03-06,4389.0,4389.0,4279.9,4319.85,681562
2023-03-08,4319.85,4370.0,4305.75,4339.65,228626
2023-03-09,4339.65,4350.0,4275.2,4291.7,242653
2023-03-10,4307.4,4361.75,4282.75,4311.0,367075
2023-03-13,4309.0,4346.05,4290.0,4307.6,282671
2023-03-14,4315.0,4343.9,4277.0,4292.95,197998
2023-03-15,4315.0,4323.65,4237.6,4243.1,195193
2023-03-16,4263.95,4320.0,4250.0,4311.2,260044
2023-03-17,4325.95,4370.0,4305.6,4362.55,294948
2023-03-20,4364.6,4366.6,4262.5,4331.85,176552
2023-03-21,4355.0,4386.0,4260.0,4264.7,231876
2023-03-22,4279.0,4279.0,4230.0,4244.45,146015
2023-03-23,4250.0,4255.5,4196.75,4242.7,197372
2023-03-24,4242.0,4242.0,4189.85,4199.95,198393
2023-03-27,4224.05,4245.3,4198.8,4214.8,283791
2023-03-28,4229.5,4229.5,4153.0,4200.0,224554
2023-03-29,4205.0,4297.95,4198.95,4276.2,316461
2023-03-31,4277.45,4333.8,4257.05,4322.15,244995
2023-04-03,4344.0,4346.0,4282.35,4324.05,365323
2023-04-05,4334.0,4358.9,4295.0,4327.55,390846
2023-04-06,4327.8,4327.8,4288.3,4299.8,208718
2023-04-10,4299.8,4299.8,4243.0,4266.4,253654
2023-04-11,4266.4,4305.3,4258.25,4277.35,248398
2023-04-12,4277.35,4298.8,4263.0,4271.3,325329
2023-04-13,4239.0,4350.0,4222.55,4264.2,454438
2023-04-17,4278.0,4405.0,4259.7,4338.6,631457
2023-04-18,4350.95,4374.9,4290.0,4301.85,190132
2023-04-19,4326.0,4326.0,4270.45,4293.85,347248
2023-04-20,4295.0,4318.5,4246.3,4256.4,164008
2023-04-21,4259.0,4335.0,4248.3,4327.8,273401
2023-04-24,4327.8,4339.45,4297.0,4311.0,182843
2023-04-25,4313.0,4411.0,4311.0,4402.55,353719
2023-04-26,4400.0,4422.85,4370.8,4405.0,306037
2023-04-27,4407.0,4429.35,4397.0,4415.85,179769
2023-04-28,4415.95,4564.85,4408.65,4553.55,482939
2023-05-02,4565.25,4605.75,4500.0,4511.05,261449
2023-05-03,4490.0,4548.0,4443.35,4527.1,525015
2023-05-04,4527.05,4596.0,4510.0,4587.05,244670
2023-05-05,4594.65,4636.95,4584.4,4626.0,332347
2023-05-08,4640.0,4700.0,4573.55,4598.4,831450
2023-05-09,4624.0,4633.25,4582.55,4595.15,367650
2023-05-10,4629.7,4667.8,4586.5,4604.95,368807
2023-05-12,4634.0,4675.0,4601.85,4616.5,311033
2023-05-15,4647.85,4679.0,4621.45,4630.85,276965
2023-05-16,4632.0,4660.2,4565.0,4606.9,263119
2023-05-17,4610.0,4639.2,4583.65,4631.9,268353
2023-05-18,4650.0,4655.5,4558.0,4564.35,155214
2023-05-19,4588.0,4593.1,4484.15,4499.85,367664
2023-05-22,4500.0,4540.25,4485.0,4498.95,172174
2023-05-23,4487.0,4581.55,4486.0,4521.65,297514
2023-05-24,4538.2,4569.9,4501.35,4519.8,302733
2023-05-25,4580.0,4705.45,4533.25,4563.3,861989
2023-05-26,4582.0,4624.2,4563.15,4596.2,231911
2023-05-29,4611.45,4625.1,4566.0,4575.25,194968
2023-05-30,4583.0,4623.5,4563.0,4573.25,199772
2023-05-31,4571.0,4683.3,4565.25,4657.05,1536463
2023-06-01,4655.0,4655.0,4587.55,4635.25,188427
2023-06-02,4637.0,4718.7,4635.35,4654.15,359550
2023-06-05,4659.9,4712.5,4657.05,4682.6,349558
2023-06-06,4682.6,4717.7,4673.05,4705.4,185910
2023-06-07,4715.0,4907.95,4715.0,4893.15,1390193
2023-06-08,4901.9,4914.75,4856.5,4875.05,381452
2023-06-09,4886.3,4980.0,4836.1,4878.75,820375
2023-06-12,4899.0,4910.0,4865.0,4900.25,233763
2023-06-13,4904.95,4951.65,4892.3,4940.1,326814
2023-06-14,4947.0,4977.0,4922.0,4941.65,234174
2023-06-15,4950.0,5019.9,4914.3,4975.45,452909
2023-06-16,4975.45,5058.6,4970.0,5044.7,407485
2023-06-19,5050.0,5064.4,5002.3,5021.05,197576
2023-06-20,5021.05,5062.5,5008.05,5056.45,251372
2023-06-21,5070.6,5085.25,5045.65,5069.55,272200
2023-06-22,5065.0,5071.9,4975.0,4987.05,145196
2023-06-23,4972.05,4986.95,4945.3,4970.8,191942
2023-06-26,4978.95,5022.0,4952.3,5009.2,179192
2023-06-27,5000.55,5037.8,4949.15,4954.25,175475
2023-06-28,4989.0,5019.95,4959.9,4992.15,253814
2023-06-30,4990.2,5032.35,4955.05,5024.55,196106
2023-07-03,5035.0,5048.6,4990.1,5008.3,139105
2023-07-04,5008.3,5024.9,4972.55,5010.15,121493
2023-07-05,5024.8,5115.4,4960.5,5096.1,186513
2023-07-06,5199.0,5270.35,5121.0,5173.55,966410
2023-07-07,5173.55,5189.55,5042.9,5054.5,224712
2023-07-10,5073.0,5099.45,4991.5,5031.85,308544
2023-07-11,5050.0,5157.2,5050.0,5083.9,385742
2023-07-12,5083.9,5114.85,5042.35,5073.9,180640
2023-07-13,5089.9,5148.0,5071.45,5090.35,232034
2023-07-14,5118.0,5150.0,5085.1,5133.2,220335
2023-07-17,5149.95,5199.0,5121.1,5143.45,272290
2023-07-18,5150.0,5160.55,5052.0,5064.15,189358
2023-07-19,5081.95,5144.0,5050.1,5065.9,353528
2023-07-20,5070.0,5094.0,5016.05,5052.55,327126
2023-07-21,5061.55,5108.95,5000.0,5047.0,438176
2023-07-24,5047.0,5048.0,4944.2,4968.9,224646
2023-07-25,5007.0,5007.0,4875.0,4885.6,396810
2023-07-26,4900.0,4994.95,4880.0,4983.6,231869
2023-07-27,4965.0,5016.0,4763.8,4873.4,558492
2023-07-28,4904.0,4959.4,4851.0,4903.35,357681
2023-07-31,4905.1,4910.4,4765.25,4793.95,800189
2023-08-01,4825.1,4843.5,4750.1,4817.35,413904
2023-08-02,4839.0,4839.0,4770.0,4809.45,395487
2023-08-03,4809.95,4818.6,4770.0,4798.95,239070
2023-08-04,4790.0,4832.0,4766.65,4798.5,401478
2023-08-07,4751.0,4815.0,4618.2,4659.75,1079453
2023-08-08,4632.75,4677.45,4596.05,4605.35,533341
2023-08-09,4619.9,4633.35,4575.0,4600.9,912658
2023-08-10,4601.0,4618.65,4531.3,4540.45,587011
2023-08-11,4540.0,4561.0,4489.65,4510.3,1112908
2023-08-14,4519.7,4525.0,4455.0,4499.6,557851
2023-08-16,4488.6,4512.55,4421.4,4498.5,518358
2023-08-17,4498.5,4525.0,4472.3,4501.6,394002
2023-08-18,4499.0,4554.8,4461.0,4535.05,423415
2023-08-21,4555.95,4560.0,4498.5,4510.5,244783
2023-08-22,4524.8,4524.95,4490.0,4511.65,217446
2023-08-23,4555.0,4555.0,4484.7,4512.45,346764
2023-08-24,4538.3,4559.5,4515.45,4542.8,357303
2023-08-25,4544.6,4560.05,4506.2,4525.8,333873
2023-08-28,4525.0,4525.8,4485.6,4510.95,343698
2023-08-29,4510.95,4540.0,4486.1,4530.75,340257
2023-08-30,4552.95,4558.55,4511.7,4550.8,367571
2023-08-31,4564.9,4575.0,4442.0,4467.75,874564
2023-09-01,4475.0,4491.95,4426.0,4484.35,383124
2023-09-04,4484.35,4511.0,4449.75,4507.2,394391
2023-09-06,4520.0,4590.0,4503.05,4569.15,300673
2023-09-07,4590.0,4590.4,4521.0,4530.7,479124
2023-09-08,4540.7,4548.6,4513.8,4540.5,278293
2023-09-11,4540.9,4574.0,4540.0,4568.55,302448
2023-09-12,4568.55,4574.4,4508.9,4567.15,321129
2023-09-13,4567.15,4630.45,4549.1,4608.25,435792
2023-09-14,4619.0,4631.95,4552.65,4574.35,473085
2023-09-15,4583.0,4589.25,4518.6,4532.85,408326
2023-09-18,4540.0,4603.0,4520.0,4596.2,304844
2023-09-20,4596.2,4597.0,4507.7,4527.4,357295
2023-09-21,4520.0,4565.7,4478.0,4558.55,367638
2023-09-22,4558.55,4572.0,4510.0,4564.65,210753
2023-09-25,4574.05,4585.0,4510.55,4570.05,498354
2023-09-26,4570.25,4609.0,4549.45,4600.15,330231
2023-09-27,4601.2,4634.05,4569.0,4627.35,358156
2023-09-28,4627.35,4634.3,4505.05,4524.55,390490
2023-09-29,4555.0,4560.45,4501.55,4537.15,230125
2023-10-03,4524.8,4553.25,4486.6,4495.45,543482
2023-10-04,4490.0,4540.0,4466.75,4532.5,318564
2023-10-05,4540.25,4548.2,4500.0,4533.9,302015
2023-10-06,4533.85,4549.45,4515.0,4538.45,238131
2023-10-09,4511.0,4535.0,4493.5,4522.5,255764
2023-10-10,4522.2,4541.95,4503.0,4529.95,222750
2023-10-11,4522.0,4568.95,4520.65,4554.95,368192
2023-10-12,4582.0,4591.6,4531.0,4560.75,518582
2023-10-13,4550.0,4582.0,4515.0,4574.7,445822
2023-10-16,4559.95,4591.45,4555.0,4586.05,292118
2023-10-17,4586.2,4609.9,4562.2,4600.35,196669
2023-10-18,4605.0,4623.0,4586.25,4607.7,217179
2023-10-19,4600.05,4616.0,4561.7,4602.45,228881
2023-10-20,4603.0,4608.0,4558.75,4580.0,351045
2023-10-23,4572.7,4600.0,4516.35,4530.6,203004
2023-10-25,4470.0,4585.6,4470.0,4533.75,330082
2023-10-26,4517.6,4524.8,4476.75,4507.8,488909
2023-10-30,4500.0,4508.7,4441.0,4461.6,450526
2023-10-31,4460.1,4479.75,4401.9,4426.5,504625
2023-11-01,4442.6,4456.0,4347.7,4397.3,395359
2023-11-02,4512.1,4568.8,4454.25,4527.25,822845
2023-11-03,4528.0,4582.4,4524.15,4539.55,335012
2023-11-06,4554.9,4628.15,4546.05,4623.6,205763
2023-11-08,4670.95,4686.5,4650.5,4670.6,385727
2023-11-09,4670.6,4685.5,4630.5,4652.1,208210
2023-11-10,4657.45,4685.85,4621.0,4681.95,142336
2023-11-13,4662.3,4703.15,4644.0,4696.35,260394
2023-11-15,4723.0,4725.0,4667.4,4710.8,269650
2023-11-16,4710.0,4729.0,4679.6,4702.1,178375
2023-11-17,4703.0,4745.6,4690.1,4718.3,138652
2023-11-20,4691.25,4739.45,4690.9,4712.0,126069
2023-11-21,4730.0,4730.0,4665.0,4699.75,129602
2023-11-22,4709.9,4712.85,4662.75,4694.2,72533
2023-11-23,4699.0,4710.95,4678.95,4705.8,109775
2023-11-24,4705.8,4715.0,4640.5,4644.15,123628
2023-11-28,4632.25,4722.9,4626.0,4713.45,182790
2023-11-29,4715.95,4832.1,4701.4,4803.65,363702
2023-11-30,4815.0,4875.95,4797.5,4852.65,961054
2023-12-01,4873.0,4984.0,4860.05,4970.75,485597
2023-12-04,4990.0,4994.95,4915.0,4937.75,310152
2023-12-05,4937.75,4975.0,4933.0,4948.4,280497
2023-12-06,4953.0,5022.7,4952.3,5003.15,295686
2023-12-07,5003.15,5025.0,4963.15,5016.0,268095
2023-12-08,5024.0,5060.0,4931.0,4942.2,282713
2023-12-11,4959.9,4974.5,4900.05,4944.15,147976
2023-12-12,4968.0,4971.45,4875.0,4903.05,184238
2023-12-13,4910.0,4928.0,4860.0,4919.3,153558
2023-12-14,4932.2,4965.0,4897.0,4946.65,174503
2023-12-15,4938.0,4969.85,4880.5,4913.9,216579
2023-12-18,4913.85,4925.5,4837.05,4879.5,223278
2023-12-19,4891.35,4927.45,4858.7,4911.25,200718
2023-12-20,4920.0,5051.95,4916.0,4954.95,457942
2023-12-21,4930.0,5113.3,4877.55,5059.6,796081
2023-12-22,5075.0,5183.7,5050.05,5161.1,582688
2023-12-26,5155.0,5244.5,5146.0,5235.95,574310
2023-12-27,5242.0,5245.0,5160.0,5216.8,241944
2023-12-28,5224.95,5338.65,5186.75,5282.0,655367
2023-12-29,5260.55,5386.05,5238.65,5338.45,535691
2024-01-01,5339.0,5349.9,5290.0,5319.8,130032
2024-01-02,5319.8,5334.95,5224.1,5288.85,193517
2024-01-03,5288.85,5333.9,5240.0,5253.8,123303
2024-01-04,5253.8,5375.0,5221.0,5361.3,413391
2024-01-05,5361.3,5363.35,5256.0,5272.35,299017
2024-01-08,5305.0,5305.0,5171.05,5177.35,236628
2024-01-09,5199.0,5210.2,5111.0,5122.4,194434
2024-01-10,5111.0,5143.65,5051.5,5086.65,191450
2024-01-11,5102.9,5186.4,5076.55,5136.7,277823
2024-01-12,5149.0,5250.4,5100.05,5151.1,462298
2024-01-15,5159.95,5228.0,5119.0,5177.35,400069
2024-01-16,5168.4,5218.0,5107.25,5130.6,203028
2024-01-17,5115.05,5135.25,5055.0,5061.7,270672
2024-01-18,5061.0,5077.95,4974.2,5015.15,514119
2024-01-19,5029.0,5169.65,5012.3,5138.65,329252
2024-01-20,5164.0,5245.35,5145.35,5166.4,221679
2024-01-23,5166.4,5189.85,4925.9,5048.1,491135
2024-01-24,5048.1,5173.65,5030.0,5142.25,611741
2024-01-25,5150.0,5236.55,5106.1,5141.9,342129
2024-01-29,5142.0,5219.5,5111.2,5136.9,275710
2024-01-30,5163.3,5192.9,5081.0,5091.75,146422
2024-01-31,5091.75,5220.0,5031.75,5198.4,549238
2024-02-01,5196.05,5201.95,5127.1,5148.6,344394
2024-02-02,5166.75,5209.0,5131.45,5148.85,176167
2024-02-05,5169.9,5239.75,5078.5,5124.5,231620
2024-02-06,5124.5,5125.0,4992.55,5007.05,336609
2024-02-07,5140.0,5183.9,4925.0,5078.25,1258830
2024-02-08,5101.0,5122.4,4833.15,4875.55,623680
2024-02-09,4875.55,4978.05,4860.05,4971.5,411953
2024-02-12,4971.5,4997.95,4940.75,4970.2,158487
2024-02-13,4970.2,5053.4,4940.2,4981.6,262011
2024-02-14,4967.55,5025.0,4950.0,5010.65,277479
2024-02-15,5010.95,5043.35,4932.85,4950.55,189625
2024-02-16,4954.0,4970.55,4894.75,4913.7,352139
2024-02-19,4919.95,4948.55,4886.65,4925.25,182521
2024-02-20,4910.15,4934.0,4879.1,4921.15,129279
2024-02-21,4934.75,4988.3,4888.0,4923.0,235932
2024-02-22,4924.95,4968.0,4860.0,4956.95,255308
2024-02-23,4956.95,4970.4,4912.1,4936.35,115910
2024-02-26,4949.95,4957.0,4891.6,4901.9,78084
2024-02-27,4879.0,4939.55,4879.0,4904.35,434014
2024-02-28,4894.35,4916.1,4867.2,4887.8,96877
2024-02-29,4885.05,4980.9,4828.85,4965.2,447941
2024-03-01,4965.2,4986.7,4914.15,4927.7,316277
2024-03-04,4906.0,4942.45,4833.5,4838.9,307520
2024-03-05,4839.05,4867.45,4811.0,4825.65,156956
2024-03-06,4839.0,4887.8,4788.75,4880.75,190965
2024-03-07,4870.0,4902.0,4835.1,4889.15,216747
2024-03-11,4894.05,4957.65,4871.1,4937.4,295000
2024-03-12,4935.7,4940.0,4852.8,4869.15,140625
2024-03-13,4892.6,4975.0,4822.0,4856.65,410729
2024-03-14,4853.25,4952.95,4783.0,4938.9,240217
2024-03-15,4917.45,5008.7,4912.0,4974.2,491571
2024-03-18,4980.0,5014.0,4960.0,4980.0,143928
2024-03-19,4999.0,4999.95,4800.0,4816.95,265081
2024-03-20,4822.1,4832.85,4760.0,4802.9,300159
2024-03-21,4812.5,4824.0,4767.8,4806.7,449591
2024-03-22,4800.0,4892.95,4784.9,4865.0,264787
2024-03-27,4960.0,4980.0,4880.0,4920.2,327107
2024-03-28,4942.3,4971.2,4864.6,4911.25,648795
2024-04-01,4929.95,4960.7,4883.75,4895.2,181877
2024-04-02,4910.0,4914.9,4870.0,4899.95,93480
2024-04-03,4870.0,4896.95,4806.0,4834.6,246246
2024-04-04,4839.95,4855.0,4780.6,4813.6,372526
2024-04-05,4813.6,4847.6,4791.6,4813.05,189143
2024-04-08,4825.05,4841.0,4781.0,4826.8,235219
2024-04-09,4850.0,4850.0,4783.4,4794.7,180114
2024-04-10,4818.5,4818.55,4747.55,4808.7,509880
2024-04-12,4818.0,4820.85,4745.0,4751.75,620568
2024-04-15,4745.0,4777.1,4692.85,4761.9,421873
2024-04-16,4748.0,4772.5,4691.3,4740.7,516581
2024-04-18,4745.0,4758.7,4666.6,4695.0,670722
2024-04-19,4682.05,4698.0,4641.0,4668.3,424834
2024-04-22,4673.9,4763.9,4662.3,4753.3,321925
2024-04-23,4756.0,4812.0,4723.05,4797.8,279440
2024-04-24,4797.0,4840.0,4781.0,4828.95,412282
2024-04-25,4816.15,4859.0,4747.5,4844.15,509266
2024-04-26,4844.05,4861.0,4793.0,4800.45,205462
2024-04-29,4815.0,4825.6,4776.0,4799.85,147362
2024-04-30,4799.0,4825.0,4765.1,4775.95,489132
2024-05-02,4789.95,4812.0,4750.05,4759.65,356664
2024-05-03,4781.1,4781.1,4707.9,4744.6,262493
2024-05-06,4818.95,5205.45,4802.2,5061.6,2837757
2024-05-07,5057.95,5219.9,5048.8,5173.85,1156073
2024-05-08,5151.0,5248.45,5123.85,5228.4,323414
2024-05-09,5228.05,5248.0,5045.0,5070.1,379667
2024-05-10,5070.1,5118.2,4971.75,5066.8,223289
2024-05-13,5074.95,5170.0,5055.0,5130.55,323879
2024-05-14,5130.55,5161.5,5035.0,5140.8,205585
2024-05-15,5149.55,5164.75,5053.45,5064.0,166198
2024-05-16,5064.15,5150.0,5017.5,5137.75,312988
2024-05-17,5139.9,5139.9,5065.0,5086.8,116594
2024-05-18,5090.15,5114.75,5040.1,5096.05,12240
2024-05-21,5046.0,5191.0,5045.05,5178.1,376474
2024-05-22,5219.8,5302.5,5195.0,5267.4,748236
2024-05-23,5261.15,5293.75,5187.9,5281.15,423256
2024-05-24,5260.1,5285.15,5219.0,5240.7,268208
2024-05-27,5265.0,5265.0,5127.25,5212.25,329998
2024-05-28,5209.0,5285.4,5180.55,5250.55,259151
2024-05-29,5202.0,5268.0,5200.0,5229.8,286144
2024-05-30,5202.1,5242.1,5173.0,5198.55,357619
2024-05-31,5208.0,5221.0,5110.65,5179.8,651525
2024-06-03,5300.0,5300.0,5160.0,5167.8,199328
2024-06-04,5205.55,5414.4,5127.05,5325.1,989039
2024-06-05,5325.1,5725.0,5325.0,5486.65,1188965
2024-06-06,5465.0,5514.1,5311.45,5440.45,629293
2024-06-07,5431.65,5470.0,5395.0,5463.55,226777
2024-06-10,5465.0,5560.75,5406.1,5488.4,306665
2024-06-11,5500.0,5606.75,5500.0,5517.75,476899
2024-06-12,5550.55,5568.0,5431.0,5439.3,279376
2024-06-13,5439.6,5449.95,5341.7,5379.45,434594
2024-06-14,5397.55,5450.0,5375.6,5393.65,149569
2024-06-18,5419.8,5435.0,5375.3,5395.85,155277
2024-06-19,5416.0,5422.85,5350.0,5360.65,135179
2024-06-20,5360.65,5400.0,5319.0,5378.45,296418
2024-06-21,5369.1,5389.85,5317.5,5330.3,244120
2024-06-24,5315.0,5330.0,5250.0,5297.75,463385
2024-06-25,5297.8,5370.0,5289.2,5352.05,160890
2024-06-26,5352.05,5434.55,5319.05,5421.7,221391
2024-06-27,5388.8,5450.0,5382.15,5430.3,357573
2024-06-28,5435.0,5490.0,5416.25,5475.55,215576
2024-07-01,5475.05,5489.15,5431.05,5476.5,223560
2024-07-02,5500.0,5500.0,5384.3,5401.65,163333
2024-07-03,5421.75,5498.0,5389.8,5449.1,211361
2024-07-04,5454.95,5487.35,5397.55,5426.25,138170
2024-07-05,5445.95,5554.5,5433.95,5546.8,172330
2024-07-08,5555.0,5615.95,5534.05,5568.55,171210
2024-07-09,5700.0,5705.0,5583.05,5668.85,389812
2024-07-10,5670.05,5800.0,5670.05,5755.55,526095
2024-07-11,5800.0,5805.0,5720.0,5761.3,372798
2024-07-12,5780.0,5805.0,5713.2,5787.05,222315
2024-07-15,5807.0,5847.75,5788.0,5809.7,135374
2024-07-16,5812.0,5880.0,5770.1,5862.35,162459
2024-07-18,5846.55,5920.0,5820.0,5871.5,523157
2024-07-19,5850.0,5978.0,5846.65,5877.95,451294
2024-07-22,5877.95,5933.7,5842.0,5887.85,347520
2024-07-23,5887.85,6005.0,5840.6,5944.75,336696
2024-07-24,5949.4,5974.4,5815.0,5829.5,233649
2024-07-25,5824.9,5865.0,5801.7,5829.6,303638
2024-07-26,5830.0,5882.65,5813.1,5872.8,146736
2024-07-29,5898.0,5957.6,5840.05,5897.6,129350
2024-07-30,5898.4,5989.4,5831.3,5842.2,191681
2024-07-31,5897.0,5897.0,5770.15,5784.45,271796
2024-08-01,5784.45,5839.9,5700.0,5730.15,304411
2024-08-02,5708.05,5808.0,5630.3,5720.35,406998
2024-08-05,5709.95,5842.95,5650.05,5697.9,1114298
2024-08-06,5724.55,5921.0,5710.15,5854.5,727869
2024-08-07,5890.2,5924.8,5809.05,5836.8,314935
2024-08-08,5844.75,5861.95,5725.0,5744.65,271628
2024-08-09,5770.4,5785.55,5720.0,5740.3,232215
2024-08-12,5745.0,5774.5,5625.0,5645.75,622193
2024-08-13,5678.95,5714.95,5617.05,5666.5,236505
2024-08-14,5676.0,5695.2,5594.15,5659.15,164575
2024-08-16,5670.5,5742.45,5662.5,5729.65,144969
2024-08-19,5745.0,5763.25,5718.1,5732.5,102452
2024-08-20,5740.45,5773.8,5728.25,5765.8,189035
2024-08-21,5773.8,5849.9,5756.5,5837.35,169215
2024-08-22,5858.0,5858.0,5808.65,5836.8,160154
2024-08-23,5837.0,5850.0,5784.35,5792.65,124435
2024-08-26,5800.0,5860.0,5776.25,5796.95,265107
2024-08-27,5828.8,5845.4,5735.0,5764.3,175740
2024-08-28,5746.55,5775.4,5690.05,5703.35,161445
2024-08-29,5710.0,5845.0,5696.15,5831.4,351330
2024-08-30,5842.95,5908.9,5793.25,5855.25,519387
2024-09-02,5882.05,5933.95,5865.0,5922.15,307023
2024-09-03,5933.0,5944.0,5870.0,5916.05,258133
2024-09-04,5849.95,5935.35,5828.0,5926.55,219283
2024-09-05,5911.75,5920.0,5833.3,5850.0,170014
2024-09-06,5846.7,5884.8,5827.1,5843.55,213556
2024-09-09,5859.95,5961.2,5846.2,5939.45,321187
2024-09-10,5980.05,6010.0,5930.05,5969.9,337831
2024-09-11,5953.05,6047.05,5947.25,6008.65,437060
2024-09-12,6018.65,6128.7,6004.7,6109.25,548745
2024-09-13,6138.0,6148.8,6057.35,6133.1,274846
2024-09-17,6073.45,6204.65,6069.15,6111.05,527917
2024-09-18,6135.0,6166.55,6060.05,6123.25,218424
2024-09-19,6128.9,6225.0,6113.65,6134.5,362388
2024-09-20,6165.35,6258.65,6125.85,6210.55,663556
2024-09-23,6235.25,6250.0,6190.8,6211.2,312563
2024-09-24,6200.75,6245.9,6185.05,6203.15,234706
2024-09-25,6203.0,6203.0,6101.55,6180.3,357145
2024-09-26,6200.0,6270.4,6154.35,6254.1,327297
2024-09-27,6237.7,6332.95,6180.8,6268.8,400543
2024-09-30,6252.65,6362.9,6241.1,6338.15,442617
2024-10-01,6306.9,6463.6,6306.9,6446.05,416639
2024-10-03,6444.2,6469.9,6290.0,6331.75,495791
2024-10-04,6278.25,6339.95,6179.85,6206.0,395753
2024-10-07,6222.65,6235.0,6105.0,6120.3,374593
2024-10-08,6137.7,6234.8,6052.05,6204.4,708471
2024-10-09,6158.65,6185.0,6070.05,6097.25,551094
2024-10-10,6127.0,6159.85,5980.05,6002.15,287475
2024-10-11,6030.55,6039.5,5961.1,5978.5,94953
2024-10-14,6005.1,6024.3,5900.0,5978.05,219597
2024-10-15,6016.35,6082.95,5986.95,6068.7,426219
2024-10-16,6065.0,6114.0,6021.15,6090.1,276677
2024-10-17,6090.1,6095.9,5966.25,5988.5,188121
2024-10-18,5984.95,5998.0,5870.0,5887.2,354901
2024-10-21,5887.2,5895.5,5762.6,5778.3,296733
2024-10-22,5787.4,5804.0,5711.8,5727.0,320607
2024-10-23,5698.6,5797.6,5690.05,5748.85,123095
2024-10-24,5750.85,5780.5,5601.6,5612.4,269803
2024-10-25,5612.4,5706.45,5610.0,5669.4,176680
2024-10-28,5677.0,5779.0,5669.4,5722.3,131887
2024-10-29,5730.8,5759.9,5611.05,5667.5,204751
2024-10-30,5666.6,5799.0,5641.6,5782.5,218180
2024-10-31,5779.0,5781.0,5708.0,5726.9,208893
2024-11-04,5685.0,5698.95,5541.85,5625.2,249780
2024-11-05,5634.15,5669.0,5584.55,5605.1,185870
2024-11-06,5636.3,5719.0,5608.05,5694.9,233799
2024-11-07,5710.0,5713.7,5606.0,5688.9,284538
2024-11-08,5682.2,5792.85,5641.55,5747.15,306281
2024-11-11,5801.65,5902.15,5401.15,5434.65,804824
2024-11-12,5420.0,5426.9,5005.0,5027.55,2441209
2024-11-13,5009.0,5087.6,4938.45,5046.5,928244
2024-11-14,5046.5,5050.5,4901.0,4915.6,479979
2024-11-19,4924.95,4951.35,4878.6,4892.7,436205
2024-11-21,4875.0,4885.0,4746.9,4803.35,1036549
2024-11-22,4789.05,4871.0,4765.6,4848.35,410476
2024-11-25,4905.0,4980.0,4874.0,4903.95,722912
2024-11-26,4903.95,5030.3,4892.95,5013.6,314200
2024-11-27,5013.6,5025.0,4941.0,4984.15,255840
2024-11-28,4986.6,5012.55,4891.15,4923.65,321308
2024-11-29,4880.0,4955.95,4880.0,4941.15,212644
2024-12-02,4930.5,4959.0,4866.2,4907.25,314800
2024-12-03,4899.55,4919.8,4875.85,4909.6,289449
2024-12-04,4916.45,4973.9,4841.0,4851.55,392107
2024-12-05,4860.0,4893.0,4805.6,4872.0,526114
2024-12-06,4872.0,4906.7,4840.0,4870.85,236965
2024-12-09,4844.95,4855.9,4750.05,4793.0,467154
2024-12-10,4799.85,4829.95,4783.05,4787.25,264213
2024-12-11,4808.0,4915.0,4793.25,4889.5,358246
2024-12-12,4900.0,4908.95,4810.0,4828.35,406271
2024-12-13,4824.0,4863.1,4773.0,4850.1,284721
2024-12-16,4869.0,4869.0,4790.0,4846.5,208757
2024-12-17,4816.5,4839.9,4765.15,4776.75,312523
2024-12-18,4775.0,4798.9,4752.55,4782.65,228821
2024-12-19,4750.0,4803.8,4725.65,4785.75,247805
2024-12-20,4790.0,4807.5,4680.5,4698.1,363168
2024-12-23,4705.0,4735.0,4663.8,4704.35,332554
2024-12-24,4702.05,4766.55,4690.05,4744.1,227672
2024-12-26,4754.9,4797.1,4708.0,4761.65,398117
2024-12-27,4776.0,4807.35,4738.45,4769.3,131505
2024-12-30,4759.7,4818.0,4738.0,4799.45,271403
2024-12-31,4795.0,4795.0,4741.2,4762.75,255918
2025-01-02,4790.05,4806.95,4723.1,4787.8,402766
2025-01-03,4800.0,4859.45,4785.75,4834.1,341848
2025-01-06,4873.5,4873.5,4773.3,4791.25,619930
2025-01-07,4804.95,4885.8,4804.95,4832.25,450200
2025-01-08,4850.0,4871.9,4760.15,4859.9,371105
2025-01-09,4860.55,5050.0,4840.05,4926.3,832814
2025-01-10,4928.5,4958.4,4881.65,4939.2,305669
2025-01-13,4922.2,4997.9,4906.0,4927.05,448698
2025-01-14,4948.95,4950.0,4850.1,4862.4,283367
2025-01-15,4871.0,4937.2,4804.1,4877.0,242422
2025-01-16,4886.05,4900.0,4743.1,4844.55,454269
2025-01-17,4846.1,4923.5,4815.7,4854.4,492847
2025-01-20,4860.0,4908.0,4836.65,4885.4,155962
2025-01-22,4930.0,4975.2,4883.2,4956.7,460132
2025-01-23,4944.15,5042.95,4883.2,5012.6,361082
2025-01-24,5037.7,5108.0,5013.15,5101.55,509954
2025-01-27,5103.65,5215.0,5103.05,5176.25,937878
2025-01-28,5181.15,5216.25,5018.2,5060.75,456912
2025-01-29,5100.0,5100.0,4991.0,5037.05,298533
2025-01-30,5037.1,5105.0,5034.95,5075.35,354016
2025-01-31,5104.0,5170.0,5040.1,5129.65,316771
2025-02-03,5232.6,5232.6,5015.0,5105.55,517520
2025-02-04,5118.0,5118.0,4990.3,5028.35,434664
2025-02-05,5058.0,5058.0,4924.35,4932.65,384948
2025-02-06,4932.1,4978.8,4906.05,4956.05,466931
2025-02-07,5010.0,5075.4,4844.0,4870.5,701024
2025-02-10,4915.0,5009.0,4877.0,4909.65,625074
2025-02-11,4910.95,4939.55,4854.0,4904.05,279638
2025-02-12,4899.05,4932.95,4843.55,4918.3,336331
2025-02-13,4915.95,4950.75,4867.25,4888.7,341650
2025-02-14,4891.7,4955.0,4873.75,4939.65,489241
2025-02-17,4934.5,4969.0,4911.9,4963.7,275352
2025-02-18,4963.7,4967.05,4859.4,4891.2,314216
2025-02-19,4881.0,4899.0,4812.35,4837.5,215919
2025-02-20,4819.0,4847.0,4792.0,4832.4,319761
2025-02-21,4850.0,4850.2,4783.55,4831.9,334003
2025-02-24,4750.0,4829.5,4702.0,4804.3,259886
2025-02-25,4785.9,4853.7,4760.0,4798.05,479647
2025-02-27,4798.05,4860.7,4766.5,4782.8,386556
2025-02-28,4782.8,4786.45,4553.8,4595.45,676501
2025-03-03,4595.45,4672.0,4548.15,4596.6,412033
2025-03-04,4530.05,4581.0,4506.0,4575.2,321501
2025-03-05,4579.9,4735.2,4560.0,4722.15,350741
2025-03-06,4725.0,4799.9,4654.65,4702.55,460852
2025-03-07,4690.0,4765.0,4660.0,4748.25,191644
2025-03-11,4720.0,4795.0,4711.55,4762.05,147357
2025-03-12,4769.9,4801.5,4712.4,4792.05,223033
2025-03-13,4790.0,4838.0,4712.8,4728.25,284758
2025-03-17,4600.0,4743.05,4600.0,4674.9,322411
2025-03-18,4695.65,4782.9,4682.7,4768.3,242447
2025-03-19,4797.0,4797.0,4673.3,4707.1,469240
2025-03-20,4741.9,4840.0,4715.0,4831.1,265168
2025-03-21,4840.0,4853.15,4786.55,4814.0,304441
2025-03-24,4816.4,4832.8,4770.25,4796.85,173845
2025-03-25,4792.0,4865.0,4738.6,4845.2,422209
2025-03-26,4846.9,4876.6,4794.05,4849.7,453242
2025-03-27,4830.0,4925.4,4780.05,4841.2,6750074
2025-03-28,4861.95,5028.65,4861.95,4936.9,415586
2025-04-01,4890.1,4965.0,4882.55,4900.8,557968
2025-04-02,4905.8,5055.0,4900.8,5037.4,459267
2025-04-03,4990.05,5090.0,4982.0,5073.45,339959
2025-04-04,5033.45,5150.0,4977.85,5023.4,722283
2025-04-07,4622.0,5072.0,4605.05,5055.85,841464
2025-04-08,5062.45,5188.1,5038.65,5179.35,303185
2025-04-09,5149.5,5352.1,5149.5,5339.45,549745
2025-04-11,5400.75,5400.75,5306.5,5350.2,304650
2025-04-15,5428.9,5432.0,5309.0,5391.3,446075
2025-04-16,5350.5,5442.0,5350.5,5416.2,215423
2025-04-17,5420.0,5469.3,5396.8,5454.6,186873
2025-04-21,5480.5,5480.5,5370.0,5393.2,201975
2025-04-22,5440.0,5485.0,5384.0,5435.5,286928
2025-04-23,5435.5,5549.0,5406.3,5544.3,266881
2025-04-24,5550.0,5622.7,5427.7,5461.9,339754
2025-04-25,5462.1,5521.0,5362.0,5420.5,244513
2025-04-28,5413.0,5481.8,5403.3,5428.8,107666
2025-04-29,5428.8,5535.0,5405.5,5468.3,294207
2025-04-30,5484.0,5546.8,5386.1,5438.9,284371
2025-05-02,5380.0,5407.0,5276.5,5307.5,319097
2025-05-05,5319.0,5380.0,5310.0,5359.0,97149
2025-06-20,5564.0,5600.0,5511.0,5587.0,395396
2025-06-23,5551.0,5589.0,5450.5,5569.5,221233
2025-06-24,5600.0,5638.0,5555.5,5617.0,183157
2025-06-25,5630.0,5734.5,5610.5,5708.0,282474
2025-06-26,5725.0,5840.0,5710.0,5828.0,456290
2025-06-27,5849.0,5849.0,5748.0,5794.5,350140
2025-06-30,5800.0,5860.0,5761.0,5851.0,257865
2025-07-01,5865.0,5869.5,5721.0,5743.5,178343
2025-07-02,5747.5,5832.5,5677.5,5790.0,300622
2025-07-03,5799.5,5887.5,5781.0,5794.5,224236
2025-07-04,5819.5,5844.0,5756.5,5771.5,145106
2025-07-07,5800.0,5899.5,5788.0,5884.0,259829
2025-07-08,5890.0,5922.0,5811.5,5839.0,423998
2025-07-09,5858.0,5900.0,5813.5,5882.0,232000
2025-07-10,5905.0,5930.5,5850.5,5878.0,191446
2025-07-11,5878.0,5904.5,5717.0,5758.5,175941
2025-07-14,5767.0,5808.5,5744.0,5778.0,218865
2025-07-15,5800.0,5820.0,5762.0,5785.5,164143
2025-07-16,5785.5,5829.0,5736.0,5786.5,261589
2025-07-17,5792.5,5860.0,5785.5,5807.5,196555
2025-07-18,5807.5,5820.0,5726.0,5735.5,196043
2025-07-21,5735.0,5741.0,5669.0,5681.5,329167
2025-07-22,5695.5,5738.5,5634.0,5708.5,235846
2025-07-23,5737.0,5757.0,5670.0,5719.5,246735
2025-07-24,5724.5,5751.5,5651.5,5673.0,229097
2025-07-25,5673.0,5698.0,5570.0,5594.0,233003
2025-07-28,5596.5,5669.0,5571.0,5624.5,173142
2025-07-29,5601.5,5655.0,5572.0,5626.0,363002
2025-07-30,5627.0,5758.5,5627.0,5747.0,176798
2025-07-31,5746.0,5825.0,5719.5,5771.0,344973
2025-08-01,5799.5,5899.0,5776.5,5798.0,244870
2025-08-04,5752.5,5802.0,5714.0,5787.0,189672
2025-08-05,5795.0,5795.0,5610.5,5635.5,380387
2025-08-07,5380.5,5560.0,5380.5,5476.5,795974
2025-08-08,5479.5,5503.0,5380.0,5387.0,551451
2025-08-11,5361.0,5400.0,5310.5,5381.5,598841
2025-08-12,5390.5,5390.5,5317.5,5338.0,323204
2025-08-13,5363.5,5393.0,5299.0,5375.5,388683
2025-08-14,5395.0,5398.5,5298.0,5302.5,215308
2025-08-18,5400.0,5667.0,5400.0,5439.0,509058
2025-08-19,5446.0,5513.0,5399.0,5499.0,153026
2025-08-20,5482.0,5734.5,5475.5,5701.0,453573
2025-08-21,5701.0,5711.5,5586.0,5597.5,273141
2025-08-22,5622.0,5667.5,5525.5,5545.5,269981
2025-08-25,5565.5,5608.5,5545.0,5550.5,145718
2025-08-26,5574.5,5794.5,5574.5,5765.5,1307463
2025-08-28,5765.5,5780.0,5702.5,5721.0,379247
2025-08-29,5671.0,5893.5,5671.0,5824.0,699161
2025-09-01,5838.5,5873.0,5779.0,5846.5,210421
2025-09-02,5840.0,5920.5,5823.0,5891.5,492611
2025-09-03,5891.0,5928.5,5865.0,5908.0,399664
2025-09-04,6201.0,6336.0,6053.5,6083.0,1385580
2025-09-05,6066.0,6104.5,5998.5,6076.0,352302
2025-09-08,6117.5,6178.0,6065.0,6115.5,250083
2025-09-09,6116.0,6165.0,6088.0,6142.5,216456
2025-09-10,6144.5,6238.5,6117.0,6199.0,346491
2025-09-11,6180.0,6319.5,6150.0,6300.5,406083
2025-09-12,6276.0,6285.5,6207.0,6247.0,212051
2025-09-15,6250.0,6270.0,6202.5,6212.0,166253
2025-09-16,6219.5,6225.0,6180.0,6202.5,261236
2025-09-17,6202.5,6205.0,6035.0,6097.5,713445
2025-09-18,6105.0,6129.0,6062.0,6100.5,267540
2025-09-19,6105.5,6110.0,6048.0,6069.5,345995
2025-09-22,6075.0,6108.0,6025.0,6056.5,394394
2025-09-23,6066.5,6069.5,5927.0,5934.0,333112
2025-09-24,5935.0,6050.0,5905.5,5970.5,360372
2025-09-25,5970.5,6036.0,5939.5,5953.5,374676
2025-09-26,5955.0,5980.5,5900.0,5920.5,189383
2025-09-29,5900.0,5990.0,5841.0,5929.0,259852
2025-09-30,5953.0,6031.0,5917.5,5991.0,298070
2025-10-01,5960.5,6018.0,5904.0,5966.5,324111
2025-10-03,5965.0,6014.0,5931.5,5992.5,268735
2025-10-06,6015.5,6034.0,5957.5,6011.0,197199
2025-10-07,6012.0,6036.0,5867.0,5887.0,240923
2025-10-08,5855.0,5902.0,5801.5,5836.0,239639
2025-10-09,5836.0,5893.0,5795.5,5876.0,231585
2025-10-10,5874.5,5920.0,5858.5,5871.5,228395
2025-10-13,5871.5,5953.0,5848.0,5862.0,238217
2025-10-14,5869.0,5885.0,5794.0,5800.5,176227
2025-10-15,5815.0,5880.5,5782.0,5857.5,221062
2025-10-16,5876.0,6040.5,5858.0,6025.5,364305
2025-10-17,6037.0,6149.0,5994.0,6083.0,392965
2025-10-20,6124.0,6148.0,6062.5,6070.0,181283
2025-10-21,6108.0,6108.0,6050.0,6075.0,9159
2025-10-23,6075.0,6145.0,6049.0,6068.0,255605
2025-10-24,6068.0,6069.5,5987.0,6053.0,82081
2025-10-27,6053.0,6053.0,5811.5,5912.0,433152
2025-10-28,5939.0,5939.0,5806.5,5861.0,392984
2025-10-29,5894.0,5906.0,5840.0,5852.5,119742
2025-10-30,5850.0,5869.5,5792.0,5859.5,258697
2025-10-31,5878.0,5905.0,5825.0,5836.5,264794
2025-11-03,5834.0,5899.5,5775.0,5820.5,279737
2025-11-04,5820.5,5920.0,5805.0,5892.5,363441
2025-11-06,6186.0,6191.5,5993.5,6013.5,1038063
2025-11-07,5970.0,6169.5,5913.5,6157.5,715809
2025-11-10,6190.0,6261.5,6121.5,6133.5,395489
2025-11-11,5950.0,5965.0,5723.0,5950.5,2154927
2025-11-12,5950.5,5970.0,5841.0,5880.0,609987
2025-11-13,5902.0,5918.0,5835.5,5851.5,361321
2025-11-14,5851.0,5851.0,5750.0,5803.5,415356
2025-11-17,5803.5,5850.0,5782.0,5830.5,332821
2025-11-18,5818.0,5862.0,5805.5,5840.0,262201
2025-11-19,5850.0,5882.5,5804.5,5874.5,280409
2025-11-20,5882.0,5900.0,5763.5,5819.0,641980
2025-11-21,5816.0,5855.0,5764.5,5813.0,320317
2025-11-24,5815.0,5849.0,5785.0,5815.5,696665
2025-11-25,5815.5,5878.0,5790.0,5867.0,309271
2025-11-26,5865.0,5904.5,5843.0,5880.5,157291
2025-11-27,5890.5,5900.0,5815.5,5826.5,156675
2025-11-28,5826.5,5852.0,5795.0,5846.0,220417
2025-12-01,5825.0,5856.0,5800.0,5813.5,199275
2025-12-02,5792.0,5894.0,5792.0,5875.5,290994
2025-12-03,5908.0,5908.0,5812.0,5824.5,308053
2025-12-04,5840.0,5882.5,5824.5,5876.5,239085
2025-12-05,5855.0,5974.0,5838.5,5961.0,244408
2025-12-08,5961.0,5985.0,5825.0,5847.5,185407
2025-12-09,5850.0,5893.0,5780.0,5884.0,174714
2025-12-10,5904.0,5966.0,5812.0,5828.5,329466
2025-12-11,5840.0,5895.0,5813.0,5847.0,115481
2025-12-12,5848.0,5925.5,5830.0,5915.5,202721
2025-12-15,5915.5,6055.0,5857.0,6038.0,244119
2025-12-16,6059.5,6145.0,6032.0,6066.0,284337
2025-12-17,6060.0,6116.0,6051.0,6096.0,298257
2025-12-18,6132.0,6134.5,6012.5,6040.5,199067
2025-12-19,6020.0,6116.0,5992.5,6103.0,179450
2025-12-22,6102.5,6102.5,6066.0,6083.0,206588
2025-12-23,6083.0,6119.0,6030.0,6061.0,216840
2025-12-24,6065.0,6078.0,6004.0,6030.0,97580
2025-12-26,6006.5,6069.5,6002.0,6032.5,65992
2025-12-29,6039.0,6065.5,6005.0,6041.5,103209
2025-12-30,6045.0,6045.5,5980.0,6013.0,205456
2025-12-31,6013.0,6070.0,5995.0,6031.0,179577
2026-01-01,6031.0,6063.0,5992.0,6009.5,138484
2026-01-02,6009.5,6033.0,5941.5,5984.5,265702
2026-01-05,5970.0,6092.0,5930.5,6026.5,468880
2026-01-06,6040.0,6142.5,5948.5,6129.5,300112
2026-01-07,6200.0,6271.0,6157.5,6185.0,437361
2026-01-08,6155.0,6158.5,5945.5,6033.5,641813
2026-01-09,6033.5,6106.5,5930.0,5977.5,139764
2026-01-12,5977.5,6000.5,5905.0,5943.5,228799
2026-01-13,5930.0,5970.0,5896.0,5918.0,327794
2026-01-14,5893.5,5945.5,5868.0,5906.5,307200
2026-01-16,5875.0,5944.0,5862.0,5898.5,453904
2026-01-19,5898.5,5970.0,5879.0,5943.5,145915
2026-01-20,5943.5,5994.5,5862.0,5884.0,350070
2026-01-21,5870.0,5899.0,5787.0,5802.5,662863
2026-01-22,5850.0,5975.0,5819.0,5932.0,435081
2026-01-23,5950.0,5964.0,5813.5,5835.0,142248
2026-01-27,5839.0,5925.0,5805.0,5886.0,1044402
2026-01-28,5924.0,5924.0,5680.0,5748.5,442618
2026-01-29,5711.5,5733.0,5693.0,5723.0,343244
2026-01-30,5723.0,5887.5,5710.5,5860.5,806045
2026-02-02,5733.0,5899.0,5697.5,5888.5,279213
2026-02-03,5920.0,5975.5,5821.0,5882.0,349825
2026-02-04,5899.5,5965.0,5855.0,5879.0,160343
2026-02-05,5855.0,5946.5,5844.5,5870.5,275290
2026-02-06,5870.0,5917.0,5805.0,5911.0,186858
2026-02-09,5900.5,5915.5,5792.5,5843.0,331118
2026-02-10,5874.0,5893.5,5847.0,5873.5,276901
2026-02-11,6000.0,6156.0,5973.5,6019.0,771051
2026-02-12,6057.0,6148.0,6020.0,6102.0,455997
2026-02-13,6080.0,6098.5,5968.0,5980.5,159821
2026-02-16,5980.0,6134.0,5964.5,6106.0,255274
2026-02-17,6106.0,6154.5,6066.5,6145.5,164220
2026-02-18,6161.0,6190.0,6116.0,6176.0,193569
2026-02-19,6170.0,6198.0,6093.5,6108.5,127940
2026-02-20,6109.0,6137.5,6066.5,6098.5,388361
2026-02-23,6136.0,6150.0,6042.0,6122.5,225252
2026-02-24,6083.0,6173.5,6065.5,6162.5,193510
2026-02-25,6170.0,6208.5,6140.0,6158.0,253773
2026-02-26,6158.0,6187.0,6070.0,6137.0,245317
2026-02-27,6135.5,6142.5,5975.0,6002.5,350612
2026-03-02,5866.0,6001.0,5866.0,5959.0,185417
2026-03-04,5901.5,5924.0,5845.5,5889.5,293377
2026-03-05,5899.0,5997.5,5851.0,5963.0,211179
2026-03-06,5948.0,6013.0,5926.5,5983.0,348722
2026-03-09,5930.0,5932.5,5815.5,5890.0,245594
2026-03-10,5911.0,5995.0,5911.0,5968.0,283327
2026-03-11,5981.0,5995.0,5900.0,5921.5,298621
2026-03-12,5910.0,5910.0,5713.0,5787.0,996754
2026-03-13,5750.0,5881.0,5727.0,5808.5,738522
2026-03-16,5808.5,5872.5,5764.5,5842.0,350827
2026-03-17,5849.0,5868.5,5801.5,5857.5,260165
2026-03-18,5860.5,5914.0,5842.0,5885.0,301564
2026-03-19,5799.0,5852.0,5642.5,5673.5,234382
2026-03-20,5735.0,5749.5,5592.0,5618.5,462806
2026-03-23,5590.0,5590.5,5475.5,5490.0,316325
2026-03-24,5590.0,5600.0,5404.5,5513.5,542905
2026-03-25,5536.5,5737.5,5536.5,5647.0,342559
2026-03-27,5600.0,5627.0,5483.0,5500.0,378825
2026-03-30,5480.0,5533.0,5364.5,5423.0,783793
2026-04-01,5520.0,5538.0,5433.5,5474.0,252740
2026-04-02,5460.0,5471.0,5351.5,5442.0,444248
2026-04-06,5420.0,5548.0,5402.0,5535.0,228390
2026-04-07,5493.0,5552.5,5384.0,5542.0,204113
2026-04-08,5698.5,5698.5,5556.0,5594.5,482250
2026-04-09,5620.0,5659.5,5430.5,5475.0,624921
2026-04-10,5500.0,5570.0,5405.0,5557.5,339513
2026-04-13,5526.5,5613.0,5444.0,5589.0,350782
2026-04-15,5670.0,5724.0,5600.5,5654.5,542939
2026-04-16,5640.0,5705.5,5534.5,5586.0,455115
2026-04-17,5601.5,5750.0,5568.5,5735.5,345936
2026-04-20,5736.0,5762.5,5640.5,5700.0,610941
2026-04-21,5715.0,5864.5,5685.0,5837.5,270416
2026-04-22,5874.0,5924.0,5716.5,5729.5,550506
2026-04-23,5724.0,5728.0,5640.5,5671.5,408915
2026-04-24,5707.5,5753.5,5665.5,5730.5,470926
2026-04-27,5750.0,5804.0,5689.0,5717.5,658091
2026-04-28,5723.0,5735.0,5641.0,5662.0,249233
2026-04-29,5674.0,5734.5,5665.0,5709.0,363567
2026-04-30,5720.0,5752.0,5644.0,5726.0,269033
2026-05-04,5730.0,5821.5,5715.0,5792.5,328011
2026-05-06,5878.0,5880.0,5764.0,5783.0,438886
2026-05-07,5798.0,5891.5,5733.5,5814.0,490345
2026-05-08,5634.0,5654.0,5503.0,5520.0,3173832
2026-05-11,5505.5,5508.0,5395.0,5410.5,668220
2026-05-12,5403.5,5425.0,5315.0,5334.0,655043
2026-05-13,5345.0,5383.5,5279.5,5336.0,405228
2026-05-14,5343.5,5397.0,5310.0,5372.5,340218
2026-05-15,5372.5,5420.0,5365.0,5406.0,151714
2026-05-18,5385.5,5399.0,5289.5,5380.5,374914
2026-05-19,5375.0,5470.5,5375.0,5416.5,271643
2026-05-20,5380.0,5390.5,5321.5,5344.5,462006
2026-05-21,5361.5,5373.0,5292.0,5333.0,485793
2026-05-22,5341.0,5358.5,5298.0,5331.5,498183
2026-05-25,5370.0,5370.0,5309.5,5327.0,284971
2026-05-26,5356.0,5356.0,5311.0,5338.0,193734
2026-05-27,5330.0,5352.5,5301.0,5335.5,195454
2026-05-29,5335.5,5350.0,5164.5,5204.5,1697949
2026-06-01,5208.0,5230.0,5122.0,5157.5,341856
2026-06-02,5120.5,5148.0,5075.0,5117.0,458858
2026-06-03,5130.0,5142.5,5050.0,5064.0,334445
2026-06-04,5051.5,5119.5,5035.0,5090.0,300651
2026-06-05,5095.0,5135.0,5071.0,5120.5,159398
2026-06-08,5094.0,5103.5,5036.5,5078.5,247859
2026-06-09,5079.5,5125.0,5063.5,5107.5,277222
2026-06-10,5110.0,5232.0,5103.5,5171.0,322498
2026-06-11,5160.0,5190.5,5096.5,5113.0,295275
2026-06-12,5128.5,5178.5,5115.0,5165.5,242017
2026-06-15,5250.0,5258.0,5180.0,5199.5,226798
2026-06-16,5199.5,5232.5,5169.5,5217.5,195644
2026-06-17,5220.0,5239.0,5191.0,5232.0,270826
2026-06-18,5230.5,5250.0,5192.5,5245.0,391567
2026-06-19,5211.0,5240.0,5180.0,5195.0,273184
2026-06-22,5205.0,5230.0,5186.5,5217.5,261961
2026-06-23,5217.5,5275.5,5196.0,5241.0,220646
2026-06-24,5219.5,5291.0,5217.0,5262.5,286835
2026-06-25,5262.5,5298.5,5207.0,5237.0,193478
2026-06-29,5233.0,5244.0,5085.0,5102.0,472081
2026-06-30,5112.0,5176.0,5075.5,5146.5,326609
2026-07-01,5146.5,5276.0,5115.0,5262.0,475937
2026-07-02,5287.0,5393.0,5262.0,5374.0,374142
2026-07-03,5409.5,5448.0,5368.0,5379.0,226125
2026-07-06,5379.0,5464.0,5366.0,5454.5,180876
2026-07-07,5454.0,5483.5,5418.5,5447.0,109487
2026-07-08,5410.0,5470.0,5276.0,5315.5,233635
2026-07-09,5326.0,5388.5,5326.0,5361.5,174108
2026-07-10,5390.0,5405.0,5323.0,5353.0,143224
2026-07-13,5335.5,5368.5,5290.5,5348.5,132632
2026-07-14,5244.0,5347.5,5235.5,5283.5,326899
2026-07-15,5311.5,5345.0,5274.0,5315.5,208524
2026-07-16,5311.0,5367.0,5294.0,5310.5,219782
2026-07-17,5312.0,5418.0,5299.0,5412.5,199477
2026-07-20,5412.5,5485.5,5391.5,5470.0,227434
2026-07-21,5466.0,5497.0,5435.0,5482.0,158603
2026-07-22,5478.5,5529.0,5443.5,5485.5,156506
2026-07-23,5475.0,5524.0,5365.5,5388.0,284275
2026-07-24,5383.0,5450.0,5316.5,5379.5,208047
2026-07-27,5399.5,5436.5,5343.0,5384.5,238867
2026-07-28,5380.0,5510.0,5380.0,5478.5,340199
2026-07-29,5499.5,5582.0,5488.5,5517.5,356551
2026-07-30,5528.0,5562.0,5482.5,5524.5,258715
2026-07-31,5445.0,5460.0,5364.0,5416.5,428290
2026-08-03,5422.0,5531.0,5401.0,5531.0,201410
2026-08-04,5502.0,5503.5,5393.5,5478.0,272040
2026-08-05,5461.0,5488.0,5406.0,5440.0,409191
2026-08-07,5502.5,5660.0,5500.0,5510.0,1342849
2026-08-10,5512.5,5643.5,5512.5,5623.5,327625
2026-08-11,5650.0,5652.0,5598.0,5598.0,332689
2026-08-12,5598.0,5645.5,5560.0,5645.5,257865
2026-08-14,5614.5,5630.0,5550.0,5558.0,246713
2026-08-17,5546.0,5588.5,5495.5,5521.0,189361
2026-08-18,5543.5,5561.0,5490.0,5495.0,281420
2026-08-19,5495.0,5550.0,5453.0,5453.0,251106
2026-08-20,5454.5,5555.0,5454.5,5548.0,200063
2026-08-21,5527.5,5533.0,5342.0,5365.0,704494
2026-08-24,5385.0,5385.0,5285.0,5311.0,260158
2026-08-25,5310.5,5382.5,5286.0,5382.5,361146
2026-08-26,5370.0,5388.5,5310.0,5310.0,119636
2026-08-27,5315.0,5360.5,5277.5,5298.0,222346
2026-08-28,5298.0,5355.0,5276.5,5308.5,246611
2026-08-31,5302.0,5302.0,5216.0,5250.0,334255
2026-09-01,5230.0,5256.0,5145.5,5187.0,235479
2026-09-02,5135.0,5172.0,5046.0,5154.0,325672
2026-09-03,5131.5,5146.0,5079.0,5130.0,225559
2026-09-04,5155.0,5160.5,5089.5,5101.5,269673
2026-09-07,5126.0,5126.0,5005.5,5042.5,307760
2026-09-08,5036.0,5091.5,5012.0,5064.0,280231
2026-09-09,5064.0,5113.0,5023.0,5090.0,190380
2026-09-10,5108.0,5108.0,4997.0,5009.0,263129
2026-09-11,4996.0,5012.5,4945.0,4962.0,194857
