Date,Open,High,Low,Close,Volume
2010-06-10,1480.0,1517.0,1477.5,1497.3,1335290
2010-06-11,1502.2,1502.2,1453.75,1466.05,756540
2010-06-14,1439.0,1439.0,1379.6,1411.55,1162246
2010-06-15,1419.9,1434.3,1407.4,1422.2,368915
2010-06-16,1432.0,1432.0,1405.0,1414.15,501165
2010-06-17,1427.8,1427.8,1408.5,1423.45,337446
2010-06-18,1423.45,1434.95,1417.0,1421.7,327949
2010-06-21,1444.0,1468.7,1413.0,1419.2,286956
2010-06-22,1422.0,1439.0,1390.0,1409.45,472937
2010-06-23,1410.1,1457.0,1410.1,1451.2,520979
2010-06-24,1438.0,1478.65,1432.95,1467.0,567008
2010-06-25,1467.0,1496.0,1455.7,1483.8,296032
2010-06-28,1488.0,1506.0,1470.0,1480.1,210223
2010-06-29,1479.65,1490.0,1442.4,1455.1,246184
2010-06-30,1461.25,1484.95,1437.35,1451.25,664111
2010-07-01,1450.0,1472.0,1435.05,1440.45,311748
2010-07-02,1435.95,1454.2,1431.4,1435.8,220411
2010-07-05,1435.0,1474.75,1435.0,1461.35,299587
2010-07-06,1465.1,1479.0,1465.1,1470.55,209365
2010-07-07,1475.95,1479.9,1447.0,1454.25,172745
2010-07-08,1462.0,1474.9,1453.55,1461.5,106534
2010-07-09,1466.0,1479.5,1456.1,1462.9,203419
2010-07-12,1474.4,1479.0,1454.75,1461.45,598254
2010-07-13,1455.05,1472.1,1445.0,1454.9,389668
2010-07-14,1467.0,1476.75,1437.4,1447.6,307026
2010-07-15,1450.0,1486.95,1448.0,1469.4,1933747
2010-07-16,1481.0,1515.0,1472.55,1477.85,454930
2010-07-19,1480.0,1485.6,1466.0,1472.75,167799
2010-07-20,1473.0,1473.0,1425.1,1430.65,452667
2010-07-21,1435.0,1446.75,1384.05,1404.75,958575
2010-07-22,1404.0,1405.0,1362.25,1380.7,753076
2010-07-23,1368.0,1386.9,1277.15,1365.3,1396959
2010-07-26,1371.0,1371.0,1333.6,1343.45,189206
2010-07-27,1335.0,1341.0,1303.45,1330.5,843264
2010-07-28,1331.0,1348.95,1320.0,1333.75,549207
2010-07-29,1321.0,1385.55,1303.0,1377.85,874524
2010-07-30,1385.1,1385.1,1348.0,1354.6,408281
2010-08-02,1360.0,1364.95,1338.35,1356.1,240270
2010-08-03,1357.0,1378.9,1356.0,1373.05,315607
2010-08-04,1375.0,1387.0,1368.15,1376.35,192335
2010-08-05,1375.0,1375.0,1340.3,1344.35,569957
2010-08-06,1344.4,1351.6,1326.75,1338.5,397531
2010-08-09,1349.0,1357.9,1333.2,1338.05,346945
2010-08-10,1344.9,1351.7,1321.45,1332.2,257246
2010-08-11,1325.0,1343.7,1307.5,1314.05,256878
2010-08-12,1309.8,1358.0,1306.5,1347.75,358240
2010-08-13,1345.0,1359.8,1337.05,1339.45,109743
2010-08-16,1395.0,1395.0,1333.3,1354.5,142898
2010-08-17,1350.05,1363.7,1323.65,1330.15,279913
2010-08-18,1339.0,1354.8,1330.0,1337.5,380922
2010-08-19,1351.0,1368.45,1327.7,1340.0,945943
2010-08-20,1332.0,1345.1,1321.0,1326.15,328254
2010-08-23,1328.1,1342.0,1321.0,1330.6,254059
2010-08-24,1330.6,1341.0,1305.15,1328.35,895420
2010-08-25,1329.9,1342.15,1320.05,1323.6,639473
2010-08-26,1337.0,1349.0,1323.5,1339.15,846383
2010-08-27,1339.15,1345.5,1321.0,1327.85,307392
2010-08-30,1346.0,1355.9,1328.35,1346.8,386865
2010-08-31,1346.0,1374.9,1342.0,1364.45,543417
2010-09-01,1370.0,1375.0,1353.6,1368.55,431644
2010-09-02,1373.0,1390.0,1365.55,1377.35,332273
2010-09-03,1384.0,1406.2,1382.0,1389.85,217096
2010-09-06,1405.0,1436.8,1401.0,1430.35,440473
2010-09-07,1432.0,1445.7,1417.1,1431.75,291780
2010-09-08,1430.0,1439.8,1387.75,1404.65,331753
2010-09-09,1418.0,1421.0,1397.0,1403.5,225334
2010-09-13,1421.95,1454.9,1412.3,1448.75,368194
2010-09-14,1456.0,1474.0,1455.1,1461.9,294093
2010-09-15,1465.0,1485.0,1455.25,1469.45,364913
2010-09-16,1465.0,1483.5,1442.0,1459.95,190798
2010-09-17,1459.0,1485.0,1453.0,1476.8,232518
2010-09-20,1474.8,1496.0,1465.35,1472.05,297315
2010-09-21,1483.8,1498.8,1436.2,1490.9,487193
2010-09-22,1495.0,1509.0,1477.55,1498.05,393379
2010-09-23,1500.0,1559.9,1476.15,1492.6,629718
2010-09-24,1504.9,1520.65,1474.0,1496.4,414668
2010-09-27,1511.7,1511.7,1485.1,1493.0,258508
2010-09-28,1475.0,1494.0,1441.65,1459.35,756695
2010-09-29,1465.0,1472.6,1450.45,1459.3,514634
2010-09-30,1460.3,1468.7,1431.0,1441.7,1249063
2010-10-01,1447.95,1489.0,1445.0,1484.55,839231
2010-10-04,1488.0,1521.0,1488.0,1497.6,357735
2010-10-05,1498.0,1518.0,1498.0,1502.55,346431
2010-10-06,1505.1,1529.8,1505.1,1522.65,391750
2010-10-07,1526.0,1574.0,1526.0,1553.0,613766
2010-10-08,1562.95,1586.1,1544.15,1560.4,492686
2010-10-11,1575.0,1580.65,1553.0,1567.9,285337
2010-10-12,1566.0,1577.35,1550.0,1570.35,421366
2010-10-13,1572.0,1595.0,1567.0,1587.1,434650
2010-10-14,1587.1,1644.65,1567.0,1574.9,212100
2010-10-15,1598.0,1604.0,1575.4,1585.25,463955
2010-10-18,1585.25,1620.0,1585.25,1614.8,537380
2010-10-19,1620.0,1645.0,1620.0,1628.6,417940
2010-10-20,1628.6,1629.75,1574.1,1584.5,179327
2010-10-21,1603.9,1630.0,1591.0,1615.95,378495
2010-10-22,1627.0,1630.0,1600.5,1609.5,144202
2010-10-25,1630.1,1649.7,1620.5,1638.6,368872
2010-10-26,1647.7,1657.2,1636.0,1651.6,419033
2010-10-27,1648.0,1660.0,1642.4,1651.3,230848
2010-10-28,1650.0,1663.0,1636.0,1645.9,604925
2010-10-29,1651.0,1674.0,1650.9,1659.6,301353
2010-11-01,1667.0,1686.0,1666.0,1678.9,316245
2010-11-02,1671.0,1699.0,1668.35,1673.95,343254
2010-11-03,1684.0,1710.0,1684.0,1695.4,284030
2010-11-04,1705.0,1738.45,1705.0,1734.15,452340
2010-11-05,1740.0,1765.0,1740.0,1753.6,42963
2010-11-08,1757.0,1772.65,1753.35,1760.05,336055
2010-11-09,1756.1,1779.0,1722.35,1757.15,601473
2010-11-10,1760.5,1784.9,1735.0,1744.0,428296
2010-11-11,1739.0,1749.0,1729.0,1736.3,151046
2010-11-12,1721.0,1761.0,1721.0,1742.95,297940
2010-11-15,1748.0,1766.9,1743.1,1762.4,275359
2010-11-16,1763.0,1766.65,1736.4,1751.7,266195
2010-11-18,1780.0,1780.0,1750.0,1767.85,490596
2010-11-19,1776.0,1794.7,1752.2,1770.5,650164
2010-11-22,1770.0,1781.65,1740.05,1762.7,508147
2010-11-23,1756.1,1778.0,1752.35,1760.2,344993
2010-11-24,1761.15,1813.45,1761.15,1781.25,430480
2010-11-25,1788.5,1813.5,1762.0,1770.15,445481
2010-11-26,1771.0,1802.0,1748.0,1787.15,310810
2010-11-29,1805.1,1805.1,1790.0,1796.85,269940
2010-11-30,1798.0,1803.0,1770.1,1786.7,336358
2010-12-01,1788.0,1788.5,1766.2,1775.65,187933
2010-12-02,1785.0,1798.0,1765.0,1787.7,238372
2010-12-03,1796.0,1834.9,1796.0,1827.95,378982
2010-12-06,1835.0,1850.0,1805.15,1819.4,168249
2010-12-07,1826.0,1849.0,1821.1,1830.1,277305
2010-12-08,1840.0,1848.55,1832.35,1842.35,345846
2010-12-09,1853.0,1854.0,1792.6,1812.5,691329
2010-12-10,1813.0,1833.0,1776.8,1808.35,627267
2010-12-13,1801.0,1827.0,1753.0,1822.1,428477
2010-12-14,1822.0,1838.65,1821.35,1828.7,222886
2010-12-15,1825.0,1831.2,1776.0,1791.1,502684
2010-12-16,1802.0,1804.9,1780.05,1788.8,363005
2010-12-20,1778.0,1780.0,1697.0,1704.2,492541
2010-12-21,1710.0,1736.0,1662.75,1686.7,628992
2010-12-22,1633.95,1711.0,1616.1,1676.85,1542182
2010-12-23,1680.05,1708.15,1674.3,1683.05,234427
2010-12-24,1685.0,1695.1,1671.05,1683.85,123058
2010-12-27,1676.0,1733.5,1676.0,1694.15,275337
2010-12-28,1686.0,1712.2,1680.2,1689.75,200531
2010-12-29,1681.0,1707.8,1681.0,1693.6,190744
2010-12-30,1690.0,1695.0,1676.55,1685.0,385308
2010-12-31,1685.0,1687.0,1656.35,1662.85,539132
2011-01-03,1671.0,1686.0,1664.0,1670.5,175654
2011-01-04,1672.0,1704.7,1670.0,1696.25,316378
2011-01-05,1696.0,1723.6,1694.0,1715.25,459834
2011-01-06,1722.0,1728.0,1710.0,1716.35,293116
2011-01-07,1714.0,1717.85,1636.35,1672.65,209191
2011-01-10,1670.0,1679.65,1625.0,1654.35,282587
2011-01-11,1665.0,1704.0,1658.15,1670.9,229644
2011-01-12,1675.1,1682.0,1622.0,1669.4,239626
2011-01-13,1670.05,1672.0,1633.0,1642.2,267098
2011-01-14,1644.0,1698.0,1640.0,1651.45,234306
2011-01-17,1651.0,1683.0,1622.0,1640.7,229055
2011-01-18,1655.0,1683.0,1626.15,1671.65,171365
2011-01-19,1680.2,1689.0,1649.05,1657.85,126403
2011-01-20,1635.5,1678.0,1635.5,1666.25,312008
2011-01-21,1674.0,1679.9,1648.1,1651.95,601634
2011-01-24,1647.0,1651.65,1623.1,1636.1,869281
2011-01-25,1647.0,1668.8,1569.0,1578.85,928542
2011-01-27,1581.0,1590.0,1546.5,1555.05,1086363
2011-01-28,1547.25,1567.0,1525.3,1563.3,295558
2011-01-31,1591.0,1632.0,1589.25,1624.25,580773
2011-02-01,1632.0,1639.5,1579.0,1609.35,347346
2011-02-02,1620.0,1632.0,1575.8,1613.4,323279
2011-02-03,1609.05,1619.0,1586.55,1600.35,196043
2011-02-04,1607.0,1616.0,1572.0,1580.9,302279
2011-02-07,1581.45,1588.0,1551.0,1565.15,169320
2011-02-08,1584.0,1584.0,1517.25,1534.6,190865
2011-02-09,1526.0,1549.0,1494.05,1518.45,287110
2011-02-10,1509.0,1534.0,1478.0,1491.25,283970
2011-02-11,1485.0,1516.85,1480.3,1497.25,144617
2011-02-14,1499.0,1658.8,1495.0,1541.15,209228
2011-02-15,1544.0,1548.35,1511.05,1538.6,229014
2011-02-16,1520.5,1562.8,1502.0,1511.2,329205
2011-02-17,1516.0,1536.7,1508.65,1525.85,168155
2011-02-18,1525.0,1552.0,1518.2,1537.35,354558
2011-02-21,1537.5,1544.0,1503.55,1537.25,180810
2011-02-22,1531.5,1559.0,1514.0,1550.75,207134
2011-02-23,1546.0,1595.0,1546.0,1578.05,395635
2011-02-24,1568.0,1575.0,1470.15,1500.1,734685
2011-02-25,1520.0,1548.85,1506.35,1527.4,203318
2011-03-01,1540.1,1589.9,1530.05,1582.25,217920
2011-03-03,1575.1,1592.7,1548.95,1579.35,243106
2011-03-04,1586.0,1601.0,1565.0,1571.9,131683
2011-03-07,1561.0,1621.8,1555.0,1614.6,254682
2011-03-08,1617.0,1625.0,1592.35,1602.55,156276
2011-03-09,1605.0,1626.0,1581.05,1619.45,553561
2011-03-10,1609.0,1613.7,1585.45,1590.35,310971
2011-03-11,1580.0,1605.0,1575.1,1586.55,184523
2011-03-14,1590.0,1608.5,1587.0,1597.4,260149
2011-03-15,1579.9,1599.8,1521.0,1540.25,423681
2011-03-16,1560.95,1586.2,1552.0,1570.6,358054
2011-03-17,1545.0,1545.0,1515.0,1526.65,331597
2011-03-18,1532.0,1545.0,1490.0,1493.75,258631
2011-03-21,1509.0,1523.0,1496.05,1510.1,146139
2011-03-22,1516.0,1539.0,1512.15,1533.5,153910
2011-03-23,1530.0,1564.0,1530.0,1556.85,89358
2011-03-24,1561.0,1569.0,1539.3,1542.1,189651
2011-03-25,1558.0,1568.95,1540.25,1548.15,241378
2011-03-28,1548.0,1562.8,1543.35,1549.85,344224
2011-03-29,1551.0,1609.0,1550.0,1598.4,378881
2011-03-30,1617.9,1644.65,1616.0,1634.4,333283
2011-03-31,1636.0,1677.9,1618.0,1639.05,768158
2011-04-01,1644.0,1658.65,1601.2,1617.9,308861
2011-04-04,1631.0,1639.8,1618.1,1629.15,276752
2011-04-05,1635.0,1642.7,1607.1,1639.35,166537
2011-04-06,1638.0,1658.0,1630.0,1640.3,255440
2011-04-07,1642.0,1643.0,1623.0,1628.75,111092
2011-04-08,1625.0,1644.65,1617.15,1629.95,314164
2011-04-11,1631.0,1633.05,1600.5,1614.15,142636
2011-04-13,1611.0,1640.8,1602.3,1636.05,284693
2011-04-15,1645.0,1659.9,1636.05,1654.25,329510
2011-04-18,1655.0,1676.0,1634.0,1646.8,280656
2011-04-19,1645.0,1649.35,1620.0,1625.2,177391
2011-04-20,1630.1,1681.45,1624.3,1676.6,175432
2011-04-21,1683.5,1692.2,1652.0,1656.8,171023
2011-04-25,1660.0,1673.9,1647.3,1655.85,111133
2011-04-26,1653.85,1687.0,1628.2,1679.9,154984
2011-04-27,1671.0,1690.1,1660.0,1666.35,112659
2011-04-28,1668.8,1689.0,1652.0,1679.35,232920
2011-04-29,1694.0,1694.0,1654.0,1663.9,83546
2011-05-02,1684.0,1717.65,1675.35,1692.75,381535
2011-05-03,1691.5,1696.0,1667.0,1683.1,279136
2011-05-04,1675.0,1675.0,1578.0,1600.85,286754
2011-05-05,1600.2,1618.7,1572.5,1580.05,160389
2011-05-06,1586.0,1610.0,1559.0,1606.4,121732
2011-05-09,1624.0,1624.0,1586.7,1597.05,92678
2011-05-10,1599.7,1615.0,1582.1,1593.35,95717
2011-05-11,1598.75,1603.6,1581.3,1598.9,205799
2011-05-12,1592.75,1629.15,1572.35,1598.55,256880
2011-05-13,1617.0,1678.2,1603.15,1651.65,725623
2011-05-16,1645.1,1675.0,1601.6,1618.5,422972
2011-05-17,1624.95,1645.15,1615.0,1628.85,236640
2011-05-18,1630.0,1638.0,1570.9,1588.75,327242
2011-05-19,1595.0,1610.0,1570.05,1599.2,313090
2011-05-20,1600.0,1615.0,1575.0,1600.9,136623
2011-05-23,1600.0,1600.9,1555.1,1566.0,121703
2011-05-24,1575.5,1589.7,1553.1,1558.35,125548
2011-05-25,1550.35,1566.0,1533.0,1544.05,215199
2011-05-26,1552.25,1566.0,1527.0,1550.15,363593
2011-05-27,1549.0,1571.85,1549.0,1559.5,155618
2011-05-30,1568.0,1595.85,1560.0,1579.45,222534
2011-05-31,1582.0,1623.25,1582.0,1615.85,316795
2011-06-01,1614.05,1620.0,1600.05,1610.45,169533
2011-06-02,1599.0,1631.0,1599.0,1606.85,156615
2011-06-03,1619.9,1619.9,1570.0,1575.35,332804
2011-06-06,1565.0,1614.4,1560.05,1607.4,150904
2011-06-07,1605.1,1619.0,1587.6,1604.1,188032
2011-06-08,1605.0,1606.0,1571.1,1577.45,148232
2011-06-09,1588.0,1588.0,1560.0,1563.6,111030
2011-06-10,1570.0,1575.65,1549.0,1562.1,206754
2011-06-13,1554.95,1558.5,1531.95,1536.7,256855
2011-06-14,1545.0,1579.9,1545.0,1554.9,522777
2011-06-15,1532.0,1575.0,1523.1,1555.6,1176253
2011-06-16,1545.1,1558.55,1535.5,1549.55,346200
2011-06-17,1537.0,1557.35,1537.0,1553.35,199595
2011-06-20,1550.0,1555.5,1490.0,1516.1,258967
2011-06-21,1520.0,1539.0,1500.0,1511.2,654274
2011-06-22,1527.2,1527.2,1492.0,1514.5,134684
2011-06-23,1504.05,1505.1,1486.0,1494.6,98326
2011-06-24,1503.7,1509.0,1483.55,1499.7,383551
2011-06-27,1499.0,1521.9,1490.0,1504.8,244584
2011-06-28,1517.7,1548.0,1510.0,1543.2,1154867
2011-06-29,1554.0,1565.75,1545.25,1552.0,542650
2011-06-30,1544.9,1544.9,1511.2,1531.9,796837
2011-07-01,1556.9,1569.9,1515.5,1526.9,540590
2011-07-04,1530.1,1567.8,1530.1,1558.75,214465
2011-07-05,1560.0,1575.0,1555.0,1564.05,243795
2011-07-06,1564.0,1586.9,1511.1,1528.9,867303
2011-07-07,1525.0,1574.9,1524.0,1565.3,572139
2011-07-08,1573.0,1573.9,1545.1,1550.1,194829
2011-07-11,1551.0,1562.0,1532.1,1539.75,185783
2011-07-12,1527.8,1551.0,1525.05,1542.85,274173
2011-07-13,1575.1,1622.95,1575.1,1595.8,1107852
2011-07-14,1589.7,1604.0,1580.0,1591.7,231828
2011-07-15,1581.1,1607.9,1581.0,1600.0,312193
2011-07-18,1600.0,1615.0,1568.65,1576.05,161158
2011-07-19,1573.8,1603.9,1573.8,1599.6,263830
2011-07-20,1620.0,1620.9,1556.5,1566.55,624301
2011-07-21,1550.0,1564.0,1530.25,1539.85,321204
2011-07-22,1551.4,1577.75,1547.5,1569.85,286839
2011-07-25,1566.05,1599.0,1550.0,1588.05,314831
2011-07-26,1586.0,1592.55,1556.25,1578.3,195832
2011-07-27,1577.0,1600.0,1567.4,1589.15,446006
2011-07-28,1578.0,1618.8,1561.55,1603.8,1000351
2011-07-29,1585.0,1598.9,1575.45,1586.05,552995
2011-08-01,1585.0,1612.7,1576.0,1600.5,352530
2011-08-02,1590.0,1614.0,1583.0,1598.45,546784
2011-08-03,1584.0,1588.0,1566.05,1575.2,326089
2011-08-04,1570.0,1571.7,1541.0,1544.1,170389
2011-08-05,1513.0,1537.15,1476.5,1530.7,674748
2011-08-08,1503.0,1569.9,1499.0,1546.3,676310
2011-08-09,1453.05,1509.9,1453.05,1491.5,1096778
2011-08-10,1509.0,1514.0,1474.0,1486.3,244348
2011-08-11,1480.0,1513.15,1478.55,1483.2,290109
2011-08-12,1500.0,1507.85,1478.75,1485.9,202306
2011-08-16,1496.0,1517.0,1492.65,1502.6,245875
2011-08-17,1514.5,1519.95,1473.0,1503.8,172709
2011-08-18,1519.0,1519.0,1450.75,1462.65,191815
2011-08-19,1440.1,1481.85,1394.55,1412.15,848627
2011-08-22,1412.15,1460.0,1386.1,1450.55,258177
2011-08-23,1455.0,1459.0,1425.5,1445.2,228890
2011-08-24,1448.0,1455.0,1431.7,1447.6,118323
2011-08-25,1471.0,1489.8,1447.3,1456.05,656841
2011-08-26,1460.0,1490.0,1434.55,1451.2,302341
2011-08-29,1452.0,1496.8,1447.15,1466.85,335057
2011-08-30,1482.0,1502.0,1451.15,1496.0,357328
2011-09-02,1540.85,1556.7,1497.05,1507.85,530896
2011-09-05,1509.0,1509.0,1475.1,1481.15,253758
2011-09-06,1474.05,1483.75,1463.1,1474.7,328012
2011-09-07,1481.95,1488.4,1463.15,1473.15,381699
2011-09-08,1471.0,1483.9,1452.0,1475.85,301556
2011-09-09,1475.0,1484.95,1460.15,1467.8,333283
2011-09-12,1456.0,1474.0,1435.25,1453.85,183070
2011-09-13,1471.1,1485.0,1447.0,1452.05,197687
2011-09-14,1460.0,1477.0,1446.35,1465.9,480123
2011-09-15,1484.0,1484.0,1456.0,1478.35,350017
2011-09-16,1484.95,1534.8,1466.0,1527.1,456215
2011-09-19,1515.0,1527.0,1501.5,1515.35,145541
2011-09-20,1519.0,1543.95,1511.15,1537.15,318445
2011-09-21,1520.0,1545.9,1518.15,1530.8,248516
2011-09-22,1522.0,1526.65,1490.5,1503.95,264178
2011-09-23,1495.55,1523.0,1480.1,1486.5,393437
2011-09-26,1493.85,1498.0,1472.05,1484.8,213862
2011-09-27,1484.0,1511.3,1479.05,1498.95,218229
2011-09-28,1510.0,1510.0,1473.6,1489.2,239752
2011-09-29,1491.0,1504.35,1479.5,1490.15,321610
2011-09-30,1494.55,1497.1,1472.95,1483.15,206688
2011-10-03,1475.4,1475.4,1448.05,1460.2,237378
2011-10-04,1454.0,1474.0,1440.8,1451.8,243434
2011-10-05,1452.1,1496.0,1450.0,1484.9,230481
2011-10-07,1496.0,1525.0,1495.0,1503.15,314836
2011-10-10,1517.0,1517.0,1489.4,1510.05,344192
2011-10-11,1518.95,1525.0,1492.7,1507.8,138831
2011-10-12,1515.0,1535.0,1510.0,1530.3,262522
2011-10-13,1530.45,1534.0,1490.0,1503.7,155810
2011-10-14,1509.0,1527.0,1498.95,1523.3,237589
2011-10-17,1525.0,1530.1,1501.0,1509.0,218022
2011-10-18,1502.9,1516.1,1492.0,1497.6,297717
2011-10-19,1512.0,1522.0,1497.0,1518.3,228210
2011-10-20,1511.0,1527.85,1507.3,1521.55,200359
2011-10-21,1525.35,1555.0,1512.0,1530.15,305063
2011-10-24,1550.0,1554.95,1538.7,1543.8,297319
2011-10-25,1554.75,1589.8,1546.3,1579.55,814241
2011-10-26,1585.0,1597.9,1570.1,1593.1,55378
2011-10-28,1612.25,1684.7,1612.25,1671.2,494866
2011-10-31,1652.05,1675.0,1647.0,1670.7,304000
2011-11-01,1645.1,1657.45,1600.0,1610.0,257896
2011-11-02,1603.0,1651.7,1598.3,1638.65,195455
2011-11-03,1634.95,1649.0,1621.05,1640.3,329016
2011-11-04,1638.0,1654.85,1594.3,1621.95,322723
2011-11-08,1605.05,1631.85,1601.0,1623.1,127956
2011-11-09,1632.0,1632.0,1600.0,1605.95,99494
2011-11-11,1620.0,1627.35,1604.1,1619.4,218493
2011-11-14,1625.0,1652.95,1625.0,1645.05,707014
2011-11-15,1649.95,1654.0,1605.1,1613.8,214192
2011-11-16,1618.0,1629.0,1604.3,1614.65,267469
2011-11-17,1617.9,1617.9,1541.1,1551.7,341288
2011-11-18,1546.0,1579.9,1545.0,1556.1,536794
2011-11-21,1557.2,1568.0,1505.65,1530.4,433939
2011-11-22,1538.9,1564.75,1509.1,1539.05,355611
2011-11-23,1535.0,1559.8,1500.0,1532.75,338790
2011-11-24,1522.0,1605.0,1516.0,1578.8,516991
2011-11-25,1554.0,1565.0,1533.0,1539.8,224250
2011-11-28,1564.9,1564.9,1541.0,1551.65,282590
2011-11-29,1559.0,1603.7,1552.0,1594.9,455700
2011-11-30,1571.0,1590.0,1562.95,1577.5,379921
2011-12-01,1598.0,1598.0,1536.1,1546.05,634061
2011-12-02,1539.0,1584.45,1531.35,1577.4,257413
2011-12-05,1570.0,1584.85,1552.1,1579.7,315818
2011-12-07,1571.0,1604.2,1540.05,1554.8,464277
2011-12-08,1543.0,1569.0,1538.4,1555.1,320938
2011-12-09,1536.0,1600.0,1536.0,1572.45,574454
2011-12-12,1582.0,1584.0,1542.0,1568.75,368895
2011-12-13,1567.0,1617.05,1565.4,1599.9,689767
2011-12-14,1605.0,1615.95,1577.45,1584.4,342117
2011-12-15,1574.0,1591.6,1571.25,1585.15,546790
2011-12-16,1585.1,1639.0,1582.2,1605.3,557573
2011-12-19,1605.3,1605.3,1564.5,1590.0,363305
2011-12-20,1590.0,1597.5,1562.15,1567.95,329675
2011-12-21,1570.05,1586.0,1552.0,1565.15,368165
2011-12-22,1554.0,1583.25,1545.45,1573.2,226285
2011-12-23,1572.0,1602.95,1572.0,1589.6,246651
2011-12-26,1605.0,1606.8,1575.55,1584.1,116573
2011-12-27,1592.0,1592.0,1575.3,1580.15,107591
2011-12-28,1581.95,1588.9,1556.0,1566.8,101094
2011-12-29,1565.0,1583.15,1562.1,1569.15,392112
2011-12-30,1576.8,1588.85,1565.0,1577.95,116049
2012-01-02,1584.95,1590.0,1565.95,1569.6,95213
2012-01-03,1578.25,1611.9,1575.6,1606.05,177176
2012-01-04,1602.0,1605.35,1578.25,1591.2,250458
2012-01-05,1601.8,1601.8,1570.3,1581.65,240510
2012-01-06,1580.0,1619.0,1570.1,1600.55,381753
2012-01-09,1605.0,1615.85,1590.75,1600.05,272931
2012-01-10,1607.0,1626.45,1603.0,1618.1,351806
2012-01-11,1623.85,1656.0,1614.4,1650.75,391591
2012-01-12,1652.0,1669.75,1644.2,1657.5,231562
2012-01-13,1653.0,1667.0,1636.4,1660.75,235007
2012-01-16,1650.0,1650.0,1627.9,1643.2,125117
2012-01-17,1645.65,1653.5,1622.05,1645.1,263312
2012-01-18,1645.0,1675.0,1640.0,1662.55,286430
2012-01-19,1668.0,1703.85,1655.0,1700.3,348137
2012-01-20,1694.0,1694.0,1632.1,1645.15,427975
2012-01-23,1639.95,1657.95,1631.15,1647.8,177042
2012-01-24,1662.0,1662.0,1638.0,1646.0,178946
2012-01-25,1650.2,1655.95,1628.0,1649.15,470969
2012-01-27,1655.0,1667.0,1534.75,1645.65,805478
2012-01-30,1640.0,1662.3,1626.25,1656.1,200111
2012-01-31,1660.25,1705.0,1650.0,1689.75,426513
2012-02-01,1694.0,1698.8,1667.1,1676.4,200902
2012-02-02,1679.0,1692.55,1601.0,1631.6,651922
2012-02-03,1653.0,1682.0,1635.35,1670.75,1562635
2012-02-06,1690.0,1695.0,1638.45,1647.1,722890
2012-02-07,1677.0,1677.0,1630.0,1633.6,463111
2012-02-08,1633.0,1633.0,1592.0,1621.7,761616
2012-02-09,1610.2,1645.0,1610.2,1638.55,403538
2012-02-10,1645.0,1645.0,1615.0,1621.95,669269
2012-02-13,1621.0,1638.1,1615.0,1626.65,356414
2012-02-14,1623.0,1626.45,1610.0,1610.65,319963
2012-02-15,1612.0,1625.0,1610.0,1620.25,429803
2012-02-16,1621.0,1651.8,1615.1,1621.65,428685
2012-02-17,1626.1,1640.9,1614.0,1634.95,386853
2012-02-21,1636.0,1660.0,1630.5,1649.35,384151
2012-02-22,1650.0,1665.0,1640.05,1646.9,282850
2012-02-23,1635.0,1654.3,1615.0,1630.35,311292
2012-02-24,1635.0,1650.95,1622.05,1629.3,159441
2012-02-27,1613.0,1645.0,1613.0,1630.05,245080
2012-02-28,1636.0,1654.85,1633.4,1648.05,145222
2012-02-29,1660.0,1660.0,1620.0,1642.7,498552
2012-03-01,1631.0,1689.0,1630.45,1667.7,315509
2012-03-02,1673.0,1728.0,1669.95,1677.15,637471
2012-03-05,1685.0,1695.0,1670.0,1674.5,217808
2012-03-06,1671.0,1709.0,1661.45,1689.25,237962
2012-03-07,1673.0,1705.9,1670.0,1692.75,288175
2012-03-09,1697.55,1710.0,1697.55,1702.25,295618
2012-03-12,1703.0,1710.0,1690.1,1697.25,174508
2012-03-13,1695.0,1710.0,1692.65,1695.65,187020
2012-03-14,1705.1,1719.1,1674.85,1679.0,280397
2012-03-15,1677.3,1700.0,1675.0,1680.95,249391
2012-03-16,1697.0,1709.0,1669.2,1680.1,172156
2012-03-19,1686.0,1686.0,1653.8,1675.0,131674
2012-03-20,1677.05,1684.7,1656.5,1676.0,173407
2012-03-21,1678.55,1684.0,1661.6,1675.9,157216
2012-03-22,1680.0,1681.0,1651.65,1664.95,205175
2012-03-23,1656.35,1674.0,1646.05,1665.9,163789
2012-03-26,1667.0,1672.0,1642.0,1663.6,175919
2012-03-27,1675.25,1687.0,1659.55,1681.0,265340
2012-03-28,1685.0,1719.0,1683.05,1699.0,430505
2012-03-29,1701.95,1714.0,1693.5,1706.5,505173
2012-03-30,1712.0,1779.0,1702.1,1764.75,573645
2012-04-02,1774.0,1774.0,1732.5,1738.25,252542
2012-04-03,1750.0,1753.95,1685.85,1693.05,614325
2012-04-04,1700.35,1720.65,1695.7,1712.55,329100
2012-04-09,1704.8,1758.0,1692.25,1750.85,392138
2012-04-10,1750.0,1755.5,1700.1,1714.75,264402
2012-04-11,1714.0,1739.0,1703.25,1731.85,404972
2012-04-12,1730.0,1732.0,1688.5,1693.15,502497
2012-04-13,1709.0,1739.0,1701.0,1735.0,247551
2012-04-16,1728.55,1764.0,1717.75,1759.45,293953
2012-04-17,1798.8,1798.8,1739.95,1760.6,201163
2012-04-18,1760.05,1781.5,1752.0,1767.15,165803
2012-04-19,1777.0,1813.0,1771.25,1806.45,227728
2012-04-20,1792.15,1815.85,1770.3,1793.1,167550
2012-04-23,1800.0,1814.2,1771.25,1778.2,119802
2012-04-24,1782.0,1795.95,1756.05,1763.45,190036
2012-04-25,1781.0,1791.05,1745.0,1781.8,256473
2012-04-26,1780.0,1792.0,1760.25,1774.2,290348
2012-04-27,1776.25,1789.9,1761.2,1781.0,151262
2012-04-30,1784.7,1790.0,1735.2,1762.95,196544
2012-05-02,1764.25,1780.75,1749.1,1759.85,134493
2012-05-03,1765.95,1770.0,1739.25,1747.65,249570
2012-05-04,1750.0,1762.25,1735.0,1747.65,218817
2012-05-07,1740.0,1746.0,1708.0,1715.4,163650
2012-05-08,1719.95,1730.2,1695.0,1709.5,134028
2012-05-09,1709.85,1724.95,1679.25,1684.0,224620
2012-05-10,1699.0,1716.0,1681.0,1697.65,250959
2012-05-11,1700.0,1715.0,1644.65,1660.3,588980
2012-05-14,1683.9,1694.9,1652.0,1671.95,265674
2012-05-15,1670.0,1670.0,1634.95,1659.35,243713
2012-05-16,1649.0,1678.4,1631.25,1663.45,516161
2012-05-17,1673.0,1686.35,1652.1,1663.3,276731
2012-05-18,1638.35,1667.1,1638.35,1660.3,370342
2012-05-21,1665.0,1672.3,1650.0,1652.9,240070
2012-05-22,1660.0,1696.45,1645.25,1659.35,256261
2012-05-23,1650.0,1682.7,1648.1,1674.8,134222
2012-05-24,1668.0,1717.1,1655.0,1707.0,208250
2012-05-25,1700.1,1703.75,1672.85,1692.15,204102
2012-05-28,1682.1,1703.0,1677.95,1697.0,63942
2012-05-29,1699.9,1707.9,1688.0,1700.95,196445
2012-05-30,1705.0,1705.0,1667.1,1683.5,194787
2012-05-31,1673.0,1689.8,1669.55,1685.6,402275
2012-06-01,1687.9,1687.9,1633.45,1650.0,308119
2012-06-04,1631.0,1645.5,1601.05,1622.05,324550
2012-06-05,1619.0,1623.35,1596.0,1618.4,299768
2012-06-06,1611.0,1639.0,1601.3,1615.5,676133
2012-06-07,1624.0,1624.0,1607.0,1617.15,569719
2012-06-08,1597.2,1629.0,1597.2,1621.25,428534
2012-06-11,1623.6,1638.4,1603.1,1610.6,245196
2012-06-12,1599.8,1599.9,1563.0,1581.8,430104
2012-06-13,1580.0,1590.0,1565.0,1568.85,218583
2012-06-14,1578.95,1580.0,1543.05,1555.15,243118
2012-06-15,1552.15,1587.5,1546.0,1579.3,332785
2012-06-18,1587.9,1589.25,1536.0,1543.1,302934
2012-06-19,1540.0,1552.8,1526.4,1546.75,655162
2012-06-20,1544.8,1603.9,1544.8,1591.6,554107
2012-06-21,1577.0,1598.0,1569.8,1586.1,334053
2012-06-22,1569.9,1589.9,1569.9,1584.05,232520
2012-06-25,1575.0,1594.9,1575.0,1590.25,412128
2012-06-26,1590.25,1609.0,1590.25,1600.9,330107
2012-06-27,1608.0,1614.9,1600.0,1609.45,240901
2012-06-28,1602.0,1621.75,1600.0,1611.5,330655
2012-06-29,1622.0,1653.6,1621.1,1648.15,278832
2012-07-02,1636.0,1649.9,1629.0,1644.0,267695
2012-07-03,1652.25,1675.0,1652.25,1668.6,469922
2012-07-04,1672.0,1683.4,1627.05,1642.3,522381
2012-07-05,1630.25,1637.7,1615.65,1628.5,379749
2012-07-06,1632.25,1640.9,1614.0,1634.4,198046
2012-07-09,1625.0,1647.0,1620.0,1640.2,201391
2012-07-10,1649.8,1669.0,1641.25,1657.95,238930
2012-07-11,1661.25,1663.9,1633.85,1644.75,293174
2012-07-12,1636.0,1658.9,1636.0,1649.5,115697
2012-07-13,1664.9,1664.9,1639.0,1646.6,161834
2012-07-16,1653.1,1695.0,1630.45,1675.35,311388
2012-07-17,1690.0,1719.8,1687.3,1704.55,384352
2012-07-18,1711.0,1714.8,1661.8,1672.45,265897
2012-07-19,1686.0,1697.5,1642.55,1654.55,878174
2012-07-20,1640.0,1640.0,1597.8,1611.2,1133680
2012-07-23,1602.1,1633.95,1590.5,1629.4,312921
2012-07-24,1634.6,1638.75,1603.8,1627.15,347458
2012-07-25,1634.0,1634.0,1593.0,1615.7,219852
2012-07-26,1615.0,1648.5,1609.95,1623.0,645095
2012-07-27,1630.25,1637.0,1611.0,1621.35,283823
2012-07-30,1630.0,1639.0,1610.25,1625.15,512333
2012-07-31,1639.8,1639.8,1601.3,1614.95,363593
2012-08-01,1615.0,1642.8,1615.0,1635.95,202857
2012-08-02,1637.0,1650.0,1619.0,1647.0,172073
2012-08-03,1644.8,1678.0,1644.5,1673.45,320272
2012-08-06,1681.8,1684.8,1652.5,1658.05,138195
2012-08-07,1666.0,1674.75,1630.75,1659.3,161944
2012-08-08,1645.0,1668.0,1642.6,1657.35,150943
2012-08-09,1667.9,1667.9,1645.0,1649.35,174785
2012-08-10,1649.8,1654.6,1637.95,1644.65,164804
2012-08-13,1645.0,1645.15,1634.1,1640.15,177464
2012-08-14,1652.0,1652.0,1630.0,1645.65,258312
2012-08-16,1647.25,1669.3,1638.0,1658.6,202769
2012-08-17,1664.9,1680.0,1643.2,1669.0,276224
2012-08-21,1660.2,1665.9,1641.5,1659.95,241829
2012-08-22,1656.8,1696.0,1656.8,1676.1,357204
2012-08-23,1687.9,1707.25,1672.0,1675.05,236227
2012-08-24,1678.0,1682.5,1662.7,1677.1,140487
2012-08-27,1679.5,1698.0,1665.1,1671.1,170554
2012-08-28,1672.5,1700.0,1667.05,1695.25,153747
2012-08-29,1698.0,1708.0,1676.05,1687.65,219386
2012-08-30,1688.0,1702.5,1667.0,1695.7,430491
2012-08-31,1685.0,1702.85,1668.0,1677.6,199879
2012-09-03,1675.05,1682.05,1662.25,1670.2,215002
2012-09-04,1673.0,1686.65,1667.3,1681.2,189761
2012-09-05,1679.25,1689.95,1654.2,1676.45,178251
2012-09-06,1670.25,1677.65,1665.0,1673.7,114027
2012-09-07,1686.0,1702.0,1681.25,1700.1,279599
2012-09-10,1735.0,1750.0,1711.25,1716.65,583667
2012-09-11,1720.0,1734.0,1712.8,1725.85,171192
2012-09-12,1735.0,1785.75,1731.0,1769.4,469604
2012-09-13,1775.0,1797.0,1754.2,1778.8,418524
2012-09-14,1815.0,1815.0,1739.55,1747.5,467255
2012-09-17,1756.3,1759.0,1662.0,1670.5,909462
2012-09-18,1685.0,1689.0,1660.0,1676.65,662543
2012-09-20,1674.0,1682.2,1658.0,1665.05,774304
2012-09-21,1673.0,1704.7,1639.0,1643.7,822806
2012-09-24,1647.35,1674.2,1647.35,1665.75,550529
2012-09-25,1672.25,1675.0,1649.35,1655.0,287632
2012-09-26,1650.0,1653.75,1618.0,1623.55,522396
2012-09-27,1618.25,1639.4,1616.3,1622.8,678858
2012-09-28,1629.95,1651.95,1624.0,1645.65,777267
2012-10-01,1650.0,1657.0,1638.0,1646.45,232619
2012-10-03,1652.25,1699.0,1647.0,1683.15,617326
2012-10-04,1696.0,1726.9,1693.1,1720.2,639183
2012-10-05,1729.9,1733.05,1527.55,1697.3,474845
2012-10-08,1695.0,1714.0,1676.0,1701.95,244573
2012-10-09,1710.0,1734.9,1696.1,1708.0,250482
2012-10-10,1704.1,1706.75,1688.0,1691.7,175361
2012-10-11,1691.9,1730.0,1682.2,1702.45,354133
2012-10-12,1710.9,1718.0,1676.1,1683.95,163425
2012-10-15,1694.75,1704.9,1685.3,1701.2,230438
2012-10-16,1718.0,1718.0,1683.95,1691.25,165153
2012-10-17,1709.9,1709.9,1680.35,1691.0,149500
2012-10-18,1696.0,1708.5,1685.0,1695.65,164483
2012-10-19,1698.0,1715.0,1691.0,1704.45,255249
2012-10-22,1704.7,1731.95,1704.7,1728.75,243677
2012-10-23,1727.9,1750.8,1725.55,1731.2,215137
2012-10-25,1729.0,1737.2,1685.25,1694.5,414028
2012-10-26,1694.5,1700.45,1661.9,1670.25,291702
2012-10-29,1682.35,1704.75,1681.05,1697.7,109074
2012-10-30,1705.2,1739.0,1700.55,1724.3,652618
2012-10-31,1736.0,1782.0,1736.0,1756.5,683093
2012-11-01,1767.0,1771.65,1758.8,1765.1,533865
2012-11-02,1766.0,1782.5,1766.0,1774.65,513659
2012-11-05,1760.0,1812.9,1757.1,1797.6,568078
2012-11-06,1785.0,1802.2,1778.55,1786.65,197328
2012-11-07,1787.0,1810.0,1772.5,1794.1,250506
2012-11-08,1787.0,1802.55,1768.95,1776.95,188665
2012-11-09,1781.0,1790.0,1762.7,1768.85,136277
2012-11-12,1768.0,1784.9,1750.5,1776.8,176766
2012-11-13,1787.8,1788.0,1747.0,1755.35,42559
2012-11-15,1752.8,1762.25,1712.0,1721.65,202145
2012-11-16,1711.05,1784.95,1711.05,1756.9,430225
2012-11-19,1751.3,1774.8,1725.1,1738.0,283544
2012-11-20,1745.0,1764.75,1720.55,1738.45,226569
2012-11-21,1742.9,1742.9,1725.55,1736.1,171498
2012-11-22,1743.95,1750.0,1726.0,1730.15,84159
2012-11-23,1720.0,1749.8,1715.8,1743.0,122103
2012-11-26,1738.0,1774.9,1738.0,1759.75,272558
2012-11-27,1765.25,1795.0,1765.25,1787.55,167359
2012-11-29,1801.0,1826.9,1791.4,1808.55,712928
2012-11-30,1803.0,1830.0,1785.5,1819.4,755311
2012-12-03,1822.25,1849.0,1822.25,1831.0,340609
2012-12-04,1832.05,1845.5,1820.25,1831.75,218383
2012-12-05,1843.0,1843.25,1822.65,1832.5,468116
2012-12-06,1842.9,1850.0,1814.25,1846.55,119580
2012-12-07,1849.0,1849.85,1830.1,1839.4,304100
2012-12-10,1846.0,1905.05,1833.2,1883.75,296440
2012-12-11,1895.0,1915.5,1864.75,1881.2,554083
2012-12-12,1879.9,1884.9,1859.1,1873.65,265851
2012-12-13,1878.0,1897.8,1847.1,1851.95,306147
2012-12-14,1856.25,1863.7,1825.0,1830.05,266915
2012-12-17,1831.9,1851.5,1831.15,1844.3,268692
2012-12-18,1846.25,1860.25,1825.9,1839.0,474428
2012-12-19,1830.0,1860.2,1829.2,1852.75,453962
2012-12-20,1842.25,1860.2,1838.1,1845.8,288922
2012-12-21,1847.0,1847.9,1812.0,1821.0,246281
2012-12-24,1822.25,1840.0,1811.0,1822.35,220785
2012-12-26,1822.0,1838.0,1812.0,1818.85,217946
2012-12-27,1834.8,1854.4,1824.1,1828.95,461804
2012-12-28,1827.7,1838.0,1818.6,1826.55,187748
2012-12-31,1828.0,1831.8,1816.0,1829.75,113090
2013-01-01,1831.6,1840.0,1821.1,1835.75,186366
2013-01-02,1842.25,1852.75,1834.3,1837.7,192449
2013-01-03,1849.0,1891.5,1841.1,1882.3,584794
2013-01-04,1880.0,1895.0,1875.0,1889.35,403207
2013-01-07,1895.0,1907.0,1871.7,1887.6,502796
2013-01-08,1889.0,1921.75,1882.95,1908.15,370157
2013-01-09,1905.25,1927.0,1896.1,1910.9,607175
2013-01-10,1915.1,1922.85,1893.6,1910.05,462822
2013-01-11,1915.0,1915.0,1880.9,1899.85,586237
2013-01-14,1900.1,1918.9,1900.0,1913.05,451885
2013-01-15,1916.0,1916.0,1897.1,1902.35,480337
2013-01-16,1905.0,1954.1,1905.0,1929.9,344914
2013-01-17,1935.0,1948.0,1925.05,1938.5,253191
2013-01-18,1934.95,1934.95,1882.1,1891.15,357501
2013-01-21,1891.0,1927.9,1890.5,1922.8,194124
2013-01-22,1921.95,1921.95,1902.25,1912.45,459325
2013-01-23,1923.9,1932.4,1910.75,1922.3,310577
2013-01-24,1923.0,1943.6,1903.15,1935.2,1029197
2013-01-25,1936.0,1970.0,1935.4,1945.15,432202
2013-01-28,1946.0,1957.4,1935.25,1940.75,321598
2013-01-29,1940.75,1950.0,1917.0,1937.85,99897
2013-01-30,1945.0,1945.0,1926.1,1932.7,242675
2013-01-31,1937.0,1942.0,1908.65,1915.9,529632
2013-02-01,1922.0,1959.0,1922.0,1945.3,509775
2013-02-04,1961.0,1961.0,1906.0,1912.35,154178
2013-02-05,1912.35,1912.35,1895.05,1899.85,237351
2013-02-06,1908.0,1919.5,1888.1,1899.25,203423
2013-02-07,1895.1,1913.5,1883.0,1895.2,388851
2013-02-08,1884.1,1900.0,1847.4,1855.4,204267
2013-02-11,1873.8,1909.9,1871.25,1898.85,1059847
2013-02-12,1921.1,1921.2,1903.2,1915.05,468367
2013-02-13,1920.0,1920.0,1873.05,1905.2,779610
2013-02-14,1906.0,1908.0,1852.45,1874.35,1046407
2013-02-15,1870.0,1878.8,1812.0,1818.9,532966
2013-02-18,1820.95,1830.65,1792.3,1802.2,435533
2013-02-19,1803.0,1828.8,1788.0,1823.5,298350
2013-02-20,1827.95,1836.9,1812.3,1825.8,370579
2013-02-21,1823.8,1831.9,1800.0,1821.2,220512
2013-02-22,1815.0,1824.95,1790.1,1816.2,239461
2013-02-25,1805.0,1814.0,1791.55,1804.35,325194
2013-02-26,1803.1,1808.3,1758.0,1769.15,185210
2013-02-27,1752.5,1768.95,1733.45,1755.85,347581
2013-02-28,1768.0,1779.9,1725.1,1755.45,451853
2013-03-01,1752.0,1772.0,1720.4,1741.85,236482
2013-03-04,1741.1,1772.0,1738.9,1765.1,318943
2013-03-05,1765.0,1804.5,1751.3,1793.95,226517
2013-03-06,1799.9,1814.9,1780.0,1809.8,255988
2013-03-07,1802.0,1824.0,1793.55,1808.7,137664
2013-03-08,1817.0,1829.4,1782.05,1819.2,280518
2013-03-11,1819.0,1819.0,1801.0,1813.15,179908
2013-03-12,1810.0,1828.5,1808.9,1817.15,139898
2013-03-13,1816.0,1822.9,1799.9,1807.95,155068
2013-03-14,1808.0,1822.95,1801.05,1817.0,166728
2013-03-15,1822.0,1834.0,1806.0,1822.65,183922
2013-03-18,1791.0,1822.75,1785.65,1802.9,310064
2013-03-19,1798.95,1810.0,1782.0,1797.85,357701
2013-03-20,1783.0,1805.0,1780.85,1800.0,248366
2013-03-21,1800.0,1806.65,1750.0,1772.25,298233
2013-03-22,1760.25,1794.15,1748.05,1752.1,207853
2013-03-25,1794.0,1796.0,1738.5,1765.9,223909
2013-03-26,1756.0,1784.5,1753.2,1763.15,213255
2013-03-28,1755.55,1787.9,1731.2,1766.5,419974
2013-04-01,1779.0,1838.3,1768.25,1825.9,379436
2013-04-02,1825.0,1844.05,1816.25,1839.35,473675
2013-04-03,1844.9,1844.9,1831.0,1837.85,194499
2013-04-04,1834.75,1904.75,1831.25,1889.75,479378
2013-04-05,1873.0,1930.0,1873.0,1911.55,614294
2013-04-08,1901.0,1949.0,1880.0,1936.7,450096
2013-04-09,1935.0,1935.95,1903.05,1916.5,570212
2013-04-10,1917.9,1918.0,1890.45,1899.7,257755
2013-04-11,1905.1,1919.5,1873.65,1885.15,540540
2013-04-12,1870.0,1921.0,1869.95,1903.8,239899
2013-04-15,1904.0,1904.0,1845.25,1852.65,127097
2013-04-16,1853.35,1936.45,1853.1,1923.7,182606
2013-04-17,1917.0,1935.0,1864.3,1907.9,221651
2013-04-18,1919.0,1919.0,1896.0,1906.1,184417
2013-04-22,1905.0,1905.0,1859.1,1886.35,209681
2013-04-23,1892.0,1917.35,1885.05,1901.5,233351
2013-04-25,1917.8,2000.0,1910.0,1992.5,1084753
2013-04-26,1990.0,2010.0,1973.4,1990.85,489333
2013-04-29,1992.0,2018.9,1980.0,1997.35,155864
2013-04-30,2000.0,2038.65,1984.95,2028.2,461599
2013-05-02,2023.1,2035.9,2005.85,2009.65,258750
2013-05-03,2005.0,2020.0,1998.05,2001.45,112023
2013-05-06,2003.25,2015.0,1987.0,1992.95,431404
2013-05-07,1992.3,2004.5,1973.45,1991.9,221147
2013-05-08,1995.25,2003.0,1970.0,1998.75,266876
2013-05-09,1999.0,2018.0,1981.2,1986.95,189635
2013-05-10,1984.0,2029.0,1984.0,2022.25,433919
2013-05-13,2109.0,2152.0,2052.25,2077.3,687285
2013-05-14,2094.0,2120.0,2017.9,2027.9,1101119
2013-05-15,2034.0,2073.95,2034.0,2065.3,751455
2013-05-16,2085.25,2144.6,2082.65,2118.95,546032
2013-05-17,2126.8,2126.8,2072.0,2078.3,248619
2013-05-20,2083.0,2103.1,2037.3,2044.8,426826
2013-05-21,2055.1,2066.75,2013.75,2020.85,541812
2013-05-22,2026.0,2073.4,2026.0,2055.75,295263
2013-05-23,2060.75,2074.05,2033.0,2051.45,399910
2013-05-24,2068.0,2071.05,2053.45,2066.1,342628
2013-05-27,2066.0,2102.4,2062.7,2090.95,346286
2013-05-28,2090.0,2132.4,2086.0,2116.85,650043
2013-05-29,2109.0,2142.5,2085.05,2122.75,285437
2013-05-30,2122.75,2132.0,2087.65,2107.65,431141
2013-05-31,2100.0,2129.6,2085.3,2092.0,350294
2013-06-03,2093.1,2129.0,2080.75,2111.85,272325
2013-06-04,2128.5,2165.1,2120.7,2157.1,362324
2013-06-05,2165.0,2173.0,2152.0,2160.65,247939
2013-06-06,2147.0,2159.75,2121.1,2137.85,362768
2013-06-07,2136.35,2199.0,2132.0,2190.3,458985
2013-06-10,2197.0,2207.15,2171.25,2181.5,309241
2013-06-11,2175.3,2204.85,2153.0,2183.95,363503
2013-06-12,2183.0,2194.9,2165.0,2178.45,318798
2013-06-13,2178.45,2199.0,2148.05,2159.05,256052
2013-06-14,2168.0,2184.75,2154.25,2175.85,221197
2013-06-17,2191.25,2204.9,2136.5,2146.45,234619
2013-06-18,2147.0,2150.0,2120.0,2130.95,189805
2013-06-19,2137.0,2143.0,2078.4,2099.7,233753
2013-06-20,2055.0,2095.1,2052.25,2077.65,293549
2013-06-21,2077.0,2130.0,2034.2,2121.4,344330
2013-06-24,2111.1,2136.5,2080.15,2103.05,190741
2013-06-25,2116.0,2126.95,2085.0,2099.65,242637
2013-06-26,2107.0,2120.0,2081.2,2095.85,344654
2013-06-27,2105.0,2179.15,2105.0,2159.25,612087
2013-06-28,2166.0,2233.9,2166.0,2218.85,420527
2013-07-01,2217.9,2285.0,2217.0,2263.8,401124
2013-07-02,2263.0,2288.55,2240.6,2263.4,272890
2013-07-03,2246.0,2260.0,2154.8,2210.85,363693
2013-07-04,2249.0,2249.0,2202.65,2222.8,274002
2013-07-05,2250.0,2250.0,2221.25,2238.85,224376
2013-07-08,2216.0,2268.15,2208.7,2248.75,235203
2013-07-09,2260.0,2291.0,2233.1,2284.2,167535
2013-07-10,2294.2,2297.0,2246.1,2261.5,229049
2013-07-11,2261.0,2306.15,2261.0,2295.85,252961
2013-07-12,2300.75,2358.7,2254.0,2349.45,397780
2013-07-15,2340.0,2404.8,2328.0,2347.65,316518
2013-07-16,2312.0,2355.55,2265.15,2278.4,785705
2013-07-17,2298.5,2333.0,2295.0,2311.15,517584
2013-07-18,2332.0,2347.35,2312.3,2339.5,604164
2013-07-19,2340.0,2365.0,2321.4,2346.1,229774
2013-07-22,2346.0,2365.2,2307.7,2319.45,607394
2013-07-23,2321.0,2374.8,2321.0,2361.25,418045
2013-07-24,2370.0,2393.95,2330.25,2346.2,297654
2013-07-25,2368.0,2385.9,2306.5,2317.95,369358
2013-07-26,2340.0,2340.0,2258.0,2294.45,147042
2013-07-29,2283.0,2294.15,2205.1,2217.7,260041
2013-07-30,2225.0,2260.0,2145.6,2177.25,1015472
2013-07-31,2150.05,2294.35,2135.8,2281.2,605278
2013-08-01,2300.0,2329.0,2236.1,2278.45,621878
2013-08-02,2275.0,2275.0,2213.25,2238.7,429804
2013-08-05,2244.8,2264.0,2201.45,2209.95,246328
2013-08-06,2200.0,2232.0,2188.4,2198.2,185211
2013-08-07,2205.0,2262.0,2175.55,2254.65,267333
2013-08-08,2249.0,2249.0,2202.15,2224.0,219845
2013-08-12,2235.0,2235.05,2157.55,2181.15,553674
2013-08-13,2180.4,2246.0,2161.75,2238.25,363898
2013-08-14,2220.0,2241.8,2200.0,2211.1,329020
2013-08-16,2192.0,2215.25,2150.1,2166.15,456542
2013-08-19,2150.0,2187.9,2132.0,2141.1,212585
2013-08-20,2085.15,2164.8,2085.15,2138.75,322964
2013-08-21,2135.05,2135.9,2027.0,2046.6,441611
2013-08-22,2046.6,2120.0,2046.6,2108.55,248498
2013-08-23,2103.0,2131.95,2062.2,2119.75,274211
2013-08-26,2123.0,2188.0,2120.0,2150.85,287498
2013-08-27,2140.0,2199.0,2120.2,2167.45,283116
2013-08-28,2125.0,2191.2,2125.0,2171.8,354203
2013-08-29,2197.0,2274.55,2163.0,2258.45,459180
2013-09-03,2285.6,2296.85,2194.2,2206.6,274385
2013-09-04,2207.0,2299.0,2206.6,2274.95,253044
2013-09-05,2287.0,2334.5,2280.0,2294.1,237720
2013-09-06,2271.0,2345.0,2263.35,2284.65,319797
2013-09-10,2290.1,2306.85,2257.25,2266.4,369579
2013-09-11,2266.0,2283.85,2245.0,2250.05,243438
2013-09-12,2267.0,2288.5,2210.0,2246.7,254216
2013-09-13,2249.05,2272.9,2232.0,2249.3,128235
2013-09-16,2265.0,2296.3,2208.5,2224.05,175113
2013-09-17,2232.0,2325.9,2232.0,2304.45,297319
2013-09-18,2320.0,2366.9,2319.9,2353.45,342567
2013-09-19,2383.0,2400.0,2337.0,2377.75,281410
2013-09-20,2360.65,2405.0,2345.0,2366.25,249650
2013-09-23,2335.0,2397.0,2319.0,2378.9,283806
2013-09-24,2377.0,2419.5,2373.0,2394.9,402170
2013-09-25,2380.0,2445.0,2369.0,2429.1,408283
2013-09-26,2430.05,2474.4,2417.0,2457.05,320429
2013-09-27,2450.1,2453.0,2405.1,2412.2,217054
2013-09-30,2398.0,2420.6,2367.05,2381.15,184831
2013-10-01,2372.95,2429.0,2372.95,2407.65,295662
2013-10-03,2405.0,2449.9,2399.1,2429.75,254677
2013-10-04,2425.0,2430.0,2361.05,2371.7,290907
2013-10-07,2374.0,2398.0,2368.0,2385.65,153131
2013-10-08,2391.0,2419.75,2385.0,2392.8,172879
2013-10-09,2384.0,2435.25,2371.5,2404.4,210668
2013-10-10,2405.0,2423.7,2391.1,2396.6,238424
2013-10-11,2410.0,2419.4,2383.4,2401.95,113414
2013-10-14,2409.0,2445.95,2402.0,2421.35,234891
2013-10-15,2440.0,2444.8,2397.4,2410.35,263089
2013-10-17,2385.0,2430.0,2385.0,2410.6,159466
2013-10-18,2425.0,2473.0,2415.75,2459.95,344209
2013-10-21,2461.25,2484.0,2427.35,2440.7,279229
2013-10-22,2415.0,2459.0,2415.0,2430.9,220683
2013-10-23,2424.0,2440.7,2366.6,2399.65,235714
2013-10-24,2405.0,2419.0,2354.0,2391.65,290374
2013-10-25,2394.0,2416.4,2371.35,2405.5,241908
2013-10-28,2411.6,2428.0,2389.0,2400.0,149803
2013-10-29,2405.9,2438.9,2404.05,2429.35,568355
2013-10-30,2436.0,2544.6,2434.0,2523.15,602479
2013-10-31,2529.0,2545.15,2431.0,2456.4,1432818
2013-11-01,2456.0,2489.95,2443.0,2471.3,447409
2013-11-05,2485.0,2487.05,2400.05,2406.3,269502
2013-11-06,2410.0,2425.0,2377.1,2397.7,203325
2013-11-07,2415.0,2422.7,2382.0,2410.8,265935
2013-11-08,2410.0,2435.55,2393.6,2402.3,169617
2013-11-11,2406.0,2480.0,2406.0,2470.65,280269
2013-11-12,2488.8,2488.8,2455.3,2470.0,259959
2013-11-13,2471.0,2490.0,2440.05,2470.05,199328
2013-11-14,2465.0,2484.0,2445.55,2461.6,124272
2013-11-18,2487.0,2487.15,2432.0,2466.6,255826
2013-11-19,2470.0,2480.45,2432.35,2451.85,166836
2013-11-20,2434.55,2461.55,2416.5,2426.2,227466
2013-11-21,2426.0,2447.75,2390.0,2409.55,145041
2013-11-22,2431.85,2452.65,2398.1,2433.75,189165
2013-11-25,2445.0,2453.0,2410.35,2440.15,134939
2013-11-26,2440.0,2450.0,2394.0,2411.4,258687
2013-11-27,2413.7,2453.95,2400.05,2428.2,403814
2013-11-28,2444.7,2485.0,2435.75,2456.75,302265
2013-11-29,2459.0,2500.0,2456.0,2484.8,277559
2013-12-02,2499.0,2506.4,2467.3,2498.6,194215
2013-12-03,2499.0,2499.75,2452.1,2466.15,197536
2013-12-04,2450.0,2488.0,2440.45,2449.85,230978
2013-12-05,2468.7,2475.2,2400.0,2414.75,388154
2013-12-06,2425.0,2445.0,2415.0,2422.7,247914
2013-12-09,2462.0,2463.0,2427.45,2454.25,272490
2013-12-10,2455.0,2468.9,2431.0,2453.0,151345
2013-12-11,2455.0,2455.0,2420.1,2442.0,95642
2013-12-12,2422.0,2431.95,2400.05,2403.4,156938
2013-12-13,2404.1,2423.5,2391.15,2400.5,186381
2013-12-16,2407.0,2423.9,2395.5,2400.3,206557
2013-12-17,2412.0,2439.6,2412.0,2427.25,205915
2013-12-18,2436.5,2475.0,2436.5,2468.6,218455
2013-12-19,2470.05,2490.0,2435.0,2463.5,299157
2013-12-20,2484.0,2517.05,2457.75,2512.7,375383
2013-12-23,2517.0,2545.0,2504.0,2513.4,261380
2013-12-24,2530.0,2549.0,2519.8,2539.55,104260
2013-12-26,2540.2,2557.55,2483.0,2513.45,225980
2013-12-27,2519.9,2530.0,2513.9,2519.65,140553
2013-12-30,2522.05,2548.75,2511.15,2525.6,209006
2013-12-31,2532.25,2550.0,2521.0,2534.6,112933
2014-01-01,2545.0,2545.0,2529.35,2537.45,27816
2014-01-02,2525.6,2550.0,2513.35,2528.5,102531
2014-01-03,2520.0,2522.95,2485.0,2495.7,106312
2014-01-06,2514.95,2514.95,2460.2,2471.25,132967
2014-01-07,2472.2,2508.0,2464.6,2491.25,223225
2014-01-08,2495.0,2540.0,2470.8,2532.25,223471
2014-01-09,2541.0,2596.9,2525.25,2586.9,419693
2014-01-10,2600.0,2631.0,2562.25,2625.55,519695
2014-01-13,2630.0,2639.75,2600.0,2626.55,253075
2014-01-14,2622.0,2665.5,2616.55,2649.0,263864
2014-01-15,2650.1,2663.9,2641.0,2650.2,268234
2014-01-16,2652.0,2656.0,2624.0,2644.5,317440
2014-01-17,2643.0,2665.7,2641.6,2651.85,438475
2014-01-20,2630.0,2682.5,2629.25,2653.4,295063
2014-01-21,2650.1,2668.9,2636.1,2651.55,192975
2014-01-22,2653.55,2688.0,2645.25,2670.6,197313
2014-01-23,2675.2,2687.75,2660.5,2669.2,171249
2014-01-24,2663.0,2691.95,2646.5,2660.95,351829
2014-01-27,2626.7,2648.8,2622.0,2633.1,341168
2014-01-28,2635.85,2660.8,2626.35,2651.85,181923
2014-01-29,2652.0,2686.8,2648.6,2655.25,243863
2014-01-30,2640.0,2646.0,2613.7,2619.8,481083
2014-01-31,2618.0,2645.0,2602.9,2609.55,135185
2014-02-03,2605.0,2673.6,2605.0,2653.15,146623
2014-02-04,2652.0,2652.0,2590.2,2596.65,195097
2014-02-05,2607.0,2610.9,2580.0,2595.7,145398
2014-02-06,2598.4,2614.45,2589.0,2599.95,218641
2014-02-07,2612.0,2650.0,2611.75,2631.9,268263
2014-02-10,2645.0,2688.0,2639.0,2672.15,149983
2014-02-11,2699.0,2699.0,2625.6,2660.45,502138
2014-02-12,2685.0,2685.0,2603.2,2615.4,408212
2014-02-13,2630.0,2639.9,2549.3,2562.6,350389
2014-02-14,2579.8,2589.0,2516.55,2580.05,502608
2014-02-17,2584.0,2652.8,2584.0,2643.5,302745
2014-02-18,2653.9,2660.95,2622.1,2652.0,283548
2014-02-19,2655.0,2681.7,2634.0,2668.35,294654
2014-02-20,2653.35,2719.7,2647.4,2715.9,324204
2014-02-21,2734.8,2748.0,2716.0,2733.35,339521
2014-02-24,2734.9,2800.0,2714.0,2795.85,369902
2014-02-25,2795.65,2800.65,2762.0,2769.15,245678
2014-02-26,2785.0,2849.4,2783.95,2833.2,542467
2014-02-28,2880.0,2939.4,2871.0,2895.5,1123755
2014-03-03,2878.0,2878.0,2809.15,2815.55,301636
2014-03-04,2798.0,2847.35,2760.0,2801.1,535764
2014-03-05,2825.0,2853.0,2779.55,2786.9,374714
2014-03-06,2812.0,2843.3,2811.95,2827.0,357157
2014-03-07,2831.0,2835.5,2681.0,2725.3,592911
2014-03-10,2725.0,2750.0,2654.0,2686.65,510523
2014-03-11,2709.0,2724.55,2671.65,2678.7,347167
2014-03-12,2690.0,2717.85,2671.3,2687.5,349572
2014-03-13,2700.0,2760.0,2698.0,2727.15,614996
2014-03-14,2725.0,2795.8,2710.05,2780.5,457997
2014-03-18,2796.9,2816.9,2778.0,2787.6,244037
2014-03-19,2811.9,2836.9,2786.1,2801.15,432349
2014-03-20,2801.15,2811.0,2764.3,2778.85,580118
2014-03-21,2795.95,2797.0,2757.0,2778.6,251466
2014-03-24,2785.0,2785.0,2744.3,2750.05,194865
2014-03-25,2745.15,2755.0,2715.0,2723.45,246668
2014-03-26,2723.85,2723.85,2625.85,2633.6,384612
2014-03-27,2646.95,2650.95,2575.4,2588.6,687284
2014-03-28,2640.0,2640.0,2603.0,2625.8,680548
2014-03-31,2630.25,2633.6,2546.4,2563.9,526861
2014-04-01,2581.0,2610.0,2570.05,2601.0,573599
2014-04-02,2609.0,2645.0,2609.0,2626.8,446774
2014-04-03,2660.0,2680.0,2642.0,2663.6,779632
2014-04-04,2670.0,2676.35,2630.65,2650.05,406668
2014-04-07,2644.0,2644.0,2590.0,2606.15,414695
2014-04-09,2609.9,2633.95,2586.7,2624.4,483471
2014-04-10,2610.2,2632.95,2540.0,2550.45,399770
2014-04-11,2549.9,2589.45,2520.05,2576.9,346902
2014-04-15,2596.0,2608.5,2567.3,2575.05,203964
2014-04-16,2595.0,2599.0,2531.1,2536.75,210345
2014-04-17,2550.0,2570.0,2522.55,2552.2,289332
2014-04-21,2569.0,2578.0,2536.5,2549.8,280206
2014-04-22,2560.0,2579.3,2548.45,2552.6,204432
2014-04-23,2560.0,2584.15,2555.1,2565.9,650619
2014-04-25,2590.0,2638.8,2590.0,2629.25,617634
2014-04-28,2646.0,2684.0,2642.0,2676.75,382585
2014-04-29,2680.0,2689.35,2640.0,2664.65,205533
2014-04-30,2665.0,2781.75,2664.65,2706.15,471362
2014-05-02,2692.1,2749.9,2692.1,2737.35,289784
2014-05-05,2750.0,2750.0,2720.2,2729.15,232724
2014-05-06,2740.0,2755.0,2727.15,2744.35,163542
2014-05-07,2744.35,2754.0,2727.55,2742.2,350321
2014-05-08,2743.9,2747.95,2725.55,2737.15,306766
2014-05-09,2738.0,2738.0,2694.7,2718.0,631879
2014-05-12,2720.0,2742.0,2711.5,2722.9,365960
2014-05-13,2740.0,2740.55,2600.75,2610.75,995503
2014-05-14,2600.0,2604.5,2513.75,2518.35,1040241
2014-05-15,2515.0,2543.85,2466.6,2481.6,663828
2014-05-16,2464.0,2495.0,2400.0,2406.9,1089152
2014-05-19,2410.0,2421.0,2246.5,2286.15,1047342
2014-05-20,2284.9,2354.95,2266.15,2323.25,647080
2014-05-21,2320.0,2328.45,2280.0,2300.05,687158
2014-05-22,2316.5,2325.0,2280.0,2296.1,726115
2014-05-23,2276.0,2317.8,2276.0,2308.7,545956
2014-05-26,2325.0,2329.85,2286.2,2300.1,523950
2014-05-27,2292.0,2334.0,2292.0,2311.8,563748
2014-05-28,2340.0,2359.0,2318.0,2351.6,1505750
2014-05-29,2336.0,2403.45,2336.0,2384.1,698723
2014-05-30,2384.1,2484.4,2367.0,2460.65,2122795
2014-06-02,2465.0,2471.85,2407.0,2413.95,386028
2014-06-03,2402.2,2415.0,2333.0,2337.45,409282
2014-06-04,2332.0,2356.0,2308.2,2318.85,444481
2014-06-05,2320.0,2333.9,2291.15,2310.25,689200
2014-06-06,2312.0,2360.0,2312.0,2354.05,362195
2014-06-09,2336.0,2379.95,2335.0,2352.9,286100
2014-06-10,2352.0,2405.0,2352.0,2395.5,563893
2014-06-11,2394.0,2437.65,2392.0,2432.5,638782
2014-06-12,2432.0,2445.3,2417.15,2434.95,830695
2014-06-13,2425.0,2455.5,2425.0,2445.15,578849
2014-06-16,2444.5,2466.0,2405.15,2424.45,438571
2014-06-17,2424.45,2430.0,2385.85,2411.75,360767
2014-06-18,2411.85,2447.5,2404.0,2422.7,377746
2014-06-19,2422.0,2454.95,2412.5,2447.25,219059
2014-06-20,2430.5,2474.0,2430.5,2439.4,203236
2014-06-23,2441.0,2465.0,2431.5,2454.05,456901
2014-06-24,2455.0,2470.0,2454.05,2462.55,336058
2014-06-25,2465.0,2484.9,2452.7,2478.25,302167
2014-06-26,2492.7,2529.0,2484.0,2507.6,606978
2014-06-27,2510.0,2575.65,2510.0,2552.95,397883
2014-06-30,2555.0,2630.2,2555.0,2624.05,413231
2014-07-01,2626.0,2633.0,2599.65,2614.95,304871
2014-07-02,2617.7,2666.9,2614.85,2662.9,209798
2014-07-03,2662.9,2663.5,2625.55,2639.05,225480
2014-07-04,2644.0,2695.0,2641.0,2678.35,282661
2014-07-07,2678.0,2759.7,2664.75,2730.4,526230
2014-07-08,2694.0,2748.4,2661.25,2680.6,331104
2014-07-09,2677.0,2690.05,2620.0,2663.25,353487
2014-07-10,2650.1,2699.0,2621.5,2650.65,271495
2014-07-11,2637.0,2728.05,2615.55,2700.7,580648
2014-07-14,2702.0,2709.0,2660.2,2695.0,357350
2014-07-15,2697.8,2700.0,2606.0,2638.85,270072
2014-07-16,2642.0,2659.9,2620.5,2647.2,253809
2014-07-17,2640.0,2669.95,2624.35,2647.35,179656
2014-07-18,2635.1,2666.1,2635.0,2653.25,171124
2014-07-21,2641.1,2677.5,2635.05,2653.75,244378
2014-07-22,2658.0,2736.7,2658.0,2723.6,280348
2014-07-23,2750.0,2750.0,2708.1,2734.0,216649
2014-07-24,2747.0,2747.7,2690.55,2704.25,262647
2014-07-25,2692.0,2771.75,2692.0,2744.0,430540
2014-07-28,2745.9,2795.0,2720.85,2769.7,338474
2014-07-30,2771.9,2849.95,2765.0,2823.15,699705
2014-07-31,2816.2,2828.4,2776.0,2808.7,675000
2014-08-01,2775.0,2799.0,2744.0,2758.8,387616
2014-08-04,2783.0,2783.0,2750.0,2767.7,253689
2014-08-05,2775.0,2811.8,2759.9,2780.15,264756
2014-08-06,2787.0,2787.0,2743.8,2750.95,165539
2014-08-07,2758.0,2794.9,2730.3,2755.3,431636
2014-08-08,2760.0,2804.7,2746.0,2782.25,463497
2014-08-11,2785.0,2785.0,2711.3,2721.4,350542
2014-08-12,2726.0,2747.7,2711.1,2730.35,248191
2014-08-13,2730.35,2754.65,2722.0,2741.35,332366
2014-08-14,2750.0,2763.05,2740.2,2755.75,146222
2014-08-18,2752.1,2782.0,2742.3,2774.3,123326
2014-08-19,2777.0,2849.9,2776.6,2829.75,210725
2014-08-20,2832.0,2900.0,2831.0,2885.85,335763
2014-08-21,2870.3,2880.0,2831.0,2838.85,224823
2014-08-22,2858.0,2860.5,2793.1,2826.05,234320
2014-08-25,2827.0,2893.6,2827.0,2879.95,212982
2014-08-26,2879.0,2929.7,2865.0,2889.5,370295
2014-08-27,2905.2,2944.0,2905.2,2922.75,332117
2014-08-28,2922.0,2975.0,2912.7,2947.9,1200344
2014-09-01,2951.0,2989.8,2941.2,2975.8,350208
2014-09-02,2962.0,2997.5,2947.45,2995.15,328652
2014-09-03,2998.0,3010.15,2975.0,3000.5,436286
2014-09-04,2995.0,3009.7,2974.45,3001.3,147927
2014-09-05,2990.0,3007.0,2958.0,2980.2,177514
2014-09-08,2999.0,3017.8,2977.5,3003.0,295933
2014-09-09,2990.0,3027.85,2985.15,3008.4,152450
2014-09-10,3000.0,3014.0,2983.1,3000.85,124155
2014-09-11,3001.1,3005.0,2961.1,2976.45,104179
2014-09-12,2975.05,2992.5,2950.5,2958.65,199142
2014-09-15,2960.5,2998.0,2960.5,2983.4,126871
2014-09-16,2983.4,3032.95,2983.0,3009.75,306885
2014-09-17,3020.15,3096.0,3011.7,3081.95,403959
2014-09-18,3082.0,3199.95,3082.0,3192.75,439284
2014-09-19,3202.0,3240.0,3149.05,3222.95,310686
2014-09-22,3203.0,3237.25,3148.25,3211.7,248814
2014-09-23,3205.0,3254.8,3175.1,3199.1,472174
2014-09-24,3180.2,3242.9,3180.2,3229.15,420681
2014-09-25,3240.0,3356.5,3240.0,3310.4,800883
2014-09-26,3312.0,3316.6,3201.0,3222.45,509168
2014-09-29,3247.0,3277.9,3199.0,3208.2,322436
2014-09-30,3220.0,3254.65,3215.85,3229.6,260681
2014-10-01,3254.0,3277.0,3194.0,3200.4,319889
2014-10-07,3210.1,3215.0,3088.5,3099.3,360765
2014-10-08,3115.0,3118.0,2950.0,2966.2,439272
2014-10-09,2999.95,3044.95,2955.8,2986.55,546636
2014-10-10,2985.5,3044.9,2975.7,2998.85,320923
2014-10-13,2990.0,2990.0,2920.0,2943.15,270180
2014-10-14,2940.0,2995.0,2921.55,2935.3,211160
2014-10-16,2925.35,2965.0,2891.0,2904.85,307740
2014-10-17,2867.0,2966.9,2867.0,2918.6,356005
2014-10-20,2964.0,2988.2,2939.9,2966.25,369017
2014-10-21,2966.0,2974.0,2928.35,2964.3,159559
2014-10-22,2997.0,3050.0,2995.3,3037.75,265998
2014-10-23,3054.5,3063.2,3047.0,3057.65,27145
2014-10-27,3190.1,3190.15,3075.05,3105.8,312745
2014-10-28,3115.05,3123.4,3057.1,3081.1,200669
2014-10-29,3076.5,3120.0,2997.2,3045.6,692735
2014-10-30,3078.0,3117.0,3075.95,3094.9,486562
2014-10-31,3100.0,3201.95,3097.0,3168.3,292013
2014-11-03,3189.9,3260.9,3168.7,3181.3,309953
2014-11-05,3199.9,3265.0,3172.05,3252.05,484444
2014-11-07,3275.0,3458.0,3232.15,3397.15,824368
2014-11-10,3429.0,3456.8,3399.4,3442.25,356496
2014-11-11,3449.9,3449.9,3401.0,3418.35,303678
2014-11-12,3422.0,3462.2,3419.5,3439.7,178290
2014-11-13,3430.3,3503.0,3365.1,3468.25,331391
2014-11-14,3478.0,3478.0,3405.5,3435.05,192601
2014-11-17,3435.0,3459.8,3424.95,3439.75,203538
2014-11-18,3450.0,3467.15,3423.0,3432.95,184392
2014-11-19,3450.0,3535.0,3430.0,3523.05,374891
2014-11-20,3568.0,3569.6,3513.3,3528.65,234826
2014-11-21,3527.0,3537.2,3501.8,3530.8,119690
2014-11-24,3520.0,3554.25,3505.05,3522.0,183095
2014-11-25,3520.0,3595.0,3460.0,3573.2,329635
2014-11-26,3580.0,3588.7,3507.1,3575.25,224229
2014-11-27,3565.0,3639.0,3532.1,3610.9,275314
2014-11-28,3619.9,3638.8,3594.3,3606.25,235293
2014-12-01,3602.0,3666.25,3602.0,3628.45,214232
2014-12-02,3628.0,3628.0,3580.1,3591.4,172356
2014-12-03,3577.0,3577.0,3488.95,3501.95,460121
2014-12-04,3521.0,3521.0,3461.3,3475.55,325002
2014-12-05,3477.95,3477.95,3386.1,3395.5,319587
2014-12-08,3395.9,3405.55,3310.55,3315.4,361631
2014-12-09,3330.0,3379.0,3320.0,3354.85,358801
2014-12-10,3380.0,3421.9,3340.0,3401.6,253495
2014-12-11,3379.7,3448.0,3331.0,3429.5,219437
2014-12-12,3411.0,3428.95,3360.5,3377.75,187779
2014-12-15,3349.0,3375.7,3302.1,3355.65,186717
2014-12-16,3311.65,3327.85,3119.9,3142.35,1037122
2014-12-17,3101.0,3213.0,3057.0,3160.35,812529
2014-12-18,3200.0,3220.0,3124.0,3151.25,351199
2014-12-19,3180.0,3220.0,3165.1,3199.45,476395
2014-12-22,3206.0,3255.0,3175.15,3237.9,231377
2014-12-23,3229.85,3236.5,3183.2,3206.35,269079
2014-12-24,3186.0,3186.0,3119.25,3134.45,660003
2014-12-26,3145.0,3157.4,3117.15,3134.1,156285
2014-12-29,3156.75,3164.2,3135.1,3140.85,121066
2014-12-30,3144.8,3190.0,3143.5,3182.55,115136
2014-12-31,3199.85,3261.0,3192.0,3246.2,243993
2015-01-01,3230.0,3235.0,3204.0,3210.5,75642
2015-01-02,3220.0,3242.65,3215.0,3221.4,86014
2015-01-05,3221.4,3221.4,3141.0,3148.4,293765
2015-01-06,3130.0,3130.0,3055.0,3065.55,391335
2015-01-07,3075.1,3078.05,3010.0,3039.2,319437
2015-01-08,3060.0,3094.05,3041.0,3066.3,278836
2015-01-09,3095.0,3170.0,3091.2,3163.8,593638
2015-01-12,3153.0,3214.0,3126.65,3207.25,334222
2015-01-13,3210.0,3238.0,3190.0,3223.35,490674
2015-01-14,3205.0,3223.2,3191.0,3208.25,331309
2015-01-15,3226.6,3253.95,3203.95,3240.55,443672
2015-01-16,3242.0,3295.0,3231.25,3285.8,422004
2015-01-19,3280.0,3330.0,3269.7,3323.9,248669
2015-01-20,3342.0,3342.0,3292.35,3306.2,297710
2015-01-21,3277.5,3348.9,3252.0,3335.85,431156
2015-01-22,3330.1,3365.0,3330.1,3361.25,245798
2015-01-23,3389.75,3389.75,3335.0,3349.6,441479
2015-01-27,3324.85,3324.85,3195.35,3212.4,412304
2015-01-28,3220.0,3245.0,3172.1,3239.05,249711
2015-01-29,3234.0,3380.0,3210.35,3363.3,1401638
2015-01-30,3370.0,3372.85,3201.0,3233.25,632758
2015-02-02,3179.75,3184.0,3135.1,3139.1,386253
2015-02-03,3102.0,3119.0,3074.9,3087.15,522573
2015-02-04,3105.0,3126.25,3085.0,3096.9,214845
2015-02-05,3088.0,3095.0,3061.2,3072.05,422142
2015-02-06,3075.0,3117.0,3030.0,3044.3,244496
2015-02-09,3033.0,3112.95,3007.0,3099.1,352149
2015-02-10,3111.05,3145.5,3075.0,3130.5,338985
2015-02-11,3140.3,3180.9,3123.95,3152.4,232891
2015-02-12,3195.0,3343.15,3192.35,3331.2,457240
2015-02-13,3360.0,3369.0,3321.0,3343.95,211055
2015-02-16,3352.0,3402.8,3338.15,3351.25,149937
2015-02-18,3317.0,3376.0,3312.1,3354.25,209696
2015-02-19,3347.05,3396.75,3312.7,3382.9,171684
2015-02-20,3398.0,3424.95,3371.0,3403.9,151478
2015-02-23,3402.2,3424.0,3362.6,3389.8,415998
2015-02-24,3375.0,3410.0,3340.4,3359.75,216410
2015-02-25,3375.0,3385.05,3265.0,3279.35,405564
2015-02-26,3253.0,3283.0,3227.0,3252.2,497009
2015-02-27,3249.0,3299.0,3201.0,3278.05,433848
2015-03-02,3363.0,3419.9,3332.1,3386.65,272219
2015-03-03,3409.0,3482.8,3363.15,3407.9,399929
2015-03-04,3407.9,3468.0,3370.6,3390.45,290728
2015-03-05,3388.1,3449.9,3388.1,3441.5,280898
2015-03-09,3451.9,3517.0,3451.9,3467.55,234118
2015-03-10,3480.0,3480.0,3410.75,3437.3,222064
2015-03-11,3458.85,3531.95,3368.05,3468.0,309701
2015-03-12,3470.0,3505.0,3415.2,3432.8,368268
2015-03-13,3459.0,3464.1,3358.5,3376.55,194107
2015-03-16,3390.0,3398.6,3300.15,3313.0,217805
2015-03-17,3360.0,3452.75,3351.0,3437.45,354407
2015-03-18,3444.9,3453.95,3400.0,3427.05,170461
2015-03-19,3470.0,3480.0,3411.05,3424.7,277953
2015-03-20,3438.2,3465.0,3371.5,3426.6,307930
2015-03-23,3430.0,3469.85,3428.5,3458.65,189693
2015-03-24,3499.0,3525.0,3463.0,3511.45,522455
2015-03-25,3525.0,3575.0,3504.0,3510.6,393983
2015-03-26,3470.0,3492.05,3351.5,3445.7,537319
2015-03-27,3434.9,3434.9,3360.2,3415.4,243912
2015-03-30,3457.8,3457.8,3373.0,3425.3,281925
2015-03-31,3454.0,3515.0,3454.0,3488.75,280091
2015-04-01,3541.0,3566.8,3501.7,3533.65,282785
2015-04-06,3530.0,3694.5,3529.0,3677.85,436764
2015-04-07,3668.0,3704.95,3645.2,3684.85,232946
2015-04-08,3675.0,3775.3,3662.15,3755.45,443971
2015-04-09,3755.05,3764.0,3679.0,3740.25,309859
2015-04-10,3746.0,3807.8,3706.35,3797.4,215427
2015-04-13,3780.0,3807.7,3731.5,3795.35,263460
2015-04-15,3780.0,3800.0,3731.65,3753.6,293648
2015-04-16,3730.0,3741.25,3663.2,3680.3,233587
2015-04-17,3665.4,3700.0,3620.0,3647.15,258444
2015-04-20,3650.0,3715.95,3540.2,3567.0,302996
2015-04-21,3575.9,3614.0,3452.0,3462.0,387220
2015-04-22,3490.05,3585.0,3488.0,3570.3,339644
2015-04-23,3579.2,3595.0,3509.0,3528.8,171687
2015-04-24,3510.5,3570.9,3470.35,3484.15,186232
2015-04-27,3505.0,3514.85,3355.1,3385.6,544699
2015-04-28,3387.0,3430.8,3340.85,3412.25,276789
2015-04-29,3413.0,3457.25,3350.0,3382.45,233769
2015-04-30,3380.0,3380.0,3276.5,3310.25,801536
2015-05-04,3330.0,3405.0,3316.0,3395.05,252822
2015-05-05,3390.0,3420.0,3351.05,3402.65,314801
2015-05-06,3390.0,3408.8,3283.05,3353.4,407940
2015-05-07,3311.2,3346.0,3250.05,3282.9,419936
2015-05-08,3349.0,3389.75,3303.0,3350.45,268473
2015-05-11,3380.0,3409.75,3338.75,3359.7,243378
2015-05-12,3391.0,3496.7,3362.85,3468.9,1270952
2015-05-13,3496.95,3530.0,3455.0,3494.15,390519
2015-05-14,3495.5,3539.9,3470.0,3519.4,216864
2015-05-15,3517.0,3517.0,3470.0,3496.45,195407
2015-05-18,3500.0,3634.0,3495.0,3622.45,346822
2015-05-19,3615.0,3692.65,3580.0,3636.0,386982
2015-05-20,3636.0,3682.0,3596.0,3608.75,244898
2015-05-21,3623.0,3649.55,3590.0,3619.2,229870
2015-05-22,3620.1,3660.0,3595.0,3642.65,205401
2015-05-25,3630.0,3663.8,3576.35,3585.45,200209
2015-05-26,3587.0,3605.0,3538.0,3547.25,290429
2015-05-27,3495.3,3598.5,3495.0,3586.65,239924
2015-05-28,3586.8,3600.0,3500.25,3527.95,291373
2015-05-29,3565.0,3573.05,3490.0,3535.25,758340
2015-06-01,3528.0,3572.0,3521.6,3538.45,158443
2015-06-02,3525.0,3531.1,3465.0,3473.75,172239
2015-06-03,3467.0,3475.0,3399.0,3428.05,148267
2015-06-04,3433.1,3469.7,3399.0,3422.0,165515
2015-06-05,3430.0,3471.8,3405.0,3415.6,152444
2015-06-08,3425.0,3448.0,3393.85,3407.05,185488
2015-06-09,3400.0,3400.0,3313.0,3321.9,216150
2015-06-10,3324.9,3379.65,3324.9,3366.6,177338
2015-06-11,3378.0,3378.0,3296.0,3312.75,189438
2015-06-12,3316.2,3339.95,3303.85,3317.55,155667
2015-06-15,3329.7,3365.8,3313.0,3320.6,247434
2015-06-16,3322.0,3335.3,3266.55,3286.6,319571
2015-06-17,3300.0,3363.7,3300.0,3347.2,361275
2015-06-18,3374.8,3413.7,3356.65,3377.45,431976
2015-06-19,3391.05,3426.7,3374.4,3384.75,353245
2015-06-22,3401.0,3430.0,3400.0,3425.9,207202
2015-06-23,3435.0,3448.8,3423.0,3443.35,153325
2015-06-24,3443.35,3475.0,3421.15,3434.55,273833
2015-06-25,3425.0,3509.35,3421.45,3485.45,470610
2015-06-26,3497.0,3540.0,3489.5,3530.1,244886
2015-06-29,3499.0,3541.0,3428.0,3521.15,226048
2015-06-30,3497.0,3565.0,3453.2,3559.45,395298
2015-07-01,3548.0,3608.1,3535.4,3573.6,262688
2015-07-02,3572.0,3589.95,3536.4,3547.7,143678
2015-07-03,3554.0,3599.9,3550.0,3587.75,140977
2015-07-06,3546.0,3732.75,3546.0,3716.7,478311
2015-07-07,3716.0,3754.0,3688.45,3739.95,390509
2015-07-08,3728.6,3770.35,3705.0,3720.85,338025
2015-07-09,3712.0,3758.9,3711.55,3732.05,192861
2015-07-10,3734.8,3764.35,3712.5,3750.5,171271
2015-07-13,3750.7,3790.0,3701.0,3758.15,193021
2015-07-14,3799.95,3828.35,3760.55,3772.95,274928
2015-07-15,3790.9,3819.95,3780.05,3815.0,193212
2015-07-16,3810.0,3879.0,3810.0,3866.5,214247
2015-07-17,3870.0,3888.4,3851.5,3877.05,226660
2015-07-20,3895.0,3933.95,3865.05,3930.25,173872
2015-07-21,3922.0,3922.4,3835.5,3853.15,149292
2015-07-22,3850.0,3898.05,3831.3,3847.75,137981
2015-07-23,3873.95,3964.9,3873.95,3913.4,540423
2015-07-24,3926.0,3939.0,3885.7,3908.9,317579
2015-07-27,3895.0,3910.1,3826.75,3854.85,339715
2015-07-28,3896.9,3910.0,3737.25,3749.1,518983
2015-07-29,3765.0,3784.5,3668.0,3712.35,435550
2015-07-30,3739.0,3934.0,3721.0,3913.1,1330017
2015-07-31,3967.0,4093.5,3956.05,4076.1,704766
2015-08-03,4090.1,4163.65,4044.65,4143.9,364645
2015-08-04,4150.95,4194.95,4113.6,4161.75,400046
2015-08-05,4173.1,4210.0,4140.15,4191.8,288545
2015-08-06,4222.0,4326.5,4222.0,4266.6,465617
2015-08-07,4258.0,4275.0,4230.0,4258.85,214758
2015-08-10,4257.0,4318.3,4243.25,4259.7,292111
2015-08-11,4281.0,4307.0,4184.95,4223.85,274200
2015-08-12,4228.2,4285.85,4204.0,4275.0,286074
2015-08-13,4294.0,4317.95,4247.1,4291.75,233174
2015-08-14,4313.0,4337.95,4228.0,4257.75,270501
2015-08-17,4219.0,4228.55,4159.35,4181.45,216030
2015-08-18,4204.5,4224.0,4159.15,4191.35,420177
2015-08-19,4230.0,4268.75,4197.05,4231.3,556441
2015-08-20,4251.0,4327.7,4251.0,4295.6,681437
2015-08-21,4312.95,4312.95,4211.2,4244.05,415650
2015-08-24,4150.0,4198.55,4024.2,4043.25,401477
2015-08-25,4076.0,4150.0,3932.0,4105.35,454383
2015-08-26,4105.0,4130.0,3971.0,4061.2,440752
2015-08-27,4122.0,4194.0,4085.4,4130.1,647940
2015-08-28,4230.0,4239.1,4158.75,4180.75,294735
2015-08-31,4199.6,4319.75,4180.8,4302.65,463208
2015-09-01,4304.85,4309.45,4205.0,4249.1,497523
2015-09-02,4249.9,4282.5,4177.3,4200.15,335510
2015-09-03,4234.95,4259.45,4195.2,4209.2,209623
2015-09-04,4200.0,4200.0,4025.0,4052.85,365814
2015-09-07,4080.0,4095.0,3930.0,3946.5,225072
2015-09-08,3947.1,4010.0,3851.65,3977.55,416533
2015-09-09,4060.0,4076.95,3956.7,4041.05,733624
2015-09-10,4018.05,4019.05,3960.0,3973.55,608979
2015-09-11,4018.0,4028.9,3966.1,4014.2,396267
2015-09-14,4021.5,4050.0,3977.0,4042.7,413912
2015-09-15,4030.0,4030.0,3980.75,4005.5,361675
2015-09-16,4024.95,4024.95,3988.05,4010.4,345961
2015-09-18,4038.0,4045.0,3997.0,4005.85,549330
2015-09-21,3999.3,3999.3,3941.0,3957.3,211844
2015-09-22,3999.95,3999.95,3904.0,3929.7,266434
2015-09-23,3909.7,3957.15,3857.0,3934.5,175693
2015-09-24,3950.0,3999.0,3936.65,3970.25,519093
2015-09-28,3992.0,4226.9,3970.0,4191.25,914204
2015-09-29,4138.4,4147.05,4020.0,4081.45,515793
2015-09-30,4088.0,4195.0,4080.0,4162.35,549384
2015-10-01,4213.75,4250.0,4190.0,4232.95,397236
2015-10-05,4230.0,4230.0,4164.25,4180.25,314502
2015-10-06,4232.0,4304.5,4220.0,4246.5,335040
2015-10-07,4246.0,4246.0,4186.65,4195.55,266064
2015-10-08,4224.0,4243.95,4201.0,4225.2,328454
2015-10-09,4261.0,4294.9,4235.9,4257.85,265721
2015-10-12,4221.0,4283.6,4155.95,4187.5,242195
2015-10-13,4200.0,4252.8,4172.7,4228.05,265968
2015-10-14,4230.0,4260.0,4180.05,4196.85,220287
2015-10-15,4200.0,4239.6,4186.25,4207.45,253671
2015-10-16,4206.4,4279.55,4160.25,4264.95,203942
2015-10-19,4230.1,4360.0,4210.35,4347.6,336720
2015-10-20,4370.0,4386.6,4270.65,4319.7,363202
2015-10-21,4265.0,4265.0,4163.0,4173.6,909275
2015-10-23,4190.0,4197.4,4141.35,4188.4,1460561
2015-10-26,4251.0,4261.0,4155.55,4200.75,870946
2015-10-27,4224.95,4225.0,4162.5,4179.1,814250
2015-10-28,4200.0,4200.0,4080.1,4113.65,645418
2015-10-29,4114.95,4240.0,4083.2,4221.35,1215125
2015-10-30,4261.0,4365.35,4230.0,4279.9,1045396
2015-11-02,4253.0,4315.15,4233.2,4296.3,447520
2015-11-03,4310.0,4345.0,4299.25,4335.15,506774
2015-11-04,4340.1,4379.2,4310.0,4322.9,286491
2015-11-05,4305.1,4328.2,4237.1,4249.4,302249
2015-11-06,4258.0,4292.0,3615.0,3630.65,4015493
2015-11-09,3570.0,3575.0,3445.95,3501.15,1714348
2015-11-10,3498.0,3498.0,3300.0,3330.7,1893661
2015-11-11,3283.1,3373.0,3253.2,3360.05,573294
2015-11-13,3316.0,3408.7,3298.0,3389.6,1706696
2015-11-16,3440.0,3525.0,3410.0,3509.2,1305091
2015-11-17,3460.0,3471.05,3410.1,3441.3,788420
2015-11-18,3423.0,3434.0,3360.0,3366.95,743528
2015-11-19,3400.0,3405.0,3137.85,3281.1,3806366
2015-11-20,3317.0,3377.15,3309.75,3353.1,784238
2015-11-23,3360.0,3423.8,3360.0,3409.25,567770
2015-11-24,3399.0,3409.0,3350.0,3387.7,321508
2015-11-26,3150.0,3199.9,3081.0,3100.75,2741563
2015-11-27,3130.0,3139.95,3047.05,3099.3,1388236
2015-11-30,3115.0,3138.0,3102.05,3107.8,771131
2015-12-01,3132.0,3224.45,3129.5,3210.9,1184956
2015-12-02,3225.0,3265.0,3220.0,3251.65,835919
2015-12-03,3247.0,3247.0,3201.15,3223.65,392118
2015-12-04,3194.2,3216.3,3180.0,3195.5,325868
2015-12-07,3202.95,3205.3,3152.35,3179.9,346625
2015-12-08,3148.8,3152.9,3043.0,3063.2,878625
2015-12-09,2967.95,3024.0,2951.5,2995.2,1039562
2015-12-10,2994.0,3037.7,2966.65,2995.3,687090
2015-12-11,2995.95,3023.95,2951.0,2969.0,485851
2015-12-14,2966.0,3017.0,2951.25,3010.4,375312
2015-12-15,3011.0,3041.95,2986.3,2994.2,394765
2015-12-16,3006.9,3043.0,2997.35,3004.5,320807
2015-12-17,3036.0,3063.95,3010.55,3017.95,492375
2015-12-18,3005.0,3008.25,2969.8,2974.2,438497
2015-12-21,2983.5,3029.5,2962.55,3009.45,366770
2015-12-22,3020.2,3032.0,2995.0,3001.1,190308
2015-12-23,3015.0,3031.25,3010.15,3024.6,172714
2015-12-24,3038.5,3049.05,3005.0,3010.0,226574
2015-12-28,3015.0,3129.0,3015.0,3120.7,751910
2015-12-29,3100.0,3147.15,3090.0,3100.5,623330
2015-12-30,3111.0,3172.0,3111.0,3121.15,633284
2015-12-31,3129.0,3155.0,3095.35,3108.6,545901
2016-01-01,3118.8,3123.0,3090.0,3108.6,171860
2016-01-04,3105.0,3120.0,3042.55,3056.0,333993
2016-01-05,3065.0,3085.4,3060.0,3070.65,301505
2016-01-06,3073.95,3092.0,3034.8,3046.25,266798
2016-01-07,3021.0,3021.0,2970.0,2991.8,483903
2016-01-08,2980.0,3032.0,2975.8,3010.7,370871
2016-01-11,2993.5,2994.0,2922.4,2931.5,465979
2016-01-12,2916.0,2942.9,2890.25,2923.25,471582
2016-01-13,2935.0,2949.3,2855.4,2890.95,375169
2016-01-14,2880.0,2925.0,2854.0,2915.0,391322
2016-01-15,2931.2,2965.0,2923.45,2935.9,341129
2016-01-18,2928.0,2950.7,2860.1,2874.9,275436
2016-01-19,2897.9,2945.7,2841.65,2915.5,245196
2016-01-20,2893.0,2903.0,2857.9,2870.1,395332
2016-01-21,2894.0,2894.0,2750.05,2757.1,623985
2016-01-22,2784.0,2911.85,2779.05,2882.35,384416
2016-01-25,2910.0,2926.0,2880.4,2903.25,188627
2016-01-27,2918.0,2982.0,2900.0,2973.0,427213
2016-01-28,2973.6,3029.8,2965.0,3011.2,610150
2016-01-29,2997.95,3119.95,2971.0,3105.4,869984
2016-02-01,3085.0,3138.0,3041.25,3050.5,565741
2016-02-02,3060.0,3107.6,3041.0,3048.5,409389
2016-02-03,3037.9,3037.9,2997.3,3008.3,341917
2016-02-04,3049.0,3049.0,2970.0,3008.65,338121
2016-02-05,3014.1,3124.0,2993.4,3109.1,440268
2016-02-08,3099.0,3124.0,3032.0,3070.35,340587
2016-02-09,3058.0,3115.0,2948.0,2959.6,1121969
2016-02-10,2900.0,2937.65,2825.0,2885.05,639905
2016-02-11,2900.0,2977.55,2852.0,2885.35,786110
2016-02-12,2914.9,2934.15,2825.3,2847.45,508339
2016-02-17,2879.1,2989.0,2879.1,2960.7,727660
2016-02-18,3050.0,3154.4,3020.0,3103.6,1131720
2016-02-19,3105.0,3105.0,3045.7,3058.8,385596
2016-02-22,3070.0,3117.8,3067.4,3108.0,287606
2016-02-23,3120.0,3149.0,3066.0,3080.9,346246
2016-02-24,3074.7,3074.7,3000.0,3013.2,397286
2016-02-25,3010.9,3022.75,2985.0,2994.45,559966
2016-02-26,3020.0,3029.8,2956.2,2994.05,243075
2016-02-29,2980.6,3076.0,2978.05,3036.25,501895
2016-03-01,3040.0,3049.45,3000.0,3024.55,319452
2016-03-02,3049.9,3074.9,3006.0,3015.25,368531
2016-03-03,3062.0,3201.0,3062.0,3188.15,890037
2016-03-04,3213.95,3283.0,3200.0,3252.75,592633
2016-03-08,3260.0,3270.0,3188.0,3219.55,300671
2016-03-09,3221.0,3226.1,3174.4,3219.95,350396
2016-03-10,3235.5,3235.5,3160.0,3184.25,254726
2016-03-11,3180.0,3222.2,3178.0,3210.85,308167
2016-03-14,3210.0,3247.0,3182.2,3233.65,337823
2016-03-15,3233.0,3233.0,3109.0,3133.35,214848
2016-03-16,3111.0,3163.7,3066.25,3154.3,291791
2016-03-17,3164.4,3165.1,3105.35,3125.5,296397
2016-03-18,3108.0,3178.0,3086.4,3171.3,380871
2016-03-21,3157.0,3199.0,3126.55,3182.25,324841
2016-03-22,3180.0,3199.9,3045.0,3057.95,1035503
2016-03-23,3060.0,3078.75,3031.0,3047.9,404981
2016-03-28,3038.0,3074.55,3014.1,3035.65,380473
2016-03-29,3030.0,3030.0,2887.15,2941.3,506798
2016-03-30,2971.1,3026.3,2925.45,3015.65,361113
2016-03-31,3022.0,3063.0,3003.5,3035.2,662246
2016-04-01,3020.2,3026.15,2965.15,2979.95,317123
2016-04-04,3008.0,3044.3,2997.0,3011.75,306428
2016-04-05,3005.0,3040.0,2992.1,2999.9,283750
2016-04-06,3009.0,3040.0,2970.1,3001.45,229608
2016-04-07,3005.0,3075.0,3005.0,3035.75,358564
2016-04-08,3050.0,3089.45,3030.3,3039.15,220953
2016-04-11,3029.15,3035.0,2995.0,3029.25,228551
2016-04-12,3050.0,3098.0,3050.0,3082.75,287065
2016-04-13,3100.0,3122.7,3085.05,3099.5,363972
2016-04-18,3104.0,3109.0,3021.9,3091.05,452004
2016-04-20,3116.0,3130.0,3099.35,3108.75,355057
2016-04-21,3119.0,3139.9,3108.75,3131.2,307712
2016-04-22,3117.9,3160.0,3117.9,3141.95,242973
2016-04-25,3158.45,3168.9,3097.55,3116.15,180448
2016-04-26,3117.0,3134.85,3100.5,3120.25,177384
2016-04-27,3099.8,3135.0,3086.0,3130.75,193289
2016-04-28,3129.9,3144.0,3071.6,3083.35,328312
2016-04-29,3100.0,3108.0,3067.0,3088.7,387595
2016-05-02,3080.95,3080.95,3005.0,3011.8,213113
2016-05-03,3009.0,3028.0,2951.5,2959.35,348671
2016-05-04,2949.0,2959.0,2920.0,2933.3,234042
2016-05-05,2939.0,2952.0,2911.0,2929.55,201887
2016-05-06,2919.95,2919.95,2859.95,2866.3,244112
2016-05-09,2851.0,2869.85,2822.0,2840.05,393782
2016-05-10,2864.0,2962.0,2850.25,2924.45,447419
2016-05-11,2913.6,2913.6,2855.05,2868.7,363176
2016-05-12,2871.0,2988.0,2844.05,2971.45,1731193
2016-05-13,2899.9,2943.7,2884.7,2917.2,675622
2016-05-16,2926.8,3028.0,2926.8,3002.4,726130
2016-05-17,3012.95,3037.0,3009.1,3017.75,307133
2016-05-18,3015.5,3045.0,3000.0,3025.3,251459
2016-05-19,3049.5,3049.5,3015.0,3025.6,362518
2016-05-20,3040.0,3045.0,3022.0,3033.8,227540
2016-05-23,3020.0,3047.3,3019.05,3029.8,239049
2016-05-24,3025.0,3040.0,3015.1,3025.15,176991
2016-05-25,3020.0,3075.0,3020.0,3051.55,209454
2016-05-26,3062.4,3110.0,3060.05,3090.7,281507
2016-05-27,3084.0,3138.0,3075.15,3116.05,181796
2016-05-30,3112.0,3176.35,3112.0,3170.25,275475
2016-05-31,3173.55,3198.7,3160.0,3183.1,556364
2016-06-01,3190.0,3219.9,3172.1,3183.15,194240
2016-06-02,3172.0,3198.75,3166.7,3177.05,238424
2016-06-03,3187.0,3196.95,3142.3,3160.1,338635
2016-06-06,3156.4,3169.0,3126.3,3151.2,398816
2016-06-07,3140.15,3183.0,3132.0,3155.95,599266
2016-06-08,3149.0,3165.8,3135.0,3137.95,236533
2016-06-09,3098.7,3099.0,3062.25,3070.95,570485
2016-06-10,3055.25,3093.05,3050.0,3065.8,296281
2016-06-13,3069.0,3102.25,3068.0,3088.25,396694
2016-06-14,3088.0,3109.2,3080.0,3097.3,269932
2016-06-15,3095.0,3095.0,3077.4,3086.75,217791
2016-06-16,3086.75,3089.0,3032.0,3048.25,1081548
2016-06-17,3081.0,3094.9,2999.8,3002.95,1066355
2016-06-20,3006.0,3064.0,3006.0,3056.95,142430
2016-06-21,3079.0,3094.0,3038.0,3049.05,132471
2016-06-22,3069.0,3134.0,3064.85,3105.1,306725
2016-06-23,3108.35,3178.95,3108.35,3171.55,216400
2016-06-24,3110.0,3166.95,3085.0,3153.25,298357
2016-06-27,3132.0,3268.0,3132.0,3246.6,416390
2016-06-28,3240.0,3285.0,3235.15,3273.05,401840
2016-06-29,3299.0,3321.95,3259.3,3274.7,424039
2016-06-30,3328.2,3393.1,3316.0,3381.7,612595
2016-07-01,3430.0,3505.75,3430.0,3484.1,549082
2016-07-04,3555.6,3558.45,3418.3,3435.0,340516
2016-07-05,3440.0,3480.05,3430.0,3450.55,316769
2016-07-07,3469.9,3546.0,3468.0,3524.8,602096
2016-07-08,3537.05,3572.0,3495.0,3561.25,214618
2016-07-11,3582.0,3639.0,3573.6,3626.45,267863
2016-07-12,3627.0,3631.9,3566.05,3596.35,281101
2016-07-13,3605.0,3626.7,3555.0,3615.6,186326
2016-07-14,3593.7,3602.15,3560.0,3583.2,217026
2016-07-15,3581.0,3613.8,3563.75,3588.0,273690
2016-07-18,3586.25,3610.0,3544.0,3567.75,227145
2016-07-19,3567.0,3603.0,3563.05,3585.9,182944
2016-07-20,3594.0,3689.85,3590.0,3676.65,302483
2016-07-21,3664.0,3664.0,3595.4,3617.0,241834
2016-07-22,3613.8,3641.7,3579.05,3599.85,317079
2016-07-25,3570.0,3579.15,3465.0,3482.35,561154
2016-07-26,3488.0,3517.95,3290.1,3319.65,1535245
2016-07-27,3020.1,3069.4,2958.25,2980.2,4718843
2016-07-28,2989.0,3018.8,2952.9,2959.75,1143813
2016-07-29,2966.0,2977.0,2925.1,2935.35,689747
2016-08-01,2953.0,3002.95,2948.1,2980.5,622422
2016-08-02,2989.0,2999.0,2965.0,2977.35,409460
2016-08-03,2974.5,2977.0,2930.0,2939.15,347593
2016-08-04,2958.6,2981.8,2931.1,2962.45,300510
2016-08-05,2982.45,3015.0,2970.75,3008.7,297666
2016-08-08,3029.8,3044.75,3009.0,3036.2,403194
2016-08-09,3040.0,3058.3,3021.05,3038.3,242010
2016-08-10,3032.0,3032.0,2988.0,2999.65,249862
2016-08-11,2994.95,3023.65,2973.3,3010.85,227978
2016-08-12,3007.7,3022.0,2984.0,3011.15,241831
2016-08-16,3009.0,3017.95,2982.0,3006.85,304625
2016-08-17,2982.1,3019.9,2982.1,3004.65,352651
2016-08-18,3030.0,3043.0,3015.65,3027.2,264740
2016-08-19,3030.0,3035.85,3003.0,3010.15,173886
2016-08-22,3018.0,3024.75,2983.0,3013.0,173379
2016-08-23,3023.0,3023.85,2995.0,3009.2,217792
2016-08-24,3025.0,3044.0,3007.2,3039.8,253913
2016-08-25,3051.0,3078.0,3041.0,3050.3,464797
2016-08-26,3060.0,3071.05,3025.0,3040.4,234513
2016-08-29,3055.0,3059.0,3017.5,3052.15,145863
2016-08-30,3064.0,3100.0,3041.0,3090.75,215601
2016-08-31,3097.5,3130.15,3079.8,3089.85,478195
2016-09-01,3070.05,3108.9,3066.3,3097.65,272305
2016-09-02,3097.1,3139.0,3082.1,3123.05,196230
2016-09-06,3131.0,3145.0,3115.5,3133.05,132545
2016-09-07,3136.0,3157.65,3115.65,3138.85,152585
2016-09-08,3153.15,3198.0,3142.0,3188.45,200512
2016-09-09,3172.5,3225.0,3170.6,3193.3,199532
2016-09-12,3153.0,3185.0,3132.0,3137.6,167467
2016-09-14,3149.95,3170.0,3135.0,3157.8,140534
2016-09-15,3163.9,3179.8,3132.05,3139.45,111813
2016-09-16,3141.0,3178.15,3135.0,3150.15,208363
2016-09-19,3167.0,3174.9,3141.0,3157.35,132885
2016-09-20,3170.0,3200.0,3150.35,3157.8,281154
2016-09-21,3162.0,3179.0,3135.0,3153.0,250048
2016-09-22,3152.0,3175.5,3142.15,3149.3,287608
2016-09-23,3169.0,3186.95,3150.4,3182.2,155117
2016-09-26,3184.0,3220.0,3161.05,3199.65,232152
2016-09-27,3195.0,3220.0,3180.0,3190.7,174707
2016-09-28,3199.2,3227.7,3187.65,3200.35,237167
2016-09-29,3200.0,3209.8,3111.15,3135.4,432211
2016-09-30,3128.0,3129.0,3058.3,3107.4,237178
2016-10-03,3114.6,3185.0,3114.6,3160.55,216126
2016-10-04,3179.0,3179.0,3142.4,3148.35,158540
2016-10-05,3148.0,3149.9,3105.0,3123.15,180975
2016-10-06,3115.0,3119.85,3060.0,3077.15,160530
2016-10-07,3070.0,3082.0,3045.0,3054.3,180517
2016-10-10,3054.0,3098.8,3039.0,3078.65,317015
2016-10-13,3070.8,3084.75,3027.6,3050.15,387997
2016-10-14,3062.95,3062.95,3021.6,3031.25,412160
2016-10-17,3030.0,3055.85,3012.0,3028.95,200948
2016-10-18,3035.0,3054.0,3021.0,3045.35,155252
2016-10-19,3046.0,3074.0,3046.0,3065.5,214329
2016-10-20,3075.1,3090.0,3055.6,3078.8,100966
2016-10-21,3099.0,3143.0,3088.6,3113.6,313753
2016-10-24,3120.0,3132.25,3072.1,3089.25,273795
2016-10-25,3108.9,3209.0,3068.5,3200.6,1112884
2016-10-26,3206.0,3254.9,3153.15,3242.3,492547
2016-10-27,3260.0,3332.95,3242.2,3324.8,690885
2016-10-28,3320.0,3399.9,3316.7,3363.45,549677
2016-11-01,3328.0,3361.75,3302.95,3326.6,311593
2016-11-02,3311.0,3340.0,3250.0,3260.8,400036
2016-11-03,3270.0,3290.0,3255.05,3262.35,160820
2016-11-04,3168.0,3168.0,3066.8,3079.7,632010
2016-11-07,3124.0,3154.95,3081.05,3106.65,229170
2016-11-08,3111.0,3147.0,3099.0,3119.0,303003
2016-11-09,3001.0,3341.0,2960.05,3282.55,663975
2016-11-10,3310.0,3333.35,3265.05,3278.25,313597
2016-11-11,3228.0,3300.85,3228.0,3256.25,334735
2016-11-15,3256.5,3330.0,3256.5,3310.7,319006
2016-11-16,3335.0,3354.95,3195.0,3210.95,336964
2016-11-17,3182.5,3225.0,3156.1,3207.15,232127
2016-11-18,3244.0,3258.0,3142.1,3214.85,218696
2016-11-21,3194.1,3194.7,3111.05,3134.4,243056
2016-11-22,3135.0,3152.75,3075.35,3121.65,213368
2016-11-23,3100.0,3146.0,3095.05,3128.6,309620
2016-11-24,3135.0,3148.55,3085.0,3111.7,296984
2016-11-25,3124.0,3203.65,3076.0,3168.45,304161
2016-11-28,3170.5,3190.5,3161.0,3172.9,204391
2016-11-29,3173.85,3202.8,3160.0,3188.25,242305
2016-11-30,3205.0,3217.95,3178.4,3196.9,604650
2016-12-01,3205.0,3247.25,3195.75,3238.75,212223
2016-12-02,3184.0,3205.8,3151.8,3180.5,341050
2016-12-05,3197.5,3197.5,3118.55,3168.15,406294
2016-12-06,3181.0,3211.95,3179.85,3195.9,115027
2016-12-07,3185.0,3209.0,3170.55,3183.8,153459
2016-12-08,3160.0,3241.55,3143.0,3211.7,262911
2016-12-09,3217.0,3217.0,3165.1,3186.4,116457
2016-12-12,3189.0,3189.0,3138.65,3147.9,111321
2016-12-13,3159.0,3180.0,3144.4,3166.85,79614
2016-12-14,3164.0,3167.25,3139.95,3147.7,89670
2016-12-15,3152.0,3159.8,3101.7,3107.5,122591
2016-12-16,3117.0,3133.0,3101.45,3107.8,160034
2016-12-19,3110.0,3115.0,3055.1,3068.85,217810
2016-12-20,3075.3,3088.0,3036.2,3046.5,250155
2016-12-21,3052.0,3067.0,3020.2,3036.85,234240
2016-12-22,3023.35,3040.0,3001.0,3012.35,252985
2016-12-23,3001.1,3040.7,2980.1,2998.55,143259
2016-12-26,2990.0,3028.0,2979.1,2986.0,106615
2016-12-27,2988.0,3040.0,2983.0,3034.95,135597
2016-12-28,3038.2,3111.75,3037.75,3069.55,147327
2016-12-29,3069.55,3081.95,3041.6,3066.25,190759
2016-12-30,3075.0,3075.0,3047.1,3060.4,177049
2017-01-02,3066.0,3117.0,3066.0,3083.4,95526
2017-01-03,3095.0,3114.95,3065.75,3072.4,110920
2017-01-04,3096.25,3113.3,3075.05,3091.3,235845
2017-01-05,3088.65,3145.0,3076.0,3136.25,243653
2017-01-06,3148.8,3203.85,3145.7,3159.15,354039
2017-01-09,3154.0,3154.0,3051.85,3060.2,280298
2017-01-10,3070.85,3074.0,3035.15,3041.85,246022
2017-01-11,3055.05,3060.0,3021.95,3042.45,277037
2017-01-12,2977.0,3019.1,2943.0,3008.5,434390
2017-01-13,2992.0,3004.0,2975.0,2979.75,197516
2017-01-16,2999.0,3007.0,2965.35,2985.3,201640
2017-01-17,2988.05,3000.0,2970.75,2976.55,117685
2017-01-18,2976.6,2982.2,2942.0,2948.05,431020
2017-01-19,2958.0,2974.75,2933.45,2940.25,281420
2017-01-20,2940.0,2959.7,2920.0,2947.4,240877
2017-01-23,2939.0,2959.95,2904.0,2923.65,239373
2017-01-24,2940.25,2979.8,2931.75,2973.35,199296
2017-01-25,2975.0,3009.0,2955.65,2996.3,327631
2017-01-27,2970.0,3011.55,2960.0,2994.55,192111
2017-01-30,2990.0,3043.9,2984.05,3017.05,192634
2017-01-31,3024.0,3042.0,3012.2,3018.8,144631
2017-02-01,3021.1,3032.95,2944.1,3001.2,266573
2017-02-02,3003.1,3139.5,2982.05,3097.05,503874
2017-02-03,3110.0,3159.0,3082.95,3144.55,276520
2017-02-06,3170.0,3177.0,3045.9,3096.8,496961
2017-02-07,3095.0,3110.0,3047.0,3065.1,193317
2017-02-08,3067.95,3067.95,3001.0,3015.45,382685
2017-02-09,3022.0,3029.4,3003.0,3023.1,188798
2017-02-10,3024.9,3034.35,2970.0,2976.05,315001
2017-02-13,2980.95,2988.25,2955.45,2966.95,150555
2017-02-14,2971.8,2971.8,2935.0,2941.45,280718
2017-02-15,2940.0,2943.95,2906.2,2911.35,191099
2017-02-16,2914.1,2942.5,2798.95,2923.2,1367869
2017-02-17,2926.0,2953.75,2900.0,2912.7,897496
2017-02-20,2922.4,2925.05,2890.0,2898.75,560362
2017-02-21,2898.0,2935.1,2885.1,2894.05,1524490
2017-02-22,2902.0,2927.0,2894.25,2903.2,856440
2017-02-23,2924.0,2924.0,2875.0,2887.4,747359
2017-02-27,2884.7,2886.85,2846.7,2857.0,714981
2017-02-28,2870.25,2873.0,2845.0,2849.95,542658
2017-03-01,2855.0,2948.8,2850.1,2923.3,898063
2017-03-02,2909.9,2909.9,2862.4,2870.5,425852
2017-03-03,2881.55,2893.8,2863.6,2871.1,291202
2017-03-06,2884.0,2884.0,2851.0,2858.85,212010
2017-03-07,2869.0,2883.2,2850.0,2852.3,209860
2017-03-08,2849.0,2872.75,2823.0,2846.8,366171
2017-03-09,2770.0,2783.0,2700.0,2704.85,2195287
2017-03-10,2708.9,2732.9,2701.0,2715.85,548845
2017-03-14,2746.7,2754.85,2716.7,2741.0,497842
2017-03-15,2724.0,2756.0,2724.0,2739.6,277868
2017-03-16,2750.0,2765.0,2745.05,2751.7,311899
2017-03-17,2753.0,2753.0,2724.0,2736.25,363382
2017-03-20,2742.0,2746.0,2730.0,2734.35,401080
2017-03-21,2730.0,2730.0,2600.0,2623.25,1453633
2017-03-22,2570.7,2659.9,2555.2,2629.65,886183
2017-03-23,2625.0,2647.7,2620.0,2631.2,316119
2017-03-24,2630.8,2645.0,2616.35,2628.35,345182
2017-03-27,2617.0,2647.8,2615.0,2631.95,356219
2017-03-28,2640.0,2649.05,2626.25,2637.75,151537
2017-03-29,2639.85,2643.3,2625.0,2633.65,327782
2017-03-30,2630.1,2646.05,2606.1,2613.25,719999
2017-03-31,2614.0,2645.0,2614.0,2632.35,295041
2017-04-03,2644.8,2754.0,2627.1,2744.45,688429
2017-04-05,2745.0,2770.0,2673.0,2741.35,1033667
2017-04-06,2740.8,2748.2,2707.85,2718.1,290413
2017-04-07,2713.0,2713.0,2654.0,2661.35,322812
2017-04-10,2655.0,2670.75,2632.45,2635.85,190492
2017-04-11,2651.0,2653.0,2623.95,2628.1,140229
2017-04-12,2633.0,2651.9,2615.3,2644.85,245231
2017-04-13,2655.0,2666.0,2637.05,2640.95,159436
2017-04-17,2720.0,2723.5,2651.55,2661.25,468108
2017-04-18,2674.9,2683.0,2624.0,2628.45,212817
2017-04-19,2630.0,2636.0,2602.5,2607.4,202446
2017-04-20,2618.0,2630.0,2605.55,2612.5,147833
2017-04-21,2630.0,2635.0,2607.0,2609.65,110154
2017-04-24,2619.65,2626.75,2590.05,2612.8,138856
2017-04-25,2628.0,2651.6,2617.15,2645.95,275155
2017-04-26,2641.0,2650.35,2606.1,2610.65,323504
2017-04-27,2611.4,2625.0,2587.25,2596.55,402022
2017-04-28,2610.25,2612.85,2583.55,2599.15,136374
2017-05-02,2578.0,2616.75,2566.0,2582.65,223344
2017-05-03,2598.0,2604.8,2572.0,2595.6,128240
2017-05-04,2597.0,2619.9,2588.65,2606.0,121309
2017-05-05,2604.0,2625.0,2594.0,2603.0,136837
2017-05-08,2591.5,2610.95,2588.6,2600.5,110278
2017-05-09,2603.0,2604.0,2574.0,2581.15,102353
2017-05-10,2592.0,2622.9,2579.1,2602.85,366931
2017-05-11,2619.85,2619.85,2575.0,2594.0,214170
2017-05-12,2603.0,2615.0,2521.95,2580.8,1230471
2017-05-15,2600.0,2699.0,2592.0,2675.8,946756
2017-05-16,2690.8,2734.0,2690.8,2724.1,440462
2017-05-17,2720.0,2760.0,2686.55,2736.9,409818
2017-05-18,2695.0,2719.85,2672.2,2678.95,282411
2017-05-19,2694.95,2694.95,2637.0,2656.45,260677
2017-05-22,2680.0,2681.95,2602.1,2608.7,154462
2017-05-23,2618.8,2618.8,2542.8,2579.45,284428
2017-05-24,2573.0,2573.0,2510.0,2516.8,366315
2017-05-25,2507.4,2508.35,2398.0,2427.7,808310
2017-05-26,2500.0,2509.95,2403.8,2414.4,721031
2017-05-29,2430.1,2465.0,2380.35,2425.85,543508
2017-05-30,2419.95,2500.0,2416.15,2481.35,437985
2017-05-31,2490.0,2544.0,2464.0,2523.85,786086
2017-06-01,2540.0,2567.75,2513.9,2522.8,324502
2017-06-02,2535.2,2574.8,2525.15,2554.5,293291
2017-06-05,2543.15,2568.0,2520.1,2535.85,224677
2017-06-06,2534.95,2565.5,2516.0,2549.3,172111
2017-06-07,2538.0,2564.5,2516.05,2540.65,247189
2017-06-08,2545.5,2666.25,2545.5,2636.25,845476
2017-06-09,2650.0,2650.0,2602.0,2628.8,206211
2017-06-12,2626.3,2656.95,2617.05,2630.25,138429
2017-06-13,2633.2,2645.5,2612.05,2626.7,135916
2017-06-14,2668.0,2699.0,2645.4,2669.3,748839
2017-06-15,2662.7,2720.95,2655.0,2700.5,694652
2017-06-16,2714.2,2718.15,2631.0,2682.6,370538
2017-06-19,2672.0,2672.0,2640.55,2657.45,441803
2017-06-20,2660.35,2695.0,2653.6,2676.05,196527
2017-06-21,2675.0,2695.0,2655.75,2687.05,179216
2017-06-22,2690.1,2699.9,2618.55,2635.6,171787
2017-06-23,2636.1,2659.4,2614.8,2643.7,232808
2017-06-27,2630.25,2670.0,2630.25,2653.1,265871
2017-06-28,2631.0,2664.7,2625.15,2651.75,191968
2017-06-29,2651.2,2666.95,2640.05,2651.5,181588
2017-06-30,2650.0,2711.0,2645.0,2690.1,327643
2017-07-03,2700.0,2706.1,2665.0,2682.55,144646
2017-07-04,2668.1,2676.1,2610.3,2623.7,264253
2017-07-05,2621.5,2669.0,2621.5,2664.95,181326
2017-07-06,2664.95,2679.0,2642.1,2667.9,124936
2017-07-07,2669.8,2729.5,2667.25,2705.4,284992
2017-07-10,2733.3,2745.5,2698.0,2726.2,40393
2017-07-11,2730.0,2732.4,2683.0,2691.25,160926
2017-07-12,2693.85,2721.45,2668.65,2690.1,213175
2017-07-13,2693.25,2719.75,2683.0,2694.0,137183
2017-07-14,2699.15,2725.0,2686.4,2703.0,195286
2017-07-17,2697.4,2703.7,2682.3,2697.25,201896
2017-07-18,2690.0,2743.3,2687.55,2718.95,301108
2017-07-19,2723.0,2784.8,2720.35,2774.0,364602
2017-07-20,2774.95,2778.4,2742.3,2750.1,187889
2017-07-21,2738.0,2780.0,2727.0,2762.55,282516
2017-07-24,2785.0,2787.0,2688.9,2696.45,517895
2017-07-25,2696.45,2713.35,2680.0,2692.15,374960
2017-07-26,2708.0,2716.55,2680.9,2707.35,174665
2017-07-27,2710.0,2723.0,2587.0,2620.35,1822665
2017-07-28,2499.5,2506.55,2451.1,2464.95,1548997
2017-07-31,2438.0,2448.1,2375.0,2383.2,1525068
2017-08-01,2379.0,2458.0,2369.8,2431.55,1034078
2017-08-02,2435.1,2439.9,2372.4,2378.55,570459
2017-08-03,2388.0,2397.0,2314.35,2323.95,777585
2017-08-04,2315.0,2315.05,2230.1,2239.55,1226639
2017-08-07,2240.0,2257.0,2200.0,2206.95,736078
2017-08-08,2205.8,2206.95,2084.85,2095.65,1360991
2017-08-09,2090.9,2105.0,2032.5,2048.35,1124987
2017-08-10,2042.0,2099.0,1934.1,1944.45,1540007
2017-08-11,1925.05,2029.95,1901.15,2011.15,1857913
2017-08-14,2000.0,2039.9,1970.1,2002.05,843270
2017-08-16,1995.0,2017.8,1970.05,2005.25,662136
2017-08-17,2010.0,2031.9,1992.45,2011.25,540131
2017-08-18,1998.0,2007.55,1971.3,1982.0,349297
2017-08-21,1990.0,2001.0,1921.1,1931.1,418295
2017-08-22,1945.0,2014.0,1935.0,1984.15,772164
2017-08-23,1991.0,2053.45,1991.0,2030.95,809996
2017-08-24,2028.0,2100.0,2010.55,2088.15,1124967
2017-08-28,2084.0,2089.75,2027.1,2049.4,844176
2017-08-29,2049.0,2067.5,2032.0,2042.05,607366
2017-08-30,2047.0,2074.4,2031.4,2038.9,401449
2017-08-31,2044.0,2051.7,2006.0,2020.9,837809
2017-09-01,2115.0,2233.0,2115.0,2217.55,3613589
2017-09-04,2234.0,2236.4,2173.25,2195.1,947235
2017-09-05,2198.3,2218.35,2181.9,2209.15,513527
2017-09-06,2185.35,2208.0,2175.75,2196.9,527252
2017-09-07,2204.0,2235.0,2201.0,2224.95,491394
2017-09-08,2229.0,2229.0,2066.15,2162.5,1719424
2017-09-11,2169.0,2198.0,2154.0,2159.5,445377
2017-09-12,2165.0,2197.4,2135.4,2165.75,517997
2017-09-13,2187.0,2228.0,2169.15,2217.35,755242
2017-09-14,2234.0,2264.95,2230.0,2253.35,613254
2017-09-15,2225.2,2245.0,2201.1,2211.2,672801
2017-09-18,2204.0,2258.55,2175.6,2242.05,730962
2017-09-19,2232.0,2265.0,2200.0,2241.55,566790
2017-09-20,2250.0,2329.0,2240.0,2314.7,1333098
2017-09-21,2346.25,2500.0,2346.25,2486.55,4057364
2017-09-22,2494.0,2526.75,2446.55,2457.75,1991351
2017-09-25,2464.0,2475.0,2405.0,2417.25,911049
2017-09-26,2414.0,2415.0,2322.65,2370.75,1424436
2017-09-27,2360.0,2384.0,2281.1,2304.7,935536
2017-09-28,2300.0,2415.0,2272.2,2375.4,2815633
2017-09-29,2375.4,2390.7,2320.1,2328.75,1133595
2017-10-03,2415.0,2415.0,2320.45,2335.55,978860
2017-10-04,2342.0,2398.4,2319.55,2387.6,1187980
2017-10-05,2392.0,2428.4,2376.0,2389.15,759504
2017-10-06,2395.0,2409.9,2368.0,2375.85,533762
2017-10-09,2380.0,2433.0,2379.25,2408.95,633048
2017-10-10,2419.7,2431.25,2401.6,2411.35,316335
2017-10-11,2409.9,2420.05,2351.4,2372.15,450295
2017-10-12,2397.0,2397.0,2358.5,2379.85,416094
2017-10-13,2373.0,2379.6,2350.0,2354.45,341789
2017-10-16,2356.0,2411.0,2356.0,2403.5,386658
2017-10-17,2397.0,2397.0,2375.5,2381.35,307110
2017-10-18,2386.7,2404.0,2376.0,2385.4,333114
2017-10-19,2385.0,2387.0,2362.05,2373.05,47303
2017-10-23,2390.1,2415.0,2352.0,2366.2,363956
2017-10-24,2373.0,2382.3,2356.0,2363.65,194673
2017-10-25,2366.0,2395.1,2340.2,2348.85,295696
2017-10-26,2349.4,2357.95,2315.0,2344.35,449242
2017-10-27,2354.7,2410.0,2339.8,2394.95,434936
2017-10-30,2396.0,2465.0,2367.05,2438.5,832219
2017-10-31,2420.0,2504.0,2390.0,2428.15,1957333
2017-11-01,2412.0,2418.65,2348.0,2354.2,1176092
2017-11-02,2354.2,2440.0,2354.2,2411.4,1239887
2017-11-03,2434.7,2449.8,2392.95,2419.1,576646
2017-11-06,2414.0,2419.1,2380.65,2392.25,283667
2017-11-07,2402.2,2415.0,2337.5,2378.0,518350
2017-11-08,2380.2,2420.0,2340.0,2346.6,432395
2017-11-09,2368.6,2384.1,2340.2,2370.1,345854
2017-11-10,2369.8,2379.9,2340.0,2347.85,209756
2017-11-13,2354.7,2375.0,2330.05,2344.1,299182
2017-11-14,2348.7,2349.95,2310.05,2320.3,279262
2017-11-15,2324.4,2337.0,2293.0,2310.15,224495
2017-11-16,2322.1,2342.1,2315.0,2333.55,282950
2017-11-17,2333.55,2356.95,2303.0,2322.6,274657
2017-11-20,2337.0,2337.0,2260.15,2274.45,273585
2017-11-21,2275.2,2494.0,2275.2,2394.15,2392882
2017-11-22,2365.0,2384.95,2336.05,2360.65,536873
2017-11-23,2361.05,2367.0,2300.0,2306.25,686743
2017-11-24,2310.0,2322.9,2286.85,2295.05,346100
2017-11-27,2296.0,2305.8,2280.55,2294.8,246222
2017-11-28,2290.0,2304.0,2268.0,2290.9,307103
2017-11-29,2294.0,2319.9,2270.0,2276.8,575033
2017-11-30,2261.0,2312.15,2261.0,2284.05,1452047
2017-12-01,2280.0,2286.0,2222.5,2233.9,529288
2017-12-04,2275.0,2275.0,2229.05,2242.4,295595
2017-12-05,2247.0,2247.0,2202.1,2209.35,285781
2017-12-06,2208.0,2223.75,2194.4,2200.2,260730
2017-12-07,2208.0,2215.0,2188.0,2196.35,234439
2017-12-08,2206.1,2208.0,2179.35,2185.45,383817
2017-12-11,2198.7,2213.9,2171.0,2192.9,377793
2017-12-12,2324.5,2326.4,2233.8,2256.35,1482214
2017-12-13,2260.0,2287.35,2253.05,2260.7,401576
2017-12-14,2288.1,2319.7,2275.0,2310.65,836204
2017-12-15,2325.0,2380.0,2316.45,2371.5,743680
2017-12-18,2365.0,2428.0,2332.95,2395.0,528351
2017-12-19,2404.5,2421.6,2391.2,2399.5,448959
2017-12-20,2395.0,2395.0,2350.4,2356.0,291975
2017-12-21,2365.0,2374.7,2341.0,2351.75,249941
2017-12-22,2360.0,2363.0,2330.0,2332.7,249602
2017-12-26,2334.95,2367.0,2329.0,2360.3,410936
2017-12-27,2363.0,2424.05,2362.0,2400.3,693520
2017-12-28,2409.9,2448.4,2401.25,2430.0,764680
2017-12-29,2429.95,2445.95,2403.15,2414.2,331967
2018-01-01,2410.0,2436.0,2394.05,2404.15,242081
2018-01-02,2427.0,2439.0,2395.6,2409.2,251537
2018-01-03,2386.5,2386.5,2292.1,2339.0,886002
2018-01-04,2343.0,2420.0,2343.0,2410.8,558617
2018-01-05,2429.0,2479.0,2394.9,2473.4,639900
2018-01-08,2470.0,2512.0,2470.0,2476.6,585871
2018-01-09,2474.5,2475.75,2450.0,2457.8,243824
2018-01-10,2459.95,2472.0,2420.0,2425.8,344328
2018-01-11,2427.0,2451.0,2418.0,2425.35,185159
2018-01-12,2433.0,2453.85,2413.65,2447.65,355780
2018-01-15,2447.0,2461.25,2425.05,2431.75,156821
2018-01-16,2436.0,2484.0,2431.75,2468.7,372133
2018-01-17,2467.0,2506.0,2462.85,2491.85,381788
2018-01-18,2500.0,2534.0,2450.15,2461.5,584198
2018-01-19,2467.0,2505.0,2452.0,2490.35,240896
2018-01-22,2440.0,2519.0,2440.0,2496.55,692415
2018-01-23,2510.0,2549.95,2501.0,2520.4,730091
2018-01-24,2523.0,2615.0,2523.0,2559.4,1126277
2018-01-25,2554.0,2597.1,2453.2,2507.75,2652030
2018-01-29,2448.95,2452.0,2342.0,2357.1,1154567
2018-01-30,2356.0,2356.0,2285.2,2306.15,858002
2018-01-31,2293.0,2306.15,2203.55,2225.35,1143907
2018-02-01,2225.0,2225.0,2153.1,2157.95,968321
2018-02-02,2150.0,2211.05,2110.05,2123.55,959646
2018-02-05,2110.2,2139.0,2088.65,2116.5,603638
2018-02-06,2050.0,2124.0,2005.55,2095.7,763234
2018-02-07,2125.15,2147.0,2096.25,2111.4,398161
2018-02-08,2125.0,2196.0,2125.0,2180.45,889623
2018-02-09,2150.0,2208.0,2133.6,2193.8,479123
2018-02-12,2194.7,2229.75,2179.0,2204.25,482626
2018-02-14,2210.0,2226.0,2175.6,2183.3,309833
2018-02-15,2204.0,2219.0,2177.3,2195.8,345185
2018-02-16,2207.0,2240.0,2207.0,2213.55,458897
2018-02-19,2223.0,2233.95,2105.05,2152.0,562310
2018-02-20,2155.0,2196.5,2144.2,2163.65,669025
2018-02-21,2180.2,2202.0,2140.75,2165.9,498005
2018-02-22,2167.0,2172.6,2086.55,2123.45,1665309
2018-02-23,2142.4,2185.0,2135.05,2167.05,743506
2018-02-26,2120.0,2207.2,2090.0,2193.8,1184749
2018-02-27,2200.2,2241.55,2198.3,2236.0,676152
2018-02-28,2223.05,2266.95,2218.2,2237.25,992777
2018-03-01,2200.05,2239.75,2193.55,2231.5,430777
2018-03-05,2229.8,2239.9,2175.8,2180.8,598344
2018-03-06,2201.45,2223.8,2166.85,2176.45,415000
2018-03-07,2176.5,2204.3,2143.0,2149.6,492494
2018-03-08,2172.9,2182.0,2128.1,2143.4,476763
2018-03-09,2164.0,2182.8,2095.0,2129.9,470814
2018-03-12,2160.0,2163.7,2122.0,2148.4,530428
2018-03-13,2142.0,2194.15,2141.25,2181.5,519269
2018-03-14,2185.0,2196.0,2166.8,2181.45,266769
2018-03-15,2182.45,2218.4,2177.0,2182.75,335767
2018-03-16,2180.0,2209.0,2118.3,2142.15,594361
2018-03-19,2155.0,2170.0,2112.15,2119.85,292149
2018-03-20,2114.95,2162.9,2101.95,2157.15,387372
2018-03-21,2168.8,2179.85,2130.4,2141.7,369060
2018-03-22,2139.0,2150.75,2097.1,2108.3,410402
2018-03-23,2091.0,2101.9,2060.2,2072.3,474396
2018-03-26,2072.0,2109.75,2050.3,2104.0,500280
2018-03-27,2096.0,2119.0,2090.0,2102.45,324567
2018-03-28,2103.0,2113.6,2071.6,2080.55,665647
2018-04-02,2080.0,2138.0,2080.0,2132.1,245975
2018-04-03,2111.0,2149.85,2111.0,2124.9,279023
2018-04-04,2124.0,2125.25,2079.95,2091.4,353719
2018-04-05,2115.0,2135.6,2097.0,2111.1,375110
2018-04-06,2112.0,2133.6,2105.05,2124.8,264845
2018-04-09,2120.0,2135.4,2109.0,2121.25,223287
2018-04-10,2123.0,2135.0,2082.75,2112.1,515981
2018-04-11,2130.0,2133.05,2090.0,2100.7,306020
2018-04-12,2078.0,2078.0,2054.3,2060.5,679256
2018-04-13,2072.3,2096.0,2067.8,2089.95,441352
2018-04-16,2081.2,2110.0,2075.0,2102.45,289585
2018-04-17,2105.0,2117.15,2088.0,2105.55,293638
2018-04-18,2114.7,2117.25,2091.05,2101.65,227808
2018-04-19,2111.0,2140.0,2107.0,2136.3,322550
2018-04-20,2130.0,2145.95,2106.05,2121.9,267337
2018-04-23,2123.4,2142.0,2095.0,2135.55,545145
2018-04-24,2131.9,2180.0,2127.05,2150.15,886215
2018-04-25,2151.45,2155.95,2113.0,2118.0,288899
2018-04-26,2128.0,2147.2,2064.1,2076.85,1355549
2018-04-27,2098.0,2112.2,2082.0,2097.75,319344
2018-04-30,2110.8,2126.9,2098.05,2109.85,222664
2018-05-02,2116.4,2127.8,2102.05,2118.2,198229
2018-05-03,2122.2,2126.1,2087.65,2121.1,180076
2018-05-04,2130.0,2145.0,2097.9,2106.6,364533
2018-05-07,2110.0,2110.75,2055.0,2069.5,344097
2018-05-08,2090.0,2094.05,2065.0,2074.95,250444
2018-05-09,2075.85,2085.0,2058.5,2064.35,254351
2018-05-10,2055.0,2059.0,1982.0,1989.6,660318
2018-05-11,2003.5,2017.9,1960.0,1990.5,604488
2018-05-14,2012.0,2043.0,2012.0,2017.75,581715
2018-05-15,2017.75,2030.0,1978.2,2008.5,404721
2018-05-16,2006.0,2008.5,1985.0,1993.95,274437
2018-05-17,1995.8,1995.8,1950.1,1977.15,466175
2018-05-18,1982.8,1992.0,1967.35,1982.0,507296
2018-05-21,1991.0,1991.0,1887.0,1893.05,505736
2018-05-22,1902.5,2036.0,1890.0,2009.6,2019136
2018-05-23,1978.0,1993.9,1934.8,1954.35,734078
2018-05-24,1962.7,1985.2,1942.95,1972.95,458454
2018-05-25,1975.0,1995.8,1965.0,1967.85,435249
2018-05-28,1966.75,2012.05,1960.0,1994.55,508364
2018-05-29,2000.0,2014.55,1972.6,1980.7,490670
2018-05-30,1975.0,1975.0,1952.0,1961.8,335848
2018-05-31,1971.8,1971.8,1925.95,1936.6,1860178
2018-06-01,1940.0,1963.45,1932.35,1941.4,441861
2018-06-04,1978.0,2027.9,1965.0,1996.0,1400421
2018-06-05,1980.0,1987.55,1954.0,1963.4,365344
2018-06-06,1963.0,1977.9,1948.0,1960.45,415605
2018-06-07,1965.0,1976.95,1961.2,1964.95,152700
2018-06-08,1973.0,2072.6,1973.0,2062.9,1113559
2018-06-11,2062.05,2125.0,2051.65,2083.2,1612295
2018-06-12,2097.0,2195.0,2097.0,2190.65,2097114
2018-06-13,2190.0,2304.0,2185.0,2256.3,2580254
2018-06-14,2260.05,2299.65,2246.55,2269.4,1588963
2018-06-15,2303.0,2385.8,2296.25,2349.85,4456911
2018-06-18,2339.0,2411.0,2292.4,2385.85,2310151
2018-06-19,2403.2,2429.6,2376.55,2393.0,2106466
2018-06-20,2393.0,2409.9,2352.95,2367.75,1149681
2018-06-21,2389.0,2389.0,2306.5,2316.4,1115131
2018-06-22,2325.0,2347.5,2274.05,2336.25,1667277
2018-06-25,2305.0,2326.8,2281.0,2290.15,1142767
2018-06-26,2284.0,2285.0,2257.4,2267.15,628148
2018-06-27,2257.9,2306.8,2245.9,2293.8,1552070
2018-06-28,2289.0,2325.95,2272.2,2295.75,1228463
2018-06-29,2279.95,2284.0,2223.0,2235.05,898423
2018-07-02,2230.0,2260.55,2202.25,2240.35,774325
2018-07-03,2258.0,2284.0,2235.2,2273.75,756573
2018-07-04,2273.8,2338.0,2273.8,2317.25,1065535
2018-07-05,2329.95,2348.7,2287.75,2298.65,830939
2018-07-06,2300.0,2319.9,2255.85,2269.05,556218
2018-07-09,2282.0,2335.0,2281.95,2330.05,729897
2018-07-10,2345.6,2345.6,2303.0,2321.85,665940
2018-07-11,2301.0,2333.0,2275.0,2301.35,820067
2018-07-12,2326.7,2387.65,2326.65,2357.25,1312367
2018-07-13,2340.0,2366.4,2301.0,2319.85,466927
2018-07-16,2223.1,2223.1,2069.95,2093.95,3721516
2018-07-17,2060.0,2119.0,2057.05,2065.3,1422184
2018-07-18,2080.0,2096.55,2040.5,2065.65,1219549
2018-07-19,2077.8,2077.8,2025.0,2029.2,762721
2018-07-20,2026.0,2073.0,2020.0,2051.9,755783
2018-07-23,2073.0,2073.0,2032.5,2041.7,587029
2018-07-24,2043.0,2090.0,2043.0,2077.6,1289377
2018-07-25,2087.0,2097.5,2061.55,2088.2,538614
2018-07-26,2075.7,2191.0,2074.9,2132.75,1913049
2018-07-27,2135.0,2135.0,2067.4,2083.2,896318
2018-07-30,2080.05,2092.85,2058.3,2067.2,807995
2018-07-31,2075.0,2135.0,2070.6,2127.8,1464380
2018-08-01,2130.0,2182.0,2130.0,2175.7,912903
2018-08-02,2175.0,2237.95,2170.0,2227.85,1039641
2018-08-03,2236.0,2290.0,2230.0,2281.05,1013107
2018-08-06,2285.0,2325.0,2228.2,2234.4,835775
2018-08-07,2249.9,2281.45,2245.05,2258.8,499910
2018-08-08,2263.0,2280.0,2237.0,2245.5,345399
2018-08-09,2263.9,2263.9,2205.05,2237.7,390701
2018-08-10,2236.4,2256.9,2205.5,2214.3,323888
2018-08-13,2220.0,2249.0,2215.15,2241.6,267323
2018-08-14,2254.0,2291.0,2239.05,2278.45,482038
2018-08-16,2275.35,2361.45,2270.85,2353.45,895988
2018-08-17,2373.9,2411.3,2350.9,2364.15,889022
2018-08-20,2365.0,2396.95,2365.0,2380.75,361318
2018-08-21,2388.0,2427.9,2354.1,2410.95,638958
2018-08-23,2430.0,2520.0,2425.0,2463.6,1624568
2018-08-24,2475.0,2477.4,2425.6,2447.45,576704
2018-08-27,2453.0,2462.95,2426.5,2443.1,457122
2018-08-28,2450.0,2480.0,2407.05,2414.5,750408
2018-08-29,2420.0,2429.5,2377.5,2383.85,638133
2018-08-30,2385.0,2417.95,2375.05,2380.15,1078598
2018-08-31,2397.0,2499.0,2395.0,2492.0,1981320
2018-09-03,2510.0,2632.0,2495.0,2593.4,3039924
2018-09-04,2595.0,2615.0,2537.05,2543.1,1036459
2018-09-05,2549.3,2590.0,2518.5,2567.7,1127153
2018-09-06,2584.0,2620.0,2555.1,2566.95,1084494
2018-09-07,2575.0,2644.3,2545.6,2632.5,1306632
2018-09-11,2578.45,2586.45,2507.1,2524.45,1136931
2018-09-14,2555.9,2595.0,2550.05,2581.85,677333
2018-09-17,2581.0,2615.0,2547.9,2568.5,691773
2018-09-18,2579.9,2637.0,2570.0,2584.15,1111458
2018-09-19,2603.4,2636.0,2571.0,2607.1,869947
2018-09-21,2643.95,2670.8,2441.1,2556.25,1411007
2018-09-24,2577.8,2600.95,2529.3,2553.95,688659
2018-09-25,2570.6,2619.25,2550.25,2611.7,759251
2018-09-26,2617.7,2664.2,2591.0,2600.85,1206238
2018-09-27,2609.9,2620.35,2529.0,2541.0,1050352
2018-09-28,2559.0,2577.0,2484.55,2530.65,1069703
2018-10-01,2531.0,2540.7,2440.35,2508.6,762356
2018-10-03,2517.0,2549.0,2482.0,2489.55,705888
2018-10-04,2469.0,2493.95,2360.25,2372.45,804214
2018-10-05,2356.0,2429.1,2350.3,2394.55,736953
2018-10-08,2395.0,2407.75,2332.0,2340.1,603789
2018-10-09,2357.65,2477.0,2341.95,2454.15,1127674
2018-10-10,2465.0,2514.05,2456.0,2484.6,893571
2018-10-11,2412.05,2516.0,2408.0,2459.0,548027
2018-10-12,2460.0,2490.95,2432.45,2450.5,925386
2018-10-15,2461.1,2579.95,2443.4,2566.85,1123276
2018-10-16,2566.9,2590.0,2537.5,2573.6,600003
2018-10-17,2580.0,2599.0,2552.0,2565.0,492009
2018-10-19,2550.0,2582.9,2530.5,2552.35,436984
2018-10-22,2562.5,2582.65,2496.25,2519.4,556392
2018-10-23,2524.95,2546.25,2425.1,2473.75,823509
2018-10-24,2488.0,2497.0,2386.55,2434.3,725644
2018-10-25,2411.6,2444.95,2380.0,2390.5,1339300
2018-10-26,2391.4,2450.0,2368.05,2404.55,1125652
2018-10-29,2440.0,2559.0,2439.9,2532.95,1030783
2018-10-30,2530.7,2610.0,2515.25,2594.3,971039
2018-10-31,2438.95,2554.4,2423.05,2542.45,2272822
2018-11-01,2560.0,2574.45,2446.5,2461.6,1370566
2018-11-02,2465.5,2475.9,2403.55,2423.25,880708
2018-11-05,2440.0,2452.0,2391.0,2420.9,529589
2018-11-06,2418.7,2460.0,2412.0,2450.85,378830
2018-11-07,2460.0,2469.9,2442.0,2452.95,77956
2018-11-09,2465.0,2465.0,2389.0,2400.0,1002927
2018-11-12,2413.9,2437.85,2395.0,2415.55,487888
2018-11-13,2416.0,2451.0,2415.55,2438.05,469698
2018-11-14,2449.9,2470.0,2406.8,2449.25,430253
2018-11-15,2456.8,2497.95,2449.95,2461.8,498725
2018-11-16,2463.0,2496.8,2442.05,2477.05,425810
2018-11-19,2545.5,2545.6,2490.0,2528.6,947022
2018-11-20,2520.1,2520.1,2437.55,2443.15,541117
2018-11-21,2608.0,2655.0,2577.15,2601.8,4485824
2018-11-22,2580.0,2619.7,2575.6,2608.7,1009204
2018-11-26,2607.0,2637.9,2521.05,2558.6,1129634
2018-11-27,2575.0,2602.8,2542.0,2588.75,1047598
2018-11-28,2595.0,2595.35,2547.75,2572.3,644293
2018-11-29,2584.0,2666.7,2575.1,2655.3,1048293
2018-11-30,2661.0,2734.55,2657.05,2722.2,1491828
2018-12-03,2738.6,2742.6,2652.45,2667.9,983834
2018-12-04,2688.0,2718.85,2681.8,2704.05,915453
2018-12-05,2696.0,2713.95,2646.6,2671.65,447631
2018-12-06,2671.0,2681.0,2621.15,2641.2,515153
2018-12-07,2661.0,2714.3,2643.0,2692.55,1179675
2018-12-10,2623.1,2707.0,2623.1,2690.45,1005187
2018-12-11,2668.5,2749.95,2666.1,2716.15,840779
2018-12-12,2670.0,2711.55,2534.1,2586.35,3413128
2018-12-13,2625.0,2625.0,2567.2,2596.85,1037801
2018-12-14,2595.0,2609.6,2568.0,2591.7,586360
2018-12-17,2604.7,2635.0,2600.2,2613.15,592403
2018-12-18,2601.8,2645.0,2582.15,2639.3,739253
2018-12-19,2645.0,2651.0,2584.65,2613.75,841239
2018-12-20,2607.7,2633.95,2592.0,2628.45,493086
2018-12-21,2609.4,2616.3,2578.1,2608.05,747959
2018-12-24,2610.0,2623.1,2578.2,2599.8,504639
2018-12-26,2598.0,2628.0,2575.2,2622.3,753624
2018-12-27,2641.0,2645.0,2581.35,2587.45,587578
2018-12-28,2605.0,2633.0,2601.1,2621.9,597700
2018-12-31,2634.7,2663.8,2610.0,2616.5,1026529
2019-01-01,2618.1,2634.0,2600.0,2607.05,338757
2019-01-02,2606.0,2618.0,2575.05,2601.05,417551
2019-01-03,2605.0,2614.8,2564.0,2577.35,541891
2019-01-04,2580.0,2606.0,2562.0,2600.0,407397
2019-01-07,2613.85,2613.85,2537.3,2558.65,542415
2019-01-08,2561.0,2586.85,2551.0,2570.5,689498
2019-01-09,2580.9,2610.9,2580.9,2603.1,464336
2019-01-10,2598.1,2610.0,2583.15,2600.4,390414
2019-01-11,2610.8,2610.8,2580.0,2588.15,316787
2019-01-14,2585.35,2605.0,2555.0,2578.8,394478
2019-01-15,2585.0,2604.0,2581.35,2594.8,357577
2019-01-16,2580.0,2627.7,2575.3,2616.95,946148
2019-01-17,2620.0,2628.8,2600.0,2619.15,649802
2019-01-18,2605.0,2629.35,2594.5,2596.8,536273
2019-01-21,2605.0,2642.0,2581.8,2599.8,595064
2019-01-22,2599.1,2645.0,2589.95,2640.3,776066
2019-01-23,2639.85,2660.0,2630.0,2646.75,754526
2019-01-24,2642.05,2674.7,2642.05,2668.45,611565
2019-01-25,2670.5,2691.0,2645.5,2672.4,609282
2019-01-28,2671.9,2671.9,2597.05,2624.75,684994
2019-01-29,2616.0,2684.0,2603.0,2666.45,867696
2019-01-30,2655.05,2680.0,2637.45,2665.4,657014
2019-01-31,2665.0,2728.55,2651.0,2720.8,1231518
2019-02-01,2717.7,2819.0,2715.15,2791.25,1450995
2019-02-04,2807.9,2878.0,2715.25,2735.2,2149582
2019-02-05,2775.2,2859.85,2773.0,2821.45,1653331
2019-02-06,2816.0,2816.0,2761.0,2789.7,881795
2019-02-07,2791.0,2835.0,2791.0,2821.8,561804
2019-02-08,2818.0,2818.0,2751.65,2769.7,714193
2019-02-11,2660.1,2707.95,2559.35,2615.35,1895462
2019-02-12,2619.0,2676.45,2584.0,2652.5,1309324
2019-02-13,2665.0,2681.75,2632.0,2648.7,676457
2019-02-14,2648.7,2674.95,2616.0,2667.25,597409
2019-02-15,2660.0,2660.0,1872.95,2563.35,6756271
2019-02-18,2650.0,2689.65,2545.05,2565.55,2687581
2019-02-19,2583.95,2610.0,2505.1,2536.9,2269798
2019-02-20,2574.9,2584.0,2508.55,2525.15,1559722
2019-02-21,2550.0,2606.0,2519.85,2586.3,1310397
2019-02-22,2584.75,2650.0,2555.7,2639.5,1378159
2019-02-25,2640.25,2694.95,2622.8,2666.9,1275515
2019-02-26,2653.9,2659.9,2628.95,2647.8,1013114
2019-02-27,2664.5,2683.0,2630.05,2646.9,793098
2019-02-28,2669.0,2669.0,2615.25,2631.65,669759
2019-03-01,2638.0,2657.1,2580.05,2646.0,885795
2019-03-05,2635.0,2668.8,2604.6,2654.1,646711
2019-03-06,2660.6,2708.5,2656.65,2693.65,852395
2019-03-07,2690.0,2725.9,2668.9,2680.75,916759
2019-03-08,2668.0,2685.95,2606.5,2615.05,684806
2019-03-11,2628.0,2656.0,2611.05,2626.15,1113712
2019-03-12,2647.0,2676.0,2638.0,2666.85,544868
2019-03-13,2663.0,2710.0,2644.6,2655.85,704078
2019-03-14,2655.85,2670.9,2616.0,2647.9,483712
2019-03-15,2655.5,2693.75,2640.95,2658.9,1436054
2019-03-18,2658.4,2674.3,2643.15,2669.45,454563
2019-03-19,2670.0,2717.25,2669.45,2708.7,918056
2019-03-20,2709.0,2760.0,2709.0,2751.65,1151949
2019-03-22,2779.0,2779.0,2738.5,2751.3,685401
2019-03-25,2744.9,2798.0,2726.75,2780.95,1009863
2019-03-26,2791.0,2793.95,2762.5,2782.35,484102
2019-03-27,2781.05,2814.0,2744.1,2765.05,659032
2019-03-28,2774.7,2774.7,2708.0,2717.2,663559
2019-03-29,2739.7,2787.95,2733.2,2780.25,578347
2019-04-01,2798.95,2822.75,2782.0,2794.8,791811
2019-04-02,2804.0,2820.0,2780.0,2798.75,588391
2019-04-03,2808.0,2808.8,2758.45,2765.2,368516
2019-04-04,2772.75,2792.55,2753.5,2771.35,438496
2019-04-05,2775.8,2778.0,2742.5,2754.35,445093
2019-04-08,2760.0,2780.0,2745.5,2763.7,307007
2019-04-09,2764.0,2765.95,2736.9,2753.3,413081
2019-04-10,2752.15,2835.9,2746.1,2765.0,1077211
2019-04-11,2772.65,2815.0,2757.85,2811.75,637345
2019-04-12,2800.0,2821.0,2786.05,2807.05,606222
2019-04-15,2821.6,2829.8,2781.0,2792.8,556519
2019-04-16,2831.0,2840.0,2807.0,2825.1,771487
2019-04-18,2827.95,2827.95,2791.35,2799.1,433608
2019-04-22,2810.0,2819.95,2775.0,2795.7,347230
2019-04-23,2800.5,2832.65,2800.5,2822.15,475888
2019-04-24,2835.0,2875.0,2813.1,2859.4,748185
2019-04-25,2851.65,2940.0,2839.45,2924.9,1087724
2019-04-26,2934.0,2953.5,2875.55,2892.25,925723
2019-04-30,2903.95,2950.0,2895.3,2933.75,601275
2019-05-02,2925.0,2964.0,2905.0,2919.9,588092
2019-05-03,2910.1,2932.75,2890.7,2907.45,364533
2019-05-06,2896.95,2929.95,2888.0,2920.6,411016
2019-05-07,2936.0,2952.0,2925.25,2942.45,458140
2019-05-08,2943.0,2947.8,2882.6,2900.5,450398
2019-05-09,2882.25,2909.3,2838.6,2900.6,731120
2019-05-10,2908.0,2917.2,2866.35,2876.4,339092
2019-05-13,2850.05,2859.95,2777.65,2802.75,659200
2019-05-14,2785.8,2827.0,2760.05,2807.6,484950
2019-05-15,2811.0,2853.85,2792.0,2813.55,478805
2019-05-16,2813.15,2826.35,2760.2,2801.0,385300
2019-05-17,2791.0,2810.0,2667.45,2745.0,1160721
2019-05-20,2778.0,2779.0,2542.55,2589.4,2659265
2019-05-21,2594.0,2699.95,2594.0,2667.0,2008336
2019-05-22,2664.9,2679.9,2621.85,2657.75,765196
2019-05-23,2680.0,2699.9,2626.4,2637.3,546632
2019-05-24,2650.0,2673.95,2626.2,2663.9,471150
2019-05-27,2664.0,2669.0,2632.45,2658.0,340656
2019-05-28,2665.0,2684.0,2626.4,2651.95,1252297
2019-05-29,2650.0,2650.0,2592.45,2610.75,774498
2019-05-30,2613.0,2659.9,2593.35,2652.4,727619
2019-05-31,2659.5,2688.0,2626.4,2678.35,939491
2019-06-03,2679.8,2739.0,2652.4,2724.1,558848
2019-06-04,2750.0,2798.45,2400.0,2665.35,2438393
2019-06-06,2701.55,2709.9,2644.0,2657.3,608496
2019-06-07,2650.0,2656.15,2555.25,2580.7,782434
2019-06-10,2608.1,2637.8,2569.65,2629.25,622985
2019-06-11,2635.95,2635.95,2593.5,2605.85,521153
2019-06-12,2612.0,2628.8,2572.5,2589.7,528873
2019-06-13,2591.0,2602.6,2557.4,2588.25,368693
2019-06-14,2582.0,2582.0,2529.0,2565.15,689207
2019-06-17,2567.0,2580.45,2538.6,2554.15,526924
2019-06-18,2555.0,2600.0,2542.05,2591.25,665057
2019-06-19,2584.0,2590.85,2537.5,2550.85,845595
2019-06-20,2550.0,2577.25,2518.0,2564.8,568148
2019-06-21,2560.0,2575.0,2523.55,2551.55,579138
2019-06-24,2524.0,2532.0,2504.65,2513.4,452261
2019-06-25,2502.1,2552.45,2488.05,2536.05,437218
2019-06-26,2534.95,2587.45,2512.7,2578.95,501267
2019-06-27,2578.9,2578.9,2543.9,2565.6,465861
2019-06-28,2590.0,2615.0,2536.8,2550.45,859777
2019-07-01,2567.1,2675.0,2567.1,2654.85,1118522
2019-07-02,2657.0,2661.95,2615.6,2627.65,666682
2019-07-03,2636.95,2636.95,2580.0,2596.7,626598
2019-07-04,2601.1,2620.0,2593.05,2602.4,368100
2019-07-05,2610.0,2619.5,2593.55,2600.95,491715
2019-07-08,2585.1,2620.0,2559.0,2595.7,470575
2019-07-09,2592.0,2625.0,2571.3,2598.85,408296
2019-07-10,2594.0,2602.9,2572.4,2584.65,311159
2019-07-11,2586.0,2662.0,2585.15,2653.05,780105
2019-07-12,2648.0,2660.25,2585.15,2628.6,661837
2019-07-15,2630.05,2670.65,2612.2,2627.6,499554
2019-07-16,2622.65,2684.0,2603.2,2676.5,592319
2019-07-17,2665.6,2687.9,2642.45,2666.3,473536
2019-07-18,2665.25,2679.85,2630.0,2655.55,434455
2019-07-19,2659.95,2680.0,2604.05,2613.15,468248
2019-07-22,2619.0,2642.0,2600.2,2632.5,349052
2019-07-23,2640.0,2644.65,2580.45,2599.35,480116
2019-07-24,2595.0,2611.0,2555.0,2599.05,453664
2019-07-25,2619.8,2666.0,2607.25,2654.1,516388
2019-07-26,2640.05,2714.0,2621.7,2704.95,537619
2019-07-29,2709.9,2726.8,2621.3,2653.95,919633
2019-07-30,2648.0,2693.5,2549.1,2560.0,2197242
2019-07-31,2535.0,2590.0,2533.0,2574.6,834690
2019-08-01,2573.0,2573.0,2500.05,2533.75,976249
2019-08-02,2533.8,2550.0,2496.25,2529.2,593989
2019-08-05,2523.0,2537.95,2500.7,2514.7,337575
2019-08-06,2509.85,2584.9,2501.0,2556.2,603217
2019-08-07,2550.0,2588.85,2540.95,2556.8,316279
2019-08-08,2570.0,2587.95,2550.05,2571.95,255261
2019-08-09,2576.75,2589.7,2560.1,2573.45,373925
2019-08-13,2578.0,2599.5,2541.0,2556.35,374844
2019-08-14,2525.05,2537.8,2351.2,2511.95,1609457
2019-08-16,2529.0,2529.0,2465.0,2492.55,797845
2019-08-19,2540.0,2568.95,2495.0,2509.1,711303
2019-08-20,2524.75,2564.45,2515.5,2554.6,609510
2019-08-21,2500.0,2526.9,2491.0,2503.0,850994
2019-08-22,2503.0,2560.0,2503.0,2545.4,529785
2019-08-23,2545.1,2560.65,2524.0,2541.25,572710
2019-08-26,2559.95,2585.0,2542.05,2567.2,435006
2019-08-27,2575.0,2584.0,2532.8,2540.7,583104
2019-08-28,2557.5,2569.0,2503.45,2512.1,423228
2019-08-29,2515.0,2535.0,2493.95,2527.8,504970
2019-08-30,2530.2,2568.0,2513.0,2557.5,575277
2019-09-03,2558.35,2567.0,2522.8,2532.8,385453
2019-09-04,2539.9,2611.55,2532.9,2602.7,819257
2019-09-05,2636.75,2694.8,2636.75,2682.45,897710
2019-09-06,2684.1,2746.95,2675.05,2739.95,791834
2019-09-09,2729.1,2764.65,2729.1,2749.2,639935
2019-09-11,2752.0,2778.4,2741.0,2761.0,634349
2019-09-12,2766.0,2788.0,2747.1,2767.05,469462
2019-09-13,2781.65,2794.95,2692.75,2731.55,1189800
2019-09-16,2731.0,2762.6,2703.1,2725.3,818425
2019-09-17,2735.0,2762.4,2730.6,2738.05,468543
2019-09-18,2739.8,2761.95,2715.15,2743.65,364302
2019-09-19,2740.1,2748.2,2708.65,2732.55,463919
2019-09-20,2738.0,2862.0,2711.05,2837.8,766105
2019-09-23,2840.0,2840.0,2701.0,2767.25,929038
2019-09-24,2766.7,2845.0,2715.0,2785.25,679650
2019-09-25,2750.15,2784.0,2750.15,2773.35,491430
2019-09-26,2790.0,2795.9,2742.95,2774.85,504812
2019-09-27,2782.0,2786.0,2720.5,2730.8,468966
2019-09-30,2734.0,2742.55,2690.4,2702.25,549806
2019-10-01,2690.0,2720.0,2644.9,2689.35,972020
2019-10-03,2679.8,2684.45,2636.0,2677.15,297000
2019-10-04,2687.0,2699.0,2611.35,2617.7,444204
2019-10-07,2630.0,2645.0,2576.25,2616.45,519253
2019-10-09,2624.75,2676.0,2600.3,2663.4,466444
2019-10-10,2626.15,2666.9,2612.05,2633.5,288141
2019-10-11,2645.0,2659.0,2607.0,2651.4,546907
2019-10-14,2652.0,2682.6,2621.0,2651.9,301437
2019-10-15,2662.0,2696.9,2654.55,2684.65,342159
2019-10-16,2711.0,2728.4,2687.0,2701.45,327837
2019-10-17,2711.0,2734.0,2699.0,2727.4,305014
2019-10-18,2720.0,2744.95,2710.05,2724.85,289279
2019-10-22,2722.25,2820.7,2710.85,2810.75,699344
2019-10-23,2806.8,2841.95,2755.05,2826.7,979592
2019-10-24,2839.75,2849.95,2770.0,2825.3,602632
2019-10-25,2824.0,2824.0,2779.95,2794.95,500795
2019-10-29,2775.0,2820.0,2753.45,2802.5,533768
2019-10-30,2829.0,2829.0,2741.55,2759.9,593147
2019-10-31,2779.9,2814.9,2770.1,2783.2,720238
2019-11-01,2784.0,2829.15,2735.85,2756.6,3000855
2019-11-04,2765.25,2810.0,2748.55,2797.8,808849
2019-11-05,2793.8,2849.5,2792.0,2815.7,843662
2019-11-06,2820.1,2880.0,2820.1,2862.7,900469
2019-11-07,2862.0,2883.2,2829.0,2871.05,441155
2019-11-08,2860.0,2860.0,2812.3,2822.1,318986
2019-11-11,2812.35,2827.35,2795.0,2815.75,306664
2019-11-13,2820.0,2823.85,2755.0,2763.15,456683
2019-11-14,2775.0,2777.35,2724.95,2734.05,648568
2019-11-15,2748.0,2748.0,2712.3,2730.8,378845
2019-11-18,2733.0,2759.0,2732.0,2737.0,422773
2019-11-19,2741.0,2760.45,2724.5,2743.0,476925
2019-11-20,2746.35,2863.95,2745.0,2838.65,997976
2019-11-21,2828.0,2890.0,2810.2,2879.25,958939
2019-11-22,2855.0,2904.75,2843.0,2871.25,549551
2019-11-25,2860.0,2936.0,2850.05,2920.65,468795
2019-11-26,2920.25,2975.0,2907.15,2965.85,1056168
2019-11-27,2960.0,2991.95,2942.3,2972.0,558515
2019-11-28,2968.1,2982.6,2943.05,2976.75,256436
2019-11-29,2974.7,2974.7,2895.3,2913.85,560413
2019-12-02,2918.0,2918.0,2852.0,2871.7,598055
2019-12-03,2879.0,2887.35,2851.65,2858.35,381336
2019-12-04,2860.0,2885.9,2858.2,2877.85,476162
2019-12-05,2879.8,2880.0,2849.1,2871.6,433761
2019-12-06,2887.7,2949.0,2871.65,2890.8,988519
2019-12-09,2899.0,2942.0,2891.9,2908.75,529357
2019-12-10,2908.75,2908.75,2877.5,2897.5,348517
2019-12-11,2900.0,2915.8,2875.0,2887.8,406528
2019-12-12,2900.0,2918.8,2890.0,2905.65,403810
2019-12-13,2865.1,2865.65,2773.0,2821.5,1368418
2019-12-16,2835.0,2849.95,2796.4,2816.35,460389
2019-12-17,2828.0,2845.0,2811.0,2826.9,367110
2019-12-18,2840.0,2876.25,2827.0,2873.45,531232
2019-12-19,2874.0,2892.35,2841.05,2869.55,398275
2019-12-20,2865.3,2881.25,2855.75,2863.35,351321
2019-12-23,2867.6,2918.0,2867.6,2908.4,392235
2019-12-24,2918.9,2918.9,2886.05,2895.95,217843
2019-12-26,2896.55,2914.75,2860.0,2865.6,256960
2019-12-27,2875.0,2905.0,2861.6,2897.6,373653
2019-12-30,2882.3,2928.0,2875.0,2888.85,379879
2019-12-31,2890.0,2914.85,2864.05,2874.55,303238
2020-01-01,2880.0,2888.5,2860.2,2879.4,154779
2020-01-02,2883.8,2892.4,2860.2,2864.9,298831
2020-01-03,2864.9,2897.0,2852.05,2883.9,344678
2020-01-06,2871.0,2897.8,2854.2,2878.85,357737
2020-01-07,2890.0,2910.0,2871.05,2884.2,357635
2020-01-08,2875.0,2905.0,2866.0,2897.25,279023
2020-01-09,2911.6,2936.6,2901.0,2920.5,375496
2020-01-10,2930.0,3008.0,2925.15,2933.0,1127147
2020-01-13,2932.9,2966.5,2915.7,2954.7,441864
2020-01-14,2954.8,2968.8,2932.0,2947.8,357170
2020-01-15,2946.15,2946.5,2900.0,2918.65,384867
2020-01-16,2928.0,2951.5,2921.65,2937.45,383462
2020-01-17,2944.4,3049.0,2940.0,3034.35,1117117
2020-01-20,3043.0,3080.0,3032.05,3059.6,874713
2020-01-21,3055.55,3079.8,3035.85,3060.45,570786
2020-01-22,3060.55,3105.05,3047.4,3062.05,559798
2020-01-23,3055.3,3078.7,3024.0,3038.15,426168
2020-01-24,3044.0,3047.05,3025.2,3031.4,272729
2020-01-27,3029.0,3209.0,2997.5,3188.75,4139808
2020-01-28,3190.0,3249.95,3157.75,3189.15,2302269
2020-01-29,3189.15,3201.85,3099.2,3148.25,1389203
2020-01-30,3152.3,3170.0,3118.55,3154.85,673260
2020-01-31,3155.25,3191.85,3102.1,3114.5,668235
2020-02-03,3124.0,3173.0,3117.15,3144.15,515242
2020-02-04,3154.0,3277.6,3152.05,3241.85,1029957
2020-02-05,3235.0,3250.0,3121.7,3133.35,956229
2020-02-06,3167.6,3176.8,3136.6,3158.95,492532
2020-02-07,3159.85,3185.0,3137.0,3166.7,535233
2020-02-10,3166.45,3173.25,3113.0,3149.1,295595
2020-02-11,3159.9,3205.95,3135.0,3191.2,612104
2020-02-12,3172.15,3213.6,3164.05,3195.7,568633
2020-02-13,3222.75,3336.9,3197.1,3324.6,1716864
2020-02-14,3305.2,3333.0,3277.0,3304.3,706686
2020-02-17,3325.8,3342.05,3287.2,3295.55,640661
2020-02-18,3288.0,3288.0,3233.25,3251.35,697366
2020-02-19,3258.0,3298.8,3258.0,3278.15,301821
2020-02-20,3289.3,3364.95,3240.05,3255.3,924466
2020-02-24,3257.0,3257.0,3166.35,3176.3,628617
2020-02-25,3182.0,3182.3,3056.35,3086.9,1001027
2020-02-26,3097.0,3115.5,3060.3,3075.35,762169
2020-02-27,3094.0,3094.0,3029.1,3067.05,935416
2020-02-28,3030.0,3088.5,2905.25,2927.1,1659956
2020-03-02,2961.0,2997.25,2876.0,2905.55,888866
2020-03-03,2940.0,3078.0,2931.25,3043.7,1056080
2020-03-04,3065.0,3186.75,3036.0,3171.35,1832722
2020-03-05,3171.0,3231.95,3166.2,3184.45,1045742
2020-03-06,3085.2,3206.45,3085.2,3170.95,1125892
2020-03-09,3158.75,3189.0,3026.05,3061.25,998533
2020-03-11,3070.0,3083.9,2983.0,3000.6,1169141
2020-03-12,2948.0,2982.5,2803.55,2850.4,778179
2020-03-13,2729.95,3135.4,2610.0,2885.1,986034
2020-03-16,2790.0,2980.95,2760.0,2826.95,943080
2020-03-17,2830.0,2904.0,2757.75,2781.2,936854
2020-03-18,2801.8,2801.8,2621.05,2668.45,873524
2020-03-19,2608.0,2679.9,2495.05,2623.95,967602
2020-03-20,2641.0,2949.0,2641.0,2897.25,1554571
2020-03-23,2680.25,3047.0,2680.25,2768.4,963236
2020-03-24,2850.0,2960.0,2801.1,2857.95,1068118
2020-03-25,2827.25,2948.9,2795.7,2922.0,819410
2020-03-26,2975.2,3066.55,2879.25,2948.55,638995
2020-03-27,2952.8,3046.95,2846.1,2916.5,801588
2020-03-30,2879.6,3050.0,2811.0,2994.25,1150459
2020-03-31,3050.0,3152.0,3032.05,3120.75,1002756
2020-04-01,3119.95,3144.0,3066.0,3095.0,711048
2020-04-03,3085.0,3218.85,3025.1,3146.8,1173674
2020-04-07,3250.0,3615.6,3210.0,3583.2,2367583
2020-04-08,3525.0,3765.0,3471.0,3683.0,2522297
2020-04-09,3740.0,3810.0,3593.2,3621.55,1960953
2020-04-13,3694.0,3856.0,3607.2,3746.6,2322394
2020-04-15,3825.0,3893.6,3776.0,3807.6,1725113
2020-04-16,3806.4,3890.0,3780.0,3860.65,1465944
2020-04-17,3970.0,3997.9,3823.6,3929.55,1814922
2020-04-20,3923.55,3924.95,3810.3,3844.75,1498802
2020-04-21,3835.0,4047.8,3822.05,4016.4,2847875
2020-04-22,3989.95,4094.3,3961.25,4056.8,1783452
2020-04-23,4031.0,4086.0,4009.25,4027.1,1025657
2020-04-24,4010.0,4049.6,3970.1,4002.8,1266284
2020-04-27,4002.8,4065.1,3955.05,3980.3,1124910
2020-04-28,4030.0,4036.2,3892.05,3949.75,861168
2020-04-29,3949.75,3970.0,3872.55,3880.7,1039646
2020-04-30,3933.1,4093.75,3895.05,3936.3,2178034
2020-05-04,3850.0,4006.0,3848.2,3939.0,1415492
2020-05-05,3980.0,3986.35,3806.0,3833.9,795735
2020-05-06,3851.0,3880.0,3805.05,3852.5,955938
2020-05-07,3908.9,3936.55,3818.55,3837.65,916303
2020-05-08,3900.1,4132.2,3900.1,3984.0,2003475
2020-05-11,3977.8,3977.8,3848.05,3862.0,1194988
2020-05-12,3863.2,3909.6,3759.15,3773.4,1078501
2020-05-13,3849.0,3849.0,3735.1,3779.6,878436
2020-05-14,3790.0,3819.95,3718.6,3732.0,897141
2020-05-15,3746.0,3778.9,3717.05,3735.1,899387
2020-05-18,3760.15,3762.55,3613.85,3679.15,990955
2020-05-19,3700.15,3722.0,3660.1,3699.6,935404
2020-05-20,3720.9,3930.0,3693.15,3910.2,4216736
2020-05-21,3950.0,3954.15,3825.5,3847.5,1734433
2020-05-22,3840.6,3910.0,3811.0,3892.85,1010561
2020-05-26,3899.0,3939.0,3853.45,3864.3,827396
2020-05-27,3864.75,3900.0,3814.0,3883.0,861668
2020-05-28,3895.0,3910.8,3842.5,3887.75,792562
2020-05-29,3880.0,4090.7,3869.3,4071.25,1926274
2020-06-01,4077.6,4092.35,3941.05,3953.55,1369831
2020-06-02,3985.0,4007.3,3886.0,3895.3,1490210
2020-06-03,3928.8,3990.0,3911.25,3962.4,738828
2020-06-04,3959.9,4057.0,3956.65,3998.9,1199450
2020-06-05,4019.45,4050.0,3992.3,4024.9,771006
2020-06-08,4034.9,4034.9,3942.0,3967.6,712014
2020-06-09,3930.0,4142.0,3930.0,4123.8,2275180
2020-06-10,4145.0,4190.0,4087.7,4112.5,1553988
2020-06-11,4113.0,4127.95,4037.0,4057.6,827516
2020-06-12,3992.0,4036.6,3981.0,4007.95,782308
2020-06-15,4048.0,4126.9,3960.6,4012.3,1391915
2020-06-16,4065.0,4080.0,3952.75,4005.45,780026
2020-06-17,4005.45,4042.75,3972.0,3985.2,637364
2020-06-18,4010.0,4052.45,3992.0,4007.0,722877
2020-06-19,4020.25,4044.9,3992.0,4005.6,730943
2020-06-22,4032.0,4062.5,4010.9,4032.85,531202
2020-06-23,4047.9,4130.0,4040.1,4108.85,960083
2020-06-24,4112.45,4136.7,4028.3,4042.65,535565
2020-06-25,4030.0,4041.0,3976.55,4006.6,753882
2020-06-26,4015.0,4065.0,3965.0,3998.6,743912
2020-06-29,3998.0,4044.0,3958.75,3973.85,538493
2020-06-30,4000.0,4010.9,3925.5,3944.95,680942
2020-07-01,3965.2,3966.0,3885.85,3911.45,623565
2020-07-02,3946.0,3979.0,3901.0,3920.55,742294
2020-07-03,3940.0,3967.95,3910.0,3921.45,456078
2020-07-06,3925.0,3940.0,3877.0,3892.0,569619
2020-07-07,3894.9,3919.0,3814.0,3823.5,1035997
2020-07-08,3831.0,3944.7,3831.0,3886.7,1362258
2020-07-09,3905.0,3917.0,3854.05,3896.6,491243
2020-07-10,3899.7,3957.0,3883.2,3905.45,830601
2020-07-14,3904.0,3996.05,3874.0,3983.15,1208945
2020-07-15,3989.0,4047.8,3961.0,4036.45,1059395
2020-07-16,4031.1,4162.95,4011.1,4152.15,1561868
2020-07-17,4141.0,4158.0,4100.0,4118.75,742576
2020-07-20,4139.35,4154.0,4072.4,4092.1,628902
2020-07-21,4100.25,4130.7,4006.05,4033.55,663296
2020-07-22,4053.55,4130.0,4025.05,4061.6,818821
2020-07-23,4090.9,4140.0,4062.0,4130.0,711960
2020-07-24,4130.0,4179.9,4051.65,4065.95,1096018
2020-07-27,4085.0,4085.65,3962.95,4015.7,581848
2020-07-28,4019.0,4092.0,4007.35,4051.35,518594
2020-07-29,4082.45,4336.0,4075.4,4302.2,4953494
2020-07-30,4393.9,4560.0,4340.0,4516.6,6294420
2020-07-31,4479.0,4550.85,4455.4,4521.05,1582134
2020-08-03,4521.05,4670.0,4500.0,4527.45,2436651
2020-08-04,4530.7,4654.35,4490.15,4634.85,1666543
2020-08-05,4655.05,4665.7,4581.7,4600.95,1012014
2020-08-06,4610.05,4658.0,4567.55,4583.05,917421
2020-08-07,4590.0,4707.0,4560.55,4573.5,1665377
2020-08-10,4605.0,4758.6,4605.0,4690.9,1739577
2020-08-11,4715.05,4738.55,4565.0,4595.9,1291535
2020-08-12,4575.0,4579.9,4484.05,4518.15,1070736
2020-08-13,4550.15,4590.45,4491.75,4502.25,910042
2020-08-14,4526.15,4586.0,4470.0,4519.4,1150830
2020-08-17,4519.45,4570.0,4500.2,4519.15,677666
2020-08-18,4538.0,4559.7,4492.35,4520.4,650432
2020-08-19,4540.0,4558.95,4476.1,4489.25,807214
2020-08-20,4485.0,4526.6,4461.1,4476.0,806767
2020-08-21,4520.0,4520.0,4473.6,4489.75,487702
2020-08-24,4489.75,4507.1,4425.0,4472.55,735238
2020-08-25,4490.0,4492.4,4420.0,4427.7,602257
2020-08-26,4431.0,4452.9,4400.0,4434.75,692020
2020-08-27,4442.4,4468.3,4417.0,4437.0,903664
2020-08-28,4460.0,4466.0,4360.8,4374.3,1162854
2020-08-31,4375.0,4425.0,4216.65,4264.7,1188829
2020-09-01,4271.1,4375.9,4232.0,4351.95,812641
2020-09-02,4351.25,4397.4,4316.7,4352.75,603697
2020-09-03,4374.55,4466.0,4340.15,4433.15,938400
2020-09-04,4400.0,4483.45,4291.95,4322.5,1354800
2020-09-07,4344.15,4436.0,4295.25,4419.85,1230797
2020-09-08,4465.0,4481.5,4328.8,4348.8,1471551
2020-09-09,4349.9,4444.0,4335.6,4429.45,1235112
2020-09-10,4460.0,4462.0,4340.55,4380.15,871169
2020-09-11,4400.0,4447.0,4375.0,4401.6,886945
2020-09-14,4423.65,4423.65,4336.0,4364.1,584911
2020-09-15,4374.95,4549.0,4372.55,4442.35,2504467
2020-09-16,4455.0,4650.8,4411.0,4627.9,2979840
2020-09-17,4704.0,4845.55,4654.95,4827.25,8429919
2020-09-18,5000.0,5496.95,4950.25,5333.35,21987146
2020-09-21,5333.35,5512.65,5111.25,5142.0,12743499
2020-09-22,5214.0,5260.0,5055.0,5167.95,7703358
2020-09-23,5256.0,5280.0,5059.4,5107.75,5013438
2020-09-24,5060.0,5202.9,5002.5,5027.4,5197979
2020-09-25,5120.0,5153.0,5044.0,5112.2,3514249
2020-09-28,5199.95,5200.0,5090.8,5129.85,2497630
2020-09-29,5130.0,5154.95,5066.4,5084.2,1429998
2020-09-30,5100.0,5318.0,5085.0,5187.8,5395622
2020-10-01,5225.0,5256.0,5088.4,5112.05,2277137
2020-10-05,5170.0,5190.0,5103.0,5159.5,1837683
2020-10-06,5159.5,5226.75,5112.2,5136.5,1690007
2020-10-07,5145.0,5195.0,5093.2,5104.95,1582414
2020-10-08,5144.0,5214.8,5056.0,5194.4,2220562
2020-10-09,5151.0,5258.0,5136.0,5153.0,2333975
2020-10-12,5158.1,5238.0,5111.0,5220.5,1935812
2020-10-13,5230.0,5322.8,5157.85,5168.75,3363975
2020-10-14,5175.0,5219.75,5090.85,5123.0,1864628
2020-10-15,5148.65,5165.0,5020.1,5056.25,1768628
2020-10-16,5036.0,5125.0,5020.0,5080.55,2023115
2020-10-19,5211.0,5215.0,5042.05,5058.15,2150734
2020-10-20,5056.95,5110.0,5030.95,5071.15,1380290
2020-10-21,5096.55,5096.55,4906.55,5046.75,1601491
2020-10-22,5036.7,5044.7,4831.0,5022.0,4918148
2020-10-23,5051.0,5091.0,4996.0,5018.25,1817481
2020-10-26,5008.0,5062.0,4951.25,4978.1,1408079
2020-10-27,4990.0,5127.0,4960.5,5099.4,1843547
2020-10-28,5110.0,5150.0,4920.0,4951.0,3628334
2020-10-29,4920.0,5040.0,4894.95,4941.95,2310287
2020-10-30,4974.0,4978.05,4870.15,4888.65,1263391
2020-11-02,4896.0,4920.0,4820.8,4858.65,1170993
2020-11-03,4851.0,4920.0,4831.1,4877.35,1460820
2020-11-04,4901.75,4964.8,4877.4,4935.6,1521480
2020-11-05,4972.75,4999.3,4922.1,4958.5,1034046
2020-11-06,4962.9,4962.9,4890.85,4902.95,1090442
2020-11-09,4925.0,4954.0,4870.0,4879.65,1205651
2020-11-10,4824.0,4868.0,4679.4,4698.0,1966030
2020-11-11,4730.0,4919.9,4691.1,4882.15,2707044
2020-11-12,4875.0,4925.0,4805.0,4826.85,1316470
2020-11-13,4850.0,4884.85,4830.05,4856.9,1091870
2020-11-17,4875.0,4879.85,4770.0,4784.15,1283213
2020-11-18,4785.0,4795.0,4675.0,4703.8,1300059
2020-11-19,4675.0,4811.8,4657.0,4707.7,1767289
2020-11-20,4730.0,4752.3,4656.3,4670.95,954936
2020-11-23,4685.0,4870.0,4671.1,4828.75,2152603
2020-11-24,4850.0,4940.0,4785.8,4915.5,1922298
2020-11-25,4998.0,5017.0,4781.0,4806.3,2659116
2020-11-26,4810.0,4929.3,4773.8,4901.35,1667235
2020-11-27,4901.0,4935.55,4809.2,4828.95,2003738
2020-12-01,4870.0,4870.0,4806.0,4830.4,1117190
2020-12-02,4852.1,4889.0,4811.0,4850.25,1223452
2020-12-03,4870.0,4939.0,4842.6,4923.05,1034893
2020-12-04,4940.0,4960.55,4862.1,4908.55,1399682
2020-12-07,4930.0,5074.0,4905.1,5029.1,2405904
2020-12-08,5050.0,5080.0,4955.9,5015.2,1327701
2020-12-09,5025.0,5100.0,5025.0,5056.9,1353498
2020-12-10,5058.0,5086.4,5015.0,5053.1,948294
2020-12-11,5055.1,5084.05,4984.8,5016.95,767963
2020-12-14,4952.0,5054.0,4952.0,5022.8,1183625
2020-12-15,5046.95,5076.0,5010.2,5031.35,1005104
2020-12-16,5050.0,5051.75,5006.0,5038.95,832456
2020-12-17,5050.0,5134.5,5030.0,5072.85,1360601
2020-12-18,5080.0,5262.85,5078.15,5228.75,3705133
2020-12-21,5243.0,5274.2,4962.05,5068.55,1812257
2020-12-22,5107.7,5175.0,4936.35,5161.8,1552824
2020-12-23,5161.45,5238.7,5131.25,5224.1,812470
2020-12-24,5247.0,5247.0,5165.0,5201.8,675636
2020-12-28,5228.15,5235.0,5187.0,5201.8,411173
2020-12-29,5225.0,5269.0,5145.6,5165.6,882433
2020-12-30,5191.45,5191.45,5142.5,5170.95,475269
2020-12-31,5190.0,5253.75,5161.0,5205.1,1207238
2021-01-01,5217.25,5254.85,5200.0,5241.35,583043
2021-01-04,5260.0,5308.35,5241.35,5272.25,784688
2021-01-05,5240.0,5337.0,5226.95,5286.9,954184
2021-01-06,5286.9,5315.0,5226.0,5288.3,542678
2021-01-07,5301.0,5325.0,5253.0,5270.9,653293
2021-01-08,5299.9,5360.0,5279.0,5338.25,809183
2021-01-11,5344.0,5427.0,5326.0,5416.8,919847
2021-01-12,5440.95,5443.5,5329.45,5353.85,748372
2021-01-13,5365.0,5375.0,5238.0,5290.0,659212
2021-01-14,5304.9,5328.0,5265.0,5308.9,534972
2021-01-15,5315.0,5315.0,5195.6,5212.8,515521
2021-01-18,5231.0,5237.95,5035.0,5052.1,882411
2021-01-19,5088.0,5104.95,5036.55,5088.9,798099
2021-01-20,5102.3,5159.75,5065.05,5080.65,679629
2021-01-21,5110.0,5138.0,5033.9,5052.2,581324
2021-01-22,5048.75,5105.35,4985.0,5036.9,763122
2021-01-25,5042.0,5128.4,4960.0,5082.4,717779
2021-01-27,5052.4,5052.4,4832.8,4909.3,1052396
2021-01-28,4845.0,4903.95,4777.0,4871.8,1033094
2021-01-29,4890.0,4915.0,4550.0,4602.7,2964195
2021-02-01,4560.05,4577.65,4393.05,4428.15,2590340
2021-02-02,4469.0,4528.0,4381.0,4482.5,3675106
2021-02-03,4578.95,4761.6,4542.45,4649.55,3445405
2021-02-04,4693.0,4706.0,4622.1,4667.95,1301760
2021-02-05,4685.0,4830.0,4625.65,4800.9,2407681
2021-02-08,4865.0,4909.95,4825.0,4859.8,2158578
2021-02-09,4850.0,4895.7,4805.0,4844.1,1246769
2021-02-10,4845.0,4884.1,4761.0,4824.05,1153423
2021-02-11,4821.0,4860.0,4810.0,4825.05,711550
2021-02-12,4859.8,4859.8,4785.0,4792.0,500902
2021-02-15,4792.0,4833.55,4700.05,4709.85,984641
2021-02-16,4729.0,4761.6,4670.0,4696.6,812940
2021-02-17,4696.6,4709.95,4580.0,4600.55,1021355
2021-02-18,4607.0,4663.85,4560.0,4616.95,1029506
2021-02-19,4602.0,4728.0,4530.0,4681.45,1278534
2021-02-22,4708.0,4726.95,4443.15,4469.25,1395313
2021-02-23,4498.0,4534.3,4420.5,4495.15,1063418
2021-02-24,4495.15,4523.75,4377.0,4435.55,735586
2021-02-25,4421.15,4590.0,4421.15,4480.15,1706375
2021-02-26,4460.0,4558.6,4405.0,4426.55,1506890
2021-03-01,4445.0,4478.0,4400.25,4453.4,709073
2021-03-02,4473.4,4479.9,4390.15,4404.7,1837678
2021-03-03,4465.0,4515.75,4426.0,4502.55,850614
2021-03-04,4482.0,4583.35,4444.0,4575.05,1472991
2021-03-05,4550.0,4560.0,4484.0,4492.5,826369
2021-03-08,4500.0,4522.0,4463.0,4492.25,556416
2021-03-09,4500.95,4520.0,4416.5,4448.3,543118
2021-03-10,4496.0,4519.85,4456.05,4500.4,629961
2021-03-12,4520.0,4529.95,4403.1,4426.5,687852
2021-03-15,4460.0,4462.2,4285.0,4342.25,921758
2021-03-16,4380.1,4466.7,4365.0,4449.7,935727
2021-03-17,4449.7,4465.0,4344.3,4355.85,953973
2021-03-18,4370.0,4378.5,4195.05,4212.75,1210907
2021-03-19,4210.0,4305.35,4135.0,4274.45,1412415
2021-03-22,4276.9,4367.95,4268.25,4353.95,867303
2021-03-23,4350.0,4403.0,4322.1,4372.25,665236
2021-03-24,4350.25,4419.0,4331.35,4350.5,782404
2021-03-25,4350.0,4402.15,4284.75,4380.55,941416
2021-03-26,4420.0,4423.0,4347.7,4406.0,725318
2021-03-30,4429.95,4527.45,4421.05,4518.2,866350
2021-03-31,4510.0,4546.7,4481.0,4516.0,772510
2021-04-01,4550.0,4594.95,4522.05,4587.65,647640
2021-04-05,4560.0,4584.0,4423.9,4556.6,732258
2021-04-06,4559.0,4639.9,4542.0,4619.25,742294
2021-04-07,4662.3,4734.0,4641.0,4692.65,1113612
2021-04-08,4692.75,4756.0,4661.2,4689.05,660635
2021-04-09,4692.9,4794.0,4691.25,4760.3,1362147
2021-04-12,4775.0,5120.0,4695.0,4996.95,3513765
2021-04-13,5144.7,5144.7,4751.1,4777.3,3937234
2021-04-15,4842.9,4875.05,4785.0,4845.55,1386901
2021-04-16,4863.8,4940.0,4815.2,4893.25,1198029
2021-04-19,4893.0,5005.0,4807.05,4968.1,1843928
2021-04-20,5100.0,5210.75,5089.5,5156.75,3484976
2021-04-22,5179.95,5290.0,5159.0,5199.85,2424134
2021-04-23,5228.0,5266.15,5030.1,5066.7,2354899
2021-04-26,5125.0,5130.0,5030.25,5066.7,950577
2021-04-27,5090.5,5116.0,5021.35,5057.25,957835
2021-04-28,5082.55,5106.9,5030.0,5044.45,843953
2021-04-29,5070.25,5144.0,5042.3,5102.3,1071931
2021-04-30,5140.0,5211.0,5125.15,5163.1,1306950
2021-05-03,5193.95,5212.35,5140.0,5185.95,937899
2021-05-04,5211.0,5222.9,5054.35,5067.25,795618
2021-05-05,5110.0,5202.0,5070.0,5160.95,1011199
2021-05-06,5165.0,5252.0,5130.0,5168.45,978375
2021-05-07,5199.95,5249.0,5166.0,5174.7,784869
2021-05-10,5380.0,5389.95,5272.0,5327.55,2244484
2021-05-11,5325.0,5349.95,5271.3,5295.95,944890
2021-05-12,5318.0,5340.0,5275.0,5301.45,880165
2021-05-14,5338.55,5398.4,5160.0,5196.85,2977011
2021-05-17,5250.0,5260.0,5145.0,5250.3,1369387
2021-05-18,5290.25,5304.9,5210.0,5215.45,910040
2021-05-19,5235.0,5264.0,5206.05,5237.8,918921
2021-05-20,5255.0,5286.0,5225.0,5236.3,775917
2021-05-21,5256.0,5269.5,5196.3,5216.45,711634
2021-05-24,5236.0,5299.0,5226.7,5272.15,706498
2021-05-25,5289.4,5320.0,5255.0,5311.2,695615
2021-05-26,5320.0,5335.0,5275.0,5285.2,507480
2021-05-27,5278.75,5283.9,5230.15,5268.85,778393
2021-05-28,5280.0,5280.0,5150.0,5194.55,874745
2021-05-31,5217.0,5335.25,5171.15,5309.15,867648
2021-06-01,5305.0,5339.0,5265.3,5316.5,747373
2021-06-02,5306.25,5354.0,5283.0,5312.35,545951
2021-06-03,5310.0,5340.0,5267.0,5282.55,566718
2021-06-04,5282.55,5290.0,5242.0,5255.0,401531
2021-06-07,5261.0,5273.75,5212.7,5219.2,363967
2021-06-08,5220.0,5295.9,5150.1,5274.75,732714
2021-06-09,5277.9,5310.0,5208.05,5222.8,473105
2021-06-10,5232.5,5300.0,5232.5,5292.05,367280
2021-06-11,5300.0,5489.9,5288.55,5453.0,1455484
2021-06-14,5453.0,5515.0,5370.0,5461.35,897942
2021-06-15,5475.0,5483.05,5402.0,5410.85,568815
2021-06-16,5410.0,5458.0,5340.3,5406.1,698591
2021-06-17,5406.1,5414.0,5248.55,5286.5,707232
2021-06-18,5315.0,5345.0,5234.8,5283.9,697428
2021-06-21,5275.0,5300.0,5227.0,5282.0,415489
2021-06-22,5285.5,5320.0,5250.5,5308.35,426855
2021-06-23,5322.0,5349.95,5287.2,5299.35,411143
2021-06-24,5299.0,5314.95,5250.05,5277.65,366182
2021-06-28,5329.0,5419.95,5312.55,5404.25,592963
2021-06-29,5411.0,5454.95,5380.0,5433.1,576261
2021-06-30,5439.0,5468.8,5405.0,5423.05,468088
2021-07-01,5426.0,5580.0,5412.4,5558.5,831550
2021-07-02,5580.0,5600.0,5511.5,5575.7,571738
2021-07-05,5576.2,5596.0,5531.95,5537.9,297341
2021-07-06,5539.8,5561.2,5514.0,5539.45,178108
2021-07-07,5529.0,5614.6,5515.05,5562.1,538508
2021-07-08,5540.0,5588.0,5449.6,5466.75,451167
2021-07-09,5448.0,5520.25,5416.95,5460.3,460996
2021-07-12,5499.9,5500.0,5440.0,5494.3,182659
2021-07-13,5494.3,5534.0,5429.0,5437.1,370482
2021-07-14,5437.1,5458.9,5367.5,5390.85,501355
2021-07-15,5410.0,5438.5,5371.2,5393.65,303682
2021-07-16,5393.0,5450.0,5383.85,5406.55,437904
2021-07-19,5398.0,5445.0,5382.1,5419.35,240858
2021-07-20,5436.0,5436.0,5322.6,5344.05,264428
2021-07-22,5394.0,5394.0,5326.55,5384.5,185848
2021-07-23,5381.5,5432.0,5360.1,5422.15,306761
2021-07-26,5419.0,5447.0,5399.8,5411.25,186939
2021-07-27,5438.0,5444.95,4780.0,4843.35,5873821
2021-07-28,4869.95,4874.85,4666.5,4731.75,3238130
2021-07-29,4750.0,4765.0,4660.0,4672.65,1086936
2021-07-30,4685.0,4805.0,4677.6,4711.2,1373200
2021-08-02,4739.0,4750.5,4687.6,4701.55,756346
2021-08-03,4728.4,4729.45,4691.7,4721.7,598261
2021-08-04,4725.6,4810.0,4725.6,4768.8,1104198
2021-08-05,4794.0,4809.0,4742.0,4782.3,593950
2021-08-06,4798.4,4806.25,4756.3,4786.3,399637
2021-08-09,4795.0,4833.8,4759.3,4818.5,543545
2021-08-10,4839.0,4858.85,4733.55,4769.75,616671
2021-08-11,4765.0,4766.95,4690.0,4744.85,526785
2021-08-12,4749.4,4753.3,4690.5,4716.4,621418
2021-08-13,4722.1,4735.8,4632.0,4652.2,793895
2021-08-16,4640.0,4686.65,4609.0,4661.15,419229
2021-08-17,4665.0,4719.2,4661.15,4700.5,426014
2021-08-18,4700.0,4755.05,4675.0,4687.05,553756
2021-08-20,4659.9,4659.9,4508.0,4556.0,826908
2021-08-23,4599.0,4599.0,4500.0,4514.85,567515
2021-08-24,4552.0,4595.7,4445.7,4587.4,616936
2021-08-25,4570.0,4594.6,4523.35,4548.95,444141
2021-08-26,4548.95,4554.9,4486.4,4503.5,481719
2021-08-27,4506.0,4610.8,4506.0,4600.55,563395
2021-08-30,4619.0,4700.0,4578.05,4677.85,628367
2021-08-31,4677.9,4721.75,4650.5,4704.05,645527
2021-09-01,4739.0,4784.45,4687.0,4763.45,562951
2021-09-02,4811.0,4904.4,4810.0,4859.7,1259864
2021-09-03,4876.2,4909.25,4862.3,4898.55,431315
2021-09-06,4940.0,4943.3,4871.45,4915.95,616199
2021-09-07,4915.0,4925.95,4855.55,4897.45,420214
2021-09-08,4915.0,4940.0,4861.3,4911.3,500029
2021-09-09,4885.0,4922.45,4877.1,4912.05,362411
2021-09-13,4928.9,4947.2,4873.1,4931.4,298653
2021-09-14,4949.9,4989.0,4923.75,4930.75,309981
2021-09-15,4937.0,4975.0,4918.9,4962.6,320320
2021-09-16,4981.0,4996.5,4916.55,4931.95,296515
2021-09-17,4933.0,4957.75,4869.05,4884.55,454830
2021-09-20,4875.0,4885.55,4748.2,4774.95,332066
2021-09-21,4768.75,4864.0,4745.25,4853.65,340390
2021-09-22,4854.2,4878.8,4812.05,4846.35,250729
2021-09-23,4866.9,4868.6,4770.0,4797.3,560073
2021-09-24,4806.0,4821.1,4778.05,4790.35,251615
2021-09-27,4797.3,4805.65,4733.0,4791.65,226057
2021-09-29,4833.0,4922.9,4791.65,4881.0,655070
2021-09-30,4889.9,4985.0,4865.45,4880.7,776015
2021-10-01,4853.0,4970.0,4852.25,4955.85,342133
2021-10-04,4955.0,5077.0,4950.0,5042.7,760353
2021-10-05,5037.1,5050.0,4970.0,5034.6,354847
2021-10-06,5017.5,5042.2,4906.8,4956.6,529264
2021-10-07,4975.9,4989.9,4882.95,4891.1,343974
2021-10-08,4906.65,4946.65,4821.0,4849.2,348310
2021-10-12,4900.0,4957.0,4856.0,4910.3,285488
2021-10-14,4924.0,5009.65,4914.05,4958.7,292060
2021-10-18,4945.0,4974.95,4865.65,4877.5,333651
2021-10-21,4780.0,4788.8,4600.0,4651.65,516800
2021-10-25,4650.9,4699.0,4537.0,4676.15,276167
2021-10-26,4695.0,4698.8,4637.0,4666.2,272713
2021-10-27,4655.5,4728.0,4647.05,4662.7,385808
2021-10-28,4675.0,4689.7,4551.05,4569.95,268395
2021-10-29,4593.0,4917.85,4526.05,4659.2,1945164
2021-11-03,4759.0,4798.25,4753.55,4771.65,372432
2021-11-04,4775.0,4788.65,4754.0,4766.15,20836
2021-11-08,4760.0,4810.15,4701.1,4788.75,238252
2021-11-09,4790.0,4835.0,4775.3,4792.35,249887
2021-11-10,4784.1,4849.95,4774.0,4829.35,342234
2021-11-11,4831.0,4849.35,4784.0,4814.95,317260
2021-11-12,4850.0,4870.0,4815.0,4843.25,233342
2021-11-15,4841.0,4899.0,4833.05,4873.65,267479
2021-11-16,4901.0,4901.0,4797.35,4817.6,335971
2021-11-17,4817.6,4824.85,4750.1,4768.3,196659
2021-11-18,4759.8,4767.7,4651.1,4671.45,233664
2021-11-22,4676.45,4689.6,4581.6,4607.6,182018
2021-11-23,4600.0,4661.85,4551.5,4631.95,212699
2021-11-24,4628.9,4653.6,4586.6,4598.05,199258
2021-11-25,4614.0,4696.0,4585.0,4591.6,545374
2021-11-26,4580.0,4820.0,4576.15,4750.9,1072273
2021-11-29,4850.0,4885.0,4665.6,4697.6,900185
2021-11-30,4713.9,4748.25,4650.0,4675.85,717823
2021-12-01,4696.0,4712.4,4590.0,4606.35,425421
2021-12-02,4609.9,4669.0,4609.05,4662.75,232748
2021-12-03,4652.2,4664.0,4583.0,4596.5,547773
2021-12-06,4609.25,4609.25,4484.3,4498.7,267275
2021-12-07,4520.0,4550.0,4441.3,4520.7,532500
2021-12-08,4527.25,4589.7,4527.25,4570.7,195856
2021-12-09,4600.0,4617.95,4565.35,4594.25,226177
2021-12-10,4610.0,4619.5,4573.5,4593.3,160513
2021-12-13,4678.0,4678.0,4566.45,4599.8,271005
2021-12-14,4596.0,4660.0,4577.1,4646.55,239183
2021-12-15,4645.1,4646.55,4572.3,4600.3,307545
2021-12-16,4630.0,4638.95,4570.0,4597.35,201321
2021-12-17,4630.0,4648.0,4496.8,4517.95,483512
2021-12-21,4561.05,4629.2,4543.8,4620.9,258754
2021-12-22,4640.0,4679.3,4610.0,4648.5,213679
2021-12-23,4673.7,4700.0,4655.1,4694.8,166240
2021-12-24,4725.0,4730.0,4611.0,4638.65,251826
2021-12-27,4624.1,4745.0,4621.1,4736.9,339268
2021-12-28,4736.9,4773.6,4703.05,4743.8,668594
2021-12-29,4743.8,4848.15,4743.8,4833.15,505604
2021-12-30,4830.0,4927.95,4825.05,4904.7,553146
2021-12-31,4904.0,4931.05,4876.5,4907.0,288568
2022-01-03,4907.0,4930.3,4847.7,4853.15,292601
2022-01-04,4861.0,4892.9,4825.0,4835.45,253438
2022-01-05,4880.0,4904.6,4757.05,4790.4,536802
2022-01-06,4790.4,4836.05,4728.3,4739.45,381643
2022-01-07,4769.45,4769.45,4690.0,4708.4,267123
2022-01-10,4728.4,4728.4,4655.15,4699.05,315019
2022-01-12,4680.0,4703.3,4634.0,4693.4,237769
2022-01-13,4700.0,4759.6,4684.6,4725.95,454051
2022-01-14,4720.2,4723.0,4660.55,4689.2,318860
2022-01-17,4665.5,4699.95,4605.5,4672.4,538649
2022-01-18,4670.0,4724.45,4621.0,4693.55,424528
2022-01-19,4695.0,4734.4,4654.95,4684.95,307887
2022-01-20,4712.0,4712.0,4570.0,4591.55,317739
2022-01-21,4561.25,4570.0,4435.0,4496.15,557548
2022-01-24,4486.1,4489.8,4311.0,4364.35,556498
2022-01-25,4364.35,4418.95,4301.0,4402.85,340902
2022-01-28,4248.8,4380.0,4175.45,4218.6,1302984
2022-01-31,4249.95,4368.6,4240.05,4302.8,618555
2022-02-01,4320.0,4326.4,4258.0,4309.45,371663
2022-02-02,4325.0,4429.75,4315.1,4415.35,305001
2022-02-03,4418.0,4436.95,4360.0,4374.65,221537
2022-02-04,4404.55,4406.5,4337.0,4351.95,246993
2022-02-07,4320.0,4350.0,4250.05,4309.2,255958
2022-02-08,4309.0,4379.35,4280.05,4321.95,396403
2022-02-09,4322.2,4395.0,4311.5,4368.75,198880
2022-02-10,4385.0,4388.75,4333.7,4370.7,237865
2022-02-11,4311.0,4349.55,4280.15,4325.4,337538
2022-02-14,4250.0,4266.6,4166.75,4204.6,449386
2022-02-15,4234.0,4294.45,4188.6,4277.55,358011
2022-02-16,4278.0,4372.8,4243.55,4316.45,380613
2022-02-17,4322.9,4335.25,4293.2,4301.0,229031
2022-02-18,4280.0,4343.0,4264.6,4321.15,358108
2022-02-21,4376.0,4416.65,4282.6,4298.25,587951
2022-02-22,4189.95,4235.6,4155.7,4218.5,480840
2022-02-23,4260.0,4260.65,4190.85,4200.95,371484
2022-02-25,4114.0,4201.0,4102.1,4176.6,305433
2022-02-28,4150.0,4150.0,4052.5,4063.4,982850
2022-03-02,4061.35,4063.4,3825.0,3853.15,1540635
2022-03-03,3879.0,3894.25,3700.0,3718.85,1334725
2022-03-04,3710.0,3873.95,3654.0,3828.65,1208050
2022-03-08,3750.0,3886.95,3737.85,3868.55,784169
2022-03-09,3901.5,3981.3,3882.2,3930.45,809369
2022-03-10,3975.0,3986.5,3875.55,3892.5,712099
2022-03-11,3893.0,3996.0,3873.0,3975.6,1113263
2022-03-14,3961.0,3994.65,3925.0,3957.3,570058
2022-03-15,3958.0,3999.0,3880.0,3899.85,471294
2022-03-16,3974.0,3974.0,3890.0,3943.8,358776
2022-03-17,3965.1,4050.0,3946.2,4042.15,772587
2022-03-21,4074.0,4082.95,3996.75,4004.95,401639
2022-03-22,4021.0,4056.95,3970.0,4030.35,1290222
2022-03-23,4040.0,4188.95,4040.0,4127.3,1044114
2022-03-24,4113.0,4348.55,4101.45,4328.5,1738147
2022-03-25,4327.0,4375.0,4290.0,4361.45,864397
2022-03-28,4359.8,4362.95,4239.15,4285.45,496907
2022-03-29,4294.0,4355.55,4247.05,4323.55,421084
2022-03-30,4352.8,4366.5,4284.1,4354.4,616826
2022-03-31,4353.0,4387.5,4280.1,4295.45,611719
2022-04-01,4295.0,4334.65,4263.0,4279.45,313871
2022-04-04,4340.0,4340.0,4270.0,4317.15,259774
2022-04-05,4338.9,4408.0,4302.75,4329.9,479865
2022-04-06,4330.0,4355.0,4266.3,4276.75,411951
2022-04-07,4295.0,4357.05,4276.75,4317.4,279402
2022-04-08,4347.0,4477.65,4326.85,4430.35,671775
2022-04-11,4430.0,4450.0,4373.45,4380.5,215559
2022-04-12,4376.0,4408.1,4328.65,4372.35,371014
2022-04-13,4351.0,4362.35,4290.6,4299.2,369436
2022-04-18,4275.0,4318.45,4230.7,4284.95,339676
2022-04-19,4310.0,4316.1,4190.0,4209.7,310144
2022-04-20,4217.0,4340.0,4213.05,4293.4,450415
2022-04-21,4319.0,4351.55,4310.0,4320.3,394436
2022-04-22,4296.95,4299.0,4167.0,4192.75,390743
2022-04-25,4150.0,4179.7,4061.0,4115.45,341136
2022-04-26,4175.0,4185.25,4131.05,4154.55,158445
2022-04-27,4154.55,4163.7,4072.55,4077.05,198700
2022-04-28,4100.0,4151.65,4081.6,4122.15,300961
2022-04-29,4160.0,4266.0,4115.1,4131.95,523035
2022-05-02,4122.15,4145.25,4070.0,4123.9,185060
2022-05-05,4050.0,4074.9,3951.0,3963.8,252931
2022-05-06,3929.8,3948.85,3880.0,3930.65,239479
2022-05-09,3929.0,3935.95,3870.65,3905.8,177355
2022-05-10,3900.0,3934.0,3890.0,3914.0,202828
2022-05-11,3895.5,3942.95,3851.0,3884.05,271256
2022-05-12,3861.5,3896.2,3789.85,3880.0,293629
2022-05-13,3899.4,3979.0,3890.5,3924.3,218401
2022-05-16,3923.0,3955.0,3861.05,3888.4,217915
2022-05-17,3934.9,3944.85,3871.0,3904.0,255464
2022-05-18,3914.0,3984.95,3882.0,3905.8,500158
2022-05-19,3886.0,4014.75,3829.05,3929.45,1825811
2022-05-20,3975.0,4299.1,3975.0,4249.1,2480315
2022-05-23,4249.1,4327.0,4236.2,4274.95,607072
2022-05-24,4273.9,4375.0,4256.45,4347.1,1010896
2022-05-25,4391.1,4398.0,4296.3,4307.45,500040
2022-05-26,4316.0,4349.0,4289.65,4304.15,429072
2022-05-27,4320.0,4409.0,4268.95,4390.5,434291
2022-05-30,4404.0,4426.75,4351.1,4370.3,464803
2022-05-31,4355.0,4399.0,4330.6,4369.65,476015
2022-06-01,4350.0,4361.65,4301.1,4319.0,354506
2022-06-02,4303.1,4360.0,4290.0,4333.15,327935
2022-06-03,4359.7,4391.65,4314.8,4340.0,284773
2022-06-06,4332.0,4353.65,4271.0,4305.75,113211
2022-06-07,4260.0,4275.0,4103.7,4143.95,721003
2022-06-08,4174.0,4212.3,4113.0,4199.15,452982
2022-06-09,4170.1,4335.0,4170.1,4322.9,740586
2022-06-10,4322.9,4364.0,4281.8,4351.55,421496
2022-06-13,4323.0,4355.0,4256.5,4267.2,367963
2022-06-14,4250.0,4324.95,4239.05,4311.05,407181
2022-06-15,4306.7,4349.1,4287.05,4335.5,317063
2022-06-16,4350.0,4359.3,4275.65,4287.5,350007
2022-06-17,4290.0,4298.9,4066.05,4146.7,952974
2022-06-20,4146.7,4179.2,4107.1,4151.8,277515
2022-06-21,4160.1,4276.55,4160.1,4268.65,238311
2022-06-22,4281.0,4348.85,4160.0,4260.9,569557
2022-06-23,4295.0,4307.7,4255.0,4294.9,335102
2022-06-24,4322.0,4372.55,4292.0,4309.65,303659
2022-06-27,4399.85,4399.85,4305.85,4320.55,332753
2022-06-28,4329.25,4380.0,4312.0,4374.6,282443
2022-06-29,4357.1,4408.75,4334.4,4364.35,381147
2022-06-30,4369.75,4415.0,4351.0,4393.8,369065
2022-07-01,4385.0,4395.0,4290.05,4385.9,304799
2022-07-04,4362.1,4411.25,4296.0,4354.45,260698
2022-07-05,4364.9,4467.5,4351.2,4394.2,486899
2022-07-06,4395.0,4443.3,4379.35,4390.0,335701
2022-07-07,4426.75,4443.0,4328.0,4336.45,432222
2022-07-08,4330.0,4414.95,4304.4,4406.2,417896
2022-07-11,4379.15,4568.7,4350.1,4501.0,959408
2022-07-13,4494.5,4534.7,4450.0,4501.6,378767
2022-07-14,4506.0,4608.0,4503.05,4575.4,884767
2022-07-15,4595.4,4612.55,4521.0,4546.0,300945
2022-07-18,4576.0,4613.8,4455.3,4466.1,467463
2022-07-19,4457.8,4498.0,4435.15,4447.9,392384
2022-07-20,4490.0,4492.0,4440.0,4458.75,226140
2022-07-21,4469.0,4486.85,4356.0,4371.1,625220
2022-07-22,4394.0,4406.8,4353.0,4373.5,361263
2022-07-25,4377.65,4390.85,4300.0,4330.55,345382
2022-07-26,4328.8,4328.8,4194.05,4212.0,594233
2022-07-27,4207.95,4300.0,4163.0,4286.05,373254
2022-07-28,4314.0,4314.9,4195.0,4260.05,566567
2022-07-29,4182.95,4182.95,4055.6,4090.35,1974495
2022-08-01,4139.8,4139.8,4100.5,4110.45,427370
2022-08-02,4128.0,4128.0,4071.2,4085.4,527023
2022-08-03,4094.95,4104.0,4040.0,4096.3,520197
2022-08-04,4110.0,4159.3,4089.05,4147.95,601335
2022-08-05,4155.0,4193.8,4143.85,4156.85,415079
2022-08-10,4243.6,4264.0,4214.55,4243.3,421623
2022-08-11,4260.0,4278.0,4235.9,4258.3,257037
2022-08-12,4258.0,4289.6,4221.0,4260.8,404258
2022-08-16,4275.0,4319.0,4262.8,4297.8,262813
2022-08-17,4317.95,4329.9,4291.75,4315.9,433811
2022-08-18,4240.0,4240.0,4133.35,4225.1,1027584
2022-08-19,4232.0,4247.1,4185.0,4204.0,385741
2022-08-22,4169.1,4229.95,4160.0,4186.95,338562
2022-08-23,4145.0,4235.2,4145.0,4225.15,279630
2022-08-24,4246.3,4246.3,4197.0,4218.05,293437
2022-08-25,4239.15,4263.9,4212.0,4237.9,310575
2022-08-26,4273.0,4275.0,4212.15,4223.3,163737
2022-08-29,4170.0,4223.25,4157.15,4210.15,193210
2022-08-30,4214.0,4261.6,4192.65,4245.05,471981
2022-09-01,4216.0,4232.5,4197.05,4202.1,331340
2022-09-02,4223.15,4232.0,4173.95,4189.95,201656
2022-09-05,4195.0,4219.55,4155.0,4214.25,316343
2022-09-06,4230.0,4252.0,4185.0,4239.2,225875
2022-09-07,4215.0,4266.0,4212.3,4249.3,214795
2022-09-08,4296.95,4296.95,4252.7,4271.65,315509
2022-09-09,4272.5,4319.5,4246.05,4255.1,314126
2022-09-13,4264.05,4306.95,4237.0,4252.9,441873
2022-09-14,4165.35,4262.45,4165.35,4214.15,344708
2022-09-15,4235.25,4235.25,4141.35,4169.0,376273
2022-09-16,4185.0,4185.0,4060.8,4077.35,378704
2022-09-19,4070.0,4111.05,3997.0,4099.15,301288
2022-09-20,4112.0,4238.0,4106.1,4216.0,591569
2022-09-21,4219.95,4269.1,4132.85,4152.75,378945
2022-09-22,4110.1,4222.1,4108.4,4182.4,478383
2022-09-23,4163.0,4214.75,4129.5,4139.2,331988
2022-09-26,4119.2,4158.8,4089.3,4127.85,411058
2022-09-27,4148.5,4200.0,4125.3,4181.6,297089
2022-09-28,4178.15,4297.0,4178.15,4269.7,626648
2022-09-29,4291.25,4407.0,4286.0,4360.7,1088558
2022-09-30,4382.55,4405.0,4272.05,4335.7,632913
2022-10-03,4315.0,4439.0,4312.4,4419.65,695258
2022-10-04,4446.0,4449.9,4376.05,4413.95,308654
2022-10-06,4436.05,4447.95,4369.9,4397.55,246239
2022-10-07,4390.0,4408.55,4372.0,4376.65,267773
2022-10-10,4350.0,4388.0,4320.0,4380.0,243749
2022-10-11,4387.0,4388.0,4252.0,4282.75,297382
2022-10-12,4300.0,4310.0,4215.05,4241.15,294020
2022-10-13,4249.95,4309.0,4241.3,4254.65,302784
2022-10-14,4305.0,4340.0,4263.05,4310.8,248801
2022-10-17,4305.0,4374.0,4282.5,4335.2,210140
2022-10-18,4356.9,4373.65,4335.2,4356.55,144236
2022-10-19,4360.05,4394.05,4305.05,4316.9,172168
2022-10-20,4305.0,4355.0,4280.0,4349.05,257524
2022-10-21,4355.0,4388.95,4308.6,4330.8,200595
2022-10-25,4389.95,4477.5,4371.0,4442.35,623655
2022-10-27,4460.0,4519.0,4450.35,4491.2,441474
2022-10-28,4485.0,4502.75,4430.0,4459.95,353586
2022-10-31,4531.0,4625.0,4344.65,4433.7,1825761
2022-11-01,4435.25,4580.0,4435.25,4535.3,1070196
2022-11-02,4545.05,4645.0,4545.05,4555.65,741756
2022-11-03,4555.65,4600.0,4527.35,4589.9,353215
2022-11-04,4590.05,4600.0,4512.45,4525.1,492676
2022-11-07,4531.0,4547.3,4444.4,4485.45,420017
2022-11-09,4540.0,4565.8,4500.1,4534.9,713112
2022-11-10,4539.95,4616.0,4528.0,4549.45,591953
2022-11-11,4572.2,4579.0,4502.0,4539.45,325043
2022-11-14,4400.0,4483.85,4315.0,4363.65,744485
2022-11-16,4433.65,4544.95,4393.2,4481.0,522192
2022-11-17,4480.95,4488.45,4382.35,4421.3,312373
2022-11-18,4423.75,4434.55,4375.5,4409.05,338734
2022-11-21,4380.0,4393.0,4317.55,4349.85,430608
2022-11-22,4371.6,4402.6,4326.0,4362.5,403095
2022-11-23,4380.0,4420.0,4360.0,4405.65,392869
2022-11-24,4427.7,4439.95,4375.85,4413.85,237622
2022-11-25,4423.85,4434.95,4389.0,4418.1,295409
2022-11-28,4414.75,4447.4,4386.5,4402.0,306168
2022-11-29,4405.1,4478.7,4404.05,4453.35,409138
2022-11-30,4470.0,4517.95,4441.0,4487.15,851368
2022-12-01,4509.6,4531.8,4446.8,4474.35,387346
2022-12-02,4484.95,4524.0,4460.15,4510.4,416008
2022-12-05,4529.9,4532.0,4450.15,4479.4,392339
2022-12-06,4460.1,4474.45,4359.05,4374.2,348459
2022-12-07,4365.0,4383.0,4320.0,4361.5,332207
2022-12-08,4373.95,4379.25,4331.05,4356.2,277325
2022-12-09,4375.0,4414.8,4354.25,4407.1,307973
2022-12-12,4367.05,4462.9,4367.05,4452.25,273595
2022-12-13,4450.2,4474.65,4440.5,4458.15,217509
2022-12-14,4475.0,4513.5,4451.35,4504.55,278401
2022-12-15,4486.15,4527.6,4461.0,4468.95,241811
2022-12-16,4434.5,4458.85,4261.25,4309.1,3356609
2022-12-19,4344.95,4408.65,4315.05,4396.05,332351
2022-12-20,4380.0,4390.0,4308.1,4369.75,242821
2022-12-21,4379.95,4435.0,4353.4,4407.55,347923
2022-12-22,4430.0,4456.0,4315.1,4349.25,347470
2022-12-23,4325.05,4418.0,4291.25,4310.45,499756
2022-12-26,4332.05,4347.0,4230.05,4248.6,318608
2022-12-27,4269.8,4269.8,4201.0,4250.85,273249
2022-12-28,4250.85,4266.65,4215.95,4252.75,217601
2022-12-29,4275.0,4354.65,4223.05,4260.6,812932
2022-12-30,4280.0,4285.1,4225.0,4237.55,176579
2023-01-03,4238.8,4258.1,4216.1,4238.35,162179
2023-01-04,4235.0,4260.0,4221.3,4253.5,166567
2023-01-05,4265.0,4303.85,4241.5,4297.5,198985
2023-01-06,4299.5,4319.3,4259.1,4271.75,126136
2023-01-09,4293.15,4339.95,4275.15,4334.0,166039
2023-01-10,4320.0,4348.3,4283.95,4288.7,234153
2023-01-11,4304.95,4320.0,4244.4,4261.9,254653
2023-01-13,4324.0,4341.7,4290.0,4320.4,246926
2023-01-16,4339.7,4352.75,4290.05,4326.05,89311
2023-01-17,4338.95,4359.8,4305.6,4351.75,155625
2023-01-18,4351.75,4394.95,4342.0,4364.35,263693
2023-01-19,4364.85,4383.15,4316.55,4332.2,248491
2023-01-20,4331.95,4381.05,4280.0,4350.6,236535
2023-01-23,4359.95,4365.45,4319.35,4337.85,154053
2023-01-24,4341.0,4354.8,4237.0,4252.75,264054
2023-01-25,4260.0,4268.9,4175.1,4200.95,294042
2023-01-27,4280.0,4380.9,4253.35,4314.0,956288
2023-01-30,4319.95,4339.45,4284.95,4328.8,374737
2023-01-31,4345.0,4376.7,4293.3,4324.15,631941
2023-02-01,4341.0,4380.0,4310.25,4351.5,405454
2023-02-02,4313.0,4379.05,4291.55,4370.1,389355
2023-02-03,4375.0,4429.9,4318.2,4358.35,374979
2023-02-07,4380.65,4468.25,4360.25,4440.25,597481
2023-02-08,4450.0,4496.6,4432.65,4487.8,239371
2023-02-09,4444.0,4529.55,4433.6,4487.5,410962
2023-02-10,4493.95,4505.0,4432.55,4499.6,137022
2023-02-13,4508.1,4557.4,4500.1,4524.7,374555
2023-02-14,4545.0,4564.0,4500.65,4538.4,240427
2023-02-15,4548.0,4563.2,4504.2,4519.85,256737
2023-02-16,4542.45,4549.85,4509.45,4519.3,270466
2023-02-17,4501.2,4535.0,4463.5,4510.35,211207
2023-02-20,4520.0,4538.55,4468.45,4474.8,152349
2023-02-21,4504.3,4504.3,4458.8,4486.15,158326
2023-02-22,4486.9,4520.2,4469.4,4476.7,176461
2023-02-23,4476.1,4515.0,4441.0,4449.6,237568
2023-02-24,4464.9,4510.0,4441.8,4491.1,352966
2023-02-27,4491.1,4491.1,4355.0,4421.0,274114
2023-02-28,4439.0,4439.0,4300.0,4316.6,539975
2023-03-01,4316.45,4357.15,4297.0,4344.2,199103
2023-03-02,4358.0,4401.45,4320.0,4390.6,282652
2023-03-03,4412.6,4446.95,4360.5,4437.95,274236
2023-03-06,4437.0,4458.8,4416.05,4439.2,175584
2023-03-08,4433.0,4444.0,4401.25,4426.25,234741
2023-03-09,4415.65,4438.35,4371.8,4380.95,204425
2023-03-10,4372.95,4413.05,4350.0,4395.55,337202
2023-03-13,4375.0,4415.95,4345.5,4370.4,162542
2023-03-14,4394.0,4420.9,4309.0,4349.55,428396
2023-03-15,4356.95,4425.0,4340.8,4394.5,343422
2023-03-16,4411.0,4430.0,4370.35,4383.75,276928
2023-03-17,4405.7,4463.15,4383.75,4436.15,618598
2023-03-20,4431.0,4494.0,4422.5,4439.45,789989
2023-03-21,4441.95,4480.0,4409.2,4419.35,396928
2023-03-22,4429.35,4480.0,4415.85,4474.95,319777
2023-03-23,4479.0,4499.5,4430.55,4446.95,483674
2023-03-24,4449.95,4498.0,4449.95,4464.15,225394
2023-03-27,4490.0,4528.65,4465.05,4485.65,351914
2023-03-28,4498.95,4547.1,4480.0,4526.8,366938
2023-03-29,4549.45,4575.0,4522.15,4567.8,416707
2023-03-31,4583.0,4656.5,4567.85,4622.75,456497
2023-04-03,4648.95,4682.0,4598.1,4656.5,300135
2023-04-05,4650.0,4695.0,4641.3,4682.8,364712
2023-04-06,4693.95,4711.2,4675.95,4699.4,292069
2023-04-10,4732.0,4772.2,4688.0,4759.65,184154
2023-04-11,4773.0,4805.9,4708.0,4763.35,461850
2023-04-12,4763.35,4919.6,4726.2,4881.0,680639
2023-04-13,4888.0,4888.0,4831.2,4852.9,233867
2023-04-17,4876.95,4922.95,4819.75,4852.3,341135
2023-04-18,4861.4,4918.0,4845.5,4912.4,359410
2023-04-19,4887.4,4940.0,4880.55,4909.35,384187
2023-04-20,4916.0,4916.0,4822.25,4858.2,635170
2023-04-21,4858.1,4879.0,4823.15,4868.75,331439
2023-04-24,4854.0,4854.0,4752.1,4806.1,438166
2023-04-25,4803.55,4841.15,4757.75,4833.3,327997
2023-04-26,4810.0,4874.25,4810.0,4845.1,204153
2023-04-27,4845.0,4939.0,4818.1,4918.55,219656
2023-04-28,4918.55,4935.0,4877.1,4929.85,247044
2023-05-02,4903.4,4958.95,4903.4,4950.4,241978
2023-05-03,4949.9,4960.0,4915.0,4952.25,176775
2023-05-04,4952.25,4975.0,4920.35,4968.0,201327
2023-05-05,4974.95,4989.0,4925.55,4942.5,92309
2023-05-08,4945.0,4966.7,4846.65,4907.1,238183
2023-05-09,4918.05,4939.9,4890.05,4933.25,309059
2023-05-10,4964.85,4964.85,4839.9,4867.3,454301
2023-05-12,4544.95,4544.95,4445.0,4466.1,1048404
2023-05-15,4470.15,4532.1,4446.5,4518.55,317753
2023-05-16,4523.0,4547.9,4504.55,4515.05,286047
2023-05-17,4519.8,4545.05,4451.1,4481.5,349961
2023-05-18,4492.0,4502.2,4404.9,4423.1,425447
2023-05-19,4427.95,4440.0,4384.05,4391.95,326081
2023-05-22,4409.0,4469.85,4384.25,4457.65,244976
2023-05-23,4458.1,4499.65,4446.05,4460.55,323295
2023-05-24,4465.0,4524.0,4459.9,4519.25,336733
2023-05-25,4533.9,4533.9,4482.4,4503.95,206764
2023-05-26,4505.05,4539.0,4499.95,4530.95,150587
2023-05-29,4547.9,4569.0,4520.0,4556.25,185628
2023-05-30,4556.25,4556.25,4498.85,4518.9,273989
2023-05-31,4510.0,4529.65,4480.95,4501.05,1262701
2023-06-01,4509.85,4559.95,4501.05,4552.05,305791
2023-06-02,4568.95,4620.0,4565.05,4610.45,501913
2023-06-05,4631.0,4652.0,4596.7,4603.55,226428
2023-06-06,4610.0,4640.0,4605.0,4636.65,232331
2023-06-07,4650.0,4678.0,4645.1,4673.75,227905
2023-06-08,4675.0,4693.0,4637.0,4649.4,240698
2023-06-09,4681.05,4705.0,4645.6,4666.8,216940
2023-06-12,4695.0,4695.0,4654.45,4675.65,143574
2023-06-13,4700.0,4728.8,4658.05,4702.0,258981
2023-06-14,4707.8,4729.55,4685.0,4699.0,180251
2023-06-15,4696.6,4855.0,4696.0,4803.45,726149
2023-06-16,4844.85,4940.0,4825.15,4915.05,762903
2023-06-19,4951.0,5024.0,4862.05,4879.0,708151
2023-06-20,4879.0,4926.75,4867.05,4901.2,214151
2023-06-21,4921.95,4950.0,4893.7,4910.4,224710
2023-06-22,4911.55,4926.95,4890.0,4899.45,248570
2023-06-23,4901.0,5015.0,4901.0,4993.9,558228
2023-06-26,4989.9,5074.0,4952.0,5041.6,721425
2023-06-27,5041.6,5086.55,5016.0,5025.6,666063
2023-06-28,5025.55,5119.4,5004.35,5107.85,885268
2023-06-30,5116.0,5174.95,5110.1,5159.6,486141
2023-07-03,5159.6,5179.0,5090.3,5098.3,234827
2023-07-04,5114.9,5204.75,5085.05,5188.4,372667
2023-07-05,5185.0,5201.8,5137.0,5178.35,282054
2023-07-06,5178.45,5258.5,5170.0,5231.8,506874
2023-07-07,5230.0,5273.15,5110.0,5182.5,554344
2023-07-10,5194.95,5215.0,5145.0,5154.95,200725
2023-07-11,5144.0,5215.0,5113.55,5165.85,211361
2023-07-12,5150.0,5198.95,5130.0,5189.0,240718
2023-07-13,5190.0,5203.15,5134.9,5142.45,406983
2023-07-14,5155.0,5164.9,5076.25,5092.05,388409
2023-07-17,5099.65,5245.0,5093.0,5229.75,395354
2023-07-18,5203.5,5215.7,5146.55,5191.0,257391
2023-07-19,5184.0,5270.0,5161.6,5221.35,392317
2023-07-20,5249.0,5394.7,5240.0,5339.3,1203206
2023-07-21,5323.3,5339.75,5277.6,5288.2,230074
2023-07-24,5278.25,5436.85,5278.25,5391.7,423905
2023-07-25,5420.0,5479.95,5391.85,5425.4,432431
2023-07-26,5440.0,5490.0,5401.05,5475.65,340212
2023-07-27,5530.0,5614.0,5420.05,5507.0,1507811
2023-07-28,5512.0,5618.0,5512.0,5583.0,636108
2023-07-31,5584.55,5660.4,5570.0,5640.45,319898
2023-08-01,5639.85,5709.35,5607.1,5667.05,424547
2023-08-02,5667.1,5695.85,5634.45,5660.45,358359
2023-08-03,5645.0,5734.0,5621.5,5659.5,514104
2023-08-04,5659.6,5711.0,5640.0,5649.55,345304
2023-08-07,5660.0,5688.0,5618.9,5630.7,499966
2023-08-08,5652.0,5738.95,5645.0,5657.95,597402
2023-08-09,5671.1,5883.75,5671.1,5871.0,2013403
2023-08-10,5880.1,5916.65,5806.0,5851.15,552662
2023-08-11,5854.0,5885.05,5808.15,5823.0,451392
2023-08-14,5829.95,5879.0,5800.0,5823.35,433519
2023-08-16,5830.0,5889.5,5775.0,5857.85,861653
2023-08-17,5871.35,5907.05,5855.9,5880.65,427614
2023-08-18,5899.5,5980.0,5840.6,5874.45,856329
2023-08-21,5870.25,5925.0,5853.95,5910.85,266928
2023-08-22,5919.0,5945.0,5872.8,5925.55,337645
2023-08-23,5920.0,5974.95,5912.0,5953.35,628526
2023-08-24,5980.0,5989.7,5891.2,5907.15,824946
2023-08-25,5890.0,5890.0,5770.55,5779.25,942648
2023-08-28,5780.0,5829.0,5727.2,5775.9,470154
2023-08-29,5770.0,5786.5,5715.0,5723.8,651617
2023-08-30,5737.8,5756.05,5640.0,5649.75,710363
2023-08-31,5649.75,5695.0,5590.0,5607.85,635775
2023-09-01,5630.0,5634.25,5550.1,5578.55,221056
2023-09-04,5585.0,5666.7,5578.55,5659.45,294604
2023-09-06,5579.8,5634.95,5559.25,5583.3,451329
2023-09-07,5582.95,5654.5,5581.25,5615.15,526843
2023-09-08,5631.0,5633.65,5570.0,5583.8,184790
2023-09-11,5595.0,5664.0,5585.05,5613.8,262786
2023-09-12,5639.95,5717.0,5626.0,5673.8,516243
2023-09-13,5710.0,5759.5,5671.3,5738.9,314323
2023-09-14,5770.0,5776.3,5704.55,5744.65,227946
2023-09-15,5776.6,5842.85,5733.1,5819.5,413821
2023-09-18,5821.0,5828.8,5721.9,5728.0,251348
2023-09-20,5721.85,5721.85,5602.0,5615.05,453281
2023-09-21,5615.5,5697.0,5612.85,5668.5,585343
2023-09-22,5668.5,5693.9,5502.0,5517.05,489557
2023-09-25,5529.85,5539.9,5428.0,5438.75,243409
2023-09-26,5459.0,5526.95,5449.0,5467.75,275983
2023-09-27,5514.0,5605.0,5480.05,5496.45,488778
2023-09-28,5507.45,5507.45,5411.0,5429.1,386311
2023-09-29,5469.0,5630.0,5453.25,5587.0,620391
2023-10-03,5586.9,5586.9,5450.0,5461.7,413048
2023-10-04,5465.0,5499.0,5401.5,5417.8,421906
2023-10-05,5460.0,5475.0,5400.0,5407.25,411706
2023-10-06,5435.0,5487.2,5409.2,5424.9,314598
2023-10-09,5410.05,5527.35,5400.15,5494.85,473622
2023-10-10,5484.0,5487.0,5428.0,5478.55,303926
2023-10-11,5510.0,5588.0,5510.0,5567.6,392248
2023-10-12,5567.6,5584.05,5515.0,5530.2,339049
2023-10-13,5427.2,5524.1,5421.6,5460.2,326651
2023-10-16,5489.0,5507.0,5460.0,5493.1,171844
2023-10-17,5487.0,5573.0,5485.05,5544.1,325352
2023-10-18,5544.5,5694.75,5541.8,5677.45,602971
2023-10-19,5674.75,5674.75,5610.5,5630.9,505169
2023-10-20,5620.05,5620.05,5551.0,5569.3,228275
2023-10-23,5525.5,5666.95,5525.5,5551.95,361957
2023-10-25,5600.0,5612.2,5500.0,5513.85,420896
2023-10-26,5498.0,5517.5,5340.9,5421.95,308829
2023-10-30,5393.95,5393.95,5205.55,5345.35,538320
2023-10-31,5374.0,5440.95,5353.1,5367.55,376814
2023-11-01,5385.0,5420.4,5314.5,5346.45,275333
2023-11-02,5380.0,5415.0,5323.4,5338.5,473167
2023-11-03,5377.0,5377.0,5247.1,5263.05,584361
2023-11-06,5300.0,5357.15,5283.2,5338.1,569497
2023-11-08,5428.9,5500.35,5406.6,5453.55,419391
2023-11-09,5478.9,5498.95,5440.0,5457.95,328532
2023-11-10,5439.95,5450.7,5372.0,5424.9,228984
2023-11-13,5430.0,5481.8,5382.1,5419.85,171182
2023-11-15,5430.95,5455.15,5405.0,5419.95,284481
2023-11-16,5425.0,5575.0,5420.85,5544.25,339012
2023-11-17,5565.0,5639.5,5545.0,5611.55,424126
2023-11-20,5614.95,5656.1,5585.9,5604.15,400325
2023-11-21,5610.0,5678.95,5605.5,5646.45,380693
2023-11-22,5655.1,5730.0,5655.1,5664.55,424916
2023-11-23,5675.0,5684.45,5608.85,5644.65,302260
2023-11-24,5649.95,5756.85,5615.0,5646.15,461081
2023-11-28,5647.0,5714.45,5647.0,5675.8,311158
2023-11-29,5697.9,5744.0,5654.0,5715.35,320477
2023-11-30,5725.0,5800.0,5716.0,5788.15,853552
2023-12-01,5800.0,5856.55,5739.45,5749.4,278300
2023-12-04,5800.0,5800.0,5728.4,5756.0,224260
2023-12-05,5765.0,5819.0,5742.0,5776.45,224375
2023-12-06,5796.0,5820.0,5708.05,5730.35,531941
2023-12-07,5770.35,5849.9,5750.35,5785.1,758230
2023-12-08,5784.85,5784.85,5712.0,5763.9,228505
2023-12-11,5500.0,5578.0,5370.0,5473.5,1898630
2023-12-12,5500.0,5634.8,5477.4,5540.35,856305
2023-12-13,5564.45,5610.0,5530.35,5598.65,622395
2023-12-14,5611.85,5626.6,5567.9,5573.35,632912
2023-12-15,5600.0,5615.0,5542.0,5589.45,727244
2023-12-18,5585.0,5689.0,5574.95,5591.05,655852
2023-12-19,5620.0,5646.0,5593.0,5637.45,224674
2023-12-20,5650.0,5671.1,5552.05,5579.15,261446
2023-12-21,5540.0,5594.0,5471.2,5554.5,336380
2023-12-22,5578.0,5656.0,5560.0,5627.7,263008
2023-12-26,5627.5,5695.0,5602.55,5632.15,331653
2023-12-27,5634.8,5722.0,5601.3,5714.5,294776
2023-12-28,5718.85,5890.8,5670.9,5858.55,977709
2023-12-29,5830.1,5844.5,5761.0,5797.9,290523
2024-01-01,5800.0,5860.0,5800.0,5821.65,195680
2024-01-02,5807.05,5949.0,5805.65,5926.8,573856
2024-01-03,5926.8,5970.0,5888.2,5931.9,282407
2024-01-04,5922.15,5922.15,5825.0,5842.2,409660
2024-01-05,5870.0,5874.55,5806.5,5835.65,207451
2024-01-08,5880.9,5881.0,5732.6,5761.35,241140
2024-01-09,5819.0,5838.65,5744.1,5749.8,258444
2024-01-10,5749.05,5800.0,5690.2,5787.2,254771
2024-01-11,5778.0,5778.0,5645.1,5692.45,592985
2024-01-12,5734.85,5734.85,5646.05,5688.85,277142
2024-01-15,5737.95,5799.0,5702.0,5783.25,333122
2024-01-16,5790.0,5790.0,5706.05,5758.15,228429
2024-01-17,5740.0,5740.0,5627.0,5649.95,355792
2024-01-18,5647.45,5668.3,5520.65,5649.95,345527
2024-01-19,5675.1,5714.95,5611.85,5668.2,328292
2024-01-20,5698.2,5700.0,5630.0,5635.4,67138
2024-01-23,5651.9,5754.0,5640.95,5674.4,465989
2024-01-24,5707.95,5915.0,5693.0,5902.1,1048852
2024-01-25,5902.1,5925.0,5822.0,5855.5,535502
2024-01-29,5800.0,5892.6,5740.2,5843.7,301914
2024-01-30,5898.95,5949.0,5831.0,5840.95,315317
2024-01-31,5825.05,6137.5,5807.05,6121.15,1571485
2024-02-01,6089.45,6149.4,5950.1,5993.15,622511
2024-02-02,6015.95,6074.7,5996.05,6039.5,337246
2024-02-05,6039.0,6138.0,5991.1,6094.45,425297
2024-02-06,6085.0,6190.0,6083.75,6166.6,517413
2024-02-07,6166.0,6190.0,6130.6,6179.75,590655
2024-02-08,6218.0,6219.95,6125.0,6160.05,358241
2024-02-09,6140.0,6205.2,6104.2,6155.85,247794
2024-02-12,6234.3,6388.45,6230.0,6333.5,859292
2024-02-13,6350.0,6409.85,6311.05,6335.35,417335
2024-02-14,6330.05,6339.95,6170.1,6258.35,344869
2024-02-15,6240.1,6299.0,6206.1,6252.65,293819
2024-02-16,6271.95,6365.7,6247.35,6317.15,255183
2024-02-19,6317.15,6453.95,6315.0,6417.15,278704
2024-02-20,6422.0,6465.0,6340.55,6376.0,279897
2024-02-21,6387.0,6402.55,6305.0,6349.15,199179
2024-02-22,6375.0,6379.8,6231.35,6363.95,284024
2024-02-23,6367.7,6494.05,6363.0,6442.15,368451
2024-02-26,6445.05,6490.0,6380.65,6440.75,217838
2024-02-27,6416.0,6459.6,6385.25,6449.6,193295
2024-02-28,6443.45,6505.9,6392.1,6428.05,312046
2024-02-29,6382.05,6472.9,6357.1,6424.25,1102788
2024-03-01,6449.0,6473.0,6172.1,6193.55,575286
2024-03-04,6240.0,6439.35,6239.0,6335.1,439211
2024-03-05,6334.9,6342.15,6247.0,6303.3,208036
2024-03-06,6303.3,6332.0,6190.0,6314.65,241426
2024-03-07,6305.5,6369.7,6305.5,6324.15,234920
2024-03-11,6369.0,6423.6,6310.0,6387.45,282473
2024-03-12,6388.15,6428.0,6266.25,6302.15,329411
2024-03-13,6302.4,6350.0,6248.8,6303.8,210265
2024-03-14,6282.0,6320.15,6208.9,6294.6,400212
2024-03-15,6285.1,6308.55,6214.5,6284.9,485947
2024-03-18,6292.1,6354.9,6268.05,6341.05,180493
2024-03-19,6335.0,6335.0,6123.45,6134.9,316367
2024-03-20,6124.95,6138.1,6023.2,6103.3,277037
2024-03-21,6125.0,6156.0,6060.0,6128.2,325246
2024-03-22,6129.0,6239.4,6105.05,6203.2,305719
2024-03-27,6151.0,6151.0,6034.1,6044.1,290593
2024-03-28,6078.0,6209.8,6078.0,6157.9,517383
2024-04-01,6215.0,6282.45,6157.9,6250.35,154404
2024-04-02,6268.95,6268.95,6206.0,6237.55,238206
2024-04-03,6237.55,6268.0,6112.0,6124.4,269225
2024-04-04,6155.0,6175.0,6047.5,6142.5,399019
2024-04-05,6142.5,6305.85,6140.0,6179.3,541011
2024-04-08,6217.45,6226.75,6135.05,6174.55,284105
2024-04-09,6202.2,6230.2,6155.0,6167.9,128724
2024-04-10,6199.9,6199.9,6145.0,6157.9,196084
2024-04-12,6168.9,6189.0,6075.0,6083.85,394851
2024-04-15,6073.2,6073.2,5982.25,6010.85,269933
2024-04-16,6005.85,6073.85,5985.05,6050.35,408298
2024-04-18,6099.95,6127.5,5937.65,5957.15,597736
2024-04-19,6000.0,6000.0,5880.8,5942.85,342651
2024-04-22,5975.0,6064.0,5953.5,6016.1,333457
2024-04-23,6050.0,6065.0,5933.9,5952.1,298835
2024-04-24,5960.05,5994.85,5921.05,5950.8,266987
2024-04-25,5975.05,6262.0,5928.0,6218.75,926985
2024-04-26,6224.9,6308.85,6178.85,6252.1,412618
2024-04-29,6270.0,6325.0,6202.35,6297.1,297106
2024-04-30,6299.9,6313.0,6185.0,6204.3,381304
2024-05-02,6195.25,6299.8,6195.25,6287.5,626953
2024-05-03,6299.9,6419.9,6258.0,6349.55,581368
2024-05-06,6379.7,6380.0,6246.35,6293.45,452754
2024-05-07,6329.9,6350.0,6200.0,6257.6,317354
2024-05-08,6100.0,6114.95,5952.7,6056.35,988140
2024-05-09,6074.5,6074.5,5870.0,5877.35,506907
2024-05-10,5875.0,5935.0,5818.1,5921.0,296180
2024-05-13,5921.0,5949.0,5850.5,5908.55,170564
2024-05-14,5938.9,5945.4,5855.0,5868.8,237330
2024-05-15,5885.0,5966.95,5860.0,5875.0,291681
2024-05-16,5928.0,5928.0,5709.0,5850.4,732097
2024-05-17,5850.4,5856.45,5791.0,5799.55,601339
2024-05-18,5810.95,5849.15,5800.15,5811.6,22645
2024-05-21,5810.95,5833.3,5773.0,5779.8,491373
2024-05-22,5850.0,5905.0,5790.4,5872.75,521022
2024-05-23,5902.45,5933.0,5835.0,5897.7,565583
2024-05-24,5896.4,5909.1,5838.5,5865.75,424443
2024-05-27,5865.75,5889.95,5796.1,5872.7,673258
2024-05-28,5872.15,6005.1,5872.15,5965.3,793202
2024-05-29,5985.0,6017.95,5914.6,6000.75,506798
2024-05-30,5975.0,5975.0,5833.0,5873.75,601044
2024-05-31,5899.95,5904.65,5752.85,5791.85,1029318
2024-06-03,5937.9,5937.9,5777.15,5783.3,417511
2024-06-04,5807.0,5827.35,5600.0,5730.8,657435
2024-06-05,5737.9,5881.7,5725.8,5824.15,508564
2024-06-06,5835.0,5926.0,5781.6,5890.95,719676
2024-06-07,5890.95,6084.1,5876.25,6061.3,749505
2024-06-10,6061.3,6157.65,6004.05,6106.15,629655
2024-06-11,6085.0,6100.25,6028.0,6039.25,516362
2024-06-12,6060.0,6085.0,5991.0,6060.05,386585
2024-06-13,6119.9,6119.9,6031.5,6095.85,438230
2024-06-14,6096.0,6118.5,6035.1,6085.25,397004
2024-06-18,6048.0,6062.0,5980.0,5991.25,615397
2024-06-19,5991.95,5999.65,5920.0,5956.2,611329
2024-06-20,5925.0,5996.0,5888.0,5970.8,497947
2024-06-21,5971.0,6055.0,5955.15,6011.45,430095
2024-06-24,5998.0,6100.0,5973.0,6054.95,324905
2024-06-25,6090.0,6095.2,6016.05,6078.4,395498
2024-06-26,6063.5,6094.65,6025.3,6070.05,391648
2024-06-27,6000.0,6249.45,5995.0,6235.9,2433654
2024-06-28,6255.45,6420.0,6251.05,6402.35,1023659
2024-07-01,6430.0,6480.0,6337.15,6353.7,450385
2024-07-02,6345.0,6380.95,6284.25,6370.25,363815
2024-07-03,6374.0,6525.8,6365.15,6425.9,582640
2024-07-04,6430.0,6542.0,6370.1,6479.35,348849
2024-07-05,6479.35,6547.15,6456.05,6520.0,227835
2024-07-08,6520.0,6575.0,6486.0,6534.15,161476
2024-07-09,6540.0,6595.0,6430.95,6582.85,346928
2024-07-10,6574.5,6604.45,6483.0,6592.55,257510
2024-07-11,6593.15,6621.95,6534.85,6594.75,316268
2024-07-12,6590.25,6745.0,6564.7,6719.45,588880
2024-07-15,6750.0,6884.95,6702.55,6794.75,604795
2024-07-16,6759.95,6782.95,6636.65,6646.05,311284
2024-07-18,6646.0,6708.85,6590.4,6667.5,385707
2024-07-19,6660.0,6718.4,6626.3,6636.0,180068
2024-07-22,6580.0,6780.0,6580.0,6770.9,412291
2024-07-23,6770.0,6884.0,6717.0,6865.0,866091
2024-07-24,6938.9,6938.9,6793.25,6820.15,603877
2024-07-25,6795.0,6874.95,6757.05,6853.2,263105
2024-07-26,6888.95,6966.0,6791.6,6878.65,410391
2024-07-29,6920.0,6948.1,6735.0,6840.05,654389
2024-07-30,6845.05,6891.0,6792.9,6804.15,291695
2024-07-31,6803.9,6829.5,6735.0,6750.5,346174
2024-08-01,6795.5,6900.5,6786.65,6887.95,464096
2024-08-02,6881.0,6981.0,6874.45,6964.15,441989
2024-08-05,6930.1,6961.0,6794.0,6812.05,437389
2024-08-06,6838.9,6915.3,6795.3,6807.4,245427
2024-08-07,6880.0,6935.0,6840.0,6926.35,193773
2024-08-08,6925.0,7035.0,6914.45,6938.3,541168
2024-08-09,6980.0,7025.0,6963.35,7013.5,131251
2024-08-12,7013.95,7030.0,6873.3,6886.55,370655
2024-08-13,6902.0,6962.25,6851.25,6948.4,243465
2024-08-14,6955.0,6962.0,6792.5,6801.05,345593
2024-08-16,6831.05,6848.95,6758.15,6793.6,513132
2024-08-19,6837.95,6924.0,6817.6,6911.35,161847
2024-08-20,6930.0,6974.2,6900.0,6965.35,149594
2024-08-21,6999.9,7107.45,6965.35,7062.45,381117
2024-08-22,7062.35,7062.35,6923.2,6969.05,336682
2024-08-23,6979.85,6990.0,6930.05,6954.5,142288
2024-08-26,6924.95,6959.95,6899.2,6943.3,203783
2024-08-27,6945.0,7006.55,6902.05,6962.95,455417
2024-08-28,6962.95,7048.25,6923.0,6999.3,326517
2024-08-29,6898.3,7019.95,6889.1,6931.15,356832
2024-08-30,6938.0,7045.0,6938.0,7031.35,683042
2024-09-02,7049.7,7074.95,6830.0,6872.15,470857
2024-09-03,6900.0,6914.0,6848.0,6853.85,249361
2024-09-04,6847.8,6847.8,6767.0,6787.2,435494
2024-09-05,6797.5,6848.8,6686.0,6695.75,400253
2024-09-06,6698.9,6720.1,6653.0,6667.15,414857
2024-09-09,6679.95,6715.95,6602.7,6655.9,293376
2024-09-10,6694.0,6697.8,6613.15,6650.4,465624
2024-09-11,6660.9,6749.35,6595.9,6612.5,366744
2024-09-12,6700.0,6712.2,6580.3,6683.85,532671
2024-09-13,6686.4,6699.05,6647.0,6660.7,239515
2024-09-17,6640.1,6665.75,6603.0,6631.65,182347
2024-09-18,6647.0,6648.0,6531.0,6567.8,247883
2024-09-19,6584.0,6612.5,6482.5,6502.55,932356
2024-09-20,6534.8,6597.95,6485.7,6551.15,564730
2024-09-23,6600.0,6662.0,6580.0,6654.45,265324
2024-09-24,6654.45,6689.9,6580.2,6650.35,392420
2024-09-25,6656.25,6707.6,6595.55,6691.45,477656
2024-09-26,6714.8,6757.0,6664.3,6744.4,568426
2024-09-27,6711.0,6772.4,6666.5,6749.9,558911
2024-09-30,6755.0,6791.0,6710.0,6751.6,365494
2024-10-01,6751.6,6785.4,6678.05,6749.1,347618
2024-10-03,6780.0,6795.0,6692.1,6735.65,455418
2024-10-04,6713.0,6732.9,6611.0,6633.25,348467
2024-10-07,6683.55,6712.05,6581.1,6609.9,444838
2024-10-08,6609.95,6668.0,6575.0,6656.05,279110
2024-10-09,6696.0,6754.9,6647.1,6664.85,336073
2024-10-10,6698.0,6698.0,6553.7,6583.1,316547
2024-10-11,6585.0,6624.7,6545.05,6599.2,226045
2024-10-14,6636.0,6690.95,6600.0,6659.9,223519
2024-10-15,6684.0,6699.9,6605.2,6611.65,284653
2024-10-16,6640.0,6745.95,6629.05,6710.9,369924
2024-10-17,6744.8,6775.0,6650.45,6704.05,363823
2024-10-18,6704.05,6774.0,6662.4,6741.1,228623
2024-10-21,6770.0,6770.0,6686.05,6697.4,235055
2024-10-22,6727.0,6755.0,6632.3,6662.4,380997
2024-10-23,6659.35,6688.1,6590.0,6607.9,309772
2024-10-24,6644.0,6644.0,6569.2,6582.7,317461
2024-10-25,6570.0,6582.0,6450.1,6514.7,257166
2024-10-28,1320.0,1325.9,1290.25,1311.5,829374
2024-10-29,1327.0,1335.4,1263.5,1274.7,1443741
2024-10-30,1273.0,1273.0,1228.8,1249.85,2065575
2024-10-31,1258.6,1283.65,1248.0,1274.2,1902206
2024-11-04,1259.6,1276.9,1250.55,1268.3,1771490
2024-11-05,1265.1,1279.0,1241.25,1272.2,1603920
2024-11-06,1274.0,1321.9,1251.6,1302.1,3908554
2024-11-07,1304.95,1309.0,1280.55,1287.35,1479152
2024-11-08,1292.8,1293.0,1259.15,1283.65,1328199
2024-11-11,1284.0,1295.25,1262.15,1287.9,1175591
2024-11-12,1287.85,1288.4,1258.3,1263.9,1110785
2024-11-13,1258.0,1265.05,1238.3,1245.0,995217
2024-11-14,1249.9,1253.0,1222.2,1226.7,1346891
2024-11-19,1193.0,1232.0,1186.25,1213.45,1509716
2024-11-21,1174.9,1206.7,1172.5,1195.35,2121476
2024-11-22,1199.0,1223.2,1193.6,1214.45,763755
2024-11-25,1233.95,1247.0,1205.75,1209.3,3280431
2024-11-26,1209.0,1218.35,1203.2,1208.65,1190121
2024-11-27,1212.0,1215.6,1198.05,1199.9,1402977
2024-11-28,1209.05,1209.9,1188.45,1191.95,2819269
2024-11-29,1206.0,1219.35,1198.65,1202.3,2535820
2024-12-02,1214.25,1225.25,1202.3,1221.75,1826479
2024-12-03,1229.0,1229.0,1217.55,1224.5,2237453
2024-12-04,1224.5,1229.1,1209.6,1215.55,1435443
2024-12-05,1216.55,1249.5,1210.1,1239.85,3324867
2024-12-06,1246.0,1255.15,1236.35,1253.7,1717216
2024-12-09,1254.65,1261.8,1243.25,1255.15,1269332
2024-12-10,1250.0,1253.6,1233.0,1240.35,2025890
2024-12-11,1240.3,1243.4,1226.7,1238.55,1178864
2024-12-12,1244.8,1250.2,1226.35,1245.4,1648944
2024-12-13,1240.3,1250.2,1226.45,1246.35,1258819
2024-12-16,1246.35,1274.15,1245.2,1269.95,1920945
2024-12-17,1269.0,1270.95,1243.25,1247.65,2706166
2024-12-18,1251.9,1281.0,1249.55,1275.4,2823838
2024-12-19,1275.0,1331.35,1271.65,1325.6,7185903
2024-12-20,1326.0,1368.7,1317.4,1343.65,7499087
2024-12-23,1362.0,1367.0,1330.3,1341.35,3740109
2024-12-24,1347.0,1365.0,1336.2,1350.9,2587142
2024-12-26,1350.9,1360.2,1342.75,1355.15,1531359
2024-12-27,1363.05,1398.25,1345.5,1389.45,3656253
2024-12-30,1389.6,1392.0,1372.1,1376.9,2462657
2024-12-31,1370.3,1395.0,1366.55,1388.5,1892083
2025-01-02,1371.45,1387.95,1370.05,1375.05,1726305
2025-01-03,1375.05,1378.15,1347.2,1352.65,1573592
2025-01-06,1360.4,1361.3,1333.8,1350.35,1539970
2025-01-07,1352.0,1373.05,1347.5,1351.55,1723188
2025-01-08,1369.5,1405.9,1358.0,1370.75,3456684
2025-01-09,1380.0,1382.95,1364.1,1371.6,1607980
2025-01-10,1366.1,1386.0,1352.6,1354.4,1582776
2025-01-13,1354.05,1354.15,1330.2,1335.1,2822318
2025-01-14,1335.15,1348.85,1323.65,1337.55,1370223
2025-01-15,1345.0,1345.0,1313.95,1337.2,1940371
2025-01-16,1340.9,1347.0,1297.0,1302.75,1195731
2025-01-17,1298.0,1320.7,1288.0,1309.4,1432206
2025-01-20,1308.35,1309.0,1293.65,1302.35,561642
2025-01-22,1291.0,1308.0,1288.0,1296.25,1301422
2025-01-23,1289.0,1303.95,1274.55,1289.4,1448659
2025-01-24,1229.95,1252.65,1203.5,1224.4,7082467
2025-01-27,1224.4,1234.35,1191.5,1197.65,2184847
2025-01-28,1197.65,1197.65,1164.65,1181.25,3142189
2025-01-29,1187.4,1192.45,1173.5,1181.2,3458251
2025-01-30,1188.0,1204.8,1184.0,1194.5,3290757
2025-01-31,1202.0,1221.0,1196.0,1217.35,1505147
2025-02-03,1200.0,1220.0,1196.8,1203.85,1407877
2025-02-04,1207.0,1233.0,1201.45,1219.95,2239920
2025-02-05,1227.0,1233.1,1215.85,1227.55,1460238
2025-02-06,1234.9,1254.0,1230.2,1236.65,2990483
2025-02-07,1240.0,1243.75,1226.0,1240.4,1236992
2025-02-10,1239.7,1239.7,1211.05,1220.95,1565579
2025-02-11,1220.0,1222.9,1201.25,1209.8,1819297
2025-02-12,1218.0,1220.4,1202.85,1215.85,1306601
2025-02-13,1216.9,1243.0,1216.9,1223.6,4447231
2025-02-14,1223.5,1230.0,1186.25,1197.05,1211843
2025-02-17,1196.85,1202.0,1183.15,1198.95,613030
2025-02-18,1198.95,1204.95,1182.0,1197.4,1713796
2025-02-19,1166.0,1176.95,1127.5,1165.85,3062142
2025-02-20,1164.5,1174.15,1156.25,1170.95,1579890
2025-02-21,1170.7,1170.75,1145.25,1151.8,6828902
2025-02-24,1151.8,1173.9,1151.0,1164.55,2017521
2025-02-25,1167.15,1169.55,1122.5,1128.15,6463238
2025-02-27,1128.5,1136.35,1115.0,1125.55,3435069
2025-02-28,1128.7,1132.0,1104.55,1116.5,3895033
2025-03-03,1118.35,1130.25,1103.9,1119.6,1810605
2025-03-04,1111.1,1124.15,1105.05,1120.15,1074133
2025-03-05,1120.5,1129.0,1110.55,1126.4,1260157
2025-03-06,1135.0,1145.7,1118.65,1140.1,1648697
2025-03-07,1140.1,1145.2,1130.0,1133.25,790599
2025-03-11,1117.0,1126.95,1110.65,1116.65,884438
2025-03-12,1116.6,1116.65,1092.45,1105.15,1914579
2025-03-13,1105.15,1110.25,1095.05,1107.95,1299174
2025-03-17,1107.9,1154.1,1101.5,1150.7,2714559
2025-03-18,1157.8,1169.4,1149.0,1163.7,1734982
2025-03-19,1174.0,1177.7,1158.1,1172.1,1507415
2025-03-20,1178.95,1190.75,1165.3,1187.2,1521677
2025-03-21,1190.2,1204.65,1177.05,1200.15,2313824
2025-03-24,1205.0,1216.35,1190.25,1210.3,1660669
2025-03-25,1210.3,1215.95,1167.95,1177.9,2860907
2025-03-26,1177.9,1179.8,1152.65,1164.6,2864505
2025-03-27,1160.0,1172.4,1144.0,1162.2,4460409
2025-03-28,1159.25,1159.25,1140.75,1144.2,2762934
2025-04-01,1144.2,1164.4,1136.05,1152.2,4158012
2025-04-02,1150.0,1152.7,1135.0,1150.0,2071245
2025-04-03,1190.5,1226.9,1149.05,1151.45,6324685
2025-04-04,1151.8,1157.45,1076.2,1109.95,5423861
2025-04-07,1020.0,1098.85,1020.0,1087.9,3888037
2025-04-08,1100.0,1113.65,1088.7,1107.95,1577632
2025-04-09,1094.5,1103.25,1061.65,1094.05,5511474
2025-04-11,1139.9,1139.9,1102.25,1109.5,2740831
2025-04-15,1140.9,1158.1,1129.0,1154.9,2683350
2025-04-16,1150.2,1161.4,1143.7,1158.4,1451875
2025-04-17,1150.1,1173.6,1150.1,1163.6,2788024
2025-04-21,1163.4,1179.7,1155.0,1177.4,1938756
2025-04-22,1173.9,1180.5,1162.3,1175.0,1313400
2025-04-23,1185.1,1191.8,1175.9,1186.0,3192132
2025-04-24,1179.0,1210.0,1176.3,1200.5,4819678
2025-04-25,1203.9,1210.5,1159.7,1174.8,1286573
2025-04-28,1176.3,1205.0,1176.3,1198.7,1236678
2025-04-29,1204.4,1204.4,1169.0,1176.0,1663018
2025-04-30,1176.2,1196.6,1175.9,1183.9,1604442
2025-05-02,1176.1,1194.8,1171.4,1182.9,1306311
2025-05-05,1188.7,1193.9,1154.5,1171.3,1893680
2025-06-20,1332.4,1335.0,1318.2,1325.3,1843895
2025-06-23,1318.9,1323.0,1302.1,1317.9,843945
2025-06-24,1317.9,1353.7,1309.1,1337.3,1011128
2025-06-25,1348.3,1348.3,1336.0,1341.6,833145
2025-06-26,1326.0,1333.7,1314.6,1321.5,2373431
2025-06-27,1328.9,1331.6,1298.4,1301.0,1770595
2025-06-30,1302.9,1305.0,1272.5,1283.3,2224279
2025-07-01,1286.3,1294.9,1273.3,1276.8,1851442
2025-07-02,1276.0,1280.9,1263.7,1270.8,2027306
2025-07-03,1274.9,1297.6,1270.0,1291.3,1918977
2025-07-04,1303.0,1313.0,1287.2,1307.4,1466009
2025-07-07,1307.9,1313.4,1298.1,1310.5,569025
2025-07-08,1310.3,1310.3,1273.6,1283.8,1602620
2025-07-09,1280.0,1285.7,1266.9,1269.4,1494337
2025-07-10,1262.9,1269.9,1252.1,1262.6,1246082
2025-07-11,1263.0,1272.0,1251.3,1254.7,895466
2025-07-14,1254.7,1261.4,1245.3,1250.6,1035555
2025-07-15,1254.8,1264.5,1241.0,1260.9,1183659
2025-07-16,1260.9,1262.0,1250.0,1259.4,1159859
2025-07-17,1259.4,1274.8,1255.5,1263.1,709420
2025-07-18,1265.0,1270.6,1251.1,1257.5,690731
2025-07-21,1250.2,1262.4,1245.2,1259.3,1065189
2025-07-22,1261.0,1263.6,1236.0,1240.0,1304352
2025-07-23,1240.2,1252.1,1231.0,1247.4,1088262
2025-07-24,1261.1,1287.9,1256.1,1265.5,3809212
2025-07-25,1266.0,1288.5,1261.2,1277.9,1621138
2025-07-28,1280.0,1290.0,1271.6,1287.4,1553778
2025-07-29,1287.0,1302.0,1282.8,1299.8,1943466
2025-07-30,1298.1,1298.1,1277.7,1292.1,1387013
2025-07-31,1274.5,1285.0,1257.0,1270.3,1968821
2025-08-01,1258.0,1259.0,1213.7,1220.6,2525210
2025-08-04,1225.1,1232.2,1219.2,1225.0,767310
2025-08-05,1225.0,1232.0,1205.0,1214.8,956582
2025-08-07,1184.0,1210.0,1183.4,1200.8,1246560
2025-08-08,1200.8,1215.0,1195.4,1211.4,2389106
2025-08-11,1212.5,1237.0,1208.6,1219.5,1246374
2025-08-12,1210.0,1227.2,1204.1,1220.3,922461
2025-08-13,1220.3,1255.5,1219.8,1253.4,1192506
2025-08-14,1255.1,1266.0,1250.2,1260.4,1603933
2025-08-18,1270.0,1270.6,1241.1,1262.7,1648543
2025-08-19,1263.0,1263.8,1241.9,1244.2,1061816
2025-08-20,1244.0,1250.7,1238.0,1245.4,685379
2025-08-21,1245.4,1281.8,1240.3,1276.6,2008295
2025-08-22,1274.1,1284.1,1265.6,1277.6,1229920
2025-08-25,1277.7,1288.9,1275.3,1283.9,967056
2025-08-26,1276.0,1279.6,1259.0,1263.2,2798216
2025-08-28,1263.2,1267.4,1248.5,1259.8,1827890
2025-08-29,1259.0,1266.4,1240.8,1260.1,2422956
2025-09-01,1260.1,1285.0,1260.1,1279.9,1273903
2025-09-02,1279.9,1283.4,1248.0,1253.7,1632660
2025-09-03,1250.0,1265.9,1247.6,1262.2,1294925
2025-09-04,1268.0,1274.7,1249.0,1253.0,1230934
2025-09-05,1254.3,1271.7,1253.6,1268.1,769861
2025-09-08,1269.0,1277.0,1248.7,1250.6,969297
2025-09-09,1257.5,1295.8,1256.8,1291.3,1643726
2025-09-10,1294.4,1310.0,1293.7,1304.2,1232984
2025-09-11,1304.0,1311.0,1283.0,1303.1,1349391
2025-09-12,1303.1,1321.0,1302.8,1316.7,1042942
2025-09-15,1308.9,1311.8,1292.5,1300.8,1331182
2025-09-16,1300.0,1312.5,1296.4,1310.4,1034369
2025-09-17,1317.0,1318.2,1305.2,1311.4,716840
2025-09-18,1312.1,1325.8,1305.7,1322.7,822010
2025-09-19,1324.7,1326.8,1312.0,1321.7,1409571
2025-09-22,1320.9,1320.9,1293.5,1301.4,1399531
2025-09-23,1300.0,1311.9,1295.2,1308.4,1271238
2025-09-24,1303.3,1308.3,1294.4,1298.1,750456
2025-09-25,1298.3,1307.3,1268.0,1275.2,1241492
2025-09-26,1250.0,1278.5,1246.2,1253.1,2284377
2025-09-29,1265.0,1270.0,1231.0,1234.6,3899164
2025-09-30,1235.1,1240.3,1217.5,1223.7,2635047
2025-10-01,1227.9,1250.7,1226.0,1244.7,4083180
2025-10-03,1243.9,1265.4,1240.0,1248.1,2742600
2025-10-06,1248.2,1251.3,1234.2,1248.6,1880910
2025-10-07,1250.3,1256.1,1244.4,1248.5,1380941
2025-10-08,1248.3,1251.0,1231.4,1234.5,1496744
2025-10-09,1245.0,1264.9,1240.3,1246.1,2699135
2025-10-10,1249.6,1267.7,1244.7,1264.4,1680920
2025-10-13,1257.0,1265.1,1248.3,1262.4,1188201
2025-10-14,1262.4,1262.4,1232.3,1237.3,1944911
2025-10-15,1233.0,1242.3,1231.0,1232.4,2150067
2025-10-16,1235.9,1242.6,1230.3,1240.2,1308931
2025-10-17,1245.0,1262.0,1238.1,1255.9,1473018
2025-10-20,1264.8,1287.7,1259.8,1282.0,1368192
2025-10-21,1288.0,1294.0,1283.1,1288.7,226788
2025-10-23,1303.6,1303.6,1271.6,1279.4,1991213
2025-10-24,1280.0,1288.0,1265.5,1283.6,1167634
2025-10-27,1283.0,1293.4,1264.6,1284.3,1927956
2025-10-28,1283.9,1294.9,1275.3,1289.4,1828290
2025-10-29,1299.0,1301.5,1235.0,1250.9,2574921
2025-10-30,1196.0,1207.2,1180.9,1202.2,8883497
2025-10-31,1202.5,1205.5,1191.0,1197.6,4250157
2025-11-03,1196.9,1200.8,1187.9,1196.0,1547000
2025-11-04,1198.0,1204.3,1193.3,1200.0,1015516
2025-11-06,1202.0,1213.9,1193.2,1205.2,1560897
2025-11-07,1208.0,1211.9,1198.0,1205.4,1076140
2025-11-10,1199.4,1209.5,1195.0,1198.7,3483082
2025-11-11,1203.6,1214.8,1198.6,1211.5,1048552
2025-11-12,1220.1,1235.0,1215.0,1229.6,1222295
2025-11-13,1235.8,1242.4,1227.3,1234.9,1426984
2025-11-14,1235.2,1249.0,1231.8,1246.0,827643
2025-11-17,1253.0,1253.0,1240.5,1244.4,1423044
2025-11-18,1244.5,1247.0,1232.7,1243.8,971685
2025-11-19,1248.7,1252.7,1237.0,1250.2,830105
2025-11-20,1255.0,1255.0,1237.7,1248.6,854999
2025-11-21,1244.8,1250.7,1237.1,1243.9,941902
2025-11-24,1248.0,1262.4,1219.0,1226.2,7611988
2025-11-25,1236.3,1251.2,1230.3,1236.1,1983817
2025-11-26,1236.1,1251.0,1234.6,1248.0,809816
2025-11-27,1248.0,1256.0,1241.0,1249.3,1060956
2025-11-28,1250.0,1260.3,1245.0,1258.8,809748
2025-12-01,1263.9,1268.8,1248.4,1260.1,1457856
2025-12-02,1260.5,1278.3,1260.5,1275.2,2361183
2025-12-03,1283.6,1293.0,1269.2,1280.7,4969448
2025-12-04,1280.6,1284.2,1266.5,1277.6,1971130
2025-12-05,1277.6,1282.8,1271.6,1275.2,1036082
2025-12-08,1275.0,1279.0,1263.7,1266.5,1435892
2025-12-09,1266.5,1267.4,1241.3,1246.2,2118272
2025-12-10,1249.3,1262.1,1246.8,1250.8,1669910
2025-12-11,1250.8,1275.9,1248.0,1273.5,1717539
2025-12-12,1275.0,1280.4,1267.3,1279.3,981548
2025-12-15,1274.9,1282.8,1264.1,1280.6,1078613
2025-12-16,1285.9,1285.9,1272.0,1276.9,928506
2025-12-17,1270.0,1281.0,1267.3,1272.0,894068
2025-12-18,1277.0,1283.9,1262.0,1280.0,889699
2025-12-19,1277.0,1292.9,1268.9,1278.2,1209487
2025-12-22,1278.2,1286.3,1276.7,1283.4,614138
2025-12-23,1288.6,1288.6,1277.8,1283.5,408490
2025-12-24,1281.1,1285.1,1252.4,1265.8,1265233
2025-12-26,1265.0,1275.0,1261.1,1269.3,594744
2025-12-29,1269.3,1275.9,1260.0,1268.6,811488
2025-12-30,1268.0,1272.9,1256.4,1265.8,1123996
2025-12-31,1270.0,1273.9,1260.0,1271.4,658106
2026-01-01,1270.0,1270.0,1248.0,1253.4,553856
2026-01-02,1249.0,1257.6,1236.0,1256.1,1591218
2026-01-05,1256.0,1262.3,1245.0,1250.0,1184386
2026-01-06,1250.0,1258.8,1245.5,1256.2,540944
2026-01-07,1252.6,1265.0,1240.0,1242.8,1215477
2026-01-08,1241.6,1241.6,1202.2,1206.9,2000942
2026-01-09,1207.0,1216.4,1203.6,1210.1,1390935
2026-01-12,1210.0,1218.7,1199.9,1215.5,707317
2026-01-13,1215.6,1215.9,1185.5,1191.3,2071117
2026-01-14,1191.1,1195.0,1176.1,1186.5,2834908
2026-01-16,1184.0,1197.0,1171.5,1175.5,2214792
2026-01-19,1170.0,1177.5,1164.7,1167.2,1253443
2026-01-20,1168.4,1192.8,1161.4,1166.7,2790934
2026-01-21,1170.0,1193.8,1148.4,1157.2,2322066
2026-01-22,1195.0,1225.0,1187.7,1217.5,6464461
2026-01-23,1230.0,1250.8,1225.0,1235.6,3888860
2026-01-27,1251.0,1252.3,1233.5,1239.8,2159137
2026-01-28,1241.9,1243.2,1219.0,1222.5,1740662
2026-01-29,1215.3,1218.0,1191.2,1208.9,1626394
2026-01-30,1200.0,1224.8,1200.0,1218.1,1672460
2026-02-02,1189.5,1195.0,1167.1,1182.5,1207638
2026-02-03,1265.0,1265.9,1218.1,1235.4,1521425
2026-02-04,1235.5,1248.3,1230.1,1240.2,947684
2026-02-05,1242.0,1253.6,1237.0,1244.9,953241
2026-02-06,1244.9,1248.9,1225.0,1241.2,1324651
2026-02-09,1260.0,1278.8,1243.5,1275.5,2111316
2026-02-10,1279.0,1283.5,1253.0,1256.0,1412804
2026-02-11,1263.9,1273.5,1253.2,1270.3,855888
2026-02-12,1268.9,1277.6,1261.5,1274.9,981247
2026-02-13,1274.0,1279.3,1263.6,1268.1,838946
2026-02-16,1257.1,1275.2,1257.1,1269.4,469592
2026-02-17,1266.0,1286.8,1258.2,1284.8,687326
2026-02-18,1289.0,1291.5,1276.6,1280.3,689997
2026-02-19,1290.0,1295.7,1276.5,1282.3,1333838
2026-02-20,1281.9,1292.4,1275.0,1280.4,1753200
2026-02-23,1290.0,1313.5,1282.1,1307.4,1849756
2026-02-24,1307.5,1315.0,1297.1,1300.2,1803242
2026-02-25,1281.0,1324.0,1266.9,1306.5,2296240
2026-02-26,1311.2,1327.0,1305.0,1319.3,1511598
2026-02-27,1313.8,1317.2,1278.2,1286.3,3510396
2026-03-02,1252.6,1300.0,1221.2,1294.4,1052234
2026-03-04,1274.4,1299.2,1272.1,1291.2,1890939
2026-03-05,1292.5,1322.1,1292.5,1313.5,1060509
2026-03-06,1313.5,1316.4,1290.8,1303.8,963701
2026-03-09,1285.5,1294.9,1273.6,1287.0,1597730
2026-03-10,1288.0,1329.6,1288.0,1314.6,2329349
2026-03-11,1311.1,1336.0,1311.1,1325.5,2454389
2026-03-12,1321.0,1337.3,1303.6,1319.0,1969692
2026-03-13,1310.0,1319.9,1280.9,1292.3,1574522
2026-03-16,1292.1,1297.0,1264.0,1276.9,1294975
2026-03-17,1279.9,1291.4,1265.0,1283.8,1003677
2026-03-18,1283.8,1299.3,1280.1,1294.8,849938
2026-03-19,1278.7,1286.4,1266.7,1274.5,1035491
2026-03-20,1289.0,1307.5,1288.2,1298.9,3359706
2026-03-23,1293.0,1293.0,1244.2,1253.3,2112613
2026-03-24,1267.2,1279.8,1248.4,1259.6,3166135
2026-03-25,1268.9,1309.0,1260.1,1300.7,1577150
2026-03-27,1297.0,1302.9,1278.2,1281.7,2165113
2026-03-30,1265.0,1276.2,1251.1,1254.9,1991442
2026-04-01,1280.0,1284.8,1206.1,1209.6,2240507
2026-04-02,1187.5,1222.6,1167.5,1217.3,3560727
2026-04-06,1220.1,1223.2,1196.3,1217.8,1099471
2026-04-07,1208.0,1211.0,1179.0,1196.1,2330512
2026-04-08,1210.0,1219.9,1185.4,1191.4,2063229
2026-04-09,1189.0,1214.7,1189.0,1211.9,2746602
2026-04-10,1212.8,1236.8,1208.8,1232.2,1931448
2026-04-13,1218.0,1239.1,1204.0,1235.9,1463269
2026-04-15,1220.0,1222.0,1195.4,1217.8,4693413
2026-04-16,1222.0,1227.6,1214.1,1221.4,2014236
2026-04-17,1215.2,1242.0,1212.4,1235.7,2564061
2026-04-20,1235.0,1243.0,1223.0,1232.6,1605279
2026-04-21,1232.6,1234.9,1218.4,1220.6,1230733
2026-04-22,1214.1,1226.0,1208.1,1217.0,1573272
2026-04-23,1230.0,1357.0,1217.5,1331.0,16407707
2026-04-24,1293.0,1348.8,1293.0,1317.1,5638719
2026-04-27,1320.4,1350.0,1309.0,1334.5,1940454
2026-04-28,1342.4,1367.9,1327.4,1354.6,2336352
2026-04-29,1367.0,1375.9,1321.5,1329.8,4545837
2026-04-30,1327.0,1340.3,1313.6,1322.9,1227007
2026-05-04,1320.0,1320.0,1280.6,1287.2,2285506
2026-05-06,1282.0,1328.6,1277.1,1311.0,3340410
2026-05-07,1309.1,1315.7,1297.3,1307.6,2530096
2026-05-08,1303.5,1310.2,1290.0,1293.9,964903
2026-05-11,1288.0,1299.9,1272.5,1279.9,1506740
2026-05-12,1278.9,1288.3,1264.5,1270.0,1946195
2026-05-13,1245.6,1303.8,1230.0,1265.3,9276074
2026-05-14,1265.3,1307.7,1255.0,1303.6,2362951
2026-05-15,1303.6,1344.9,1303.6,1336.7,3982549
2026-05-18,1336.5,1341.9,1322.0,1331.2,1926791
2026-05-19,1332.0,1345.0,1318.9,1335.2,2488019
2026-05-20,1323.6,1336.0,1319.6,1321.9,1277182
2026-05-21,1325.0,1331.6,1314.2,1318.5,2183121
2026-05-22,1319.0,1329.6,1305.1,1307.2,2002451
2026-05-25,1320.0,1340.5,1298.7,1331.4,4659781
2026-05-26,1333.0,1341.0,1321.6,1327.9,1909354
2026-05-27,1329.6,1346.8,1316.7,1319.0,959327
2026-05-29,1318.8,1328.6,1297.5,1303.5,5424483
2026-06-01,1310.1,1319.6,1284.8,1290.4,1379034
2026-06-02,1280.2,1284.7,1264.1,1274.0,2021793
2026-06-03,1269.5,1275.2,1256.9,1263.3,1226407
2026-06-04,1257.3,1274.9,1248.4,1267.5,944045
2026-06-05,1273.0,1289.4,1268.5,1278.2,774687
2026-06-08,1270.0,1293.7,1270.0,1275.6,862999
2026-06-09,1277.0,1287.6,1261.4,1268.5,871896
2026-06-10,1268.6,1283.7,1266.7,1271.7,1172155
2026-06-11,1271.1,1285.7,1266.4,1276.0,1057772
2026-06-12,1291.0,1291.0,1266.0,1275.4,1645027
2026-06-15,1296.2,1296.2,1275.3,1279.5,1178640
2026-06-16,1279.0,1286.0,1269.1,1276.9,430918
2026-06-17,1276.0,1277.4,1260.9,1269.0,683616
2026-06-18,1269.0,1279.9,1261.7,1267.5,774093
2026-06-19,1267.0,1275.0,1261.0,1272.1,1312877
2026-06-22,1278.1,1306.0,1271.2,1290.7,1618251
2026-06-23,1297.2,1329.5,1294.9,1301.3,2878800
2026-06-24,1310.0,1343.0,1306.2,1328.4,3346371
2026-06-25,1331.9,1363.0,1331.9,1350.5,1699744
2026-06-29,1388.4,1414.9,1355.8,1375.7,8857211
2026-06-30,1375.0,1375.0,1347.1,1357.1,2446438
2026-07-01,1351.0,1362.7,1330.0,1339.9,1423120
2026-07-02,1339.9,1360.8,1329.0,1345.7,808598
2026-07-03,1356.0,1390.4,1350.3,1374.1,1296170
2026-07-06,1375.9,1380.7,1357.4,1367.9,810266
2026-07-07,1362.0,1380.2,1351.5,1354.6,1043736
2026-07-08,1357.0,1383.0,1338.6,1349.0,1561612
2026-07-09,1340.0,1349.0,1261.1,1269.5,8410883
2026-07-10,1244.9,1251.8,1222.0,1244.3,8106606
2026-07-13,1244.3,1249.1,1226.3,1234.5,2437935
2026-07-14,1234.5,1248.0,1231.2,1246.2,1984818
2026-07-15,1249.1,1249.1,1226.4,1229.5,1685660
2026-07-16,1227.5,1235.0,1221.8,1224.4,1935887
2026-07-17,1227.5,1229.9,1201.2,1211.2,2075149
2026-07-20,1213.3,1231.3,1209.6,1223.1,2212191
2026-07-21,1224.7,1230.0,1203.0,1206.0,2182513
2026-07-22,1191.0,1202.3,1169.0,1182.8,2528082
2026-07-23,1101.0,1171.6,1101.0,1166.3,6693935
2026-07-24,1147.0,1166.3,1131.4,1151.7,4750512
2026-07-27,1154.7,1159.3,1147.2,1150.8,1053461
2026-07-28,1145.0,1149.0,1130.2,1135.6,2157306
2026-07-29,1144.0,1147.8,1131.1,1142.3,1280586
2026-07-30,1143.0,1151.0,1139.0,1144.8,1350714
2026-07-31,1152.0,1154.3,1141.7,1148.1,1085841
2026-08-03,1166.2,1182.0,1160.3,1180.0,2150927
2026-08-04,1174.0,1174.0,1154.4,1172.6,2165315
2026-08-05,1171.8,1178.4,1157.7,1176.0,1883679
2026-08-07,1166.0,1172.0,1162.1,1172.0,1072438
2026-08-10,1172.0,1178.8,1156.0,1158.8,1770609
2026-08-11,1159.1,1206.6,1155.1,1205.0,3936813
2026-08-12,1206.8,1206.8,1190.0,1200.0,2366909
2026-08-14,1205.9,1205.9,1192.4,1200.0,2136998
2026-08-17,1204.4,1204.4,1178.2,1192.0,2183094
2026-08-18,1185.0,1189.3,1176.1,1178.8,805633
2026-08-19,1171.9,1187.2,1168.0,1170.0,1150424
2026-08-20,1171.2,1183.8,1171.2,1180.0,1031107
2026-08-21,1179.0,1185.1,1174.0,1174.7,1246756
2026-08-24,1179.4,1195.9,1168.6,1190.0,2248634
2026-08-25,1189.0,1193.5,1175.0,1193.5,1569853
2026-08-26,1189.9,1197.2,1180.1,1182.0,1993156
2026-08-27,1182.0,1191.9,1169.4,1177.0,1044405
2026-08-28,1175.0,1186.6,1172.5,1178.0,682712
2026-08-31,1178.0,1178.1,1154.4,1154.4,2001757
2026-09-01,1166.5,1179.9,1166.5,1171.0,556259
2026-09-02,1165.0,1170.9,1156.5,1156.5,486542
2026-09-03,1162.0,1164.3,1155.0,1155.0,338274
2026-09-04,1157.0,1166.8,1151.0,1151.0,568461
2026-09-07,1150.5,1163.2,1141.8,1144.2,420952
2026-09-08,1146.5,1154.5,1144.0,1151.0,587270
2026-09-09,1146.0,1151.0,1136.4,1145.0,528499
2026-09-10,1140.0,1147.2,1134.9,1143.0,1684792
2026-09-11,1130.0,1182.0,1130.0,1165.5,2403285
