Date,Open,High,Low,Close,Volume
2010-06-10,457.85,459.25,454.0,456.1,575359
2010-06-11,458.0,462.7,456.7,459.9,1330380
2010-06-14,463.0,464.25,457.45,461.9,829596
2010-06-15,460.15,464.0,459.25,462.2,728401
2010-06-16,462.0,466.45,458.6,463.6,940478
2010-06-17,465.6,476.8,462.05,475.15,914240
2010-06-18,474.55,478.5,469.05,472.45,922933
2010-06-21,474.0,477.95,470.55,473.35,1187356
2010-06-22,473.0,474.95,469.0,470.55,706844
2010-06-23,471.6,478.4,470.0,476.0,537826
2010-06-24,477.1,480.0,467.4,476.75,1306040
2010-06-25,473.0,516.7,472.15,484.15,3586981
2010-06-28,488.2,492.65,469.5,473.8,4630833
2010-06-29,473.0,479.0,466.1,472.95,1364395
2010-06-30,470.0,475.45,463.25,467.3,1890100
2010-07-01,465.8,483.0,460.5,466.25,1634976
2010-07-02,467.5,474.4,459.5,461.8,1382510
2010-07-05,462.0,468.95,455.1,465.0,1130652
2010-07-06,465.05,468.4,462.0,465.25,652516
2010-07-07,467.7,467.7,455.05,457.75,640612
2010-07-08,461.75,471.9,460.5,469.6,1293600
2010-07-09,471.15,477.4,469.9,471.8,926520
2010-07-12,474.25,475.6,464.15,465.05,818367
2010-07-13,468.2,472.4,463.25,466.9,1078291
2010-07-14,470.0,470.8,457.15,459.2,773902
2010-07-15,460.2,463.95,445.25,448.05,1738838
2010-07-16,445.1,447.0,435.9,440.6,2467498
2010-07-19,437.0,451.8,436.2,446.7,1775277
2010-07-20,449.8,451.4,445.1,448.45,1301643
2010-07-21,450.05,460.0,450.0,459.35,1573193
2010-07-22,459.1,477.4,456.1,474.45,2671499
2010-07-23,474.45,476.8,461.5,464.85,1125078
2010-07-26,465.0,470.0,455.0,456.7,795725
2010-07-27,453.5,456.6,446.35,449.4,1380791
2010-07-28,450.0,454.0,439.75,445.2,1600463
2010-07-29,445.2,455.9,445.2,452.75,1232280
2010-07-30,453.0,453.0,436.55,438.5,2625190
2010-08-02,440.05,451.8,440.0,446.9,2178914
2010-08-03,449.0,453.55,443.55,444.3,1617051
2010-08-04,445.35,448.0,439.2,441.0,2753580
2010-08-05,441.0,442.9,429.35,430.1,3828288
2010-08-06,430.0,439.0,425.6,437.55,3041589
2010-08-09,437.55,439.8,432.5,437.95,999168
2010-08-10,438.0,446.05,435.2,443.1,1714907
2010-08-11,445.3,452.5,444.75,448.35,1919894
2010-08-12,450.0,452.0,444.35,448.95,889706
2010-08-13,449.35,455.0,448.05,453.7,1142292
2010-08-16,454.0,456.95,448.25,452.15,538927
2010-08-17,454.0,459.9,448.55,451.15,1412445
2010-08-18,452.5,463.0,452.0,461.5,1079427
2010-08-19,463.9,464.0,458.0,461.05,706307
2010-08-20,460.5,469.8,456.35,468.55,729044
2010-08-23,468.0,470.0,463.05,465.5,1964303
2010-08-24,468.0,468.0,454.0,455.4,1152047
2010-08-25,451.5,457.95,445.55,448.2,1267384
2010-08-26,450.0,459.85,439.1,446.55,2566907
2010-08-27,448.7,463.75,448.7,460.15,2052582
2010-08-30,465.0,469.5,456.3,459.35,1086780
2010-08-31,457.8,464.95,452.25,462.05,671464
2010-09-01,468.65,473.2,464.2,470.05,1137208
2010-09-02,473.9,473.9,457.8,459.7,741594
2010-09-03,463.95,463.95,455.0,461.6,605986
2010-09-06,463.5,471.0,459.5,468.1,884714
2010-09-07,470.2,473.6,460.25,465.6,968825
2010-09-08,466.4,473.0,463.35,466.9,598504
2010-09-09,467.0,469.7,458.7,461.6,1718443
2010-09-13,465.0,472.0,462.7,470.8,1051344
2010-09-14,470.0,476.4,463.15,464.9,995261
2010-09-15,464.9,488.4,463.2,483.45,3392843
2010-09-16,485.15,491.95,466.2,470.35,2248968
2010-09-17,475.0,484.0,472.5,480.35,1322278
2010-09-20,483.0,487.0,478.2,480.0,1027490
2010-09-21,485.0,485.8,472.35,479.65,1442781
2010-09-22,480.15,483.15,471.8,476.2,2567267
2010-09-23,478.0,480.4,474.2,478.1,1172229
2010-09-24,479.45,481.5,474.5,479.6,1815142
2010-09-27,482.5,489.1,477.55,479.85,2319540
2010-09-28,479.5,483.5,472.25,477.75,1516350
2010-09-29,478.0,483.2,470.5,474.65,864089
2010-09-30,476.3,479.85,472.6,477.55,2139825
2010-10-01,470.0,490.8,470.0,484.85,1670187
2010-10-04,490.1,494.7,486.8,488.55,805267
2010-10-05,410.0,494.7,410.0,491.8,695521
2010-10-06,494.9,500.95,487.15,488.65,1671860
2010-10-07,491.1,493.4,481.65,483.7,1767195
2010-10-08,485.0,498.65,485.0,490.15,1944381
2010-10-11,495.0,498.0,489.25,495.6,1440732
2010-10-12,497.0,501.8,492.55,499.75,2507182
2010-10-13,501.4,510.0,496.5,508.05,2463456
2010-10-14,506.75,512.9,495.1,503.65,1332674
2010-10-15,503.0,505.7,492.0,499.85,854308
2010-10-18,499.85,505.0,490.05,501.6,841861
2010-10-19,502.0,520.25,498.1,509.5,1845353
2010-10-20,505.35,512.8,495.05,496.05,1037749
2010-10-21,502.35,504.0,495.7,501.85,1338788
2010-10-22,503.0,508.55,500.05,504.45,733407
2010-10-25,507.0,509.8,502.3,505.1,1018217
2010-10-26,505.0,506.65,494.1,496.75,1233474
2010-10-27,497.0,497.5,489.3,493.05,820159
2010-10-28,494.0,503.8,484.0,490.05,1751637
2010-10-29,496.0,496.85,485.2,491.55,808273
2010-11-01,493.1,498.25,486.4,492.25,1328307
2010-11-02,496.75,497.2,483.05,486.35,1272508
2010-11-03,491.1,496.8,482.25,486.6,3244195
2010-11-04,490.0,495.8,489.2,494.65,968702
2010-11-05,500.0,500.0,492.05,495.3,181057
2010-11-08,497.0,499.25,495.0,495.85,881771
2010-11-09,497.0,501.0,494.2,497.7,996704
2010-11-10,499.8,503.5,495.2,500.15,1243440
2010-11-11,501.0,504.8,488.1,490.45,576769
2010-11-12,493.35,495.2,470.7,485.6,2180874
2010-11-15,487.05,497.1,482.45,494.15,626089
2010-11-16,494.0,494.6,484.25,490.1,1207198
2010-11-18,504.0,504.0,477.25,489.15,1694428
2010-11-19,491.9,494.9,486.65,490.4,1004909
2010-11-22,494.0,497.8,485.25,495.15,1100284
2010-11-23,489.0,494.0,485.55,489.35,702564
2010-11-24,491.5,493.8,480.6,485.35,595053
2010-11-25,485.25,494.8,480.25,488.45,1236181
2010-11-26,487.0,491.7,482.4,487.5,911666
2010-11-29,489.9,498.0,485.0,494.65,1331977
2010-11-30,492.9,499.0,485.15,491.5,958588
2010-12-01,490.4,498.0,487.25,495.25,840952
2010-12-02,497.0,501.0,488.0,491.7,1092178
2010-12-03,492.95,494.75,484.0,485.8,1042985
2010-12-06,492.0,496.2,489.65,493.45,1403609
2010-12-07,493.4,504.7,491.25,501.95,1310608
2010-12-08,502.75,509.5,491.3,507.35,2282312
2010-12-09,511.0,514.3,494.05,496.9,2013116
2010-12-10,496.0,502.0,487.0,492.6,1697337
2010-12-13,492.0,503.0,489.1,500.95,645525
2010-12-14,501.0,506.2,497.15,504.6,1178762
2010-12-15,510.5,510.5,496.0,502.5,2005540
2010-12-16,498.4,502.4,495.5,500.0,1240341
2010-12-20,499.9,513.1,499.3,507.75,1501021
2010-12-21,508.9,512.7,501.95,508.0,2516247
2010-12-22,510.0,511.7,506.0,509.25,884570
2010-12-23,512.0,513.0,504.1,508.35,833659
2010-12-24,509.0,515.0,506.0,513.75,424805
2010-12-27,512.9,517.0,507.1,509.65,643102
2010-12-28,510.0,510.65,504.1,506.0,406517
2010-12-29,507.4,509.6,505.45,506.8,337420
2010-12-30,510.75,513.85,502.8,510.7,1049263
2010-12-31,510.5,514.0,507.3,512.65,784556
2011-01-03,512.05,517.65,512.05,515.05,537008
2011-01-04,518.4,524.7,518.0,520.6,963875
2011-01-05,522.0,531.9,518.1,528.8,676338
2011-01-06,530.0,537.75,525.2,527.15,1350093
2011-01-07,526.3,532.7,520.55,524.45,820923
2011-01-10,525.0,528.8,500.0,502.75,1259372
2011-01-11,507.0,511.2,496.4,500.65,915264
2011-01-12,506.9,512.0,497.1,508.9,706947
2011-01-13,511.15,515.35,495.5,498.6,1079101
2011-01-14,499.5,504.7,481.05,486.75,907233
2011-01-17,489.0,489.6,468.75,481.85,1381397
2011-01-18,485.0,491.0,471.0,478.25,1671833
2011-01-19,480.0,482.0,463.25,467.05,3090417
2011-01-20,459.0,463.7,448.45,453.25,3617236
2011-01-21,456.95,458.7,451.0,453.0,1298208
2011-01-24,457.0,462.3,454.0,460.2,1155269
2011-01-25,464.0,480.9,461.4,474.55,1465106
2011-01-27,482.0,484.9,455.0,459.55,1844013
2011-01-28,460.4,461.85,445.0,454.6,1254669
2011-01-31,457.0,478.0,451.35,470.95,1183874
2011-02-01,472.0,474.7,456.0,462.25,889713
2011-02-02,463.5,469.75,458.0,461.15,596121
2011-02-03,462.1,470.4,458.1,463.9,569058
2011-02-04,465.0,466.9,450.25,453.05,1137816
2011-02-07,458.7,458.7,440.1,445.15,1122993
2011-02-08,454.0,454.0,439.0,441.55,1224965
2011-02-09,436.25,450.75,426.55,446.3,1383785
2011-02-10,443.2,456.95,442.6,452.05,1521771
2011-02-11,448.55,452.05,438.1,445.85,2961138
2011-02-14,442.65,458.0,442.65,456.0,602688
2011-02-15,456.0,463.9,451.35,457.55,588699
2011-02-16,459.7,461.7,452.55,458.55,516106
2011-02-17,457.9,457.9,451.6,452.95,927326
2011-02-18,455.8,456.0,440.05,442.85,815021
2011-02-21,445.0,452.4,435.0,448.9,784175
2011-02-22,446.0,449.9,438.0,442.2,772329
2011-02-23,441.0,447.1,438.6,443.45,409349
2011-02-24,438.5,449.0,432.0,437.75,1378909
2011-02-25,438.0,443.2,431.3,437.5,850634
2011-03-01,429.0,447.0,427.5,444.95,736589
2011-03-03,438.55,456.9,438.55,455.25,1308527
2011-03-04,456.0,460.0,448.15,455.3,985470
2011-03-07,449.05,456.0,441.0,443.85,417724
2011-03-08,440.15,446.75,438.0,441.0,624381
2011-03-09,444.5,444.6,434.1,441.15,835283
2011-03-10,441.5,443.55,436.55,441.85,532392
2011-03-11,437.0,444.5,437.0,442.4,403726
2011-03-14,442.9,467.75,442.9,462.65,1208672
2011-03-15,455.0,462.0,446.05,457.75,1014152
2011-03-16,458.1,462.0,454.05,456.75,842688
2011-03-17,451.0,455.45,448.15,452.35,841499
2011-03-18,453.8,455.0,445.3,447.9,1371919
2011-03-21,449.0,453.5,448.0,450.45,474266
2011-03-22,452.0,455.5,449.2,453.6,651250
2011-03-23,455.85,468.0,454.0,466.5,693023
2011-03-24,467.55,470.0,455.8,459.15,1063486
2011-03-25,469.8,469.8,451.35,458.6,1331411
2011-03-28,458.9,459.0,448.0,450.75,1469576
2011-03-29,452.0,456.0,446.1,453.85,2152758
2011-03-30,453.15,463.0,452.0,459.15,1635280
2011-03-31,462.9,470.85,454.1,464.0,2085587
2011-04-01,461.95,471.6,458.3,463.55,1243854
2011-04-04,465.7,466.8,455.05,457.1,1405246
2011-04-05,460.9,462.8,456.2,461.8,858110
2011-04-06,461.8,476.75,461.8,475.0,1515486
2011-04-07,477.0,481.3,470.1,473.15,1196142
2011-04-08,475.0,475.9,465.5,471.15,654907
2011-04-11,471.9,473.4,461.1,464.2,390288
2011-04-13,465.0,477.0,461.5,475.1,1066742
2011-04-15,475.5,475.5,466.35,469.3,687707
2011-04-18,471.0,474.8,462.0,463.85,621234
2011-04-19,463.95,474.25,455.7,472.6,795631
2011-04-20,475.0,480.8,470.45,478.8,526408
2011-04-21,479.7,480.0,470.9,474.1,688385
2011-04-25,471.1,483.4,471.1,479.45,365054
2011-04-26,479.45,485.5,474.1,482.7,1615452
2011-04-27,485.5,485.5,475.0,475.9,452231
2011-04-28,476.0,478.3,473.15,475.25,1075496
2011-04-29,475.0,481.8,473.2,475.45,809554
2011-05-02,476.0,479.95,458.0,460.95,1068368
2011-05-03,463.0,463.0,444.1,445.75,1360616
2011-05-04,448.1,450.0,438.35,446.65,1585257
2011-05-05,448.75,456.0,447.3,450.0,884003
2011-05-06,454.4,455.0,447.2,450.05,939485
2011-05-09,452.0,459.0,451.0,456.6,623981
2011-05-10,455.15,464.4,455.15,462.1,595097
2011-05-11,461.0,462.8,454.55,460.95,659342
2011-05-12,461.5,466.3,458.15,460.15,1083021
2011-05-13,459.0,466.0,455.2,459.15,397586
2011-05-16,459.0,460.0,450.1,452.15,873131
2011-05-17,454.7,454.7,431.3,433.3,1453067
2011-05-18,431.65,432.95,419.3,421.75,1370699
2011-05-19,426.7,436.45,422.6,428.15,767843
2011-05-20,428.0,436.0,420.35,426.2,1319938
2011-05-23,422.0,438.8,412.65,435.25,4009796
2011-05-24,435.0,438.0,428.0,429.95,1090240
2011-05-25,430.0,432.5,425.0,429.75,1294050
2011-05-26,432.0,446.9,425.8,442.1,1742099
2011-05-27,442.3,443.0,433.0,434.7,942736
2011-05-30,436.4,444.5,431.5,443.0,751456
2011-05-31,444.5,449.8,441.25,444.8,792097
2011-06-01,441.3,454.0,441.3,452.65,558643
2011-06-02,448.0,453.5,441.8,447.7,499302
2011-06-03,449.7,451.6,437.0,439.6,662936
2011-06-06,441.5,441.5,431.1,432.15,705184
2011-06-07,435.0,437.5,431.15,435.75,728729
2011-06-08,436.05,444.3,435.0,443.5,495061
2011-06-09,444.0,447.5,439.5,445.05,418023
2011-06-10,442.75,447.0,440.3,445.15,566016
2011-06-13,444.95,452.0,444.0,450.0,757391
2011-06-14,452.0,455.9,447.55,451.35,919915
2011-06-15,448.55,451.0,440.65,442.6,604302
2011-06-16,442.0,442.0,435.1,436.65,492940
2011-06-17,436.5,444.45,434.85,439.7,607375
2011-06-20,438.15,444.85,425.0,430.7,774121
2011-06-21,431.5,440.0,429.0,434.0,605107
2011-06-22,437.4,441.5,435.0,437.7,595842
2011-06-23,436.05,441.1,436.0,437.8,267717
2011-06-24,439.8,450.95,438.35,448.3,1110945
2011-06-27,457.8,464.8,453.3,457.4,1563804
2011-06-28,459.95,459.95,445.0,446.35,861439
2011-06-29,449.0,453.4,437.3,441.65,1161880
2011-06-30,439.65,446.5,439.05,441.2,1293988
2011-07-01,444.0,453.45,443.6,450.75,2084822
2011-07-04,457.0,462.5,450.55,460.5,1151043
2011-07-05,460.8,462.0,454.1,456.5,1298976
2011-07-06,453.35,465.0,453.35,459.55,1413224
2011-07-07,460.0,468.9,458.5,466.85,1060380
2011-07-08,468.0,471.9,462.0,462.85,792686
2011-07-11,460.3,464.9,458.0,463.05,551842
2011-07-12,460.9,467.0,454.05,457.4,585625
2011-07-13,458.05,467.75,458.05,463.75,1145424
2011-07-14,460.0,462.9,455.0,456.7,1356297
2011-07-15,457.9,459.5,445.1,446.15,671408
2011-07-18,447.0,455.9,445.15,455.0,776378
2011-07-19,455.0,464.0,451.35,457.0,604761
2011-07-20,459.9,463.0,453.0,456.0,688358
2011-07-21,455.0,460.4,453.5,457.6,445371
2011-07-22,458.6,467.6,458.6,466.5,1231410
2011-07-25,467.0,477.95,464.55,466.75,1086729
2011-07-26,467.5,470.6,457.5,461.25,476314
2011-07-27,464.0,466.5,452.15,458.45,908910
2011-07-28,453.55,462.45,453.55,459.05,615484
2011-07-29,464.55,469.0,458.35,461.1,1041411
2011-08-01,461.8,468.5,458.8,464.65,375441
2011-08-02,465.7,468.0,458.4,462.15,1167883
2011-08-03,459.85,466.4,457.9,463.05,941145
2011-08-04,464.05,476.0,464.05,467.0,1040945
2011-08-05,452.1,465.75,452.0,455.8,1470195
2011-08-08,453.0,470.4,444.15,449.1,1374640
2011-08-09,442.0,449.65,433.7,437.85,1443203
2011-08-10,449.9,449.9,432.0,437.2,1140754
2011-08-11,436.0,442.5,434.0,440.35,549902
2011-08-12,442.0,450.2,438.55,448.75,833709
2011-08-16,451.9,452.05,432.05,433.85,741239
2011-08-17,434.0,445.8,425.65,438.2,954504
2011-08-18,442.0,443.5,434.0,438.2,547085
2011-08-19,430.0,441.7,426.3,429.7,486461
2011-08-22,430.0,434.85,412.8,415.25,2063556
2011-08-23,415.9,419.0,407.85,412.7,999811
2011-08-24,414.0,418.0,409.5,411.65,758411
2011-08-25,417.0,417.5,409.25,413.0,1179858
2011-08-26,414.0,420.85,408.0,411.25,1456206
2011-08-29,415.0,419.4,412.2,416.95,919825
2011-08-30,415.5,419.45,407.0,410.6,1161124
2011-09-02,423.95,423.95,411.0,414.95,1245392
2011-09-05,413.05,422.0,413.05,417.7,1369520
2011-09-06,418.0,430.0,415.1,427.25,1474324
2011-09-07,428.0,433.8,423.5,426.95,1118634
2011-09-08,428.0,429.7,420.1,423.05,1499594
2011-09-09,423.2,425.0,412.7,414.15,1480221
2011-09-12,412.0,412.0,403.0,409.1,1337166
2011-09-13,411.0,418.5,406.05,408.1,1023112
2011-09-14,412.2,418.65,405.0,415.85,1284125
2011-09-15,422.9,437.0,419.3,434.2,966778
2011-09-16,438.0,443.0,420.0,423.75,1903202
2011-09-19,427.0,435.0,423.7,433.6,872033
2011-09-20,435.7,437.6,429.1,436.4,1164369
2011-09-21,439.4,439.45,429.35,431.15,375631
2011-09-22,428.6,428.9,417.1,423.35,528622
2011-09-23,422.9,427.25,413.2,421.9,727855
2011-09-26,424.35,424.35,407.05,409.8,1128910
2011-09-27,411.35,416.8,408.9,412.9,1012710
2011-09-28,418.5,425.0,410.1,423.6,1480562
2011-09-29,423.0,430.0,416.15,425.85,1515366
2011-09-30,426.5,428.0,409.1,410.55,1670375
2011-10-03,406.1,419.1,403.35,418.2,1062712
2011-10-04,417.05,419.6,407.0,410.15,835345
2011-10-05,410.6,414.7,400.1,405.4,1098912
2011-10-07,413.65,419.0,408.75,411.1,1097774
2011-10-10,411.25,422.65,410.15,421.6,1126412
2011-10-11,425.8,425.8,415.5,417.15,1000580
2011-10-12,418.1,421.9,415.0,419.7,735775
2011-10-13,423.5,423.95,414.85,418.0,586372
2011-10-14,418.8,420.75,412.05,415.35,790292
2011-10-17,415.1,418.0,408.05,409.6,544492
2011-10-18,405.7,415.5,405.7,413.8,814507
2011-10-19,417.0,428.5,412.15,425.95,667193
2011-10-20,419.0,423.5,415.6,421.95,357276
2011-10-21,421.1,423.0,415.1,418.4,485400
2011-10-24,425.5,428.0,420.5,425.7,498456
2011-10-25,435.0,435.0,422.7,426.5,1100798
2011-10-26,426.5,432.0,426.05,428.15,87588
2011-10-28,444.8,449.0,423.1,429.0,1280587
2011-10-31,432.5,432.5,420.75,422.9,639277
2011-11-01,420.0,427.05,420.0,423.1,558960
2011-11-02,423.0,429.9,417.5,419.15,460239
2011-11-03,423.0,429.3,419.7,427.75,452349
2011-11-04,427.4,431.25,421.25,423.85,551430
2011-11-08,426.9,426.9,420.1,421.6,213978
2011-11-09,423.3,423.3,413.1,416.85,894110
2011-11-11,415.0,419.3,412.1,415.1,526076
2011-11-14,418.0,420.4,415.15,418.6,623434
2011-11-15,418.5,420.0,405.0,407.3,505250
2011-11-16,407.25,407.5,381.1,391.5,2281088
2011-11-17,394.8,396.05,383.1,386.55,857308
2011-11-18,387.8,387.8,370.5,381.3,1065295
2011-11-21,380.0,384.8,370.5,372.7,1595573
2011-11-22,374.05,379.0,367.0,374.0,1067675
2011-11-23,373.6,381.95,369.35,372.9,1601561
2011-11-24,373.0,389.95,372.0,386.9,2161402
2011-11-25,388.0,390.8,383.3,384.8,1137967
2011-11-28,391.5,394.35,383.4,388.8,873716
2011-11-29,392.45,393.8,385.0,389.1,531473
2011-11-30,389.0,395.2,384.2,391.65,1248035
2011-12-01,397.25,402.0,392.75,397.15,909398
2011-12-02,399.0,400.05,393.4,398.45,1161375
2011-12-05,397.25,401.65,393.2,399.05,1457630
2011-12-07,400.0,404.6,395.0,402.25,1758762
2011-12-08,401.0,402.0,390.75,395.6,2136387
2011-12-09,390.95,397.6,386.15,392.55,882417
2011-12-12,396.0,398.9,389.0,391.5,1023176
2011-12-13,386.1,392.6,386.1,390.0,2491400
2011-12-14,387.75,390.0,370.3,373.9,2609106
2011-12-15,367.15,374.75,365.2,371.55,2425523
2011-12-16,376.0,387.9,368.0,377.75,958027
2011-12-19,374.0,381.0,366.2,376.2,1358056
2011-12-20,381.0,383.5,375.0,377.95,1237925
2011-12-21,385.0,392.0,377.0,388.3,938716
2011-12-22,388.0,396.8,385.1,393.5,525651
2011-12-23,393.7,395.95,388.15,391.15,284425
2011-12-26,391.8,398.0,387.2,395.6,196596
2011-12-27,397.4,399.0,387.15,395.35,515299
2011-12-28,396.8,398.0,388.9,395.0,937795
2011-12-29,394.6,396.0,377.1,382.1,840047
2011-12-30,382.7,385.5,376.2,383.65,999818
2012-01-02,384.0,391.45,381.0,386.75,544769
2012-01-03,389.0,394.6,386.35,392.7,502987
2012-01-04,391.1,398.8,388.0,394.35,1409508
2012-01-05,394.95,394.95,379.05,381.0,2748912
2012-01-06,379.75,384.9,372.0,380.85,1839765
2012-01-09,387.0,390.0,378.35,380.65,1369257
2012-01-10,381.5,384.4,380.0,380.8,1225561
2012-01-11,382.9,384.0,379.2,380.3,710413
2012-01-12,382.5,388.0,381.8,385.25,1035976
2012-01-13,388.0,388.0,372.0,373.45,2575494
2012-01-16,374.0,374.0,367.0,372.3,960370
2012-01-17,373.0,374.6,368.6,370.45,1746709
2012-01-18,373.7,374.2,360.0,364.9,2283899
2012-01-19,366.5,371.5,365.5,368.9,1424950
2012-01-20,369.1,375.9,365.6,372.35,1019835
2012-01-23,372.9,374.0,364.05,369.45,1993522
2012-01-24,371.5,372.0,366.5,367.65,1258017
2012-01-25,370.8,370.8,364.6,366.15,2297368
2012-01-27,372.0,375.8,366.0,372.5,2816517
2012-01-30,371.5,378.9,366.6,368.8,1176836
2012-01-31,373.4,374.95,368.3,373.3,1403771
2012-02-01,370.05,378.5,369.25,376.7,1183684
2012-02-02,379.4,389.8,376.55,388.5,2096272
2012-02-03,391.0,394.0,389.5,391.45,1447262
2012-02-06,395.2,396.6,385.0,389.55,1690847
2012-02-07,390.9,390.9,377.3,379.1,1183826
2012-02-08,378.2,394.7,378.0,391.75,1272463
2012-02-09,391.0,394.8,385.0,389.15,1313554
2012-02-10,389.5,391.85,381.2,385.85,554709
2012-02-13,386.0,393.3,385.55,388.1,753654
2012-02-14,388.2,392.4,384.4,385.55,571135
2012-02-15,388.8,399.0,386.25,396.95,1836801
2012-02-16,395.95,400.85,384.2,385.0,1145270
2012-02-17,389.0,390.1,375.7,380.7,1793769
2012-02-21,382.0,382.7,376.3,380.95,1219795
2012-02-22,383.0,384.5,372.1,375.15,1291256
2012-02-23,375.5,377.2,370.1,373.6,1995179
2012-02-24,376.7,379.9,373.0,374.9,832787
2012-02-27,377.0,377.7,370.1,371.55,951418
2012-02-28,372.1,378.5,372.1,374.2,649645
2012-02-29,377.5,378.9,370.0,374.9,1317010
2012-03-01,375.0,379.4,368.2,373.75,1073251
2012-03-02,376.85,376.85,370.25,371.25,778567
2012-03-05,372.0,372.25,352.5,353.25,2567409
2012-03-06,355.0,356.9,345.75,351.5,1332700
2012-03-07,352.95,352.95,345.9,347.55,872775
2012-03-09,351.2,353.1,347.25,349.15,1570341
2012-03-12,355.0,355.5,349.55,354.4,689452
2012-03-13,355.25,371.7,355.25,370.2,1561708
2012-03-14,375.0,376.5,368.0,375.1,1368464
2012-03-15,377.0,379.8,372.0,374.8,2164920
2012-03-16,371.55,379.0,363.1,366.6,1029126
2012-03-19,367.0,370.9,361.0,363.6,941885
2012-03-20,362.75,368.1,360.2,364.05,466178
2012-03-21,364.05,373.8,361.0,369.45,1010842
2012-03-22,370.05,372.15,360.1,361.85,1135661
2012-03-23,362.0,374.65,358.0,369.9,913605
2012-03-26,372.7,372.9,360.05,362.6,1014940
2012-03-27,367.7,368.7,361.25,363.5,1186080
2012-03-28,364.6,370.75,363.25,366.2,653930
2012-03-29,364.4,372.9,360.6,367.9,1532129
2012-03-30,370.0,383.4,369.7,376.25,1408138
2012-04-02,378.4,381.15,372.5,377.15,1143672
2012-04-03,379.0,385.5,379.0,383.35,1690863
2012-04-04,378.55,379.5,368.55,371.1,1298399
2012-04-09,371.0,371.0,361.4,363.15,671843
2012-04-10,359.6,360.0,324.15,355.6,5480998
2012-04-11,356.8,361.3,350.1,354.25,1894825
2012-04-12,354.45,360.0,354.45,359.05,445322
2012-04-13,358.0,366.15,354.5,356.25,838718
2012-04-16,357.0,359.1,348.0,355.85,361502
2012-04-17,358.9,369.7,351.0,365.4,819531
2012-04-18,365.05,375.95,364.05,367.4,881156
2012-04-19,369.0,370.0,358.2,360.45,550856
2012-04-20,361.5,364.3,357.0,360.85,1113002
2012-04-23,361.4,363.9,351.0,353.3,558961
2012-04-24,353.9,357.05,345.0,347.15,1078896
2012-04-25,349.0,349.1,335.0,335.75,2243456
2012-04-26,338.9,338.9,321.95,323.65,3039158
2012-04-27,324.5,330.6,324.0,328.35,1088112
2012-04-30,330.4,334.8,329.55,330.45,1131627
2012-05-02,330.3,331.7,325.0,329.35,600082
2012-05-03,326.0,328.65,323.25,324.85,944366
2012-05-04,322.6,325.5,315.2,320.95,1195065
2012-05-07,318.5,323.5,315.0,318.9,1590248
2012-05-08,321.8,332.65,321.8,323.75,2102572
2012-05-09,323.05,327.0,318.0,322.6,1316040
2012-05-10,322.1,325.75,319.2,322.45,930011
2012-05-11,321.2,324.65,315.1,318.7,869313
2012-05-14,320.1,323.8,315.25,318.65,915078
2012-05-15,321.0,321.0,314.0,315.05,641936
2012-05-16,313.0,319.0,308.05,310.2,1120945
2012-05-17,311.0,314.95,304.4,310.9,772555
2012-05-18,307.8,319.8,302.0,317.8,835542
2012-05-21,315.1,322.5,315.0,320.6,571457
2012-05-22,324.7,325.9,311.05,313.9,846115
2012-05-23,317.65,329.0,315.0,324.75,1779558
2012-05-24,334.05,334.95,322.65,324.6,1769820
2012-05-25,324.0,341.0,323.55,337.15,903098
2012-05-28,335.05,337.9,326.55,327.75,666161
2012-05-29,330.0,332.95,327.5,329.9,1434534
2012-05-30,333.9,334.0,321.05,325.2,1704243
2012-05-31,321.5,327.0,319.15,321.2,2090073
2012-06-01,322.0,344.15,314.0,330.25,2935079
2012-06-04,324.7,329.0,316.6,319.6,1487101
2012-06-05,321.0,326.65,320.25,321.95,742020
2012-06-06,322.5,329.0,322.25,326.65,1342031
2012-06-07,328.0,328.0,319.75,320.65,1295126
2012-06-08,320.65,334.0,320.65,331.9,1470664
2012-06-11,334.0,340.0,333.25,336.5,1823809
2012-06-12,333.0,339.75,332.3,337.4,1627042
2012-06-13,339.4,341.65,335.05,337.5,1319878
2012-06-14,338.0,344.0,332.0,333.55,1227116
2012-06-15,334.0,338.8,331.35,333.95,1019093
2012-06-18,335.55,338.0,324.4,327.4,677144
2012-06-19,324.05,338.45,322.1,336.15,1029133
2012-06-20,339.25,343.35,337.05,339.3,1271648
2012-06-21,340.9,341.9,336.4,339.95,891179
2012-06-22,338.0,342.15,335.1,340.6,628246
2012-06-25,342.0,349.9,341.3,343.65,1426208
2012-06-26,345.0,355.7,341.4,351.95,1368325
2012-06-27,355.9,359.7,353.6,354.7,1400205
2012-06-28,354.9,358.0,341.55,345.9,2008336
2012-06-29,349.0,355.0,345.2,352.1,1773217
2012-07-02,352.1,357.6,349.95,355.15,742792
2012-07-03,355.55,365.65,355.55,361.85,1373210
2012-07-04,365.0,366.5,360.0,362.6,934605
2012-07-05,363.05,363.7,355.15,361.05,915234
2012-07-06,358.4,360.95,354.15,356.7,478024
2012-07-09,353.55,361.65,348.7,351.25,611679
2012-07-10,354.0,360.45,351.0,358.15,943747
2012-07-11,353.6,361.95,353.6,356.85,746985
2012-07-12,353.7,362.8,352.9,360.45,1149735
2012-07-13,365.0,367.45,361.6,363.3,660675
2012-07-16,363.0,364.35,352.5,355.45,357748
2012-07-17,349.7,358.9,346.0,355.7,538157
2012-07-18,358.0,358.0,352.05,355.35,328400
2012-07-19,357.9,361.0,353.2,356.7,378833
2012-07-20,357.0,357.0,351.9,354.75,336744
2012-07-23,351.75,352.2,337.7,339.1,886886
2012-07-24,339.7,344.9,337.0,343.3,700704
2012-07-25,344.7,346.0,340.2,344.65,1139551
2012-07-26,348.8,348.8,340.95,344.2,859481
2012-07-27,351.0,353.8,341.2,345.25,347902
2012-07-30,343.0,359.0,339.1,355.75,810127
2012-07-31,356.25,358.9,351.6,353.85,793858
2012-08-01,354.25,359.0,350.5,353.45,527613
2012-08-02,351.2,355.0,350.15,351.85,336880
2012-08-03,351.0,359.5,349.0,357.1,760418
2012-08-06,358.45,367.6,358.45,365.55,1536641
2012-08-07,367.95,380.9,365.35,378.7,1893423
2012-08-08,375.1,380.0,363.05,366.55,2243064
2012-08-09,368.0,372.85,365.65,369.05,608734
2012-08-10,368.0,373.3,365.65,367.4,638827
2012-08-13,365.55,375.0,365.55,368.95,1312288
2012-08-14,369.15,376.5,367.15,375.1,1234077
2012-08-16,371.9,373.8,366.0,367.35,762854
2012-08-17,368.0,370.35,359.0,360.75,701473
2012-08-21,359.05,370.7,358.35,369.65,488112
2012-08-22,368.9,369.9,365.2,367.15,679134
2012-08-23,368.0,369.95,364.2,366.5,232140
2012-08-24,364.0,368.0,363.1,365.9,593671
2012-08-27,366.0,370.9,364.2,365.5,659878
2012-08-28,365.0,369.95,364.3,366.05,912636
2012-08-29,366.55,369.45,362.3,364.85,629099
2012-08-30,362.0,364.45,354.3,356.5,1588007
2012-08-31,355.0,358.8,350.1,355.05,1297029
2012-09-03,355.9,359.0,347.2,349.6,739647
2012-09-04,348.2,359.75,345.65,358.55,666429
2012-09-05,355.35,362.5,352.4,356.05,814917
2012-09-06,352.3,362.65,352.3,361.0,380727
2012-09-07,364.25,367.85,362.2,364.65,979691
2012-09-10,363.75,368.0,359.75,367.4,679489
2012-09-11,364.0,375.85,364.0,373.0,966567
2012-09-12,372.0,375.5,364.6,367.35,823727
2012-09-13,368.0,375.35,368.0,369.55,646683
2012-09-14,385.0,393.0,373.0,374.55,2457998
2012-09-17,378.0,382.85,375.55,377.05,1390555
2012-09-18,376.6,389.0,376.6,388.0,1119399
2012-09-20,378.1,383.7,370.7,374.6,1189248
2012-09-21,373.9,389.0,371.6,385.35,2131856
2012-09-24,385.35,388.0,377.7,384.0,840846
2012-09-25,384.0,387.9,382.5,383.7,726435
2012-09-26,381.5,390.5,380.3,386.7,1235818
2012-09-27,383.15,389.75,380.5,382.85,1105816
2012-09-28,388.4,389.0,380.65,382.75,988785
2012-10-01,382.5,387.3,380.95,382.6,539911
2012-10-03,386.0,386.9,380.7,384.85,948586
2012-10-04,384.0,394.0,383.8,391.4,999808
2012-10-05,392.5,397.2,320.85,393.05,1970981
2012-10-08,395.0,395.0,386.2,391.45,1083053
2012-10-09,391.5,393.8,379.05,381.05,1565587
2012-10-10,381.0,382.3,373.0,375.5,951631
2012-10-11,377.2,380.8,370.8,376.35,1377066
2012-10-12,375.0,381.0,342.2,379.95,1025194
2012-10-15,380.9,380.9,372.6,380.0,484500
2012-10-16,380.5,380.55,376.4,378.4,486276
2012-10-17,380.0,380.0,369.6,371.05,1070867
2012-10-18,372.25,374.95,366.55,368.2,1185959
2012-10-19,365.25,370.0,355.55,360.55,1378929
2012-10-22,358.0,363.7,358.0,358.8,876921
2012-10-23,360.9,360.9,353.3,355.05,553844
2012-10-25,355.25,363.0,354.55,361.2,1043705
2012-10-26,360.0,365.95,358.0,364.25,1282104
2012-10-29,361.2,367.0,358.15,361.45,784137
2012-10-30,360.1,362.95,354.25,355.6,509377
2012-10-31,355.0,357.7,347.1,348.9,811682
2012-11-01,346.25,350.8,344.85,345.5,1599307
2012-11-02,346.1,360.5,346.1,358.8,1051417
2012-11-05,358.5,360.65,354.55,357.0,633106
2012-11-06,356.0,365.2,356.0,363.8,953944
2012-11-07,364.9,367.7,361.3,366.1,504042
2012-11-08,364.0,365.5,355.1,358.6,1070950
2012-11-09,359.8,361.5,353.15,355.0,469048
2012-11-12,356.1,360.85,351.15,352.15,901963
2012-11-13,351.4,353.0,349.15,351.45,69044
2012-11-15,349.5,361.0,349.25,354.05,1700393
2012-11-16,351.8,354.0,345.0,346.3,991094
2012-11-19,344.6,349.65,340.55,342.55,718614
2012-11-20,342.45,348.75,342.15,344.05,717172
2012-11-21,344.1,347.9,342.1,346.5,653170
2012-11-22,347.0,350.8,344.35,347.35,629056
2012-11-23,347.5,348.7,339.0,339.9,788945
2012-11-26,342.7,342.7,335.5,337.0,554098
2012-11-27,337.4,342.5,336.8,339.65,941917
2012-11-29,339.5,346.0,339.5,344.45,1255778
2012-11-30,342.25,355.95,341.25,353.35,1306020
2012-12-03,353.0,356.95,347.45,348.55,990261
2012-12-04,348.1,354.45,348.1,352.3,505097
2012-12-05,353.5,355.0,352.25,353.8,931842
2012-12-06,352.75,354.9,348.55,353.8,362267
2012-12-07,353.15,354.0,351.5,352.85,691395
2012-12-10,353.0,358.25,352.0,354.35,749635
2012-12-11,354.25,356.85,351.1,354.95,485484
2012-12-12,354.35,355.0,345.45,347.8,787485
2012-12-13,347.8,354.4,344.8,347.6,619020
2012-12-14,347.25,350.2,345.3,346.45,528498
2012-12-17,343.25,347.6,342.75,344.15,512636
2012-12-18,345.1,349.8,344.0,346.95,1071649
2012-12-19,348.1,351.8,346.8,349.9,677602
2012-12-20,351.8,352.8,347.75,351.75,423235
2012-12-21,351.65,351.65,344.05,349.2,428546
2012-12-24,352.0,353.75,347.8,352.15,420662
2012-12-26,352.15,356.35,350.0,353.9,964630
2012-12-27,355.3,356.5,345.0,347.55,1587363
2012-12-28,348.1,353.0,347.35,351.3,471465
2012-12-31,351.1,358.35,350.5,356.75,828912
2013-01-01,359.0,360.35,356.4,357.4,361225
2013-01-02,358.7,365.75,358.1,364.75,1667508
2013-01-03,367.6,367.7,360.25,363.35,998463
2013-01-04,362.4,374.45,357.25,371.15,1861656
2013-01-07,375.4,375.4,365.25,366.35,1224647
2013-01-08,366.1,367.35,360.9,364.55,789130
2013-01-09,365.0,372.8,363.65,370.6,1238728
2013-01-10,372.2,377.2,365.8,367.45,1763120
2013-01-11,368.9,371.0,361.55,364.45,1220955
2013-01-14,367.55,373.0,364.2,370.9,325066
2013-01-15,368.6,375.0,366.05,372.25,1175109
2013-01-16,374.75,376.95,370.0,372.9,1410166
2013-01-17,371.05,381.0,365.15,376.4,1827923
2013-01-18,377.25,395.85,377.25,383.65,3720252
2013-01-21,384.55,390.1,384.55,388.0,1691662
2013-01-22,388.0,388.0,368.2,369.95,1111415
2013-01-23,370.8,373.55,364.0,365.95,882237
2013-01-24,367.15,369.55,346.75,349.5,2341795
2013-01-25,351.9,356.55,347.6,353.55,788683
2013-01-28,353.85,365.0,352.5,358.1,1242085
2013-01-29,356.25,359.5,350.0,350.55,595994
2013-01-30,352.1,353.8,338.2,339.15,2553978
2013-01-31,339.0,345.5,335.3,342.25,3236619
2013-02-01,343.3,348.0,341.0,343.2,1853243
2013-02-04,345.0,346.7,338.6,339.8,653955
2013-02-05,339.8,346.45,339.8,344.9,1558848
2013-02-06,347.0,347.0,340.8,343.8,1617805
2013-02-07,342.15,343.75,334.15,335.45,1111467
2013-02-08,335.45,337.7,333.1,335.6,534154
2013-02-11,336.85,339.5,334.4,335.25,1039073
2013-02-12,335.3,336.55,332.0,333.4,690408
2013-02-13,333.5,334.85,325.0,328.05,918158
2013-02-14,326.7,337.0,326.0,334.65,1039729
2013-02-15,337.0,341.5,333.15,338.75,1140377
2013-02-18,336.7,341.9,334.8,340.15,1763575
2013-02-19,341.0,341.0,331.55,334.45,657430
2013-02-20,337.7,339.2,333.0,338.0,990787
2013-02-21,336.75,339.2,335.0,338.15,1109537
2013-02-22,338.45,344.7,338.05,341.0,1217268
2013-02-25,343.0,344.55,338.0,343.2,980129
2013-02-26,343.4,344.0,337.2,339.75,834116
2013-02-27,340.2,341.65,329.8,333.55,1113253
2013-02-28,334.95,337.7,328.3,332.55,2431378
2013-03-01,333.75,334.25,327.75,332.05,1313994
2013-03-04,331.0,333.9,325.0,330.05,989749
2013-03-05,331.95,340.6,328.0,337.0,1051399
2013-03-06,337.25,339.8,330.2,334.0,1004564
2013-03-07,331.3,332.95,329.55,331.5,1183480
2013-03-08,333.5,342.5,332.4,341.6,1318271
2013-03-11,342.5,351.0,341.4,345.9,1412694
2013-03-12,347.2,349.25,344.1,346.35,774934
2013-03-13,344.5,344.95,337.15,339.6,951984
2013-03-14,338.0,341.5,329.2,332.55,1113236
2013-03-15,333.0,335.9,321.9,323.3,1491063
2013-03-18,321.1,322.0,312.95,313.7,1211201
2013-03-19,314.9,324.8,314.2,323.45,2325564
2013-03-20,320.3,324.0,316.45,318.65,856451
2013-03-21,318.5,324.85,317.0,318.85,859986
2013-03-22,318.85,321.45,318.2,319.1,1173641
2013-03-25,321.25,328.0,312.0,313.8,652043
2013-03-26,314.4,315.0,300.25,303.75,1733342
2013-03-28,305.0,322.0,304.7,318.25,2926828
2013-04-01,319.6,324.65,318.15,321.35,770340
2013-04-02,322.7,324.0,318.65,321.75,707500
2013-04-03,321.5,322.95,313.0,314.25,1000910
2013-04-04,311.55,320.5,311.15,312.1,693486
2013-04-05,311.5,321.65,311.5,316.45,707882
2013-04-08,316.0,321.8,315.65,320.4,322201
2013-04-09,321.1,322.8,312.0,313.8,602171
2013-04-10,315.7,316.5,312.2,315.55,567302
2013-04-11,316.55,317.85,310.2,315.3,698161
2013-04-12,315.7,317.95,312.0,316.0,256055
2013-04-15,315.25,322.0,315.25,317.6,416313
2013-04-16,318.25,322.0,317.2,320.95,721463
2013-04-17,322.35,327.7,320.5,322.3,739794
2013-04-18,322.8,336.0,322.8,333.05,484957
2013-04-22,333.25,336.55,331.15,335.45,620390
2013-04-23,338.0,338.0,328.1,330.05,577732
2013-04-25,329.05,349.9,329.05,344.4,1461362
2013-04-26,342.1,353.0,342.0,351.05,1707162
2013-04-29,353.7,355.5,348.5,350.9,739660
2013-04-30,350.05,355.0,347.7,351.15,1523642
2013-05-02,351.15,352.65,343.7,346.8,467664
2013-05-03,346.6,346.7,334.0,335.15,745792
2013-05-06,337.0,341.4,336.05,339.85,548390
2013-05-07,341.2,344.5,339.2,342.7,1044895
2013-05-08,340.65,348.35,340.65,342.5,633183
2013-05-09,342.5,344.9,337.85,339.8,796475
2013-05-10,339.1,344.4,338.55,342.3,701250
2013-05-13,344.15,344.65,329.9,331.95,1315585
2013-05-14,332.55,341.0,331.15,337.55,860914
2013-05-15,338.0,343.0,338.0,339.9,1494806
2013-05-16,336.0,346.45,336.0,338.2,846451
2013-05-17,338.0,340.05,333.05,336.9,1069305
2013-05-20,341.25,342.35,335.5,336.55,335810
2013-05-21,338.75,340.85,333.3,336.45,764553
2013-05-22,338.0,338.5,329.35,329.85,1112059
2013-05-23,326.0,335.4,323.0,324.3,984517
2013-05-24,323.05,326.55,318.7,321.95,657949
2013-05-27,321.0,326.0,318.85,324.5,612507
2013-05-28,328.0,334.9,325.1,326.65,1498852
2013-05-29,330.8,330.8,320.6,321.6,782281
2013-05-30,320.9,322.65,317.65,320.45,1372016
2013-05-31,321.0,326.9,303.3,306.05,4973243
2013-06-03,305.35,313.5,303.9,311.45,886632
2013-06-04,310.75,313.6,309.65,311.15,536615
2013-06-05,311.8,317.85,311.4,314.95,894432
2013-06-06,312.0,313.5,306.05,310.45,874747
2013-06-07,308.55,313.3,306.55,307.05,954256
2013-06-10,307.2,309.75,302.8,303.75,593229
2013-06-11,303.0,308.5,301.05,305.95,861274
2013-06-12,307.0,309.25,304.0,304.95,1513300
2013-06-13,303.8,305.25,292.4,296.55,1110604
2013-06-14,298.0,304.9,298.0,302.65,719567
2013-06-17,303.1,305.0,297.0,299.7,1414796
2013-06-18,298.15,300.0,293.5,294.35,688568
2013-06-19,293.6,298.8,293.55,297.85,1088186
2013-06-20,294.1,294.5,290.0,291.4,1212876
2013-06-21,290.5,295.5,286.15,289.65,1624687
2013-06-24,288.0,289.0,276.15,285.25,970334
2013-06-25,286.2,290.0,282.9,286.1,723047
2013-06-26,287.6,299.25,283.7,296.45,928890
2013-06-27,298.0,305.95,296.35,299.05,1543266
2013-06-28,295.0,317.5,286.25,313.3,2516745
2013-07-01,313.0,329.0,310.55,324.9,1439990
2013-07-02,323.0,334.5,319.1,332.55,2747189
2013-07-03,329.5,336.8,323.0,329.25,2288461
2013-07-04,327.0,335.9,323.05,333.75,1258970
2013-07-05,334.4,334.4,326.0,326.95,1629382
2013-07-08,324.85,326.45,315.5,317.95,1032473
2013-07-09,321.0,321.75,316.0,317.35,609589
2013-07-10,314.25,318.0,313.5,314.65,819097
2013-07-11,318.45,323.7,317.2,320.5,1265895
2013-07-12,321.5,324.5,317.6,322.7,1150309
2013-07-15,321.05,324.75,320.15,323.05,376488
2013-07-16,317.3,327.0,316.7,323.95,1155136
2013-07-17,321.5,331.5,319.3,321.7,1550579
2013-07-18,320.65,326.95,318.55,324.5,2212642
2013-07-19,325.0,334.9,321.6,332.7,820705
2013-07-22,332.0,332.0,326.25,330.05,365090
2013-07-23,331.6,336.5,328.55,332.25,607113
2013-07-24,330.3,336.35,328.1,330.35,1036662
2013-07-25,332.9,335.0,325.05,329.35,2689829
2013-07-26,328.3,333.3,317.0,319.1,920377
2013-07-29,318.0,319.0,312.0,317.85,550229
2013-07-30,318.1,319.0,303.6,306.15,1212757
2013-07-31,301.2,303.65,292.1,301.2,1496219
2013-08-01,303.0,314.95,296.25,305.05,1486803
2013-08-02,306.05,309.85,299.0,304.6,546494
2013-08-05,304.0,307.65,297.8,305.15,669634
2013-08-06,304.0,307.85,299.0,302.9,1418920
2013-08-07,303.0,306.7,298.2,304.7,444635
2013-08-08,304.1,305.5,299.35,303.05,1152734
2013-08-12,307.65,307.65,299.55,300.15,669295
2013-08-13,299.95,312.0,296.4,308.6,747778
2013-08-14,315.0,321.0,307.35,319.2,792264
2013-08-16,318.9,323.65,296.1,298.3,2584308
2013-08-19,303.0,304.95,294.55,299.35,836086
2013-08-20,297.0,300.6,290.1,296.95,1176284
2013-08-21,297.45,303.75,293.65,298.05,1635300
2013-08-22,295.25,308.05,291.75,305.6,1368154
2013-08-23,306.0,307.75,297.6,304.8,1182190
2013-08-26,306.15,307.85,292.5,295.05,1606542
2013-08-27,294.0,299.0,289.5,293.05,1169922
2013-08-28,291.25,293.4,272.2,281.95,2246325
2013-08-29,281.6,292.7,276.9,288.8,1935363
2013-09-03,302.15,306.9,297.6,300.65,1188144
2013-09-04,301.0,307.0,295.0,302.4,748705
2013-09-05,302.3,304.9,293.15,297.05,1475465
2013-09-06,297.5,303.25,291.25,301.1,1679976
2013-09-10,303.0,307.0,298.2,302.25,1386581
2013-09-11,304.0,308.05,299.0,303.35,1470929
2013-09-12,306.4,313.4,304.0,309.1,1059381
2013-09-13,309.0,314.7,307.7,313.8,850505
2013-09-16,318.3,320.0,308.4,311.75,420496
2013-09-17,311.1,319.6,306.55,316.95,764877
2013-09-18,319.0,319.0,312.0,317.2,523149
2013-09-19,321.1,331.9,318.45,328.15,1136215
2013-09-20,330.5,344.0,321.7,340.0,3563528
2013-09-23,336.0,339.0,330.1,335.05,995126
2013-09-24,331.0,342.9,331.0,336.95,1494095
2013-09-25,340.9,341.05,331.7,334.5,1378796
2013-09-26,332.05,338.3,324.8,326.55,1306559
2013-09-27,329.95,330.7,323.3,326.3,626233
2013-09-30,322.0,330.9,319.6,327.8,815014
2013-10-01,327.3,328.5,321.5,324.8,660257
2013-10-03,326.7,334.95,323.4,332.75,763951
2013-10-04,330.1,333.95,327.15,331.6,524118
2013-10-07,330.0,336.95,326.8,335.0,466447
2013-10-08,336.0,338.0,332.0,333.8,810485
2013-10-09,330.8,336.0,329.9,334.5,560600
2013-10-10,334.0,336.0,329.55,331.5,595296
2013-10-11,337.0,338.95,332.0,336.3,939181
2013-10-14,335.25,337.0,329.1,330.1,490436
2013-10-15,331.0,333.85,323.2,325.7,569634
2013-10-17,327.95,329.4,323.25,325.35,443344
2013-10-18,326.0,330.0,324.65,327.2,604766
2013-10-21,330.7,331.2,325.6,327.8,535019
2013-10-22,326.5,334.8,326.5,333.85,1191572
2013-10-23,340.0,350.7,340.0,347.0,2504095
2013-10-24,350.0,353.5,347.1,352.0,1940055
2013-10-25,350.0,350.0,341.4,343.6,803442
2013-10-28,351.05,351.2,342.0,344.85,791770
2013-10-29,345.0,348.0,342.05,344.75,1075675
2013-10-30,347.9,350.6,343.6,345.0,532815
2013-10-31,345.15,358.75,339.1,353.6,1509566
2013-11-01,350.0,352.9,346.85,351.0,595394
2013-11-05,348.6,350.25,343.05,345.8,546628
2013-11-06,346.25,348.15,342.5,345.15,918219
2013-11-07,343.15,346.4,339.4,340.6,1181658
2013-11-08,340.9,342.25,332.6,339.5,592841
2013-11-11,339.0,339.55,333.25,336.35,871566
2013-11-12,335.0,337.45,330.0,331.7,475518
2013-11-13,327.15,331.75,322.0,322.75,779807
2013-11-14,325.1,327.7,319.4,320.15,888664
2013-11-18,323.1,323.25,318.0,321.25,1015190
2013-11-19,323.7,328.55,322.2,327.4,1007012
2013-11-20,327.7,331.25,322.75,325.15,672480
2013-11-21,325.15,328.95,318.7,321.55,805532
2013-11-22,321.1,329.65,320.5,328.05,787218
2013-11-25,330.0,334.2,328.5,332.8,1265890
2013-11-26,336.0,337.5,326.15,328.9,836097
2013-11-27,326.9,332.5,323.0,328.95,896449
2013-11-28,332.0,334.45,328.8,331.65,1355492
2013-11-29,333.2,342.0,331.9,338.45,783551
2013-12-02,338.05,341.45,330.65,333.6,482349
2013-12-03,335.9,344.0,333.85,342.7,1058877
2013-12-04,345.0,345.85,337.6,339.7,866822
2013-12-05,345.0,347.8,341.55,344.75,926136
2013-12-06,345.8,348.7,341.45,346.55,736089
2013-12-09,354.9,354.9,347.85,352.9,958787
2013-12-10,353.4,355.55,345.0,349.95,1941250
2013-12-11,349.0,350.0,342.05,344.35,733528
2013-12-12,342.0,349.3,342.0,345.8,823981
2013-12-13,345.1,347.2,335.5,338.05,676213
2013-12-16,338.0,340.5,333.3,334.35,382619
2013-12-17,334.55,337.9,332.0,334.5,438831
2013-12-18,334.6,346.0,333.4,342.85,617228
2013-12-19,345.0,346.5,335.35,336.55,499767
2013-12-20,337.0,342.6,334.5,339.65,771612
2013-12-23,340.1,344.9,338.1,341.4,915569
2013-12-24,343.8,344.85,337.1,338.25,338869
2013-12-26,338.7,342.5,337.7,340.4,1092711
2013-12-27,340.5,341.5,337.45,340.25,282167
2013-12-30,340.6,345.8,339.1,341.9,577908
2013-12-31,342.35,345.0,340.5,342.3,592007
2014-01-01,344.0,344.9,341.5,343.45,141880
2014-01-02,344.0,348.75,337.0,338.75,467214
2014-01-03,338.0,338.5,333.5,337.4,664719
2014-01-06,338.2,341.5,335.35,336.2,287964
2014-01-07,336.25,340.95,332.3,338.0,750423
2014-01-08,337.6,347.9,336.6,345.95,1092586
2014-01-09,346.6,348.8,340.1,347.5,619050
2014-01-10,347.6,350.55,340.0,345.3,947170
2014-01-13,345.75,349.2,339.5,344.75,545980
2014-01-14,345.2,347.8,342.25,345.1,616787
2014-01-15,346.55,350.25,344.0,348.9,871045
2014-01-16,350.7,353.7,349.0,351.2,660624
2014-01-17,351.0,355.5,348.1,351.6,658846
2014-01-20,352.0,353.95,347.95,349.45,475603
2014-01-21,349.55,351.85,342.85,344.0,230742
2014-01-22,343.1,345.8,341.5,343.2,484092
2014-01-23,343.3,352.0,341.65,350.95,880450
2014-01-24,349.5,354.0,348.95,350.1,643465
2014-01-27,348.0,349.9,342.35,344.8,1008367
2014-01-28,345.25,348.1,340.2,345.1,693339
2014-01-29,345.0,352.6,340.95,346.0,1458731
2014-01-30,344.9,355.35,340.25,350.3,2903175
2014-01-31,352.7,361.0,350.35,358.3,1347494
2014-02-03,359.0,369.9,359.0,365.2,1378134
2014-02-04,364.75,364.75,351.25,354.65,1355311
2014-02-05,356.7,365.0,352.3,360.5,786098
2014-02-06,360.5,364.7,347.75,357.15,1640268
2014-02-07,358.1,361.25,353.0,356.2,431677
2014-02-10,352.6,354.7,349.15,350.3,316956
2014-02-11,351.0,352.3,346.8,348.0,352711
2014-02-12,349.8,360.5,348.75,356.85,1097615
2014-02-13,357.1,358.95,350.85,351.15,350479
2014-02-14,350.1,362.0,346.75,360.75,527363
2014-02-17,361.1,364.35,358.7,363.2,543541
2014-02-18,361.5,363.65,352.75,357.8,666803
2014-02-19,358.3,362.8,356.1,360.2,410248
2014-02-20,357.55,360.55,354.0,354.75,1032828
2014-02-21,355.35,360.95,355.35,357.95,430273
2014-02-24,356.6,367.8,354.2,363.85,655782
2014-02-25,365.0,365.95,353.7,356.7,813248
2014-02-26,358.0,370.0,356.9,368.7,1350546
2014-02-28,368.0,373.0,366.2,370.75,1057872
2014-03-03,369.8,375.9,367.65,369.25,662344
2014-03-04,368.55,382.45,368.1,380.55,1477445
2014-03-05,380.6,383.75,373.4,375.0,445095
2014-03-06,376.05,385.0,376.05,383.75,1428809
2014-03-07,381.55,392.0,376.15,387.75,1089823
2014-03-10,389.0,390.35,380.25,381.1,1129023
2014-03-11,381.4,383.0,368.8,370.5,1088400
2014-03-12,373.55,377.2,367.0,370.75,544663
2014-03-13,372.0,381.4,367.05,369.1,1573608
2014-03-14,367.2,376.3,367.2,372.3,1482643
2014-03-18,373.2,380.95,367.25,369.55,638625
2014-03-19,370.0,377.75,358.05,360.0,2193777
2014-03-20,361.25,362.95,347.0,350.75,2197152
2014-03-21,353.0,358.8,350.0,353.05,1763422
2014-03-24,354.7,372.0,350.85,369.75,1440296
2014-03-25,366.2,379.95,364.2,367.55,1732054
2014-03-26,370.3,377.85,366.55,373.45,1123217
2014-03-27,373.9,384.9,373.6,379.1,2036844
2014-03-28,380.25,388.0,378.15,381.2,1110206
2014-03-31,381.2,385.95,372.2,376.05,1706026
2014-04-01,376.1,377.45,371.0,374.95,716254
2014-04-02,375.1,380.4,373.65,377.6,1591124
2014-04-03,377.0,378.85,365.55,367.8,1413969
2014-04-04,365.5,367.95,356.6,362.2,6976936
2014-04-07,363.9,368.5,361.0,364.7,1608143
2014-04-09,367.9,376.15,364.7,373.45,1666303
2014-04-10,374.6,380.5,370.85,377.3,2907811
2014-04-11,376.0,377.0,369.6,371.5,1425804
2014-04-15,371.9,374.45,365.0,368.05,1509874
2014-04-16,367.0,374.55,366.05,368.0,1718594
2014-04-17,372.0,374.6,368.1,373.85,987891
2014-04-21,375.0,377.9,372.1,373.45,965437
2014-04-22,376.7,385.55,375.35,378.95,1595820
2014-04-23,381.2,388.8,381.05,383.85,2011100
2014-04-25,383.0,385.9,375.15,379.65,1451805
2014-04-28,379.85,379.85,368.55,370.05,1064816
2014-04-29,370.0,373.05,366.0,368.2,924208
2014-04-30,368.0,380.55,367.65,370.1,1938879
2014-05-02,366.65,373.9,364.3,371.2,1045998
2014-05-05,370.1,377.9,369.35,372.0,887965
2014-05-06,373.5,374.7,368.9,369.8,504840
2014-05-07,369.8,373.7,359.7,366.15,2725638
2014-05-08,365.0,367.9,356.6,365.65,1814063
2014-05-09,366.0,372.9,361.7,371.0,1311158
2014-05-12,369.5,385.0,369.5,383.8,1220836
2014-05-13,386.0,406.4,386.0,393.45,2627380
2014-05-14,393.45,397.8,389.05,395.55,1155804
2014-05-15,395.0,407.9,394.95,404.35,2215694
2014-05-16,410.0,431.25,403.0,409.7,2176205
2014-05-19,411.1,435.9,411.1,429.85,2648390
2014-05-20,433.25,435.6,418.1,421.95,1449792
2014-05-21,422.0,426.6,408.2,413.85,1291757
2014-05-22,414.3,428.85,411.0,425.6,1938556
2014-05-23,426.0,431.0,417.0,425.4,2260031
2014-05-26,437.0,437.0,400.3,410.15,2707129
2014-05-27,402.0,402.0,374.05,379.25,4232911
2014-05-28,383.0,383.0,367.0,371.45,3544418
2014-05-29,373.4,376.45,369.2,371.55,2729206
2014-05-30,372.15,380.8,372.0,377.8,2873278
2014-06-02,377.5,392.4,377.1,390.75,2345350
2014-06-03,389.05,391.45,380.4,381.6,2266269
2014-06-04,381.25,389.0,379.25,381.05,1343313
2014-06-05,380.1,393.5,380.1,391.05,3333514
2014-06-06,394.45,423.95,394.05,422.1,5879860
2014-06-09,429.9,433.9,417.4,431.7,3583242
2014-06-10,433.1,433.9,418.05,428.6,1796041
2014-06-11,428.7,441.0,423.0,431.65,2809197
2014-06-12,428.0,437.0,424.35,432.05,1202516
2014-06-13,430.15,433.0,413.85,415.45,2019454
2014-06-16,416.0,435.3,413.5,433.3,1952562
2014-06-17,435.0,446.9,432.45,444.95,2065593
2014-06-18,448.5,459.0,438.55,452.65,2972764
2014-06-19,456.0,456.85,440.45,443.6,1840062
2014-06-20,444.9,447.4,437.15,439.1,749528
2014-06-23,437.25,444.0,432.35,439.15,1215243
2014-06-24,443.7,462.15,443.0,459.5,4127836
2014-06-25,462.5,469.3,460.6,467.5,3676836
2014-06-26,456.0,464.05,453.5,460.0,3348294
2014-06-27,456.05,461.5,451.0,456.9,1892941
2014-06-30,456.1,466.0,454.0,463.05,1943055
2014-07-01,464.0,466.6,458.1,460.8,2048849
2014-07-02,462.0,467.0,455.8,458.85,1000636
2014-07-03,459.0,461.05,453.3,459.1,962837
2014-07-04,457.5,468.0,456.3,465.0,993268
2014-07-07,468.0,468.9,457.65,461.05,1615061
2014-07-08,456.2,466.5,451.1,455.5,1708769
2014-07-09,451.1,465.4,451.1,459.15,1408081
2014-07-10,459.75,474.1,451.0,463.05,1162905
2014-07-11,460.0,462.0,451.6,455.5,1879639
2014-07-14,455.1,459.45,452.25,454.45,827318
2014-07-15,455.35,467.85,455.35,460.2,1004046
2014-07-16,460.35,463.0,445.3,457.2,820148
2014-07-17,457.1,458.9,452.0,453.3,589108
2014-07-18,451.0,453.0,443.05,445.05,431207
2014-07-21,441.1,446.45,435.4,437.8,1058468
2014-07-22,438.4,444.0,433.65,440.7,1786877
2014-07-23,443.25,445.95,435.1,438.45,769204
2014-07-24,437.45,439.55,428.6,430.15,1444080
2014-07-25,431.0,432.6,420.15,427.8,809121
2014-07-28,430.1,432.3,422.7,424.35,927697
2014-07-30,424.1,434.9,423.1,433.0,2742058
2014-07-31,433.0,439.3,432.5,435.95,1248800
2014-08-01,431.6,432.9,421.45,423.65,1243092
2014-08-04,420.25,427.2,420.25,424.25,1369045
2014-08-05,426.8,429.45,420.0,423.95,857712
2014-08-06,421.4,428.25,420.65,421.55,1397470
2014-08-07,421.55,424.0,418.0,419.05,910996
2014-08-08,416.0,416.05,406.0,407.6,1362744
2014-08-11,414.5,414.5,388.0,390.4,3482666
2014-08-12,387.2,415.85,387.2,413.45,4144683
2014-08-13,412.0,417.25,407.0,411.8,1768001
2014-08-14,411.1,427.9,409.2,425.7,1842807
2014-08-18,426.0,434.2,421.2,431.75,1369575
2014-08-19,432.75,434.0,428.25,432.15,749951
2014-08-20,431.75,435.2,422.8,427.4,897248
2014-08-21,427.0,437.5,425.0,431.5,1095816
2014-08-22,431.0,438.45,429.5,433.05,1409644
2014-08-25,432.0,433.25,424.2,427.4,796237
2014-08-26,427.5,436.0,424.0,434.35,1042135
2014-08-27,425.5,438.5,423.3,435.7,1570524
2014-08-28,434.2,446.5,434.2,443.4,1876708
2014-09-01,447.5,461.9,445.45,460.1,1835852
2014-09-02,459.9,469.0,452.6,464.95,1337563
2014-09-03,468.5,470.0,451.25,455.35,1165019
2014-09-04,453.9,454.0,446.2,448.7,707277
2014-09-05,446.75,459.3,446.0,451.9,732157
2014-09-08,456.4,460.0,450.6,454.8,838521
2014-09-09,454.8,459.3,448.25,458.7,698124
2014-09-10,456.0,463.0,453.25,455.95,723237
2014-09-11,455.95,462.5,448.5,459.7,833561
2014-09-12,458.1,466.4,456.5,462.6,919123
2014-09-15,454.3,461.9,450.0,458.35,750677
2014-09-16,458.1,461.2,443.1,448.55,902350
2014-09-17,452.35,454.6,436.8,445.8,1246503
2014-09-18,444.0,454.9,441.6,451.55,643855
2014-09-19,448.0,454.0,443.1,449.3,765301
2014-09-22,449.0,455.65,443.1,454.05,638061
2014-09-23,453.1,455.8,438.35,443.35,633201
2014-09-24,440.6,446.9,438.1,442.65,1186376
2014-09-25,443.0,457.9,443.0,451.85,3220362
2014-09-26,452.0,454.0,434.65,443.45,974439
2014-09-29,442.1,455.0,435.95,452.9,881284
2014-09-30,451.1,458.0,445.0,449.45,1009994
2014-10-01,452.0,453.25,437.5,438.9,934497
2014-10-07,437.0,445.5,431.35,443.45,1869541
2014-10-08,443.0,443.7,437.4,441.1,1434556
2014-10-09,442.9,450.6,441.95,446.8,1427316
2014-10-10,444.4,446.5,436.0,444.0,1399724
2014-10-13,442.2,444.95,437.8,444.0,1073798
2014-10-14,445.3,451.3,441.0,447.45,888840
2014-10-16,446.35,459.5,446.0,449.65,1400224
2014-10-17,451.65,455.8,444.05,447.9,942984
2014-10-20,459.0,464.45,453.75,459.0,1018971
2014-10-21,460.1,484.5,458.8,481.1,2213488
2014-10-22,484.1,488.55,477.6,483.05,2105505
2014-10-23,482.1,484.0,479.85,481.65,52676
2014-10-27,482.5,494.8,480.3,486.55,1387722
2014-10-28,487.0,500.8,486.95,496.35,2140615
2014-10-29,497.9,504.0,489.15,501.85,1318373
2014-10-30,499.0,514.8,496.65,510.65,2352079
2014-10-31,511.4,551.9,510.0,528.8,6977998
2014-11-03,533.4,533.55,496.5,499.35,4925402
2014-11-05,500.85,506.9,490.4,497.8,2509350
2014-11-07,494.0,496.7,483.5,485.05,1298034
2014-11-10,486.2,489.15,473.7,481.1,1841019
2014-11-11,482.9,491.8,482.85,489.9,2217729
2014-11-12,491.6,492.0,484.5,485.6,1986416
2014-11-13,487.0,489.0,474.55,476.6,1203560
2014-11-14,471.8,492.9,471.8,489.7,2953662
2014-11-17,485.3,493.8,482.0,489.2,1507967
2014-11-18,491.1,501.95,485.0,490.3,1151047
2014-11-19,492.0,494.3,475.1,477.25,833547
2014-11-20,477.9,480.9,470.8,474.55,794567
2014-11-21,475.1,483.0,469.15,475.75,1367962
2014-11-24,477.3,480.9,469.0,475.3,1053801
2014-11-25,473.1,482.2,470.0,477.25,1579373
2014-11-26,478.5,493.65,478.5,490.55,1527846
2014-11-27,490.55,496.05,486.7,489.45,1530719
2014-11-28,490.0,499.35,483.45,488.2,1199646
2014-12-01,486.5,489.95,476.8,478.4,988816
2014-12-02,475.3,484.0,461.5,463.75,1786363
2014-12-03,463.75,473.8,461.0,472.25,938106
2014-12-04,472.25,474.7,465.0,470.75,792752
2014-12-05,474.1,479.8,467.0,469.35,1206823
2014-12-08,468.95,472.95,465.35,466.75,673148
2014-12-09,466.0,470.7,459.55,464.55,1039577
2014-12-10,461.1,468.45,453.0,454.75,1527678
2014-12-11,451.2,452.3,441.45,443.8,1899647
2014-12-12,440.25,441.0,415.2,424.3,3417455
2014-12-15,417.5,430.85,410.6,422.25,2296585
2014-12-16,418.45,420.4,411.4,413.5,2174538
2014-12-17,410.05,421.0,405.25,416.65,2158771
2014-12-18,419.6,439.0,419.0,434.0,2828159
2014-12-19,437.0,440.6,431.05,435.1,1113076
2014-12-22,436.25,452.0,436.0,446.9,1852155
2014-12-23,446.9,449.65,442.45,447.35,1421696
2014-12-24,445.35,449.0,431.15,434.5,2199696
2014-12-26,431.5,439.35,430.0,437.65,835350
2014-12-29,438.9,445.85,437.15,441.95,662507
2014-12-30,441.0,446.9,434.5,444.05,931576
2014-12-31,444.05,450.05,442.55,444.8,1200984
2015-01-01,443.0,445.15,441.0,442.6,911997
2015-01-02,443.7,448.2,442.65,444.6,637644
2015-01-05,443.35,450.85,440.4,446.0,785866
2015-01-06,443.9,443.9,428.0,431.9,3118638
2015-01-07,428.0,432.7,417.5,420.9,1817506
2015-01-08,424.2,436.0,421.7,430.75,1348937
2015-01-09,433.4,442.3,424.0,435.3,2741741
2015-01-12,435.0,435.45,426.4,430.25,1084610
2015-01-13,429.25,434.85,425.5,428.15,1295267
2015-01-14,425.9,433.0,416.15,426.5,2427911
2015-01-15,426.5,431.6,420.6,427.8,2159488
2015-01-16,420.9,428.0,419.5,424.95,1292571
2015-01-19,421.2,446.3,421.2,440.55,2027606
2015-01-20,444.0,444.0,429.0,431.35,1953550
2015-01-21,431.4,436.8,429.1,433.8,1219529
2015-01-22,433.25,438.3,429.4,431.05,2837802
2015-01-23,433.9,433.9,420.35,422.95,1855869
2015-01-27,423.4,427.5,416.2,419.15,2357718
2015-01-28,422.0,422.3,412.6,418.8,1328843
2015-01-29,418.0,426.4,415.1,423.1,2541936
2015-01-30,423.85,425.0,420.0,423.0,1110427
2015-02-02,423.2,433.6,423.2,430.0,1500440
2015-02-03,432.0,438.4,430.85,434.1,1773374
2015-02-04,438.3,442.95,426.85,431.7,1611954
2015-02-05,432.8,432.9,421.5,423.9,1135852
2015-02-06,423.15,424.65,408.0,419.5,1697097
2015-02-09,391.0,407.55,391.0,400.1,2033831
2015-02-10,398.1,412.4,396.4,410.0,1468899
2015-02-11,410.0,414.0,406.0,409.75,1155154
2015-02-12,410.25,428.8,407.05,422.65,1275355
2015-02-13,423.0,423.25,400.5,404.2,2608756
2015-02-16,406.0,410.65,402.15,406.0,1045773
2015-02-18,406.7,414.5,405.7,412.0,1012135
2015-02-19,410.6,413.9,405.2,408.7,787232
2015-02-20,409.0,413.5,407.0,409.0,620842
2015-02-23,408.95,410.0,394.2,400.2,1296619
2015-02-24,400.2,405.0,394.2,404.0,1565974
2015-02-25,405.4,407.4,399.5,405.75,903166
2015-02-26,406.1,413.2,400.6,410.95,2881479
2015-02-27,412.0,412.85,404.4,406.7,1567537
2015-03-02,413.0,415.0,403.0,408.9,1574312
2015-03-03,410.0,410.9,404.65,408.95,629925
2015-03-04,411.0,412.85,403.25,405.05,1388275
2015-03-05,405.0,408.1,397.6,402.9,1720912
2015-03-09,401.85,401.85,384.4,385.85,1089763
2015-03-10,385.0,385.5,376.55,383.55,1097864
2015-03-11,383.5,393.5,376.2,389.25,1087647
2015-03-12,389.2,395.8,389.0,393.85,1587027
2015-03-13,396.0,396.0,385.75,387.25,701372
2015-03-16,386.05,386.95,376.5,381.55,1469763
2015-03-17,380.0,382.8,376.35,379.55,1036170
2015-03-18,378.65,384.8,378.65,381.75,2755168
2015-03-19,383.4,395.4,383.4,389.9,1751502
2015-03-20,389.0,389.95,375.1,377.55,1883368
2015-03-23,380.6,386.0,376.15,383.7,996293
2015-03-24,383.05,391.5,382.55,390.0,1533900
2015-03-25,392.4,392.4,379.0,380.2,2197468
2015-03-26,386.0,387.05,380.1,381.2,1748378
2015-03-27,382.95,382.95,372.15,379.25,1795239
2015-03-30,379.0,381.95,373.9,380.05,761521
2015-03-31,381.4,390.0,378.4,387.8,2471058
2015-04-01,388.9,389.05,379.25,384.8,1481647
2015-04-06,386.95,405.0,381.5,399.9,837756
2015-04-07,400.0,407.9,395.5,400.15,1190281
2015-04-08,399.9,414.75,396.1,410.4,811264
2015-04-09,411.75,413.0,395.05,397.2,1136810
2015-04-10,397.55,401.8,394.15,399.15,1342096
2015-04-13,396.35,398.0,384.7,395.25,2330687
2015-04-15,395.0,403.0,390.45,394.85,930940
2015-04-16,393.8,398.35,391.9,396.3,1265229
2015-04-17,396.8,398.75,387.0,388.85,1039320
2015-04-20,389.4,392.8,382.75,385.15,509763
2015-04-21,386.0,388.2,374.9,376.05,1051987
2015-04-22,376.1,378.5,369.8,376.0,1354933
2015-04-23,376.0,379.0,371.6,375.6,754476
2015-04-24,375.0,376.45,366.45,368.15,998575
2015-04-27,369.5,370.4,360.15,361.5,889122
2015-04-28,360.6,364.15,353.35,357.9,902393
2015-04-29,358.0,369.0,356.1,365.85,1008632
2015-04-30,365.45,365.55,358.1,360.3,1836806
2015-05-04,362.0,369.1,359.7,366.8,689613
2015-05-05,367.3,374.45,364.1,373.35,1250496
2015-05-06,373.6,373.6,361.65,365.9,905641
2015-05-07,361.65,369.9,357.35,368.05,850423
2015-05-08,370.0,373.45,364.0,369.1,734795
2015-05-11,371.15,375.0,365.5,373.05,897449
2015-05-12,374.0,377.8,363.1,367.25,975409
2015-05-13,372.9,382.5,370.0,378.4,1491531
2015-05-14,378.4,401.0,372.75,383.35,1020327
2015-05-15,383.3,384.8,377.05,380.15,1265818
2015-05-18,381.75,396.9,380.55,394.65,740120
2015-05-19,394.0,396.0,385.75,391.9,793418
2015-05-20,393.95,397.2,388.8,394.1,698798
2015-05-21,394.35,395.25,386.05,392.45,650612
2015-05-22,396.05,399.75,392.7,397.1,806986
2015-05-25,395.0,398.95,385.2,386.85,452483
2015-05-26,386.9,395.8,386.9,388.3,1163713
2015-05-27,387.0,388.9,370.45,380.95,2560652
2015-05-28,372.0,385.0,370.0,379.95,1872641
2015-05-29,382.7,396.4,376.25,388.85,4274414
2015-06-01,389.95,392.8,382.45,391.3,931472
2015-06-02,388.2,391.2,385.75,389.0,729090
2015-06-03,386.2,398.0,372.5,374.9,997689
2015-06-04,374.0,383.45,369.2,374.15,1064061
2015-06-05,374.15,388.8,372.05,386.15,1197138
2015-06-08,387.0,391.6,383.0,386.35,788649
2015-06-09,388.9,393.75,378.0,390.75,1259950
2015-06-10,391.2,397.0,387.15,395.5,1503799
2015-06-11,398.0,400.0,390.0,394.6,1748423
2015-06-12,394.1,397.75,390.05,396.15,1309592
2015-06-15,395.0,400.0,391.9,397.1,763163
2015-06-16,396.1,405.95,394.6,398.8,929446
2015-06-17,398.55,402.0,395.65,400.0,1115582
2015-06-18,400.5,403.75,397.25,399.45,530041
2015-06-19,398.9,402.8,392.15,396.05,805635
2015-06-22,396.9,403.5,394.25,401.4,701033
2015-06-23,401.4,408.5,396.35,403.8,893378
2015-06-24,402.8,405.5,396.0,399.25,913856
2015-06-25,398.5,417.9,391.25,412.75,2219536
2015-06-26,407.35,409.0,397.7,399.5,878661
2015-06-29,396.0,399.5,392.6,397.15,837035
2015-06-30,398.0,400.0,388.55,392.2,1140010
2015-07-01,392.0,401.2,388.75,390.15,1732821
2015-07-02,390.2,395.0,385.1,386.55,833353
2015-07-03,386.0,389.75,383.15,385.25,534849
2015-07-06,381.75,387.7,381.05,386.3,519181
2015-07-07,387.0,389.7,384.0,384.45,437398
2015-07-08,381.8,382.6,370.6,372.4,769790
2015-07-09,373.4,375.3,365.75,367.15,758667
2015-07-10,367.9,368.05,358.15,360.9,1381355
2015-07-13,362.8,374.3,361.7,372.75,1153140
2015-07-14,375.0,378.5,369.05,373.1,1116828
2015-07-15,373.0,375.95,369.1,373.75,944730
2015-07-16,375.55,375.9,371.5,372.0,806149
2015-07-17,374.7,374.7,370.25,371.8,548974
2015-07-20,371.8,373.0,367.6,370.5,875873
2015-07-21,371.8,372.55,363.6,365.0,817103
2015-07-22,363.9,371.85,360.9,369.25,574525
2015-07-23,375.0,377.0,368.1,370.2,1492021
2015-07-24,361.0,363.6,357.1,361.1,1706758
2015-07-27,360.0,360.3,351.55,354.0,1109857
2015-07-28,353.25,354.7,349.6,351.95,1440535
2015-07-29,350.0,355.7,345.1,346.6,1682548
2015-07-30,347.8,352.1,343.1,347.8,1986589
2015-07-31,351.0,356.65,349.35,354.95,1580549
2015-08-03,355.0,355.5,348.3,354.2,1441943
2015-08-04,353.75,354.1,343.2,344.95,1806173
2015-08-05,344.8,347.8,342.0,344.95,1113019
2015-08-06,344.95,345.95,342.1,342.95,1513711
2015-08-07,343.0,346.65,340.55,341.85,3639640
2015-08-10,344.4,346.3,341.1,344.05,987751
2015-08-11,344.35,346.0,341.7,344.4,799850
2015-08-12,342.0,342.3,337.1,338.3,2419917
2015-08-13,336.5,339.45,329.85,332.05,1481913
2015-08-14,332.65,338.0,327.0,337.15,1029998
2015-08-17,337.15,345.6,331.6,345.05,760501
2015-08-18,346.95,347.05,328.7,329.75,1027992
2015-08-19,330.0,332.05,328.3,329.9,702504
2015-08-20,328.0,328.9,318.4,320.3,1610772
2015-08-21,315.05,319.0,305.5,311.35,917003
2015-08-24,305.0,312.05,265.2,273.35,4141670
2015-08-25,276.05,283.9,260.05,280.5,2940412
2015-08-26,278.9,289.4,275.5,282.7,2872842
2015-08-27,284.0,288.5,278.15,280.95,2262942
2015-08-28,289.2,292.5,282.35,289.05,2493165
2015-08-31,288.0,300.65,287.0,296.1,3226200
2015-09-01,297.0,299.05,287.5,292.4,2199097
2015-09-02,294.5,296.7,286.65,293.4,1104765
2015-09-03,294.1,295.9,287.35,294.55,767329
2015-09-04,294.0,295.85,276.05,280.85,2515821
2015-09-07,281.55,282.0,272.0,276.1,1515232
2015-09-08,274.35,298.0,274.0,295.25,1939037
2015-09-09,295.6,297.75,291.0,293.85,1036992
2015-09-10,287.05,293.4,287.05,292.2,1324895
2015-09-11,293.0,296.7,283.15,285.15,1603966
2015-09-14,285.85,292.95,284.1,291.4,639358
2015-09-15,291.4,292.4,287.75,290.05,1019501
2015-09-16,291.0,294.0,290.7,293.0,1244339
2015-09-18,293.8,295.25,284.55,287.25,1727586
2015-09-21,286.9,292.9,283.3,291.15,406073
2015-09-22,291.15,292.55,287.65,290.05,1074628
2015-09-23,287.8,289.45,285.3,287.3,469413
2015-09-24,287.0,302.9,283.3,294.75,1186741
2015-09-28,294.65,296.5,290.5,292.1,589717
2015-09-29,288.3,293.2,284.5,290.9,750017
2015-09-30,290.9,311.6,285.5,302.3,893504
2015-10-01,305.25,309.0,292.0,293.25,846665
2015-10-05,299.0,300.0,292.2,298.9,508072
2015-10-06,299.2,310.4,299.0,308.65,737440
2015-10-07,308.85,315.6,307.2,313.05,627925
2015-10-08,311.15,313.5,304.05,305.5,517736
2015-10-09,307.1,312.7,307.0,311.6,353107
2015-10-12,310.0,319.85,308.2,318.9,841522
2015-10-13,318.9,321.6,312.0,315.35,803643
2015-10-14,315.9,321.55,313.6,316.85,532075
2015-10-15,318.0,326.8,316.45,324.85,994084
2015-10-16,325.8,326.8,321.2,325.0,418523
2015-10-19,325.9,330.0,322.2,325.75,724759
2015-10-20,326.0,328.75,324.15,325.5,650967
2015-10-21,325.3,327.5,316.05,319.05,651351
2015-10-23,322.0,329.85,321.6,326.25,822508
2015-10-26,326.0,331.65,322.85,329.05,674542
2015-10-27,326.0,331.1,316.1,318.65,1467470
2015-10-28,320.25,323.55,315.25,317.1,1463680
2015-10-29,320.0,326.75,306.0,313.0,2306409
2015-10-30,313.6,317.0,305.5,308.45,986773
2015-11-02,310.0,312.0,300.0,310.55,958383
2015-11-03,311.15,315.35,300.0,307.15,1049033
2015-11-04,298.0,306.6,297.0,300.7,1525382
2015-11-05,300.9,304.5,293.1,294.8,767239
2015-11-06,294.5,295.95,285.35,288.15,875801
2015-11-09,282.9,287.55,281.3,283.55,604144
2015-11-10,282.0,284.1,276.15,281.1,974054
2015-11-11,283.0,290.0,280.5,282.35,108647
2015-11-13,280.0,283.65,279.1,282.0,873852
2015-11-16,281.5,296.0,277.05,294.65,1624930
2015-11-17,295.0,308.0,293.1,306.1,1262794
2015-11-18,305.95,312.5,303.0,308.9,1374080
2015-11-19,308.0,319.6,304.3,317.9,1408682
2015-11-20,323.5,359.9,323.5,349.55,9264613
2015-11-23,349.8,367.7,344.0,361.9,4830315
2015-11-24,362.5,362.5,354.15,355.8,2844593
2015-11-26,356.05,369.95,352.55,367.8,4084717
2015-11-27,367.3,370.8,361.2,368.35,1796367
2015-11-30,365.05,370.0,360.95,365.1,2283859
2015-12-01,364.0,368.25,356.5,358.8,1682108
2015-12-02,360.0,364.9,358.2,360.45,877868
2015-12-03,359.4,363.75,354.75,357.85,1054945
2015-12-04,353.25,362.0,351.35,356.05,1475608
2015-12-07,356.5,362.85,353.2,357.8,921926
2015-12-08,357.0,357.8,338.0,339.6,2231355
2015-12-09,339.6,342.6,333.7,336.8,1619626
2015-12-10,336.85,347.5,335.8,343.65,1722775
2015-12-11,343.65,348.55,335.75,338.7,1272035
2015-12-14,335.75,343.9,334.95,340.35,834102
2015-12-15,339.2,343.75,337.3,340.75,1066852
2015-12-16,340.6,359.5,339.6,343.95,2466913
2015-12-17,346.25,353.6,341.5,343.35,2153252
2015-12-18,343.0,346.3,338.15,339.65,1271977
2015-12-21,339.65,343.5,335.45,336.35,829890
2015-12-22,338.6,342.0,333.6,338.4,1347389
2015-12-23,342.15,360.4,342.1,358.45,3001841
2015-12-24,360.0,364.0,359.1,362.2,1344827
2015-12-28,363.1,372.6,359.7,361.95,2031658
2015-12-29,362.1,370.25,361.95,366.05,1599586
2015-12-30,367.45,371.95,363.35,368.15,1554029
2015-12-31,367.7,377.9,364.65,375.1,3373177
2016-01-01,374.75,377.2,368.2,369.75,770427
2016-01-04,369.75,374.95,358.55,359.8,943072
2016-01-05,361.7,374.5,361.6,372.25,1681893
2016-01-06,371.95,381.0,368.0,372.7,2369326
2016-01-07,366.5,374.95,365.85,370.6,1857625
2016-01-08,376.35,376.35,371.15,373.2,873975
2016-01-11,371.7,374.8,366.2,369.3,1001943
2016-01-12,369.3,374.0,365.0,365.85,1036936
2016-01-13,367.55,374.5,358.6,362.9,1051694
2016-01-14,360.8,365.0,354.3,357.55,915683
2016-01-15,357.1,357.4,333.6,335.85,2126445
2016-01-18,335.0,351.15,329.1,339.45,1754042
2016-01-19,340.3,349.2,337.6,342.95,743673
2016-01-20,340.4,348.5,333.0,338.7,1235897
2016-01-21,343.0,349.8,336.3,340.5,972908
2016-01-22,347.2,373.0,342.5,366.95,2358310
2016-01-25,369.2,371.9,353.75,356.7,2060965
2016-01-27,356.7,362.7,350.45,358.3,1447948
2016-01-28,360.15,366.1,350.25,361.0,3984267
2016-01-29,363.0,372.5,362.05,368.6,1445537
2016-02-01,368.0,373.2,357.65,368.15,1065035
2016-02-02,365.0,368.5,360.0,361.7,1237935
2016-02-03,355.5,363.0,349.1,360.1,1009015
2016-02-04,362.2,368.4,347.0,355.0,1790150
2016-02-05,354.05,355.0,338.5,342.55,1755531
2016-02-08,339.7,355.7,336.2,343.55,1720749
2016-02-09,341.2,353.0,338.8,348.6,2644806
2016-02-10,346.0,349.2,337.65,346.05,1744620
2016-02-11,345.85,350.75,326.8,332.1,1724430
2016-02-12,332.9,334.85,314.85,324.95,2480311
2016-02-17,323.0,326.35,307.85,324.15,1452311
2016-02-18,326.8,330.0,319.15,323.4,1398840
2016-02-19,322.0,326.95,314.05,325.85,520873
2016-02-22,325.0,329.95,318.15,321.4,679302
2016-02-23,321.7,325.0,315.7,317.0,822946
2016-02-24,315.0,320.0,310.5,313.75,1643469
2016-02-25,315.0,315.7,302.5,305.05,2400457
2016-02-26,308.0,310.0,297.9,304.1,1239003
2016-02-29,304.1,311.8,290.3,305.15,2821036
2016-03-01,306.5,323.5,303.7,321.1,2563003
2016-03-02,323.0,329.45,318.0,324.4,1007449
2016-03-03,321.95,348.85,316.0,339.75,2347705
2016-03-04,337.0,344.0,331.8,341.0,806033
2016-03-08,338.0,353.0,338.0,349.6,1040434
2016-03-09,350.5,356.4,347.15,349.55,1090609
2016-03-10,349.9,353.2,340.0,341.65,1012405
2016-03-11,341.65,345.0,336.55,339.45,1504560
2016-03-14,341.3,349.5,340.0,343.15,984115
2016-03-15,341.6,347.3,336.55,340.65,1218846
2016-03-16,338.5,344.9,332.25,339.7,679450
2016-03-17,346.05,360.55,344.25,353.3,2535806
2016-03-18,355.0,366.8,352.5,364.35,3624680
2016-03-21,367.15,368.5,360.1,363.4,1395341
2016-03-22,362.95,367.1,359.7,361.05,875071
2016-03-23,361.65,364.0,354.75,356.1,880325
2016-03-28,356.0,362.0,356.0,357.75,1630001
2016-03-29,357.4,361.9,345.3,347.8,1869557
2016-03-30,352.4,360.4,350.4,359.45,1491419
2016-03-31,359.45,361.7,352.4,356.4,2210797
2016-04-01,354.65,355.7,346.3,347.7,1171791
2016-04-04,350.4,352.0,346.0,348.2,856608
2016-04-05,345.05,348.5,338.1,339.55,1162825
2016-04-06,340.5,345.0,334.9,341.4,1134666
2016-04-07,344.1,344.75,339.3,341.05,1121456
2016-04-08,341.0,349.5,336.75,347.35,752247
2016-04-11,349.95,353.7,343.55,351.95,991483
2016-04-12,351.95,367.5,350.15,366.35,1201004
2016-04-13,371.9,372.55,361.5,369.55,2026356
2016-04-18,365.45,368.3,357.6,359.45,1138864
2016-04-20,359.45,370.5,358.25,367.65,2017390
2016-04-21,369.0,374.4,365.4,369.4,1699513
2016-04-22,368.55,370.95,365.0,366.7,667798
2016-04-25,369.0,369.4,357.7,360.15,694862
2016-04-26,357.2,368.1,353.8,363.0,1478009
2016-04-27,362.15,374.25,356.45,373.2,1929642
2016-04-28,375.5,376.7,361.6,363.2,2245854
2016-04-29,363.2,366.5,355.45,360.35,715106
2016-05-02,360.0,369.7,356.55,367.6,1051980
2016-05-03,368.0,369.9,362.0,364.3,1266214
2016-05-04,363.0,371.6,361.45,365.95,1253684
2016-05-05,365.95,370.0,363.0,365.75,803806
2016-05-06,363.75,386.9,362.25,383.85,3299433
2016-05-09,386.95,389.4,384.6,385.95,1845461
2016-05-10,387.0,394.4,380.4,391.5,1261675
2016-05-11,387.9,390.0,383.25,387.0,1070124
2016-05-12,385.0,394.6,385.0,387.85,842712
2016-05-13,386.0,387.3,375.3,379.6,1011529
2016-05-16,380.1,382.4,371.1,377.35,820853
2016-05-17,380.0,387.0,377.9,383.9,1270894
2016-05-18,382.0,388.0,378.0,382.35,1008515
2016-05-19,381.9,382.3,370.0,372.4,1089173
2016-05-20,374.0,377.1,370.0,371.55,777215
2016-05-23,374.65,380.0,368.0,370.75,804519
2016-05-24,370.75,376.0,365.7,370.9,1392293
2016-05-25,373.0,384.0,373.0,381.55,1722833
2016-05-26,385.4,389.85,378.3,380.2,2974437
2016-05-27,381.7,385.95,377.8,379.3,1299281
2016-05-30,382.45,384.8,377.1,379.85,2122343
2016-05-31,380.05,380.5,367.45,370.45,8064911
2016-06-01,370.45,375.0,368.6,372.5,1082885
2016-06-02,369.5,377.35,366.15,375.7,999792
2016-06-03,374.95,377.7,368.8,370.25,1714813
2016-06-06,368.25,377.7,368.25,374.45,1682809
2016-06-07,375.35,377.55,372.4,374.45,1216901
2016-06-08,374.45,378.8,371.15,374.7,724693
2016-06-09,374.95,379.45,372.95,375.95,1301086
2016-06-10,376.45,380.6,366.8,368.95,1420507
2016-06-13,365.45,376.2,364.05,371.45,1541799
2016-06-14,376.0,378.0,370.85,373.1,1515889
2016-06-15,375.15,379.5,373.65,377.25,1433992
2016-06-16,376.5,383.6,375.05,382.35,2377578
2016-06-17,385.5,388.1,383.5,387.25,2306705
2016-06-20,387.25,391.35,383.35,386.05,1305583
2016-06-21,389.0,392.1,377.1,382.55,1702279
2016-06-22,384.5,384.8,373.45,374.8,1064025
2016-06-23,374.0,376.8,370.7,375.55,1251366
2016-06-24,371.0,378.75,361.6,377.15,1150837
2016-06-27,376.85,382.75,374.1,379.95,999742
2016-06-28,380.35,382.7,375.35,376.9,886969
2016-06-29,376.0,386.95,374.55,385.25,1356945
2016-06-30,389.25,390.05,381.8,385.15,2113601
2016-07-01,388.0,396.85,386.0,395.35,2340265
2016-07-04,398.0,402.7,392.85,396.8,2559593
2016-07-05,397.0,397.9,385.6,386.55,2246949
2016-07-07,387.45,391.0,383.8,384.8,1531381
2016-07-08,383.5,384.9,374.55,375.5,1281400
2016-07-11,379.25,384.7,378.0,378.65,1451315
2016-07-12,378.1,382.4,376.55,378.25,2094445
2016-07-13,385.0,393.0,378.85,391.85,2656971
2016-07-14,395.8,399.0,393.35,396.1,2828088
2016-07-15,395.1,397.5,390.0,393.75,747066
2016-07-18,393.0,399.2,385.5,386.15,781859
2016-07-19,387.05,391.3,380.35,385.75,1219219
2016-07-20,388.0,396.3,387.35,395.4,1008060
2016-07-21,395.8,401.0,388.85,390.8,626240
2016-07-22,391.0,402.8,391.0,394.75,1377865
2016-07-25,396.1,398.5,390.2,391.65,1305472
2016-07-26,395.0,397.5,384.55,385.6,1221758
2016-07-27,386.5,393.2,382.55,384.85,1183767
2016-07-28,386.7,388.2,382.05,383.8,2424322
2016-07-29,383.5,387.25,380.25,381.75,882533
2016-08-01,382.0,386.5,378.3,380.0,1275087
2016-08-02,379.9,381.9,374.1,376.25,1106493
2016-08-03,375.95,378.2,370.5,372.4,860793
2016-08-04,373.2,378.3,372.0,373.9,952908
2016-08-05,376.45,383.7,374.4,382.55,1409871
2016-08-08,382.4,387.3,381.0,381.95,930703
2016-08-09,382.9,383.85,377.6,379.25,952809
2016-08-10,378.0,378.5,372.5,373.95,624165
2016-08-11,373.7,374.55,369.6,370.9,771688
2016-08-12,371.25,377.5,371.15,374.15,807305
2016-08-16,373.75,376.55,368.3,371.5,742125
2016-08-17,370.1,371.6,367.0,368.1,1323852
2016-08-18,368.9,369.5,364.55,365.5,1710646
2016-08-19,365.6,369.0,362.25,363.85,3347487
2016-08-22,364.7,367.6,362.85,364.3,2014993
2016-08-23,365.5,370.5,363.55,366.95,2366359
2016-08-24,367.0,368.25,364.25,365.55,2822786
2016-08-25,367.9,375.0,364.5,373.1,5526208
2016-08-26,374.0,385.0,372.15,378.6,3261133
2016-08-29,380.9,382.5,375.45,378.2,933012
2016-08-30,379.5,389.25,379.2,386.7,2207145
2016-08-31,387.15,389.8,381.8,383.9,1607971
2016-09-01,383.0,395.1,383.0,391.75,2444262
2016-09-02,391.0,396.5,388.5,395.75,1014526
2016-09-06,396.65,405.9,394.25,403.2,2872228
2016-09-07,405.95,407.7,385.35,395.95,3433153
2016-09-08,407.0,407.0,387.0,388.75,4044545
2016-09-09,388.1,399.0,388.0,395.0,3875929
2016-09-12,389.4,389.8,383.4,386.5,1729111
2016-09-14,386.0,390.0,384.55,386.0,1453397
2016-09-15,386.55,393.5,384.6,385.45,1322989
2016-09-16,387.0,395.5,387.0,388.4,2824595
2016-09-19,388.6,394.0,387.1,388.45,1272016
2016-09-20,388.8,391.65,384.3,385.05,1426638
2016-09-21,386.4,391.8,386.1,387.2,2989775
2016-09-22,390.6,394.0,388.35,390.05,1631134
2016-09-23,387.1,393.3,385.0,386.1,3040261
2016-09-26,384.05,387.0,375.05,376.75,1980748
2016-09-27,377.0,378.5,371.85,373.05,1951921
2016-09-28,373.05,378.8,373.05,375.45,1963154
2016-09-29,378.8,384.0,357.75,363.45,4002401
2016-09-30,365.05,376.4,364.1,374.65,1781208
2016-10-03,372.95,387.7,371.55,385.85,2924125
2016-10-04,386.0,412.0,386.0,402.45,7794482
2016-10-05,404.8,407.8,399.1,400.4,2084692
2016-10-06,402.05,419.8,400.0,414.45,4720229
2016-10-07,416.1,419.0,412.4,414.05,2384084
2016-10-10,416.0,424.3,412.75,419.1,2064756
2016-10-13,415.3,425.0,410.05,413.7,2648443
2016-10-14,415.45,432.75,413.3,430.4,4014055
2016-10-17,434.9,437.9,424.7,427.85,2081234
2016-10-18,428.9,434.7,426.6,429.0,1829719
2016-10-19,431.0,445.0,429.75,436.05,3979560
2016-10-20,440.0,443.65,433.6,439.35,2783120
2016-10-21,438.0,448.95,437.3,439.95,2548222
2016-10-24,443.4,451.0,441.75,444.05,2544401
2016-10-25,445.4,445.6,433.2,435.05,1624269
2016-10-26,435.2,437.2,429.8,432.5,1593821
2016-10-27,432.25,436.8,430.4,435.4,1577919
2016-10-28,435.3,435.3,428.9,433.4,1669981
2016-11-01,432.8,442.0,430.5,432.35,1754623
2016-11-02,429.0,431.65,419.3,427.95,2190915
2016-11-03,427.3,434.0,424.3,428.05,3021692
2016-11-04,430.0,432.7,421.5,424.0,1377727
2016-11-07,425.7,430.0,421.75,426.35,1134169
2016-11-08,428.2,441.5,424.2,439.1,2069839
2016-11-09,425.0,448.7,418.0,446.5,2205922
2016-11-10,453.0,456.0,445.6,449.25,1787819
2016-11-11,444.4,448.0,428.15,438.25,2415791
2016-11-15,443.0,446.8,420.6,435.9,2458762
2016-11-16,441.0,445.85,424.5,428.3,2479614
2016-11-17,425.0,437.2,425.0,434.95,1045864
2016-11-18,435.15,441.55,425.05,427.0,1339372
2016-11-21,430.0,433.5,420.0,420.85,1531111
2016-11-22,423.0,428.7,408.0,414.55,1969958
2016-11-23,418.7,420.05,408.5,412.35,1639713
2016-11-24,408.95,412.65,401.0,402.55,1585741
2016-11-25,406.9,419.7,403.65,417.2,2098418
2016-11-28,416.2,423.8,413.5,417.5,2316407
2016-11-29,417.5,429.15,416.85,428.0,3266486
2016-11-30,431.8,432.8,422.5,424.75,2489595
2016-12-01,426.0,445.4,425.95,439.65,3873167
2016-12-02,436.0,443.4,431.25,432.9,1814172
2016-12-05,431.75,434.45,425.85,427.45,1337174
2016-12-06,430.0,436.2,429.1,431.4,1746223
2016-12-07,432.0,435.2,424.1,427.55,1050988
2016-12-08,431.9,436.7,428.55,429.9,1491382
2016-12-09,432.9,434.35,427.0,429.35,856864
2016-12-12,427.75,430.25,423.2,429.1,1158021
2016-12-13,428.45,430.0,421.4,424.9,1487736
2016-12-14,425.0,425.25,418.0,419.1,1121644
2016-12-15,417.15,424.55,414.0,416.95,933776
2016-12-16,418.0,423.5,410.65,415.1,1661016
2016-12-19,414.0,428.3,413.0,425.85,2024907
2016-12-20,424.75,432.5,424.0,429.85,1732205
2016-12-21,430.0,432.75,423.2,430.15,1257221
2016-12-22,427.8,430.45,424.3,425.95,1222877
2016-12-23,425.4,434.0,418.0,431.55,1379100
2016-12-26,430.0,433.75,424.1,428.5,1262405
2016-12-27,429.0,430.85,420.75,424.05,1807494
2016-12-28,424.5,426.8,419.2,424.65,1290256
2016-12-29,424.65,430.9,418.5,425.55,4461384
2016-12-30,425.8,443.0,423.5,439.2,2795932
2017-01-02,440.0,441.7,434.0,435.15,1990102
2017-01-03,435.7,444.7,434.0,441.45,1654622
2017-01-04,441.25,446.8,438.25,440.15,1678894
2017-01-05,445.2,445.6,439.5,442.15,1760175
2017-01-06,444.4,450.75,441.0,442.55,1562639
2017-01-09,443.5,444.7,434.95,435.7,1370493
2017-01-10,436.4,443.8,436.4,440.7,2223264
2017-01-11,442.1,447.3,439.65,444.7,3490013
2017-01-12,445.0,449.0,441.2,442.05,1856147
2017-01-13,442.25,455.0,442.25,452.25,2880200
2017-01-16,453.0,455.95,446.6,447.8,1545660
2017-01-17,447.8,452.55,437.5,445.6,1759308
2017-01-18,447.0,449.8,436.2,439.5,1871178
2017-01-19,441.5,465.0,436.5,461.65,7212650
2017-01-20,465.05,471.15,456.7,460.1,5481941
2017-01-23,460.5,474.95,460.45,470.9,3434412
2017-01-24,474.0,475.45,468.7,474.55,2340642
2017-01-25,475.0,478.0,470.5,475.9,3645278
2017-01-27,480.0,493.8,480.0,482.05,5642111
2017-01-30,483.0,485.0,478.95,483.85,2087051
2017-01-31,481.0,481.5,465.0,468.15,7760191
2017-02-01,469.7,488.0,463.6,484.9,4194412
2017-02-02,481.3,483.75,475.5,476.45,3021580
2017-02-03,477.0,481.5,470.25,478.7,2057748
2017-02-06,479.7,484.5,477.5,482.45,1879113
2017-02-07,485.0,490.65,472.55,476.2,2373673
2017-02-08,477.1,487.5,475.0,485.35,1030432
2017-02-09,486.9,494.35,485.4,490.35,1973213
2017-02-10,493.0,493.0,481.1,483.35,1882148
2017-02-13,489.0,491.7,475.5,481.75,2370243
2017-02-14,482.0,496.8,481.05,495.45,3777837
2017-02-15,498.95,499.75,488.55,493.85,3169033
2017-02-16,495.05,505.0,494.5,502.95,2609464
2017-02-17,504.1,513.0,499.2,510.2,3028622
2017-02-20,511.25,528.0,510.2,524.1,4557166
2017-02-21,525.0,530.8,520.1,524.0,2676537
2017-02-22,523.95,524.0,516.75,518.9,2457499
2017-02-23,521.55,530.55,513.55,517.55,7489017
2017-02-27,520.7,526.2,514.1,515.3,4564595
2017-02-28,517.4,521.65,513.0,516.9,2127130
2017-03-01,518.05,519.9,503.4,506.35,3983205
2017-03-02,510.0,513.1,499.0,501.6,3252052
2017-03-03,502.25,522.0,502.0,520.25,6031027
2017-03-06,524.95,525.4,517.05,522.25,5616167
2017-03-07,520.0,526.95,520.0,524.9,8593531
2017-03-08,524.3,534.15,513.05,518.75,16315865
2017-03-09,376.0,383.0,369.1,379.25,18906962
2017-03-10,379.9,383.4,375.55,378.25,5897121
2017-03-14,385.35,387.85,373.3,375.8,10797125
2017-03-15,376.45,378.1,372.8,375.3,4620710
2017-03-16,377.2,379.45,376.6,378.8,4272601
2017-03-17,378.8,380.0,373.0,375.15,3646251
2017-03-20,373.8,377.0,371.1,374.35,3571777
2017-03-21,375.0,375.15,366.65,370.3,2769918
2017-03-22,368.9,371.8,367.35,369.0,3032252
2017-03-23,370.9,377.9,369.4,376.9,3820476
2017-03-24,376.95,383.0,375.0,381.3,3442470
2017-03-27,382.8,384.0,375.05,375.7,2234120
2017-03-28,377.45,377.45,371.6,374.8,3415354
2017-03-29,375.9,375.95,372.2,373.45,2417312
2017-03-30,373.1,386.95,373.1,379.0,18058943
2017-03-31,378.7,381.65,375.3,376.95,1561982
2017-04-03,377.0,387.4,377.0,384.75,4654050
2017-04-05,386.9,386.9,379.25,382.4,2583642
2017-04-06,381.0,388.55,380.2,386.65,2571833
2017-04-07,386.4,392.0,384.3,386.65,2981555
2017-04-10,387.1,389.0,383.4,384.85,1405087
2017-04-11,386.0,388.0,383.9,384.75,1634520
2017-04-12,385.5,388.0,377.0,378.25,2380918
2017-04-13,377.1,384.45,377.1,379.7,2920352
2017-04-17,380.1,396.4,380.1,394.5,2713172
2017-04-18,398.7,403.5,392.8,394.55,4573197
2017-04-19,397.4,399.9,389.05,393.8,4679705
2017-04-20,395.0,412.0,393.15,401.75,7053007
2017-04-21,404.3,409.0,397.25,399.5,2635181
2017-04-24,401.0,414.2,399.15,412.7,4066437
2017-04-25,415.85,415.9,410.1,411.5,2938580
2017-04-26,413.85,420.15,409.4,413.25,3549669
2017-04-27,415.0,421.9,411.5,418.4,3251964
2017-04-28,418.85,424.5,415.0,423.95,3778812
2017-05-02,424.0,431.3,419.25,429.5,1901920
2017-05-03,430.8,433.7,423.25,425.65,2256201
2017-05-04,426.9,430.8,422.5,428.7,1572421
2017-05-05,428.5,429.0,413.65,418.8,4297808
2017-05-08,420.8,422.4,414.55,418.15,1280024
2017-05-09,418.7,423.0,415.0,421.8,762492
2017-05-10,421.7,422.7,416.2,417.5,1076622
2017-05-11,418.0,419.1,405.0,408.3,3191663
2017-05-12,408.0,412.6,400.0,409.2,2452148
2017-05-15,413.05,415.25,410.0,414.0,1077551
2017-05-16,415.8,416.0,410.25,411.4,2434834
2017-05-17,411.5,412.9,405.6,408.3,2002105
2017-05-18,406.35,409.0,401.5,404.75,2132140
2017-05-19,404.0,406.35,396.0,401.05,2847835
2017-05-22,404.3,404.3,387.05,390.2,2356287
2017-05-23,380.1,386.45,365.5,380.35,9935103
2017-05-24,382.0,392.75,375.15,390.65,4051382
2017-05-25,392.55,403.95,391.9,401.0,7771785
2017-05-26,399.7,403.0,398.0,401.75,2024741
2017-05-29,400.0,405.75,395.15,401.15,2131677
2017-05-30,398.15,408.55,398.0,405.45,2062918
2017-05-31,406.4,417.8,406.4,414.0,7712717
2017-06-01,414.0,415.0,407.45,410.35,1704028
2017-06-02,411.25,413.4,399.5,402.35,2592907
2017-06-05,402.1,404.8,397.05,398.0,1600250
2017-06-06,398.35,404.0,394.25,398.9,1634672
2017-06-07,399.5,408.7,399.5,402.6,2110469
2017-06-08,402.5,404.55,384.55,388.6,3973648
2017-06-09,388.0,388.0,378.45,381.15,3245904
2017-06-12,381.0,387.25,376.65,381.4,2976063
2017-06-13,382.0,387.0,379.4,381.7,1863735
2017-06-14,382.1,384.5,379.0,381.05,2284680
2017-06-15,380.0,381.15,373.0,376.6,4407491
2017-06-16,378.65,381.5,377.25,378.35,3788173
2017-06-19,379.35,381.45,374.3,380.65,1720791
2017-06-20,380.65,383.4,373.7,375.2,2523237
2017-06-21,375.3,375.55,366.7,368.25,1810446
2017-06-22,365.55,367.45,355.2,360.1,5673695
2017-06-23,362.4,363.8,351.0,354.15,3540086
2017-06-27,356.0,362.65,346.65,359.7,2786723
2017-06-28,362.4,367.5,355.1,356.05,3167738
2017-06-29,358.0,364.2,356.45,362.35,4080230
2017-06-30,361.9,363.9,355.3,361.45,1359544
2017-07-03,362.0,367.75,359.1,367.1,1368858
2017-07-04,365.75,368.95,360.15,365.35,1561665
2017-07-05,368.0,368.0,361.5,363.05,1182681
2017-07-06,363.1,364.45,357.4,361.5,1848822
2017-07-07,361.0,361.0,355.5,358.95,2073789
2017-07-10,369.0,393.3,327.6,366.0,264486
2017-07-11,367.45,370.45,361.7,363.25,1067794
2017-07-12,364.1,372.75,363.25,369.85,3562361
2017-07-13,371.9,373.5,367.75,372.05,1925867
2017-07-14,373.6,392.5,371.5,390.35,5865705
2017-07-17,388.0,390.45,381.2,386.15,3296020
2017-07-18,384.0,386.0,375.15,379.05,3218134
2017-07-19,381.5,384.0,378.3,379.35,2184560
2017-07-20,380.0,381.0,376.0,379.15,2516572
2017-07-21,379.15,384.0,374.95,377.0,2433270
2017-07-24,378.4,379.95,373.6,377.0,3337958
2017-07-25,377.9,381.0,372.2,373.35,2936489
2017-07-26,374.1,384.75,372.4,375.65,3301063
2017-07-27,377.45,383.5,376.5,378.7,3683285
2017-07-28,379.7,386.25,378.2,379.95,2493985
2017-07-31,381.45,386.0,375.2,376.75,1916744
2017-08-01,377.5,380.8,372.65,373.85,2225107
2017-08-02,374.7,375.8,368.1,369.9,927308
2017-08-03,370.1,375.4,369.5,370.55,1334233
2017-08-04,372.0,384.0,370.0,377.75,3198095
2017-08-07,380.7,384.9,379.2,381.6,3238309
2017-08-08,381.6,389.5,381.3,386.75,3235669
2017-08-09,389.0,389.35,379.25,382.2,1761931
2017-08-10,380.8,382.25,360.0,365.0,2642144
2017-08-11,355.75,373.45,355.75,368.95,3833882
2017-08-14,373.85,375.9,370.05,372.5,2522939
2017-08-16,376.35,376.35,369.8,371.2,2785422
2017-08-17,373.9,377.9,370.0,376.2,1450232
2017-08-18,373.8,384.7,372.8,381.25,2516673
2017-08-21,381.9,386.4,372.0,374.2,3318044
2017-08-22,378.2,380.0,373.2,377.75,3395213
2017-08-23,380.8,388.15,378.5,385.45,3267018
2017-08-24,386.55,390.5,381.05,383.0,3284133
2017-08-28,384.0,387.7,381.5,382.0,2374961
2017-08-29,381.8,385.3,377.95,379.0,911768
2017-08-30,381.5,384.1,380.2,381.0,1315332
2017-08-31,378.45,383.25,372.2,378.3,4316561
2017-09-01,378.7,389.9,378.5,384.15,3294917
2017-09-04,384.8,386.55,378.6,379.6,1244293
2017-09-05,380.5,384.25,377.7,378.7,1504899
2017-09-06,377.4,387.8,375.3,382.25,3308925
2017-09-07,383.85,386.0,380.5,381.55,1875099
2017-09-08,382.2,386.35,377.7,380.1,1889443
2017-09-11,384.0,400.85,384.0,394.8,9153335
2017-09-12,398.65,411.5,392.8,409.6,8005088
2017-09-13,411.0,415.0,400.0,408.0,4637652
2017-09-14,409.7,414.7,397.0,400.95,3606229
2017-09-15,398.9,405.15,397.05,399.85,3837646
2017-09-18,402.45,407.8,400.0,400.25,1538487
2017-09-19,414.0,422.9,409.25,420.85,8927518
2017-09-20,423.65,426.35,415.5,417.3,6319527
2017-09-21,417.3,418.85,406.2,407.75,4820074
2017-09-22,407.0,407.0,395.75,398.55,2994727
2017-09-25,399.0,403.9,395.5,398.15,3234663
2017-09-26,399.5,404.55,396.4,398.8,3217240
2017-09-27,400.05,407.5,397.2,399.75,2837534
2017-09-28,399.6,401.6,387.1,396.25,5717368
2017-09-29,428.0,429.0,417.15,419.05,15174614
2017-10-03,425.5,438.25,422.0,435.4,9556092
2017-10-04,437.5,439.95,434.0,436.15,4488741
2017-10-05,436.0,439.0,429.6,430.9,3475329
2017-10-06,433.25,457.15,432.85,452.7,7291293
2017-10-09,453.0,454.9,444.4,446.05,3372577
2017-10-10,445.0,448.9,442.8,444.6,2306645
2017-10-11,448.85,457.45,440.0,444.4,4061760
2017-10-12,452.7,453.95,444.05,445.95,4309719
2017-10-13,449.0,449.0,436.0,437.5,3579949
2017-10-16,436.5,444.6,433.55,437.95,3958917
2017-10-17,438.0,444.15,436.3,437.35,3112205
2017-10-18,437.7,442.6,434.05,436.5,2574956
2017-10-19,436.0,436.2,431.25,433.25,170622
2017-10-23,434.5,441.85,433.0,435.15,4336870
2017-10-24,439.1,446.5,435.75,444.25,4235362
2017-10-25,447.9,461.3,446.0,459.35,4313909
2017-10-26,462.0,469.9,460.0,465.3,10369798
2017-10-27,467.0,475.9,463.05,471.1,3753764
2017-10-30,470.1,479.35,467.25,475.7,2975703
2017-10-31,472.4,477.1,463.75,465.2,2770041
2017-11-01,468.9,471.45,464.45,468.05,2721545
2017-11-02,468.5,479.2,468.5,470.95,2882258
2017-11-03,472.0,474.5,462.05,463.85,2115684
2017-11-06,463.0,469.6,459.0,465.95,2086276
2017-11-07,468.0,477.65,459.95,463.5,3819391
2017-11-08,463.5,467.8,455.35,457.25,2638050
2017-11-09,460.5,462.8,448.0,451.1,3192720
2017-11-10,454.75,463.7,450.2,457.1,4034329
2017-11-13,458.1,462.6,447.55,455.45,3382888
2017-11-14,456.6,462.0,448.05,456.05,3477954
2017-11-15,463.0,464.0,441.05,449.2,5942800
2017-11-16,452.75,458.4,446.55,449.45,4822167
2017-11-17,452.8,456.2,442.8,444.75,3221199
2017-11-20,444.0,465.0,443.45,460.35,4194672
2017-11-21,464.4,465.8,458.6,459.95,5819082
2017-11-22,462.0,470.45,456.65,469.05,3163311
2017-11-23,470.0,471.9,458.45,462.9,1756582
2017-11-24,464.0,472.35,463.1,471.05,2931356
2017-11-27,466.5,469.7,462.35,467.45,2316438
2017-11-28,469.0,469.0,459.75,462.5,3523412
2017-11-29,465.0,469.0,460.35,462.15,2049999
2017-11-30,463.5,472.0,460.7,468.4,5701317
2017-12-01,470.1,473.4,449.3,455.8,2366696
2017-12-04,455.8,464.45,449.8,463.15,2414033
2017-12-05,463.2,465.6,457.05,462.15,1878646
2017-12-06,461.0,462.45,454.9,456.05,2193233
2017-12-07,456.05,496.3,456.05,492.55,12180617
2017-12-08,497.0,499.9,480.55,482.5,7936859
2017-12-11,486.85,491.2,477.15,481.2,4154971
2017-12-12,484.8,496.0,482.3,491.9,7131107
2017-12-13,493.85,502.8,486.4,491.8,5528427
2017-12-14,494.0,497.1,481.4,487.1,3141029
2017-12-15,492.8,498.5,484.4,485.65,3381836
2017-12-18,487.9,504.45,475.85,496.0,6412956
2017-12-19,496.5,502.95,489.6,496.55,2844156
2017-12-20,498.1,509.5,497.0,499.4,4278143
2017-12-21,502.0,506.0,498.35,501.5,2318107
2017-12-22,501.7,508.7,500.6,503.1,3108845
2017-12-26,508.1,514.0,505.55,509.65,4242329
2017-12-27,512.7,513.95,506.8,508.1,3850479
2017-12-28,511.9,519.5,504.8,511.2,10099016
2017-12-29,513.95,514.0,496.85,499.65,3904128
2018-01-01,502.8,504.75,496.85,498.65,1639410
2018-01-02,504.0,504.0,493.3,494.35,1424727
2018-01-03,496.8,497.45,488.5,490.1,2205711
2018-01-04,494.0,498.4,489.7,496.7,2194433
2018-01-05,499.0,499.0,492.1,494.4,1170141
2018-01-08,500.0,504.0,496.0,497.4,2279620
2018-01-09,497.45,502.85,497.45,500.95,2521769
2018-01-10,501.95,506.65,494.05,496.1,2860327
2018-01-11,497.7,497.7,493.3,495.5,1226993
2018-01-12,498.5,502.5,492.5,501.15,1836610
2018-01-15,501.35,502.75,487.8,489.25,2140456
2018-01-16,491.3,492.0,473.15,478.4,2123599
2018-01-17,482.0,487.35,467.0,480.55,3741888
2018-01-18,470.1,473.0,466.15,468.5,3484599
2018-01-19,468.5,471.6,459.65,468.75,3365073
2018-01-22,470.05,471.65,451.1,457.4,4637380
2018-01-23,460.8,478.2,447.1,470.8,6286207
2018-01-24,471.1,494.35,471.0,484.95,7562178
2018-01-25,486.1,499.0,479.4,493.75,11190753
2018-01-29,492.45,498.8,471.45,474.35,4257007
2018-01-30,479.0,483.75,474.05,476.1,2885234
2018-01-31,477.95,483.7,471.5,478.6,2470120
2018-02-01,478.0,495.8,478.0,486.25,4610450
2018-02-02,482.0,485.0,461.6,466.45,3418999
2018-02-05,460.0,472.0,453.3,462.35,3277580
2018-02-06,448.0,457.85,439.05,452.6,3048494
2018-02-07,456.6,465.3,451.35,460.3,4091790
2018-02-08,464.8,471.4,460.05,461.85,3560673
2018-02-09,457.2,464.0,453.2,462.45,1881540
2018-02-12,468.0,468.0,459.1,465.0,2042550
2018-02-14,473.8,473.8,463.15,466.9,4658095
2018-02-15,470.5,477.75,465.65,475.9,2110245
2018-02-16,478.3,479.1,466.15,468.3,1364734
2018-02-19,470.0,473.6,461.3,463.8,1586114
2018-02-20,463.8,472.2,460.75,465.15,1333716
2018-02-21,467.0,469.8,463.4,466.1,2322768
2018-02-22,465.5,470.95,456.0,466.15,4506582
2018-02-23,465.4,465.4,452.55,458.4,4127768
2018-02-26,460.0,465.7,459.55,463.2,2110294
2018-02-27,464.4,474.35,455.0,457.05,4588093
2018-02-28,455.8,461.8,452.75,457.5,3198891
2018-03-01,458.0,458.25,451.55,454.25,2148217
2018-03-05,452.0,452.95,441.3,443.6,2919275
2018-03-06,444.45,448.25,437.9,439.95,2476876
2018-03-07,439.95,442.7,433.25,440.75,2256275
2018-03-08,445.0,446.7,433.8,436.45,2519874
2018-03-09,438.0,442.7,435.25,436.9,2011796
2018-03-12,438.7,448.0,438.0,446.45,1934480
2018-03-13,450.0,458.0,440.0,455.95,2779069
2018-03-14,456.0,463.65,455.0,458.0,2442689
2018-03-15,455.25,458.75,448.4,450.35,1924467
2018-03-16,449.1,449.5,438.0,441.0,2916519
2018-03-19,446.9,448.0,437.4,442.05,3006066
2018-03-20,443.5,445.95,436.5,438.5,1975422
2018-03-21,441.0,444.0,433.8,435.05,3550371
2018-03-22,438.15,441.0,435.55,438.4,2574726
2018-03-23,435.0,442.7,429.6,439.6,8750824
2018-03-26,440.0,440.0,412.6,425.15,12402962
2018-03-27,320.0,321.9,309.1,320.95,6812861
2018-03-28,320.95,331.65,316.6,328.55,9038392
2018-04-02,331.0,339.0,320.5,324.8,3555524
2018-04-03,325.7,332.0,322.4,329.75,2496761
2018-04-04,329.0,330.0,323.0,328.25,2967003
2018-04-05,331.0,336.0,330.0,332.4,2734385
2018-04-06,331.6,336.0,330.15,334.25,1681190
2018-04-09,334.1,335.55,329.5,330.8,2032225
2018-04-10,334.2,334.45,330.3,331.95,1976604
2018-04-11,332.15,335.0,322.3,327.0,3422959
2018-04-12,325.5,327.85,325.0,326.05,2207374
2018-04-13,328.4,329.5,324.3,326.85,2223617
2018-04-16,326.0,326.45,321.25,324.7,1564070
2018-04-17,325.0,326.95,321.05,325.65,2010420
2018-04-18,327.4,332.55,326.0,330.65,2141002
2018-04-19,332.2,338.0,328.45,335.35,2661999
2018-04-20,337.75,342.75,325.05,330.55,3959565
2018-04-23,332.7,335.4,327.6,332.55,2550590
2018-04-24,334.0,339.8,330.85,337.75,1714896
2018-04-25,338.4,338.45,326.0,327.55,4974954
2018-04-26,327.55,330.5,321.0,325.35,4159737
2018-04-27,327.0,331.7,324.4,330.8,1890670
2018-04-30,330.8,333.5,324.1,325.1,2628967
2018-05-02,326.1,330.35,321.65,323.7,4352411
2018-05-03,323.55,328.55,320.05,323.15,3534438
2018-05-04,322.95,331.9,320.95,329.75,2700461
2018-05-07,330.2,344.5,326.8,343.8,4970239
2018-05-08,343.4,348.6,338.85,341.85,4033673
2018-05-09,342.95,344.55,338.1,341.9,3378106
2018-05-10,343.45,344.3,335.7,340.0,3461875
2018-05-11,341.2,344.8,337.15,342.6,2618297
2018-05-14,343.0,346.0,341.55,344.2,2140806
2018-05-15,346.0,351.45,336.55,339.45,5217367
2018-05-16,339.9,339.9,327.75,330.65,5189122
2018-05-17,332.0,339.5,327.65,330.35,6210843
2018-05-18,330.1,331.0,320.2,321.5,6657312
2018-05-21,323.3,326.9,319.0,325.65,2465405
2018-05-22,326.4,329.0,324.15,328.0,1681302
2018-05-23,327.5,329.35,319.25,322.95,2604461
2018-05-24,325.15,327.2,298.75,309.5,12318463
2018-05-25,313.0,324.0,310.1,319.15,9567202
2018-05-28,322.5,338.0,322.5,336.4,3939726
2018-05-29,332.2,345.95,332.2,342.95,4547368
2018-05-30,342.7,346.0,338.5,343.05,3598170
2018-05-31,343.1,353.05,343.1,350.9,11187995
2018-06-01,349.2,349.5,339.2,341.35,3248685
2018-06-04,342.6,346.0,332.4,335.05,3194664
2018-06-05,335.05,337.1,328.15,334.7,2687919
2018-06-06,334.1,337.5,330.0,332.95,2345553
2018-06-07,333.5,343.45,332.25,335.25,3952625
2018-06-08,334.0,347.1,331.9,342.4,3066653
2018-06-11,343.3,345.25,338.55,343.55,2337447
2018-06-12,345.8,346.0,340.5,343.3,1954069
2018-06-13,343.5,345.4,339.3,344.85,2329127
2018-06-14,344.45,346.3,337.1,339.0,3653980
2018-06-15,339.0,341.5,333.25,334.9,3496927
2018-06-18,334.8,339.0,333.0,338.1,3566948
2018-06-19,336.85,345.5,335.9,342.75,7287675
2018-06-20,344.0,345.55,335.75,343.0,3914019
2018-06-21,345.4,345.4,336.3,339.3,4186616
2018-06-22,341.15,343.5,339.0,340.0,4435354
2018-06-25,341.7,344.9,338.25,341.2,4223998
2018-06-26,341.2,345.45,339.45,341.75,4689369
2018-06-27,341.4,341.75,323.0,328.8,4443704
2018-06-28,326.4,326.4,315.55,319.55,6516636
2018-06-29,320.65,348.8,320.65,340.25,7593016
2018-07-02,340.35,343.25,332.65,341.1,5990095
2018-07-03,338.0,347.45,336.0,345.3,3736925
2018-07-04,343.0,349.9,341.3,348.35,4317908
2018-07-05,347.95,349.9,343.0,346.05,3499387
2018-07-06,349.5,354.4,342.3,344.2,3512749
2018-07-09,344.1,348.25,342.4,347.4,2594554
2018-07-10,348.0,366.0,343.95,363.95,7236776
2018-07-11,364.0,365.0,355.6,357.3,5726206
2018-07-12,359.0,361.75,353.5,356.6,3123913
2018-07-13,358.4,359.95,354.0,356.85,2687207
2018-07-16,356.8,359.5,350.3,355.8,2685929
2018-07-17,358.0,366.35,357.0,358.7,3473207
2018-07-18,360.55,365.55,355.3,359.05,3569828
2018-07-19,360.4,364.05,355.75,357.8,1688104
2018-07-20,358.8,362.8,357.65,359.8,1950635
2018-07-23,361.4,364.95,356.35,358.8,3004403
2018-07-24,358.9,369.3,355.4,365.8,4490502
2018-07-25,369.0,370.55,362.2,364.65,2923357
2018-07-26,364.65,372.25,362.9,370.0,8371171
2018-07-27,371.15,379.8,368.85,378.5,3656201
2018-07-30,380.0,386.5,376.1,377.75,4508189
2018-07-31,378.5,380.55,373.05,375.15,3009113
2018-08-01,377.0,382.5,371.15,375.35,2558772
2018-08-02,375.65,380.85,368.35,377.65,2662318
2018-08-03,379.1,389.8,378.0,388.2,4937125
2018-08-06,390.0,392.0,375.3,376.35,2874937
2018-08-07,379.35,383.4,373.0,374.7,2899126
2018-08-08,377.9,382.0,374.8,377.0,4394557
2018-08-09,377.5,380.4,374.25,375.55,1330634
2018-08-10,375.5,385.8,353.7,362.95,8626809
2018-08-13,363.95,379.5,363.0,375.45,10514919
2018-08-14,374.65,384.25,372.65,379.8,4765993
2018-08-16,379.7,399.4,379.1,393.8,15145786
2018-08-17,394.0,396.6,384.2,387.7,4503067
2018-08-20,390.1,392.0,375.0,379.05,5035831
2018-08-21,380.5,386.45,375.6,378.1,4119939
2018-08-23,380.8,385.9,378.75,384.2,3188517
2018-08-24,385.0,389.0,376.0,380.65,4306308
2018-08-27,384.15,386.45,379.85,383.35,1598698
2018-08-28,384.8,394.85,362.8,364.25,10515122
2018-08-29,369.4,374.1,365.1,367.45,5288267
2018-08-30,369.3,379.5,364.3,376.2,10677085
2018-08-31,377.9,383.7,370.15,372.2,5678159
2018-09-03,375.8,375.8,367.35,368.3,2263662
2018-09-04,368.3,370.9,357.15,359.45,2701096
2018-09-05,360.0,369.0,354.15,362.0,4165225
2018-09-06,364.7,373.0,361.05,365.6,5917508
2018-09-07,368.95,379.6,366.65,377.2,5186072
2018-09-11,381.95,381.95,368.8,372.15,5017965
2018-09-14,371.0,375.7,368.1,369.95,4991574
2018-09-17,369.8,374.4,366.1,372.55,3621053
2018-09-18,372.7,378.3,372.6,374.8,4274325
2018-09-19,376.25,385.9,373.7,384.55,7525127
2018-09-21,388.35,394.55,380.4,390.15,7864409
2018-09-24,390.0,393.05,378.75,380.9,5192499
2018-09-25,380.5,380.5,363.55,369.9,3355490
2018-09-26,372.0,382.0,370.5,375.1,3446786
2018-09-27,378.55,389.4,375.1,377.7,9256917
2018-09-28,385.6,393.0,373.3,379.0,13186663
2018-10-01,381.8,386.75,377.6,381.0,4688781
2018-10-03,380.95,385.7,379.05,381.75,3903687
2018-10-04,379.8,379.8,355.0,367.95,5560627
2018-10-05,349.0,349.0,295.25,332.05,21045602
2018-10-08,330.05,346.3,330.05,343.9,5993328
2018-10-09,343.0,346.4,331.4,333.5,5250619
2018-10-10,335.45,340.9,330.5,336.35,3969159
2018-10-11,328.0,352.7,327.0,350.25,5845043
2018-10-12,351.9,361.0,351.2,359.3,5062781
2018-10-15,358.9,360.25,341.5,351.05,3690741
2018-10-16,351.05,357.3,346.25,352.3,3423229
2018-10-17,356.9,364.25,343.6,345.35,4643833
2018-10-19,344.0,358.75,342.1,344.3,4684649
2018-10-22,347.65,353.25,340.9,342.3,3537296
2018-10-23,340.9,344.7,334.5,340.0,3566189
2018-10-24,344.1,347.5,333.85,342.0,8532953
2018-10-25,340.95,345.0,336.0,339.75,23067001
2018-10-26,340.0,345.3,339.4,341.35,4476485
2018-10-29,343.7,353.8,339.7,352.1,6454647
2018-10-30,354.0,369.0,353.25,360.25,7176942
2018-10-31,362.85,376.4,358.25,374.25,7219639
2018-11-01,375.35,375.6,364.1,367.85,2852011
2018-11-02,369.2,373.4,363.95,369.75,6035578
2018-11-05,371.9,377.35,364.2,372.0,6864390
2018-11-06,376.5,382.0,370.75,375.15,7403410
2018-11-07,378.0,378.85,373.85,375.15,199976
2018-11-09,378.0,379.2,365.5,367.35,4226474
2018-11-12,369.0,372.5,364.0,364.75,3909494
2018-11-13,364.0,369.7,362.0,365.35,4018012
2018-11-14,366.2,367.3,349.55,352.55,5758948
2018-11-15,350.7,354.4,344.0,347.55,5645791
2018-11-16,349.0,351.7,341.25,342.2,3362427
2018-11-19,342.5,343.6,330.2,334.7,5306515
2018-11-20,338.05,346.0,337.7,344.05,6211451
2018-11-21,343.0,347.25,340.2,345.05,3489643
2018-11-22,345.0,350.0,342.6,344.75,4228879
2018-11-26,347.4,347.8,338.1,339.8,4275682
2018-11-27,340.0,350.05,339.8,347.35,7445471
2018-11-28,349.0,353.45,336.0,339.05,5905887
2018-11-29,340.45,344.2,337.05,339.2,8025122
2018-11-30,342.2,348.25,337.75,343.05,5832509
2018-12-03,341.0,357.4,339.5,355.65,6173643
2018-12-04,350.65,359.8,350.65,354.35,4735506
2018-12-05,354.7,356.4,347.25,349.35,2535122
2018-12-06,346.0,350.25,340.5,349.0,4874145
2018-12-07,346.0,347.0,330.8,334.7,7224133
2018-12-10,332.8,337.85,328.0,332.05,4866821
2018-12-11,330.2,335.45,329.7,332.55,6985033
2018-12-12,335.0,345.5,331.1,344.45,3841601
2018-12-13,345.45,348.3,340.2,346.45,3355227
2018-12-14,346.95,353.2,341.5,351.25,2004546
2018-12-17,351.3,355.4,350.6,353.15,2135558
2018-12-18,353.0,357.2,349.7,354.5,3459455
2018-12-19,356.0,359.4,352.8,358.5,2697995
2018-12-20,354.3,358.0,351.6,353.15,2399452
2018-12-21,353.0,354.2,344.1,345.05,4050832
2018-12-24,345.1,350.05,339.85,347.7,3472576
2018-12-26,346.4,354.4,342.0,353.4,1912786
2018-12-27,355.0,363.5,352.3,356.45,18218808
2018-12-28,356.45,361.35,355.05,356.3,2961919
2018-12-31,357.6,361.8,354.0,360.3,2659906
2019-01-01,359.0,364.0,356.95,362.15,2134503
2019-01-02,360.55,361.9,347.55,350.3,3528488
2019-01-03,350.3,352.45,346.95,349.95,2397912
2019-01-04,350.25,353.9,347.55,353.15,1837879
2019-01-07,353.5,358.05,351.1,357.1,1704243
2019-01-08,355.6,359.15,352.8,354.6,2397084
2019-01-09,356.0,356.25,338.05,341.35,6152832
2019-01-10,343.0,345.1,339.25,343.9,2754189
2019-01-11,343.6,344.8,337.2,338.6,2535455
2019-01-14,338.0,338.3,322.15,324.9,7970272
2019-01-15,323.0,326.95,322.05,324.55,4525559
2019-01-16,326.0,331.45,323.55,325.5,5083489
2019-01-17,328.9,333.4,326.3,332.4,4290595
2019-01-18,332.4,332.85,320.5,322.15,4459122
2019-01-21,323.0,328.9,320.45,327.8,3304639
2019-01-22,328.0,336.0,325.05,332.9,4770776
2019-01-23,334.95,336.5,330.55,334.2,3063229
2019-01-24,333.9,334.8,330.55,333.6,3384646
2019-01-25,334.0,337.5,330.7,334.9,3615927
2019-01-28,334.55,335.25,327.9,333.2,3799381
2019-01-29,331.0,331.1,319.65,323.6,6076778
2019-01-30,325.0,327.6,319.9,321.6,6159363
2019-01-31,323.0,333.9,322.5,332.15,11052707
2019-02-01,333.3,335.35,326.1,333.5,3367974
2019-02-04,331.15,331.8,327.0,329.75,1682947
2019-02-05,330.25,339.0,325.55,332.1,5703845
2019-02-06,336.5,340.85,330.3,339.8,4122658
2019-02-07,340.2,342.7,335.65,339.95,2113465
2019-02-08,337.55,339.5,334.4,336.35,2274544
2019-02-11,334.3,335.4,324.35,328.4,3272495
2019-02-12,322.0,326.55,321.45,325.7,2836974
2019-02-13,325.05,329.5,313.1,315.5,4150836
2019-02-14,316.5,316.8,306.8,307.95,7893518
2019-02-15,309.75,319.15,309.1,317.75,4963248
2019-02-18,318.55,321.0,310.75,317.45,3410237
2019-02-19,317.0,325.75,316.45,320.25,3180737
2019-02-20,324.0,332.6,319.45,329.7,4540823
2019-02-21,332.0,336.6,324.05,331.7,7308931
2019-02-22,335.0,335.0,325.65,327.15,4200942
2019-02-25,326.1,329.5,322.2,327.8,8724063
2019-02-26,324.0,335.4,321.65,333.45,6031684
2019-02-27,336.3,337.7,331.5,335.7,5429182
2019-02-28,339.0,343.95,334.25,342.0,13009264
2019-03-01,343.5,349.3,342.5,343.85,6020443
2019-03-05,343.0,347.4,341.25,346.5,3921657
2019-03-06,348.0,348.9,342.6,345.35,2534626
2019-03-07,344.55,350.35,343.05,344.15,2724235
2019-03-08,345.0,351.0,341.7,349.65,2717482
2019-03-11,350.3,357.9,350.0,351.75,3873852
2019-03-12,354.4,357.5,349.1,353.9,4205695
2019-03-13,354.6,358.2,348.5,351.6,3749726
2019-03-14,352.55,357.0,346.95,353.6,2859986
2019-03-15,355.65,362.0,350.0,359.35,7463044
2019-03-18,362.0,362.9,357.6,359.85,3485045
2019-03-19,362.6,366.5,360.25,362.05,4686738
2019-03-20,362.0,362.7,353.35,354.7,2853402
2019-03-22,356.8,359.35,347.3,348.95,2588946
2019-03-25,348.7,353.0,343.0,351.65,2810575
2019-03-26,352.8,362.0,351.65,359.35,4617787
2019-03-27,359.0,362.0,354.45,355.85,2653874
2019-03-28,354.55,363.0,354.3,358.3,4661285
2019-03-29,359.05,360.7,344.0,347.65,6527844
2019-04-01,352.0,360.6,351.75,354.7,5703986
2019-04-02,356.8,364.85,354.0,362.6,5093612
2019-04-03,362.65,364.4,350.65,352.45,3516055
2019-04-04,354.7,355.0,343.6,346.3,3496000
2019-04-05,348.75,351.55,346.65,348.8,2035250
2019-04-08,350.0,350.65,340.1,341.9,3505949
2019-04-09,343.0,345.0,336.1,343.5,3304237
2019-04-10,343.0,344.35,337.05,337.7,2548368
2019-04-11,338.4,343.55,337.8,342.7,2242542
2019-04-12,343.6,359.45,341.8,356.75,10551289
2019-04-15,356.5,358.3,351.85,354.05,3307071
2019-04-16,356.0,358.2,350.3,351.6,2529347
2019-04-18,354.4,354.4,348.5,351.95,2694358
2019-04-22,351.3,352.4,344.05,344.85,1444877
2019-04-23,337.5,340.9,331.7,339.45,9101602
2019-04-24,341.1,348.0,339.7,346.05,3445166
2019-04-25,346.0,349.0,341.1,343.1,5132603
2019-04-26,342.9,355.3,340.5,353.4,4241310
2019-04-30,351.25,356.85,348.55,355.95,4601141
2019-05-02,353.1,354.85,346.25,347.55,2823109
2019-05-03,346.8,350.9,342.4,345.45,3652087
2019-05-06,341.95,351.15,341.15,346.25,4334526
2019-05-07,348.0,356.95,339.65,340.75,3456457
2019-05-08,341.0,345.15,336.4,337.5,3681837
2019-05-09,337.1,341.45,333.05,340.4,2761414
2019-05-10,341.0,343.8,338.2,341.55,1859456
2019-05-13,341.55,342.8,330.3,332.05,1673740
2019-05-14,332.0,355.3,330.75,345.15,4563982
2019-05-15,343.0,349.4,330.85,331.75,4159499
2019-05-16,333.85,334.4,326.7,329.2,2821978
2019-05-17,331.0,334.1,330.2,333.05,2085018
2019-05-20,340.0,349.3,338.9,345.6,2679431
2019-05-21,350.7,350.8,335.35,338.7,2503954
2019-05-22,338.7,341.75,334.2,336.9,2579784
2019-05-23,342.0,342.65,336.9,337.95,2040594
2019-05-24,338.0,342.6,335.15,341.65,2542001
2019-05-27,343.0,351.0,341.75,348.35,5400992
2019-05-28,353.9,354.7,345.5,348.75,7007552
2019-05-29,350.0,362.1,349.45,353.75,10595605
2019-05-30,355.85,360.5,353.35,359.25,11515220
2019-05-31,360.0,363.1,356.45,361.0,4580735
2019-06-03,362.9,365.4,356.6,357.45,5344436
2019-06-04,356.0,360.35,355.1,358.25,3121245
2019-06-06,335.0,338.65,314.25,316.3,27978741
2019-06-07,317.1,320.9,307.7,313.85,10176297
2019-06-10,319.0,320.0,306.45,307.25,7120560
2019-06-11,309.0,312.0,302.85,306.05,10093966
2019-06-12,307.5,312.5,306.05,310.1,5657418
2019-06-13,310.3,311.8,307.1,308.1,4076787
2019-06-14,308.5,311.55,307.55,308.5,3964245
2019-06-17,309.0,309.8,302.6,305.95,4362926
2019-06-18,306.7,308.85,304.1,308.05,3289801
2019-06-19,310.0,311.0,304.75,307.75,3487765
2019-06-20,307.5,311.9,305.5,311.15,2814290
2019-06-21,313.0,313.9,307.65,311.6,5984422
2019-06-24,311.95,312.5,305.75,306.7,3329240
2019-06-25,305.5,310.55,304.25,309.7,3871816
2019-06-26,311.0,311.4,307.0,309.25,4349440
2019-06-27,310.0,310.8,306.0,306.65,8374313
2019-06-28,307.8,313.25,306.35,311.95,3912327
2019-07-01,309.95,313.5,308.4,312.7,4567296
2019-07-02,312.95,314.75,310.0,311.35,3638172
2019-07-03,311.6,312.35,304.6,305.25,7942285
2019-07-04,306.4,309.3,304.25,307.8,3983356
2019-07-05,309.35,309.4,305.1,306.4,4605518
2019-07-08,305.45,305.5,297.4,302.1,8016114
2019-07-09,151.0,152.2,145.75,147.1,7104004
2019-07-10,148.3,149.2,144.3,144.95,6748678
2019-07-11,145.5,148.4,145.5,147.45,4940343
2019-07-12,148.35,150.8,145.75,146.65,3567245
2019-07-15,147.0,147.8,144.65,145.5,3614325
2019-07-16,145.5,148.0,144.8,147.35,6833547
2019-07-17,146.05,146.4,142.45,143.4,11333981
2019-07-18,144.0,144.2,141.0,141.95,6315213
2019-07-19,142.95,142.95,137.1,137.6,9436240
2019-07-22,136.7,138.75,134.85,138.0,6846990
2019-07-23,137.95,140.8,137.75,138.6,5216558
2019-07-24,139.1,139.1,135.2,136.65,5568155
2019-07-25,136.65,137.5,134.15,134.75,8082602
2019-07-26,134.2,135.7,132.4,132.95,5883152
2019-07-29,133.2,134.55,130.75,131.4,5056233
2019-07-30,131.6,132.65,128.5,129.15,5440008
2019-07-31,129.15,130.35,128.3,128.85,6548162
2019-08-01,128.85,131.1,125.7,128.6,10639265
2019-08-02,128.0,129.2,123.8,127.65,7613334
2019-08-05,126.1,126.25,122.5,122.95,5520479
2019-08-06,122.0,126.55,121.65,123.35,7408846
2019-08-07,124.4,124.4,120.6,121.7,6265312
2019-08-08,121.5,122.55,119.6,121.95,5704123
2019-08-09,122.2,125.4,120.6,123.85,13886234
2019-08-13,124.85,129.15,124.0,126.0,22790395
2019-08-14,126.7,130.3,126.25,126.75,8914174
2019-08-16,128.7,131.45,124.25,129.65,15324865
2019-08-19,130.45,130.9,126.6,127.3,5062785
2019-08-20,127.5,128.6,125.9,127.35,7845685
2019-08-21,127.9,128.45,122.05,122.5,6625996
2019-08-22,122.0,124.7,119.75,120.65,13016276
2019-08-23,120.7,126.15,119.5,124.4,10133080
2019-08-26,126.8,126.95,123.2,126.4,7917113
2019-08-27,128.0,131.45,126.55,130.2,15044716
2019-08-28,130.8,133.6,127.5,128.05,11370702
2019-08-29,127.15,129.4,126.5,128.5,6168273
2019-08-30,129.65,133.1,125.2,129.8,12497894
2019-09-03,128.55,130.45,126.05,126.8,6691666
2019-09-04,127.0,129.65,125.05,127.3,8230717
2019-09-05,126.1,132.25,126.0,130.95,9761289
2019-09-06,131.7,132.05,129.25,131.35,6405463
2019-09-09,131.65,132.7,130.2,132.15,4417454
2019-09-11,130.3,132.0,128.15,128.45,12366789
2019-09-12,129.35,129.7,125.4,125.75,6009170
2019-09-13,125.75,129.95,123.65,129.25,8372793
2019-09-16,130.4,132.65,128.6,129.7,18321836
2019-09-17,129.45,133.3,129.0,131.9,12851000
2019-09-18,133.1,135.75,131.65,134.95,11512617
2019-09-19,135.7,135.7,130.8,133.05,12843947
2019-09-20,132.5,136.95,130.8,134.7,20944993
2019-09-23,139.0,148.75,137.45,141.3,19474860
2019-09-24,141.3,142.6,136.3,139.25,8362288
2019-09-25,138.55,138.55,134.2,136.45,6757199
2019-09-26,137.1,138.2,135.6,137.1,10528746
2019-09-27,136.5,136.95,132.5,134.15,7540645
2019-09-30,134.8,135.25,132.4,134.5,6929153
2019-10-01,134.1,136.5,130.65,132.9,7793321
2019-10-03,133.0,133.7,130.85,131.7,8352681
2019-10-04,132.0,133.8,129.8,132.15,11743792
2019-10-07,132.0,132.7,129.0,130.2,6694946
2019-10-09,130.0,132.65,128.4,132.1,7500511
2019-10-10,131.4,132.1,126.4,127.35,12077572
2019-10-11,127.25,128.65,124.55,124.95,8061315
2019-10-14,125.5,127.75,123.55,125.85,12739190
2019-10-15,126.0,129.15,125.55,128.1,10131996
2019-10-16,128.0,128.0,126.0,126.8,8264171
2019-10-17,126.7,129.05,125.85,128.75,8167657
2019-10-18,128.5,130.4,127.8,129.55,8902057
2019-10-22,129.55,130.95,128.8,129.5,7644747
2019-10-23,129.9,129.9,128.1,128.65,3492488
2019-10-24,129.1,129.1,123.35,123.85,14228647
2019-10-25,123.8,124.8,122.35,123.05,8026780
2019-10-29,123.65,127.55,123.0,125.85,12817648
2019-10-30,127.65,134.0,125.6,133.6,15923937
2019-10-31,134.4,139.6,132.7,137.35,19882917
2019-11-01,138.0,138.7,134.7,135.15,6401816
2019-11-04,136.45,139.75,136.3,137.05,7028979
2019-11-05,136.85,138.5,135.15,137.4,7519917
2019-11-06,137.3,139.2,136.05,136.7,6194082
2019-11-07,137.25,137.35,131.3,132.1,11264143
2019-11-08,131.8,131.95,125.9,127.05,21300806
2019-11-11,126.9,130.8,125.0,130.35,12800817
2019-11-13,129.9,129.9,123.25,123.85,19372452
2019-11-14,124.5,125.0,119.6,121.8,22833339
2019-11-15,122.95,124.5,122.0,124.3,9604176
2019-11-18,123.7,125.25,121.75,124.8,9735179
2019-11-19,124.7,125.8,123.15,125.1,7848669
2019-11-20,125.2,125.35,123.8,124.5,9542169
2019-11-21,124.5,124.5,121.4,121.95,9596989
2019-11-22,122.0,122.65,121.05,122.35,6850221
2019-11-25,123.0,123.0,121.5,122.1,6419808
2019-11-26,122.1,126.1,122.1,125.0,25282027
2019-11-27,125.6,126.5,123.45,124.45,9810571
2019-11-28,125.2,126.35,124.15,125.8,8177000
2019-11-29,125.05,128.45,125.05,126.05,9439278
2019-12-02,127.85,127.85,125.4,126.6,5961306
2019-12-03,126.1,126.55,123.0,123.55,8613500
2019-12-04,123.0,124.0,122.0,123.25,6473150
2019-12-05,123.5,123.75,120.75,121.2,12312213
2019-12-06,121.3,121.7,115.85,117.15,12255623
2019-12-09,117.8,117.8,115.2,116.2,9321139
2019-12-10,115.9,116.0,110.45,111.05,17923796
2019-12-11,111.1,117.65,110.55,117.3,28000003
2019-12-12,117.4,120.15,116.9,118.95,10163858
2019-12-13,119.0,120.9,118.4,119.8,5753924
2019-12-16,119.8,122.4,119.1,121.2,12001210
2019-12-17,120.6,120.65,118.3,119.8,8558386
2019-12-18,120.2,120.3,116.6,117.35,9445724
2019-12-19,117.3,117.95,115.55,117.7,8018905
2019-12-20,117.5,120.0,116.5,119.55,10814623
2019-12-23,118.7,121.7,118.1,120.6,14636910
2019-12-24,120.3,121.2,119.35,119.75,4667059
2019-12-26,119.7,120.35,117.6,118.1,8213542
2019-12-27,118.3,119.2,118.0,118.55,5215886
2019-12-30,118.55,120.45,118.35,118.9,5708405
2019-12-31,118.9,122.3,118.8,121.05,13508891
2020-01-01,121.4,121.8,119.75,121.2,4704499
2020-01-02,121.5,123.95,120.65,123.55,6747917
2020-01-03,123.7,128.8,123.7,125.65,21625485
2020-01-06,125.0,126.25,122.85,124.35,7719845
2020-01-07,124.9,126.05,123.85,124.45,9298669
2020-01-08,123.1,124.5,122.75,123.9,3457429
2020-01-09,124.4,125.4,123.2,123.7,4143512
2020-01-10,125.1,127.75,124.25,125.35,11336495
2020-01-13,125.9,129.4,124.9,128.9,10746361
2020-01-14,129.5,132.8,128.45,130.05,19261286
2020-01-15,130.35,132.05,128.75,131.65,13068269
2020-01-16,132.95,133.35,128.35,128.75,14849195
2020-01-17,126.9,127.4,122.75,126.35,16704967
2020-01-20,126.0,129.05,124.55,127.8,13405397
2020-01-21,128.35,129.55,126.3,126.75,10092350
2020-01-22,127.2,127.9,125.5,125.9,5781553
2020-01-23,125.7,130.7,125.2,129.65,13600475
2020-01-24,129.85,131.7,129.15,129.5,10451848
2020-01-27,129.0,129.5,126.1,126.75,5511979
2020-01-28,127.0,127.45,125.2,126.15,6610020
2020-01-29,127.7,128.85,125.6,126.25,11151054
2020-01-30,126.25,126.75,123.0,123.35,7496704
2020-01-31,124.05,124.4,119.4,120.45,15391445
2020-02-03,115.1,119.5,114.0,114.5,10387760
2020-02-04,115.2,119.25,115.2,118.9,11712985
2020-02-05,119.3,121.5,118.0,120.95,11811317
2020-02-06,121.45,124.4,121.4,123.7,8213253
2020-02-07,124.0,124.6,122.15,123.0,9212683
2020-02-10,124.1,124.35,119.25,121.8,19527401
2020-02-11,123.45,129.85,123.2,129.15,31055734
2020-02-12,129.7,131.0,127.5,130.35,14667961
2020-02-13,130.0,132.5,129.4,130.3,24687804
2020-02-14,130.0,131.5,121.95,122.55,28720617
2020-02-17,122.0,122.0,117.15,118.0,19407061
2020-02-18,118.0,119.75,116.75,119.45,14994097
2020-02-19,120.0,120.9,118.75,119.85,6127331
2020-02-20,118.9,121.0,118.5,119.3,7262737
2020-02-24,118.5,119.3,116.3,116.8,6213574
2020-02-25,118.4,118.6,113.45,114.0,11422206
2020-02-26,114.0,114.1,107.6,108.05,18072839
2020-02-27,108.0,108.45,105.15,107.35,15078256
2020-02-28,102.0,108.5,102.0,104.4,26486046
2020-03-02,106.0,107.35,98.7,99.65,19521525
2020-03-03,100.9,103.8,99.5,103.2,15840274
2020-03-04,103.95,106.9,102.4,106.05,20572842
2020-03-05,109.85,111.25,105.9,106.8,19248671
2020-03-06,104.0,108.7,102.05,107.8,15462296
2020-03-09,103.6,104.85,99.5,100.45,16914812
2020-03-11,96.65,97.55,90.0,90.5,49463841
2020-03-12,85.0,88.8,79.1,79.95,35475068
2020-03-13,75.0,91.65,65.0,84.55,29168003
2020-03-16,82.0,82.6,77.5,78.15,15393097
2020-03-17,78.5,81.0,72.95,74.65,15877469
2020-03-18,74.65,76.2,69.25,70.85,30464913
2020-03-19,68.45,72.25,65.6,69.4,25374357
2020-03-20,71.0,82.4,70.3,80.8,34407635
2020-03-23,74.0,82.0,72.75,78.0,14364156
2020-03-24,81.0,82.5,75.15,76.45,12216429
2020-03-25,77.9,79.2,74.15,75.55,13719507
2020-03-26,75.5,76.1,72.2,73.1,18094881
2020-03-27,73.15,75.15,69.1,69.5,27556638
2020-03-30,69.4,72.5,67.55,70.85,15011643
2020-03-31,72.5,77.8,71.7,76.55,25805161
2020-04-01,76.6,78.75,74.5,75.75,18826444
2020-04-03,77.0,82.0,75.15,80.9,19035356
2020-04-07,84.0,86.45,82.55,84.5,20660040
2020-04-08,84.95,94.95,83.8,85.55,27892589
2020-04-09,88.0,90.3,86.9,87.75,12510666
2020-04-13,88.7,89.4,83.8,86.05,8121867
2020-04-15,90.0,90.0,86.1,86.6,13427323
2020-04-16,85.95,90.0,84.45,89.25,13298644
2020-04-17,91.95,91.95,88.1,89.7,11384010
2020-04-20,91.0,91.0,86.8,87.4,11550952
2020-04-21,86.0,86.9,78.7,82.5,19282457
2020-04-22,82.6,85.1,80.3,84.2,13845818
2020-04-23,84.95,88.7,82.75,83.25,19334014
2020-04-24,82.95,84.25,79.0,81.5,23298991
2020-04-27,82.6,84.35,81.25,81.7,12723485
2020-04-28,82.6,85.15,81.8,84.55,28229053
2020-04-29,85.0,89.8,84.4,89.1,18115576
2020-04-30,91.5,96.55,91.3,95.7,18495310
2020-05-04,92.2,95.25,89.6,93.5,21132743
2020-05-05,94.5,95.8,90.7,91.1,15062381
2020-05-06,92.0,95.0,89.7,94.7,14956012
2020-05-07,95.3,96.25,91.05,91.5,13264771
2020-05-08,94.75,94.75,90.9,91.35,8976092
2020-05-11,92.0,94.6,91.4,92.05,7853973
2020-05-12,91.95,94.1,88.25,88.7,14162770
2020-05-13,92.0,92.0,87.25,89.35,13853484
2020-05-14,89.25,89.25,85.1,85.45,13034092
2020-05-15,86.1,86.8,84.75,85.8,12041344
2020-05-18,86.1,86.75,80.5,81.0,14440594
2020-05-19,82.5,83.35,80.65,81.85,17936322
2020-05-20,81.85,86.95,81.3,86.25,16541795
2020-05-21,86.4,88.2,85.5,87.95,12867616
2020-05-22,87.25,87.7,85.0,87.2,7514724
2020-05-26,87.2,88.6,86.15,88.15,9732127
2020-05-27,88.05,89.0,86.55,88.6,8688971
2020-05-28,88.6,91.3,87.85,89.1,13857050
2020-05-29,88.75,93.75,88.1,92.35,19769559
2020-06-01,93.95,95.0,91.65,91.95,12536663
2020-06-02,92.95,97.1,90.9,96.55,18576059
2020-06-03,98.4,99.35,96.0,96.35,14935514
2020-06-04,97.0,98.8,96.05,97.25,16263385
2020-06-05,98.0,98.45,96.5,97.85,10661266
2020-06-08,99.45,106.3,99.0,104.75,37414867
2020-06-09,105.2,105.5,100.3,101.1,26322448
2020-06-10,101.1,101.3,96.3,98.1,19763377
2020-06-11,98.15,104.2,94.7,95.55,50576206
2020-06-12,91.5,97.0,91.25,96.35,23511132
2020-06-15,96.3,101.55,94.5,99.65,29194175
2020-06-16,101.0,101.9,95.4,97.5,19313857
2020-06-17,97.5,97.65,95.6,96.25,14881331
2020-06-18,96.5,98.95,95.8,97.05,11944027
2020-06-19,97.95,100.25,97.5,99.5,17334763
2020-06-22,99.9,100.65,98.0,98.3,13743058
2020-06-23,99.85,100.25,97.8,99.25,12226362
2020-06-24,100.0,104.35,98.5,101.4,37394693
2020-06-25,103.0,107.0,102.5,103.1,51900025
2020-06-26,104.95,105.5,102.75,105.15,20691407
2020-06-29,105.05,105.85,102.75,103.6,11712494
2020-06-30,103.6,104.45,101.35,102.15,17694174
2020-07-01,102.15,103.35,100.25,102.95,9947216
2020-07-02,104.25,106.0,103.15,103.5,12609153
2020-07-03,104.5,105.8,103.0,104.9,10704732
2020-07-06,103.9,104.9,103.1,103.7,11071765
2020-07-07,103.95,104.9,101.75,102.85,16292694
2020-07-08,103.0,104.2,101.7,102.7,15139503
2020-07-09,104.45,107.5,103.05,105.55,29516897
2020-07-10,104.95,105.4,102.1,102.4,13013623
2020-07-14,101.15,102.2,98.3,99.05,9425282
2020-07-15,99.5,99.9,96.65,96.95,9584067
2020-07-16,97.5,97.95,94.45,96.75,9268233
2020-07-17,97.0,101.85,97.0,100.85,13981171
2020-07-20,101.7,101.7,99.8,100.2,7557332
2020-07-21,100.65,104.45,99.85,103.8,16610308
2020-07-22,104.3,105.0,100.85,101.95,13459998
2020-07-23,102.0,105.0,101.65,102.3,11805110
2020-07-24,101.8,102.5,98.8,99.55,12934743
2020-07-27,100.2,100.75,97.25,97.5,9178371
2020-07-28,98.1,98.5,96.5,97.6,7942640
2020-07-29,97.9,99.95,97.15,98.8,10669269
2020-07-30,99.0,99.75,96.25,96.6,8826195
2020-07-31,96.7,98.2,96.25,96.65,6660302
2020-08-03,96.9,96.9,93.5,94.1,10267277
2020-08-04,94.1,94.7,92.85,93.15,15340137
2020-08-05,94.05,95.0,93.1,93.3,8424544
2020-08-06,94.2,96.45,93.5,95.65,21775128
2020-08-07,96.25,97.4,95.65,96.9,9973831
2020-08-10,97.25,97.9,96.3,97.05,7921530
2020-08-11,97.3,98.8,97.0,97.3,9140943
2020-08-12,97.2,98.4,96.0,98.05,10943752
2020-08-13,98.8,99.6,96.5,97.4,19705877
2020-08-14,99.15,99.2,95.65,95.95,16323746
2020-08-17,96.15,98.0,95.6,97.65,11823777
2020-08-18,97.9,98.0,96.7,96.95,11921864
2020-08-19,97.3,101.9,97.1,101.45,36880960
2020-08-20,101.0,103.15,100.3,101.5,18502004
2020-08-21,102.0,103.15,101.05,101.75,12364688
2020-08-24,102.0,103.2,101.15,101.6,8860183
2020-08-25,102.6,103.15,99.3,99.7,15048067
2020-08-26,100.15,100.85,99.25,99.85,7300230
2020-08-27,100.6,100.6,99.0,99.2,6719780
2020-08-28,99.4,100.5,98.8,99.1,8717459
2020-08-31,99.9,101.5,95.1,95.65,22003034
2020-09-01,96.7,97.2,94.0,96.4,19814943
2020-09-02,96.35,97.8,95.45,97.3,9290853
2020-09-03,96.6,98.45,96.55,98.1,9104977
2020-09-04,96.95,99.1,96.15,98.05,13774665
2020-09-07,98.0,98.85,94.85,95.75,11148827
2020-09-08,96.5,96.5,94.0,94.55,10400606
2020-09-09,94.6,94.8,90.05,91.05,18553894
2020-09-10,91.85,92.4,89.8,90.8,17660495
2020-09-11,90.8,91.65,90.1,90.75,11883991
2020-09-14,91.9,93.65,90.8,91.95,16300720
2020-09-15,92.0,92.75,91.1,92.1,8425847
2020-09-16,92.75,92.75,91.35,91.85,8864233
2020-09-17,91.85,91.85,90.5,90.75,7992105
2020-09-18,91.0,93.45,90.8,92.1,21897338
2020-09-21,92.2,92.2,87.4,88.2,15184392
2020-09-22,88.1,88.5,82.85,84.15,23856234
2020-09-23,85.2,86.35,82.75,85.7,17243308
2020-09-24,84.25,85.45,81.95,83.0,14463264
2020-09-25,83.7,85.6,83.1,85.2,13060455
2020-09-28,86.55,89.1,85.55,88.2,12546093
2020-09-29,88.8,88.8,87.0,87.5,9090590
2020-09-30,87.5,88.15,85.5,86.8,9923665
2020-10-01,86.8,88.75,86.45,88.4,7687677
2020-10-05,88.5,89.8,86.35,87.0,13796331
2020-10-06,88.0,88.2,86.7,87.75,9233945
2020-10-07,87.0,87.85,86.45,86.7,12106660
2020-10-08,86.75,87.15,83.85,84.15,15153432
2020-10-09,84.5,86.35,83.3,85.7,14283816
2020-10-12,86.4,86.5,83.25,83.85,10645434
2020-10-13,83.6,84.0,82.1,83.15,9936578
2020-10-14,82.35,82.95,81.2,82.65,12516630
2020-10-15,82.4,83.95,82.0,82.3,10136635
2020-10-16,82.55,84.2,82.4,84.0,11036039
2020-10-19,84.2,87.9,84.0,87.45,17139173
2020-10-20,85.8,87.4,85.0,85.7,10804676
2020-10-21,85.8,88.25,85.75,87.65,15809047
2020-10-22,86.15,89.1,86.15,88.65,19366327
2020-10-23,89.35,89.35,87.0,87.3,13327157
2020-10-26,87.65,87.8,85.0,85.5,9696925
2020-10-27,85.45,85.6,83.6,84.2,11804674
2020-10-28,84.95,84.95,82.8,83.1,13155853
2020-10-29,82.5,84.15,82.15,83.45,9245526
2020-10-30,84.0,85.1,82.7,84.75,10960418
2020-11-02,85.1,85.3,83.5,83.95,10537729
2020-11-03,84.6,85.6,83.65,83.95,8843794
2020-11-04,84.5,84.65,83.05,83.35,9953718
2020-11-05,84.4,87.95,83.75,87.45,18571054
2020-11-06,87.5,87.7,85.5,85.8,13595704
2020-11-09,86.2,86.75,85.65,86.5,7506767
2020-11-10,87.0,90.85,86.8,90.2,25916479
2020-11-11,91.2,94.4,90.5,92.95,38091052
2020-11-12,93.75,94.0,92.6,93.05,13703238
2020-11-13,92.95,93.3,91.5,92.8,10482732
2020-11-17,94.3,95.3,93.05,93.55,12227481
2020-11-18,93.7,94.65,92.8,93.95,10207427
2020-11-19,93.0,96.85,93.0,93.65,17894047
2020-11-20,93.9,97.95,93.0,97.45,29777970
2020-11-23,99.0,101.5,97.6,100.9,29687033
2020-11-24,101.8,102.5,99.25,100.3,18023349
2020-11-25,101.35,103.7,100.5,102.3,26160208
2020-11-26,102.3,103.45,101.6,102.75,17424168
2020-11-27,103.5,106.7,101.5,102.65,39726156
2020-12-01,103.65,112.0,103.1,110.7,85684453
2020-12-02,111.0,120.5,110.15,116.7,97500422
2020-12-03,117.25,121.9,116.15,118.25,60765138
2020-12-04,119.7,122.0,118.5,119.8,33874098
2020-12-07,120.75,124.4,120.6,122.4,26548695
2020-12-08,124.05,125.0,120.65,121.75,25015522
2020-12-09,123.0,124.1,121.75,122.5,15309274
2020-12-10,122.75,123.45,119.35,120.05,16189659
2020-12-11,120.1,128.8,120.05,125.85,52797382
2020-12-14,127.0,128.2,125.1,125.45,20685428
2020-12-15,126.45,126.45,124.25,125.25,16760552
2020-12-16,126.5,126.85,123.85,124.4,18903163
2020-12-17,125.25,125.7,123.5,123.9,13813435
2020-12-18,124.5,125.5,121.2,125.05,24075533
2020-12-21,125.0,125.0,112.55,114.7,28013714
2020-12-22,114.5,120.6,112.65,118.5,43517898
2020-12-23,119.0,119.5,116.65,118.25,15213502
2020-12-24,119.0,123.0,119.0,120.15,20610640
2020-12-28,121.15,123.15,120.55,122.65,17437291
2020-12-29,123.45,124.6,121.9,123.75,14204456
2020-12-30,123.9,124.2,121.6,123.1,11547865
2020-12-31,121.2,123.9,121.2,123.25,11829604
2021-01-01,123.9,124.4,122.55,123.65,8751786
2021-01-04,124.8,128.45,124.65,128.0,25382950
2021-01-05,127.15,129.75,125.75,129.3,24858763
2021-01-06,130.8,136.0,130.5,134.0,45548182
2021-01-07,135.45,135.8,132.3,133.45,18038619
2021-01-08,134.5,134.65,131.65,132.75,17130661
2021-01-11,134.0,136.6,132.05,135.7,22887257
2021-01-12,140.9,143.5,139.2,141.4,65057615
2021-01-13,144.0,144.0,139.15,141.25,27169852
2021-01-14,141.45,146.0,140.9,144.0,30651392
2021-01-15,144.45,146.2,136.55,138.5,37787540
2021-01-18,140.8,142.0,134.6,137.9,34172561
2021-01-19,139.8,141.4,138.55,139.65,16554618
2021-01-20,140.05,140.6,137.55,138.0,20441310
2021-01-21,139.7,139.7,132.55,133.75,25224127
2021-01-22,134.0,136.3,133.0,134.05,26214316
2021-01-25,135.0,136.95,132.25,132.95,24070762
2021-01-27,130.7,131.65,126.9,127.7,23044055
2021-01-28,126.0,129.65,125.6,128.6,17278242
2021-01-29,129.0,129.7,124.3,125.3,22647682
2021-02-01,124.25,129.0,124.25,127.4,17372633
2021-02-02,128.9,132.2,128.75,129.7,16460769
2021-02-03,130.0,132.45,129.3,130.45,18339188
2021-02-04,131.0,135.25,130.25,130.7,24343813
2021-02-05,132.2,132.7,127.5,128.2,16472506
2021-02-08,129.9,134.3,129.15,131.4,27756625
2021-02-09,132.0,133.45,130.7,131.05,15232082
2021-02-10,132.4,134.0,130.8,133.6,29017416
2021-02-11,133.9,138.0,133.1,136.45,45742936
2021-02-12,136.95,137.25,132.35,132.9,13980720
2021-02-15,133.95,135.4,131.85,133.8,16847815
2021-02-16,134.2,135.25,132.5,133.1,15227589
2021-02-17,132.5,136.95,132.0,134.4,21615744
2021-02-18,138.95,147.8,138.0,143.1,114715328
2021-02-19,143.95,149.45,143.5,145.4,69653864
2021-02-22,145.0,145.5,142.0,142.8,20609337
2021-02-23,143.1,148.75,143.1,147.35,30252701
2021-02-24,147.55,148.1,142.9,146.45,21543442
2021-02-25,147.95,152.8,146.2,150.8,38734458
2021-02-26,149.95,149.95,140.4,141.8,37458344
2021-03-01,144.1,145.65,142.5,144.5,16859409
2021-03-02,145.45,146.9,143.6,144.8,16832869
2021-03-03,145.95,147.5,144.75,146.95,16283786
2021-03-04,145.5,146.85,143.35,144.45,16585926
2021-03-05,144.35,150.0,144.35,147.15,34317341
2021-03-08,148.4,157.95,147.5,154.15,63069391
2021-03-09,154.9,154.9,148.35,149.05,20477362
2021-03-10,149.75,150.9,147.1,147.7,21345117
2021-03-12,150.5,152.45,145.65,146.85,15549201
2021-03-15,147.8,147.8,141.55,143.55,22513116
2021-03-16,144.0,145.65,141.95,143.25,15228739
2021-03-17,144.0,145.5,137.25,138.4,15613786
2021-03-18,139.1,141.8,132.4,135.1,17963294
2021-03-19,135.95,140.25,128.8,138.5,42264808
2021-03-22,140.0,140.0,135.35,136.8,17116629
2021-03-23,137.0,138.3,133.75,134.4,14077259
2021-03-24,132.6,133.95,130.05,131.0,14458906
2021-03-25,131.05,132.9,127.45,128.0,20151971
2021-03-26,130.25,132.8,128.65,131.8,16088308
2021-03-30,133.9,137.25,130.8,132.35,71858400
2021-03-31,133.9,137.8,133.2,135.5,31464261
2021-04-01,136.25,140.95,135.2,140.15,18828032
2021-04-05,139.0,139.45,134.55,134.95,12758646
2021-04-06,136.7,137.0,134.1,134.55,8692822
2021-04-07,136.3,141.85,136.3,138.65,33209701
2021-04-08,141.0,141.0,137.75,138.55,13593573
2021-04-09,138.65,140.5,138.25,138.8,8347169
2021-04-12,134.4,135.65,130.55,132.75,15943354
2021-04-13,134.0,139.9,133.9,138.9,19451005
2021-04-15,136.5,141.55,136.45,140.6,14308075
2021-04-16,140.95,142.4,139.25,139.6,11369798
2021-04-19,135.0,137.9,133.55,136.4,11824604
2021-04-20,138.2,139.75,133.5,134.4,18926713
2021-04-22,133.0,134.2,130.45,133.0,10656133
2021-04-23,131.8,134.0,128.5,129.4,23773366
2021-04-26,130.7,132.0,129.75,130.0,6020366
2021-04-27,130.0,132.8,130.0,131.55,11823364
2021-04-28,132.5,134.0,132.0,133.35,6883321
2021-04-29,134.7,136.4,133.3,134.8,9284829
2021-04-30,133.45,141.45,132.3,137.2,21349478
2021-05-03,136.1,138.2,134.65,137.5,7454391
2021-05-04,138.5,145.65,137.35,143.75,31186406
2021-05-05,147.3,148.85,143.0,145.05,21923380
2021-05-06,145.9,151.85,145.6,151.15,26512202
2021-05-07,151.3,152.65,148.7,150.25,18929024
2021-05-10,150.25,155.5,150.25,154.55,16396141
2021-05-11,153.0,163.5,152.2,161.9,35774024
2021-05-12,162.6,165.75,158.7,161.05,26646114
2021-05-14,161.5,161.75,152.15,152.7,20851806
2021-05-17,154.0,154.8,150.35,153.15,14495779
2021-05-18,155.0,158.0,152.5,152.8,14269296
2021-05-19,152.8,154.55,151.3,152.8,8993381
2021-05-20,151.95,152.3,146.75,147.35,14905120
2021-05-21,147.6,150.45,145.3,145.75,17050299
2021-05-24,146.5,152.6,145.9,151.7,15741031
2021-05-25,153.6,155.75,151.7,155.1,26231316
2021-05-26,155.0,155.8,151.7,152.1,8674635
2021-05-27,152.25,155.0,150.55,152.8,15014713
2021-05-28,153.2,157.4,152.05,152.95,15357906
2021-05-31,154.0,161.4,153.2,159.95,48104986
2021-06-01,160.6,161.75,158.0,160.45,14127363
2021-06-02,162.4,163.45,157.65,158.85,14126173
2021-06-03,159.8,162.25,158.7,161.05,11743382
2021-06-04,161.3,164.75,160.3,162.0,13451403
2021-06-07,162.5,169.9,162.0,168.35,33224231
2021-06-08,168.2,169.8,165.0,167.8,16694954
2021-06-09,170.0,170.3,158.3,162.4,41530490
2021-06-10,164.5,166.0,160.5,163.5,23526283
2021-06-11,165.0,167.75,161.2,163.75,23825479
2021-06-14,164.4,164.6,160.1,163.15,17062675
2021-06-15,164.5,166.2,162.55,163.0,14368529
2021-06-16,163.3,165.75,161.2,161.75,12495046
2021-06-17,161.5,163.65,158.7,160.5,10113320
2021-06-18,161.25,161.95,152.6,155.05,18184052
2021-06-21,153.0,156.15,151.25,155.25,13488792
2021-06-22,157.0,158.7,154.9,155.3,7862363
2021-06-23,157.0,157.0,152.7,153.35,8190583
2021-06-24,153.9,154.95,151.75,152.25,8171227
2021-06-28,154.6,155.15,152.2,153.35,7211715
2021-06-29,153.45,153.75,151.35,152.0,6409358
2021-06-30,152.05,152.55,149.25,149.65,10515338
2021-07-01,150.7,153.75,150.0,153.0,12360920
2021-07-02,153.95,153.95,151.0,151.3,7469311
2021-07-05,152.3,153.65,151.55,152.15,6275597
2021-07-06,152.7,155.1,148.8,150.35,13006796
2021-07-07,149.8,152.1,148.55,149.95,8212020
2021-07-08,149.85,151.1,148.45,148.7,8537070
2021-07-09,148.7,149.05,147.0,147.15,6845767
2021-07-12,148.5,149.2,146.5,146.75,9772124
2021-07-13,148.15,151.4,147.5,148.8,14199450
2021-07-14,148.0,149.95,147.2,147.85,6202828
2021-07-15,148.9,148.9,143.9,144.4,13151905
2021-07-16,145.0,145.2,143.0,144.8,11326434
2021-07-19,144.8,148.0,143.8,144.35,13184154
2021-07-20,144.4,145.0,140.75,142.35,8959340
2021-07-22,144.6,145.2,141.7,143.8,11673106
2021-07-23,144.0,145.0,142.0,142.4,7367072
2021-07-26,142.0,142.1,139.7,141.35,9261834
2021-07-27,141.85,142.0,138.55,139.05,8747945
2021-07-28,139.9,139.9,136.6,137.85,9155066
2021-07-29,138.9,139.6,136.95,137.5,6963674
2021-07-30,138.0,141.8,137.25,139.55,14418252
2021-08-02,140.95,143.3,139.35,142.85,7546354
2021-08-03,143.95,144.15,141.85,143.3,8907115
2021-08-04,144.25,146.2,141.85,142.4,9595184
2021-08-05,143.0,145.6,140.3,142.9,19509484
2021-08-06,147.0,153.95,144.9,148.75,63512834
2021-08-09,150.2,150.5,145.2,145.8,11265653
2021-08-10,145.9,148.15,143.8,144.85,14952392
2021-08-11,145.5,148.5,144.25,147.15,11298126
2021-08-12,147.75,151.0,146.55,150.65,15379819
2021-08-13,151.0,151.9,147.5,148.4,10080885
2021-08-16,148.45,149.25,147.5,148.5,4850544
2021-08-17,148.45,149.2,144.85,147.0,5886199
2021-08-18,147.2,147.8,145.05,145.6,4409849
2021-08-20,140.0,144.4,140.0,140.35,14354380
2021-08-23,142.6,144.1,140.0,140.8,7997462
2021-08-24,142.0,148.0,141.95,145.45,21248075
2021-08-25,146.6,147.5,144.0,144.9,7673148
2021-08-26,144.9,145.3,141.4,142.65,9753061
2021-08-27,143.3,145.2,142.0,143.5,12540924
2021-08-30,143.35,146.7,143.35,146.0,12311639
2021-08-31,145.95,147.65,143.8,146.15,14009836
2021-09-01,147.0,148.25,144.5,144.8,10817269
2021-09-02,145.9,147.25,144.15,145.1,8728875
2021-09-03,146.0,149.35,145.1,147.4,14252130
2021-09-06,149.0,149.6,146.5,146.9,7391246
2021-09-07,146.9,147.6,144.0,144.2,6201833
2021-09-08,145.0,146.5,144.0,145.1,8478763
2021-09-09,144.95,148.75,144.5,145.15,12018323
2021-09-13,145.95,146.3,144.45,145.9,7285948
2021-09-14,147.2,156.65,147.2,156.0,36317283
2021-09-15,156.0,159.75,155.3,157.15,19909129
2021-09-16,157.0,158.2,156.0,157.15,11639900
2021-09-17,156.85,159.35,153.25,154.1,19212463
2021-09-20,152.0,154.6,148.55,149.8,5998449
2021-09-21,149.8,152.0,145.0,150.0,8663366
2021-09-22,150.9,152.15,149.4,150.0,11442500
2021-09-23,152.05,155.65,151.15,152.9,15138877
2021-09-24,154.0,154.8,148.55,152.6,15631653
2021-09-27,155.0,157.0,152.0,154.5,20980859
2021-09-29,157.95,161.5,154.25,156.3,21640237
2021-09-30,158.95,159.8,155.1,158.85,20812038
2021-10-01,160.2,166.2,157.55,163.15,45803410
2021-10-04,164.4,164.8,161.0,161.55,8960263
2021-10-05,161.6,168.4,161.55,164.7,25205710
2021-10-06,165.0,171.3,164.0,166.4,36571986
2021-10-07,168.05,168.5,158.9,159.65,19095386
2021-10-08,161.3,162.9,157.65,158.15,11727250
2021-10-12,158.95,159.55,157.05,157.95,12008045
2021-10-14,160.0,163.7,159.5,160.05,15541172
2021-10-18,161.0,163.8,160.85,161.35,16868394
2021-10-21,153.1,154.9,148.6,149.7,16741093
2021-10-25,151.55,151.85,146.1,148.25,6942514
2021-10-26,148.85,152.5,148.85,152.0,7550360
2021-10-27,152.15,153.45,149.35,149.75,11969414
2021-10-28,150.5,151.0,146.2,147.45,9873408
2021-10-29,146.65,156.25,145.5,148.85,28347156
2021-11-03,151.85,154.5,150.0,150.55,15841798
2021-11-04,151.3,152.0,151.0,151.5,889957
2021-11-08,152.5,153.15,150.6,151.9,18312975
2021-11-09,152.0,152.7,150.2,150.65,10971902
2021-11-10,150.65,153.1,149.6,152.1,18919425
2021-11-11,152.0,152.7,149.0,149.5,11245200
2021-11-12,150.15,150.4,147.5,148.0,7011351
2021-11-15,147.85,149.0,146.6,147.05,7233596
2021-11-16,147.15,148.5,145.0,145.6,5789397
2021-11-17,145.35,146.65,144.5,145.0,3877654
2021-11-18,145.55,145.55,140.35,140.95,10222954
2021-11-22,141.0,141.5,136.25,137.3,9416739
2021-11-23,136.1,139.25,136.05,138.5,9230138
2021-11-24,139.0,143.2,139.0,140.2,9102532
2021-11-25,140.75,142.2,138.3,141.55,10064655
2021-11-26,140.0,140.35,133.05,133.6,10499621
2021-11-29,133.6,133.6,129.45,130.35,11255792
2021-11-30,130.15,134.7,128.95,129.8,12561833
2021-12-01,131.1,133.3,127.75,130.55,13625825
2021-12-02,130.6,132.6,130.1,131.65,7995372
2021-12-03,132.15,133.8,131.55,132.25,14648107
2021-12-06,132.45,132.5,126.85,128.85,24820032
2021-12-07,129.8,133.4,129.6,132.55,6849306
2021-12-08,133.5,136.0,131.55,133.7,8469867
2021-12-09,134.5,134.65,132.65,134.25,6118331
2021-12-10,134.25,135.9,133.45,135.45,6151256
2021-12-13,136.8,137.25,133.0,133.35,7859717
2021-12-14,132.75,136.0,132.0,135.3,13018242
2021-12-15,134.95,135.35,131.7,132.0,6288678
2021-12-16,132.5,132.85,128.75,129.55,13601623
2021-12-17,130.0,130.2,127.65,129.5,19860746
2021-12-21,127.0,129.55,125.75,129.0,7339722
2021-12-22,129.9,130.7,128.7,130.2,5631087
2021-12-23,130.85,133.4,130.65,132.85,9824296
2021-12-24,134.1,134.15,129.7,130.85,8050243
2021-12-27,130.85,130.9,128.9,130.55,6719854
2021-12-28,131.65,133.4,131.1,133.05,6960987
2021-12-29,132.85,133.5,131.1,132.25,6771058
2021-12-30,128.7,129.55,127.5,127.65,11970063
2021-12-31,128.0,129.9,128.0,129.2,4160624
2022-01-03,129.5,131.6,129.3,131.45,4478058
2022-01-04,132.45,134.2,131.65,132.8,7019721
2022-01-05,133.95,136.5,132.55,136.05,12163177
2022-01-06,136.1,139.1,134.1,138.85,12932562
2022-01-07,139.45,140.0,137.65,139.55,7511643
2022-01-10,140.0,143.0,139.95,142.65,8102429
2022-01-12,142.25,144.0,141.85,143.6,4780761
2022-01-13,143.7,145.35,142.75,144.95,6787237
2022-01-14,144.4,145.6,143.2,144.3,4196916
2022-01-17,141.55,145.3,140.75,144.7,8349604
2022-01-18,144.6,146.0,141.95,142.9,9183014
2022-01-19,142.6,148.5,142.4,147.95,19930096
2022-01-20,147.6,148.5,146.25,147.35,6255487
2022-01-21,146.45,146.8,141.35,143.4,8107838
2022-01-24,142.05,143.7,138.7,140.85,10501660
2022-01-25,138.75,144.15,138.1,143.75,11055193
2022-01-28,142.15,146.2,141.3,141.8,8927075
2022-01-31,143.0,144.95,142.45,144.3,5185472
2022-02-01,145.0,148.0,144.15,147.5,10241254
2022-02-02,148.5,148.75,145.4,145.7,6962992
2022-02-03,145.0,149.3,145.0,147.4,16096878
2022-02-04,149.75,151.95,146.15,146.55,18772221
2022-02-07,147.45,148.9,146.4,148.25,8159964
2022-02-08,148.35,148.8,142.3,144.3,12055244
2022-02-09,145.0,145.6,142.3,142.95,7631688
2022-02-10,143.4,143.45,140.35,141.6,20379088
2022-02-11,140.7,142.75,140.0,140.65,7733105
2022-02-14,139.0,140.7,136.3,137.55,8395520
2022-02-15,138.3,139.7,134.15,139.25,6597642
2022-02-16,139.35,141.2,138.75,139.35,4736139
2022-02-17,140.55,142.35,139.05,139.8,6367064
2022-02-18,140.0,141.4,138.35,140.85,6144296
2022-02-21,140.4,140.55,135.7,136.3,5228053
2022-02-22,132.1,135.5,132.05,134.55,11246953
2022-02-23,135.05,139.9,135.0,138.25,11299804
2022-02-25,131.0,135.45,131.0,134.8,6241269
2022-02-28,135.0,146.75,133.85,144.85,27919955
2022-03-02,146.0,154.8,145.5,152.55,34437728
2022-03-03,154.75,159.8,153.1,159.0,29312746
2022-03-04,159.0,160.0,154.85,155.45,18399643
2022-03-08,161.65,163.2,156.6,157.4,18337924
2022-03-09,158.15,159.0,153.4,154.5,12730151
2022-03-10,152.0,152.3,146.75,147.5,25358057
2022-03-11,148.0,154.1,148.0,152.4,17945413
2022-03-14,153.9,156.4,150.9,152.35,17853417
2022-03-15,151.6,151.9,146.7,148.45,20524474
2022-03-16,149.7,152.8,148.0,152.4,15249761
2022-03-17,153.25,154.15,150.6,151.3,18044254
2022-03-21,147.25,147.7,144.0,144.3,19059074
2022-03-22,145.0,146.15,142.7,143.45,12817516
2022-03-23,144.15,146.2,143.1,143.6,14412349
2022-03-24,144.15,147.85,144.05,147.1,11888684
2022-03-25,147.5,148.65,146.6,147.65,10324903
2022-03-28,152.0,153.35,150.25,152.1,27881323
2022-03-29,153.2,153.5,150.5,152.65,10458380
2022-03-30,153.5,154.3,151.9,153.45,9955451
2022-03-31,154.8,157.25,152.85,155.65,29091799
2022-04-01,157.0,162.4,155.85,162.05,17417060
2022-04-04,163.6,164.4,161.3,161.7,11484642
2022-04-05,162.85,163.5,160.15,160.75,11541995
2022-04-06,159.8,163.25,158.85,162.35,7078322
2022-04-07,162.45,163.45,159.2,160.7,7777235
2022-04-08,161.35,162.75,160.15,162.15,7223912
2022-04-11,163.0,165.9,162.55,164.6,11849302
2022-04-12,165.45,168.7,164.45,166.7,28053587
2022-04-13,167.95,169.5,167.0,168.65,10989496
2022-04-18,167.15,170.8,167.0,167.95,16318964
2022-04-19,169.4,173.5,168.35,170.0,28068839
2022-04-20,171.45,171.45,163.6,165.6,17626059
2022-04-21,164.0,165.25,160.5,164.0,17380065
2022-04-22,163.0,165.7,162.4,164.2,7227533
2022-04-25,161.9,162.85,156.0,157.85,17644526
2022-04-26,159.6,159.9,155.0,157.05,15486515
2022-04-27,155.9,157.35,154.5,155.65,14292964
2022-04-28,158.0,158.85,156.6,157.8,11617775
2022-04-29,158.5,161.35,158.3,159.15,12674567
2022-05-02,158.15,159.65,156.6,157.55,6204947
2022-05-05,159.0,163.5,158.6,161.35,12832565
2022-05-06,158.6,161.0,157.4,160.2,7910314
2022-05-09,158.0,159.95,155.5,156.1,7112661
2022-05-10,154.95,156.95,148.0,148.9,13684697
2022-05-11,148.95,153.15,148.45,150.65,11082243
2022-05-12,150.35,151.8,148.0,150.3,9350627
2022-05-13,151.05,152.8,146.75,147.8,7584234
2022-05-16,148.95,151.15,147.9,150.7,4021403
2022-05-17,152.8,154.6,151.1,154.2,6343482
2022-05-18,154.75,155.75,152.95,153.65,7440736
2022-05-19,151.0,154.4,149.75,153.75,7032652
2022-05-20,154.55,157.15,154.25,156.3,5846047
2022-05-23,155.0,156.0,152.7,153.2,5804217
2022-05-24,153.85,155.0,151.0,152.0,6841735
2022-05-25,152.25,154.0,151.05,152.1,8287644
2022-05-26,152.45,153.4,148.2,151.2,7946108
2022-05-27,152.3,152.5,142.2,142.8,11423227
2022-05-30,145.05,146.0,141.5,143.75,10172233
2022-05-31,144.25,152.1,143.5,147.2,29501879
2022-06-01,147.45,149.6,147.0,149.0,11277910
2022-06-02,149.05,150.35,148.0,149.15,6860632
2022-06-03,150.0,151.2,147.2,147.6,5547372
2022-06-06,146.1,149.95,146.0,148.15,5076960
2022-06-07,148.4,153.2,148.25,151.0,12755092
2022-06-08,152.15,154.6,151.0,152.45,10340944
2022-06-09,151.5,155.2,151.05,151.55,7156660
2022-06-10,151.95,153.0,148.4,149.1,6207503
2022-06-13,148.0,148.0,143.6,146.3,8088056
2022-06-14,145.6,149.5,145.2,146.95,5048744
2022-06-15,149.6,151.9,146.05,147.55,11264526
2022-06-16,148.95,149.4,140.05,140.5,9822257
2022-06-17,139.0,142.45,136.2,138.95,16735192
2022-06-20,139.95,139.95,129.0,131.15,11374439
2022-06-21,134.0,137.0,131.5,136.35,9487405
2022-06-22,134.5,134.9,130.35,133.6,12829949
2022-06-23,133.0,136.25,131.0,131.7,13440967
2022-06-24,134.0,134.0,130.75,132.45,8109522
2022-06-27,134.0,135.1,132.25,134.65,6840302
2022-06-28,133.9,137.2,133.75,136.9,6604729
2022-06-29,135.7,139.95,135.5,139.25,9921375
2022-06-30,138.9,140.4,134.75,135.2,9851023
2022-07-01,134.1,136.4,131.0,132.35,10077624
2022-07-04,131.0,134.35,130.95,133.55,4335993
2022-07-05,133.85,135.9,133.3,133.8,4009019
2022-07-06,133.5,134.2,129.55,133.55,8658277
2022-07-07,134.2,136.95,134.2,136.8,5308891
2022-07-08,141.4,141.4,136.05,137.25,6691055
2022-07-11,137.25,139.5,136.15,138.6,8878298
2022-07-13,139.95,139.95,136.35,137.5,9266304
2022-07-14,137.75,139.85,137.5,139.3,6373845
2022-07-15,139.55,141.75,139.35,140.45,6699483
2022-07-18,140.7,144.5,140.7,144.1,4503563
2022-07-19,143.9,145.0,137.3,140.25,8014961
2022-07-20,144.1,147.4,141.0,141.55,14467608
2022-07-21,141.8,144.45,141.6,143.9,5854492
2022-07-22,144.6,145.25,140.9,141.6,8260225
2022-07-25,144.8,147.5,142.8,147.0,13544940
2022-07-26,147.25,147.25,143.65,143.95,8665776
2022-07-27,144.5,147.4,143.3,146.75,6946005
2022-07-28,147.75,147.9,145.3,145.95,5649223
2022-07-29,147.3,147.85,146.1,146.6,4676585
2022-08-01,146.6,148.8,146.55,147.3,6885952
2022-08-02,146.85,147.65,140.9,141.5,18050844
2022-08-03,142.35,142.4,138.0,140.8,12876812
2022-08-04,140.8,142.2,138.35,140.1,21665496
2022-08-05,139.9,139.9,132.5,132.9,43686433
2022-08-10,133.35,133.75,129.9,130.8,22207337
2022-08-11,132.0,132.15,128.45,128.65,25700920
2022-08-12,129.2,131.8,128.5,131.5,19430630
2022-08-16,132.45,135.25,131.2,135.1,17026904
2022-08-17,135.45,136.3,134.55,134.95,12373062
2022-08-18,135.25,136.0,134.7,135.6,10818877
2022-08-19,135.8,136.4,132.85,133.15,10524847
2022-08-22,131.15,131.7,128.1,129.35,16426946
2022-08-23,128.8,132.6,128.4,132.3,11320067
2022-08-24,131.35,132.55,130.6,132.1,11644464
2022-08-25,132.4,134.15,132.3,132.65,9196890
2022-08-26,134.1,136.4,133.5,134.55,11442262
2022-08-29,133.3,134.25,132.0,133.95,9064782
2022-08-30,135.3,136.95,135.0,136.1,11123165
2022-09-01,136.45,137.3,135.25,136.35,12610460
2022-09-02,137.1,137.3,134.8,135.3,11537928
2022-09-05,136.0,137.25,134.1,136.75,12816452
2022-09-06,92.5,93.35,91.2,93.05,28296817
2022-09-07,93.4,93.85,92.4,92.8,10690240
2022-09-08,93.3,93.75,92.4,92.55,7180648
2022-09-09,92.7,92.95,92.2,92.4,5597228
2022-09-13,92.95,93.4,92.1,92.3,7045689
2022-09-14,91.6,92.25,91.3,91.7,6872183
2022-09-15,91.85,93.2,91.1,91.2,8970450
2022-09-16,91.1,93.0,90.2,91.9,18170179
2022-09-19,92.15,92.25,89.8,90.0,8372178
2022-09-20,90.4,91.35,90.1,90.9,6639747
2022-09-21,90.7,90.95,88.55,89.0,13740141
2022-09-22,88.8,88.9,87.15,88.25,13003243
2022-09-23,88.0,88.5,85.7,86.0,8632586
2022-09-26,85.65,85.95,83.0,84.85,15119710
2022-09-27,86.0,86.5,83.65,86.25,10752213
2022-09-28,85.65,86.3,84.45,85.7,12068829
2022-09-29,86.0,86.75,85.25,85.9,12673874
2022-09-30,85.25,87.25,85.0,87.05,11829278
2022-10-03,87.95,87.95,84.5,85.15,14508849
2022-10-04,86.1,87.8,85.5,87.25,10340686
2022-10-06,87.6,88.15,87.0,87.55,10663228
2022-10-07,87.55,87.65,86.05,86.85,12478992
2022-10-10,85.5,89.5,85.5,89.2,11158338
2022-10-11,89.1,89.1,86.0,86.2,13259938
2022-10-12,86.25,86.65,85.1,86.35,11033418
2022-10-13,86.65,87.2,85.25,85.45,6397554
2022-10-14,86.3,86.8,85.05,85.1,6931298
2022-10-17,85.1,85.65,84.35,85.05,9373705
2022-10-18,85.5,85.9,84.9,85.0,8035885
2022-10-19,85.45,85.8,84.5,84.8,7157063
2022-10-20,84.6,87.8,84.15,87.45,17120292
2022-10-21,87.45,88.1,86.25,86.45,7929074
2022-10-25,86.8,87.55,85.9,86.55,7086629
2022-10-27,86.65,88.35,85.8,88.05,12203430
2022-10-28,88.4,90.25,87.85,90.05,20036187
2022-10-31,90.55,91.5,90.2,91.3,12658201
2022-11-01,91.5,91.9,90.8,91.4,7632156
2022-11-02,91.4,91.6,91.0,91.3,7390466
2022-11-03,91.0,91.2,90.2,90.55,12821695
2022-11-04,91.0,91.35,88.1,88.55,13339109
2022-11-07,88.55,90.8,88.0,90.55,13463366
2022-11-09,90.5,90.55,88.25,88.6,12172444
2022-11-10,88.5,89.2,87.95,88.2,6898707
2022-11-11,89.0,89.35,88.05,88.85,8365138
2022-11-14,88.6,88.65,87.9,88.1,7996003
2022-11-16,90.0,91.25,89.25,90.5,10223428
2022-11-17,90.5,90.9,89.35,90.15,4925266
2022-11-18,90.65,91.55,89.8,90.3,14475534
2022-11-21,90.3,90.65,89.5,89.65,7845740
2022-11-22,90.4,91.25,89.5,91.1,18535213
2022-11-23,91.4,91.4,90.0,90.8,8624491
2022-11-24,90.9,92.45,90.75,92.1,14011196
2022-11-25,92.5,93.85,91.75,93.25,12249200
2022-11-28,93.3,93.8,92.45,92.75,11371642
2022-11-29,93.0,94.65,92.05,94.15,18484964
2022-11-30,94.5,94.95,93.8,94.75,18501717
2022-12-01,95.25,95.4,93.5,93.65,9433858
2022-12-02,94.0,94.15,93.05,93.2,9494016
2022-12-05,93.5,93.9,92.65,93.15,15148621
2022-12-06,93.5,93.5,92.2,93.0,9031442
2022-12-07,92.8,94.05,92.8,93.25,11134858
2022-12-08,93.25,93.45,92.45,92.55,10614975
2022-12-09,93.05,93.6,90.3,90.85,15835417
2022-12-12,91.1,93.4,90.2,92.8,15920076
2022-12-13,93.15,94.0,92.7,93.25,11215454
2022-12-14,93.25,96.3,93.15,96.0,22598875
2022-12-15,96.15,98.4,95.45,97.35,28006772
2022-12-16,97.2,100.2,96.6,96.75,35484499
2022-12-19,97.15,97.95,95.9,97.4,13524731
2022-12-20,97.0,98.2,96.0,97.9,11062080
2022-12-21,98.2,98.5,94.5,95.1,14279180
2022-12-22,95.15,96.0,92.8,94.15,12024065
2022-12-23,93.0,93.65,91.0,91.55,22444602
2022-12-26,91.5,94.6,90.65,94.4,8024641
2022-12-27,94.9,95.3,93.75,95.0,6330028
2022-12-28,94.8,96.35,94.25,95.8,9873070
2022-12-29,95.1,96.35,94.75,95.95,10702585
2022-12-30,96.8,97.3,95.85,96.05,7280552
2023-01-03,96.7,97.4,96.4,96.8,6053619
2023-01-04,97.1,97.6,95.15,95.4,9398653
2023-01-05,95.9,97.5,95.15,97.35,12382060
2023-01-06,97.7,98.75,96.85,97.25,14032853
2023-01-09,97.95,98.95,97.85,98.45,12464665
2023-01-10,98.0,98.95,97.5,98.1,9211811
2023-01-11,98.1,98.5,97.0,97.3,9737047
2023-01-13,96.1,97.3,95.25,96.1,9641316
2023-01-16,96.4,97.1,95.8,96.9,4621698
2023-01-17,96.95,97.7,96.75,97.45,7321828
2023-01-18,97.45,97.8,96.9,97.25,9417195
2023-01-19,97.75,97.9,96.75,97.6,6384333
2023-01-20,97.6,99.2,97.4,99.0,13615997
2023-01-23,100.0,102.85,99.6,102.25,28390308
2023-01-24,102.75,102.75,101.6,102.0,8583670
2023-01-25,102.0,102.0,99.55,100.9,12007717
2023-01-27,101.7,102.65,97.9,99.15,13064056
2023-01-30,99.25,99.9,91.85,94.95,29985336
2023-01-31,94.0,97.8,94.0,95.15,24892166
2023-02-01,95.5,98.0,95.0,96.05,19042474
2023-02-02,95.5,96.4,93.45,93.9,17726153
2023-02-03,94.25,94.3,91.05,92.8,18191035
2023-02-07,95.0,96.25,94.5,96.0,8686792
2023-02-08,96.0,96.4,95.05,95.8,5763070
2023-02-09,96.3,96.3,94.7,95.85,6065233
2023-02-10,95.85,96.25,94.85,95.85,9527603
2023-02-13,95.85,96.5,95.35,95.75,5275322
2023-02-14,95.8,96.05,94.3,95.4,7505908
2023-02-15,95.3,95.65,94.5,95.3,6887911
2023-02-16,95.5,96.25,95.35,95.95,5800257
2023-02-17,95.75,96.85,95.25,96.0,19937435
2023-02-20,96.4,96.4,95.3,95.7,12837565
2023-02-21,96.35,96.35,95.05,95.3,8240973
2023-02-22,94.95,96.0,93.15,95.55,9721273
2023-02-23,97.05,99.15,96.25,98.05,38462809
2023-02-24,98.5,103.95,98.25,103.45,45176952
2023-02-27,103.85,106.2,103.15,104.15,27802826
2023-02-28,104.15,104.2,102.3,102.65,17617907
2023-03-01,102.2,103.55,102.15,103.4,7012524
2023-03-02,103.15,103.95,102.45,103.05,9586771
2023-03-03,104.65,106.6,104.05,105.25,27232148
2023-03-06,106.0,109.5,105.75,109.05,35771465
2023-03-08,109.7,112.8,109.35,111.25,27568928
2023-03-09,111.45,111.8,108.4,108.65,16240893
2023-03-10,108.0,111.6,107.8,111.05,24574077
2023-03-13,112.0,112.45,109.85,110.2,24579514
2023-03-14,111.05,111.3,109.4,110.0,23328812
2023-03-15,111.4,111.5,108.75,109.05,14237757
2023-03-16,109.4,112.15,107.8,109.55,26757814
2023-03-17,110.15,111.7,109.4,110.15,21251193
2023-03-20,110.15,111.3,108.85,109.8,23234444
2023-03-21,106.0,107.6,104.4,105.1,26605735
2023-03-22,105.5,107.85,102.9,105.4,36125531
2023-03-23,105.25,105.65,101.9,105.1,16318256
2023-03-24,104.9,105.6,102.95,103.5,10924642
2023-03-27,102.75,104.25,102.35,103.9,9550049
2023-03-28,103.9,104.5,103.25,104.15,7814715
2023-03-29,104.15,106.2,104.0,105.5,10745581
2023-03-31,105.75,107.0,104.85,105.15,15641500
2023-04-03,105.45,106.95,104.9,105.45,11147157
2023-04-05,105.75,106.2,104.3,105.4,6305668
2023-04-06,105.05,105.75,104.3,105.45,7249613
2023-04-10,106.0,106.95,105.35,105.95,8306845
2023-04-11,106.0,107.1,105.55,106.05,8331690
2023-04-12,106.05,108.85,105.8,108.6,14151790
2023-04-13,111.0,111.0,107.1,108.15,15062407
2023-04-17,108.15,110.6,107.55,110.1,11580594
2023-04-18,109.3,110.6,109.05,109.5,9664860
2023-04-19,109.0,109.95,107.7,108.25,8205988
2023-04-20,109.0,109.45,108.25,108.7,12345494
2023-04-21,108.6,109.2,107.85,108.35,5402376
2023-04-24,108.4,109.6,108.4,109.3,6760713
2023-04-25,109.85,110.2,108.75,109.2,8661439
2023-04-26,109.3,110.5,108.6,110.2,7305825
2023-04-27,110.1,110.1,108.8,109.3,8349269
2023-04-28,109.1,109.4,105.05,107.3,19307001
2023-05-02,108.0,108.55,107.25,108.3,7263913
2023-05-03,108.15,109.0,107.5,108.0,6687032
2023-05-04,108.0,108.2,106.35,107.15,7617969
2023-05-05,107.35,108.5,107.05,107.65,4948142
2023-05-08,107.7,108.1,107.0,107.45,4868763
2023-05-09,107.45,108.25,106.55,106.95,11885359
2023-05-10,106.9,109.1,106.25,109.0,7172451
2023-05-12,109.0,109.35,107.55,108.05,5177796
2023-05-15,108.0,111.95,108.0,111.75,10713993
2023-05-16,112.85,113.95,111.5,111.7,18937352
2023-05-17,112.35,112.5,109.65,110.0,5634267
2023-05-18,110.65,110.85,104.8,106.2,24715468
2023-05-19,104.8,105.7,102.95,104.85,15968522
2023-05-22,105.0,106.9,104.2,106.35,11338813
2023-05-23,106.8,108.5,106.0,107.5,8713781
2023-05-24,107.35,108.2,106.8,107.7,6366074
2023-05-25,107.75,108.2,107.3,107.8,4719281
2023-05-26,108.0,109.0,106.1,106.35,6943806
2023-05-29,106.9,106.9,105.6,106.25,8058796
2023-05-30,106.3,106.55,105.2,105.95,7204247
2023-05-31,105.9,105.95,104.5,104.8,10176487
2023-06-01,104.45,105.85,103.5,105.35,9465271
2023-06-02,105.8,106.15,104.4,104.6,9624201
2023-06-05,105.0,105.2,104.1,104.45,5284220
2023-06-06,104.8,105.2,104.3,104.7,5394343
2023-06-07,105.0,106.0,104.5,105.6,8674853
2023-06-08,105.95,106.0,104.6,104.75,7433762
2023-06-09,104.8,106.0,104.25,104.9,5451500
2023-06-12,105.0,105.95,104.55,105.2,7078498
2023-06-13,105.95,107.15,105.3,107.05,11662296
2023-06-14,107.55,108.0,107.0,107.2,6930665
2023-06-15,107.2,107.45,106.15,107.15,5385018
2023-06-16,107.2,108.0,106.25,107.5,8119111
2023-06-19,107.85,108.4,106.7,108.0,4126281
2023-06-20,107.9,108.7,106.75,108.25,11218628
2023-06-21,108.25,108.4,106.5,106.7,13138208
2023-06-22,106.7,107.0,104.0,104.45,16244574
2023-06-23,104.35,105.4,103.3,105.05,7880417
2023-06-26,104.5,105.2,103.7,104.8,9225360
2023-06-27,104.8,105.05,104.1,104.3,9909567
2023-06-28,104.7,104.85,103.5,103.8,14246542
2023-06-30,103.95,105.3,103.75,105.05,16108372
2023-07-03,105.5,106.6,104.7,106.45,22772148
2023-07-04,107.0,107.15,105.9,106.55,9292916
2023-07-05,106.6,107.55,106.15,107.4,10903523
2023-07-06,107.35,111.4,106.1,110.8,29145409
2023-07-07,109.6,112.1,109.15,110.7,15022279
2023-07-10,111.0,111.35,108.3,108.95,8710335
2023-07-11,108.95,109.6,107.65,109.3,10380385
2023-07-12,109.0,111.15,108.95,110.6,9851130
2023-07-13,110.6,111.2,107.85,108.1,8440163
2023-07-14,108.2,110.6,107.5,110.0,10678733
2023-07-17,110.0,110.25,108.45,108.6,7839246
2023-07-18,108.95,109.15,108.35,108.9,6013243
2023-07-19,108.9,110.9,108.85,109.5,9938960
2023-07-20,109.9,111.65,109.6,110.45,10500380
2023-07-21,110.3,112.3,109.65,111.5,11702513
2023-07-24,112.2,114.0,111.55,112.05,13872167
2023-07-25,112.7,117.0,112.2,116.4,23574611
2023-07-26,117.2,118.05,115.8,116.05,17962594
2023-07-27,116.8,117.8,115.6,116.6,13286670
2023-07-28,116.8,118.25,116.1,117.5,21875385
2023-07-31,120.35,122.95,118.0,119.1,64986613
2023-08-01,119.1,122.35,117.2,120.35,32978003
2023-08-02,120.4,120.7,115.1,116.35,27870281
2023-08-03,116.35,116.85,114.75,115.55,13891020
2023-08-04,116.45,116.9,114.2,115.3,11230403
2023-08-07,116.0,116.55,114.1,114.25,11480767
2023-08-08,114.3,116.7,114.1,116.4,16636302
2023-08-09,116.95,118.15,115.6,117.9,11556651
2023-08-10,118.6,119.1,117.05,117.6,13140800
2023-08-11,118.05,118.3,115.4,115.7,10818126
2023-08-14,115.8,115.95,112.25,112.85,10233977
2023-08-16,112.85,114.45,111.85,114.15,5958441
2023-08-17,114.0,114.65,113.0,113.35,5708751
2023-08-18,113.9,114.1,111.5,112.6,8626445
2023-08-21,112.8,114.75,112.35,114.4,6394425
2023-08-22,114.55,117.4,114.35,117.05,9410569
2023-08-23,117.35,118.7,116.25,117.75,14990033
2023-08-24,118.45,119.2,117.5,118.0,17273849
2023-08-25,114.0,117.5,114.0,116.5,10944286
2023-08-28,116.3,118.2,116.2,117.35,7734363
2023-08-29,117.55,117.9,116.65,117.2,8257230
2023-08-30,117.25,118.1,115.8,116.1,8868451
2023-08-31,116.0,116.75,114.75,115.0,12626049
2023-09-01,117.0,122.3,115.55,121.35,31991938
2023-09-04,122.7,123.75,121.5,122.7,19622564
2023-09-06,123.0,125.9,123.0,124.6,20234630
2023-09-07,125.1,127.4,124.8,126.05,19840679
2023-09-08,127.25,128.85,125.9,128.05,20210938
2023-09-11,128.95,129.55,126.8,128.5,13773356
2023-09-12,129.0,129.45,121.85,122.25,18056666
2023-09-13,123.1,124.85,120.8,124.25,10650872
2023-09-14,124.95,126.8,123.6,125.9,12308230
2023-09-15,126.8,127.0,123.5,123.85,27553333
2023-09-18,124.4,124.55,122.8,123.5,13376212
2023-09-20,124.1,125.8,122.95,123.55,20993004
2023-09-21,123.75,125.3,120.95,121.2,11814520
2023-09-22,121.6,123.1,121.5,121.65,7745864
2023-09-25,121.8,122.8,120.0,122.4,11052731
2023-09-26,122.35,123.4,121.35,121.55,7023846
2023-09-27,121.95,122.45,120.8,121.2,6490723
2023-09-28,121.95,122.7,121.0,121.45,9719776
2023-09-29,122.65,125.0,122.3,124.4,14505102
2023-10-03,124.4,126.05,123.6,124.0,13140786
2023-10-04,124.0,124.1,120.15,121.35,9753480
2023-10-05,121.8,123.5,121.8,123.0,13906951
2023-10-06,123.8,125.15,122.55,124.6,12431715
2023-10-09,122.4,122.9,120.9,121.8,11378558
2023-10-10,122.0,123.4,121.85,122.9,9862213
2023-10-11,123.25,124.7,123.05,123.55,13202599
2023-10-12,123.55,130.4,123.55,129.35,44500591
2023-10-13,128.9,132.15,128.0,128.25,32376316
2023-10-16,128.4,130.85,128.2,129.95,22411704
2023-10-17,130.2,132.45,130.2,131.4,29711623
2023-10-18,131.45,132.45,130.05,131.0,22761267
2023-10-19,130.0,131.05,129.0,129.3,12766650
2023-10-20,129.0,129.3,123.25,125.05,23340295
2023-10-23,125.0,125.4,119.8,120.8,17027808
2023-10-25,121.55,121.8,117.95,119.7,9531434
2023-10-26,118.0,119.25,116.85,118.5,13170505
2023-10-30,118.75,119.75,116.95,118.7,7895004
2023-10-31,119.05,121.4,116.15,119.5,33212394
2023-11-01,120.4,121.45,117.4,117.6,15959172
2023-11-02,119.1,122.3,118.75,122.05,17644988
2023-11-03,122.7,124.2,122.1,123.75,12062935
2023-11-06,124.7,125.0,123.05,123.4,6377850
2023-11-08,125.75,125.85,124.0,124.65,7605770
2023-11-09,125.0,125.0,123.3,124.15,7332564
2023-11-10,123.9,125.9,123.2,125.6,6880677
2023-11-13,126.5,127.3,125.35,126.05,5965121
2023-11-15,127.3,129.05,126.55,126.85,14489745
2023-11-16,126.9,127.8,126.05,126.4,6392633
2023-11-17,125.45,127.15,124.8,126.25,9122291
2023-11-20,125.65,126.45,124.15,124.55,5930799
2023-11-21,124.6,125.4,124.15,124.95,5289551
2023-11-22,125.05,125.45,122.9,123.8,7738964
2023-11-23,124.05,125.9,123.7,124.95,7039867
2023-11-24,125.1,125.7,123.9,124.5,7037545
2023-11-28,124.55,126.45,123.65,125.3,19955790
2023-11-29,125.2,127.0,125.2,125.9,17797816
2023-11-30,125.85,134.2,125.3,131.9,82083861
2023-12-01,134.0,137.35,132.35,136.05,53660727
2023-12-04,139.0,145.1,138.0,141.9,66257632
2023-12-05,142.85,143.4,139.5,140.35,25099887
2023-12-06,141.15,142.6,138.8,140.6,18752200
2023-12-07,140.6,143.7,140.05,142.05,18456707
2023-12-08,142.85,144.8,137.35,140.35,18995777
2023-12-11,140.05,143.1,139.75,141.05,11044633
2023-12-12,141.05,141.6,138.0,138.75,9881478
2023-12-13,139.05,142.0,138.5,141.05,17529522
2023-12-14,142.0,147.4,141.65,145.55,38595458
2023-12-15,147.0,149.15,145.0,145.85,28383880
2023-12-18,146.0,147.5,144.5,145.05,10775891
2023-12-19,146.1,146.85,142.85,144.4,16040169
2023-12-20,145.5,148.0,136.45,137.75,24177947
2023-12-21,135.15,141.0,134.85,140.7,16747435
2023-12-22,142.0,153.15,141.1,151.5,84784192
2023-12-26,152.45,157.7,151.4,154.0,44403657
2023-12-27,154.95,155.4,150.75,151.85,15311946
2023-12-28,152.45,158.85,151.65,157.1,37181228
2023-12-29,159.75,164.3,158.05,162.1,57370272
2024-01-01,163.7,169.35,162.65,166.2,40952729
2024-01-02,167.1,167.6,158.1,164.05,40801901
2024-01-03,164.0,164.4,160.75,162.15,22338899
2024-01-04,162.3,165.7,162.25,163.15,16795469
2024-01-05,166.0,167.1,161.9,163.65,36182162
2024-01-08,165.35,165.35,160.3,160.7,16705187
2024-01-09,161.9,162.75,159.7,161.05,21668343
2024-01-10,160.9,161.4,157.7,160.0,21435177
2024-01-11,159.8,161.1,155.85,159.05,37761286
2024-01-12,160.8,164.85,159.4,162.4,31798366
2024-01-15,163.7,166.8,161.5,165.2,26896883
2024-01-16,165.35,168.2,162.85,166.9,33401828
2024-01-17,165.5,169.0,163.6,164.1,31113706
2024-01-18,164.1,165.15,157.75,163.55,20299367
2024-01-19,165.05,169.2,164.4,168.3,21251240
2024-01-20,170.25,171.8,165.5,166.45,26069183
2024-01-23,168.0,168.3,155.75,157.2,30341132
2024-01-24,158.7,165.1,156.2,164.55,18968981
2024-01-25,166.0,167.15,164.55,165.4,16725897
2024-01-29,167.95,174.7,165.5,171.75,58433818
2024-01-30,175.0,177.0,171.5,172.0,57303068
2024-01-31,173.0,174.5,170.35,172.6,29140358
2024-02-01,174.0,175.5,171.3,173.7,31663125
2024-02-02,175.9,180.0,175.1,177.9,41748419
2024-02-05,180.0,186.5,177.95,181.6,57505480
2024-02-06,178.5,183.0,175.7,181.55,33761541
2024-02-07,182.75,185.4,178.25,178.95,31684715
2024-02-08,180.95,182.2,178.0,179.7,19018617
2024-02-09,179.9,180.1,168.15,173.1,36193339
2024-02-12,173.1,174.7,167.5,168.8,18334992
2024-02-13,169.3,172.3,166.35,170.35,13204257
2024-02-14,169.0,176.75,167.25,176.25,15132347
2024-02-15,177.0,186.5,175.65,184.25,43688826
2024-02-16,185.4,185.65,181.75,182.6,19961823
2024-02-19,183.0,187.85,182.15,183.85,19606057
2024-02-20,183.5,186.0,182.55,184.0,11867776
2024-02-21,184.7,185.45,179.3,180.3,13671880
2024-02-22,181.0,183.2,177.7,182.25,11766044
2024-02-23,183.0,183.1,179.1,179.9,8219010
2024-02-26,180.0,183.5,177.7,182.1,14909208
2024-02-27,182.0,183.25,178.85,180.5,9486385
2024-02-28,180.85,181.8,176.65,179.35,12659946
2024-02-29,178.75,183.9,176.3,182.25,19475687
2024-03-01,184.95,185.95,182.2,184.15,17823470
2024-03-04,186.0,192.9,185.0,190.85,52923468
2024-03-05,192.5,196.35,191.3,194.1,26849239
2024-03-06,194.05,194.1,185.65,190.45,20285523
2024-03-07,191.15,192.45,187.6,188.55,7718111
2024-03-11,188.0,188.0,181.95,183.25,14087639
2024-03-12,183.25,184.6,178.7,179.9,16435560
2024-03-13,179.9,180.15,166.3,168.7,22832224
2024-03-14,168.0,176.6,166.05,176.1,22996586
2024-03-15,176.6,176.65,165.55,173.8,42241333
2024-03-18,174.5,178.0,173.15,175.9,10899780
2024-03-19,175.85,176.5,172.4,172.95,9713217
2024-03-20,173.0,174.85,168.7,174.0,8692031
2024-03-21,175.1,177.3,173.8,175.05,13773426
2024-03-22,175.0,176.0,172.8,174.1,12396239
2024-03-27,182.85,183.7,179.65,180.3,13833150
2024-03-28,181.35,182.4,179.65,181.05,10519502
2024-04-01,181.4,184.5,180.7,182.35,8712471
2024-04-02,183.0,184.3,177.5,183.3,17194544
2024-04-03,184.0,191.75,182.4,189.1,40868454
2024-04-04,190.45,190.45,184.85,186.5,16507602
2024-04-05,186.2,191.45,184.3,190.75,15022150
2024-04-08,191.05,201.85,191.05,200.75,56272730
2024-04-09,203.0,206.9,200.45,203.85,37997348
2024-04-10,204.5,209.9,201.6,202.2,27923078
2024-04-12,204.0,205.0,199.35,201.1,30179782
2024-04-15,197.0,208.6,196.6,203.7,44962181
2024-04-16,203.0,210.1,201.1,205.85,31636637
2024-04-18,208.0,213.65,202.25,203.55,30645258
2024-04-19,203.0,204.0,197.25,201.95,22533995
2024-04-22,204.5,204.5,195.95,198.75,36002648
2024-04-23,201.0,202.55,198.5,199.65,13558545
2024-04-24,200.9,208.8,199.2,207.4,31299709
2024-04-25,207.3,209.0,206.1,208.0,12365830
2024-04-26,208.9,211.7,207.3,208.05,13324638
2024-04-29,208.9,211.1,207.55,209.55,10194865
2024-04-30,209.95,212.25,208.65,209.1,17217978
2024-05-02,209.0,210.15,201.7,205.05,17430514
2024-05-03,207.0,208.5,200.65,203.8,15781876
2024-05-06,204.5,204.5,196.1,197.8,25048200
2024-05-07,198.25,198.85,191.55,192.75,15026421
2024-05-08,195.0,201.75,193.8,201.15,23505647
2024-05-09,201.85,203.3,192.4,193.3,19166975
2024-05-10,195.0,196.5,189.2,192.55,14080312
2024-05-13,192.55,193.7,187.35,192.95,12436159
2024-05-14,193.45,200.9,193.2,200.05,15962440
2024-05-15,201.1,202.85,198.5,200.75,12338883
2024-05-16,201.55,202.75,191.0,195.45,32045529
2024-05-17,195.9,205.3,195.15,203.9,30620083
2024-05-18,206.0,210.35,205.5,208.75,9695039
2024-05-21,208.7,211.3,203.75,204.2,34640241
2024-05-22,206.6,206.6,198.25,200.75,36029532
2024-05-23,202.0,203.25,199.55,200.45,30667689
2024-05-24,201.0,206.85,199.15,204.45,23963389
2024-05-27,206.75,207.15,200.5,202.45,15755998
2024-05-28,203.4,203.55,198.4,200.5,11658134
2024-05-29,198.5,201.3,198.05,200.7,11373374
2024-05-30,201.0,203.15,197.9,199.4,16892576
2024-05-31,200.85,205.15,200.0,204.3,45410243
2024-06-03,217.0,233.2,211.15,230.8,106239940
2024-06-04,230.45,230.45,173.5,190.3,144638353
2024-06-05,198.1,198.3,182.95,195.15,49797002
2024-06-06,201.0,210.85,199.1,207.9,41316996
2024-06-07,211.2,214.4,207.9,212.7,31816743
2024-06-10,214.4,217.69,205.89,208.18,38291847
2024-06-11,208.2,214.25,205.93,212.86,58491135
2024-06-12,216.0,220.25,214.44,216.92,37632644
2024-06-13,219.05,220.2,214.27,219.83,26308017
2024-06-14,219.9,225.5,219.11,221.83,32311984
2024-06-18,223.8,224.4,220.15,222.26,18556534
2024-06-19,222.26,222.85,215.7,216.28,20546373
2024-06-20,217.9,221.5,215.16,218.6,18495221
2024-06-21,219.8,219.8,214.0,214.76,16928662
2024-06-24,212.9,213.33,208.55,212.65,23293709
2024-06-25,214.3,215.5,211.61,213.15,12615853
2024-06-26,211.7,215.16,209.53,213.43,18166674
2024-06-27,214.5,218.46,213.45,217.95,24218669
2024-06-28,218.3,223.15,217.9,219.55,25103775
2024-07-01,220.25,224.0,219.55,222.55,20094833
2024-07-02,223.65,226.0,219.8,221.67,23734457
2024-07-03,222.0,222.85,219.15,220.14,11406984
2024-07-04,221.0,221.79,217.28,219.16,15067769
2024-07-05,219.15,223.95,217.54,222.96,20660843
2024-07-08,223.5,231.44,221.27,230.49,28199193
2024-07-09,232.87,234.1,228.0,229.11,24236853
2024-07-10,229.88,231.75,219.86,229.23,18643698
2024-07-11,229.9,230.75,226.0,229.4,15939530
2024-07-12,229.7,233.8,224.7,228.71,26631708
2024-07-15,229.6,238.0,228.09,237.16,32695974
2024-07-16,238.2,239.11,233.0,233.41,19213934
2024-07-18,233.51,233.87,227.76,228.86,14554717
2024-07-19,228.86,228.86,219.02,219.76,17266945
2024-07-22,217.8,226.45,216.16,222.87,14249258
2024-07-23,225.9,225.9,209.15,219.79,18437981
2024-07-24,219.0,225.0,218.1,223.67,10123727
2024-07-25,222.0,229.79,218.97,228.4,21033610
2024-07-26,230.0,232.62,229.24,230.64,16686103
2024-07-29,231.5,234.17,230.0,231.87,12472241
2024-07-30,233.7,236.4,231.9,233.75,18713036
2024-07-31,241.0,246.3,238.46,240.97,87632493
2024-08-01,242.95,243.95,237.12,239.0,21967072
2024-08-02,236.39,239.5,232.1,237.01,14930829
2024-08-05,230.0,230.78,221.0,224.57,18627263
2024-08-06,225.99,230.56,222.4,223.4,14389267
2024-08-07,227.11,234.08,225.6,233.52,16963242
2024-08-08,232.0,232.23,226.67,227.31,13656192
2024-08-09,231.7,231.7,227.0,227.38,9460718
2024-08-12,226.48,234.9,225.36,231.9,20362324
2024-08-13,233.29,234.1,226.1,227.16,12565171
2024-08-14,228.3,229.87,225.07,226.66,12489039
2024-08-16,228.28,233.0,226.64,232.55,10347738
2024-08-19,234.0,239.6,233.53,238.93,19004338
2024-08-20,240.0,241.65,236.12,236.72,13957013
2024-08-21,238.0,238.79,235.35,236.15,7715949
2024-08-22,237.15,237.5,233.5,234.07,10788298
2024-08-23,234.6,235.29,228.85,229.47,11234936
2024-08-26,231.2,235.9,229.85,235.25,13276274
2024-08-27,235.0,237.8,234.1,236.52,11974901
2024-08-28,237.5,238.0,234.16,235.47,11745870
2024-08-29,234.05,235.18,228.69,231.91,14620812
2024-08-30,232.51,239.33,232.51,237.69,23605945
2024-09-02,238.65,240.29,233.38,234.06,11344611
2024-09-03,235.0,235.77,231.15,232.53,11468711
2024-09-04,229.09,231.44,227.97,229.97,10067531
2024-09-05,231.7,231.8,226.91,228.12,12026014
2024-09-06,227.9,228.42,221.95,222.82,12081433
2024-09-09,222.1,223.0,215.8,217.75,11247785
2024-09-10,219.4,221.84,217.59,219.93,10945760
2024-09-11,220.08,221.26,215.0,217.19,12709020
2024-09-12,218.2,220.97,217.61,220.64,9267929
2024-09-13,220.64,221.74,218.19,218.87,8023988
2024-09-17,218.68,221.45,217.87,219.73,7453731
2024-09-18,219.72,221.14,216.02,217.94,9639142
2024-09-19,219.0,219.45,208.62,210.92,22834523
2024-09-20,211.92,214.24,209.87,212.16,29582243
2024-09-23,213.0,220.95,211.63,220.33,17538036
2024-09-24,220.2,223.7,219.59,222.68,13952725
2024-09-25,222.64,226.0,222.06,225.59,14897710
2024-09-26,226.95,231.11,224.87,230.57,25633119
2024-09-27,234.0,237.9,232.0,236.98,31529491
2024-09-30,234.0,245.0,230.65,240.29,29251437
2024-10-01,240.2,244.5,239.01,239.76,14256684
2024-10-03,232.14,243.99,232.14,240.3,22452808
2024-10-04,241.45,241.99,229.24,230.19,20561689
2024-10-07,232.0,234.25,222.05,223.94,15437600
2024-10-08,222.22,227.36,221.08,224.75,9387045
2024-10-09,225.25,226.63,222.15,222.56,9953771
2024-10-10,224.0,229.47,223.58,225.62,10108642
2024-10-11,226.0,230.5,225.42,229.4,12660791
2024-10-14,229.4,231.6,227.15,230.67,12947771
2024-10-15,230.13,233.9,228.32,231.23,16946397
2024-10-16,230.53,234.5,229.71,231.86,14363208
2024-10-17,229.35,230.13,220.89,222.02,15315848
2024-10-18,222.0,222.18,217.35,221.43,10150771
2024-10-21,223.0,223.55,218.6,219.65,8211751
2024-10-22,218.21,219.54,211.35,212.13,12878742
2024-10-23,210.72,215.34,208.1,211.47,7866079
2024-10-24,211.25,213.69,210.0,210.44,6846772
2024-10-25,210.5,211.1,202.44,206.08,10268644
2024-10-28,205.0,209.28,203.57,206.85,12266987
2024-10-29,205.65,207.55,200.19,205.12,12717208
2024-10-30,204.16,206.85,202.33,203.73,8970199
2024-10-31,203.0,203.96,199.51,199.99,12812568
2024-11-04,200.17,200.31,194.76,196.19,10478575
2024-11-05,195.8,196.99,191.7,196.41,17109329
2024-11-06,201.0,209.99,201.0,208.92,40549292
2024-11-07,209.3,216.47,208.0,210.43,21951907
2024-11-08,210.0,210.0,203.82,204.17,13570458
2024-11-11,202.0,206.2,201.8,202.93,8551604
2024-11-12,203.0,205.2,193.5,194.15,17295996
2024-11-13,193.9,194.7,188.95,189.47,12112022
2024-11-14,189.51,192.0,187.93,188.89,12252336
2024-11-19,185.64,189.5,185.64,186.68,9668218
2024-11-21,187.11,190.25,180.42,188.3,17368997
2024-11-22,189.59,193.62,188.16,192.61,8159852
2024-11-25,197.4,201.2,196.83,199.19,21024516
2024-11-26,199.19,199.92,193.02,193.97,10102404
2024-11-27,194.6,195.5,192.5,194.88,8033396
2024-11-28,194.9,199.25,193.65,196.7,15723274
2024-11-29,197.7,200.56,196.45,199.46,12489971
2024-12-02,198.4,199.2,197.0,198.54,8234055
2024-12-03,199.5,201.19,199.0,199.99,8800984
2024-12-04,201.6,208.03,201.37,206.73,14841619
2024-12-05,208.45,209.7,205.55,208.87,12412144
2024-12-06,208.87,213.4,208.51,210.41,14026104
2024-12-09,210.4,211.9,208.21,208.67,7980018
2024-12-10,208.8,209.94,206.88,207.54,7239820
2024-12-11,206.5,207.82,205.0,205.82,6858258
2024-12-12,205.3,207.6,204.41,205.22,5419304
2024-12-13,205.0,205.6,199.84,204.9,4879404
2024-12-16,204.75,205.0,201.37,203.82,10337056
2024-12-17,203.0,205.0,198.11,199.57,10164638
2024-12-18,198.0,199.36,193.0,193.54,13124279
2024-12-19,189.1,197.0,188.73,193.62,13972934
2024-12-20,194.01,199.78,191.72,192.42,25818265
2024-12-23,194.2,198.19,191.63,193.97,20954043
2024-12-24,193.97,201.49,193.86,198.06,22726193
2024-12-26,198.6,200.71,196.5,197.63,9338804
2024-12-27,196.99,197.73,192.11,192.5,8010778
2024-12-30,193.0,193.82,187.5,188.74,24223648
2024-12-31,188.35,192.14,187.35,190.98,8397949
2025-01-02,191.0,191.88,187.56,191.1,9157431
2025-01-03,191.69,193.76,189.74,191.09,16593190
2025-01-06,191.39,191.4,183.8,184.67,20865981
2025-01-07,186.31,189.28,183.96,186.06,14521936
2025-01-08,187.0,191.67,186.99,190.58,14658568
2025-01-09,190.4,190.87,182.33,183.02,14447702
2025-01-10,183.5,184.87,177.75,179.58,11987426
2025-01-13,175.18,178.76,171.65,172.15,12564130
2025-01-14,173.19,178.2,173.1,175.96,16272268
2025-01-15,177.15,179.99,175.77,177.94,11373283
2025-01-16,181.95,182.3,178.05,180.52,6929944
2025-01-17,179.6,182.79,179.44,180.95,5519645
2025-01-20,180.95,182.9,179.12,182.06,5329580
2025-01-22,179.27,180.62,172.25,176.46,9583003
2025-01-23,175.2,180.29,175.2,179.66,7865833
2025-01-24,178.81,180.09,175.34,175.84,6235286
2025-01-27,173.0,174.1,166.7,167.65,22215768
2025-01-28,166.75,170.19,163.35,166.13,18592348
2025-01-29,166.35,168.2,164.41,165.22,16409375
2025-01-30,165.35,172.99,165.35,167.11,30173614
2025-01-31,169.25,178.87,167.15,177.12,36650691
2025-02-03,176.0,177.18,173.07,174.34,17456702
2025-02-04,176.0,178.45,175.0,178.0,12517209
2025-02-05,180.11,180.94,178.35,179.5,12940845
2025-02-06,180.0,180.87,176.5,178.41,14963364
2025-02-07,171.0,173.4,170.1,171.05,12418542
2025-02-10,171.05,171.64,167.5,168.1,11546697
2025-02-11,167.1,167.73,160.73,161.69,19520499
2025-02-12,160.1,161.15,155.51,159.76,20114096
2025-02-13,159.35,164.79,159.35,162.33,12193757
2025-02-14,162.51,165.3,160.75,162.29,18449659
2025-02-17,160.31,161.42,157.76,160.17,14124277
2025-02-18,160.17,164.75,157.6,164.07,13591407
2025-02-19,162.21,164.76,161.65,163.53,9842304
2025-02-20,162.1,167.43,161.61,167.14,10110659
2025-02-21,166.9,168.49,163.09,164.21,10215346
2025-02-24,161.5,165.69,160.7,164.58,7411226
2025-02-25,164.0,165.56,160.5,160.74,6520927
2025-02-27,160.0,161.94,157.47,159.37,8836252
2025-02-28,158.99,158.99,153.65,156.04,24910367
2025-03-03,156.04,159.0,153.31,154.05,21947511
2025-03-04,153.0,153.9,150.52,153.17,11758879
2025-03-05,153.5,159.25,153.35,158.95,11875941
2025-03-06,160.7,162.62,159.01,161.46,9112943
2025-03-07,161.41,161.94,157.4,158.14,12554271
2025-03-11,154.45,157.3,153.0,156.78,8510794
2025-03-12,157.4,161.65,157.3,159.2,12855790
2025-03-13,159.46,161.3,157.71,157.96,9241718
2025-03-17,157.89,159.2,156.41,156.58,9745451
2025-03-18,157.6,164.25,157.1,163.0,12630804
2025-03-19,163.0,166.62,162.62,165.96,11002564
2025-03-20,167.07,169.38,164.65,168.46,10268944
2025-03-21,168.45,177.33,168.4,175.05,33864565
2025-03-24,178.76,186.4,178.2,181.28,33972530
2025-03-25,183.0,183.31,177.0,177.7,15135251
2025-03-26,177.0,179.5,173.42,174.07,15788440
2025-03-27,172.9,182.25,172.2,181.56,23986738
2025-03-28,181.99,184.95,180.81,183.04,22871476
2025-04-01,181.59,186.95,179.67,186.32,16373953
2025-04-02,184.05,186.9,183.1,184.06,13488498
2025-04-03,182.06,185.5,180.57,183.63,10999215
2025-04-04,183.2,184.9,175.0,176.61,12870074
2025-04-07,159.8,171.7,159.61,169.03,14675014
2025-04-08,174.42,177.43,169.69,172.57,11262619
2025-04-09,172.8,173.57,167.42,168.86,8093175
2025-04-11,173.02,173.37,169.31,171.71,11757223
2025-04-15,176.69,180.76,174.88,178.99,15842566
2025-04-16,178.0,185.0,176.31,184.7,20404245
2025-04-17,184.7,188.7,183.81,186.99,19477011
2025-04-21,190.5,197.0,188.59,195.32,31364829
2025-04-22,196.11,196.7,192.79,193.24,15312211
2025-04-23,194.29,194.8,189.9,193.5,8545702
2025-04-24,192.21,194.28,191.9,193.24,12332917
2025-04-25,193.0,194.67,184.88,186.74,9791154
2025-04-28,185.99,191.1,185.84,189.32,8332481
2025-04-29,189.37,193.19,188.9,189.6,6147630
2025-04-30,189.15,192.3,187.41,189.09,11049144
2025-05-02,190.0,192.6,187.73,189.54,8026624
2025-05-05,189.54,193.1,187.27,191.19,11170518
2025-06-20,180.15,182.62,179.42,181.85,18520686
2025-06-23,180.0,185.16,179.85,184.76,11308631
2025-06-24,186.06,187.89,185.11,185.49,7404157
2025-06-25,187.39,187.39,183.61,183.98,8112854
2025-06-26,184.62,187.2,183.84,186.79,12858332
2025-06-27,187.7,191.61,187.11,191.02,13050123
2025-06-30,192.0,192.45,189.25,190.84,9866638
2025-07-01,191.1,191.32,188.0,189.62,8969214
2025-07-02,190.46,191.99,188.15,190.76,13834006
2025-07-03,191.31,193.52,190.76,192.74,14497014
2025-07-04,192.74,195.19,191.65,193.41,11748872
2025-07-07,193.5,195.3,192.72,193.15,10135456
2025-07-08,193.1,195.45,192.18,192.63,10024889
2025-07-09,192.7,192.7,184.7,185.03,27312219
2025-07-10,187.0,187.0,184.1,185.67,13016217
2025-07-11,185.3,185.3,181.55,181.89,13793909
2025-07-14,181.89,184.4,180.11,183.64,15937447
2025-07-15,182.32,184.99,182.32,184.71,7678880
2025-07-16,184.69,185.18,183.4,184.33,8484342
2025-07-17,184.76,186.1,184.1,185.29,7030843
2025-07-18,185.0,186.04,183.1,185.23,7725761
2025-07-21,184.6,185.02,183.38,184.12,5533832
2025-07-22,184.2,184.85,183.26,184.03,6991724
2025-07-23,184.0,186.6,183.96,186.39,7798034
2025-07-24,186.58,188.89,186.58,187.97,11684679
2025-07-25,187.13,187.83,183.09,183.51,10429865
2025-07-28,183.51,185.62,179.55,180.63,11229894
2025-07-29,179.3,185.34,178.2,182.98,13852750
2025-07-30,182.99,183.07,179.9,180.57,8784760
2025-07-31,178.0,178.91,177.36,177.68,7939221
2025-08-01,177.67,177.68,173.85,174.39,12964065
2025-08-04,173.7,175.37,172.5,174.54,9781181
2025-08-05,174.54,174.9,170.7,171.34,14688223
2025-08-07,169.66,169.85,167.25,169.49,13072513
2025-08-08,169.43,172.0,168.3,171.15,15908370
2025-08-11,171.15,173.23,170.1,173.02,5576496
2025-08-12,173.0,175.24,172.48,174.3,7141744
2025-08-13,174.2,174.76,172.3,173.36,6019021
2025-08-14,173.06,174.84,172.87,173.93,8864011
2025-08-18,174.0,174.51,172.36,173.66,6363956
2025-08-19,173.4,176.3,173.4,174.89,6732317
2025-08-20,175.16,179.39,174.89,178.12,10610680
2025-08-21,178.75,178.88,177.12,177.77,7252426
2025-08-22,177.61,177.94,176.05,176.81,6424964
2025-08-25,176.82,176.86,175.06,175.9,8324913
2025-08-26,174.33,175.87,171.0,171.64,9987523
2025-08-28,171.64,172.4,169.56,171.22,8495627
2025-08-29,170.18,174.0,170.06,173.07,8823629
2025-09-01,173.12,176.16,172.86,175.94,6770507
2025-09-02,176.05,180.45,175.72,179.29,8668666
2025-09-03,180.39,181.35,176.94,178.02,6209706
2025-09-04,178.59,178.75,174.0,174.66,9769773
2025-09-05,174.67,175.22,172.61,173.97,7598903
2025-09-08,173.97,174.5,172.03,172.37,5686270
2025-09-09,172.39,173.64,171.7,172.96,8186535
2025-09-10,173.4,174.78,173.1,173.9,7050241
2025-09-11,175.9,179.78,175.3,179.01,13059152
2025-09-12,180.5,183.8,178.1,178.55,19079692
2025-09-15,179.0,180.57,177.66,179.93,4509947
2025-09-16,180.7,182.5,179.25,182.24,6383724
2025-09-17,182.24,182.99,180.7,181.6,4834786
2025-09-18,182.0,182.98,180.25,180.95,5872596
2025-09-19,181.1,182.05,180.5,181.65,6567199
2025-09-22,181.6,182.36,179.85,180.95,5333007
2025-09-23,181.1,181.7,178.15,178.66,6368313
2025-09-24,178.7,179.0,175.66,175.91,10054492
2025-09-25,176.0,177.66,174.0,174.42,8858607
2025-09-26,174.31,174.55,171.3,172.02,8760356
2025-09-29,172.78,177.1,171.9,176.49,12460294
2025-09-30,176.5,177.32,175.5,176.29,9899684
2025-10-01,175.7,176.49,173.75,174.56,6383909
2025-10-03,174.72,177.75,174.48,177.36,7695671
2025-10-06,175.32,178.16,175.32,176.62,5015866
2025-10-07,176.61,180.24,176.54,179.9,8793661
2025-10-08,180.83,181.3,177.13,177.52,9739699
2025-10-09,177.52,179.18,177.52,178.45,5696104
2025-10-10,178.3,181.0,178.3,179.21,12004977
2025-10-13,178.8,180.7,176.39,180.33,11256078
2025-10-14,180.33,183.5,173.47,175.37,13393866
2025-10-15,176.08,178.49,175.62,177.37,10456218
2025-10-16,177.37,180.8,177.1,179.17,11918586
2025-10-17,179.21,179.21,176.02,177.6,10653158
2025-10-20,179.2,179.75,177.98,178.42,5945439
2025-10-21,178.82,179.0,177.95,178.39,550754
2025-10-23,178.89,181.37,178.4,180.08,6890426
2025-10-24,179.9,182.4,179.6,181.02,14617812
2025-10-27,181.05,181.5,179.5,180.17,7633630
2025-10-28,180.17,180.95,177.46,178.46,4486173
2025-10-29,179.0,186.44,178.75,184.64,16216434
2025-10-30,186.0,186.1,182.32,183.09,10890893
2025-10-31,183.39,185.9,181.3,182.76,12162645
2025-11-03,182.44,184.44,177.84,183.69,11050075
2025-11-04,183.98,184.49,180.75,181.62,11320462
2025-11-06,182.8,182.8,178.65,178.98,8609714
2025-11-07,178.3,181.43,177.16,180.47,5863620
2025-11-10,179.6,182.25,179.6,181.52,6801002
2025-11-11,181.4,182.69,179.76,182.34,4352265
2025-11-12,182.51,183.44,181.75,182.45,9245014
2025-11-13,182.45,185.37,182.18,183.67,8521444
2025-11-14,183.0,184.03,182.07,183.41,5496277
2025-11-17,182.9,185.63,182.55,185.3,6749568
2025-11-18,186.49,186.49,183.01,184.31,6258414
2025-11-19,184.4,184.88,183.3,184.05,3032584
2025-11-20,184.18,185.17,183.02,184.31,6809330
2025-11-21,184.0,184.78,181.69,182.99,8936258
2025-11-24,182.11,183.61,180.01,181.09,13399523
2025-11-25,181.09,182.15,179.5,180.22,5775748
2025-11-26,180.1,185.58,180.0,185.16,7831961
2025-11-27,185.2,186.87,183.12,183.8,3082841
2025-11-28,172.22,176.4,171.8,176.09,60244650
2025-12-01,177.0,177.43,174.84,175.41,14586098
2025-12-02,175.21,176.66,174.5,175.0,6840703
2025-12-03,175.05,175.5,169.7,170.27,19784622
2025-12-04,170.99,171.87,169.75,170.63,7624463
2025-12-05,171.0,171.6,169.53,169.98,5577375
2025-12-08,169.98,170.42,165.49,166.81,10883405
2025-12-09,165.42,168.62,164.22,167.89,12988637
2025-12-10,167.98,169.9,167.35,168.02,6217163
2025-12-11,168.02,170.44,167.73,168.95,4976531
2025-12-12,170.0,174.29,169.3,170.71,18497271
2025-12-15,170.65,170.65,168.76,169.86,6675122
2025-12-16,169.78,169.78,167.43,168.32,7581502
2025-12-17,169.1,170.5,168.0,169.07,3369805
2025-12-18,168.6,169.49,166.9,167.55,3743055
2025-12-19,167.61,170.24,167.61,169.76,8766941
2025-12-22,170.01,172.23,169.3,171.72,4118436
2025-12-23,171.51,172.7,171.13,172.04,3548499
2025-12-24,173.0,173.81,170.74,171.0,4467016
2025-12-26,170.99,171.98,170.38,171.02,1942413
2025-12-29,171.0,171.5,169.92,170.42,2857519
2025-12-30,170.35,171.0,169.76,170.63,4526325
2025-12-31,170.7,172.7,170.7,172.16,6139095
2026-01-01,172.0,172.5,171.04,171.77,2897460
2026-01-02,171.55,176.07,171.55,175.38,13698712
2026-01-05,175.4,175.9,172.35,173.05,7405173
2026-01-06,173.0,173.0,168.85,169.39,8771407
2026-01-07,169.4,170.14,167.6,168.48,7890426
2026-01-08,168.03,168.42,163.05,163.53,9689093
2026-01-09,163.49,165.41,163.1,164.36,7540855
2026-01-12,163.99,167.1,161.9,166.55,8511255
2026-01-13,167.38,168.2,164.09,165.26,7864353
2026-01-14,164.99,166.55,164.25,165.17,12730825
2026-01-16,164.4,166.25,163.48,164.24,20549276
2026-01-19,164.24,165.66,163.59,164.72,4566527
2026-01-20,164.0,164.61,160.63,161.21,6841149
2026-01-21,161.21,165.26,159.79,162.68,16082935
2026-01-22,163.69,164.62,162.41,163.57,12111105
2026-01-23,165.0,165.04,160.0,160.81,8178368
2026-01-27,160.81,161.4,158.36,159.98,20808770
2026-01-28,161.1,168.67,161.1,168.14,11194053
2026-01-29,168.15,171.95,165.75,167.38,15216722
2026-01-30,167.35,168.1,165.21,167.29,15845745
2026-02-02,162.69,162.69,157.8,160.39,17376481
2026-02-03,165.4,166.49,161.4,162.8,32679436
2026-02-04,163.69,165.8,162.8,165.41,15626744
2026-02-05,161.52,161.6,159.41,160.18,13323350
2026-02-06,160.0,163.62,159.03,162.99,15057595
2026-02-09,163.2,164.24,162.5,163.64,14553493
2026-02-10,163.79,167.12,163.7,164.55,14629394
2026-02-11,164.64,164.64,161.8,163.47,8859790
2026-02-12,163.0,164.5,162.04,163.72,13190080
2026-02-13,162.4,163.33,161.12,161.69,8523271
2026-02-16,161.68,165.1,161.3,164.82,10223455
2026-02-17,164.2,165.9,163.86,165.75,8756094
2026-02-18,166.5,169.29,165.59,167.31,11790520
2026-02-19,167.31,169.36,165.85,166.88,17067659
2026-02-20,166.01,170.0,165.8,168.47,14668133
2026-02-23,168.8,169.3,166.47,167.13,7494561
2026-02-24,165.6,168.59,165.6,167.86,8809408
2026-02-25,168.0,170.31,167.75,170.0,10027465
2026-02-26,170.5,171.2,168.41,169.96,13026917
2026-02-27,169.45,171.46,167.67,169.53,17164115
2026-03-02,165.5,167.96,163.5,165.07,17268287
2026-03-04,160.0,160.53,154.0,154.61,30080625
2026-03-05,155.49,157.86,154.41,156.73,18400202
2026-03-06,155.9,157.8,153.65,155.71,14633439
2026-03-09,152.0,152.0,146.41,148.98,20704576
2026-03-10,151.0,152.5,149.25,150.29,20823909
2026-03-11,151.39,154.9,147.32,147.97,23526066
2026-03-12,147.0,153.93,144.67,152.35,16072499
2026-03-13,152.5,153.29,147.45,147.78,11388686
2026-03-16,149.0,150.29,144.5,146.06,10325467
2026-03-17,147.0,148.38,145.55,147.71,13154638
2026-03-18,148.49,151.63,147.56,150.95,10219424
2026-03-19,148.97,148.97,143.8,144.27,10509747
2026-03-20,146.02,147.35,142.44,142.87,21738634
2026-03-23,141.23,142.1,134.36,135.4,16552069
2026-03-24,139.0,139.88,134.6,137.67,22824139
2026-03-25,139.8,140.85,138.3,139.2,17031700
2026-03-27,139.0,139.72,136.56,137.19,18663640
2026-03-30,135.89,140.25,135.0,137.71,21810845
2026-04-01,141.4,142.73,139.41,140.67,15145719
2026-04-02,138.95,142.0,137.5,141.73,15268069
2026-04-06,141.73,143.63,140.17,143.14,11466136
2026-04-07,143.0,145.78,141.01,145.38,15413074
2026-04-08,152.71,156.5,151.28,153.3,21095009
2026-04-09,153.3,154.7,151.24,152.22,10066115
2026-04-10,153.49,154.98,151.91,154.08,14099404
2026-04-13,148.5,154.3,148.5,153.71,15551444
2026-04-15,157.0,157.1,155.16,156.12,13040725
2026-04-16,157.96,159.29,156.67,158.92,9582628
2026-04-17,160.0,160.0,157.25,157.82,13015627
2026-04-20,157.92,158.9,156.02,157.7,5864225
2026-04-21,157.7,162.5,157.7,160.77,13146924
2026-04-22,160.9,166.8,160.65,166.12,14769257
2026-04-23,166.0,167.89,164.02,164.96,13410932
2026-04-24,165.96,166.3,163.35,165.61,9362530
2026-04-27,166.8,167.78,164.9,165.74,18132384
2026-04-28,165.89,167.22,165.06,165.68,6106987
2026-04-29,166.54,167.96,164.57,165.66,8164580
2026-04-30,164.68,164.68,161.31,163.23,7518096
2026-05-04,165.3,167.49,164.14,164.48,8799974
2026-05-06,164.24,165.95,163.75,165.68,4397644
2026-05-07,165.9,167.85,165.9,167.26,5313543
2026-05-08,167.4,168.09,165.9,166.49,3887936
2026-05-11,165.6,165.6,162.21,162.51,3743808
2026-05-12,161.01,162.79,159.7,160.35,9681167
2026-05-13,160.0,164.81,159.1,163.31,8542104
2026-05-14,164.25,165.9,159.4,162.61,7848939
2026-05-15,162.67,163.4,161.06,162.13,7062872
2026-05-18,160.65,161.0,157.64,160.22,13238998
2026-05-19,160.32,161.3,155.18,156.12,17108046
2026-05-20,155.84,156.0,151.71,155.64,11539253
2026-05-21,156.5,157.54,154.9,155.9,11448733
2026-05-22,153.0,162.7,151.41,160.77,19157978
2026-05-25,162.92,170.7,162.7,168.67,36426464
2026-05-26,167.8,169.82,166.3,167.63,16425185
2026-05-27,167.21,169.65,167.21,169.0,5523561
2026-05-29,170.0,170.0,163.4,164.51,26119462
2026-06-01,164.51,166.08,163.24,163.74,7915622
2026-06-02,162.99,165.47,161.18,164.83,9458223
2026-06-03,164.0,164.82,162.72,163.86,4684045
2026-06-04,161.54,168.15,161.54,167.55,11510123
2026-06-05,168.0,170.13,166.6,167.4,8047086
2026-06-08,166.02,170.15,165.1,168.6,8999902
2026-06-09,169.0,169.14,165.56,167.59,5976753
2026-06-10,166.62,169.8,166.25,168.01,11363717
2026-06-11,167.9,167.9,165.01,166.09,10176344
2026-06-12,167.01,171.2,166.67,170.5,7288989
2026-06-15,173.01,177.21,172.11,175.41,18354141
2026-06-16,176.45,178.2,175.0,176.09,8941189
2026-06-17,176.32,177.1,174.51,175.03,4400943
2026-06-18,175.78,177.0,173.51,176.44,6440199
2026-06-19,176.0,176.42,173.1,173.9,11093745
2026-06-22,174.15,178.47,174.15,177.3,7613714
2026-06-23,177.3,177.52,173.25,173.84,7418809
2026-06-24,174.25,175.69,173.61,174.93,6006860
2026-06-25,175.1,176.49,172.29,172.85,9847241
2026-06-29,172.85,173.88,170.01,172.22,5931749
2026-06-30,172.95,175.61,172.21,173.46,10139334
2026-07-01,172.8,175.0,172.4,174.5,4990189
2026-07-02,174.5,175.0,172.91,174.29,3376923
2026-07-03,174.32,175.89,173.7,174.15,4618256
2026-07-06,174.02,176.43,173.99,175.03,2759355
2026-07-07,175.05,175.56,173.52,174.01,6166046
2026-07-08,173.05,174.77,167.96,169.24,11211397
2026-07-09,169.0,172.29,168.54,170.2,10798380
2026-07-10,171.0,174.47,171.0,173.73,3236963
2026-07-13,172.84,173.4,170.53,173.12,3261762
2026-07-14,172.3,172.9,170.95,171.51,5005945
2026-07-15,170.81,174.95,170.5,173.15,5667626
2026-07-16,172.9,175.73,171.0,171.71,9023749
2026-07-17,171.65,171.97,169.47,171.2,9642263
2026-07-20,171.19,173.56,169.7,173.01,4986847
2026-07-21,172.72,176.2,172.52,173.99,4648262
2026-07-22,174.8,174.88,172.1,173.01,9198076
2026-07-23,172.75,173.12,170.94,171.99,4749811
2026-07-24,171.14,171.18,167.27,170.02,5814293
2026-07-27,170.11,174.89,170.11,174.23,10641180
2026-07-28,173.87,176.99,172.63,175.15,17050693
2026-07-29,175.5,176.0,173.5,175.12,8274629
2026-07-30,175.12,175.85,173.0,173.64,5628241
2026-07-31,174.45,182.21,173.5,181.44,38893443
2026-08-03,182.1,182.38,172.15,174.3,37607447
2026-08-04,174.25,177.22,173.16,175.0,18131149
2026-08-05,176.0,177.25,173.25,176.96,13429251
2026-08-07,175.81,176.28,171.89,173.63,7005144
2026-08-10,173.49,173.49,170.02,172.5,9148494
2026-08-11,172.0,175.34,171.11,175.34,15482707
2026-08-12,175.34,177.95,173.3,177.95,8976408
2026-08-14,175.4,175.4,173.45,174.9,4645490
2026-08-17,173.71,173.79,171.85,172.1,4132699
2026-08-18,172.2,173.55,171.62,173.5,6079875
2026-08-19,172.6,174.02,170.7,172.5,8840419
2026-08-20,172.5,173.59,172.06,172.5,3895715
2026-08-21,172.26,173.24,171.61,172.0,6509887
2026-08-24,172.0,173.79,172.0,173.75,4514359
2026-08-25,173.0,176.29,172.39,175.5,7837508
2026-08-26,174.99,176.26,174.09,174.49,5863526
2026-08-27,174.45,174.84,171.0,172.44,4745650
2026-08-28,171.7,172.44,170.11,171.1,8706458
2026-08-31,172.2,177.5,170.33,177.5,13012294
2026-09-01,173.41,174.39,172.07,172.69,8008794
2026-09-02,172.6,173.6,171.02,173.0,5580510
2026-09-03,173.19,174.67,172.01,174.67,6327095
2026-09-04,174.27,174.27,171.92,173.4,3878219
2026-09-07,173.4,177.3,172.8,176.0,9910348
2026-09-08,175.09,176.2,173.84,175.09,4347861
2026-09-09,173.7,175.59,173.61,174.9,4342968
2026-09-10,174.0,176.5,173.25,174.49,4397343
2026-09-11,173.5,175.18,173.01,173.62,6770227
