Date,Open,High,Low,Close,Volume
2010-06-10,1775.0,1790.0,1757.05,1769.7,140002
2010-06-11,1775.0,1831.9,1775.0,1819.6,257240
2010-06-14,1820.0,1839.4,1791.8,1804.8,69192
2010-06-15,1804.0,1812.9,1785.0,1796.25,132916
2010-06-16,1799.9,1801.7,1781.0,1792.3,68767
2010-06-17,1800.0,1807.0,1774.35,1781.0,99508
2010-06-18,1797.0,1797.0,1751.2,1759.5,53397
2010-06-21,1770.0,1795.0,1770.0,1789.4,111922
2010-06-22,1785.0,1812.45,1775.25,1794.5,67372
2010-06-23,1791.1,1802.0,1781.0,1791.85,51489
2010-06-24,1792.0,1808.4,1784.0,1798.75,105643
2010-06-25,1795.0,1835.0,1790.0,1798.65,126652
2010-06-28,1800.0,1824.0,1800.0,1815.05,76064
2010-06-29,1810.0,1832.0,1782.55,1798.55,141401
2010-06-30,1795.0,1843.0,1755.0,1827.65,172070
2010-07-01,1841.0,1864.8,1811.5,1845.4,125775
2010-07-02,1845.0,1858.8,1820.0,1827.1,52764
2010-07-05,1825.0,1847.7,1818.0,1828.4,32867
2010-07-06,1825.0,1839.9,1812.1,1819.65,67029
2010-07-07,1820.0,1830.0,1805.1,1818.7,38370
2010-07-08,1827.0,1879.0,1827.0,1862.5,434948
2010-07-09,1865.0,1897.6,1865.0,1890.3,392371
2010-07-12,1895.0,1913.8,1890.0,1904.7,332667
2010-07-13,1920.0,1920.0,1865.0,1878.75,39563
2010-07-14,1880.0,1905.0,1822.0,1829.15,134045
2010-07-15,1840.0,1845.0,1806.0,1810.45,48867
2010-07-16,1810.45,1841.0,1810.0,1834.1,52384
2010-07-19,1834.0,1836.9,1820.0,1828.35,20960
2010-07-20,1830.0,1842.8,1811.0,1816.4,23250
2010-07-21,1820.0,1847.85,1820.0,1833.75,37603
2010-07-22,1830.0,1850.0,1821.2,1826.4,32017
2010-07-23,1830.0,1847.9,1815.0,1827.5,39916
2010-07-26,1830.0,1849.0,1816.0,1820.35,27635
2010-07-27,1825.0,1847.65,1821.0,1834.7,55241
2010-07-28,1835.0,1848.0,1825.0,1829.7,34142
2010-07-29,1829.7,1866.0,1821.0,1849.5,372522
2010-07-30,1849.0,1874.7,1825.1,1834.05,106486
2010-08-02,1830.0,1868.0,1829.0,1856.4,80745
2010-08-03,1860.0,1891.0,1858.0,1884.55,116082
2010-08-04,1885.0,1894.0,1855.2,1877.95,109671
2010-08-05,1875.0,1893.65,1865.65,1881.0,24979
2010-08-06,1885.0,1891.0,1867.0,1870.4,46182
2010-08-09,1870.0,1920.0,1870.0,1904.3,256168
2010-08-10,1897.95,1912.9,1881.1,1903.55,117819
2010-08-11,1900.0,1909.8,1891.0,1902.85,49802
2010-08-12,1901.0,1901.0,1861.0,1879.35,68410
2010-08-13,1875.0,1894.7,1865.25,1876.4,37779
2010-08-16,1876.0,1977.7,1876.0,1967.95,790095
2010-08-17,1970.0,2053.0,1970.0,2010.45,366456
2010-08-18,2015.0,2078.5,2015.0,2060.75,416343
2010-08-19,2065.0,2146.0,2062.25,2136.85,220908
2010-08-20,2135.0,2149.45,2081.15,2094.25,158132
2010-08-23,2095.0,2140.0,2074.0,2085.45,133541
2010-08-24,2085.45,2105.0,2068.0,2072.3,193450
2010-08-25,2075.0,2127.85,2057.0,2063.7,83530
2010-08-26,2065.0,2087.4,2031.0,2045.85,79128
2010-08-27,2048.0,2073.2,2007.25,2017.7,43668
2010-08-30,2020.0,2069.8,2020.0,2044.15,80833
2010-08-31,2040.0,2069.0,1996.0,2021.15,79377
2010-09-01,2025.0,2054.0,2020.0,2044.85,35661
2010-09-02,2050.0,2099.0,2050.0,2089.25,189427
2010-09-03,2089.45,2103.5,2080.0,2087.8,105063
2010-09-06,2090.0,2123.0,2089.0,2114.35,84546
2010-09-07,2115.0,2222.2,2091.2,2195.05,256988
2010-09-08,2200.0,2239.0,2156.35,2163.4,171180
2010-09-09,2166.0,2186.0,2141.0,2150.7,57162
2010-09-13,2155.0,2190.0,2141.0,2153.8,57115
2010-09-14,2155.0,2211.0,2150.0,2200.75,132711
2010-09-15,2200.0,2224.0,2180.9,2198.7,141047
2010-09-16,2195.0,2217.8,2185.25,2198.6,113977
2010-09-17,2197.0,2252.85,2195.0,2230.35,129198
2010-09-20,2250.0,2260.0,2231.0,2248.2,89838
2010-09-21,2250.0,2262.0,2221.0,2231.0,132972
2010-09-22,2235.0,2244.8,2190.0,2202.35,88432
2010-09-23,2205.0,2215.05,2151.0,2163.4,87698
2010-09-24,2160.0,2196.8,2148.0,2176.15,101206
2010-09-27,2175.0,2205.8,2171.1,2180.75,175301
2010-09-28,2180.75,2212.6,2175.0,2198.1,65174
2010-09-29,2200.0,2229.5,2189.0,2210.55,90033
2010-09-30,2210.0,2229.0,2200.0,2220.3,103379
2010-10-01,2225.0,2249.0,2222.2,2232.05,92059
2010-10-04,2235.0,2335.0,2235.0,2308.1,180393
2010-10-05,2308.1,2340.0,2299.95,2303.9,93844
2010-10-06,2305.0,2372.0,2305.0,2347.0,97371
2010-10-07,2357.95,2370.0,2332.25,2344.0,57788
2010-10-08,2353.05,2369.0,2312.65,2344.8,64880
2010-10-11,2350.0,2385.0,2340.0,2351.8,75133
2010-10-12,2350.05,2359.8,2321.0,2329.4,32392
2010-10-13,2326.0,2355.0,2301.1,2313.7,52526
2010-10-14,2315.0,2351.65,2315.0,2342.75,113742
2010-10-15,2344.95,2344.95,2286.55,2300.1,89247
2010-10-18,2305.0,2319.8,2235.0,2262.85,53436
2010-10-19,2269.6,2299.7,2252.0,2273.45,23389
2010-10-20,2270.0,2270.0,2218.0,2224.6,45108
2010-10-21,2235.0,2262.0,2187.8,2250.6,68006
2010-10-22,2250.0,2278.0,2236.05,2256.7,99744
2010-10-25,2260.0,2294.95,2260.0,2273.9,38290
2010-10-26,2270.0,2290.0,2246.75,2268.8,26408
2010-10-27,2272.0,2272.0,2240.0,2255.1,29444
2010-10-28,2260.0,2292.0,2225.95,2278.9,120659
2010-10-29,2240.0,2279.85,2213.0,2240.5,86722
2010-11-01,2245.0,2338.0,2245.0,2322.2,158816
2010-11-02,2324.0,2382.0,2307.85,2366.7,193542
2010-11-03,2370.0,2415.0,2370.0,2401.45,102448
2010-11-04,2400.0,2430.0,2391.2,2413.3,87303
2010-11-05,2415.0,2428.85,2391.0,2402.6,7520
2010-11-08,2405.0,2455.0,2401.0,2425.85,93239
2010-11-09,2430.0,2465.0,2423.5,2455.65,78202
2010-11-10,2460.0,2475.0,2440.0,2458.5,30198
2010-11-11,2460.0,2480.0,2410.0,2424.95,36431
2010-11-12,2392.0,2440.0,2244.0,2295.15,39260
2010-11-15,2288.0,2333.5,2265.0,2283.15,48488
2010-11-16,2305.0,2310.0,2231.2,2250.3,55749
2010-11-18,2255.0,2284.95,2251.55,2266.7,38722
2010-11-19,2260.0,2288.85,2166.0,2212.45,55842
2010-11-22,2215.0,2264.0,2215.0,2253.4,53441
2010-11-23,2250.0,2259.7,2221.0,2234.75,107435
2010-11-24,2230.0,2250.0,2196.25,2208.75,39471
2010-11-25,2209.0,2229.0,2145.1,2164.4,93131
2010-11-26,2170.0,2309.0,2142.0,2249.0,118148
2010-11-29,2250.0,2262.0,2225.15,2249.75,27632
2010-11-30,2252.0,2281.0,2227.6,2275.35,56474
2010-12-01,2275.0,2323.5,2265.0,2315.85,52537
2010-12-02,2325.0,2352.0,2315.1,2337.8,32744
2010-12-03,2335.0,2365.0,2311.1,2357.35,34213
2010-12-06,2355.0,2375.0,2341.0,2351.6,28441
2010-12-07,2332.0,2365.0,2315.0,2351.45,31590
2010-12-08,2348.0,2374.9,2340.0,2363.05,32701
2010-12-09,2360.0,2374.9,2315.0,2328.3,99098
2010-12-10,2325.0,2330.0,2285.95,2319.15,52310
2010-12-13,2322.0,2375.0,2315.0,2332.25,30486
2010-12-14,2332.0,2370.0,2321.6,2362.25,17638
2010-12-15,2345.0,2388.0,2254.0,2270.0,39812
2010-12-16,2270.0,2270.0,2203.0,2251.8,54568
2010-12-20,2245.0,2282.0,2240.0,2275.7,21958
2010-12-21,2305.0,2324.9,2280.0,2318.2,24917
2010-12-22,2320.0,2339.9,2292.0,2300.65,19200
2010-12-23,2304.0,2330.0,2304.0,2319.55,50971
2010-12-24,2320.0,2324.9,2270.0,2284.5,36303
2010-12-27,2286.9,2315.0,2286.05,2297.65,18168
2010-12-28,2300.0,2328.0,2292.1,2320.6,31683
2010-12-29,2325.0,2334.8,2308.0,2313.15,25365
2010-12-30,2314.95,2320.75,2300.0,2316.9,47887
2010-12-31,2320.05,2350.0,2311.05,2342.7,28226
2011-01-03,2342.7,2375.0,2340.05,2356.05,59225
2011-01-04,2355.0,2405.9,2350.0,2400.65,119649
2011-01-05,2365.0,2450.0,2362.0,2405.4,91802
2011-01-06,2410.0,2428.0,2355.1,2380.85,172829
2011-01-07,2380.05,2425.0,2345.55,2390.7,83425
2011-01-10,2394.45,2437.6,2306.25,2327.05,50362
2011-01-11,2327.1,2355.0,2279.15,2315.25,51818
2011-01-12,2315.0,2460.0,2281.75,2412.65,96348
2011-01-13,2415.0,2510.0,2395.0,2464.0,137877
2011-01-14,2470.0,2486.7,2441.15,2457.65,90990
2011-01-17,2460.0,2470.0,2420.0,2445.0,35828
2011-01-18,2447.1,2468.0,2411.0,2419.8,35893
2011-01-19,2420.0,2443.9,2400.0,2410.15,22454
2011-01-20,2410.0,2450.0,2391.95,2436.85,22317
2011-01-21,2439.0,2439.9,2400.25,2411.5,24227
2011-01-24,2415.0,2438.0,2383.6,2396.05,33761
2011-01-25,2404.05,2419.0,2355.0,2367.95,50155
2011-01-27,2365.0,2408.8,2332.2,2355.6,103194
2011-01-28,2355.05,2355.05,2262.0,2302.8,92171
2011-01-31,2300.0,2317.0,2260.0,2281.25,45373
2011-02-01,2288.35,2301.7,2245.15,2258.25,37200
2011-02-02,2262.35,2287.0,2230.25,2240.0,48800
2011-02-03,2245.0,2299.0,2241.0,2294.0,53721
2011-02-04,2295.0,2329.45,2275.0,2298.65,66733
2011-02-07,2301.0,2317.5,2270.05,2301.55,22649
2011-02-08,2300.0,2361.9,2284.2,2306.0,57602
2011-02-09,2305.9,2305.9,2244.0,2252.15,26146
2011-02-10,2255.0,2259.8,2190.0,2202.55,62217
2011-02-11,2215.0,2260.0,2204.0,2227.1,38156
2011-02-14,2230.0,2355.0,2230.0,2318.3,77798
2011-02-15,2318.0,2395.0,2295.0,2308.55,69752
2011-02-16,2305.0,2359.0,2300.0,2316.95,35345
2011-02-17,2320.0,2349.0,2310.0,2332.75,51352
2011-02-18,2336.0,2369.0,2272.0,2292.85,47954
2011-02-21,2299.9,2344.95,2275.0,2326.7,68098
2011-02-22,2322.0,2329.0,2294.0,2324.95,44084
2011-02-23,2275.0,2339.9,2262.75,2274.95,56615
2011-02-24,2275.0,2277.0,2229.5,2242.85,102147
2011-02-25,2245.0,2268.85,2226.25,2248.9,41048
2011-03-01,2260.0,2300.0,2260.0,2293.5,36590
2011-03-03,2290.0,2305.9,2276.15,2283.6,41078
2011-03-04,2285.0,2313.5,2276.55,2300.2,33057
2011-03-07,2290.0,2304.95,2251.25,2300.65,44602
2011-03-08,2272.0,2323.0,2272.0,2293.45,56876
2011-03-09,2300.0,2328.0,2300.0,2312.45,98177
2011-03-10,2315.0,2335.0,2306.3,2322.2,140323
2011-03-11,2320.0,2393.7,2310.0,2352.1,167675
2011-03-14,2350.0,2389.7,2349.9,2380.45,86267
2011-03-15,2368.0,2420.0,2320.0,2381.5,96127
2011-03-16,2381.5,2448.0,2381.5,2436.2,242053
2011-03-17,2430.0,2461.5,2404.05,2438.0,75742
2011-03-18,2440.0,2470.0,2412.05,2435.05,135544
2011-03-21,2435.0,2444.0,2417.55,2434.95,118033
2011-03-22,2430.0,2462.0,2405.0,2451.95,138367
2011-03-23,2455.0,2506.5,2430.0,2460.1,307879
2011-03-24,2470.0,2476.8,2412.5,2434.75,316544
2011-03-25,2468.95,2495.0,2435.25,2479.1,205220
2011-03-28,2456.5,2498.9,2452.2,2473.1,221896
2011-03-29,2473.0,2498.0,2433.65,2440.15,96725
2011-03-30,2441.05,2479.0,2428.65,2457.7,109347
2011-03-31,2460.0,2549.7,2440.0,2456.9,245073
2011-04-01,2484.0,2548.0,2469.9,2530.9,143564
2011-04-04,2535.05,2589.0,2522.05,2584.4,88280
2011-04-05,2580.0,2599.0,2550.1,2559.5,99644
2011-04-06,2566.0,2626.35,2535.5,2548.65,128409
2011-04-07,2550.0,2559.7,2512.65,2522.1,76398
2011-04-08,2524.3,2569.9,2501.0,2537.7,132156
2011-04-11,2537.0,2559.0,2512.2,2533.75,74204
2011-04-13,2515.0,2569.8,2499.55,2556.0,95500
2011-04-15,2550.6,2563.85,2508.0,2521.9,24024
2011-04-18,2530.1,2575.0,2455.1,2471.0,76498
2011-04-19,2480.3,2492.0,2375.55,2400.5,159879
2011-04-20,2406.0,2429.7,2371.55,2416.65,94772
2011-04-21,2424.1,2442.5,2405.1,2422.8,74526
2011-04-25,2424.0,2473.0,2410.95,2464.1,87232
2011-04-26,2470.0,2515.0,2451.0,2502.5,98693
2011-04-27,2515.0,2529.8,2452.35,2471.95,100732
2011-04-28,2484.8,2499.9,2430.0,2446.65,137666
2011-04-29,2446.0,2480.0,2390.0,2452.45,49154
2011-05-02,2450.0,2487.5,2435.0,2470.6,37513
2011-05-03,2472.3,2489.0,2448.0,2453.2,155927
2011-05-04,2451.0,2451.0,2340.25,2358.25,73588
2011-05-05,2355.0,2370.0,2290.9,2303.15,94090
2011-05-06,2316.0,2345.0,2310.35,2333.35,61739
2011-05-09,2335.0,2368.8,2325.0,2331.35,34109
2011-05-10,2364.0,2374.0,2315.25,2359.5,43483
2011-05-11,2370.0,2379.0,2343.0,2360.8,50112
2011-05-12,2397.65,2419.0,2292.55,2306.25,132223
2011-05-13,2329.9,2367.0,2310.0,2346.05,43882
2011-05-16,2370.0,2370.0,2305.0,2322.65,31892
2011-05-17,2332.05,2347.7,2296.8,2316.75,33119
2011-05-18,2332.4,2340.0,2279.4,2302.45,56875
2011-05-19,2303.0,2311.5,2227.1,2239.45,162281
2011-05-20,2241.0,2274.95,2239.0,2258.25,49890
2011-05-23,2249.95,2250.0,2195.0,2211.0,66179
2011-05-24,2222.0,2247.8,2205.0,2226.9,22559
2011-05-25,2226.9,2249.95,2210.0,2245.2,29960
2011-05-26,2245.0,2280.2,2215.05,2253.95,116014
2011-05-27,2260.95,2289.0,2231.0,2249.95,40008
2011-05-30,2241.0,2265.0,2231.25,2244.65,17435
2011-05-31,2255.0,2324.05,2240.0,2302.75,36688
2011-06-01,2281.25,2337.35,2281.25,2329.5,19843
2011-06-02,2300.05,2326.8,2271.0,2279.8,33645
2011-06-03,2270.0,2300.0,2251.2,2278.75,27493
2011-06-06,2290.0,2290.0,2262.1,2279.15,11080
2011-06-07,2274.95,2307.75,2261.5,2287.55,29424
2011-06-08,2285.0,2310.0,2276.2,2287.9,25534
2011-06-09,2280.0,2287.0,2261.0,2273.95,25249
2011-06-10,2275.0,2280.0,2223.1,2230.65,29152
2011-06-13,2230.0,2230.05,2206.0,2214.45,35297
2011-06-14,2230.0,2252.0,2211.25,2224.75,31273
2011-06-15,2240.0,2249.0,2195.0,2203.9,40120
2011-06-16,2200.0,2200.0,2146.0,2160.2,68288
2011-06-17,2160.0,2168.7,2094.55,2106.6,86358
2011-06-20,2108.0,2135.0,1982.2,2013.55,174340
2011-06-21,2025.0,2057.0,1981.9,2044.4,53732
2011-06-22,2045.05,2084.5,2040.0,2058.3,52898
2011-06-23,2050.25,2068.7,2025.0,2034.4,35116
2011-06-24,2049.95,2095.35,2018.0,2089.05,84264
2011-06-27,2070.0,2113.5,2065.0,2069.85,83258
2011-06-28,2054.0,2087.5,2054.0,2074.25,61781
2011-06-29,2083.0,2108.8,2080.0,2099.15,101382
2011-06-30,2115.0,2124.5,2080.0,2095.85,85300
2011-07-01,2098.55,2135.0,2048.0,2127.5,140941
2011-07-04,2128.0,2150.0,2115.0,2145.9,43936
2011-07-05,2137.4,2210.0,2137.4,2206.4,126699
2011-07-06,2205.1,2234.0,2196.1,2214.1,52729
2011-07-07,2210.3,2248.7,2210.3,2240.95,69613
2011-07-08,2249.7,2259.8,2149.1,2166.65,57212
2011-07-11,2160.0,2189.9,2130.35,2183.4,153001
2011-07-12,2178.95,2213.0,2165.55,2179.15,37647
2011-07-13,2165.0,2198.05,2165.0,2175.5,49084
2011-07-14,2176.0,2200.0,2150.0,2179.0,55622
2011-07-15,2163.65,2194.8,2157.0,2161.4,76238
2011-07-18,2162.0,2184.4,2162.0,2168.6,39723
2011-07-19,2170.0,2192.0,2165.0,2181.75,53490
2011-07-20,2185.0,2195.0,2152.0,2158.95,45606
2011-07-21,2160.0,2177.7,2150.0,2159.7,44522
2011-07-22,2162.25,2225.0,2161.55,2220.8,131940
2011-07-25,2221.9,2221.9,2194.2,2205.5,54936
2011-07-26,2214.0,2225.0,2180.1,2184.65,83620
2011-07-27,2194.95,2196.75,2131.05,2166.4,81764
2011-07-28,2166.0,2219.8,2135.0,2206.75,128959
2011-07-29,2199.85,2238.7,2181.35,2196.0,64746
2011-08-01,2201.15,2235.0,2191.6,2197.8,74174
2011-08-02,2199.0,2218.6,2161.0,2204.95,88073
2011-08-03,2192.0,2210.0,2180.05,2199.6,54311
2011-08-04,2200.0,2209.3,2146.15,2156.75,51623
2011-08-05,2136.65,2136.65,2090.0,2106.5,115250
2011-08-08,2015.0,2117.45,2015.0,2094.9,120481
2011-08-09,2074.8,2189.0,2050.0,2154.45,98663
2011-08-10,2189.7,2189.7,2096.3,2109.65,61691
2011-08-11,2109.65,2136.85,2085.75,2098.85,57938
2011-08-12,2133.8,2133.8,2062.6,2100.2,65156
2011-08-16,2120.0,2130.0,2083.0,2096.2,24235
2011-08-17,2111.8,2148.0,2096.0,2114.3,50951
2011-08-18,2107.0,2127.85,2083.0,2094.45,56264
2011-08-19,2074.0,2110.0,2070.15,2081.7,57685
2011-08-22,2082.05,2121.0,2044.15,2108.4,62450
2011-08-23,2120.0,2129.0,2091.55,2120.55,20440
2011-08-24,2120.55,2153.0,2096.15,2132.85,79852
2011-08-25,2134.0,2175.0,2121.0,2162.25,85931
2011-08-26,2162.0,2185.0,2072.0,2092.85,41883
2011-08-29,2100.05,2160.0,2100.05,2149.15,44149
2011-08-30,2188.5,2195.0,2156.25,2185.05,47339
2011-09-02,2185.0,2194.9,2102.15,2164.9,92097
2011-09-05,2140.05,2200.0,2130.0,2196.1,68939
2011-09-06,2177.0,2177.0,2130.1,2154.25,127728
2011-09-07,2173.8,2224.9,2162.05,2213.2,107568
2011-09-08,2224.0,2260.0,2190.0,2243.0,113402
2011-09-09,2250.0,2280.0,2145.0,2155.15,111697
2011-09-12,2170.0,2185.0,2120.0,2165.7,71141
2011-09-13,2177.55,2195.0,2151.8,2172.25,35957
2011-09-14,2175.35,2229.0,2130.25,2211.85,98130
2011-09-15,2209.95,2300.0,2181.0,2271.6,79384
2011-09-16,2271.55,2328.0,2254.05,2309.05,98967
2011-09-19,2288.7,2299.95,2266.0,2272.65,38424
2011-09-20,2274.0,2328.0,2261.3,2319.65,48964
2011-09-21,2320.0,2369.0,2300.0,2356.05,48027
2011-09-22,2339.95,2339.95,2276.3,2313.2,102132
2011-09-23,2296.3,2405.7,2277.05,2348.8,94770
2011-09-26,2364.4,2364.4,2262.0,2298.85,74135
2011-09-27,2304.65,2335.0,2301.0,2312.3,30953
2011-09-28,2314.0,2325.0,2267.55,2276.75,35481
2011-09-29,2267.0,2378.65,2258.5,2331.0,222623
2011-09-30,2320.25,2360.0,2281.05,2341.8,73709
2011-10-03,2358.0,2358.0,2241.8,2292.8,75203
2011-10-04,2285.3,2364.65,2270.8,2297.95,83970
2011-10-05,2298.95,2333.0,2282.35,2323.85,117448
2011-10-07,2328.8,2394.95,2309.3,2335.0,102849
2011-10-10,2335.0,2348.0,2303.05,2323.45,102713
2011-10-11,2321.0,2359.8,2321.0,2333.2,58977
2011-10-12,2333.0,2399.9,2333.0,2394.15,53288
2011-10-13,2390.0,2414.6,2311.1,2326.2,54815
2011-10-14,2347.5,2387.0,2324.1,2379.6,68739
2011-10-17,2381.0,2389.0,2330.0,2335.5,42362
2011-10-18,2325.0,2363.0,2320.15,2331.7,52406
2011-10-19,2350.8,2374.0,2330.35,2353.5,65591
2011-10-20,2356.9,2356.9,2312.9,2319.25,33417
2011-10-21,2324.25,2342.0,2280.0,2289.55,66549
2011-10-24,2302.05,2369.0,2302.05,2357.75,48567
2011-10-25,2357.9,2475.7,2357.9,2455.4,166079
2011-10-26,2458.0,2507.15,2458.0,2492.4,24719
2011-10-28,2502.0,2612.15,2502.0,2557.1,107009
2011-10-31,2548.0,2549.95,2470.0,2480.45,36259
2011-11-01,2479.7,2514.4,2455.0,2491.05,38794
2011-11-02,2483.85,2499.0,2463.35,2475.8,27059
2011-11-03,2469.95,2514.6,2434.0,2504.45,31928
2011-11-04,2500.0,2538.7,2500.0,2521.4,51798
2011-11-08,2519.0,2529.95,2502.05,2519.9,32701
2011-11-09,2535.0,2550.0,2444.0,2463.65,63922
2011-11-11,2479.9,2502.0,2451.3,2471.8,44691
2011-11-14,2460.1,2498.0,2441.25,2452.7,26512
2011-11-15,2454.95,2479.7,2413.1,2455.1,73891
2011-11-16,2457.45,2457.45,2366.45,2389.6,82377
2011-11-17,2390.65,2424.9,2306.1,2334.2,74533
2011-11-18,2322.0,2349.0,2275.0,2334.0,31184
2011-11-21,2305.15,2328.0,2252.3,2275.1,59047
2011-11-22,2295.0,2320.0,2275.0,2300.8,37101
2011-11-23,2270.0,2295.0,2233.0,2266.85,114259
2011-11-24,2256.0,2339.0,2205.1,2316.55,84708
2011-11-25,2271.0,2337.0,2245.5,2271.8,49368
2011-11-28,2299.0,2320.0,2272.6,2315.35,25004
2011-11-29,2315.0,2335.05,2288.1,2320.95,41298
2011-11-30,2308.0,2350.0,2269.5,2341.2,58566
2011-12-01,2375.25,2453.35,2362.9,2429.35,66022
2011-12-02,2429.35,2490.45,2411.0,2451.35,76401
2011-12-05,2451.35,2487.7,2425.05,2453.5,29279
2011-12-07,2440.2,2469.95,2415.15,2427.5,31960
2011-12-08,2420.0,2470.55,2394.0,2410.65,58279
2011-12-09,2389.8,2433.0,2362.25,2411.75,65618
2011-12-12,2421.0,2424.0,2295.05,2320.7,147182
2011-12-13,2291.3,2440.0,2280.0,2414.2,96909
2011-12-14,2411.0,2411.0,2379.0,2395.15,91986
2011-12-15,2360.0,2395.05,2336.65,2370.1,59199
2011-12-16,2378.95,2399.45,2351.0,2370.15,62607
2011-12-19,2355.05,2400.0,2315.0,2386.25,68825
2011-12-20,2409.95,2409.95,2330.0,2346.9,58765
2011-12-21,2370.6,2403.65,2354.0,2382.0,63716
2011-12-22,2369.95,2420.0,2360.0,2410.6,60239
2011-12-23,2412.0,2474.0,2412.0,2456.05,64047
2011-12-26,2459.9,2489.9,2459.0,2477.75,36269
2011-12-27,2477.0,2492.5,2455.05,2474.8,29301
2011-12-28,2470.0,2479.9,2445.0,2459.35,29954
2011-12-29,2459.0,2548.0,2427.0,2515.35,191408
2011-12-30,2499.7,2504.85,2451.35,2488.75,60951
2012-01-02,2474.0,2487.9,2400.0,2418.1,29914
2012-01-03,2421.0,2457.9,2401.1,2454.5,81165
2012-01-04,2466.0,2466.0,2390.0,2407.35,85669
2012-01-05,2414.0,2427.95,2375.0,2402.55,93731
2012-01-06,2413.95,2434.0,2383.05,2418.5,63974
2012-01-09,2403.3,2454.95,2392.0,2443.2,33021
2012-01-10,2442.3,2462.0,2418.0,2454.65,81889
2012-01-11,2450.0,2453.5,2390.0,2403.5,57765
2012-01-12,2410.0,2480.0,2392.4,2457.95,45287
2012-01-13,2475.0,2511.9,2457.5,2478.5,97207
2012-01-16,2450.0,2500.0,2450.0,2491.45,33544
2012-01-17,2488.0,2560.0,2487.8,2545.4,108775
2012-01-18,2554.95,2554.95,2465.15,2478.0,26676
2012-01-19,2488.95,2523.0,2480.0,2510.25,30223
2012-01-20,2505.0,2523.8,2476.2,2489.2,28523
2012-01-23,2487.0,2547.7,2480.05,2524.05,37662
2012-01-24,2534.8,2570.7,2461.1,2487.2,71626
2012-01-25,2507.0,2530.0,2467.3,2484.55,117965
2012-01-27,2494.0,2599.9,2486.0,2579.7,110724
2012-01-30,2578.6,2609.0,2552.05,2585.0,70272
2012-01-31,2590.0,2643.5,2560.5,2612.45,103486
2012-02-01,2617.95,2674.95,2607.15,2657.6,98452
2012-02-02,2665.9,2683.4,2645.0,2667.25,136606
2012-02-03,2669.0,2759.0,2665.0,2738.8,196823
2012-02-06,2777.7,2889.9,2730.05,2814.05,203172
2012-02-07,2818.0,2844.35,2780.0,2822.65,162032
2012-02-08,2825.0,2880.0,2808.1,2864.45,169964
2012-02-09,2869.0,2882.0,2803.85,2826.3,39723
2012-02-10,2849.0,2869.95,2812.35,2833.65,73284
2012-02-13,2842.0,2860.0,2818.05,2848.35,46296
2012-02-14,2844.95,2875.0,2825.1,2833.75,32262
2012-02-15,2840.0,2865.0,2816.15,2827.25,76342
2012-02-16,2800.0,2865.0,2792.6,2836.85,44228
2012-02-17,2859.2,2894.7,2813.7,2878.05,92915
2012-02-21,2887.0,2928.0,2844.0,2847.1,67911
2012-02-22,2867.4,2867.4,2752.05,2790.65,81783
2012-02-23,2790.65,2790.65,2704.5,2734.85,81481
2012-02-24,2735.1,2785.0,2706.0,2722.05,85524
2012-02-27,2735.0,2739.95,2680.0,2718.55,75145
2012-02-28,2717.0,2776.95,2717.0,2743.15,41982
2012-02-29,2747.3,2790.0,2747.3,2771.55,37144
2012-03-01,2774.7,2802.0,2728.05,2748.1,30873
2012-03-02,2778.0,2790.0,2701.3,2718.1,36461
2012-03-05,2706.0,2710.0,2660.2,2702.45,54166
2012-03-06,2672.1,2738.0,2670.05,2680.85,72683
2012-03-07,2669.95,2685.0,2640.5,2647.9,29108
2012-03-09,2661.95,2720.0,2651.0,2713.95,78770
2012-03-12,2724.95,2760.0,2713.3,2751.2,67226
2012-03-13,2769.0,2814.0,2769.0,2799.65,72283
2012-03-14,2840.0,2849.95,2780.0,2794.15,64335
2012-03-15,2782.8,2825.0,2758.0,2791.85,59832
2012-03-16,2800.0,2833.9,2734.05,2759.45,34592
2012-03-19,2778.0,2778.25,2703.2,2716.35,47891
2012-03-20,2742.0,2742.0,2675.0,2689.0,156833
2012-03-21,2689.0,2737.0,2676.3,2726.8,149404
2012-03-22,2730.0,2730.0,2665.0,2702.7,75012
2012-03-23,2690.05,2709.45,2675.0,2694.45,49532
2012-03-26,2686.35,2690.0,2621.3,2639.8,64522
2012-03-27,2651.35,2664.65,2596.0,2616.3,85734
2012-03-28,2617.9,2617.95,2564.0,2583.0,74762
2012-03-29,2580.05,2646.3,2545.05,2607.85,122670
2012-03-30,2646.6,2656.0,2605.0,2627.05,59301
2012-04-02,2612.0,2647.4,2590.0,2619.5,69473
2012-04-03,2647.0,2660.0,2630.25,2643.2,35468
2012-04-04,2636.0,2649.0,2605.0,2644.95,146224
2012-04-09,2634.0,2647.0,2586.0,2602.55,40282
2012-04-10,2613.0,2619.95,2592.05,2600.5,57483
2012-04-11,2600.0,2600.0,2546.0,2573.3,89779
2012-04-12,2555.05,2598.0,2555.05,2588.25,36545
2012-04-13,2599.1,2668.0,2599.1,2640.35,63565
2012-04-16,2640.0,2654.0,2595.1,2608.65,28192
2012-04-17,2608.7,2674.0,2540.0,2662.8,50631
2012-04-18,2665.25,2688.0,2657.0,2665.4,54026
2012-04-19,2671.0,2685.4,2642.55,2668.15,47210
2012-04-20,2667.8,2668.0,2636.95,2661.7,87495
2012-04-23,2650.95,2668.9,2575.0,2584.7,37858
2012-04-24,2586.0,2612.0,2531.0,2538.8,31311
2012-04-25,2538.0,2554.25,2482.0,2521.95,26881
2012-04-26,2526.0,2574.0,2482.65,2508.9,89557
2012-04-27,2519.9,2549.0,2475.0,2533.7,48551
2012-04-30,2530.0,2582.05,2525.0,2564.45,38948
2012-05-02,2550.05,2597.0,2492.45,2507.65,39276
2012-05-03,2501.0,2518.65,2468.0,2475.5,28287
2012-05-04,2474.95,2475.0,2402.05,2418.1,23957
2012-05-07,2378.75,2524.0,2318.05,2492.0,55358
2012-05-08,2500.0,2527.8,2453.95,2472.75,51811
2012-05-09,2423.0,2482.0,2385.05,2462.95,81373
2012-05-10,2462.95,2500.0,2455.0,2477.5,26827
2012-05-11,2454.25,2491.0,2372.2,2390.85,55206
2012-05-14,2381.1,2385.05,2317.95,2335.1,39200
2012-05-15,2322.05,2385.0,2290.0,2362.1,27699
2012-05-16,2350.1,2372.2,2301.0,2331.25,39537
2012-05-17,2328.0,2334.0,2300.0,2307.9,34495
2012-05-18,2289.9,2393.0,2274.1,2370.4,42938
2012-05-21,2383.0,2417.95,2370.85,2408.6,20849
2012-05-22,2426.0,2447.4,2364.8,2392.6,85585
2012-05-23,2371.0,2407.0,2341.0,2382.45,165325
2012-05-24,2371.0,2410.0,2352.0,2393.95,27971
2012-05-25,2378.0,2398.0,2352.0,2374.5,35985
2012-05-28,2392.0,2428.95,2387.55,2412.05,36678
2012-05-29,2400.25,2433.0,2370.0,2385.2,30574
2012-05-30,2393.9,2393.9,2350.1,2359.7,38940
2012-05-31,2356.05,2384.9,2290.3,2306.0,134616
2012-06-01,2301.0,2329.95,2239.0,2246.0,50397
2012-06-04,2238.95,2275.15,2210.0,2241.95,50810
2012-06-05,2258.4,2320.0,2252.05,2311.25,67208
2012-06-06,2323.5,2352.0,2280.1,2331.95,86156
2012-06-07,2350.0,2350.0,2301.0,2309.9,87280
2012-06-08,2305.5,2324.95,2261.35,2307.5,74241
2012-06-11,2320.0,2355.8,2320.0,2340.2,55161
2012-06-12,2345.0,2390.0,2310.0,2381.4,37911
2012-06-13,2385.0,2396.0,2360.0,2372.75,29887
2012-06-14,2385.0,2397.95,2337.0,2346.45,61177
2012-06-15,2348.0,2507.0,2348.0,2485.8,81579
2012-06-18,2489.0,2525.0,2431.0,2446.85,41910
2012-06-19,2431.05,2505.0,2429.9,2479.55,100869
2012-06-20,2437.05,2524.0,2437.05,2499.7,112888
2012-06-21,2490.0,2513.85,2470.05,2504.0,59458
2012-06-22,2444.0,2534.0,2403.9,2526.7,116361
2012-06-25,2526.7,2540.0,2460.85,2469.45,56767
2012-06-26,2469.9,2546.0,2469.9,2535.2,61165
2012-06-27,2545.0,2688.0,2521.15,2562.4,90379
2012-06-28,2577.6,2600.0,2552.0,2573.85,58847
2012-06-29,2580.95,2662.5,2575.95,2640.9,85596
2012-07-02,2641.0,2755.0,2622.1,2717.15,83398
2012-07-03,2729.05,2729.05,2673.0,2697.05,116342
2012-07-04,2698.0,2698.9,2659.35,2677.8,64091
2012-07-05,2680.0,2700.0,2653.05,2663.55,91220
2012-07-06,2679.0,2698.55,2657.1,2677.1,126021
2012-07-09,2672.0,2672.0,2597.0,2633.95,56172
2012-07-10,2627.0,2657.45,2606.85,2647.25,66583
2012-07-11,2650.0,2671.0,2621.55,2635.2,65300
2012-07-12,2630.0,2653.0,2620.0,2643.75,15287
2012-07-13,2650.0,2669.9,2631.1,2638.55,15754
2012-07-16,2638.4,2656.2,2575.2,2598.55,30084
2012-07-17,2599.9,2614.65,2571.9,2586.3,26047
2012-07-18,2587.05,2644.1,2576.5,2627.85,41585
2012-07-19,2635.0,2665.0,2630.0,2652.7,18736
2012-07-20,2640.25,2668.3,2620.0,2634.8,27829
2012-07-23,2610.25,2646.35,2602.95,2613.4,45262
2012-07-24,2620.0,2665.0,2599.15,2609.7,37378
2012-07-25,2596.8,2646.95,2596.8,2634.7,60006
2012-07-26,2639.0,2670.0,2615.1,2645.05,73407
2012-07-27,2670.0,2720.05,2668.0,2699.6,74906
2012-07-30,2719.9,2788.0,2702.0,2768.25,149617
2012-07-31,2770.25,2885.0,2742.0,2870.25,244827
2012-08-01,2869.0,2905.0,2846.0,2896.6,106227
2012-08-02,2874.0,2923.0,2870.0,2918.25,99547
2012-08-03,2890.5,2925.0,2886.45,2910.95,142629
2012-08-06,2921.0,2949.0,2900.35,2915.4,64111
2012-08-07,2904.95,2937.0,2887.3,2929.4,87329
2012-08-08,2928.95,2980.0,2923.05,2970.8,121991
2012-08-09,3006.0,3047.6,2985.1,3017.75,132581
2012-08-10,3015.0,3025.0,2980.25,2994.8,78751
2012-08-13,2995.0,3010.0,2951.5,2983.75,61589
2012-08-14,2992.0,3025.0,2961.15,3013.4,145611
2012-08-16,3025.0,3048.9,3008.0,3025.7,93100
2012-08-17,3015.0,3032.3,2996.2,3021.95,61797
2012-08-21,3022.0,3065.0,3010.4,3047.2,50892
2012-08-22,3043.8,3069.5,3030.3,3046.35,150264
2012-08-23,3050.0,3064.7,3014.75,3029.05,42123
2012-08-24,3039.8,3039.8,3000.0,3031.35,46563
2012-08-27,3011.0,3035.0,3000.5,3032.0,48140
2012-08-28,3033.0,3040.0,2981.0,3008.75,50485
2012-08-29,3008.75,3023.0,2990.55,3009.75,87208
2012-08-30,2991.0,3020.0,2946.65,2975.9,154177
2012-08-31,2980.0,3000.0,2960.0,2989.8,36108
2012-09-03,2997.95,3000.0,2966.0,2977.25,22458
2012-09-04,2960.05,2978.95,2951.0,2964.9,36861
2012-09-05,2951.0,2963.7,2907.8,2926.55,46114
2012-09-06,2920.05,2953.0,2887.0,2929.9,118912
2012-09-07,2950.0,2995.4,2941.1,2973.8,35702
2012-09-10,2979.95,2980.0,2941.05,2976.9,40591
2012-09-11,2970.05,3029.5,2952.1,3019.7,80821
2012-09-12,3025.0,3038.0,3000.05,3013.05,42072
2012-09-13,3036.9,3039.95,3005.0,3035.95,69950
2012-09-14,3055.0,3121.0,3051.15,3111.0,85459
2012-09-17,3120.0,3150.0,3081.0,3098.0,61358
2012-09-18,3099.95,3139.55,3080.3,3110.05,99555
2012-09-20,3066.0,3126.75,3066.0,3110.55,39142
2012-09-21,3111.0,3264.15,3100.05,3235.75,123704
2012-09-24,3240.0,3240.0,3197.6,3203.2,90579
2012-09-25,3204.05,3277.5,3204.05,3250.55,78943
2012-09-26,3251.0,3273.35,3201.05,3231.0,84555
2012-09-27,3232.05,3274.5,3225.25,3252.6,171260
2012-09-28,3262.25,3348.5,3262.25,3314.25,83360
2012-10-01,3276.05,3409.0,3276.05,3393.9,75263
2012-10-03,3399.0,3419.0,3362.05,3375.6,111903
2012-10-04,3389.0,3438.2,3381.5,3397.75,79388
2012-10-05,3389.0,3436.0,2844.2,3362.15,154336
2012-10-08,3348.0,3372.4,3286.0,3298.9,40110
2012-10-09,3305.1,3326.0,3260.0,3310.15,60326
2012-10-10,3283.9,3358.95,3283.9,3302.1,72765
2012-10-11,3305.05,3361.0,3302.65,3346.15,46249
2012-10-12,3355.9,3420.0,3341.0,3388.1,51388
2012-10-15,3376.0,3434.0,3376.0,3422.65,44790
2012-10-16,3429.95,3478.0,3429.95,3464.45,157130
2012-10-17,3470.0,3510.0,3464.45,3499.2,283085
2012-10-18,3504.95,3507.75,3440.9,3479.75,118760
2012-10-19,3488.0,3488.0,3400.45,3412.25,67474
2012-10-22,3413.25,3440.0,3394.05,3418.0,56744
2012-10-23,3411.0,3430.0,3383.4,3400.0,59864
2012-10-25,3388.0,3452.0,3378.0,3422.05,111171
2012-10-26,3416.0,3433.0,3389.55,3410.7,24452
2012-10-29,3403.0,3445.6,3365.0,3380.8,41988
2012-10-30,3389.0,3403.55,3293.75,3300.65,58396
2012-10-31,3305.0,3342.8,3300.0,3313.0,41247
2012-11-01,3311.55,3361.65,3280.0,3349.25,32390
2012-11-02,3358.0,3384.9,3355.0,3361.8,53357
2012-11-05,3362.0,3379.5,3335.1,3341.8,44043
2012-11-06,3342.05,3400.0,3302.65,3359.95,77297
2012-11-07,3338.0,3415.2,3334.0,3402.3,103213
2012-11-08,3386.15,3391.2,3348.45,3359.7,69434
2012-11-09,3366.5,3390.0,3341.0,3361.8,34526
2012-11-12,3362.0,3378.7,3345.0,3356.25,18116
2012-11-13,3333.0,3352.0,3307.0,3316.1,7563
2012-11-15,3315.0,3315.0,3212.35,3231.65,70834
2012-11-16,3230.0,3238.9,3167.0,3179.65,90014
2012-11-19,3187.9,3199.95,3160.05,3170.45,41311
2012-11-20,3171.0,3176.6,3149.6,3161.4,92419
2012-11-21,3165.0,3212.0,3145.0,3179.3,40585
2012-11-22,3190.0,3253.8,3170.0,3241.95,27860
2012-11-23,3240.0,3246.9,3172.0,3181.2,30619
2012-11-26,3170.0,3223.8,3170.0,3200.15,51741
2012-11-27,3200.15,3240.0,3199.65,3209.05,47057
2012-11-29,3212.25,3324.0,3212.25,3307.5,114931
2012-11-30,3310.0,3389.0,3285.8,3360.4,71398
2012-12-03,3360.0,3405.0,3311.0,3322.6,50355
2012-12-04,3340.0,3356.75,3275.0,3278.85,63111
2012-12-05,3290.0,3321.4,3280.0,3293.35,62923
2012-12-06,3290.0,3298.0,3225.0,3292.05,108697
2012-12-07,3300.0,3300.05,3241.0,3248.25,70398
2012-12-10,3260.0,3260.4,3181.0,3201.6,122200
2012-12-11,3210.0,3244.0,3185.3,3209.25,61479
2012-12-12,3211.15,3237.85,3135.1,3152.7,107987
2012-12-13,3138.1,3166.55,3120.1,3136.55,80474
2012-12-14,3140.25,3157.95,3126.0,3141.4,80610
2012-12-17,3149.6,3193.0,3137.2,3183.45,42262
2012-12-18,3185.25,3239.95,3181.15,3230.5,59073
2012-12-19,3244.9,3245.4,3211.25,3233.45,38230
2012-12-20,3233.5,3248.15,3201.0,3228.25,53030
2012-12-21,3215.0,3247.75,3181.9,3211.05,79967
2012-12-24,3212.0,3233.9,3157.8,3171.8,123287
2012-12-26,3177.0,3187.0,3162.05,3170.2,51317
2012-12-27,3175.0,3194.9,3135.25,3141.75,51776
2012-12-28,3154.0,3175.7,3131.3,3141.8,58836
2012-12-31,3144.9,3174.4,3140.3,3169.5,106151
2013-01-01,3173.5,3200.75,3173.5,3199.45,79069
2013-01-02,3210.0,3229.05,3186.0,3192.45,59385
2013-01-03,3200.1,3224.0,3170.0,3176.9,45809
2013-01-04,3174.9,3214.65,3150.0,3189.5,56362
2013-01-07,3200.0,3206.8,3177.0,3184.65,98635
2013-01-08,3184.7,3190.0,3151.7,3182.4,35598
2013-01-09,3182.25,3191.1,3140.1,3159.65,75992
2013-01-10,3174.0,3183.75,3100.0,3127.0,103445
2013-01-11,3128.9,3128.9,3011.0,3036.4,96072
2013-01-14,3040.0,3067.0,3001.1,3061.65,46246
2013-01-15,3060.0,3098.0,3001.05,3084.8,131071
2013-01-16,3089.0,3115.0,3051.05,3061.75,37299
2013-01-17,3047.0,3090.9,3005.0,3079.1,43290
2013-01-18,3080.0,3112.0,3040.05,3052.0,52594
2013-01-21,3044.25,3069.0,3011.5,3029.7,80665
2013-01-22,3017.5,3054.0,3014.95,3021.75,31820
2013-01-23,3029.0,3050.0,3020.0,3039.5,30045
2013-01-24,3040.0,3048.4,2961.15,2977.95,65537
2013-01-25,2961.0,3027.9,2950.0,3017.75,37932
2013-01-28,3010.0,3034.7,2995.0,3005.85,61361
2013-01-29,2988.2,3049.9,2942.8,2999.8,56873
2013-01-30,2998.0,3053.7,2998.0,3039.0,28961
2013-01-31,3039.0,3094.45,2972.0,3005.9,142470
2013-02-01,3000.05,3020.0,2986.5,3011.75,35729
2013-02-04,3044.0,3044.0,2970.0,2980.25,46696
2013-02-05,2964.0,3015.0,2936.5,3010.55,73489
2013-02-06,2995.3,3039.85,2982.05,3030.15,104249
2013-02-07,3025.0,3067.8,3020.0,3059.25,110622
2013-02-08,3050.0,3068.4,2990.65,3012.75,31332
2013-02-11,3002.0,3051.9,2965.45,3037.3,82658
2013-02-12,3028.9,3060.0,3011.45,3039.95,115047
2013-02-13,3050.1,3056.9,3015.0,3045.05,126980
2013-02-14,3044.95,3090.0,3033.5,3073.2,52439
2013-02-15,3055.0,3061.25,3002.35,3028.75,40775
2013-02-18,3020.0,3045.95,3003.3,3026.6,32756
2013-02-19,3026.0,3049.9,3001.0,3038.3,20034
2013-02-20,3056.0,3069.0,3020.3,3062.15,236966
2013-02-21,3042.05,3086.9,2989.95,3011.7,117545
2013-02-22,3015.2,3045.0,3001.25,3019.2,46513
2013-02-25,3029.0,3033.0,3002.0,3022.5,66307
2013-02-26,3000.0,3060.0,3000.0,3047.95,94263
2013-02-27,3059.4,3059.4,3000.0,3014.25,36755
2013-02-28,3036.9,3050.0,2921.0,2955.9,173553
2013-03-01,2929.0,3007.4,2906.0,2974.0,109695
2013-03-04,2960.0,2989.0,2901.0,2924.15,94827
2013-03-05,2939.0,3033.5,2903.0,3009.35,44051
2013-03-06,3025.0,3039.0,2990.45,3032.3,139846
2013-03-07,3015.0,3032.8,3002.1,3024.9,233481
2013-03-08,3012.0,3051.0,3012.0,3028.35,125128
2013-03-11,3021.0,3047.85,3015.15,3038.0,42258
2013-03-12,3040.25,3059.0,3016.2,3034.55,86794
2013-03-13,3025.0,3044.0,2975.0,2986.4,74697
2013-03-14,2988.0,3029.0,2943.0,2997.2,28967
2013-03-15,3000.0,3026.75,2960.2,2978.6,95275
2013-03-18,2957.05,2988.9,2925.0,2948.55,31063
2013-03-19,2964.0,2964.0,2870.0,2891.55,72386
2013-03-20,2908.8,2929.95,2838.95,2905.75,78983
2013-03-21,2910.05,2922.35,2875.0,2895.1,144053
2013-03-22,2885.25,2906.05,2875.2,2891.65,92902
2013-03-25,2922.0,2922.0,2855.2,2865.05,48415
2013-03-26,2877.0,2885.0,2805.0,2824.55,113627
2013-03-28,2824.0,2824.95,2799.95,2813.3,59382
2013-04-01,2813.3,2825.95,2786.0,2809.1,58001
2013-04-02,2810.0,2814.0,2783.0,2800.55,67892
2013-04-03,2797.95,2800.5,2752.6,2776.85,82650
2013-04-04,2755.0,2768.0,2701.0,2725.7,53394
2013-04-05,2725.0,2738.2,2694.5,2715.7,48012
2013-04-08,2715.25,2750.0,2701.05,2734.95,159028
2013-04-09,2754.9,2768.0,2733.1,2750.0,67111
2013-04-10,2774.45,2774.45,2710.0,2741.9,55097
2013-04-11,2750.0,2759.65,2666.75,2686.45,55711
2013-04-12,2680.0,2737.0,2680.0,2731.6,23646
2013-04-15,2706.1,2805.3,2696.0,2797.75,84803
2013-04-16,2770.0,2839.0,2752.0,2832.45,38968
2013-04-17,2839.9,2854.0,2770.1,2827.45,52658
2013-04-18,2830.0,2856.65,2802.5,2818.75,36059
2013-04-22,2824.85,2864.85,2811.0,2835.15,84267
2013-04-23,2804.0,2885.0,2804.0,2870.2,51961
2013-04-25,2890.0,3000.0,2880.0,2983.2,207041
2013-04-26,2985.0,2991.75,2900.3,2916.7,57320
2013-04-29,2920.35,2988.25,2920.35,2981.15,20326
2013-04-30,2973.15,2982.0,2927.0,2930.95,36968
2013-05-02,2920.0,2980.0,2920.0,2948.45,43030
2013-05-03,2927.0,2978.85,2925.75,2945.1,46983
2013-05-06,2945.1,2992.0,2905.0,2940.0,80421
2013-05-07,2940.1,3025.0,2940.1,3018.35,75761
2013-05-08,3030.0,3050.0,3020.0,3036.75,51664
2013-05-09,3035.0,3039.95,3005.2,3027.0,64898
2013-05-10,3035.0,3040.0,2992.1,3017.7,35062
2013-05-13,3020.0,3060.0,2999.6,3012.05,23980
2013-05-14,3015.3,3045.0,3005.35,3017.25,29555
2013-05-15,3020.0,3070.0,3010.75,3033.55,63416
2013-05-16,3033.0,3128.55,3033.0,3087.45,94573
2013-05-17,3100.0,3152.0,3088.05,3126.95,96024
2013-05-20,3126.0,3160.0,3111.1,3129.1,36703
2013-05-21,3130.0,3146.85,3030.0,3062.55,48733
2013-05-22,3042.65,3100.0,3042.1,3049.65,49492
2013-05-23,3045.0,3048.0,2912.6,2930.55,68954
2013-05-24,2941.35,2990.0,2901.7,2959.6,53162
2013-05-27,2960.0,2998.0,2911.1,2991.8,56608
2013-05-28,2980.25,2997.75,2928.45,2969.95,40433
2013-05-29,2966.0,2989.95,2885.0,2892.95,55573
2013-05-30,2885.0,2974.0,2873.6,2951.4,95102
2013-05-31,2945.0,2945.15,2843.05,2854.05,33409
2013-06-03,2857.25,2873.65,2767.1,2788.6,61603
2013-06-04,2794.0,2819.0,2740.0,2750.3,38393
2013-06-05,2746.05,2779.9,2731.0,2771.55,52585
2013-06-06,2769.9,2799.0,2741.95,2777.1,42150
2013-06-07,2770.0,2805.3,2756.0,2781.65,40382
2013-06-10,2772.6,2808.0,2764.5,2782.85,26708
2013-06-11,2774.9,2816.0,2750.0,2792.3,99812
2013-06-12,2780.0,2805.95,2760.2,2780.35,61192
2013-06-13,2770.0,2770.0,2730.1,2746.45,78030
2013-06-14,2762.0,2790.0,2743.35,2780.2,33540
2013-06-17,2796.85,2828.0,2750.0,2807.65,45443
2013-06-18,2815.0,2815.0,2771.0,2782.6,72549
2013-06-19,2775.0,2797.4,2749.95,2786.6,64001
2013-06-20,2760.0,2772.9,2705.0,2751.1,125963
2013-06-21,2730.0,2799.0,2721.2,2783.05,45113
2013-06-24,2765.0,2782.0,2713.5,2754.45,91414
2013-06-25,2750.0,2808.0,2734.0,2794.15,30680
2013-06-26,2798.65,2807.0,2755.0,2785.9,83367
2013-06-27,2800.0,2820.0,2720.0,2754.9,54207
2013-06-28,2780.0,2783.0,2750.0,2759.9,79547
2013-07-01,2760.5,2810.0,2760.5,2803.05,49057
2013-07-02,2790.0,2835.2,2767.25,2797.7,69049
2013-07-03,2780.0,2808.35,2762.25,2799.7,58257
2013-07-04,2808.0,2824.95,2766.0,2796.95,58102
2013-07-05,2810.0,2820.0,2789.0,2806.1,33801
2013-07-08,2789.95,2815.0,2772.0,2802.55,35125
2013-07-09,2815.25,2824.9,2793.65,2809.25,42132
2013-07-10,2816.25,2823.35,2764.5,2781.4,55374
2013-07-11,2807.0,2839.9,2790.05,2826.0,30314
2013-07-12,2827.5,2830.2,2772.0,2811.75,55375
2013-07-15,2781.25,2809.85,2781.25,2800.2,21216
2013-07-16,2775.0,2809.0,2770.0,2801.9,42662
2013-07-17,2804.95,2824.0,2751.1,2778.05,48054
2013-07-18,2770.0,2810.0,2755.15,2804.9,42906
2013-07-19,2798.1,2825.0,2783.95,2816.65,37365
2013-07-22,2804.1,2826.0,2784.35,2807.65,52361
2013-07-23,2823.0,2829.9,2780.0,2796.5,41801
2013-07-24,2789.0,2817.45,2738.1,2799.3,83030
2013-07-25,2788.0,2794.0,2674.0,2701.4,122479
2013-07-26,2710.1,2725.0,2675.0,2692.7,21335
2013-07-29,2650.0,2724.9,2650.0,2715.05,13818
2013-07-30,2725.0,2745.0,2694.0,2701.95,20722
2013-07-31,2675.35,2683.8,2620.0,2646.8,43648
2013-08-01,2633.0,2665.0,2610.8,2633.35,27625
2013-08-02,2630.0,2646.0,2525.0,2540.5,40400
2013-08-05,2512.65,2561.0,2475.0,2545.7,54135
2013-08-06,2545.0,2548.0,2415.0,2447.55,52530
2013-08-07,2429.95,2457.4,2352.05,2397.8,108563
2013-08-08,2402.25,2485.0,2397.85,2434.55,72936
2013-08-12,2437.25,2453.9,2380.0,2408.75,78718
2013-08-13,2400.0,2460.0,2362.4,2442.25,76795
2013-08-14,2442.3,2456.9,2395.05,2413.25,63887
2013-08-16,2413.0,2428.0,2304.0,2332.9,133309
2013-08-19,2345.0,2345.0,2289.0,2328.05,55617
2013-08-20,2314.9,2332.85,2270.0,2322.35,97908
2013-08-21,2328.0,2348.6,2294.35,2315.15,321635
2013-08-22,2300.0,2333.0,2290.0,2301.5,68820
2013-08-23,2302.5,2319.2,2255.0,2297.85,55634
2013-08-26,2310.0,2345.0,2300.0,2316.8,78183
2013-08-27,2305.0,2305.0,2227.0,2246.2,81516
2013-08-28,2228.0,2233.0,2125.0,2222.4,216075
2013-08-29,2235.0,2399.7,2186.1,2301.65,468838
2013-09-03,2275.25,2294.0,2153.0,2170.9,80559
2013-09-04,2150.0,2216.75,2105.65,2184.6,50361
2013-09-05,2210.0,2325.0,2191.6,2301.8,66557
2013-09-06,2302.0,2497.0,2279.15,2361.6,119042
2013-09-10,2429.0,2459.0,2382.0,2449.9,109302
2013-09-11,2408.0,2576.4,2408.0,2564.7,97102
2013-09-12,2562.0,2576.25,2480.0,2504.85,43432
2013-09-13,2452.35,2550.0,2452.35,2527.95,49214
2013-09-16,2557.0,2610.0,2450.0,2469.55,40742
2013-09-17,2472.25,2539.0,2456.9,2519.4,86978
2013-09-18,2518.0,2625.0,2512.75,2608.8,68434
2013-09-19,2650.0,2790.0,2625.15,2774.95,193476
2013-09-20,2774.95,2844.7,2723.0,2820.95,142293
2013-09-23,2792.05,2859.0,2750.0,2765.05,60645
2013-09-24,2755.8,2814.9,2737.0,2756.0,82200
2013-09-25,2730.0,2775.0,2721.4,2741.25,53338
2013-09-26,2731.0,2760.0,2611.35,2673.8,116466
2013-09-27,2698.0,2731.0,2653.3,2680.55,39657
2013-09-30,2674.0,2683.85,2627.3,2646.05,30235
2013-10-01,2649.9,2672.0,2616.2,2627.25,27822
2013-10-03,2634.0,2736.0,2620.25,2716.45,77632
2013-10-04,2712.55,2769.85,2685.0,2698.3,107448
2013-10-07,2690.0,2718.4,2645.0,2681.15,28044
2013-10-08,2666.1,2714.7,2666.1,2706.35,97768
2013-10-09,2700.0,2725.0,2665.0,2704.9,82327
2013-10-10,2720.0,2768.3,2691.35,2762.15,76243
2013-10-11,2780.0,2780.0,2715.0,2734.95,48502
2013-10-14,2734.95,2756.0,2680.1,2737.2,62137
2013-10-15,2742.3,2769.1,2670.0,2726.65,107100
2013-10-17,2710.1,2737.7,2697.15,2713.9,101629
2013-10-18,2715.1,2765.0,2711.65,2744.4,80533
2013-10-21,2742.1,2764.8,2673.7,2722.05,91317
2013-10-22,2705.35,2735.0,2700.0,2718.1,46628
2013-10-23,2720.95,2725.45,2670.0,2695.15,64102
2013-10-24,2680.0,2745.7,2680.0,2700.95,76771
2013-10-25,2700.0,2745.0,2663.0,2731.65,86496
2013-10-28,2733.25,2747.75,2680.55,2688.8,100870
2013-10-29,2684.0,2818.0,2678.05,2796.8,183394
2013-10-30,2814.0,2842.0,2762.2,2809.95,163430
2013-10-31,2812.0,2835.0,2772.6,2815.05,111083
2013-11-01,2814.0,2849.9,2795.9,2819.15,72285
2013-11-05,2790.0,2819.75,2761.0,2787.35,24623
2013-11-06,2788.1,2800.05,2735.0,2745.75,26696
2013-11-07,2748.65,2748.65,2670.0,2687.8,71036
2013-11-08,2673.6,2694.75,2653.7,2677.35,35364
2013-11-11,2660.35,2715.0,2621.3,2667.7,69033
2013-11-12,2641.05,2695.0,2635.05,2648.65,82816
2013-11-13,2648.85,2662.2,2587.05,2602.0,100263
2013-11-14,2615.25,2649.0,2587.2,2609.05,140492
2013-11-18,2629.0,2660.0,2585.05,2618.8,174127
2013-11-19,2618.0,2676.95,2606.1,2659.7,137590
2013-11-20,2668.9,2684.4,2599.0,2608.45,92816
2013-11-21,2595.0,2614.0,2571.9,2578.05,49388
2013-11-22,2597.9,2598.0,2531.0,2541.4,61164
2013-11-25,2550.05,2582.45,2532.2,2557.85,111565
2013-11-26,2560.0,2575.0,2531.0,2542.35,102869
2013-11-27,2545.1,2582.0,2520.0,2569.15,48899
2013-11-28,2580.1,2645.0,2576.1,2627.9,126588
2013-11-29,2628.1,2675.0,2628.1,2659.35,79583
2013-12-02,2672.8,2694.0,2616.0,2663.5,98869
2013-12-03,2665.0,2689.0,2635.5,2663.65,49571
2013-12-04,2659.9,2666.25,2626.5,2639.0,33494
2013-12-05,2675.25,2707.0,2651.0,2696.85,46298
2013-12-06,2695.0,2742.0,2670.0,2728.3,47752
2013-12-09,2800.1,2805.0,2750.0,2798.25,83889
2013-12-10,2802.1,2827.0,2709.65,2726.75,95151
2013-12-11,2712.4,2734.65,2668.5,2719.3,32371
2013-12-12,2705.3,2722.75,2685.9,2698.95,34136
2013-12-13,2686.3,2695.0,2655.5,2666.05,34167
2013-12-16,2666.05,2679.8,2625.1,2634.75,29109
2013-12-17,2645.0,2654.15,2614.2,2626.8,42144
2013-12-18,2635.0,2698.7,2631.35,2682.6,22869
2013-12-19,2687.25,2754.5,2626.0,2640.35,59443
2013-12-20,2639.5,2649.45,2562.65,2630.7,96554
2013-12-23,2635.25,2709.4,2635.25,2694.3,37740
2013-12-24,2696.1,2748.85,2695.35,2711.55,40501
2013-12-26,2714.4,2745.0,2671.5,2722.15,54552
2013-12-27,2734.8,2740.0,2707.3,2716.15,32949
2013-12-30,2719.0,2729.7,2682.85,2700.1,37460
2013-12-31,2706.25,2747.55,2706.25,2714.6,34636
2014-01-01,2720.1,2724.0,2695.1,2714.55,18861
2014-01-02,2715.05,2740.0,2626.0,2643.25,36534
2014-01-03,2626.0,2642.9,2602.3,2630.7,33777
2014-01-06,2629.9,2651.7,2589.1,2631.2,25558
2014-01-07,2633.95,2647.25,2602.3,2611.65,38002
2014-01-08,2615.25,2616.75,2583.0,2600.4,64171
2014-01-09,2599.0,2614.05,2562.0,2599.4,62027
2014-01-10,2600.6,2622.0,2570.0,2588.55,47750
2014-01-13,2580.1,2621.85,2572.2,2602.25,17489
2014-01-14,2580.6,2609.1,2560.0,2565.25,16981
2014-01-15,2565.25,2590.5,2560.35,2581.9,51562
2014-01-16,2582.0,2614.0,2568.0,2605.95,72107
2014-01-17,2606.0,2629.95,2597.3,2622.0,65497
2014-01-20,2612.1,2617.85,2578.2,2595.55,41074
2014-01-21,2619.0,2625.0,2582.5,2603.3,40203
2014-01-22,2607.1,2618.0,2565.0,2585.65,27067
2014-01-23,2579.0,2595.0,2570.0,2591.0,40484
2014-01-24,2589.0,2618.0,2577.0,2594.05,170931
2014-01-27,2577.9,2604.85,2556.0,2592.4,107751
2014-01-28,2591.0,2600.0,2570.25,2592.9,188336
2014-01-29,2600.0,2625.0,2581.8,2605.5,157111
2014-01-30,2600.0,2619.8,2575.0,2589.5,35844
2014-01-31,2588.95,2593.55,2536.4,2565.1,115501
2014-02-03,2550.0,2563.95,2502.05,2511.25,57131
2014-02-04,2498.0,2525.0,2476.0,2490.65,36766
2014-02-05,2490.0,2498.0,2451.0,2485.65,76767
2014-02-06,2491.25,2535.0,2461.0,2519.25,68544
2014-02-07,2535.0,2560.05,2527.8,2550.55,32153
2014-02-10,2549.5,2589.0,2544.0,2567.95,47614
2014-02-11,2585.1,2586.0,2537.95,2580.55,57263
2014-02-12,2596.2,2596.2,2555.1,2574.7,75117
2014-02-13,2574.1,2574.1,2452.0,2468.1,37647
2014-02-14,2474.0,2489.0,2435.1,2454.85,29398
2014-02-17,2473.6,2481.95,2450.2,2469.2,12414
2014-02-18,2473.0,2509.0,2453.6,2483.4,32307
2014-02-19,2488.0,2499.0,2458.0,2482.7,23389
2014-02-20,2494.9,2494.9,2426.35,2431.0,38912
2014-02-21,2444.35,2511.0,2435.0,2500.25,72885
2014-02-24,2501.0,2530.0,2493.0,2504.75,52361
2014-02-25,2510.1,2540.0,2499.0,2527.55,42167
2014-02-26,2530.25,2599.0,2495.0,2566.65,137170
2014-02-28,2580.0,2580.0,2525.0,2540.8,33207
2014-03-03,2550.0,2577.7,2515.8,2523.4,49952
2014-03-04,2529.25,2584.8,2522.6,2571.05,87822
2014-03-05,2590.0,2656.7,2551.1,2645.75,96519
2014-03-06,2649.0,2750.0,2635.3,2745.8,91684
2014-03-07,2755.7,2784.0,2706.3,2762.45,83480
2014-03-10,2750.0,2789.0,2729.85,2750.3,67685
2014-03-11,2755.0,2824.4,2730.0,2815.25,64955
2014-03-12,2819.0,2838.9,2752.25,2773.9,52622
2014-03-13,2780.25,2820.6,2724.0,2738.15,39837
2014-03-14,2710.1,2742.5,2687.4,2733.4,39094
2014-03-18,2740.0,2777.0,2701.3,2716.9,48243
2014-03-19,2718.0,2755.0,2711.95,2740.25,47866
2014-03-20,2735.0,2743.1,2705.1,2729.5,27042
2014-03-21,2735.25,2760.0,2721.05,2744.3,74741
2014-03-24,2755.1,2798.0,2752.8,2787.5,86942
2014-03-25,2777.0,2837.7,2763.5,2807.95,62339
2014-03-26,2813.0,2829.8,2801.1,2810.65,36998
2014-03-27,2825.0,2825.0,2762.0,2776.1,272013
2014-03-28,2783.25,2900.0,2783.25,2859.75,131584
2014-03-31,2862.75,2922.0,2862.75,2888.05,65024
2014-04-01,2900.0,2901.35,2842.1,2849.45,70138
2014-04-02,2850.0,2872.9,2806.15,2825.0,38460
2014-04-03,2847.9,2847.9,2806.3,2814.65,54399
2014-04-04,2808.0,2835.9,2803.1,2814.75,37382
2014-04-07,2814.8,2875.0,2814.8,2847.05,75665
2014-04-09,2870.0,2875.0,2832.65,2855.7,58113
2014-04-10,2858.0,2894.8,2818.85,2839.8,160070
2014-04-11,2825.0,2833.55,2791.5,2806.25,74932
2014-04-15,2804.2,2805.2,2739.0,2779.15,64136
2014-04-16,2780.85,2819.05,2734.8,2746.3,31199
2014-04-17,2750.0,2782.0,2740.0,2763.05,68012
2014-04-21,2765.1,2809.9,2755.05,2801.95,56347
2014-04-22,2785.15,2817.05,2765.0,2772.95,20378
2014-04-23,2761.1,2798.8,2745.05,2759.9,169106
2014-04-25,2746.3,2795.0,2658.4,2675.2,52096
2014-04-28,2650.0,2689.95,2630.5,2643.35,44148
2014-04-29,2640.1,2711.5,2635.1,2669.55,77705
2014-04-30,2672.0,2720.9,2600.0,2616.05,50229
2014-05-02,2624.95,2647.9,2584.0,2629.6,51253
2014-05-05,2611.2,2667.95,2599.0,2638.6,65455
2014-05-06,2646.2,2665.0,2618.0,2630.2,31946
2014-05-07,2618.0,2641.7,2601.55,2611.55,56824
2014-05-08,2615.15,2646.25,2583.1,2625.1,64729
2014-05-09,2617.1,2744.0,2610.05,2722.4,97335
2014-05-12,2725.0,2860.0,2725.0,2839.65,113432
2014-05-13,2850.0,2930.0,2835.15,2913.35,91702
2014-05-14,2922.1,2990.0,2917.0,2976.75,88693
2014-05-15,2980.0,2998.0,2919.25,2937.55,75886
2014-05-16,2998.45,3274.75,2980.0,3068.6,368455
2014-05-19,3075.15,3119.45,3002.0,3020.75,55213
2014-05-20,3025.0,3090.0,2985.0,3032.6,57657
2014-05-21,3050.0,3059.1,2945.0,2952.65,63760
2014-05-22,2980.0,2980.0,2906.4,2958.8,100712
2014-05-23,2948.0,3031.0,2918.0,3001.35,142917
2014-05-26,3016.0,3224.55,3016.0,3067.8,215465
2014-05-27,3098.6,3131.95,3051.75,3084.25,66626
2014-05-28,3118.0,3211.0,3071.95,3191.45,151412
2014-05-29,3200.0,3253.7,3150.0,3167.35,138099
2014-05-30,3172.0,3225.0,3155.35,3179.25,44396
2014-06-02,3182.55,3210.0,3138.3,3160.45,73273
2014-06-03,3161.0,3345.0,3155.1,3327.5,195926
2014-06-04,3328.0,3395.0,3290.05,3344.45,84204
2014-06-05,3345.0,3406.05,3301.35,3329.5,102401
2014-06-06,3349.95,3403.55,3290.1,3314.8,138011
2014-06-09,3420.0,3789.0,3420.0,3697.7,658112
2014-06-10,3700.0,3731.5,3560.0,3577.8,238518
2014-06-11,3635.0,3670.0,3520.0,3558.15,171970
2014-06-12,3562.0,3600.1,3514.1,3573.65,121043
2014-06-13,3587.9,3608.0,3521.0,3535.15,110512
2014-06-16,3549.35,3599.4,3509.85,3560.9,110111
2014-06-17,3577.6,3611.85,3525.15,3577.75,102972
2014-06-18,3580.0,3615.0,3500.0,3550.25,166315
2014-06-19,3550.25,3575.0,3517.45,3546.15,97992
2014-06-20,3514.55,3559.9,3486.5,3501.05,40963
2014-06-23,3500.0,3518.75,3462.0,3496.7,67477
2014-06-24,3500.0,3546.55,3444.9,3512.85,66781
2014-06-25,3513.0,3525.0,3481.05,3488.0,96197
2014-06-26,3500.0,3512.8,3375.2,3391.05,206428
2014-06-27,3400.0,3461.35,3371.35,3415.05,117681
2014-06-30,3425.0,3474.4,3403.1,3430.5,63091
2014-07-01,3441.9,3451.0,3403.35,3411.6,60448
2014-07-02,3448.0,3464.0,3426.0,3434.75,60560
2014-07-03,3445.0,3459.0,3391.6,3420.35,51234
2014-07-04,3415.0,3430.45,3355.0,3390.15,59761
2014-07-07,3400.0,3413.0,3350.1,3363.9,49008
2014-07-08,3370.0,3376.85,3251.65,3279.85,70042
2014-07-09,3285.0,3343.05,3223.35,3292.3,90068
2014-07-10,3280.15,3382.05,3260.0,3309.9,79126
2014-07-11,3310.0,3323.95,3200.0,3211.2,70692
2014-07-14,3215.25,3236.7,3192.0,3199.35,59967
2014-07-15,3227.7,3250.0,3188.05,3224.95,42006
2014-07-16,3230.0,3293.65,3199.05,3263.25,74888
2014-07-17,3255.0,3391.55,3255.0,3376.6,90467
2014-07-18,3376.0,3376.0,3320.2,3337.1,54028
2014-07-21,3340.55,3427.1,3307.4,3407.85,115866
2014-07-22,3407.85,3423.9,3358.05,3394.0,75873
2014-07-23,3403.0,3409.8,3311.05,3336.8,80124
2014-07-24,3337.0,3353.95,3292.1,3321.8,89821
2014-07-25,3321.8,3358.6,3282.25,3293.55,81772
2014-07-28,3295.1,3316.0,3199.9,3209.6,79195
2014-07-30,3215.2,3279.9,3193.2,3262.2,94372
2014-07-31,3252.4,3302.0,3205.0,3214.75,306200
2014-08-01,3202.0,3274.0,3173.95,3217.55,94481
2014-08-04,3188.0,3233.0,3175.0,3212.25,97317
2014-08-05,3225.0,3349.0,3213.0,3333.7,127222
2014-08-06,3338.0,3345.0,3264.0,3277.95,71539
2014-08-07,3278.0,3324.0,3270.0,3289.1,59214
2014-08-08,3270.0,3275.0,3232.05,3261.35,58126
2014-08-11,3270.05,3318.85,3252.1,3303.9,72013
2014-08-12,3305.1,3335.9,3297.3,3330.05,65569
2014-08-13,3306.5,3355.0,3250.0,3264.5,103216
2014-08-14,3260.0,3333.05,3260.0,3326.5,61045
2014-08-18,3302.3,3358.0,3302.3,3338.8,70973
2014-08-19,3341.0,3438.0,3303.35,3420.9,91842
2014-08-20,3420.0,3455.0,3382.0,3450.4,125026
2014-08-21,3440.0,3464.2,3390.0,3407.9,62514
2014-08-22,3409.0,3455.0,3405.0,3441.05,56995
2014-08-25,3446.0,3475.0,3425.3,3445.25,50836
2014-08-26,3430.1,3474.0,3344.0,3379.8,54406
2014-08-27,3381.0,3398.1,3348.0,3389.45,133071
2014-08-28,3396.0,3429.95,3384.0,3397.35,149125
2014-09-01,3419.8,3484.8,3404.0,3474.7,45306
2014-09-02,3488.8,3653.9,3475.0,3615.65,232660
2014-09-03,3615.0,3620.6,3566.3,3593.1,79847
2014-09-04,3579.7,3617.1,3548.0,3590.2,74215
2014-09-05,3581.0,3639.95,3550.85,3564.7,74498
2014-09-08,3572.5,3675.0,3557.4,3657.8,111905
2014-09-09,3615.0,3669.95,3615.0,3637.55,90121
2014-09-10,3605.0,3677.15,3599.6,3643.95,62207
2014-09-11,3655.0,3683.65,3603.2,3621.95,53047
2014-09-12,3635.2,3663.35,3600.0,3646.4,55242
2014-09-15,3613.0,3634.8,3585.5,3601.9,23721
2014-09-16,3609.0,3620.0,3522.5,3566.35,51270
2014-09-17,3575.1,3589.9,3520.0,3540.15,47198
2014-09-18,3531.0,3628.5,3525.0,3606.35,71673
2014-09-19,3630.0,3699.0,3626.35,3686.2,127585
2014-09-22,3668.0,3729.95,3642.9,3707.5,131730
2014-09-23,3739.8,3758.0,3648.85,3659.5,85240
2014-09-24,3682.0,3717.35,3590.0,3617.45,84470
2014-09-25,3619.95,3651.0,3522.1,3543.05,123985
2014-09-26,3540.1,3615.0,3479.9,3597.2,74700
2014-09-29,3620.0,3626.85,3565.0,3570.6,65623
2014-09-30,3570.0,3598.9,3535.0,3548.4,52669
2014-10-01,3559.9,3560.0,3476.15,3493.85,46508
2014-10-07,3490.0,3516.05,3400.0,3407.25,72501
2014-10-08,3420.0,3474.9,3401.35,3460.55,78829
2014-10-09,3477.0,3519.8,3460.0,3496.8,64709
2014-10-10,3489.0,3489.0,3407.0,3424.3,46797
2014-10-13,3424.0,3445.25,3395.1,3418.85,58823
2014-10-14,3426.0,3448.0,3385.2,3393.9,61446
2014-10-16,3376.1,3399.2,3218.0,3228.9,112408
2014-10-17,3241.5,3305.0,3241.5,3279.4,64995
2014-10-20,3315.0,3384.5,3305.6,3317.2,111939
2014-10-21,3320.0,3362.85,3318.65,3339.8,52806
2014-10-22,3360.25,3418.9,3344.0,3392.9,87945
2014-10-23,3428.0,3437.4,3405.4,3418.7,7000
2014-10-27,3418.7,3432.0,3381.25,3395.65,58693
2014-10-28,3380.0,3440.0,3371.35,3380.45,56318
2014-10-29,3400.0,3456.55,3340.2,3448.35,213566
2014-10-30,3451.0,3486.0,3421.15,3441.6,151921
2014-10-31,3455.0,3525.5,3451.25,3508.05,133909
2014-11-03,3515.0,3549.9,3500.0,3530.55,94663
2014-11-05,3530.55,3577.9,3520.0,3559.1,82301
2014-11-07,3565.0,3597.0,3555.0,3589.15,34818
2014-11-10,3590.25,3610.0,3561.35,3581.6,27968
2014-11-11,3595.5,3637.75,3588.95,3614.55,45848
2014-11-12,3639.0,3660.0,3500.4,3635.55,73052
2014-11-13,3641.35,3648.9,3565.0,3612.9,56612
2014-11-14,3613.0,3621.9,3555.0,3569.4,47256
2014-11-17,3555.9,3585.0,3541.05,3561.8,54329
2014-11-18,3570.0,3610.9,3545.3,3596.65,61373
2014-11-19,3608.0,3637.0,3540.25,3558.05,69707
2014-11-20,3555.0,3594.6,3510.2,3529.3,29193
2014-11-21,3530.0,3574.0,3521.0,3542.6,25186
2014-11-24,3548.1,3580.65,3502.05,3526.1,31337
2014-11-25,3512.0,3542.0,3460.0,3486.9,55052
2014-11-26,3464.1,3575.0,3464.1,3566.2,86501
2014-11-27,3542.25,3595.0,3500.0,3513.15,121582
2014-11-28,3520.25,3585.0,3520.25,3555.7,79421
2014-12-01,3540.15,3587.65,3490.0,3505.8,63370
2014-12-02,3511.0,3529.45,3492.05,3511.5,30773
2014-12-03,3517.0,3538.35,3471.05,3479.05,37812
2014-12-04,3494.35,3496.0,3450.0,3473.9,36533
2014-12-05,3495.0,3526.0,3476.0,3484.6,29021
2014-12-08,3467.1,3512.9,3410.05,3437.9,27023
2014-12-09,3420.0,3422.45,3370.0,3375.9,85372
2014-12-10,3352.1,3433.15,3352.1,3408.85,51369
2014-12-11,3386.35,3408.9,3340.2,3359.85,46687
2014-12-12,3352.65,3384.0,3340.0,3360.65,94023
2014-12-15,3337.0,3434.1,3337.0,3415.85,43816
2014-12-16,3395.0,3425.0,3358.7,3365.9,77745
2014-12-17,3343.05,3413.95,3343.05,3355.95,92852
2014-12-18,3372.0,3396.75,3305.2,3330.25,131615
2014-12-19,3345.4,3390.0,3336.0,3375.9,33345
2014-12-22,3390.0,3424.85,3355.0,3418.3,75346
2014-12-23,3421.85,3499.95,3405.0,3467.8,82942
2014-12-24,3473.0,3514.9,3380.5,3409.95,103750
2014-12-26,3429.95,3443.55,3370.0,3382.25,24592
2014-12-29,3385.0,3440.0,3385.0,3420.2,28057
2014-12-30,3410.0,3425.55,3383.5,3392.85,23606
2014-12-31,3400.0,3432.7,3371.6,3385.05,47098
2015-01-01,3394.0,3407.9,3370.0,3402.5,41137
2015-01-02,3405.1,3506.0,3399.0,3495.7,44930
2015-01-05,3500.0,3547.6,3477.0,3508.85,99014
2015-01-06,3487.0,3489.0,3341.9,3375.05,125355
2015-01-07,3400.0,3434.0,3370.0,3417.5,130144
2015-01-08,3430.0,3462.0,3398.3,3424.95,41048
2015-01-09,3430.0,3463.7,3395.0,3404.55,50866
2015-01-12,3409.5,3448.0,3393.0,3435.55,28484
2015-01-13,3467.0,3590.0,3447.0,3546.35,94327
2015-01-14,3545.0,3599.9,3540.4,3566.8,53587
2015-01-15,3600.0,3693.0,3570.05,3668.15,107561
2015-01-16,3668.15,3697.4,3615.1,3636.5,78625
2015-01-19,3652.6,3715.0,3642.8,3652.5,72836
2015-01-20,3686.95,3707.0,3666.0,3691.55,68112
2015-01-21,3701.55,3810.0,3654.0,3783.25,116962
2015-01-22,3820.0,3824.8,3760.3,3809.4,74337
2015-01-23,3840.0,3841.65,3757.1,3793.05,92758
2015-01-27,3798.7,3864.0,3775.0,3850.0,129499
2015-01-28,3830.15,3913.0,3830.15,3894.7,121386
2015-01-29,3894.0,3950.0,3851.65,3931.9,82968
2015-01-30,3930.0,3975.0,3861.3,3884.05,112224
2015-02-02,3828.1,3878.4,3800.0,3808.3,61367
2015-02-03,3821.9,3902.0,3800.0,3887.95,174627
2015-02-04,3891.95,3937.4,3875.25,3897.15,90695
2015-02-05,3880.2,3925.35,3850.0,3887.5,179527
2015-02-06,3840.2,3918.0,3782.35,3805.0,93363
2015-02-09,3795.0,3800.9,3686.15,3708.5,40959
2015-02-10,3689.0,3829.15,3651.9,3813.3,74198
2015-02-11,3813.3,3887.7,3795.15,3844.15,118014
2015-02-12,3907.0,3931.5,3807.6,3827.25,112692
2015-02-13,3840.0,3893.9,3840.0,3859.95,60550
2015-02-16,3862.05,3899.8,3836.0,3855.25,40118
2015-02-18,3856.0,3885.0,3810.0,3867.4,88062
2015-02-19,3868.0,3900.0,3761.1,3786.15,123783
2015-02-20,3787.9,3815.15,3751.0,3760.7,42473
2015-02-23,3771.0,3799.35,3652.35,3695.7,68338
2015-02-24,3689.0,3707.5,3654.0,3681.8,45994
2015-02-25,3691.05,3720.0,3650.0,3668.3,42979
2015-02-26,3675.05,3713.8,3580.65,3597.9,122057
2015-02-27,3632.8,3773.0,3594.6,3745.25,121741
2015-03-02,3800.0,4007.55,3785.05,3987.3,155965
2015-03-03,3980.0,4024.85,3920.0,3997.8,116244
2015-03-04,3996.0,4007.9,3861.75,3882.8,71856
2015-03-05,3886.0,3910.0,3757.65,3784.7,89426
2015-03-09,3775.0,3808.0,3700.0,3710.45,64295
2015-03-10,3710.0,3748.4,3675.0,3698.85,61189
2015-03-11,3697.0,3721.0,3640.2,3701.0,38577
2015-03-12,3720.0,3779.0,3712.65,3741.15,46877
2015-03-13,3746.25,3787.0,3616.0,3669.5,129360
2015-03-16,3690.0,3719.75,3653.0,3692.35,28349
2015-03-17,3705.15,3727.0,3669.55,3705.25,47941
2015-03-18,3712.0,3712.0,3652.0,3669.3,47766
2015-03-19,3678.0,3728.8,3595.0,3612.0,53007
2015-03-20,3612.0,3640.0,3550.0,3615.45,54011
2015-03-23,3644.95,3685.0,3579.8,3629.75,48333
2015-03-24,3610.15,3660.0,3580.0,3593.4,58310
2015-03-25,3595.0,3636.85,3551.05,3570.4,92771
2015-03-26,3560.0,3601.0,3528.65,3549.15,179472
2015-03-27,3542.2,3599.0,3540.0,3568.95,55709
2015-03-30,3575.05,3667.95,3555.0,3631.1,80872
2015-03-31,3632.0,3654.95,3593.3,3622.35,85230
2015-04-01,3640.0,3725.7,3590.0,3694.05,41115
2015-04-06,3701.0,3730.0,3677.2,3698.1,29452
2015-04-07,3701.3,3785.0,3674.45,3766.3,66639
2015-04-08,3755.0,3810.0,3755.0,3800.25,44248
2015-04-09,3810.0,3823.3,3760.95,3768.4,32974
2015-04-10,3770.0,3803.95,3752.0,3792.7,26571
2015-04-13,3791.05,3800.0,3747.05,3780.5,28531
2015-04-15,3785.0,3826.9,3781.15,3804.6,42704
2015-04-16,3801.0,3825.25,3691.15,3730.0,98200
2015-04-17,3730.0,3746.0,3630.0,3647.2,71433
2015-04-20,3635.0,3687.9,3581.15,3612.0,67827
2015-04-21,3610.0,3669.0,3566.0,3634.1,75519
2015-04-22,3634.1,3710.0,3625.0,3670.0,56226
2015-04-23,3679.9,3705.0,3596.0,3639.3,44495
2015-04-24,3641.3,3694.6,3600.15,3663.05,25474
2015-04-27,3660.1,3668.0,3585.65,3613.7,77792
2015-04-28,3606.0,3643.9,3556.1,3623.7,77404
2015-04-29,3603.15,3690.0,3535.05,3599.45,68473
2015-04-30,3595.05,3620.0,3567.2,3589.3,160442
2015-05-04,3581.0,3649.0,3545.05,3625.0,128000
2015-05-05,3604.5,3625.0,3555.05,3580.5,69824
2015-05-06,3575.0,3591.2,3462.0,3478.0,109082
2015-05-07,3462.0,3527.8,3443.0,3510.55,39740
2015-05-08,3527.8,3527.8,3475.0,3493.15,65117
2015-05-11,3510.0,3569.0,3494.4,3556.75,24452
2015-05-12,3559.0,3575.0,3472.0,3488.15,100276
2015-05-13,3505.0,3555.0,3465.0,3514.2,32294
2015-05-14,3502.0,3554.0,3456.2,3530.25,23578
2015-05-15,3520.25,3580.7,3520.25,3550.25,33702
2015-05-18,3547.1,3574.9,3535.65,3551.65,54682
2015-05-19,3560.0,3611.0,3532.0,3590.5,76221
2015-05-20,3593.7,3634.7,3579.95,3595.4,40758
2015-05-21,3614.9,3688.45,3577.2,3675.5,73592
2015-05-22,3682.0,3698.0,3625.0,3640.45,30207
2015-05-25,3635.0,3672.0,3552.4,3567.65,22982
2015-05-26,3575.0,3603.6,3550.0,3572.2,30068
2015-05-27,3560.0,3620.0,3551.0,3578.7,77780
2015-05-28,3582.4,3588.2,3502.1,3511.85,138427
2015-05-29,3520.0,3662.4,3520.0,3640.65,87934
2015-06-01,3640.65,3680.0,3606.0,3613.45,28847
2015-06-02,3610.0,3616.3,3490.0,3502.35,49177
2015-06-03,3487.0,3494.45,3393.0,3406.7,52894
2015-06-04,3421.3,3459.5,3395.05,3448.9,49447
2015-06-05,3424.05,3468.0,3400.0,3408.95,61870
2015-06-08,3413.8,3438.85,3374.0,3406.4,26407
2015-06-09,3400.0,3464.8,3399.8,3443.3,33844
2015-06-10,3440.0,3473.0,3432.05,3450.1,40049
2015-06-11,3451.15,3461.0,3350.0,3364.85,71263
2015-06-12,3361.1,3375.0,3320.2,3355.3,42745
2015-06-15,3355.0,3375.95,3325.0,3350.2,57677
2015-06-16,3340.0,3389.05,3325.0,3370.65,44325
2015-06-17,3372.9,3410.0,3346.5,3366.3,46315
2015-06-18,3373.95,3388.0,3351.0,3366.55,53543
2015-06-19,3374.15,3405.0,3365.0,3384.2,44497
2015-06-22,3387.7,3418.8,3372.0,3398.65,64821
2015-06-23,3410.0,3446.0,3394.65,3433.8,48656
2015-06-24,3434.0,3480.0,3377.4,3400.3,108656
2015-06-25,3400.0,3425.0,3385.0,3405.85,104509
2015-06-26,3407.0,3439.0,3390.1,3397.15,57608
2015-06-29,3384.95,3385.95,3301.0,3372.25,66339
2015-06-30,3372.25,3455.0,3351.25,3442.45,27934
2015-07-01,3443.05,3530.0,3428.15,3516.5,43794
2015-07-02,3548.9,3548.9,3459.0,3470.1,34951
2015-07-03,3457.3,3520.0,3457.3,3506.75,38279
2015-07-06,3472.0,3573.95,3469.0,3560.75,53108
2015-07-07,3562.0,3607.6,3562.0,3573.35,44202
2015-07-08,3560.0,3572.35,3495.0,3509.75,52247
2015-07-09,3516.0,3559.75,3506.2,3516.65,24484
2015-07-10,3523.0,3603.6,3520.0,3596.5,53865
2015-07-13,3618.9,3654.0,3576.6,3632.1,49372
2015-07-14,3635.0,3645.0,3603.05,3625.3,26971
2015-07-15,3629.7,3698.7,3625.0,3686.5,56552
2015-07-16,3698.6,3704.0,3657.4,3674.75,43185
2015-07-17,3681.9,3724.0,3674.0,3696.9,48160
2015-07-20,3675.0,3779.0,3628.0,3769.1,86745
2015-07-21,3760.1,3783.0,3641.0,3670.6,56912
2015-07-22,3670.0,3750.55,3660.0,3738.35,41276
2015-07-23,3730.25,3737.6,3680.0,3700.3,24100
2015-07-24,3675.05,3708.9,3662.7,3672.9,22025
2015-07-27,3650.0,3725.0,3640.9,3681.75,51763
2015-07-28,3674.0,3737.25,3637.3,3675.75,55407
2015-07-29,3675.0,3697.7,3640.0,3656.65,35967
2015-07-30,3684.0,3732.5,3657.7,3720.8,58592
2015-07-31,3740.0,3760.0,3704.1,3716.25,67121
2015-08-03,3717.0,3748.0,3710.0,3738.25,64759
2015-08-04,3740.0,3788.05,3715.0,3764.75,129684
2015-08-05,3765.0,3788.95,3732.65,3762.55,75831
2015-08-06,3765.0,3795.0,3720.0,3752.15,52052
2015-08-07,3755.0,3842.9,3704.0,3808.7,339115
2015-08-10,3824.75,3836.25,3745.0,3773.35,71948
2015-08-11,3775.1,3798.0,3702.35,3720.05,62647
2015-08-12,3708.0,3758.0,3621.0,3660.95,73559
2015-08-13,3659.7,3684.8,3574.0,3605.25,39448
2015-08-14,3630.0,3722.0,3620.0,3703.75,27739
2015-08-17,3705.0,3723.0,3662.75,3688.5,17551
2015-08-18,3690.1,3748.0,3675.5,3710.6,32166
2015-08-19,3710.0,3760.0,3686.0,3736.45,92153
2015-08-20,3671.0,3730.1,3631.0,3692.95,49247
2015-08-21,3652.0,3667.0,3580.85,3625.25,67425
2015-08-24,3550.0,3578.4,3401.0,3454.25,144085
2015-08-25,3466.05,3494.95,3362.65,3458.4,86508
2015-08-26,3457.7,3496.8,3388.0,3411.9,66464
2015-08-27,3420.0,3521.3,3369.0,3504.15,81942
2015-08-28,3537.0,3555.05,3441.6,3449.9,59212
2015-08-31,3450.0,3493.55,3419.0,3446.55,22215
2015-09-01,3420.0,3449.8,3373.0,3420.35,64845
2015-09-02,3425.0,3449.0,3386.5,3414.4,69625
2015-09-03,3417.8,3440.0,3390.0,3423.15,48562
2015-09-04,3402.0,3423.0,3323.2,3374.7,65490
2015-09-07,3375.0,3410.0,3350.0,3388.7,55227
2015-09-08,3395.0,3440.0,3370.3,3424.1,21741
2015-09-09,3450.1,3512.0,3442.3,3504.7,28836
2015-09-10,3460.05,3480.0,3425.2,3465.7,56356
2015-09-11,3460.0,3515.0,3440.0,3463.0,48633
2015-09-14,3469.0,3498.7,3456.3,3477.05,33995
2015-09-15,3460.0,3480.65,3447.9,3456.7,43873
2015-09-16,3466.25,3481.4,3445.25,3466.6,41389
2015-09-18,3480.0,3549.0,3475.0,3496.9,30063
2015-09-21,3472.0,3484.0,3430.0,3458.6,40076
2015-09-22,3462.2,3480.0,3388.05,3429.2,131013
2015-09-23,3400.0,3456.0,3385.0,3441.7,33942
2015-09-24,3429.0,3468.0,3417.0,3432.95,91906
2015-09-28,3435.0,3473.9,3425.0,3450.2,50745
2015-09-29,3410.0,3499.0,3380.1,3440.9,69115
2015-09-30,3449.0,3544.05,3435.5,3517.85,79253
2015-10-01,3536.1,3570.0,3501.5,3529.15,26783
2015-10-05,3558.05,3636.5,3537.1,3615.15,64706
2015-10-06,3619.0,3664.75,3565.0,3603.15,54970
2015-10-07,3600.0,3650.0,3580.0,3644.6,33189
2015-10-08,3644.9,3671.95,3635.15,3654.15,35676
2015-10-09,3660.2,3688.75,3630.35,3642.9,36631
2015-10-12,3654.7,3688.3,3615.3,3622.35,24143
2015-10-13,3623.0,3654.0,3620.0,3645.2,17498
2015-10-14,3630.0,3658.95,3622.0,3635.6,26610
2015-10-15,3650.0,3676.0,3631.1,3644.5,62807
2015-10-16,3652.0,3664.0,3614.45,3649.05,40004
2015-10-19,3648.25,3648.25,3590.0,3603.55,43923
2015-10-20,3607.2,3625.0,3591.0,3607.25,46226
2015-10-21,3611.0,3648.0,3591.0,3637.05,25120
2015-10-23,3650.25,3692.65,3638.55,3647.45,22475
2015-10-26,3651.25,3714.8,3620.1,3690.15,32899
2015-10-27,3685.0,3720.0,3671.0,3686.45,56665
2015-10-28,3670.3,3711.0,3670.1,3697.35,32960
2015-10-29,3692.0,3699.0,3643.0,3672.0,71605
2015-10-30,3709.0,3759.0,3678.05,3712.05,110603
2015-11-02,3712.05,3736.85,3650.5,3691.2,19588
2015-11-03,3704.1,3720.0,3688.0,3698.95,58919
2015-11-04,3714.95,3725.35,3668.0,3697.5,30726
2015-11-05,3690.0,3706.0,3662.7,3696.85,29987
2015-11-06,3696.0,3718.9,3658.2,3689.05,31890
2015-11-09,3659.0,3662.0,3625.0,3648.95,67758
2015-11-10,3629.95,3640.25,3592.0,3621.2,45168
2015-11-11,3645.9,3645.9,3565.05,3589.95,7208
2015-11-13,3585.95,3630.0,3555.75,3623.05,71144
2015-11-16,3625.0,3694.0,3603.8,3681.6,31418
2015-11-17,3689.0,3693.25,3582.0,3614.45,44542
2015-11-18,3617.0,3625.85,3582.1,3612.0,34282
2015-11-19,3615.5,3680.0,3612.0,3665.35,25130
2015-11-20,3665.0,3698.0,3649.6,3683.8,42553
2015-11-23,3683.0,3712.0,3647.5,3672.85,40303
2015-11-24,3660.0,3719.0,3650.1,3695.35,68009
2015-11-26,3695.35,3739.9,3680.1,3729.9,67043
2015-11-27,3733.35,3750.0,3716.1,3734.6,53971
2015-11-30,3735.0,3752.0,3722.0,3741.7,28943
2015-12-01,3752.0,3774.9,3722.65,3734.4,27570
2015-12-02,3735.1,3765.8,3733.05,3756.45,59792
2015-12-03,3743.3,3785.0,3725.3,3744.05,90457
2015-12-04,3730.95,3755.0,3705.0,3719.55,41873
2015-12-07,3725.1,3790.0,3725.1,3770.05,52386
2015-12-08,3760.3,3769.75,3730.85,3738.95,13013
2015-12-09,3731.1,3745.35,3691.0,3701.0,62833
2015-12-10,3700.0,3719.0,3660.0,3711.5,30014
2015-12-11,3709.0,3730.0,3607.0,3621.35,31195
2015-12-14,3608.7,3719.25,3586.2,3651.5,38058
2015-12-15,3653.25,3699.0,3619.0,3683.85,26308
2015-12-16,3692.25,3730.0,3688.2,3724.75,37808
2015-12-17,3728.6,3750.0,3705.0,3736.65,41295
2015-12-18,3722.0,3764.9,3686.85,3721.6,73908
2015-12-21,3722.0,3730.0,3687.9,3707.8,17222
2015-12-22,3708.0,3743.0,3681.0,3725.45,50985
2015-12-23,3732.2,3751.5,3720.85,3738.7,26515
2015-12-24,3742.4,3750.0,3708.5,3718.6,16342
2015-12-28,3720.0,3729.95,3682.0,3695.2,21409
2015-12-29,3700.0,3765.0,3672.8,3742.4,61779
2015-12-30,3747.9,3747.9,3701.15,3725.65,26755
2015-12-31,3725.0,3761.9,3711.05,3754.85,58340
2016-01-01,3743.2,3790.1,3735.0,3767.75,23045
2016-01-04,3760.05,3783.0,3633.1,3657.25,66212
2016-01-05,3662.5,3691.7,3626.5,3659.1,33048
2016-01-06,3659.0,3687.0,3602.65,3652.4,51689
2016-01-07,3631.0,3649.95,3540.0,3557.2,83869
2016-01-08,3570.1,3596.8,3514.85,3575.7,26761
2016-01-11,3557.0,3642.55,3530.85,3622.1,51634
2016-01-12,3624.0,3650.7,3502.35,3549.65,90923
2016-01-13,3570.0,3594.95,3496.0,3527.0,58396
2016-01-14,3518.0,3523.85,3475.0,3499.2,83465
2016-01-15,3502.0,3522.0,3439.0,3503.7,57726
2016-01-18,3510.0,3544.45,3480.7,3501.0,63221
2016-01-19,3490.2,3533.15,3485.65,3522.7,55695
2016-01-20,3469.7,3569.55,3458.0,3476.15,87662
2016-01-21,3485.25,3509.0,3436.55,3452.25,45408
2016-01-22,3460.1,3501.0,3435.0,3447.3,39012
2016-01-25,3450.1,3484.9,3430.0,3444.75,58480
2016-01-27,3422.05,3483.8,3415.25,3423.75,93713
2016-01-28,3440.0,3447.8,3321.05,3345.15,147122
2016-01-29,3351.2,3444.0,3351.2,3393.65,90830
2016-02-01,3512.0,3569.95,3420.0,3438.4,179755
2016-02-02,3456.0,3479.0,3413.3,3439.2,80276
2016-02-03,3422.0,3463.0,3405.0,3412.0,70748
2016-02-04,3426.3,3457.2,3404.0,3433.15,30291
2016-02-05,3449.0,3480.0,3426.4,3463.15,72420
2016-02-08,3479.0,3517.15,3418.05,3429.45,49068
2016-02-09,3419.85,3462.55,3390.0,3398.1,35225
2016-02-10,3398.0,3444.0,3375.0,3425.4,35438
2016-02-11,3424.0,3439.7,3352.75,3392.15,54105
2016-02-12,3392.15,3401.95,3325.05,3383.9,36121
2016-02-17,3449.0,3499.75,3399.85,3455.8,67928
2016-02-18,3477.0,3495.0,3415.0,3448.5,36504
2016-02-19,3449.0,3449.0,3410.0,3427.6,32100
2016-02-22,3430.0,3493.8,3430.0,3482.9,33675
2016-02-23,3488.5,3495.0,3380.0,3407.8,63059
2016-02-24,3394.0,3435.0,3360.1,3367.8,47336
2016-02-25,3380.0,3411.1,3280.1,3301.45,110620
2016-02-26,3319.0,3322.0,3233.0,3300.6,83438
2016-02-29,3310.0,3361.0,3253.55,3327.65,63182
2016-03-01,3350.0,3446.0,3311.0,3424.85,95861
2016-03-02,3443.0,3488.0,3433.6,3451.5,27427
2016-03-03,3459.0,3529.0,3440.0,3496.95,49960
2016-03-04,3499.0,3530.9,3450.0,3515.3,101680
2016-03-08,3523.5,3548.0,3501.05,3529.35,58324
2016-03-09,3530.0,3652.0,3520.0,3631.9,84567
2016-03-10,3639.0,3664.8,3582.0,3601.5,43820
2016-03-11,3591.65,3631.0,3565.0,3582.45,41213
2016-03-14,3592.0,3627.8,3573.75,3587.3,47711
2016-03-15,3587.0,3628.0,3545.0,3550.55,112765
2016-03-16,3559.0,3597.65,3539.9,3581.3,33491
2016-03-17,3600.0,3659.95,3593.0,3635.1,82942
2016-03-18,3640.25,3705.0,3640.25,3656.95,74044
2016-03-21,3662.0,3749.9,3640.1,3734.25,147548
2016-03-22,3739.85,3776.5,3734.7,3749.2,61916
2016-03-23,3791.0,3827.0,3772.0,3781.0,81388
2016-03-28,3778.95,3807.0,3733.4,3786.5,101799
2016-03-29,3770.3,3799.9,3747.65,3767.0,126078
2016-03-30,3789.0,3858.9,3777.15,3838.65,134165
2016-03-31,3842.0,3863.8,3812.1,3844.15,202260
2016-04-01,3811.0,3887.0,3811.0,3852.8,42913
2016-04-04,3887.0,3890.0,3852.0,3878.2,56585
2016-04-05,3868.9,3886.75,3822.95,3835.35,63828
2016-04-06,3844.55,3920.0,3830.05,3912.6,117733
2016-04-07,3934.95,3934.95,3900.0,3909.9,74116
2016-04-08,3901.5,3992.0,3875.0,3982.55,117147
2016-04-11,3992.8,4028.5,3914.4,4006.95,99377
2016-04-12,4001.0,4050.9,3980.7,4041.95,88368
2016-04-13,4045.0,4119.2,4032.85,4073.55,66709
2016-04-18,4074.0,4110.0,4013.05,4090.65,95890
2016-04-20,4095.0,4139.0,4058.75,4093.05,67576
2016-04-21,4102.1,4122.2,3988.0,4002.5,49018
2016-04-22,3983.0,4046.7,3967.65,4013.0,61090
2016-04-25,4016.0,4055.0,3990.0,4038.7,45371
2016-04-26,4030.0,4110.0,4020.0,4087.3,63899
2016-04-27,4087.0,4147.0,4070.0,4131.4,79226
2016-04-28,4120.0,4135.0,4085.0,4117.7,74105
2016-04-29,4121.95,4132.0,4054.5,4086.75,27328
2016-05-02,4075.0,4100.0,4050.0,4070.75,16180
2016-05-03,4091.0,4178.9,4065.0,4142.45,104297
2016-05-04,4138.0,4157.9,4098.15,4144.2,53036
2016-05-05,4164.0,4164.0,4095.9,4115.25,29511
2016-05-06,4104.9,4129.95,4081.35,4112.05,33170
2016-05-09,4135.0,4167.8,4085.1,4134.15,113669
2016-05-10,4134.15,4280.0,4100.0,4215.8,76805
2016-05-11,4218.05,4299.95,4188.5,4264.5,154650
2016-05-12,4270.0,4285.0,4220.2,4258.9,42666
2016-05-13,4249.7,4262.9,4163.0,4251.75,58232
2016-05-16,4259.7,4275.0,4222.1,4267.55,27513
2016-05-17,4270.2,4310.0,4256.0,4282.45,42080
2016-05-18,4275.0,4275.0,4249.7,4265.65,22504
2016-05-19,4266.0,4278.05,4215.15,4252.25,53030
2016-05-20,4245.0,4250.0,4200.0,4206.75,22667
2016-05-23,4224.8,4259.0,4191.3,4211.15,27189
2016-05-24,4211.0,4318.9,4192.9,4290.35,28345
2016-05-25,4316.0,4354.95,4294.0,4343.45,68797
2016-05-26,4343.45,4360.0,4295.0,4331.0,61538
2016-05-27,4335.0,4385.0,4330.1,4361.25,51052
2016-05-30,4372.25,4404.35,4341.0,4351.75,37665
2016-05-31,4330.0,4380.0,4315.75,4356.95,89581
2016-06-01,4357.1,4390.0,4332.05,4356.0,46639
2016-06-02,4355.0,4357.65,4325.0,4341.4,65333
2016-06-03,4341.0,4369.65,4310.15,4318.75,19141
2016-06-06,4301.25,4344.0,4301.25,4318.65,19450
2016-06-07,4326.2,4382.3,4315.15,4326.95,117643
2016-06-08,4340.0,4359.0,4308.9,4332.1,36657
2016-06-09,4336.0,4357.0,4285.0,4304.75,25109
2016-06-10,4298.8,4345.45,4251.9,4311.2,35560
2016-06-13,4305.0,4333.7,4280.75,4311.9,111465
2016-06-14,4313.0,4313.0,4255.2,4271.7,51825
2016-06-15,4287.25,4325.0,4282.85,4315.6,29119
2016-06-16,4319.0,4319.0,4270.05,4289.45,26624
2016-06-17,4302.0,4350.0,4302.0,4326.4,82973
2016-06-20,4300.0,4340.0,4250.05,4320.85,25994
2016-06-21,4328.8,4337.0,4294.05,4308.5,23846
2016-06-22,4315.0,4324.75,4268.85,4276.9,171859
2016-06-23,4280.0,4310.0,4270.3,4299.7,56775
2016-06-24,4250.0,4321.0,4239.95,4291.2,180979
2016-06-27,4287.8,4398.0,4280.0,4368.5,101770
2016-06-28,4375.5,4473.5,4375.5,4459.0,113558
2016-06-29,4462.55,4501.05,4450.0,4473.65,115723
2016-06-30,4497.55,4697.8,4475.0,4665.65,270874
2016-07-01,4656.0,4675.0,4627.4,4643.25,143104
2016-07-04,4648.0,4670.0,4569.3,4579.9,91078
2016-07-05,4586.0,4611.3,4524.95,4537.85,84640
2016-07-07,4544.9,4570.0,4520.0,4550.4,56358
2016-07-08,4542.0,4578.3,4523.75,4540.85,153156
2016-07-11,4553.1,4607.75,4550.0,4564.15,102230
2016-07-12,4570.1,4710.6,4556.05,4639.55,137348
2016-07-13,4644.0,4652.95,4605.0,4628.5,71148
2016-07-14,4627.7,4775.0,4616.05,4760.75,170611
2016-07-15,4809.0,4845.55,4745.0,4821.6,140970
2016-07-18,4828.9,4848.7,4772.0,4797.6,57159
2016-07-19,4825.0,4825.0,4745.65,4760.05,65466
2016-07-20,4785.0,4861.8,4773.2,4841.6,169600
2016-07-21,4844.0,4935.0,4821.65,4901.2,166546
2016-07-22,4903.0,4949.9,4851.0,4891.0,127237
2016-07-25,4895.0,4912.7,4840.7,4861.0,101107
2016-07-26,4861.0,4903.0,4847.0,4856.45,62598
2016-07-27,4856.45,4919.0,4853.0,4870.1,81729
2016-07-28,4870.1,4918.5,4820.8,4837.65,178610
2016-07-29,4860.0,4917.0,4836.95,4894.5,100837
2016-08-01,4912.0,5019.0,4912.0,4988.1,73692
2016-08-02,5000.0,5046.05,4970.55,4991.6,126850
2016-08-03,4995.0,5010.0,4928.45,4968.4,58514
2016-08-04,4977.0,5016.85,4968.65,4995.5,103912
2016-08-05,5010.0,5361.05,4999.0,5265.45,192159
2016-08-08,5280.0,5344.0,5266.1,5286.1,81235
2016-08-09,5286.0,5309.8,5155.0,5186.35,62818
2016-08-10,5200.0,5200.0,4805.6,4843.5,267438
2016-08-11,4839.0,4846.8,4515.4,4539.6,612244
2016-08-12,4442.05,4616.3,4155.55,4561.55,2153788
2016-08-16,4565.0,4584.75,4411.0,4484.6,505953
2016-08-17,4480.0,4589.0,4470.2,4520.15,320480
2016-08-18,4523.0,4649.95,4523.0,4627.0,262641
2016-08-19,4651.0,4695.0,4605.15,4632.65,249988
2016-08-22,4632.65,4650.0,4490.0,4502.25,265867
2016-08-23,4490.3,4575.0,4474.35,4526.6,255852
2016-08-24,4531.0,4602.65,4495.5,4573.15,156057
2016-08-25,4575.0,4625.0,4515.65,4528.35,269452
2016-08-26,4550.0,4571.4,4508.0,4533.45,81277
2016-08-29,4544.0,4569.0,4513.5,4523.85,69317
2016-08-30,4535.05,4734.8,4535.05,4683.2,287301
2016-08-31,4710.0,4754.35,4657.6,4669.75,195604
2016-09-01,4651.0,4724.0,4581.0,4603.75,166901
2016-09-02,4628.0,4640.0,4537.05,4613.1,207073
2016-09-06,4649.95,4749.9,4631.5,4701.85,161594
2016-09-07,4687.95,4715.0,4636.1,4645.6,127828
2016-09-08,4657.0,4819.9,4653.0,4775.95,259701
2016-09-09,4775.95,4778.95,4691.2,4706.65,115723
2016-09-12,4660.0,4696.0,4577.0,4634.7,107152
2016-09-14,4634.7,4737.9,4630.05,4717.5,126571
2016-09-15,4725.0,4777.95,4697.25,4728.05,117109
2016-09-16,4750.0,4873.5,4750.0,4853.35,185473
2016-09-19,4853.35,4904.75,4835.0,4858.4,85760
2016-09-20,4861.0,4929.8,4817.5,4876.95,114344
2016-09-21,4905.0,4915.0,4857.95,4868.65,102814
2016-09-22,4910.0,4939.9,4880.4,4927.35,107637
2016-09-23,4930.0,4976.0,4883.75,4899.45,104081
2016-09-26,4893.0,4938.45,4831.0,4845.75,111523
2016-09-27,4898.9,4898.9,4811.25,4828.9,69592
2016-09-28,4829.0,4898.25,4812.05,4881.2,90844
2016-09-29,4931.0,4931.0,4664.8,4707.6,308159
2016-09-30,4709.95,4862.6,4707.6,4836.55,133750
2016-10-03,4865.0,4931.25,4855.65,4900.2,81303
2016-10-04,4916.85,4934.85,4880.0,4917.3,74198
2016-10-05,4939.0,4991.45,4902.0,4933.55,116071
2016-10-06,994.0,1019.0,988.2,1009.2,1278041
2016-10-07,1015.0,1033.4,1004.0,1024.95,614501
2016-10-10,1030.1,1036.7,1011.0,1014.7,431661
2016-10-13,1020.0,1023.05,987.7,993.8,699375
2016-10-14,999.0,1000.55,983.2,995.15,714584
2016-10-17,997.0,999.7,967.15,970.55,454916
2016-10-18,978.0,983.4,972.1,979.0,415172
2016-10-19,984.5,989.8,979.45,982.7,567185
2016-10-20,989.6,995.0,980.85,984.1,398434
2016-10-21,987.0,988.45,968.2,971.7,295511
2016-10-24,976.0,977.2,965.0,972.05,396459
2016-10-25,974.5,977.0,962.7,972.95,580466
2016-10-26,971.8,987.0,965.1,972.05,251295
2016-10-27,969.9,977.7,953.5,958.55,891842
2016-10-28,958.7,979.8,952.25,965.3,1134456
2016-11-01,976.9,978.85,960.05,962.45,488145
2016-11-02,958.0,962.0,933.3,935.85,577670
2016-11-03,934.1,942.0,896.45,909.7,812984
2016-11-04,909.7,925.95,885.05,900.35,656440
2016-11-07,910.0,929.0,908.1,918.6,928750
2016-11-08,920.0,926.85,903.5,910.7,665944
2016-11-09,860.05,908.1,819.65,895.85,1311848
2016-11-10,912.0,927.35,900.1,920.3,568405
2016-11-11,909.95,923.8,891.0,899.0,2255523
2016-11-15,896.0,900.05,811.6,819.3,1499283
2016-11-16,834.0,836.45,798.25,816.75,730548
2016-11-17,820.6,830.0,815.5,819.8,531589
2016-11-18,821.8,824.8,801.2,818.6,683132
2016-11-21,823.9,823.9,781.9,787.45,1091122
2016-11-22,791.4,808.7,787.1,805.45,842263
2016-11-23,812.7,817.8,803.0,812.25,720013
2016-11-24,811.0,819.85,803.0,810.25,1669866
2016-11-25,811.0,826.0,803.05,823.1,1094681
2016-11-28,823.0,849.0,819.85,840.05,727338
2016-11-29,842.0,852.6,840.15,849.4,619044
2016-11-30,853.05,875.4,842.0,870.3,1213178
2016-12-01,875.0,882.95,862.2,872.95,1079401
2016-12-02,866.0,879.0,863.55,872.8,1238035
2016-12-05,877.7,879.9,852.25,871.95,472919
2016-12-06,876.35,884.0,866.5,874.15,468036
2016-12-07,878.35,881.0,870.0,876.5,784928
2016-12-08,883.0,899.0,879.2,894.3,1102591
2016-12-09,898.0,898.0,876.4,878.35,1629300
2016-12-12,876.5,880.85,851.55,861.75,429405
2016-12-13,860.0,863.15,842.0,850.55,426014
2016-12-14,850.0,862.0,845.7,850.9,288615
2016-12-15,845.8,855.0,828.35,831.4,557034
2016-12-16,835.4,835.8,814.45,817.5,747172
2016-12-19,818.0,829.9,815.5,824.15,333440
2016-12-20,824.0,833.45,820.0,828.85,392005
2016-12-21,829.1,835.0,821.65,828.75,327330
2016-12-22,827.8,830.0,811.3,818.65,335323
2016-12-23,817.5,832.0,812.95,828.55,210461
2016-12-26,828.4,828.4,811.95,814.85,295227
2016-12-27,813.85,819.7,800.05,811.4,617244
2016-12-28,812.7,830.45,805.85,811.1,351909
2016-12-29,818.7,848.1,812.0,843.5,1354626
2016-12-30,840.0,869.0,839.55,862.75,831500
2017-01-02,868.0,876.0,859.95,873.3,322725
2017-01-03,874.0,881.0,865.0,869.1,216885
2017-01-04,869.7,876.0,862.0,867.0,172556
2017-01-05,868.0,880.6,859.7,865.8,388847
2017-01-06,865.0,865.0,851.0,855.25,472216
2017-01-09,857.3,865.5,850.85,858.6,232095
2017-01-10,861.0,864.0,846.25,848.25,288368
2017-01-11,853.2,861.25,848.8,857.9,345265
2017-01-12,858.1,863.6,850.65,855.55,328149
2017-01-13,858.0,858.05,843.3,846.05,231538
2017-01-16,844.9,863.1,836.65,854.75,345285
2017-01-17,855.75,862.9,842.1,845.45,276321
2017-01-18,849.0,868.65,844.65,865.1,1294212
2017-01-19,868.75,868.75,858.05,864.8,1503169
2017-01-20,860.0,885.2,858.9,863.3,808041
2017-01-23,864.75,887.0,859.5,883.7,1484010
2017-01-24,887.7,916.9,884.8,911.35,1329568
2017-01-25,909.0,942.4,905.0,928.1,3268276
2017-01-27,928.6,939.7,925.0,931.2,692430
2017-01-30,936.7,1005.55,935.0,969.55,4598207
2017-01-31,956.2,967.55,906.75,910.55,3656688
2017-02-01,920.0,945.0,920.0,939.7,1652529
2017-02-02,945.0,955.45,932.7,952.25,946890
2017-02-03,948.5,961.0,940.0,944.3,658482
2017-02-06,961.8,963.0,941.8,945.15,645195
2017-02-07,949.5,959.0,942.5,950.35,590498
2017-02-08,950.55,979.2,947.7,976.1,782689
2017-02-09,983.5,983.5,955.1,974.65,742982
2017-02-10,1011.0,1024.45,999.1,1011.1,6500838
2017-02-13,1014.0,1020.0,997.15,1000.3,1957065
2017-02-14,1004.45,1015.0,997.2,1011.0,1521072
2017-02-15,1013.0,1034.0,999.6,1006.6,2095622
2017-02-16,1011.0,1031.9,1005.5,1027.05,1360420
2017-02-17,1034.9,1044.75,1025.2,1040.6,1492049
2017-02-20,1044.0,1058.45,1035.0,1055.35,1742189
2017-02-21,1065.5,1074.0,1056.05,1068.3,1683282
2017-02-22,1070.0,1077.4,1028.1,1047.5,3140226
2017-02-23,1048.0,1054.9,1019.05,1024.9,4527045
2017-02-27,1024.8,1035.8,1013.6,1018.35,1950222
2017-02-28,1022.9,1038.6,980.4,990.2,25358922
2017-03-01,987.5,1014.0,975.8,1005.7,1873926
2017-03-02,1012.9,1012.9,990.0,995.1,904344
2017-03-03,998.0,1028.65,990.5,1021.0,1562464
2017-03-06,1025.0,1028.7,996.95,1004.1,801326
2017-03-07,1013.7,1013.7,995.9,1006.1,788500
2017-03-08,1010.0,1012.0,995.25,1002.15,779651
2017-03-09,1001.0,1013.9,998.05,1009.5,817382
2017-03-10,1011.05,1015.75,995.0,999.05,643508
2017-03-14,1016.0,1037.0,1002.35,1033.9,2964357
2017-03-15,1034.05,1066.0,1028.05,1048.55,1132855
2017-03-16,1055.05,1060.0,1044.25,1050.55,942681
2017-03-17,1051.0,1054.85,1030.2,1041.4,865744
2017-03-20,1045.5,1070.0,1033.75,1062.45,2468924
2017-03-21,1070.0,1097.35,1056.15,1092.0,1225895
2017-03-22,1089.0,1093.3,1073.05,1080.1,1143515
2017-03-23,1086.0,1095.8,1078.15,1091.9,1340683
2017-03-24,1095.0,1098.1,1056.05,1058.3,3674284
2017-03-27,1059.85,1069.15,1050.0,1062.4,895024
2017-03-28,1067.0,1069.0,1050.5,1065.7,633392
2017-03-29,1070.0,1070.0,1052.4,1057.95,757087
2017-03-30,1059.0,1075.4,1052.0,1068.25,2176733
2017-03-31,1070.2,1072.0,1046.45,1049.0,1607949
2017-04-03,1053.15,1059.95,1045.1,1050.6,491159
2017-04-05,1052.0,1078.0,1052.0,1065.3,1437164
2017-04-06,1066.0,1074.15,1058.0,1069.1,905393
2017-04-07,1067.2,1074.0,1050.0,1057.1,1483436
2017-04-10,1062.0,1093.2,1060.4,1090.65,896143
2017-04-11,1092.0,1098.0,1080.2,1088.35,1620518
2017-04-12,1093.0,1093.5,1053.85,1072.35,1016980
2017-04-13,1072.35,1074.85,1048.0,1050.65,949339
2017-04-17,1062.9,1076.1,1057.5,1072.15,843836
2017-04-18,1073.1,1092.0,1059.95,1064.85,1744542
2017-04-19,1067.0,1088.8,1061.0,1082.2,351880
2017-04-20,1085.0,1150.8,1082.15,1147.45,1918947
2017-04-21,1150.0,1150.3,1123.0,1129.75,800858
2017-04-24,1127.25,1190.4,1127.25,1180.1,1148072
2017-04-25,1180.0,1198.9,1170.05,1179.6,653653
2017-04-26,1180.5,1194.0,1162.1,1165.6,1065892
2017-04-27,1172.0,1174.75,1139.9,1152.2,1544645
2017-04-28,1155.0,1188.0,1150.0,1155.05,711693
2017-05-02,1162.8,1173.9,1145.25,1153.15,625160
2017-05-03,1159.8,1168.4,1145.4,1158.5,711166
2017-05-04,1161.65,1208.7,1161.65,1203.45,1685450
2017-05-05,1218.0,1218.0,1182.25,1192.1,1727074
2017-05-08,1195.7,1203.0,1181.2,1184.7,571400
2017-05-09,1184.1,1194.95,1156.6,1167.6,963081
2017-05-10,1178.0,1180.95,1154.2,1166.45,1114333
2017-05-11,1168.1,1174.65,1155.0,1157.3,746056
2017-05-12,1163.5,1163.55,1145.55,1149.2,538170
2017-05-15,1151.0,1178.0,1151.0,1172.8,1402363
2017-05-16,1173.0,1180.75,1158.0,1166.6,1142792
2017-05-17,1168.9,1175.75,1152.25,1170.85,861013
2017-05-18,1163.0,1171.95,1119.2,1130.3,891024
2017-05-19,1132.0,1163.0,1100.0,1120.45,1417652
2017-05-22,1128.0,1134.0,1102.85,1107.45,753644
2017-05-23,1114.7,1114.7,1085.05,1096.9,1255031
2017-05-24,1105.0,1116.0,1087.05,1097.85,1452874
2017-05-25,1100.0,1113.5,1083.45,1097.3,5873138
2017-05-26,1108.7,1119.3,1092.2,1109.4,1468413
2017-05-29,1114.0,1116.7,1091.0,1105.85,729071
2017-05-30,1108.0,1136.8,1096.15,1132.5,1010434
2017-05-31,1135.0,1165.5,1135.0,1155.05,7407382
2017-06-01,1140.0,1155.75,1137.0,1142.8,772060
2017-06-02,1150.0,1162.8,1145.6,1160.85,674088
2017-06-05,1159.9,1169.5,1146.8,1155.45,405150
2017-06-06,1164.0,1169.0,1129.05,1135.65,623893
2017-06-07,1144.4,1144.4,1129.65,1139.25,1215593
2017-06-08,1139.0,1143.2,1124.5,1126.7,737879
2017-06-09,1129.5,1130.0,1106.45,1113.7,1420261
2017-06-12,1115.25,1130.0,1091.6,1119.55,761019
2017-06-13,1126.9,1133.2,1116.15,1121.9,1593225
2017-06-14,1122.1,1127.4,1104.1,1116.7,1761602
2017-06-15,1116.2,1125.6,1107.0,1111.75,619070
2017-06-16,1112.0,1125.0,1111.1,1118.15,507958
2017-06-19,1127.95,1130.0,1112.35,1117.3,735652
2017-06-20,1124.8,1146.75,1120.1,1143.25,1363095
2017-06-21,1147.0,1147.2,1129.05,1132.2,902884
2017-06-22,1135.0,1189.7,1128.0,1172.3,2371055
2017-06-23,1176.0,1185.0,1138.0,1171.65,1338017
2017-06-27,1183.0,1221.6,1171.0,1216.7,2296114
2017-06-28,1212.5,1219.1,1201.0,1205.65,1163169
2017-06-29,1222.4,1228.0,1205.95,1217.1,2220724
2017-06-30,1230.0,1267.0,1228.0,1242.1,2304727
2017-07-03,1242.0,1288.0,1230.75,1283.4,1529696
2017-07-04,1290.1,1294.1,1255.0,1266.95,4896734
2017-07-05,1264.9,1294.0,1256.3,1287.2,1033941
2017-07-06,1289.85,1290.0,1265.6,1272.4,823835
2017-07-07,1267.5,1277.9,1247.15,1250.85,906747
2017-07-10,1307.1,1375.0,1242.6,1255.45,331341
2017-07-11,1258.2,1269.4,1251.95,1257.6,1385570
2017-07-12,1263.0,1272.5,1256.9,1265.55,1164783
2017-07-13,1277.0,1307.0,1276.75,1287.35,2189215
2017-07-14,1293.0,1293.0,1262.3,1271.4,1529827
2017-07-17,1285.0,1331.0,1285.0,1306.6,4019128
2017-07-18,1310.0,1323.0,1280.25,1307.8,6125197
2017-07-19,1070.05,1074.0,1012.15,1050.0,6341598
2017-07-20,1062.0,1079.9,1059.35,1072.95,2187737
2017-07-21,1075.0,1087.0,1053.0,1061.1,1587350
2017-07-24,1064.8,1071.0,1045.2,1053.2,891706
2017-07-25,1053.0,1078.65,1052.65,1075.55,1070584
2017-07-26,1075.0,1075.7,1066.55,1069.75,760367
2017-07-27,1075.0,1080.0,1067.5,1070.65,1393273
2017-07-28,1067.7,1085.25,1065.05,1071.4,596966
2017-07-31,1070.0,1082.9,1064.0,1070.25,918273
2017-08-01,1065.0,1102.0,1065.0,1099.4,1112239
2017-08-02,1090.0,1111.0,1087.15,1105.15,579283
2017-08-03,1110.0,1131.75,1101.25,1126.2,927111
2017-08-04,1129.0,1130.0,1106.3,1126.3,358820
2017-08-07,1126.3,1137.2,1121.0,1125.1,697990
2017-08-08,1113.85,1132.5,1104.8,1108.65,652914
2017-08-09,1108.0,1124.75,1085.25,1091.8,690933
2017-08-10,1087.0,1093.8,1044.0,1070.75,2467728
2017-08-11,1055.0,1078.85,1039.5,1060.75,1137505
2017-08-14,1070.15,1117.55,1070.15,1108.65,1355921
2017-08-16,1117.0,1123.25,1089.2,1106.5,1163191
2017-08-17,1100.0,1108.45,1092.75,1100.7,739496
2017-08-18,1096.0,1117.0,1080.5,1098.05,742504
2017-08-21,1111.5,1129.7,1097.0,1111.45,1297494
2017-08-22,1120.0,1128.95,1108.8,1114.25,1194083
2017-08-23,1120.0,1125.0,1111.5,1119.05,535864
2017-08-24,1121.0,1141.45,1120.5,1134.45,1418657
2017-08-28,1143.0,1149.4,1135.0,1143.0,864950
2017-08-29,1146.0,1149.6,1123.65,1132.85,857870
2017-08-30,1140.45,1187.5,1138.55,1173.05,1518388
2017-08-31,1195.0,1200.0,1171.65,1195.2,1386754
2017-09-01,1210.0,1238.2,1153.0,1170.75,3413732
2017-09-04,1169.0,1184.0,1156.8,1170.45,887217
2017-09-05,1168.0,1186.0,1165.45,1179.95,954415
2017-09-06,1179.0,1191.0,1166.15,1186.25,825373
2017-09-07,1182.2,1223.3,1182.2,1212.15,1360449
2017-09-08,1209.95,1217.0,1195.0,1209.7,825525
2017-09-11,1215.0,1238.0,1210.0,1232.75,930513
2017-09-12,1234.0,1276.45,1234.0,1257.6,1486859
2017-09-13,1256.9,1267.7,1222.65,1229.55,587877
2017-09-14,1235.0,1250.0,1202.6,1233.15,994880
2017-09-15,1238.0,1264.9,1226.45,1240.1,9828034
2017-09-18,1246.0,1255.95,1224.25,1229.7,533869
2017-09-19,1230.95,1236.95,1217.05,1220.85,457998
2017-09-20,1218.0,1233.75,1213.7,1221.35,549621
2017-09-21,1222.0,1238.75,1193.6,1201.5,770696
2017-09-22,1194.85,1194.85,1172.05,1176.3,498582
2017-09-25,1168.1,1170.6,1131.5,1140.7,1067420
2017-09-26,1146.0,1146.0,1124.6,1130.45,1757662
2017-09-27,1142.0,1142.15,1108.35,1117.55,1142878
2017-09-28,1113.5,1144.5,1101.1,1127.6,1677027
2017-09-29,1137.95,1141.8,1122.0,1133.95,941257
2017-10-03,1144.7,1164.5,1138.1,1159.1,645952
2017-10-04,1157.7,1160.45,1144.05,1150.1,210091
2017-10-05,1149.0,1167.25,1141.0,1160.65,366671
2017-10-06,1167.8,1168.75,1145.25,1151.8,376040
2017-10-09,1155.0,1164.0,1146.7,1156.55,252830
2017-10-10,1160.0,1179.7,1140.05,1153.95,1002993
2017-10-11,1162.1,1175.3,1147.0,1149.9,488864
2017-10-12,1151.1,1158.6,1127.15,1136.05,584967
2017-10-13,1137.0,1151.65,1129.25,1147.15,917022
2017-10-16,1154.9,1164.0,1141.2,1142.5,643285
2017-10-17,1142.8,1152.5,1129.4,1134.5,686009
2017-10-18,1134.6,1149.55,1121.8,1146.65,338391
2017-10-19,1146.0,1152.0,1128.0,1138.65,101568
2017-10-23,1145.0,1188.0,1124.5,1182.05,645654
2017-10-24,1180.55,1208.0,1176.4,1180.85,592637
2017-10-25,1191.95,1225.0,1179.95,1211.75,956524
2017-10-26,1211.75,1219.3,1189.35,1193.5,418917
2017-10-27,1198.8,1210.0,1181.4,1186.7,538854
2017-10-30,1190.0,1203.9,1190.0,1198.4,402079
2017-10-31,1197.0,1236.2,1197.0,1227.1,1066831
2017-11-01,1231.95,1255.2,1216.6,1247.3,1141890
2017-11-02,1254.0,1300.0,1253.95,1293.45,1193906
2017-11-03,1297.0,1299.95,1272.85,1287.9,730976
2017-11-06,1285.0,1295.0,1281.25,1286.6,369262
2017-11-07,1295.0,1295.0,1229.0,1256.1,668512
2017-11-08,1258.0,1260.0,1238.1,1253.55,305478
2017-11-09,1256.0,1258.15,1212.6,1227.3,438510
2017-11-10,1227.3,1259.0,1215.05,1246.1,654240
2017-11-13,1247.3,1252.75,1217.0,1225.0,348967
2017-11-14,1212.0,1239.35,1190.9,1206.65,963108
2017-11-15,1200.0,1200.0,1163.6,1178.8,544726
2017-11-16,1180.0,1194.45,1155.05,1160.05,805970
2017-11-17,1178.45,1194.0,1173.0,1176.9,1207944
2017-11-20,1170.0,1192.3,1160.55,1182.45,967649
2017-11-21,1190.0,1193.5,1162.55,1168.65,639414
2017-11-22,1170.0,1204.0,1167.9,1194.2,1171745
2017-11-23,1195.0,1213.0,1195.0,1209.45,621927
2017-11-24,1203.2,1219.8,1195.15,1201.6,535949
2017-11-27,1199.0,1202.8,1187.0,1194.7,686091
2017-11-28,1189.0,1197.55,1168.2,1175.55,651148
2017-11-29,1175.0,1191.7,1170.3,1182.45,683044
2017-11-30,1185.0,1186.0,1165.65,1169.9,1476551
2017-12-01,1177.0,1177.0,1144.15,1150.45,406155
2017-12-04,1150.0,1164.35,1126.05,1136.0,805071
2017-12-05,1132.0,1139.6,1108.85,1115.85,651142
2017-12-06,1113.2,1126.6,1090.0,1095.95,730422
2017-12-07,1101.0,1122.0,1094.95,1119.65,793409
2017-12-08,1124.45,1143.6,1123.0,1134.05,545142
2017-12-11,1138.9,1140.65,1126.0,1133.95,628012
2017-12-12,1133.95,1135.15,1115.45,1119.35,704088
2017-12-13,1117.5,1143.9,1107.7,1118.65,796379
2017-12-14,1123.0,1153.9,1097.0,1143.3,921739
2017-12-15,1151.0,1153.85,1131.0,1139.6,846815
2017-12-18,1129.0,1147.2,1103.65,1130.15,924620
2017-12-19,1130.1,1142.0,1125.1,1136.85,883571
2017-12-20,1132.0,1135.95,1120.05,1123.15,957922
2017-12-21,1134.35,1141.95,1122.9,1128.3,766117
2017-12-22,1130.2,1141.5,1128.0,1134.15,360917
2017-12-26,1138.0,1150.8,1134.05,1145.55,420575
2017-12-27,1145.55,1153.45,1135.0,1140.15,291905
2017-12-28,1141.0,1145.0,1123.2,1129.2,295852
2017-12-29,1134.0,1170.6,1130.4,1165.75,690431
2018-01-01,1165.05,1169.8,1140.9,1143.95,187524
2018-01-02,1148.5,1154.1,1129.0,1139.55,333459
2018-01-03,1134.0,1149.35,1124.1,1127.2,667578
2018-01-04,1134.55,1175.5,1128.4,1170.3,1008796
2018-01-05,1176.7,1219.0,1170.75,1214.2,1010643
2018-01-08,1213.0,1215.5,1190.0,1203.0,895318
2018-01-09,1204.5,1243.9,1196.55,1237.5,1060395
2018-01-10,1240.85,1249.5,1224.2,1235.5,742215
2018-01-11,1245.0,1255.7,1221.85,1244.0,752526
2018-01-12,1247.5,1249.4,1211.85,1221.65,790365
2018-01-15,1223.1,1261.1,1221.65,1242.85,1903308
2018-01-16,1243.0,1258.0,1214.55,1229.0,857580
2018-01-17,1230.0,1255.0,1213.2,1248.0,715242
2018-01-18,1249.7,1255.0,1203.0,1217.6,590715
2018-01-19,1220.0,1231.55,1185.1,1223.55,743167
2018-01-22,1224.0,1241.9,1206.0,1239.3,424445
2018-01-23,1245.0,1247.55,1216.0,1223.4,971547
2018-01-24,1225.0,1225.0,1195.25,1200.05,455748
2018-01-25,1195.0,1211.85,1183.9,1193.0,886429
2018-01-29,1190.15,1200.8,1174.85,1184.55,644825
2018-01-30,1180.4,1184.9,1156.0,1163.25,473199
2018-01-31,1160.0,1167.95,1142.75,1160.05,482212
2018-02-01,1160.1,1199.1,1133.6,1188.9,936996
2018-02-02,1180.0,1182.95,1118.85,1128.85,752121
2018-02-05,1110.0,1124.3,1078.4,1098.05,1197858
2018-02-06,1067.0,1078.1,1027.2,1065.45,1619688
2018-02-07,1072.0,1090.5,1051.55,1057.95,637821
2018-02-08,1059.0,1115.3,1050.25,1108.65,845285
2018-02-09,1087.5,1124.0,1075.05,1108.95,798027
2018-02-12,1111.1,1136.55,1110.5,1132.3,492269
2018-02-14,1129.05,1152.7,1116.35,1126.75,1022410
2018-02-15,1130.0,1144.0,1099.0,1103.65,700920
2018-02-16,1109.8,1116.4,1090.0,1100.05,413853
2018-02-19,1100.05,1107.45,1081.65,1089.7,402603
2018-02-20,1092.65,1124.0,1089.0,1118.65,399251
2018-02-21,1124.0,1127.05,1100.0,1110.6,402766
2018-02-22,1114.75,1121.95,1102.6,1110.4,776991
2018-02-23,1113.0,1141.9,1113.0,1136.7,461991
2018-02-26,1148.7,1184.0,1142.6,1180.6,815150
2018-02-27,1192.35,1201.65,1160.3,1171.95,795833
2018-02-28,1163.2,1175.4,1145.85,1152.7,1095669
2018-03-01,1152.7,1187.0,1152.7,1166.6,1136789
2018-03-05,1160.0,1165.3,1138.0,1141.75,474165
2018-03-06,1149.0,1150.8,1122.0,1133.95,497006
2018-03-07,1130.0,1144.9,1110.85,1114.9,676422
2018-03-08,1124.75,1130.05,1089.95,1100.65,997924
2018-03-09,1106.9,1108.5,1094.8,1100.35,756625
2018-03-12,1106.35,1113.15,1100.3,1106.0,797084
2018-03-13,1108.0,1114.3,1098.2,1109.2,843768
2018-03-14,1106.5,1125.95,1104.85,1121.75,969811
2018-03-15,1123.0,1131.0,1102.0,1107.95,966129
2018-03-16,1111.75,1114.95,1090.1,1093.55,1527267
2018-03-19,1093.55,1104.7,1068.0,1098.2,852311
2018-03-20,1094.95,1104.0,1083.0,1096.1,877345
2018-03-21,1095.3,1103.5,1085.25,1094.7,832145
2018-03-22,1100.0,1100.0,1085.2,1092.9,1317448
2018-03-23,1071.0,1087.45,1046.8,1082.6,943252
2018-03-26,1087.0,1088.75,1048.75,1080.6,1084040
2018-03-27,1080.1,1096.75,1065.1,1088.85,734225
2018-03-28,1085.0,1101.0,1040.65,1050.9,7144177
2018-04-02,1054.0,1092.6,1045.0,1089.25,1465741
2018-04-03,1082.0,1092.6,1067.1,1087.9,902614
2018-04-04,1095.8,1095.85,1055.0,1059.35,979864
2018-04-05,1077.8,1099.25,1065.6,1094.25,984637
2018-04-06,1092.0,1102.5,1081.7,1084.6,689054
2018-04-09,1093.0,1094.35,1076.55,1078.5,486076
2018-04-10,1081.0,1090.05,1075.1,1081.9,431388
2018-04-11,1083.0,1084.5,1060.1,1068.7,564081
2018-04-12,1068.0,1068.15,1059.55,1064.45,956526
2018-04-13,1064.25,1074.0,1060.0,1063.65,620868
2018-04-16,1057.0,1097.3,1056.95,1092.4,805704
2018-04-17,1095.0,1099.0,1077.1,1094.75,469533
2018-04-18,1096.1,1100.5,1087.15,1092.85,557999
2018-04-19,1094.0,1115.0,1092.75,1104.15,1114237
2018-04-20,1100.7,1109.55,1085.0,1100.8,353978
2018-04-23,1102.8,1106.05,1082.0,1085.1,674389
2018-04-24,1090.1,1097.65,1078.95,1080.4,578122
2018-04-25,1077.5,1083.95,1049.0,1062.35,1542093
2018-04-26,1065.9,1074.9,1054.0,1069.2,716698
2018-04-27,1073.5,1089.0,1069.2,1086.8,834828
2018-04-30,1086.85,1100.0,1083.05,1093.7,406941
2018-05-02,1099.0,1114.9,1089.6,1095.75,2651627
2018-05-03,1098.9,1106.5,1078.5,1087.5,738668
2018-05-04,1089.0,1089.0,1069.3,1073.9,581931
2018-05-07,1077.9,1082.4,1064.0,1077.0,805444
2018-05-08,1079.7,1104.95,1075.5,1092.6,925692
2018-05-09,1086.2,1097.8,1081.6,1094.95,300503
2018-05-10,1085.1,1099.5,1075.3,1093.05,934427
2018-05-11,1096.2,1108.85,1082.4,1100.75,1042546
2018-05-14,1101.05,1106.9,1090.85,1100.1,962594
2018-05-15,1100.0,1103.9,1083.65,1089.45,1196087
2018-05-16,1080.1,1089.0,1071.0,1082.4,455148
2018-05-17,1082.4,1096.15,1076.5,1083.2,837432
2018-05-18,1083.0,1091.25,1058.0,1062.85,768391
2018-05-21,1061.4,1071.35,1030.05,1035.85,937826
2018-05-22,1035.5,1042.5,1011.0,1039.5,636033
2018-05-23,1045.0,1059.0,1027.05,1047.35,1844041
2018-05-24,1048.0,1054.9,995.5,1021.7,1015243
2018-05-25,1026.0,1037.7,1007.25,1030.65,1022036
2018-05-28,1041.0,1070.0,1022.0,1060.35,622989
2018-05-29,1064.9,1076.0,1050.4,1057.8,672245
2018-05-30,1046.1,1058.35,1034.2,1041.5,728869
2018-05-31,1042.9,1093.6,1029.05,1039.8,1436944
2018-06-01,1044.9,1048.55,1021.05,1028.7,910185
2018-06-04,1030.0,1045.25,1015.4,1034.85,835325
2018-06-05,1033.0,1033.95,1013.45,1024.25,670548
2018-06-06,1023.0,1042.65,1012.45,1034.1,595318
2018-06-07,1039.0,1057.0,1037.05,1043.6,594683
2018-06-08,1040.0,1040.0,1024.0,1028.6,808741
2018-06-11,1030.25,1060.0,1026.8,1049.1,416553
2018-06-12,1052.8,1054.0,1032.0,1038.8,564270
2018-06-13,1038.9,1043.4,1031.5,1037.0,421332
2018-06-14,1035.9,1049.0,1031.35,1036.2,598053
2018-06-15,1024.0,1034.9,1018.5,1031.8,641700
2018-06-18,1034.85,1035.0,1016.05,1020.1,544263
2018-06-19,1016.0,1016.0,1000.2,1010.1,946424
2018-06-20,1015.9,1023.4,1004.0,1017.3,870965
2018-06-21,1017.0,1019.0,1007.0,1011.95,587811
2018-06-22,1009.95,1015.0,991.9,1010.4,706320
2018-06-25,1012.25,1020.55,1002.0,1006.55,744023
2018-06-26,1000.6,1039.9,995.3,1036.7,819530
2018-06-27,1031.1,1035.0,1021.5,1025.75,1050865
2018-06-28,1015.9,1021.35,989.2,1003.6,1690666
2018-06-29,1009.8,1015.0,997.2,1006.85,594871
2018-07-02,1004.0,1008.0,982.05,987.3,495288
2018-07-03,981.0,992.75,964.05,985.85,534138
2018-07-04,985.0,985.5,961.35,965.45,905422
2018-07-05,965.9,974.2,952.05,968.6,1556817
2018-07-06,971.9,993.9,964.9,988.55,796997
2018-07-09,991.5,994.9,979.5,984.05,880053
2018-07-10,989.8,999.0,977.55,990.65,831283
2018-07-11,985.4,990.0,974.1,978.8,539475
2018-07-12,981.6,985.0,956.0,960.2,786923
2018-07-13,961.4,966.0,931.7,935.35,1113477
2018-07-16,937.0,937.65,914.2,928.7,600048
2018-07-17,923.0,948.8,919.15,940.75,666308
2018-07-18,943.9,953.0,933.25,943.6,663536
2018-07-19,941.25,946.8,925.55,935.75,594073
2018-07-20,937.1,944.8,927.9,939.1,471589
2018-07-23,939.0,955.0,916.0,921.4,1153077
2018-07-24,922.95,1002.0,922.95,999.55,3278657
2018-07-25,992.5,1005.95,968.6,985.8,1034307
2018-07-26,985.8,1030.0,980.0,1024.2,2248624
2018-07-27,1018.1,1030.0,1000.0,1025.45,651826
2018-07-30,1020.25,1026.85,1006.1,1020.8,718797
2018-07-31,1015.0,1040.5,1011.2,1025.2,717202
2018-08-01,1025.0,1037.0,1017.05,1030.35,586230
2018-08-02,1027.0,1028.0,1000.65,1014.2,644959
2018-08-03,1015.9,1017.95,1002.0,1006.2,751036
2018-08-06,1011.8,1015.0,992.0,999.4,624431
2018-08-07,1004.5,1035.0,999.65,1018.85,1091983
2018-08-08,1024.7,1026.9,1004.75,1009.1,599294
2018-08-09,1014.0,1015.1,992.05,997.35,673431
2018-08-10,997.35,997.9,967.05,971.35,939025
2018-08-13,968.8,998.0,957.55,986.85,1096023
2018-08-14,993.8,1004.0,972.1,986.6,3353226
2018-08-16,986.65,1009.95,981.75,999.45,3101487
2018-08-17,1005.0,1048.65,1001.0,1045.85,2665575
2018-08-20,1045.0,1050.0,1033.0,1039.85,1481459
2018-08-21,1043.0,1070.0,1028.0,1065.4,1750197
2018-08-23,1068.05,1068.05,1040.0,1045.55,931698
2018-08-24,1044.0,1068.0,1033.0,1060.3,1694084
2018-08-27,1063.1,1093.0,1063.1,1078.45,2002068
2018-08-28,1079.9,1088.75,1063.3,1072.1,690805
2018-08-29,1067.95,1092.75,1065.6,1075.0,1038667
2018-08-30,1075.0,1080.8,1063.4,1074.0,1530536
2018-08-31,1066.5,1077.0,1059.0,1067.5,1380945
2018-09-03,1078.0,1078.0,1054.0,1065.95,907185
2018-09-04,1062.0,1062.9,1017.3,1023.15,874011
2018-09-05,1023.85,1031.85,1008.5,1028.1,692839
2018-09-06,1030.0,1038.75,1017.2,1030.9,542542
2018-09-07,1032.7,1035.45,1015.5,1025.35,410461
2018-09-11,1022.5,1025.05,993.8,1003.95,1148975
2018-09-14,1025.0,1066.55,1024.1,1063.7,1041898
2018-09-17,1053.1,1079.2,1044.0,1065.2,742265
2018-09-18,1066.5,1074.0,1054.05,1066.85,1274920
2018-09-19,1061.6,1077.0,1052.0,1068.2,1138044
2018-09-21,1071.5,1082.0,998.0,1051.15,1442580
2018-09-24,1051.15,1052.0,1014.25,1019.45,775231
2018-09-25,1023.0,1043.4,1008.0,1039.1,703342
2018-09-26,1042.2,1050.0,1033.45,1044.9,1239047
2018-09-27,1042.95,1066.5,1016.6,1025.5,1393785
2018-09-28,1031.0,1036.5,1003.4,1021.5,1330290
2018-10-01,1021.0,1023.0,982.0,998.7,925736
2018-10-03,993.0,993.15,962.3,969.5,1144829
2018-10-04,958.0,974.0,935.1,959.3,1432583
2018-10-05,960.0,960.0,917.05,922.75,1300211
2018-10-08,916.0,924.8,901.0,921.05,1138491
2018-10-09,933.9,933.9,875.75,902.05,1500498
2018-10-10,902.0,915.0,893.15,909.65,687920
2018-10-11,889.0,889.0,860.0,878.35,1642107
2018-10-12,892.4,901.0,879.05,895.1,1357907
2018-10-15,897.0,903.8,881.3,897.9,690343
2018-10-16,898.7,912.0,895.5,905.5,1003774
2018-10-17,915.6,915.6,878.85,881.95,529956
2018-10-19,877.4,888.95,866.7,874.75,544709
2018-10-22,882.6,885.3,852.0,857.35,682522
2018-10-23,847.0,863.9,819.1,825.95,1277735
2018-10-24,835.0,840.25,797.0,809.0,1780002
2018-10-25,800.4,800.4,779.0,784.7,2025198
2018-10-26,786.5,786.5,756.0,759.05,2634654
2018-10-29,763.7,788.5,763.7,782.45,3030820
2018-10-30,784.7,809.45,784.65,804.75,2886771
2018-10-31,805.9,838.9,787.0,833.55,2355534
2018-11-01,839.95,856.0,820.15,845.45,1057055
2018-11-02,856.9,863.0,841.25,847.6,2491268
2018-11-05,846.0,857.0,840.3,853.35,1310442
2018-11-06,856.75,862.0,842.4,851.0,507408
2018-11-07,860.0,860.7,852.65,858.25,72522
2018-11-09,859.8,870.0,854.3,868.0,619765
2018-11-12,868.0,874.4,849.0,860.8,1108987
2018-11-13,861.6,880.05,856.9,876.25,1343963
2018-11-14,881.0,891.7,868.0,876.35,1144940
2018-11-15,855.0,855.0,795.2,808.7,4467572
2018-11-16,816.0,837.7,810.0,831.9,3780986
2018-11-19,836.0,861.75,830.0,849.4,3349333
2018-11-20,847.7,863.0,832.3,837.95,1645503
2018-11-21,845.0,868.25,841.0,863.75,926544
2018-11-22,865.0,865.85,840.6,843.35,636114
2018-11-26,847.0,850.6,831.1,845.35,853656
2018-11-27,844.0,862.5,839.65,860.6,745026
2018-11-28,862.0,865.0,834.0,840.8,996661
2018-11-29,843.0,857.0,837.4,851.9,1440038
2018-11-30,855.0,872.75,850.8,866.25,1744863
2018-12-03,869.7,883.0,857.5,864.55,1039852
2018-12-04,867.7,870.2,842.35,845.7,650992
2018-12-05,843.2,843.2,816.25,826.0,1206275
2018-12-06,822.0,826.05,792.55,795.0,1759719
2018-12-07,802.0,809.0,793.1,802.3,892722
2018-12-10,790.0,796.2,778.0,790.4,592908
2018-12-11,784.0,804.95,775.0,800.5,987949
2018-12-12,805.0,816.0,797.3,811.55,1230426
2018-12-13,819.0,837.9,815.6,829.4,1178039
2018-12-14,850.0,852.75,835.5,847.2,1760542
2018-12-17,846.25,857.75,842.3,846.3,783204
2018-12-18,845.7,857.6,832.65,854.3,618217
2018-12-19,859.0,876.0,851.15,854.9,1531370
2018-12-20,847.6,856.05,826.3,828.5,2492060
2018-12-21,831.0,834.8,813.1,816.4,2410103
2018-12-24,810.25,828.65,804.15,808.15,1303555
2018-12-26,808.0,822.25,795.1,819.25,1074004
2018-12-27,828.0,828.0,810.8,813.75,1133383
2018-12-28,814.9,827.95,814.9,824.6,927588
2018-12-31,830.0,834.15,823.0,825.6,654406
2019-01-01,827.5,834.75,823.5,833.5,463290
2019-01-02,829.9,838.0,812.75,815.5,821812
2019-01-03,818.0,819.0,798.0,799.7,959578
2019-01-04,802.1,810.8,793.0,806.15,1069003
2019-01-07,810.2,824.8,808.0,820.65,1071590
2019-01-08,820.0,839.45,811.3,836.6,1023730
2019-01-09,840.0,844.3,826.5,835.3,4005124
2019-01-10,834.6,837.45,819.0,820.2,819813
2019-01-11,822.5,832.65,811.8,814.25,1217852
2019-01-14,815.0,818.0,807.0,813.7,734030
2019-01-15,815.9,821.85,802.7,815.5,2626359
2019-01-16,820.8,841.45,820.8,826.3,1926154
2019-01-17,831.45,839.4,821.0,828.1,997585
2019-01-18,828.9,834.55,818.2,824.95,959572
2019-01-21,828.0,828.0,811.95,815.65,506429
2019-01-22,812.0,812.7,800.2,804.35,756105
2019-01-23,805.6,806.5,777.0,782.15,1572530
2019-01-24,782.0,793.0,778.0,785.8,1009447
2019-01-25,786.9,794.6,757.05,759.6,991355
2019-01-28,763.0,763.0,727.2,732.8,1265661
2019-01-29,722.0,743.6,722.0,733.5,991737
2019-01-30,739.0,741.0,718.0,725.0,1472628
2019-01-31,730.0,733.45,714.5,721.0,2616247
2019-02-01,724.05,729.6,708.85,718.95,1307460
2019-02-04,719.6,719.85,701.0,706.75,1007710
2019-02-05,706.8,714.0,698.0,703.95,1169479
2019-02-06,705.05,739.85,705.05,733.5,1587847
2019-02-07,738.05,756.8,730.9,752.75,2848786
2019-02-08,760.0,764.05,708.4,717.95,3991393
2019-02-11,710.3,724.0,704.35,716.65,1181227
2019-02-12,717.0,727.9,710.0,718.85,1187659
2019-02-13,721.0,727.45,714.55,717.15,680106
2019-02-14,714.0,723.5,710.1,718.9,669502
2019-02-15,721.5,722.35,689.1,706.75,1358479
2019-02-18,711.95,711.95,693.8,699.85,1158588
2019-02-19,702.5,724.0,697.2,718.35,1770799
2019-02-20,721.3,733.5,721.3,730.7,1109901
2019-02-21,726.3,751.65,725.05,747.8,1721402
2019-02-22,747.0,762.0,742.05,758.7,1523930
2019-02-25,762.0,781.5,750.0,778.65,1901398
2019-02-26,774.0,785.65,762.6,781.0,1452437
2019-02-27,782.95,796.9,776.3,782.4,1235553
2019-02-28,788.9,790.5,773.5,777.05,1294690
2019-03-01,780.5,794.6,778.05,791.75,1158050
2019-03-05,791.5,813.45,789.45,810.15,1238834
2019-03-06,818.9,822.2,804.5,820.1,1119970
2019-03-07,821.0,824.35,808.5,810.2,1121059
2019-03-08,810.25,812.35,797.3,807.05,1267215
2019-03-11,809.0,831.95,808.25,827.5,1243742
2019-03-12,831.9,838.6,826.2,830.8,1272425
2019-03-13,832.0,834.2,821.0,823.15,605280
2019-03-14,823.15,837.4,808.5,832.9,1064493
2019-03-15,838.1,845.8,824.05,829.85,1750118
2019-03-18,816.5,823.5,806.1,818.55,2084748
2019-03-19,820.0,832.8,815.1,822.3,1404225
2019-03-20,827.0,829.1,811.65,817.65,1412859
2019-03-22,821.0,829.0,814.6,820.1,1683565
2019-03-25,815.0,817.0,808.0,815.4,985371
2019-03-26,820.0,838.8,816.1,836.7,1077359
2019-03-27,843.0,844.4,825.0,828.6,1135187
2019-03-28,828.6,841.45,823.7,830.15,1010951
2019-03-29,838.8,861.0,828.25,857.95,1635606
2019-04-01,867.65,871.0,851.75,857.35,1722012
2019-04-02,857.35,859.6,837.5,845.65,1290864
2019-04-03,847.15,852.1,828.0,831.7,1015377
2019-04-04,834.2,840.7,825.4,834.9,1220209
2019-04-05,835.0,852.9,828.85,848.95,2003216
2019-04-08,855.0,858.2,837.0,840.45,905102
2019-04-09,837.0,849.1,829.0,846.0,679796
2019-04-10,839.0,853.75,838.25,847.3,874178
2019-04-11,848.0,853.0,843.35,848.75,1059178
2019-04-12,852.45,860.85,840.2,853.45,1368130
2019-04-15,853.5,869.0,852.65,866.0,955859
2019-04-16,869.9,885.0,866.05,883.55,1633282
2019-04-18,887.4,887.9,861.6,867.25,1047651
2019-04-22,866.5,871.4,855.1,863.9,871986
2019-04-23,864.0,873.8,856.3,869.45,1220925
2019-04-24,867.5,887.0,849.6,880.55,1831558
2019-04-25,876.1,940.0,876.1,924.8,7135560
2019-04-26,926.45,934.0,898.1,913.45,2545038
2019-04-30,918.0,923.8,896.75,901.2,1444739
2019-05-02,900.0,907.15,891.35,899.3,1021401
2019-05-03,900.0,909.95,881.55,898.65,1083056
2019-05-06,888.75,898.5,885.35,896.55,872860
2019-05-07,900.0,906.9,865.5,872.35,1375348
2019-05-08,874.8,879.8,862.0,870.95,1170460
2019-05-09,864.0,873.0,857.05,869.0,854077
2019-05-10,874.95,875.0,853.3,857.6,633012
2019-05-13,854.3,854.4,833.35,837.95,652682
2019-05-14,840.15,851.25,817.7,845.55,1341517
2019-05-15,846.0,847.0,810.1,814.8,1299508
2019-05-16,815.0,826.7,804.85,820.1,1463357
2019-05-17,819.0,833.6,814.3,828.95,1774033
2019-05-20,843.0,894.0,843.0,890.3,1949145
2019-05-21,902.7,902.7,862.0,865.6,1265452
2019-05-22,868.6,868.6,849.0,857.35,1361942
2019-05-23,872.0,905.7,861.55,886.55,3420575
2019-05-24,892.05,914.55,878.0,910.05,2194830
2019-05-27,905.0,959.8,896.55,935.3,3423163
2019-05-28,938.0,938.0,907.75,910.95,5213864
2019-05-29,911.0,915.5,901.55,910.5,1351790
2019-05-30,912.0,919.8,898.7,911.45,2245342
2019-05-31,912.5,913.0,878.8,886.1,2989460
2019-06-03,890.1,896.9,885.0,895.05,1327630
2019-06-04,890.0,903.9,883.3,886.5,997897
2019-06-06,889.9,889.9,852.35,869.55,2884482
2019-06-07,872.0,877.35,856.95,871.45,1244825
2019-06-10,876.8,884.45,864.85,880.95,1270546
2019-06-11,884.95,895.8,876.5,890.1,1278396
2019-06-12,886.0,895.95,877.3,888.3,821912
2019-06-13,884.0,907.5,869.7,904.6,1516431
2019-06-14,904.0,906.6,892.9,899.0,1850574
2019-06-17,897.1,900.0,873.8,879.35,1482691
2019-06-18,878.0,883.9,866.0,879.65,886413
2019-06-19,883.0,888.4,872.85,882.05,954317
2019-06-20,876.15,905.6,870.0,900.8,1415049
2019-06-21,896.05,913.8,893.75,897.75,1827826
2019-06-24,900.6,909.3,880.0,886.65,1069347
2019-06-25,886.55,906.45,877.05,902.15,1020230
2019-06-26,897.1,920.0,897.1,919.15,1829768
2019-06-27,924.95,937.8,916.05,921.8,2075769
2019-06-28,924.8,927.4,905.0,914.1,1678795
2019-07-01,919.5,926.0,905.45,920.0,832301
2019-07-02,923.0,929.8,915.35,919.8,1027807
2019-07-03,924.0,934.0,920.6,927.9,1449541
2019-07-04,930.1,945.8,925.6,941.6,1405857
2019-07-05,943.0,949.5,917.1,927.05,1720225
2019-07-08,918.2,920.0,877.95,888.55,1889892
2019-07-09,887.0,913.5,882.5,910.95,1303425
2019-07-10,907.7,918.9,904.75,913.45,990345
2019-07-11,919.9,924.65,909.65,919.25,783442
2019-07-12,920.0,927.85,911.25,916.05,1140047
2019-07-15,919.0,927.6,916.0,922.3,665164
2019-07-16,923.6,937.35,918.65,930.5,1207966
2019-07-17,929.4,939.0,921.45,926.7,570804
2019-07-18,924.95,926.45,905.45,907.7,692689
2019-07-19,915.0,925.0,875.0,879.95,1232651
2019-07-22,879.0,895.15,863.1,892.15,897469
2019-07-23,892.5,898.45,878.8,883.5,696883
2019-07-24,880.0,885.65,866.1,878.45,1003677
2019-07-25,878.5,885.9,863.2,868.65,969227
2019-07-26,870.05,879.9,867.05,874.95,707596
2019-07-29,874.0,875.95,789.15,795.65,5673730
2019-07-30,791.0,817.0,758.0,762.55,5210662
2019-07-31,760.0,791.7,756.5,788.35,2571268
2019-08-01,777.0,783.0,764.35,774.55,1034634
2019-08-02,772.0,786.85,751.05,778.0,1926892
2019-08-05,772.9,772.9,746.65,749.45,1098832
2019-08-06,742.4,770.4,740.0,761.5,1513792
2019-08-07,757.85,763.0,733.0,737.95,1631724
2019-08-08,739.0,742.85,716.1,737.45,2497125
2019-08-09,739.0,767.0,739.0,746.5,2039108
2019-08-13,748.0,750.0,705.7,709.65,1354220
2019-08-14,709.65,744.65,709.0,734.5,2951315
2019-08-16,725.1,757.35,719.25,752.25,2543244
2019-08-19,756.95,759.8,731.3,732.35,1629089
2019-08-20,738.0,738.25,719.85,729.25,1404475
2019-08-21,727.1,729.9,695.0,698.8,1959791
2019-08-22,691.9,708.8,681.25,688.55,2271012
2019-08-23,691.4,740.0,680.05,719.45,3098860
2019-08-26,724.3,741.0,705.1,737.3,1838549
2019-08-27,744.0,749.75,720.9,723.95,2227803
2019-08-28,725.45,732.7,708.1,713.5,1394469
2019-08-29,713.5,713.5,695.0,708.85,1512720
2019-08-30,713.0,716.0,699.05,710.95,1418816
2019-09-03,706.0,711.9,693.4,696.25,2353131
2019-09-04,698.0,701.9,688.5,694.05,1517327
2019-09-05,694.2,705.6,691.6,697.1,1185595
2019-09-06,702.15,711.45,699.65,703.7,1248530
2019-09-09,703.7,711.9,696.45,705.75,1043818
2019-09-11,708.5,716.5,706.8,711.5,1293216
2019-09-12,712.0,728.8,712.0,717.55,1805426
2019-09-13,720.2,723.45,704.15,717.55,1943044
2019-09-16,715.05,726.55,710.05,716.7,986549
2019-09-17,716.0,724.1,699.9,700.95,1440408
2019-09-18,705.85,711.5,701.0,703.1,814510
2019-09-19,704.0,710.6,695.25,699.9,1055946
2019-09-20,699.0,765.0,697.15,750.95,3750974
2019-09-23,760.95,786.0,752.25,759.3,3077990
2019-09-24,760.6,765.7,740.25,749.7,1387878
2019-09-25,742.25,744.75,718.3,724.15,1352479
2019-09-26,728.7,747.95,720.15,743.8,1971768
2019-09-27,746.4,746.4,722.0,727.0,1281646
2019-09-30,724.7,738.6,708.25,730.1,1742195
2019-10-01,736.8,736.8,690.0,693.15,3452533
2019-10-03,691.0,695.95,670.0,679.65,3048990
2019-10-04,677.35,681.75,650.05,654.4,3253162
2019-10-07,654.4,654.4,633.6,649.0,2397704
2019-10-09,650.0,677.9,642.9,670.4,2386332
2019-10-10,680.0,726.85,680.0,696.6,7589225
2019-10-11,696.1,705.8,688.0,691.4,1699910
2019-10-14,693.95,707.9,688.0,698.65,1646833
2019-10-15,699.55,706.15,691.1,703.7,939647
2019-10-16,708.1,734.45,708.1,730.85,2820075
2019-10-17,728.15,730.85,712.0,724.55,1876216
2019-10-18,725.5,749.0,718.3,746.5,2263929
2019-10-22,745.95,772.0,742.45,756.05,2174300
2019-10-23,755.0,755.0,735.3,743.15,1147367
2019-10-24,743.0,743.0,663.45,705.6,7394585
2019-10-25,699.95,716.8,689.1,709.95,2914804
2019-10-29,699.05,720.9,687.9,714.75,2908854
2019-10-30,725.45,741.3,714.7,734.95,2260375
2019-10-31,740.1,774.9,735.85,768.75,3856582
2019-11-01,768.7,798.0,763.6,775.7,4557725
2019-11-04,784.45,795.9,780.0,783.8,2504708
2019-11-05,785.0,795.0,759.55,768.6,2742795
2019-11-06,770.0,782.6,761.0,773.25,1903692
2019-11-07,778.0,782.0,771.4,777.85,1133781
2019-11-08,775.4,785.9,770.0,774.0,1346108
2019-11-11,770.0,771.75,755.25,767.1,1627591
2019-11-13,760.0,768.85,736.25,739.55,2160990
2019-11-14,713.1,756.85,712.0,733.95,4263295
2019-11-15,735.0,768.0,724.8,755.15,4573144
2019-11-18,750.0,785.9,750.0,769.5,4178751
2019-11-19,775.0,793.5,772.0,786.15,3857258
2019-11-20,791.0,801.0,781.0,789.65,3157623
2019-11-21,795.3,797.0,775.3,778.95,1794807
2019-11-22,778.4,796.9,770.25,793.2,1457907
2019-11-25,794.0,824.9,792.2,822.9,3719171
2019-11-26,822.9,825.25,784.05,791.05,3919231
2019-11-27,787.0,802.8,785.0,788.1,1863654
2019-11-28,791.9,802.7,783.05,800.15,2148249
2019-11-29,796.0,809.0,784.45,787.05,2199611
2019-12-02,810.0,822.0,802.25,807.25,5088611
2019-12-03,805.0,805.0,779.05,782.3,2450605
2019-12-04,781.05,790.65,775.55,785.4,1612350
2019-12-05,780.0,789.85,766.9,769.3,1750196
2019-12-06,775.0,779.65,764.1,768.0,1707058
2019-12-09,771.0,774.0,762.35,766.3,1209386
2019-12-10,766.0,782.0,764.7,770.2,2100125
2019-12-11,770.2,774.6,759.5,767.4,1340370
2019-12-12,772.1,779.0,769.55,774.2,993437
2019-12-13,776.05,787.6,774.75,782.3,1454897
2019-12-16,780.0,783.2,761.4,763.1,1543113
2019-12-17,765.8,772.95,756.85,768.8,1825062
2019-12-18,773.6,776.4,751.5,754.2,1674043
2019-12-19,754.9,760.6,736.55,742.95,3571680
2019-12-20,743.5,748.05,740.95,745.6,1606946
2019-12-23,744.0,753.0,735.0,742.35,2488969
2019-12-24,746.0,749.0,737.15,738.5,1481308
2019-12-26,739.6,745.8,734.0,736.75,1298363
2019-12-27,737.5,744.0,735.6,739.75,1054753
2019-12-30,742.0,745.9,732.8,736.75,1307872
2019-12-31,737.0,746.1,732.9,743.65,1683709
2020-01-01,746.8,747.4,738.6,742.5,685313
2020-01-02,742.0,768.5,741.0,766.35,2413731
2020-01-03,769.95,769.95,751.5,756.65,1411458
2020-01-06,755.4,755.8,735.0,737.0,957541
2020-01-07,738.2,756.0,735.5,742.3,1104012
2020-01-08,735.4,749.9,733.6,742.65,1312487
2020-01-09,752.95,761.3,750.05,757.3,1471931
2020-01-10,756.8,766.5,751.0,756.25,1261460
2020-01-13,757.0,765.0,757.0,759.6,832679
2020-01-14,762.8,767.9,753.1,759.9,1186220
2020-01-15,758.0,769.0,747.5,766.4,1516061
2020-01-16,767.35,771.0,753.1,756.05,1037376
2020-01-17,715.0,772.0,711.0,768.25,4918914
2020-01-20,767.6,777.5,762.45,772.8,1575278
2020-01-21,779.0,781.1,763.45,771.65,1661273
2020-01-22,770.85,799.0,767.1,792.9,3081732
2020-01-23,785.0,811.95,783.0,808.9,2587185
2020-01-24,808.0,824.4,795.95,822.0,1925862
2020-01-27,815.0,836.9,810.0,813.1,2808890
2020-01-28,817.5,823.85,797.25,808.9,1783600
2020-01-29,814.0,822.85,800.0,802.3,1833108
2020-01-30,809.0,809.0,787.25,791.25,1325227
2020-01-31,793.1,797.95,775.55,778.9,1299292
2020-02-03,759.0,783.0,750.25,780.4,1534961
2020-02-04,780.05,796.35,780.05,793.7,1071567
2020-02-05,793.7,802.1,788.05,799.9,1058399
2020-02-06,802.4,806.65,793.3,801.0,1217580
2020-02-07,801.0,803.6,785.55,787.65,1082529
2020-02-10,787.0,789.7,752.0,757.55,4243828
2020-02-11,760.0,769.0,754.1,759.3,3381311
2020-02-12,762.1,774.45,754.5,755.35,1845607
2020-02-13,755.35,764.95,745.3,752.25,1877016
2020-02-14,754.5,770.85,737.1,743.05,3399473
2020-02-17,743.0,750.0,733.5,737.4,1516432
2020-02-18,737.35,741.2,715.55,723.9,1750918
2020-02-19,730.0,759.75,726.3,757.15,2067868
2020-02-20,750.0,767.8,745.9,751.3,2128575
2020-02-24,748.0,748.0,722.2,724.9,2357961
2020-02-25,727.0,732.9,715.1,720.4,2272073
2020-02-26,718.0,722.2,700.0,702.8,2841126
2020-02-27,702.8,717.5,686.0,712.85,3350636
2020-02-28,687.0,707.5,684.0,687.2,4389931
2020-03-02,701.0,701.5,657.3,668.45,2245349
2020-03-03,671.0,704.6,671.0,700.05,3350249
2020-03-04,702.5,708.8,682.0,689.5,2842415
2020-03-05,692.8,695.5,678.0,680.3,2162532
2020-03-06,650.0,670.9,645.0,665.05,1694832
2020-03-09,648.0,654.0,625.3,634.6,2775879
2020-03-11,635.0,640.5,616.0,625.25,2989772
2020-03-12,609.75,610.0,555.0,559.85,4760006
2020-03-13,537.6,631.65,505.0,604.95,6184972
2020-03-16,580.0,599.5,559.0,576.9,2976559
2020-03-17,571.3,585.65,553.25,555.65,2995383
2020-03-18,568.0,568.0,492.4,527.05,6838559
2020-03-19,481.0,518.8,481.0,491.05,3899814
2020-03-20,495.0,564.7,488.05,529.4,3034742
2020-03-23,481.3,500.0,397.05,433.25,4474891
2020-03-24,436.0,457.9,393.0,400.1,2985330
2020-03-25,390.0,458.7,385.05,451.35,4196785
2020-03-26,439.95,484.0,423.95,471.4,3960528
2020-03-27,472.05,493.8,446.85,460.9,2020718
2020-03-30,448.0,476.5,438.2,450.5,1991654
2020-03-31,463.4,479.75,453.6,476.1,1801288
2020-04-01,477.9,484.3,452.6,476.15,2120320
2020-04-03,473.5,477.7,451.2,454.7,1470237
2020-04-07,478.0,522.9,463.0,518.55,2632290
2020-04-08,512.5,532.5,500.4,512.6,2402047
2020-04-09,529.0,547.45,513.0,530.55,2490529
2020-04-13,530.55,561.0,510.0,544.5,3263002
2020-04-15,558.9,572.85,530.15,535.4,2125336
2020-04-16,530.0,557.0,523.05,543.75,3595017
2020-04-17,560.0,563.0,533.35,545.55,2730995
2020-04-20,548.25,552.9,519.4,521.65,3106055
2020-04-21,514.85,517.3,503.5,509.55,2588715
2020-04-22,511.0,513.3,502.45,510.4,2324747
2020-04-23,515.0,517.85,498.7,500.45,2040914
2020-04-24,492.0,501.9,484.75,499.05,2550107
2020-04-27,504.9,510.7,492.3,498.25,1758839
2020-04-28,506.95,511.5,493.8,497.45,2120094
2020-04-29,500.0,504.9,495.55,501.95,1399170
2020-04-30,505.0,515.0,501.3,504.9,6535679
2020-05-04,493.0,494.95,476.35,479.05,3307728
2020-05-05,485.0,487.8,469.25,471.45,1729054
2020-05-06,475.0,486.0,469.2,482.4,1889011
2020-05-07,482.4,491.95,476.4,485.2,1737010
2020-05-08,489.8,492.8,482.75,486.3,1445957
2020-05-11,489.2,512.5,484.75,504.45,3897466
2020-05-12,502.7,521.0,492.1,517.95,3110556
2020-05-13,550.0,550.0,519.05,522.95,2701200
2020-05-14,518.0,528.6,508.25,511.4,1932695
2020-05-15,514.25,519.85,509.9,517.85,1378960
2020-05-18,515.5,515.5,494.1,495.8,2667966
2020-05-19,498.2,521.0,495.05,511.85,3286809
2020-05-20,511.0,538.95,507.0,536.85,2851359
2020-05-21,536.85,536.95,521.55,526.95,1998009
2020-05-22,523.9,534.95,513.1,532.35,1745301
2020-05-26,535.0,544.4,527.85,532.65,3988184
2020-05-27,535.0,569.6,529.05,566.65,4735287
2020-05-28,568.0,581.65,557.25,576.5,3317882
2020-05-29,590.3,602.0,577.0,589.2,5956568
2020-06-01,592.5,600.0,580.05,583.5,2553932
2020-06-02,583.0,601.35,575.55,596.35,2670475
2020-06-03,600.55,610.0,592.35,597.8,2426418
2020-06-04,597.0,611.0,582.85,605.1,1644045
2020-06-05,611.6,630.7,609.5,627.15,3133694
2020-06-08,635.0,644.4,613.75,617.15,2746758
2020-06-09,623.1,635.8,606.7,611.9,2082895
2020-06-10,612.0,626.0,610.1,614.75,1790630
2020-06-11,618.0,626.0,582.55,590.6,2497985
2020-06-12,568.2,606.2,568.2,601.95,2102241
2020-06-15,610.0,610.85,577.1,581.9,2915600
2020-06-16,598.0,604.5,580.2,589.1,1808264
2020-06-17,587.1,597.7,580.8,583.85,1157292
2020-06-18,583.0,602.85,578.3,598.1,1801699
2020-06-19,598.0,603.7,593.55,601.25,2619830
2020-06-22,603.9,628.85,587.0,617.6,5878056
2020-06-23,622.6,634.35,613.05,622.35,3182056
2020-06-24,626.0,633.45,598.5,613.65,2442387
2020-06-25,610.95,626.55,604.05,607.45,2089589
2020-06-26,612.9,626.35,610.0,616.15,1760688
2020-06-29,613.75,624.45,598.5,619.25,2010341
2020-06-30,625.25,628.75,611.3,619.7,1629140
2020-07-01,619.8,625.95,612.15,614.35,1397405
2020-07-02,614.95,631.55,614.95,617.95,2502223
2020-07-03,623.8,630.0,613.5,628.15,2066551
2020-07-06,633.0,653.4,629.1,641.15,4059725
2020-07-07,641.15,642.9,621.3,623.65,2156495
2020-07-08,628.0,631.85,605.3,608.5,2391585
2020-07-09,612.0,622.75,609.95,616.65,1625411
2020-07-10,616.65,619.9,597.1,611.45,2693900
2020-07-14,612.45,613.85,593.85,596.7,1751163
2020-07-15,602.45,607.0,586.35,588.9,1913825
2020-07-16,592.0,593.0,580.0,583.05,1509705
2020-07-17,584.5,595.4,583.0,592.1,2172029
2020-07-20,598.0,611.4,593.35,603.15,2286607
2020-07-21,605.0,616.5,601.9,603.1,1942569
2020-07-22,607.0,612.0,594.0,601.8,1742700
2020-07-23,605.3,611.8,597.0,598.25,1206960
2020-07-24,596.8,596.8,581.6,582.7,1250674
2020-07-27,585.0,585.0,568.45,570.8,2216687
2020-07-28,572.8,597.95,565.0,596.25,5603716
2020-07-29,600.0,621.85,599.35,616.3,6086161
2020-07-30,614.15,625.1,601.15,602.95,2509512
2020-07-31,606.35,636.9,602.0,633.05,4750804
2020-08-03,630.0,642.75,621.65,633.5,2546157
2020-08-04,635.4,639.75,622.2,624.65,2062493
2020-08-05,624.7,643.6,621.7,633.45,2496920
2020-08-06,636.0,646.5,629.0,634.2,2303382
2020-08-07,634.0,641.9,628.25,636.55,2226682
2020-08-10,640.0,643.35,627.7,634.05,1925213
2020-08-11,635.0,640.95,619.05,624.25,2061530
2020-08-12,620.0,629.0,615.1,626.15,2142592
2020-08-13,631.8,638.0,621.5,631.85,3037090
2020-08-14,632.0,639.8,623.45,628.95,2840764
2020-08-17,630.15,634.0,610.7,625.35,4308934
2020-08-18,621.0,678.5,621.0,667.1,15465826
2020-08-19,667.95,672.0,660.45,664.85,3245005
2020-08-20,660.15,675.0,655.05,665.6,3015031
2020-08-21,674.7,683.0,668.9,677.35,3993293
2020-08-24,680.4,693.5,666.2,671.55,3821144
2020-08-25,672.0,679.45,661.65,673.75,1823994
2020-08-26,672.95,678.5,658.6,667.2,2450241
2020-08-27,670.15,688.0,667.0,685.05,3259380
2020-08-28,689.95,717.5,684.0,701.15,7387214
2020-08-31,703.0,710.8,670.65,674.85,4456609
2020-09-01,676.95,704.8,651.05,684.55,4727724
2020-09-02,681.0,685.95,662.65,678.45,3930979
2020-09-03,685.0,729.35,681.6,724.75,7498392
2020-09-04,705.0,724.0,698.7,706.5,3605878
2020-09-07,720.0,720.8,693.0,700.15,4178265
2020-09-08,702.9,702.9,674.2,677.1,2825627
2020-09-09,676.0,696.5,664.05,687.1,2835848
2020-09-10,696.55,717.75,681.3,713.3,4924113
2020-09-11,715.0,727.0,704.65,720.95,7330487
2020-09-14,721.0,735.95,703.0,707.0,3044866
2020-09-15,711.6,723.5,709.8,720.4,2926571
2020-09-16,722.95,737.2,714.1,720.4,3038720
2020-09-17,720.4,738.75,716.55,724.7,3927324
2020-09-18,727.95,748.65,724.65,745.0,3216185
2020-09-21,749.65,749.65,710.05,716.85,2426658
2020-09-22,720.4,746.0,706.8,729.1,3313571
2020-09-23,729.35,732.75,705.0,718.4,2576697
2020-09-24,708.0,715.0,675.5,679.7,2825289
2020-09-25,683.0,712.2,683.0,708.15,2258203
2020-09-28,715.0,735.65,715.0,734.2,2545879
2020-09-29,736.0,739.9,715.05,721.45,1821921
2020-09-30,721.45,746.4,715.05,744.2,2377808
2020-10-01,749.2,756.0,736.05,754.55,2403720
2020-10-05,752.2,763.6,741.95,750.15,1900046
2020-10-06,750.25,759.95,740.5,757.7,1854621
2020-10-07,755.0,761.7,748.0,759.65,1626654
2020-10-08,765.0,774.7,758.7,770.35,2220310
2020-10-09,769.55,772.9,742.25,745.1,2905184
2020-10-12,746.15,752.35,738.0,744.7,2813652
2020-10-13,742.8,763.0,736.95,749.45,2740418
2020-10-14,743.0,768.0,733.45,763.6,2406038
2020-10-15,760.35,767.95,745.2,750.1,1500700
2020-10-16,752.95,776.65,750.0,772.7,1765026
2020-10-19,772.0,782.4,761.55,773.15,2134699
2020-10-20,775.0,779.9,764.5,777.2,1739215
2020-10-21,780.0,794.45,771.55,791.75,2409367
2020-10-22,791.75,794.45,781.0,791.65,1699846
2020-10-23,794.1,804.0,782.1,785.2,2354331
2020-10-26,785.0,789.85,768.0,780.0,1338819
2020-10-27,774.0,790.0,772.85,779.1,1530802
2020-10-28,789.7,789.7,773.05,777.25,1977397
2020-10-29,772.75,777.35,766.0,770.2,1061950
2020-10-30,770.0,793.75,765.25,778.35,1709943
2020-11-02,784.4,791.85,775.5,787.85,1788758
2020-11-03,789.2,800.95,787.05,791.15,2048280
2020-11-04,790.4,795.0,778.7,783.1,1499152
2020-11-05,787.5,810.4,787.5,804.4,2973275
2020-11-06,809.0,809.0,791.5,794.35,1500755
2020-11-09,797.0,808.3,789.2,792.15,2188251
2020-11-10,799.0,816.5,781.05,789.5,2902845
2020-11-11,792.0,808.6,790.0,803.1,2510370
2020-11-12,804.0,831.0,803.1,826.95,3830555
2020-11-13,827.0,848.0,819.5,841.35,5918612
2020-11-17,846.9,853.5,835.55,842.9,1885867
2020-11-18,841.55,851.7,838.25,848.95,1720169
2020-11-19,844.8,861.9,832.0,836.75,1923683
2020-11-20,840.0,861.9,838.6,856.0,2049975
2020-11-23,863.4,868.9,851.1,854.6,2225036
2020-11-24,857.0,863.75,850.0,853.25,1394095
2020-11-25,856.0,873.8,840.05,843.1,2392424
2020-11-26,850.2,881.0,847.05,877.4,4249437
2020-11-27,877.4,885.85,870.0,875.75,4004762
2020-12-01,867.0,910.7,862.15,907.8,4110405
2020-12-02,901.55,918.95,900.1,915.5,2843180
2020-12-03,921.0,924.9,906.0,910.05,1988189
2020-12-04,915.4,946.9,913.1,931.5,3030378
2020-12-07,939.95,954.0,930.25,937.7,3193047
2020-12-08,937.5,942.0,918.4,925.8,1756710
2020-12-09,926.95,933.75,916.15,920.25,1612127
2020-12-10,922.0,924.8,902.55,909.5,1727166
2020-12-11,909.9,915.65,901.0,902.25,1938042
2020-12-14,906.65,924.0,906.3,911.45,2044684
2020-12-15,912.0,917.7,903.0,912.0,1462088
2020-12-16,920.4,925.3,911.0,914.8,1390116
2020-12-17,915.9,926.4,912.0,912.7,1476800
2020-12-18,912.0,916.75,902.0,909.65,2216049
2020-12-21,909.6,909.95,868.3,877.35,1905028
2020-12-22,877.35,889.4,863.35,885.2,1708372
2020-12-23,886.1,909.0,881.35,902.0,2377647
2020-12-24,906.65,911.85,891.1,897.15,1420321
2020-12-28,901.2,912.35,897.1,906.65,1489896
2020-12-29,911.0,922.65,906.2,909.5,1624766
2020-12-30,911.1,938.95,897.3,934.4,2280218
2020-12-31,939.8,940.85,921.55,927.85,2077998
2021-01-01,924.5,938.0,920.25,933.4,1151605
2021-01-04,937.15,967.0,937.15,964.45,2667535
2021-01-05,955.0,971.95,946.95,961.3,1511818
2021-01-06,960.0,989.5,955.05,984.6,2162883
2021-01-07,990.0,1004.65,977.2,993.85,1888940
2021-01-08,999.65,1023.85,992.1,1004.3,2381402
2021-01-11,999.35,1012.3,994.45,1004.3,1249633
2021-01-12,1005.8,1020.6,997.7,1010.3,1551157
2021-01-13,1009.0,1041.0,1007.45,1033.35,2205417
2021-01-14,1035.0,1040.95,1013.3,1020.25,1522045
2021-01-15,1015.1,1039.3,1001.6,1033.05,2026203
2021-01-18,1023.0,1029.55,990.85,999.2,1847393
2021-01-19,1002.0,1052.5,1002.0,1031.9,4059040
2021-01-20,1028.0,1038.5,1014.8,1034.7,1528763
2021-01-21,1036.0,1046.95,1012.5,1017.1,1268212
2021-01-22,1022.3,1030.75,1000.0,1004.0,1029795
2021-01-25,1025.0,1114.65,1017.0,1069.75,15344078
2021-01-27,1063.95,1114.35,1051.05,1061.55,6620990
2021-01-28,1040.5,1076.0,1038.55,1067.4,2834260
2021-01-29,1062.6,1094.0,1048.45,1055.65,3822191
2021-02-01,1060.0,1130.8,1047.35,1125.65,2099126
2021-02-02,1144.0,1209.9,1136.45,1190.0,4122906
2021-02-03,1178.1,1205.5,1172.25,1190.85,2427085
2021-02-04,1180.0,1217.45,1171.05,1188.5,2659290
2021-02-05,1188.5,1208.8,1173.0,1186.1,1636133
2021-02-08,1186.0,1220.0,1185.0,1210.8,1955804
2021-02-09,1210.0,1226.5,1204.0,1217.95,1727089
2021-02-10,1216.0,1249.0,1216.0,1231.4,3264009
2021-02-11,1223.0,1244.8,1221.6,1235.45,1216492
2021-02-12,1244.0,1254.8,1221.05,1242.1,3421387
2021-02-15,1257.05,1258.6,1216.75,1227.95,1914247
2021-02-16,1234.4,1257.0,1225.6,1243.75,1561647
2021-02-17,1228.1,1249.0,1228.0,1238.45,1048606
2021-02-18,1238.45,1247.65,1213.0,1229.65,1536486
2021-02-19,1231.75,1239.7,1210.0,1218.0,1314508
2021-02-22,1221.5,1235.0,1215.0,1230.5,1128617
2021-02-23,1239.0,1249.9,1221.6,1231.5,1434663
2021-02-24,1239.0,1257.0,1231.25,1250.2,441927
2021-02-25,1258.0,1289.0,1254.0,1270.45,1942025
2021-02-26,1255.0,1270.0,1190.85,1200.8,2798547
2021-03-01,1206.95,1270.0,1202.2,1265.95,1601364
2021-03-02,1275.0,1298.5,1261.0,1294.75,1954073
2021-03-03,1299.0,1343.0,1290.0,1318.1,2243838
2021-03-04,1306.0,1360.0,1300.5,1350.4,1950846
2021-03-05,1348.8,1371.7,1324.0,1339.35,2714173
2021-03-08,1339.95,1367.7,1331.55,1344.25,1400679
2021-03-09,1382.0,1408.0,1361.05,1366.35,5078891
2021-03-10,1378.0,1389.35,1360.0,1385.05,1085941
2021-03-12,1395.0,1404.95,1375.0,1379.5,1206112
2021-03-15,1389.0,1391.9,1347.0,1384.1,970925
2021-03-16,1380.1,1397.75,1375.9,1384.5,1176583
2021-03-17,1382.6,1394.9,1361.3,1367.1,1005552
2021-03-18,1392.0,1399.9,1372.0,1387.8,1790541
2021-03-19,1380.6,1415.0,1363.0,1411.25,2431340
2021-03-22,1419.0,1428.0,1401.25,1413.9,1587634
2021-03-23,1413.9,1422.5,1393.85,1411.25,1004001
2021-03-24,1409.0,1409.0,1379.65,1387.65,1490308
2021-03-25,1383.5,1400.45,1353.6,1372.75,2165870
2021-03-26,1381.0,1411.45,1379.0,1405.6,1764994
2021-03-30,1416.6,1441.65,1395.75,1422.6,2574303
2021-03-31,1417.0,1456.0,1410.0,1450.55,1242119
2021-04-01,1460.0,1467.0,1436.95,1454.5,1270201
2021-04-05,1455.0,1472.7,1425.1,1446.5,1396534
2021-04-06,1447.0,1449.25,1426.0,1432.55,736903
2021-04-07,1427.8,1444.5,1427.8,1437.4,606884
2021-04-08,1446.8,1463.3,1433.55,1447.8,1566826
2021-04-09,1455.0,1469.35,1432.85,1440.0,1125347
2021-04-12,1417.95,1424.95,1367.55,1376.6,1323690
2021-04-13,1372.8,1406.7,1370.6,1392.2,1423254
2021-04-15,1393.0,1399.95,1325.0,1349.25,2008929
2021-04-16,1343.0,1380.0,1341.0,1353.2,1437982
2021-04-19,1330.3,1339.0,1305.25,1324.7,1236979
2021-04-20,1351.1,1373.35,1281.6,1291.9,3688197
2021-04-22,1271.9,1313.65,1270.3,1300.2,1868808
2021-04-23,1299.0,1323.15,1262.0,1278.1,2839747
2021-04-26,1285.0,1321.0,1285.0,1312.35,1233546
2021-04-27,1320.0,1339.2,1308.0,1331.2,1236334
2021-04-28,1337.45,1349.0,1321.15,1341.15,1283746
2021-04-29,1354.4,1369.5,1332.3,1350.7,1793007
2021-04-30,1342.0,1407.4,1333.0,1401.75,3261678
2021-05-03,1396.6,1425.05,1374.25,1414.55,1786884
2021-05-04,1415.0,1448.9,1404.0,1415.95,2071008
2021-05-05,1420.1,1454.95,1405.0,1420.9,2157276
2021-05-06,1420.0,1450.0,1418.1,1447.9,1636815
2021-05-07,1450.0,1461.9,1433.3,1449.6,1267488
2021-05-10,1460.0,1475.0,1430.25,1444.55,2072611
2021-05-11,1425.0,1468.95,1425.0,1450.15,1521151
2021-05-12,1451.95,1456.65,1408.05,1412.35,1349197
2021-05-14,1420.0,1421.95,1354.85,1367.0,1240252
2021-05-17,1373.1,1400.4,1362.45,1393.85,752061
2021-05-18,1405.1,1427.85,1386.1,1392.4,1045311
2021-05-19,1391.0,1421.9,1380.4,1389.7,908858
2021-05-20,1389.0,1389.0,1365.1,1375.25,882951
2021-05-21,1380.0,1386.95,1365.0,1371.85,740146
2021-05-24,1372.65,1376.4,1350.6,1370.75,1445175
2021-05-25,1380.0,1399.25,1354.2,1374.9,3091345
2021-05-26,1385.0,1431.95,1381.05,1409.4,4302562
2021-05-27,1414.95,1436.25,1393.0,1417.15,4451326
2021-05-28,1428.2,1480.0,1421.0,1465.45,2689838
2021-05-31,1465.25,1494.9,1455.0,1471.2,2939614
2021-06-01,1475.6,1479.15,1437.0,1444.55,1117622
2021-06-02,1444.0,1454.45,1425.55,1442.25,1797545
2021-06-03,1445.2,1464.0,1436.05,1458.75,1006763
2021-06-04,1458.8,1507.0,1452.35,1503.25,2556166
2021-06-07,1518.6,1530.95,1495.6,1501.0,2491140
2021-06-08,1508.95,1516.05,1490.2,1503.15,1027390
2021-06-09,1510.1,1527.9,1485.0,1492.05,1727303
2021-06-10,1491.0,1517.0,1487.2,1492.5,875988
2021-06-11,1505.9,1510.0,1475.5,1490.6,895452
2021-06-14,1481.5,1497.7,1457.2,1493.0,682770
2021-06-15,1495.0,1515.0,1488.0,1495.25,814630
2021-06-16,1495.5,1501.55,1463.9,1469.2,917679
2021-06-17,1465.0,1490.65,1450.55,1458.2,795435
2021-06-18,1464.0,1489.2,1420.05,1480.75,1485497
2021-06-21,1461.3,1500.85,1455.0,1496.65,1145818
2021-06-22,1500.0,1520.8,1493.05,1496.3,1404669
2021-06-23,1500.0,1512.25,1484.0,1498.75,973788
2021-06-24,1498.0,1507.0,1487.5,1498.9,1145885
2021-06-28,1515.0,1547.0,1512.75,1520.6,2447539
2021-06-29,1517.0,1523.25,1499.0,1503.3,734358
2021-06-30,1503.3,1509.7,1491.0,1498.75,899143
2021-07-01,1503.25,1508.35,1489.0,1500.3,635048
2021-07-02,1505.0,1512.95,1487.0,1489.75,742338
2021-07-05,1497.5,1508.0,1486.0,1489.7,784526
2021-07-06,1491.75,1525.0,1491.7,1497.25,1821054
2021-07-07,1495.0,1500.0,1476.0,1493.85,1119109
2021-07-08,1496.8,1498.75,1472.2,1475.45,1075063
2021-07-09,1475.0,1508.0,1461.0,1500.15,798580
2021-07-12,1507.0,1540.7,1507.0,1536.15,1859043
2021-07-13,1540.0,1582.15,1538.0,1576.65,2176074
2021-07-14,1575.5,1580.0,1563.15,1567.8,702486
2021-07-15,1568.0,1579.75,1553.15,1557.25,907912
2021-07-16,1564.8,1579.3,1548.05,1572.3,849808
2021-07-19,1558.8,1575.6,1544.85,1558.8,559807
2021-07-20,1558.2,1587.55,1538.9,1574.1,1729066
2021-07-22,1595.0,1599.5,1573.2,1582.05,982695
2021-07-23,1580.0,1588.95,1545.15,1549.5,1409312
2021-07-26,1549.5,1566.25,1541.05,1550.25,1010876
2021-07-27,1551.2,1564.2,1513.0,1518.7,769307
2021-07-28,1528.0,1537.25,1486.0,1533.55,1293433
2021-07-29,1543.0,1557.6,1523.0,1544.6,1218918
2021-07-30,1537.7,1566.0,1521.65,1551.35,1126373
2021-08-02,1565.0,1614.2,1558.65,1591.65,2021606
2021-08-03,1575.0,1599.9,1544.5,1592.4,1643947
2021-08-04,1590.0,1605.25,1537.05,1554.85,1247524
2021-08-05,1539.0,1553.0,1525.0,1537.4,715729
2021-08-06,1544.6,1553.5,1520.2,1531.0,685670
2021-08-09,1545.0,1547.0,1506.55,1512.15,609167
2021-08-10,1520.0,1520.0,1477.95,1490.6,929912
2021-08-11,1484.0,1516.9,1480.0,1502.4,1268299
2021-08-12,1499.8,1515.0,1488.65,1492.3,506910
2021-08-13,1493.3,1532.45,1485.5,1496.9,2441588
2021-08-16,1498.9,1525.0,1487.4,1490.9,929254
2021-08-17,1496.5,1498.55,1460.1,1481.0,1090935
2021-08-18,1482.2,1508.8,1480.0,1501.2,888339
2021-08-20,1489.95,1503.3,1475.0,1484.65,774150
2021-08-23,1495.0,1499.25,1432.0,1440.65,1163742
2021-08-24,1444.0,1462.0,1440.65,1460.15,913036
2021-08-25,1466.5,1472.65,1446.1,1447.7,839634
2021-08-26,1446.1,1459.75,1430.05,1439.05,936935
2021-08-27,1444.0,1468.0,1442.95,1458.3,896244
2021-08-30,1465.0,1483.0,1462.0,1471.15,764590
2021-08-31,1482.0,1504.4,1467.65,1500.4,1656264
2021-09-01,1510.0,1514.5,1480.2,1486.0,664026
2021-09-02,1490.0,1507.0,1485.0,1499.25,1018243
2021-09-03,1510.0,1519.95,1492.5,1510.45,1135652
2021-09-06,1512.0,1567.0,1512.0,1531.0,2510335
2021-09-07,1538.0,1557.9,1514.75,1554.45,1158223
2021-09-08,1562.0,1608.65,1552.4,1576.7,4078147
2021-09-09,1579.85,1603.0,1570.0,1597.9,842587
2021-09-13,1610.0,1613.5,1579.55,1606.35,968009
2021-09-14,1610.0,1619.9,1594.0,1611.8,1082767
2021-09-15,1615.0,1622.65,1590.0,1606.8,999398
2021-09-16,1615.0,1618.0,1574.0,1578.45,852067
2021-09-17,1587.25,1609.8,1562.35,1568.8,1956743
2021-09-20,1565.0,1567.55,1528.55,1535.6,774163
2021-09-21,1535.0,1565.0,1526.7,1557.15,768602
2021-09-22,1551.3,1582.65,1546.95,1574.65,916746
2021-09-23,1578.7,1625.0,1573.45,1606.85,1213696
2021-09-24,1615.0,1658.0,1615.0,1629.75,2001841
2021-09-27,1635.1,1657.25,1622.2,1648.8,908804
2021-09-29,1642.0,1678.5,1635.05,1669.9,818653
2021-09-30,1660.0,1694.3,1660.0,1669.45,1077540
2021-10-01,1659.95,1687.65,1635.5,1677.15,702503
2021-10-04,1652.0,1654.85,1621.0,1641.15,1149637
2021-10-05,1641.15,1653.45,1623.0,1627.0,541290
2021-10-06,1621.0,1640.0,1592.0,1599.0,1037021
2021-10-07,1608.95,1627.0,1590.0,1592.0,3203275
2021-10-08,1596.0,1616.8,1591.65,1598.8,693600
2021-10-12,1651.75,1665.0,1628.55,1637.65,768555
2021-10-14,1680.0,1775.0,1680.0,1752.5,2309191
2021-10-18,1762.0,1798.4,1746.0,1753.95,1333785
2021-10-21,1709.4,1754.0,1690.05,1745.8,1369162
2021-10-25,1700.0,1719.7,1669.15,1710.65,573813
2021-10-26,1717.0,1767.0,1704.25,1739.4,1334788
2021-10-27,1744.0,1754.65,1722.7,1728.4,525885
2021-10-28,1735.95,1735.95,1692.55,1702.4,649517
2021-10-29,1705.0,1742.5,1675.45,1721.1,1152110
2021-11-03,1745.0,1793.2,1735.2,1785.55,1003482
2021-11-04,1797.0,1800.0,1785.55,1791.6,95198
2021-11-08,1791.6,1857.1,1779.5,1848.95,1492531
2021-11-09,1851.0,1879.9,1848.55,1863.85,1045350
2021-11-10,1846.9,1879.4,1842.0,1874.45,505300
2021-11-11,1877.8,1893.0,1831.8,1844.35,945543
2021-11-12,1857.9,1875.0,1842.5,1858.45,1152941
2021-11-15,1859.05,1889.95,1840.05,1855.85,651129
2021-11-16,1860.0,1875.0,1817.0,1823.15,516932
2021-11-17,1825.3,1825.3,1786.65,1792.65,666765
2021-11-18,1783.2,1811.95,1763.35,1774.5,475222
2021-11-22,1769.45,1798.3,1750.0,1778.3,745137
2021-11-23,1779.0,1804.5,1765.45,1783.35,1465028
2021-11-24,1790.0,1793.95,1734.1,1746.95,695846
2021-11-25,1716.0,1773.0,1716.0,1766.75,705771
2021-11-26,1757.3,1757.85,1679.0,1690.1,748265
2021-11-29,1680.0,1720.1,1642.7,1683.95,1448550
2021-11-30,1680.0,1709.65,1650.3,1662.45,1643449
2021-12-01,1667.0,1694.4,1653.35,1679.6,863737
2021-12-02,1676.6,1750.05,1673.45,1723.85,980913
2021-12-03,1735.25,1742.1,1698.1,1703.9,917560
2021-12-06,1701.0,1718.6,1657.15,1660.75,847880
2021-12-07,1667.0,1697.0,1667.0,1685.55,821172
2021-12-08,1700.0,1742.0,1694.0,1716.25,1004508
2021-12-09,1729.8,1730.0,1702.0,1722.75,650798
2021-12-10,1715.0,1757.2,1715.0,1749.2,969438
2021-12-13,1762.0,1769.7,1727.25,1732.45,713443
2021-12-14,1715.0,1744.9,1710.45,1722.0,612932
2021-12-15,1715.0,1732.0,1698.0,1704.4,571551
2021-12-16,1711.9,1739.85,1701.9,1717.3,883358
2021-12-17,1705.55,1714.6,1656.2,1665.8,615334
2021-12-21,1618.15,1668.8,1618.15,1636.45,945319
2021-12-22,1647.9,1662.0,1629.2,1638.6,895467
2021-12-23,1647.0,1669.9,1636.15,1659.6,1106826
2021-12-24,1660.2,1668.0,1595.25,1610.9,1119890
2021-12-27,1600.5,1616.25,1592.2,1602.55,1197256
2021-12-28,1617.0,1639.4,1612.0,1621.95,1427238
2021-12-29,1624.0,1638.9,1598.0,1604.65,752575
2021-12-30,1605.0,1620.3,1587.55,1593.65,1160926
2021-12-31,1603.1,1644.0,1600.55,1622.25,1656520
2022-01-03,1629.75,1666.85,1617.0,1661.6,626473
2022-01-04,1671.0,1696.5,1658.0,1692.0,891638
2022-01-05,1685.0,1753.1,1684.0,1747.05,1764235
2022-01-06,1746.1,1746.1,1710.6,1720.55,1154118
2022-01-07,1722.0,1807.0,1722.0,1797.65,2894295
2022-01-10,1810.0,1845.0,1793.6,1838.85,1462664
2022-01-12,1857.95,1877.45,1845.0,1874.0,698473
2022-01-13,1880.0,1883.0,1850.0,1856.85,841198
2022-01-14,1859.9,1867.75,1832.35,1857.3,1234583
2022-01-17,1857.3,1929.0,1846.0,1918.7,1251260
2022-01-18,1927.95,1929.8,1842.7,1852.25,941752
2022-01-19,1845.0,1863.9,1796.3,1806.5,806090
2022-01-20,1817.0,1836.75,1813.6,1831.0,713340
2022-01-21,1829.0,1829.0,1779.0,1792.1,524966
2022-01-24,1791.8,1791.8,1684.0,1690.7,1018776
2022-01-25,1668.6,1726.2,1658.05,1721.3,834681
2022-01-28,1700.0,1736.35,1691.05,1697.0,1137085
2022-01-31,1705.9,1737.0,1702.0,1727.5,511167
2022-02-01,1736.6,1776.95,1717.1,1771.35,1140710
2022-02-02,1780.0,1790.0,1763.0,1778.1,688940
2022-02-03,1779.05,1786.0,1722.0,1732.7,480434
2022-02-04,1732.7,1765.0,1727.2,1735.3,569416
2022-02-07,1725.05,1749.65,1700.0,1712.35,481298
2022-02-08,1721.35,1728.0,1685.4,1717.8,421620
2022-02-09,1718.1,1746.0,1713.0,1739.7,454006
2022-02-10,1726.6,1771.3,1726.6,1768.55,622393
2022-02-11,1750.0,1760.0,1702.0,1710.15,983623
2022-02-14,1696.6,1696.6,1635.65,1642.95,824741
2022-02-15,1659.3,1715.8,1618.05,1712.1,1194854
2022-02-16,1714.8,1749.95,1712.55,1721.3,1204064
2022-02-17,1737.95,1751.8,1700.0,1711.25,1067390
2022-02-18,1702.0,1739.9,1698.0,1722.75,1200407
2022-02-21,1704.0,1736.75,1687.35,1692.45,1031646
2022-02-22,1637.15,1689.7,1637.15,1684.15,880972
2022-02-23,1690.1,1704.0,1663.15,1669.8,673096
2022-02-25,1580.0,1598.8,1560.15,1567.85,1121363
2022-02-28,1552.5,1604.4,1538.45,1598.5,1212286
2022-03-02,1572.0,1582.75,1538.5,1548.5,1146391
2022-03-03,1558.0,1577.6,1496.2,1503.6,1145813
2022-03-04,1485.0,1514.9,1447.0,1477.6,1627383
2022-03-08,1440.0,1465.7,1407.2,1458.2,816447
2022-03-09,1465.7,1508.7,1443.5,1493.35,1691246
2022-03-10,1550.0,1575.0,1531.1,1554.9,1486312
2022-03-11,1553.75,1575.9,1541.0,1566.25,1202172
2022-03-14,1556.2,1583.95,1545.9,1577.5,548042
2022-03-15,1573.0,1598.7,1557.6,1564.25,913262
2022-03-16,1579.55,1615.85,1576.2,1604.05,1401061
2022-03-17,1620.0,1656.75,1612.0,1619.85,2728198
2022-03-21,1607.0,1614.45,1556.45,1569.45,1286325
2022-03-22,1569.45,1590.95,1525.1,1582.5,1013736
2022-03-23,1594.5,1595.0,1564.3,1582.1,841284
2022-03-24,1577.0,1603.9,1569.1,1599.4,1076441
2022-03-25,1601.5,1612.0,1574.2,1591.05,660227
2022-03-28,1594.8,1616.95,1575.2,1610.95,1278068
2022-03-29,1619.0,1638.6,1606.95,1623.7,1737040
2022-03-30,1638.0,1677.95,1632.55,1667.7,1504728
2022-03-31,1670.0,1678.6,1650.3,1664.0,778296
2022-04-01,1661.2,1680.85,1658.0,1669.95,841336
2022-04-04,1667.0,1688.0,1659.0,1679.7,805053
2022-04-05,1688.0,1712.0,1669.55,1702.3,1201340
2022-04-06,1700.0,1717.3,1693.45,1699.75,446989
2022-04-07,1689.5,1700.0,1668.0,1681.95,863932
2022-04-08,1676.0,1785.8,1676.0,1771.25,2498083
2022-04-11,1784.7,1830.9,1764.7,1820.15,3276393
2022-04-12,1802.0,1815.0,1750.0,1755.5,1501833
2022-04-13,1757.0,1778.0,1738.4,1765.95,836083
2022-04-18,1761.0,1767.3,1725.1,1741.3,464736
2022-04-19,1754.0,1777.0,1700.1,1720.4,744930
2022-04-20,1718.3,1759.0,1717.05,1736.6,675445
2022-04-21,1745.0,1769.95,1734.5,1764.25,708186
2022-04-22,1748.0,1754.0,1710.0,1716.85,896489
2022-04-25,1688.0,1705.85,1678.35,1693.7,451520
2022-04-26,1705.0,1730.0,1695.0,1718.0,750449
2022-04-27,1696.0,1709.5,1677.0,1700.2,424389
2022-04-28,1717.0,1721.0,1690.0,1711.9,811211
2022-04-29,1716.4,1738.55,1685.1,1692.3,1111147
2022-05-02,1676.0,1688.95,1657.2,1679.55,437101
2022-05-05,1631.95,1644.9,1601.5,1606.9,522780
2022-05-06,1590.4,1604.4,1551.05,1565.6,525582
2022-05-09,1549.95,1573.65,1536.6,1551.75,961587
2022-05-10,1551.0,1575.85,1534.4,1542.1,853249
2022-05-11,1542.0,1563.7,1508.05,1535.35,836760
2022-05-12,1527.0,1530.0,1463.25,1485.85,690847
2022-05-13,1503.6,1517.95,1465.95,1475.1,487457
2022-05-16,1475.0,1496.9,1437.6,1452.25,811126
2022-05-17,1456.0,1490.0,1448.05,1481.4,769192
2022-05-18,1490.0,1509.35,1476.15,1487.35,772990
2022-05-19,1470.0,1470.95,1446.55,1457.8,523734
2022-05-20,1472.0,1522.0,1468.25,1488.35,642521
2022-05-23,1486.0,1510.45,1452.0,1457.4,955989
2022-05-24,1458.0,1467.0,1380.0,1402.75,1855852
2022-05-25,1400.0,1444.7,1356.8,1375.55,3377553
2022-05-26,1392.0,1400.85,1340.25,1392.55,1556591
2022-05-27,1410.0,1422.95,1378.05,1396.7,1269670
2022-05-30,1410.0,1449.0,1403.1,1441.0,781271
2022-05-31,1448.25,1455.25,1419.85,1428.6,2025958
2022-06-01,1425.0,1450.0,1412.6,1436.55,867697
2022-06-02,1449.0,1449.0,1415.6,1432.55,885275
2022-06-03,1435.0,1441.55,1330.05,1339.45,4810328
2022-06-06,1334.0,1340.0,1310.0,1326.7,2354966
2022-06-07,1315.0,1337.0,1297.5,1326.65,2003516
2022-06-08,1337.0,1355.0,1307.45,1328.75,2660549
2022-06-09,1327.0,1327.0,1302.0,1309.1,1355442
2022-06-10,1290.0,1331.8,1286.05,1326.5,1145407
2022-06-13,1300.0,1315.45,1285.65,1292.55,1199249
2022-06-14,1299.0,1321.55,1286.1,1309.35,1065582
2022-06-15,1319.35,1341.0,1307.95,1331.7,1057944
2022-06-16,1345.0,1347.9,1278.05,1285.05,950822
2022-06-17,1286.9,1306.75,1276.6,1290.05,1023071
2022-06-20,1290.1,1321.5,1285.0,1316.0,668116
2022-06-21,1331.0,1340.0,1316.55,1334.1,579716
2022-06-22,1328.1,1331.0,1310.75,1324.9,504441
2022-06-23,1334.0,1341.8,1299.1,1316.05,826538
2022-06-24,1320.45,1340.0,1311.25,1323.25,758735
2022-06-27,1340.0,1355.3,1332.0,1349.3,1122967
2022-06-28,1344.0,1353.85,1326.7,1343.05,658414
2022-06-29,1330.4,1359.9,1318.8,1323.25,1549975
2022-06-30,1331.4,1337.35,1310.1,1320.75,1133582
2022-07-01,1320.0,1350.0,1305.3,1347.25,516506
2022-07-04,1340.0,1357.6,1331.6,1350.8,784026
2022-07-05,1355.0,1377.8,1345.4,1349.75,702050
2022-07-06,1359.15,1375.2,1345.6,1369.65,706238
2022-07-07,1382.0,1391.9,1368.05,1374.85,544343
2022-07-08,1382.2,1407.0,1382.2,1391.35,1075544
2022-07-11,1388.05,1411.0,1374.0,1406.0,758222
2022-07-13,1391.8,1406.2,1388.3,1399.15,468626
2022-07-14,1403.0,1408.0,1380.6,1391.8,379336
2022-07-15,1398.8,1407.0,1388.9,1398.2,287642
2022-07-18,1409.0,1431.1,1406.1,1428.3,603707
2022-07-19,1418.0,1445.95,1418.0,1442.2,761726
2022-07-20,1464.85,1464.95,1438.0,1441.65,807206
2022-07-21,1445.0,1467.8,1442.15,1464.6,777037
2022-07-22,1465.0,1530.0,1457.1,1521.35,1643539
2022-07-25,1521.35,1521.35,1481.9,1498.5,1200512
2022-07-26,1498.5,1517.45,1485.1,1514.85,878756
2022-07-27,1513.8,1561.8,1512.95,1546.85,1281982
2022-07-28,1556.0,1567.05,1538.05,1550.6,962267
2022-07-29,1556.45,1587.7,1555.1,1573.0,801509
2022-08-01,1576.4,1589.35,1560.05,1568.4,554356
2022-08-02,1560.05,1594.5,1552.0,1589.85,904056
2022-08-03,1592.1,1604.55,1567.6,1586.85,537627
2022-08-04,1599.85,1601.7,1561.2,1579.35,717708
2022-08-05,1587.25,1615.9,1582.1,1598.3,947343
2022-08-10,1595.1,1616.2,1586.5,1610.9,565399
2022-08-11,1620.0,1620.05,1593.0,1600.05,450192
2022-08-12,1608.1,1653.0,1590.0,1622.6,1796597
2022-08-16,1631.5,1634.85,1542.65,1591.55,1425869
2022-08-17,1600.0,1638.95,1596.05,1616.55,1048370
2022-08-18,1608.0,1621.6,1586.0,1613.75,1006971
2022-08-19,1619.95,1622.0,1594.1,1605.85,812320
2022-08-22,1599.0,1599.0,1553.75,1564.1,958753
2022-08-23,1558.0,1607.5,1546.95,1595.45,1871015
2022-08-24,1595.0,1617.15,1575.05,1612.25,904403
2022-08-25,1617.0,1647.4,1616.05,1624.85,868700
2022-08-26,1629.95,1687.45,1629.95,1675.25,1347528
2022-08-29,1634.0,1682.0,1614.1,1664.05,1003469
2022-08-30,1670.2,1692.0,1670.2,1678.65,826762
2022-09-01,1660.5,1706.45,1660.4,1685.0,1363522
2022-09-02,1685.4,1697.5,1670.05,1687.9,599035
2022-09-05,1692.95,1714.25,1680.0,1710.75,787306
2022-09-06,1704.0,1730.75,1704.0,1723.05,830524
2022-09-07,1710.0,1755.0,1710.0,1750.15,797671
2022-09-08,1757.3,1772.5,1750.05,1769.85,606324
2022-09-09,1772.5,1797.8,1742.25,1748.25,692961
2022-09-13,1771.0,1808.65,1771.0,1789.65,808960
2022-09-14,1764.0,1798.85,1764.0,1782.8,707736
2022-09-15,1786.0,1816.25,1776.9,1808.3,1073804
2022-09-16,1799.9,1806.0,1725.9,1744.6,1027697
2022-09-19,1740.0,1762.95,1726.6,1749.35,515331
2022-09-20,1760.0,1767.95,1731.2,1741.65,1019080
2022-09-21,1739.0,1749.3,1710.0,1719.85,1127505
2022-09-22,1719.85,1736.0,1696.8,1732.7,476080
2022-09-23,1733.0,1734.5,1690.0,1697.4,636418
2022-09-26,1677.05,1693.0,1652.5,1665.45,780954
2022-09-27,1665.0,1696.95,1643.95,1682.5,569269
2022-09-28,1665.0,1687.75,1654.3,1669.15,548119
2022-09-29,1677.5,1689.85,1651.3,1655.8,541780
2022-09-30,1683.0,1697.0,1653.95,1674.85,812035
2022-10-03,1671.0,1681.45,1628.05,1636.45,472998
2022-10-04,1667.8,1688.6,1651.4,1683.9,513621
2022-10-06,1692.35,1705.0,1675.0,1683.1,613655
2022-10-07,1675.0,1702.9,1655.0,1697.9,688616
2022-10-10,1682.0,1687.95,1657.2,1673.95,768330
2022-10-11,1681.2,1682.0,1637.2,1644.5,407835
2022-10-12,1652.0,1677.0,1631.3,1671.65,410530
2022-10-13,1670.2,1684.75,1640.0,1679.75,748089
2022-10-14,1699.0,1715.25,1687.8,1695.55,565937
2022-10-17,1690.0,1709.0,1675.25,1691.15,708434
2022-10-18,1699.65,1700.7,1680.3,1688.25,469877
2022-10-19,1691.0,1712.65,1677.5,1684.35,1078290
2022-10-20,1683.45,1694.75,1668.15,1688.95,428929
2022-10-21,1689.95,1714.95,1669.2,1677.05,469610
2022-10-25,1696.5,1729.0,1692.9,1714.7,705866
2022-10-27,1729.8,1740.5,1720.85,1724.45,566528
2022-10-28,1729.9,1738.0,1671.9,1684.2,442004
2022-10-31,1692.65,1730.0,1688.5,1721.7,591913
2022-11-01,1728.2,1770.0,1728.2,1761.3,859226
2022-11-02,1761.3,1782.95,1752.0,1760.05,679409
2022-11-03,1750.1,1771.95,1735.55,1745.65,369474
2022-11-04,1751.0,1772.0,1743.05,1765.1,444025
2022-11-07,1771.0,1795.1,1762.35,1775.2,769081
2022-11-09,1793.95,1793.95,1733.35,1745.5,614537
2022-11-10,1740.0,1740.1,1695.75,1704.55,611002
2022-11-11,1713.1,1738.9,1695.55,1708.45,1078818
2022-11-14,1711.0,1756.9,1707.25,1748.5,1565139
2022-11-16,1736.0,1749.95,1705.0,1727.5,900242
2022-11-17,1723.9,1723.9,1697.0,1710.65,635825
2022-11-18,1714.0,1723.45,1681.3,1708.85,750559
2022-11-21,1699.45,1708.0,1676.0,1682.4,415891
2022-11-22,1687.8,1716.85,1682.0,1699.7,789511
2022-11-23,1704.9,1713.65,1693.6,1702.55,513944
2022-11-24,1709.9,1733.7,1698.0,1723.45,857833
2022-11-25,1730.0,1739.0,1705.95,1735.15,581855
2022-11-28,1723.25,1743.95,1713.55,1716.95,408790
2022-11-29,1720.0,1732.0,1714.65,1719.15,492703
2022-11-30,1725.2,1768.6,1725.2,1759.75,1133250
2022-12-01,1770.0,1807.4,1760.0,1799.95,895030
2022-12-02,1796.8,1824.7,1786.0,1819.65,1352278
2022-12-05,1827.8,1837.0,1812.8,1816.15,833967
2022-12-06,1814.0,1830.0,1800.0,1826.05,628566
2022-12-07,1837.0,1839.5,1800.0,1808.2,654973
2022-12-08,1808.2,1825.3,1806.05,1812.45,333055
2022-12-09,1819.45,1835.55,1788.3,1799.9,521160
2022-12-12,1803.0,1819.2,1776.05,1815.3,455921
2022-12-13,1817.0,1825.0,1802.7,1810.8,450664
2022-12-14,1815.0,1833.95,1811.25,1821.85,533743
2022-12-15,1822.8,1825.3,1778.0,1786.9,317751
2022-12-16,1779.0,1790.1,1752.0,1756.35,709051
2022-12-19,1752.0,1769.9,1744.0,1765.8,311950
2022-12-20,1762.0,1763.95,1729.65,1758.95,441273
2022-12-21,1760.55,1772.4,1727.85,1732.9,409915
2022-12-22,1746.0,1755.75,1726.05,1744.85,419967
2022-12-23,1725.0,1745.9,1704.95,1709.1,357278
2022-12-26,1711.6,1741.0,1704.0,1729.05,384118
2022-12-27,1737.7,1748.8,1728.05,1739.4,235642
2022-12-28,1731.0,1768.1,1731.0,1752.55,361338
2022-12-29,1745.9,1760.0,1721.0,1752.75,382979
2022-12-30,1755.35,1771.45,1718.15,1723.5,295678
2023-01-03,1724.5,1742.3,1712.4,1717.05,546528
2023-01-04,1722.4,1728.0,1685.5,1690.3,434242
2023-01-05,1698.8,1707.85,1676.55,1698.3,485255
2023-01-06,1698.9,1699.65,1665.0,1680.6,584894
2023-01-09,1699.9,1699.9,1662.5,1673.6,653830
2023-01-10,1673.95,1684.7,1633.2,1651.0,592158
2023-01-11,1651.5,1658.85,1628.1,1635.05,643774
2023-01-13,1648.45,1671.45,1641.15,1655.1,635356
2023-01-16,1659.5,1668.4,1640.0,1648.5,359143
2023-01-17,1642.0,1666.0,1642.0,1660.7,512958
2023-01-18,1668.0,1686.8,1663.95,1676.5,714139
2023-01-19,1674.0,1693.0,1668.65,1676.9,621705
2023-01-20,1676.9,1687.45,1652.25,1655.35,315787
2023-01-23,1663.0,1667.8,1615.35,1631.3,672395
2023-01-24,1634.0,1637.95,1593.2,1603.2,449028
2023-01-25,1603.2,1610.95,1582.25,1593.75,501553
2023-01-27,1593.95,1602.5,1549.5,1578.45,911880
2023-01-30,1579.85,1606.35,1566.0,1598.6,465449
2023-01-31,1602.45,1621.0,1583.1,1590.2,1528204
2023-02-01,1593.0,1623.0,1566.05,1587.8,739030
2023-02-02,1575.0,1603.45,1562.7,1598.75,718483
2023-02-03,1600.0,1619.05,1575.85,1616.35,751430
2023-02-07,1619.6,1632.65,1607.35,1616.3,592717
2023-02-08,1616.95,1641.0,1615.75,1636.55,511886
2023-02-09,1636.55,1662.0,1627.65,1643.45,1018831
2023-02-10,1640.0,1642.35,1622.5,1635.3,331940
2023-02-13,1635.0,1643.2,1617.6,1622.3,241644
2023-02-14,1623.0,1627.75,1578.4,1604.7,1046887
2023-02-15,1604.7,1640.0,1598.15,1626.15,641985
2023-02-16,1632.2,1642.7,1616.95,1629.65,311183
2023-02-17,1625.1,1668.8,1621.95,1642.95,873623
2023-02-20,1644.0,1650.3,1622.15,1632.0,445964
2023-02-21,1635.0,1658.9,1625.2,1633.15,537330
2023-02-22,1634.25,1634.25,1570.6,1574.15,1052145
2023-02-23,1582.0,1588.5,1568.15,1580.35,483615
2023-02-24,1580.6,1594.5,1571.1,1575.2,389169
2023-02-27,1581.0,1584.95,1554.05,1571.6,395928
2023-02-28,1578.0,1584.45,1558.1,1578.55,739148
2023-03-01,1568.0,1598.0,1568.0,1593.65,286958
2023-03-02,1594.0,1602.0,1588.0,1598.5,284986
2023-03-03,1602.0,1611.95,1590.55,1596.25,608832
2023-03-06,1599.95,1611.0,1596.0,1598.55,329354
2023-03-08,1599.0,1609.0,1594.75,1601.1,433848
2023-03-09,1601.1,1608.75,1585.5,1601.25,301702
2023-03-10,1585.0,1606.75,1583.15,1595.9,456771
2023-03-13,1602.0,1618.15,1549.1,1562.05,801605
2023-03-14,1569.85,1569.85,1541.3,1561.2,505806
2023-03-15,1562.0,1579.45,1546.45,1550.6,549477
2023-03-16,1558.25,1566.7,1527.05,1560.45,581059
2023-03-17,1570.0,1592.35,1556.0,1585.25,695861
2023-03-20,1551.0,1599.0,1551.0,1592.8,528418
2023-03-21,1600.0,1609.0,1587.75,1606.2,568561
2023-03-22,1610.0,1616.0,1598.3,1612.9,295100
2023-03-23,1609.9,1620.0,1600.0,1605.95,312687
2023-03-24,1605.0,1608.45,1587.3,1594.3,373052
2023-03-27,1585.2,1647.95,1585.2,1630.95,627715
2023-03-28,1623.0,1641.7,1601.6,1611.1,580459
2023-03-29,1619.2,1637.85,1611.1,1631.7,575470
2023-03-31,1635.7,1651.65,1628.6,1632.7,780027
2023-04-03,1629.8,1641.6,1620.15,1627.95,763094
2023-04-05,1630.0,1664.55,1614.25,1659.25,1438018
2023-04-06,1664.15,1674.0,1650.3,1669.05,638863
2023-04-10,1674.95,1714.1,1670.05,1710.25,825710
2023-04-11,1709.8,1721.55,1695.6,1711.1,435839
2023-04-12,1715.5,1741.3,1711.5,1717.45,658775
2023-04-13,1717.0,1719.05,1691.3,1701.1,257830
2023-04-17,1689.05,1728.5,1689.05,1723.65,720398
2023-04-18,1729.95,1735.65,1698.55,1704.95,331404
2023-04-19,1709.55,1712.0,1680.95,1690.1,312026
2023-04-20,1698.3,1698.3,1680.0,1687.45,198674
2023-04-21,1685.75,1692.0,1656.65,1661.95,324860
2023-04-24,1662.0,1693.25,1655.7,1689.3,373266
2023-04-25,1686.2,1703.45,1684.2,1686.85,359687
2023-04-26,1686.85,1705.0,1673.1,1699.15,680706
2023-04-27,1695.0,1705.65,1682.15,1701.4,529288
2023-04-28,1705.0,1724.95,1695.0,1720.3,599262
2023-05-02,1720.3,1743.8,1715.55,1739.55,394867
2023-05-03,1725.0,1738.65,1723.05,1735.9,346767
2023-05-04,1729.3,1763.0,1720.1,1759.85,589168
2023-05-05,1751.75,1767.2,1746.0,1752.5,335545
2023-05-08,1753.75,1785.0,1752.2,1778.35,755978
2023-05-09,1781.0,1788.25,1757.55,1764.9,733053
2023-05-10,1764.9,1779.35,1751.3,1774.4,284667
2023-05-12,1773.0,1773.0,1751.1,1753.85,304133
2023-05-15,1754.0,1761.75,1730.2,1733.35,447150
2023-05-16,1735.65,1745.05,1722.85,1727.15,209055
2023-05-17,1729.3,1738.75,1703.65,1724.85,376204
2023-05-18,1729.3,1733.0,1696.75,1705.7,231750
2023-05-19,1710.0,1723.95,1685.0,1716.1,241696
2023-05-22,1713.1,1726.9,1704.9,1718.35,262819
2023-05-23,1717.0,1720.45,1688.0,1697.95,944523
2023-05-24,1695.0,1709.5,1681.0,1700.35,441145
2023-05-25,1694.95,1711.95,1691.0,1701.35,688926
2023-05-26,1701.9,1717.85,1667.0,1688.3,1938811
2023-05-29,1688.3,1715.35,1676.1,1713.3,667890
2023-05-30,1714.0,1732.45,1713.0,1725.15,454164
2023-05-31,1723.5,1733.5,1696.15,1718.35,1212477
2023-06-01,1715.0,1720.0,1700.0,1702.45,378694
2023-06-02,1708.05,1719.0,1700.0,1710.55,578853
2023-06-05,1719.0,1744.5,1712.0,1734.5,767386
2023-06-06,1739.9,1775.0,1737.45,1766.4,1028018
2023-06-07,1768.8,1772.4,1749.55,1769.05,754213
2023-06-08,1772.0,1776.15,1708.95,1711.95,743218
2023-06-09,1723.0,1737.8,1710.3,1715.75,486894
2023-06-12,1724.4,1735.2,1711.05,1731.4,247579
2023-06-13,1735.0,1747.0,1728.85,1737.95,354691
2023-06-14,1745.0,1784.8,1737.0,1779.35,811120
2023-06-15,1789.0,1799.9,1760.5,1772.5,962821
2023-06-16,1778.4,1789.75,1771.05,1780.75,965707
2023-06-19,1789.25,1794.55,1754.1,1761.3,539320
2023-06-20,1767.0,1772.75,1744.75,1769.1,461598
2023-06-21,1770.0,1780.0,1757.0,1777.9,331653
2023-06-22,1786.1,1790.0,1746.65,1750.3,410910
2023-06-23,1749.95,1749.95,1711.2,1716.1,342149
2023-06-26,1716.0,1731.05,1696.0,1726.8,385574
2023-06-27,1726.05,1736.5,1713.4,1733.15,337457
2023-06-28,1735.95,1754.7,1734.0,1743.1,1026615
2023-06-30,1745.0,1757.95,1730.75,1734.65,451355
2023-07-03,1750.0,1798.0,1736.1,1793.7,1082940
2023-07-04,1800.0,1805.0,1758.7,1769.55,668555
2023-07-05,1770.0,1784.3,1763.65,1777.9,399016
2023-07-06,1777.9,1783.8,1765.0,1768.05,359336
2023-07-07,1768.05,1770.7,1737.0,1743.3,552695
2023-07-10,1754.85,1759.25,1733.25,1743.0,452115
2023-07-11,1743.8,1773.95,1743.8,1767.7,576639
2023-07-12,1767.65,1784.4,1757.05,1777.85,788153
2023-07-13,1779.0,1783.9,1753.5,1759.8,334231
2023-07-14,1762.55,1768.95,1743.65,1753.2,407663
2023-07-17,1753.2,1795.0,1748.6,1793.05,919656
2023-07-18,1790.05,1799.0,1767.85,1775.05,745036
2023-07-19,1772.1,1788.55,1770.7,1784.2,434032
2023-07-20,1785.0,1823.1,1777.05,1819.45,853096
2023-07-21,1820.0,1824.95,1790.0,1804.6,779636
2023-07-24,1796.0,1842.8,1790.05,1813.05,779732
2023-07-25,1814.0,1842.8,1812.05,1829.05,470519
2023-07-26,1833.0,1849.0,1829.1,1839.1,462059
2023-07-27,1842.15,1848.75,1815.0,1822.5,538138
2023-07-28,1818.5,1834.9,1810.0,1823.8,491289
2023-07-31,1830.0,1854.7,1820.8,1849.45,597240
2023-08-01,1852.0,1855.0,1824.65,1837.7,510537
2023-08-02,1832.7,1839.9,1806.05,1821.0,647802
2023-08-03,1808.0,1834.6,1794.2,1830.55,661829
2023-08-04,1830.55,1845.95,1820.15,1825.45,324658
2023-08-07,1826.9,1864.95,1826.05,1855.6,966616
2023-08-08,1857.7,1868.4,1831.8,1844.45,480042
2023-08-09,1844.95,1849.95,1827.45,1845.65,527765
2023-08-10,1835.1,1855.0,1824.05,1830.3,700514
2023-08-11,1828.8,1840.0,1808.5,1827.55,746178
2023-08-14,1824.95,1835.0,1793.8,1811.75,528132
2023-08-16,1812.0,1820.0,1785.55,1816.9,397750
2023-08-17,1810.0,1812.45,1793.7,1800.85,495104
2023-08-18,1795.0,1800.85,1785.65,1790.95,439611
2023-08-21,1790.95,1813.0,1790.0,1808.4,266387
2023-08-22,1810.0,1825.0,1798.05,1805.8,364666
2023-08-23,1810.0,1815.0,1793.0,1797.65,416515
2023-08-24,1805.0,1813.45,1771.0,1778.05,921003
2023-08-25,1760.0,1782.65,1758.05,1776.25,656660
2023-08-28,1777.95,1790.0,1768.3,1784.65,770162
2023-08-29,1785.0,1806.95,1779.1,1801.8,640851
2023-08-30,1805.0,1824.9,1799.85,1806.65,473306
2023-08-31,1806.65,1819.0,1781.85,1790.95,1244802
2023-09-01,1790.0,1825.0,1787.9,1811.5,420245
2023-09-04,1815.05,1850.7,1815.0,1841.05,944090
2023-09-06,1855.0,1859.0,1817.0,1838.5,596020
2023-09-07,1832.0,1851.1,1825.55,1847.4,408187
2023-09-08,1847.4,1856.25,1840.1,1849.75,364113
2023-09-11,1849.75,1869.1,1845.8,1862.35,432130
2023-09-12,1865.0,1920.0,1836.0,1870.95,1850845
2023-09-13,1879.0,1946.5,1855.65,1933.0,2885260
2023-09-14,1943.0,1954.0,1918.55,1931.6,1221120
2023-09-15,1942.0,1987.95,1932.75,1972.85,1666149
2023-09-18,1980.0,1988.1,1953.0,1957.45,679771
2023-09-20,1957.45,1960.0,1930.0,1944.7,579726
2023-09-21,1932.1,1940.0,1896.1,1911.5,998239
2023-09-22,1906.7,1928.95,1889.3,1911.95,676037
2023-09-25,1911.95,1945.95,1901.9,1939.85,759914
2023-09-26,1944.95,1959.9,1936.25,1958.0,657206
2023-09-27,1966.85,1966.85,1923.05,1931.1,508577
2023-09-28,1930.0,1937.95,1896.6,1906.5,723860
2023-09-29,1909.7,1951.0,1909.65,1942.4,801073
2023-10-03,1928.1,1939.0,1906.65,1921.45,593677
2023-10-04,1906.0,1910.0,1877.05,1895.85,690407
2023-10-05,1897.1,1909.0,1881.0,1890.15,546881
2023-10-06,1890.1,1905.9,1890.0,1903.3,401355
2023-10-09,1890.05,1896.9,1875.1,1889.0,345924
2023-10-10,1892.95,1922.5,1886.5,1918.9,357318
2023-10-11,1935.95,1982.4,1923.6,1980.1,910743
2023-10-12,1990.9,2022.0,1966.85,2001.8,2100421
2023-10-13,1995.95,2000.7,1974.35,1982.6,306452
2023-10-16,1982.6,2000.0,1958.0,1973.7,665667
2023-10-17,2000.0,2020.15,1958.05,1974.45,1311374
2023-10-18,1970.1,1990.95,1951.0,1955.7,582943
2023-10-19,1952.05,1978.85,1927.8,1975.7,709987
2023-10-20,1972.4,1977.15,1939.35,1946.35,490027
2023-10-23,1939.2,1939.2,1885.0,1902.75,874725
2023-10-25,1901.1,1920.05,1868.95,1877.45,735409
2023-10-26,1867.1,1874.0,1839.55,1849.55,1136566
2023-10-30,1856.0,1882.3,1828.05,1878.8,512491
2023-10-31,1880.1,1891.95,1865.0,1886.7,290022
2023-11-01,1894.0,1897.0,1861.4,1868.55,347623
2023-11-02,1878.65,1900.95,1878.65,1897.75,320757
2023-11-03,1903.5,1915.0,1890.35,1896.2,233627
2023-11-06,1902.1,1936.55,1896.2,1918.7,291139
2023-11-08,1929.0,1943.0,1920.0,1933.85,425565
2023-11-09,1937.4,1944.55,1930.0,1935.0,288817
2023-11-10,1930.05,1947.8,1921.2,1943.0,192889
2023-11-13,1945.9,1945.9,1922.0,1928.85,213338
2023-11-15,1947.0,1964.3,1935.0,1943.95,968317
2023-11-16,1949.7,1954.85,1913.85,1942.6,950733
2023-11-17,1941.05,1983.6,1940.35,1970.55,846043
2023-11-20,1971.6,1978.15,1953.1,1972.3,286168
2023-11-21,1972.65,1988.0,1969.0,1977.45,316716
2023-11-22,1979.8,1984.9,1958.75,1974.1,313877
2023-11-23,1984.1,1984.1,1951.4,1956.9,435716
2023-11-24,1963.9,1969.45,1945.45,1949.4,168018
2023-11-28,1963.0,1987.0,1953.25,1975.9,696321
2023-11-29,1988.1,2009.0,1981.05,2003.25,820956
2023-11-30,2006.0,2031.0,1990.25,2005.45,1700309
2023-12-01,2019.95,2039.0,2008.0,2016.05,928511
2023-12-04,2075.0,2076.0,2028.45,2052.95,1051602
2023-12-05,2057.9,2078.0,2038.5,2072.35,559168
2023-12-06,2079.85,2085.0,2045.55,2057.75,359203
2023-12-07,2057.75,2089.0,2045.6,2081.75,423117
2023-12-08,2080.0,2099.3,2042.65,2070.05,592431
2023-12-11,2072.0,2088.25,2068.1,2084.05,253803
2023-12-12,2090.0,2129.0,2075.6,2080.75,771429
2023-12-13,2080.9,2092.95,2037.3,2083.95,802384
2023-12-14,2094.95,2111.95,2081.95,2103.9,604705
2023-12-15,2116.0,2132.75,2102.0,2127.7,724327
2023-12-18,2127.7,2127.7,2102.0,2109.75,312861
2023-12-19,2107.05,2137.8,2089.2,2118.25,316704
2023-12-20,2134.0,2135.6,2053.55,2063.55,676270
2023-12-21,2050.0,2090.85,2050.0,2085.6,443473
2023-12-22,2089.0,2096.6,2034.9,2046.2,1002033
2023-12-26,2051.0,2083.0,2049.0,2069.55,641259
2023-12-27,2078.95,2130.85,2071.6,2124.8,1133407
2023-12-28,2129.0,2148.25,2106.3,2139.95,1059776
2023-12-29,2140.3,2145.0,2115.0,2134.8,648794
2024-01-01,2145.0,2175.0,2112.0,2127.3,804466
2024-01-02,2129.9,2130.4,2088.0,2101.45,796768
2024-01-03,2090.0,2120.0,2066.1,2072.2,971170
2024-01-04,2090.0,2095.0,2059.4,2070.2,958697
2024-01-05,2098.0,2099.0,2053.55,2079.5,1084779
2024-01-08,2079.5,2083.7,2057.9,2067.7,557308
2024-01-09,2082.15,2092.75,2058.85,2064.05,1211997
2024-01-10,2058.8,2074.45,2040.85,2068.55,325322
2024-01-11,2069.95,2096.3,2051.0,2083.7,887806
2024-01-12,2083.0,2120.9,2075.0,2111.55,485644
2024-01-15,2111.75,2122.95,2093.7,2101.0,202260
2024-01-16,2092.55,2119.8,2090.1,2115.2,457403
2024-01-17,2112.6,2115.2,2056.0,2067.85,733818
2024-01-18,2067.0,2069.0,2036.2,2053.65,877519
2024-01-19,2056.45,2094.0,2052.35,2081.2,456698
2024-01-20,2095.0,2099.9,2070.0,2081.2,131682
2024-01-23,2078.1,2086.4,2032.5,2049.6,938057
2024-01-24,2069.0,2080.75,2016.55,2071.3,604130
2024-01-25,2079.95,2087.35,2052.15,2076.5,467209
2024-01-29,2080.0,2125.0,2077.75,2104.5,795647
2024-01-30,2115.0,2139.0,2106.0,2126.15,852171
2024-01-31,2126.5,2182.05,2115.45,2175.0,910709
2024-02-01,2175.0,2178.9,2111.45,2128.6,638710
2024-02-02,2147.95,2169.9,2130.5,2139.45,330557
2024-02-05,2130.1,2147.3,2081.0,2089.75,949717
2024-02-06,2082.0,2097.95,2061.0,2066.0,581483
2024-02-07,2079.0,2120.0,2063.0,2111.5,1133609
2024-02-08,2123.0,2125.0,2048.0,2057.3,1387156
2024-02-09,2057.25,2182.0,2046.9,2168.5,2010089
2024-02-12,2175.0,2199.0,2138.1,2147.35,1229133
2024-02-13,2173.9,2173.9,2053.95,2064.15,985312
2024-02-14,2054.0,2085.0,2027.5,2079.8,605147
2024-02-15,2085.7,2103.65,2072.8,2084.8,506068
2024-02-16,2091.4,2119.0,2086.85,2105.65,403756
2024-02-19,2107.45,2190.0,2102.2,2168.6,1167037
2024-02-20,2169.0,2222.0,2161.1,2192.25,1710394
2024-02-21,2200.0,2222.0,2180.05,2194.0,765529
2024-02-22,2234.0,2244.0,2113.2,2201.2,3428899
2024-02-23,2234.0,2236.7,2182.6,2194.4,1646510
2024-02-26,2204.1,2211.3,2174.8,2186.9,905237
2024-02-27,2190.2,2214.0,2190.2,2204.8,674507
2024-02-28,2202.0,2218.9,2173.25,2186.0,1197381
2024-02-29,2186.0,2206.0,2157.8,2191.4,1499473
2024-03-01,2209.0,2259.4,2196.75,2254.9,826009
2024-03-04,2245.0,2260.0,2226.3,2234.15,423656
2024-03-05,2230.1,2251.9,2220.45,2231.5,401260
2024-03-06,2237.9,2252.95,2196.6,2236.5,678808
2024-03-07,2239.0,2250.35,2208.0,2228.1,519779
2024-03-11,2230.0,2270.55,2225.5,2236.8,599546
2024-03-12,2236.0,2246.95,2172.85,2184.0,891725
2024-03-13,2194.0,2203.05,2137.3,2149.1,881145
2024-03-14,2149.9,2204.9,2128.6,2196.5,1097271
2024-03-15,2185.1,2208.9,2165.05,2197.1,2630480
2024-03-18,2181.0,2214.0,2170.0,2203.1,508214
2024-03-19,2199.0,2206.1,2163.85,2173.8,660181
2024-03-20,2175.5,2196.15,2131.0,2167.5,655682
2024-03-21,2188.0,2211.3,2175.3,2205.55,880687
2024-03-22,2200.0,2234.0,2194.45,2223.55,551648
2024-03-27,2240.0,2251.95,2198.7,2207.35,1033992
2024-03-28,2210.0,2309.2,2210.0,2287.3,1786120
2024-04-01,2300.0,2319.2,2289.05,2292.55,288891
2024-04-02,2297.0,2316.0,2275.0,2306.3,446163
2024-04-03,2303.6,2316.15,2288.05,2305.45,303529
2024-04-04,2309.5,2323.75,2249.5,2277.85,814966
2024-04-05,2275.05,2277.1,2233.5,2237.55,454995
2024-04-08,2247.0,2288.45,2235.0,2280.8,278448
2024-04-09,2296.95,2312.35,2281.95,2301.3,388155
2024-04-10,2309.95,2314.9,2291.55,2306.35,513499
2024-04-12,2297.0,2307.0,2249.3,2254.05,635489
2024-04-15,2239.0,2253.4,2224.8,2237.4,415064
2024-04-16,2229.0,2249.25,2221.1,2242.95,558075
2024-04-18,2245.05,2300.85,2219.45,2226.05,987066
2024-04-19,2220.0,2290.75,2201.35,2273.15,1061064
2024-04-22,2275.0,2286.85,2266.05,2280.55,445671
2024-04-23,2278.45,2376.0,2278.4,2370.15,1823447
2024-04-24,2378.0,2384.3,2333.0,2337.75,1021874
2024-04-25,2349.0,2376.05,2334.2,2367.45,1621547
2024-04-26,2366.95,2379.3,2330.05,2342.45,405679
2024-04-29,2355.0,2392.8,2309.6,2386.6,616995
2024-04-30,2405.0,2438.45,2374.1,2411.65,1041175
2024-05-02,2410.0,2452.0,2401.05,2437.35,1466226
2024-05-03,2442.0,2487.0,2438.8,2481.35,1192695
2024-05-06,2489.0,2489.75,2441.2,2453.3,606833
2024-05-07,2460.0,2468.7,2403.1,2421.0,438590
2024-05-08,2404.0,2424.15,2370.9,2377.35,462790
2024-05-09,2375.45,2393.4,2345.05,2353.7,557056
2024-05-10,2359.95,2382.7,2322.0,2377.15,890719
2024-05-13,2377.9,2393.0,2347.05,2385.2,511264
2024-05-14,2383.45,2396.85,2362.1,2372.05,421260
2024-05-15,2386.95,2403.95,2366.2,2369.7,404095
2024-05-16,2382.0,2386.0,2310.2,2372.6,1181205
2024-05-17,2374.0,2433.65,2374.0,2423.65,1184234
2024-05-18,2444.0,2448.5,2424.35,2434.35,47519
2024-05-21,2430.1,2449.95,2406.4,2446.65,555489
2024-05-22,2455.95,2463.05,2418.3,2436.65,722345
2024-05-23,2442.0,2461.9,2395.65,2453.8,1091448
2024-05-24,2449.75,2474.8,2431.6,2441.0,483000
2024-05-27,2441.05,2455.7,2385.95,2390.65,888793
2024-05-28,2398.9,2469.95,2392.7,2440.35,874384
2024-05-29,2440.0,2460.0,2393.25,2400.6,1084966
2024-05-30,2404.0,2406.6,2328.0,2345.2,826458
2024-05-31,2342.95,2362.0,2295.95,2316.25,1644820
2024-06-03,2400.0,2405.2,2362.3,2368.8,807692
2024-06-04,2336.05,2365.2,2171.6,2256.4,1543389
2024-06-05,2258.4,2313.75,2182.15,2304.85,1996915
2024-06-06,2306.05,2353.0,2293.1,2334.75,834320
2024-06-07,2311.2,2383.45,2311.2,2379.85,471524
2024-06-10,2381.1,2472.0,2375.3,2446.8,980297
2024-06-11,2449.9,2482.0,2426.35,2456.9,531924
2024-06-12,2430.0,2476.85,2430.0,2450.15,463980
2024-06-13,2441.05,2475.55,2430.0,2458.05,512510
2024-06-14,2458.05,2523.7,2450.0,2471.2,1542911
2024-06-18,2471.0,2487.45,2445.0,2457.55,467553
2024-06-19,2458.0,2460.85,2412.0,2447.15,668976
2024-06-20,2447.1,2504.0,2432.5,2498.8,1008266
2024-06-21,2499.0,2515.6,2450.6,2466.15,2867672
2024-06-24,2463.9,2521.75,2443.1,2515.1,724085
2024-06-25,2520.0,2529.85,2495.0,2516.95,792404
2024-06-26,2518.8,2564.0,2509.05,2552.25,1387150
2024-06-27,2554.9,2654.65,2552.25,2637.6,4849907
2024-06-28,2635.95,2678.95,2587.2,2670.45,1495266
2024-07-01,2666.2,2743.9,2662.05,2726.4,1098168
2024-07-02,2717.0,2762.7,2717.0,2742.95,942834
2024-07-03,2750.75,2761.4,2730.65,2742.35,537119
2024-07-04,2748.0,2752.75,2717.05,2734.85,446631
2024-07-05,2730.0,2755.7,2720.4,2748.0,372709
2024-07-08,2751.7,2754.95,2713.85,2742.15,333988
2024-07-09,2735.1,2785.95,2718.9,2761.8,451862
2024-07-10,2781.0,2812.25,2741.0,2802.15,1128000
2024-07-11,2825.0,2837.0,2791.25,2801.6,1679101
2024-07-12,2807.0,2850.0,2801.6,2843.75,1457604
2024-07-15,2850.0,2852.95,2786.0,2803.75,1333353
2024-07-16,2818.0,2844.75,2810.3,2827.35,756629
2024-07-18,2810.0,2845.8,2777.0,2791.8,1181529
2024-07-19,2786.0,2789.95,2734.5,2743.0,424329
2024-07-22,2702.0,2822.0,2702.0,2811.55,1248824
2024-07-23,2811.0,2850.95,2774.05,2823.05,1046046
2024-07-24,2830.0,2830.0,2775.0,2806.9,2880833
2024-07-25,2805.0,2825.0,2771.55,2797.55,550900
2024-07-26,2824.95,2877.75,2808.5,2843.3,701236
2024-07-29,2859.9,2865.0,2820.0,2828.2,501949
2024-07-30,2828.2,2830.0,2782.85,2790.9,721728
2024-07-31,2790.9,2798.75,2761.55,2776.75,662086
2024-08-01,2781.95,2788.65,2753.6,2767.0,383675
2024-08-02,2749.5,2757.1,2701.0,2706.8,401105
2024-08-05,2655.15,2678.95,2587.75,2612.25,1049292
2024-08-06,2627.0,2679.4,2610.0,2620.5,813893
2024-08-07,2650.0,2659.4,2632.25,2637.05,551368
2024-08-08,2623.25,2633.8,2531.1,2544.65,1199236
2024-08-09,2556.1,2638.95,2540.05,2572.75,2677777
2024-08-12,2570.0,2621.0,2555.05,2571.1,1827230
2024-08-13,2572.0,2579.4,2512.15,2519.25,784848
2024-08-14,2524.0,2534.5,2505.05,2512.4,286936
2024-08-16,2512.4,2608.0,2512.4,2600.35,725887
2024-08-19,2619.8,2635.15,2557.05,2598.4,682028
2024-08-20,2608.0,2648.9,2589.05,2636.7,685479
2024-08-21,2640.05,2692.05,2625.15,2684.85,857604
2024-08-22,2694.45,2772.95,2691.05,2755.15,2065301
2024-08-23,2771.4,2780.9,2706.95,2748.55,1101735
2024-08-26,2752.0,2763.2,2712.8,2736.6,597542
2024-08-27,2741.45,2747.95,2697.05,2699.9,1450595
2024-08-28,2698.5,2722.55,2683.0,2715.55,981745
2024-08-29,2714.9,2719.0,2640.05,2676.2,941802
2024-08-30,2676.2,2708.9,2676.2,2698.85,994826
2024-09-02,2706.75,2729.65,2675.55,2690.8,720118
2024-09-03,2680.1,2710.0,2680.1,2706.85,522391
2024-09-04,2695.0,2763.95,2687.25,2757.65,1119041
2024-09-05,2774.0,2774.0,2735.3,2741.6,472385
2024-09-06,2740.0,2744.6,2674.05,2692.85,555331
2024-09-09,2689.95,2715.4,2673.9,2710.35,267477
2024-09-10,2700.0,2715.15,2677.0,2702.55,431289
2024-09-11,2710.0,2729.5,2674.1,2681.15,347845
2024-09-12,2690.6,2765.0,2678.75,2757.1,939815
2024-09-13,2760.1,2799.0,2748.2,2784.35,634726
2024-09-17,2769.0,2777.3,2730.0,2754.85,253234
2024-09-18,2754.85,2777.0,2715.0,2722.7,332947
2024-09-19,2743.0,2775.0,2722.3,2738.95,452713
2024-09-20,2745.0,2755.7,2664.2,2678.25,2755774
2024-09-23,2705.0,2705.0,2665.0,2666.9,678018
2024-09-24,2676.35,2695.0,2610.0,2619.3,1457923
2024-09-25,2619.3,2666.0,2583.95,2662.0,883336
2024-09-26,2674.0,2750.0,2656.2,2745.85,1117471
2024-09-27,2745.85,2807.0,2745.85,2783.15,1416974
2024-09-30,2784.0,2824.0,2765.0,2795.55,890000
2024-10-01,2794.05,2813.65,2755.0,2801.15,442630
2024-10-03,2789.0,2833.0,2752.1,2766.15,972732
2024-10-04,2766.15,2788.8,2731.0,2745.1,708378
2024-10-07,2760.0,2769.95,2700.0,2720.5,689611
2024-10-08,2715.25,2745.15,2705.2,2738.2,553985
2024-10-09,2754.0,2754.0,2710.0,2715.75,600020
2024-10-10,2717.95,2739.45,2711.1,2722.45,387246
2024-10-11,2722.45,2731.7,2685.5,2725.55,209760
2024-10-14,2737.55,2737.55,2702.3,2726.9,232099
2024-10-15,2725.0,2747.95,2700.7,2735.8,491010
2024-10-16,2725.1,2784.0,2725.0,2764.1,756373
2024-10-17,2784.0,2789.8,2686.05,2705.85,529505
2024-10-18,2700.0,2766.0,2674.65,2760.95,345996
2024-10-21,2760.0,2765.4,2712.0,2718.25,322456
2024-10-22,2718.1,2746.15,2646.35,2655.35,377094
2024-10-23,2650.0,2676.7,2625.95,2633.2,944905
2024-10-24,2644.9,2695.95,2616.1,2666.7,844303
2024-10-25,2665.1,2675.05,2600.0,2615.2,656546
2024-10-28,2600.0,2665.95,2594.3,2646.95,763794
2024-10-29,2660.0,2690.0,2650.0,2686.0,611947
2024-10-30,2691.65,2708.6,2666.05,2672.55,469403
2024-10-31,2675.0,2704.0,2644.45,2695.85,321800
2024-11-04,2696.65,2700.0,2578.05,2590.6,477329
2024-11-05,2590.6,2661.4,2587.6,2650.95,896947
2024-11-06,2650.95,2667.55,2619.55,2645.95,455842
2024-11-07,2631.15,2662.95,2551.75,2562.7,481689
2024-11-08,2565.0,2581.7,2540.0,2544.85,558297
2024-11-11,2528.05,2553.85,2506.05,2519.5,354984
2024-11-12,2523.25,2546.25,2510.0,2521.2,520250
2024-11-13,2521.2,2534.65,2472.05,2502.9,1449201
2024-11-14,2502.9,2539.0,2490.05,2523.95,581846
2024-11-19,2517.15,2552.0,2500.0,2508.15,424096
2024-11-21,2491.1,2555.65,2480.15,2534.85,686930
2024-11-22,2540.4,2609.9,2534.85,2598.65,828921
2024-11-25,2615.0,2654.0,2600.35,2629.8,967944
2024-11-26,2629.8,2639.7,2602.45,2617.2,256368
2024-11-27,2619.8,2649.45,2595.0,2621.9,348482
2024-11-28,2622.0,2635.95,2554.05,2570.45,1057792
2024-11-29,2565.0,2630.45,2559.0,2606.25,650252
2024-12-02,2605.85,2709.0,2591.75,2693.55,1103892
2024-12-03,2693.05,2728.95,2683.0,2714.0,522667
2024-12-04,2708.3,2724.45,2695.1,2717.3,572817
2024-12-05,2733.0,2733.75,2669.4,2706.8,714805
2024-12-06,2714.9,2720.0,2693.35,2701.9,342192
2024-12-09,2701.9,2714.05,2669.0,2681.4,387874
2024-12-10,2702.9,2708.0,2641.1,2655.3,637387
2024-12-11,2666.0,2699.9,2661.1,2670.75,319450
2024-12-12,2683.0,2683.0,2639.0,2660.05,376376
2024-12-13,2641.0,2700.0,2620.5,2692.7,412267
2024-12-16,2680.1,2718.0,2672.25,2685.15,329525
2024-12-17,2685.0,2685.0,2595.35,2599.7,887083
2024-12-18,2607.0,2617.9,2576.25,2594.15,369646
2024-12-19,2570.0,2594.0,2527.25,2539.05,510040
2024-12-20,2530.0,2563.2,2479.75,2488.7,734974
2024-12-23,2495.7,2553.7,2495.0,2526.2,347378
2024-12-24,2515.0,2542.4,2495.0,2501.85,364336
2024-12-26,2500.25,2518.25,2472.5,2482.05,559646
2024-12-27,2482.05,2520.6,2474.9,2480.3,428996
2024-12-30,2489.0,2490.0,2436.0,2443.5,763318
2024-12-31,2430.0,2447.0,2413.1,2442.7,530535
2025-01-02,2445.0,2559.5,2445.0,2543.95,970593
2025-01-03,2541.2,2553.9,2501.1,2510.0,595091
2025-01-06,2517.0,2527.95,2445.75,2460.55,393162
2025-01-07,2460.6,2497.0,2456.6,2467.25,495162
2025-01-08,2468.85,2476.35,2433.15,2435.75,543301
2025-01-09,2435.05,2438.8,2396.4,2410.4,766796
2025-01-10,2400.0,2424.9,2352.2,2364.1,413994
2025-01-13,2329.95,2348.2,2276.95,2288.15,422845
2025-01-14,2308.0,2330.45,2294.15,2310.6,865382
2025-01-15,2326.9,2349.75,2296.75,2317.55,583299
2025-01-16,2330.0,2359.75,2313.15,2350.7,1395232
2025-01-17,2363.1,2387.25,2348.65,2375.85,443089
2025-01-20,2380.05,2410.65,2373.0,2402.0,681711
2025-01-22,2380.95,2396.45,2370.3,2388.15,336546
2025-01-23,2388.0,2475.75,2365.4,2461.15,596720
2025-01-24,2466.35,2514.05,2453.45,2490.75,1510105
2025-01-27,2475.5,2484.4,2430.4,2458.05,458264
2025-01-28,2458.0,2459.95,2399.8,2411.3,740041
2025-01-29,2403.0,2464.0,2397.0,2453.65,200039
2025-01-30,2458.7,2508.55,2446.5,2491.7,397046
2025-01-31,2491.7,2518.3,2475.8,2508.85,431982
2025-02-03,2418.0,2479.75,2418.0,2473.65,427217
2025-02-04,2465.0,2491.8,2446.5,2484.7,337002
2025-02-05,2499.0,2499.9,2474.3,2490.0,464164
2025-02-06,2499.0,2508.3,2475.9,2499.0,595946
2025-02-07,2504.0,2522.75,2466.45,2487.6,738201
2025-02-10,2485.0,2491.0,2438.1,2473.25,717668
2025-02-11,2460.0,2542.0,2456.05,2491.45,1710410
2025-02-12,2479.0,2498.9,2433.75,2484.95,454023
2025-02-13,2481.0,2532.95,2474.15,2490.1,708830
2025-02-14,2499.0,2507.75,2405.5,2431.3,677910
2025-02-17,2431.3,2471.15,2405.55,2463.85,646841
2025-02-18,2480.0,2482.95,2412.8,2463.2,596040
2025-02-19,2448.0,2481.5,2446.3,2463.2,289053
2025-02-20,2451.0,2477.95,2443.25,2453.7,427274
2025-02-21,2440.0,2453.35,2401.05,2431.05,504415
2025-02-24,2412.0,2420.0,2381.0,2393.7,543080
2025-02-25,2392.0,2403.5,2367.1,2379.3,497013
2025-02-27,2373.0,2379.3,2317.1,2339.95,1045684
2025-02-28,2347.15,2361.75,2301.65,2306.65,1153007
2025-03-03,2328.5,2382.9,2317.9,2377.45,790068
2025-03-04,2356.0,2404.2,2351.6,2394.65,521061
2025-03-05,2404.0,2408.95,2376.35,2391.65,755361
2025-03-06,2401.65,2415.0,2353.5,2393.65,754593
2025-03-07,2380.0,2415.0,2380.0,2407.25,317388
2025-03-11,2372.0,2425.0,2363.95,2413.55,445250
2025-03-12,2413.55,2438.9,2367.6,2398.9,561893
2025-03-13,2402.0,2411.8,2363.3,2370.2,479648
2025-03-17,2381.75,2404.5,2370.85,2399.35,646728
2025-03-18,2402.35,2428.0,2397.0,2421.65,423611
2025-03-19,2426.0,2464.6,2426.0,2458.2,415476
2025-03-20,2464.8,2477.2,2448.1,2468.15,317002
2025-03-21,2479.9,2514.75,2459.45,2469.4,1372022
2025-03-24,2478.65,2544.0,2475.0,2513.2,594207
2025-03-25,2529.75,2595.9,2520.0,2569.45,993289
2025-03-26,2582.95,2602.9,2560.0,2581.6,555486
2025-03-27,2584.0,2628.95,2575.0,2618.7,1246219
2025-03-28,2614.95,2637.65,2599.35,2611.15,435022
2025-04-01,2611.4,2632.0,2596.2,2619.0,317974
2025-04-02,2619.0,2633.4,2601.05,2616.5,413523
2025-04-03,2595.1,2664.0,2595.1,2651.9,298330
2025-04-04,2635.1,2651.9,2610.1,2616.9,290533
2025-04-07,2550.0,2560.0,2465.5,2509.1,974267
2025-04-08,2550.0,2600.0,2534.15,2590.05,1296141
2025-04-09,2562.5,2586.75,2529.45,2557.75,494024
2025-04-11,2650.0,2660.0,2612.8,2651.25,669041
2025-04-15,2675.0,2726.2,2670.0,2718.6,815058
2025-04-16,2690.0,2722.0,2682.2,2702.8,462016
2025-04-17,2701.0,2772.0,2686.9,2760.7,1061496
2025-04-21,2755.0,2787.3,2735.0,2756.9,322964
2025-04-22,2750.3,2772.1,2737.7,2749.4,211167
2025-04-23,2750.1,2763.9,2675.1,2685.6,603774
2025-04-24,2690.0,2736.3,2673.0,2729.2,562050
2025-04-25,2726.0,2739.9,2675.2,2734.8,649356
2025-04-28,2735.0,2773.7,2723.3,2753.4,416635
2025-04-29,2753.1,2755.6,2719.0,2745.7,890929
2025-04-30,2735.0,2750.9,2718.9,2737.5,662477
2025-05-02,2725.6,2771.8,2695.8,2718.3,1007903
2025-05-05,2730.0,2773.0,2718.3,2755.1,661587
2025-06-20,2683.0,2732.9,2683.0,2712.6,1232377
2025-06-23,2700.0,2737.5,2678.1,2723.7,728851
2025-06-24,2746.0,2801.8,2737.3,2780.9,1562447
2025-06-25,2791.9,2843.0,2786.5,2831.8,948185
2025-06-26,2840.0,2894.9,2832.0,2883.3,1392932
2025-06-27,2896.0,2896.0,2844.4,2861.1,678859
2025-06-30,2863.3,2890.0,2836.7,2844.5,447868
2025-07-01,2842.5,2870.0,2842.5,2848.1,535639
2025-07-02,2870.0,2878.9,2835.0,2849.8,917118
2025-07-03,2848.4,2849.9,2810.8,2817.6,393434
2025-07-04,2817.6,2820.0,2785.7,2805.9,286779
2025-07-07,2810.0,2819.9,2775.0,2779.1,278677
2025-07-08,2780.0,2841.3,2778.2,2820.8,846061
2025-07-09,2813.0,2830.0,2793.6,2797.9,659109
2025-07-10,2797.9,2809.8,2769.0,2775.1,780215
2025-07-11,2775.1,2807.5,2756.4,2762.0,476850
2025-07-14,2774.0,2809.0,2755.1,2784.4,2913912
2025-07-15,2789.0,2812.1,2762.8,2778.6,450965
2025-07-16,2784.0,2784.0,2758.0,2762.4,372782
2025-07-17,2762.0,2777.7,2742.3,2766.3,720281
2025-07-18,2771.0,2774.0,2716.5,2728.5,797380
2025-07-21,2728.0,2751.5,2713.2,2741.9,616378
2025-07-22,2752.9,2759.0,2717.5,2722.7,664321
2025-07-23,2735.6,2736.0,2701.5,2709.1,373864
2025-07-24,2709.1,2743.3,2667.3,2735.9,997645
2025-07-25,2735.0,2735.9,2694.2,2708.6,360857
2025-07-28,2704.1,2754.5,2697.0,2727.2,547126
2025-07-29,2727.2,2750.0,2705.0,2743.0,743512
2025-07-30,2740.0,2794.0,2733.1,2758.6,772901
2025-07-31,2735.0,2771.8,2727.7,2746.4,581498
2025-08-01,2748.0,2766.5,2716.0,2722.2,329586
2025-08-04,2730.0,2792.3,2720.8,2787.8,570201
2025-08-05,2799.0,2824.9,2784.7,2797.2,782631
2025-08-07,2764.0,2772.7,2718.8,2743.7,591589
2025-08-08,2743.7,2748.9,2672.6,2691.6,1162918
2025-08-11,2726.0,2795.0,2720.0,2758.9,1236332
2025-08-12,2757.0,2761.9,2705.1,2740.4,553341
2025-08-13,2760.0,2766.0,2725.5,2745.9,479944
2025-08-14,2745.9,2770.0,2731.1,2764.9,618912
2025-08-18,2795.0,2865.4,2776.5,2845.9,1279195
2025-08-19,2845.9,2854.0,2803.2,2828.3,372899
2025-08-20,2828.3,2883.6,2807.4,2864.9,930944
2025-08-21,2880.0,2898.4,2855.0,2881.2,1138327
2025-08-22,2881.1,2881.1,2801.4,2813.8,671902
2025-08-25,2825.7,2832.7,2791.6,2811.4,591824
2025-08-26,2803.6,2818.5,2780.4,2796.2,425619
2025-08-28,2775.0,2806.0,2772.2,2784.3,528080
2025-08-29,2784.3,2797.8,2762.7,2775.6,542362
2025-09-01,2778.0,2816.8,2773.4,2803.9,499161
2025-09-02,2815.0,2820.0,2773.7,2779.8,468533
2025-09-03,2789.0,2809.2,2770.5,2781.4,500510
2025-09-04,2801.0,2865.2,2801.0,2809.8,1177036
2025-09-05,2810.0,2837.5,2786.1,2804.0,495200
2025-09-08,2795.1,2823.9,2795.1,2804.1,229922
2025-09-09,2804.1,2823.7,2786.5,2795.9,388718
2025-09-10,2795.9,2818.0,2775.6,2785.8,421783
2025-09-11,2782.4,2806.4,2771.0,2799.0,217951
2025-09-12,2799.0,2818.0,2789.1,2802.0,168095
2025-09-15,2795.0,2819.8,2785.0,2802.4,291664
2025-09-16,2811.9,2848.5,2804.0,2843.0,546549
2025-09-17,2855.0,2881.0,2850.0,2865.4,785107
2025-09-18,2878.0,2883.0,2852.0,2878.8,513800
2025-09-19,2876.1,2891.3,2848.3,2877.9,790137
2025-09-22,2860.0,2911.0,2848.8,2854.1,751168
2025-09-23,2858.9,2873.8,2808.1,2813.5,702680
2025-09-24,2813.5,2838.7,2797.9,2807.4,316532
2025-09-25,2810.0,2833.2,2771.2,2778.6,723479
2025-09-26,2775.0,2810.0,2736.2,2746.8,523045
2025-09-29,2740.1,2765.7,2700.5,2746.9,541455
2025-09-30,2747.0,2769.0,2746.1,2756.9,440278
2025-10-01,2767.9,2796.2,2732.0,2789.7,353196
2025-10-03,2800.0,2806.8,2766.0,2791.4,708063
2025-10-06,2765.1,2814.1,2765.1,2807.4,298274
2025-10-07,2800.0,2825.0,2790.3,2808.0,245369
2025-10-08,2819.0,2823.4,2764.7,2778.2,339604
2025-10-09,2781.4,2817.3,2778.2,2810.6,404859
2025-10-10,2810.6,2832.8,2788.3,2811.0,582587
2025-10-13,2791.1,2812.0,2778.5,2798.0,280622
2025-10-14,2798.0,2808.0,2757.9,2775.8,316183
2025-10-15,2780.0,2824.9,2774.2,2816.8,459912
2025-10-16,2825.7,2875.0,2817.1,2859.8,517682
2025-10-17,2862.0,2886.0,2826.3,2836.2,334522
2025-10-20,2849.0,2874.0,2838.0,2854.0,374581
2025-10-21,2875.9,2875.9,2861.5,2870.7,48792
2025-10-23,2884.0,2914.5,2856.0,2864.6,511585
2025-10-24,2864.6,2877.0,2823.0,2841.3,456226
2025-10-27,2859.0,2934.0,2847.6,2923.9,764132
2025-10-28,2932.7,2959.6,2914.1,2932.9,1056504
2025-10-29,2945.9,2977.8,2940.0,2958.7,711559
2025-10-30,2960.0,2965.9,2922.6,2950.4,446894
2025-10-31,2950.4,2954.4,2880.0,2891.7,576935
2025-11-03,2896.0,2919.9,2872.5,2899.9,297012
2025-11-04,2908.9,2909.9,2872.0,2882.0,229856
2025-11-06,2797.1,2800.0,2692.0,2700.1,1986853
2025-11-07,2700.0,2738.0,2675.7,2724.6,1101889
2025-11-10,2738.0,2789.0,2728.7,2762.9,489522
2025-11-11,2775.0,2780.1,2737.5,2775.8,399693
2025-11-12,2788.4,2793.7,2755.0,2767.4,531304
2025-11-13,2766.6,2785.0,2746.2,2777.8,687031
2025-11-14,2777.2,2790.0,2761.0,2783.4,510972
2025-11-17,2790.0,2799.0,2771.1,2790.3,459047
2025-11-18,2788.0,2790.3,2750.0,2762.0,437943
2025-11-19,2770.0,2774.0,2739.1,2744.7,468941
2025-11-20,2760.0,2764.3,2745.0,2748.6,519341
2025-11-21,2750.0,2756.9,2723.0,2734.8,471626
2025-11-24,2734.9,2740.3,2679.4,2688.7,917195
2025-11-25,2688.1,2712.0,2680.0,2686.8,558631
2025-11-26,2686.8,2746.6,2686.8,2744.0,444974
2025-11-27,2748.0,2748.5,2712.0,2740.0,399328
2025-11-28,2747.2,2748.0,2727.5,2739.4,297155
2025-12-01,2750.0,2753.1,2700.0,2731.5,288096
2025-12-02,2717.1,2741.1,2717.1,2735.0,388195
2025-12-03,2744.0,2744.0,2707.2,2720.3,435124
2025-12-04,2720.3,2742.5,2710.0,2730.4,276879
2025-12-05,2730.5,2750.4,2716.9,2747.0,173909
2025-12-08,2747.0,2769.9,2730.0,2744.2,715725
2025-12-09,2740.0,2779.6,2726.5,2746.0,419760
2025-12-10,2770.9,2779.8,2740.9,2746.8,344470
2025-12-11,2757.0,2802.7,2742.7,2797.8,453706
2025-12-12,2814.0,2845.2,2796.6,2836.7,927504
2025-12-15,2836.7,2849.9,2817.0,2821.0,736238
2025-12-16,2822.0,2832.7,2786.2,2799.1,545921
2025-12-17,2785.2,2814.9,2780.0,2806.6,420053
2025-12-18,2810.0,2820.0,2786.9,2807.6,252763
2025-12-19,2800.0,2831.1,2790.1,2812.5,546550
2025-12-22,2812.7,2858.0,2798.1,2809.7,796031
2025-12-23,2811.0,2842.7,2811.0,2829.8,399009
2025-12-24,2830.8,2862.9,2820.0,2826.9,444617
2025-12-26,2828.0,2840.4,2809.3,2817.7,506240
2025-12-29,2821.0,2850.0,2812.5,2842.4,607462
2025-12-30,2847.0,2857.1,2827.2,2841.7,729640
2025-12-31,2844.5,2864.0,2803.5,2829.0,327956
2026-01-01,2833.0,2854.9,2822.3,2851.7,449775
2026-01-02,2856.9,2882.0,2845.1,2856.4,698682
2026-01-05,2871.0,2893.0,2842.5,2848.9,861522
2026-01-06,2860.0,2880.0,2845.5,2865.3,720656
2026-01-07,2880.0,2880.0,2829.1,2837.1,287536
2026-01-08,2821.0,2831.9,2787.1,2792.0,437229
2026-01-09,2799.8,2807.9,2766.7,2776.9,556140
2026-01-12,2763.0,2821.6,2738.3,2806.7,476367
2026-01-13,2799.0,2814.8,2759.1,2774.2,875758
2026-01-14,2774.0,2821.1,2755.1,2795.8,452326
2026-01-16,2810.8,2827.3,2791.0,2809.6,678922
2026-01-19,2796.0,2821.6,2768.8,2780.0,586951
2026-01-20,2783.0,2790.8,2706.0,2713.6,411054
2026-01-21,2718.9,2752.0,2708.3,2735.6,939481
2026-01-22,2742.5,2799.0,2742.5,2787.6,870158
2026-01-23,2789.9,2805.0,2752.5,2759.0,606097
2026-01-27,2798.0,2866.9,2773.0,2856.2,1521231
2026-01-28,2870.1,2891.2,2831.1,2839.1,508906
2026-01-29,2826.6,2852.9,2808.7,2831.7,680590
2026-01-30,2837.5,2839.6,2807.9,2819.0,1083570
2026-02-02,2740.0,2781.9,2713.0,2774.6,929579
2026-02-03,2869.0,2869.0,2801.1,2808.9,1232908
2026-02-04,2808.9,2863.8,2808.9,2844.9,566105
2026-02-05,2830.1,2877.3,2825.0,2863.9,762775
2026-02-06,2864.0,2879.0,2820.7,2836.9,361882
2026-02-09,2859.9,2939.8,2846.5,2926.3,681768
2026-02-10,2943.0,2962.0,2919.2,2953.9,624992
2026-02-11,2979.0,2979.0,2894.9,2932.6,1015218
2026-02-12,2940.4,2940.5,2907.6,2925.5,420088
2026-02-13,2929.3,2934.0,2877.4,2888.0,419620
2026-02-16,2870.0,2918.0,2861.3,2912.7,285131
2026-02-17,2902.1,2917.0,2880.2,2900.4,458126
2026-02-18,2900.0,2938.9,2900.0,2933.8,350421
2026-02-19,2928.1,2960.0,2846.9,2864.3,388104
2026-02-20,2864.9,2890.0,2822.7,2832.8,597887
2026-02-23,2844.0,2883.7,2839.7,2873.4,593878
2026-02-24,2850.2,2886.7,2847.4,2879.3,593814
2026-02-25,2892.0,2910.7,2867.1,2878.4,595400
2026-02-26,2881.5,2889.9,2846.6,2863.5,662746
2026-02-27,2845.0,2864.6,2784.0,2799.8,1153378
2026-03-02,2729.8,2786.3,2696.4,2777.3,900872
2026-03-04,2727.0,2742.2,2645.0,2683.2,928520
2026-03-05,2685.0,2731.9,2656.8,2724.1,1101224
2026-03-06,2701.5,2759.4,2687.2,2718.4,1457401
2026-03-09,2659.0,2692.8,2631.0,2681.2,1019315
2026-03-10,2701.0,2753.0,2694.2,2743.9,1035360
2026-03-11,2726.6,2762.8,2714.8,2735.6,1492588
2026-03-12,2711.2,2727.4,2660.6,2673.1,952036
2026-03-13,2655.0,2664.0,2563.1,2568.6,1309585
2026-03-16,2570.0,2661.4,2565.0,2654.4,1531881
2026-03-17,2655.1,2699.0,2650.0,2683.3,603520
2026-03-18,2699.0,2732.9,2686.7,2723.1,933801
2026-03-19,2700.0,2700.0,2600.1,2607.9,1270396
2026-03-20,2622.1,2662.7,2608.3,2616.3,1510096
2026-03-23,2591.0,2598.0,2502.5,2531.1,1936926
2026-03-24,2565.5,2600.7,2523.0,2549.4,2303237
2026-03-25,2561.8,2668.4,2561.8,2647.8,1656810
2026-03-27,2651.0,2655.0,2604.6,2628.2,2406056
2026-03-30,2620.1,2620.1,2540.0,2557.7,1978678
2026-04-01,2602.0,2613.3,2576.0,2592.8,651446
2026-04-02,2574.9,2574.9,2514.2,2564.1,522088
2026-04-06,2545.0,2625.3,2533.0,2614.4,720478
2026-04-07,2592.0,2632.8,2576.6,2621.0,632051
2026-04-08,2698.0,2794.9,2690.5,2756.2,816578
2026-04-09,2740.1,2772.5,2723.0,2740.5,788928
2026-04-10,2750.0,2779.1,2727.2,2742.6,611392
2026-04-13,2694.1,2739.0,2682.9,2713.0,1259991
2026-04-15,2739.0,2793.2,2732.0,2741.4,665607
2026-04-16,2745.9,2755.3,2696.0,2717.3,803379
2026-04-17,2720.0,2736.6,2692.3,2720.5,427517
2026-04-20,2730.5,2771.9,2697.3,2760.1,702964
2026-04-21,2772.0,2792.0,2755.0,2777.7,686149
2026-04-22,2774.4,2810.0,2755.6,2776.6,924150
2026-04-23,2762.3,2768.4,2727.0,2735.0,859207
2026-04-24,2760.7,2768.9,2732.1,2739.3,1109759
2026-04-27,2766.0,2810.9,2752.2,2778.2,986204
2026-04-28,2780.0,2848.2,2772.0,2783.0,1561588
2026-04-29,2798.0,2838.6,2777.0,2803.2,976666
2026-04-30,2783.0,2801.4,2727.0,2794.5,1130223
2026-05-04,2805.0,2865.8,2805.0,2856.0,977675
2026-05-06,2885.5,2923.3,2872.3,2914.8,362970
2026-05-07,2902.3,2975.0,2900.0,2960.6,603383
2026-05-08,2960.6,2980.4,2932.1,2968.6,505248
2026-05-11,2954.1,3007.3,2928.0,2984.2,567800
2026-05-12,2980.0,2984.2,2893.7,2903.0,467500
2026-05-13,2910.3,2969.3,2910.0,2945.6,1332833
2026-05-14,2955.0,2983.3,2933.1,2938.7,1652596
2026-05-15,2938.9,2968.4,2924.3,2933.8,1586864
2026-05-18,2906.0,2955.5,2885.2,2943.8,800447
2026-05-19,2955.0,2970.0,2919.9,2935.2,637116
2026-05-20,2908.2,2988.0,2880.6,2971.1,1306216
2026-05-21,3060.7,3180.0,3021.0,3154.5,4417489
2026-05-22,3178.0,3187.6,3142.0,3155.3,906466
2026-05-25,3180.0,3192.3,3128.1,3171.6,620009
2026-05-26,3168.4,3196.2,3155.0,3165.0,984415
2026-05-27,3158.0,3197.5,3158.0,3170.0,317539
2026-05-29,3175.0,3190.3,3111.4,3122.4,1635193
2026-06-01,3151.4,3158.0,3084.3,3102.6,644142
2026-06-02,3076.0,3104.3,3061.0,3097.6,461140
2026-06-03,3099.0,3114.9,3060.0,3101.6,460368
2026-06-04,3100.1,3138.8,3085.8,3103.5,957529
2026-06-05,3109.0,3124.6,3066.2,3087.7,697168
2026-06-08,3060.0,3099.9,3034.9,3050.1,687274
2026-06-09,3070.2,3109.5,3067.8,3095.5,923351
2026-06-10,3090.0,3132.0,3065.5,3071.2,792811
2026-06-11,3058.0,3109.0,3045.8,3089.5,613443
2026-06-12,3120.0,3120.0,3075.0,3105.5,536817
2026-06-15,3168.0,3175.0,3131.0,3164.5,1033542
2026-06-16,3180.0,3183.0,3133.8,3140.3,308307
2026-06-17,3150.0,3200.0,3115.9,3150.4,395269
2026-06-18,3158.5,3168.9,3109.2,3145.1,667101
2026-06-19,3135.1,3167.0,3130.0,3149.5,534084
2026-06-22,3157.1,3180.1,3128.2,3175.2,368611
2026-06-23,3185.0,3186.0,3126.1,3144.3,705875
2026-06-24,3135.0,3142.7,3097.0,3127.9,706788
2026-06-25,3131.9,3156.0,3115.1,3126.6,785517
2026-06-29,3145.0,3145.0,3072.3,3080.2,1286143
2026-06-30,3085.0,3128.9,3080.5,3100.0,868872
2026-07-01,3115.0,3145.0,3083.5,3140.4,490262
2026-07-02,3153.0,3173.9,3134.4,3169.2,449711
2026-07-03,3180.0,3219.3,3165.0,3180.9,425942
2026-07-06,3182.2,3218.0,3172.0,3213.0,386276
2026-07-07,3201.0,3222.0,3172.9,3190.9,571660
2026-07-08,3174.0,3188.8,3121.4,3134.8,477890
2026-07-09,3139.0,3222.0,3136.3,3191.9,936756
2026-07-10,3204.8,3246.0,3202.0,3213.6,515666
2026-07-13,3202.4,3216.3,3125.2,3144.3,654390
2026-07-14,3138.0,3153.5,3093.1,3113.3,1058130
2026-07-15,3120.0,3150.0,3080.0,3086.1,726262
2026-07-16,3086.7,3105.0,3060.0,3072.9,536911
2026-07-17,3079.4,3118.0,3065.4,3109.7,622540
2026-07-20,3135.0,3155.9,3085.0,3143.8,349776
2026-07-21,3150.1,3195.1,3135.6,3179.8,659160
2026-07-22,3163.1,3177.1,3146.6,3166.3,396629
2026-07-23,3166.0,3180.0,3096.0,3113.0,327446
2026-07-24,3100.0,3100.0,3066.4,3089.4,341560
2026-07-27,3100.0,3120.0,3086.1,3112.4,266078
2026-07-28,3108.7,3126.6,3101.7,3116.2,388153
2026-07-29,3131.8,3149.0,3105.1,3113.0,304356
2026-07-30,3115.0,3115.5,3085.5,3104.8,301353
2026-07-31,3115.7,3135.9,3092.6,3100.8,309447
2026-08-03,3120.0,3260.0,3103.1,3260.0,393816
2026-08-04,3219.0,3219.1,3115.0,3138.0,770936
2026-08-05,3150.0,3228.7,3135.8,3224.0,692531
2026-08-07,3220.0,3349.6,3183.0,3323.0,1071215
2026-08-10,3324.0,3411.1,3290.2,3380.5,2568033
2026-08-11,3360.0,3402.8,3301.9,3322.2,755928
2026-08-12,3325.1,3393.9,3270.6,3307.8,2309486
2026-08-14,3264.8,3264.8,3221.0,3248.7,476082
2026-08-17,3240.0,3272.2,3223.5,3250.5,1324345
2026-08-18,3257.0,3297.7,3250.5,3278.7,1498859
2026-08-19,3278.7,3278.7,3223.0,3270.0,978120
2026-08-20,3280.0,3310.0,3250.0,3300.0,1182213
2026-08-21,3280.0,3343.1,3258.0,3308.0,1465361
2026-08-24,3316.0,3316.0,3263.0,3288.0,1615909
2026-08-25,3287.9,3300.2,3222.1,3289.6,1752045
2026-08-26,3291.0,3310.0,3262.4,3299.9,1112414
2026-08-27,3289.0,3299.8,3258.0,3258.0,733124
2026-08-28,3261.0,3292.5,3229.0,3290.0,676185
2026-08-31,3290.0,3371.0,3250.0,3371.0,1019104
2026-09-01,3337.0,3337.0,3287.1,3305.0,818556
2026-09-02,3292.0,3298.3,3235.5,3294.9,1085964
2026-09-03,3275.1,3325.2,3275.1,3310.0,2310916
2026-09-04,3318.9,3332.6,3268.1,3322.0,892704
2026-09-07,3322.0,3327.7,3293.0,3302.4,1179298
2026-09-08,3302.4,3318.2,3277.0,3306.8,875447
2026-09-09,3305.0,3320.0,3279.0,3300.0,850901
2026-09-10,3290.0,3324.4,3279.9,3319.0,1056285
2026-09-11,3302.4,3302.4,3267.0,3281.9,515990
