Date,Open,High,Low,Close,Volume
2010-06-10,365.8,368.45,360.15,366.9,406862
2010-06-11,374.0,374.0,367.3,369.6,226078
2010-06-14,372.0,382.95,369.9,380.55,959721
2010-06-15,382.95,391.4,376.25,384.55,1106886
2010-06-16,388.9,388.9,380.05,382.45,376476
2010-06-17,382.45,390.0,375.0,385.65,369790
2010-06-18,380.05,398.0,380.05,389.25,1706197
2010-06-21,390.0,392.8,384.35,388.25,847357
2010-06-22,388.0,395.35,377.5,380.05,909806
2010-06-23,377.5,381.95,370.2,372.75,941960
2010-06-24,368.8,370.0,353.0,364.15,7365357
2010-06-25,362.3,362.8,355.15,358.5,1955746
2010-06-28,360.0,362.65,357.2,362.05,860420
2010-06-29,360.0,365.0,357.1,360.6,1163493
2010-06-30,358.9,366.5,355.6,364.15,1049165
2010-07-01,364.0,365.5,358.65,363.4,612875
2010-07-02,361.1,364.95,351.5,352.95,1489750
2010-07-05,351.0,358.7,351.0,355.25,400928
2010-07-06,355.0,361.0,353.65,360.0,461370
2010-07-07,360.0,361.5,355.0,356.15,535835
2010-07-08,359.8,361.7,357.7,359.55,645524
2010-07-09,360.0,364.7,359.25,361.3,1004842
2010-07-12,365.0,370.0,362.7,364.85,964974
2010-07-13,368.0,368.0,356.2,360.85,804517
2010-07-14,361.9,364.0,356.2,357.0,493022
2010-07-15,359.45,359.45,356.3,357.65,454234
2010-07-16,358.9,374.0,357.6,373.3,2099784
2010-07-19,370.0,380.0,366.6,378.3,1183081
2010-07-20,380.1,380.65,368.2,371.0,524627
2010-07-21,373.0,374.3,368.05,371.45,565563
2010-07-22,369.65,373.75,369.55,370.8,730621
2010-07-23,375.0,377.8,371.7,372.8,672947
2010-07-26,373.15,375.45,370.0,373.95,213450
2010-07-27,375.0,381.4,371.95,380.5,923339
2010-07-28,382.5,384.0,370.35,372.55,814574
2010-07-29,380.0,395.85,374.65,378.05,3832477
2010-07-30,378.0,394.0,378.0,392.2,2562129
2010-08-02,396.55,399.8,390.2,392.85,676450
2010-08-03,393.0,395.2,388.1,392.8,532333
2010-08-04,392.25,408.0,390.0,403.75,1972925
2010-08-05,406.35,417.15,405.0,414.35,2513707
2010-08-06,414.35,418.0,410.35,412.05,850167
2010-08-09,411.8,418.0,406.6,416.15,742940
2010-08-10,415.55,416.8,410.75,412.85,393513
2010-08-11,410.0,413.85,403.65,406.7,543005
2010-08-12,395.0,404.0,395.0,401.4,446781
2010-08-13,401.4,415.45,401.4,411.05,896035
2010-08-16,412.1,415.5,397.55,401.3,571195
2010-08-17,408.7,408.7,394.55,396.35,574661
2010-08-18,396.35,412.0,392.9,409.15,736335
2010-08-19,409.15,412.95,404.0,406.1,370072
2010-08-20,407.9,413.0,403.0,407.75,557710
2010-08-23,409.05,412.15,405.2,409.1,301323
2010-08-24,408.5,411.8,404.05,409.15,360252
2010-08-25,409.0,414.75,403.25,409.55,1001876
2010-08-26,413.9,421.65,407.5,413.9,3149117
2010-08-27,413.9,413.9,400.0,403.35,599904
2010-08-30,409.8,409.8,390.1,393.3,669964
2010-08-31,393.0,397.0,378.45,382.55,1386003
2010-09-01,384.15,388.5,376.8,386.1,1713281
2010-09-02,394.0,405.4,386.5,403.9,1427176
2010-09-03,405.0,408.35,399.1,402.1,698626
2010-09-06,403.0,408.0,400.4,405.85,690536
2010-09-07,405.0,407.9,399.0,401.85,799835
2010-09-08,399.15,406.75,398.1,405.75,883553
2010-09-09,405.95,411.4,403.6,410.1,804477
2010-09-13,413.75,414.8,408.0,410.55,494066
2010-09-14,412.0,415.0,407.7,409.3,501768
2010-09-15,408.0,424.7,377.45,422.8,1561992
2010-09-16,424.2,425.85,415.5,417.5,515340
2010-09-17,417.5,423.0,417.2,419.25,565580
2010-09-20,419.8,424.0,416.9,422.1,774866
2010-09-21,423.0,430.0,416.0,428.3,1541483
2010-09-22,430.0,431.95,418.8,421.1,959064
2010-09-23,415.0,424.0,401.1,411.5,573089
2010-09-24,411.5,422.8,411.05,421.45,738062
2010-09-27,421.5,426.0,415.55,417.65,525447
2010-09-28,419.9,419.9,412.5,414.05,736903
2010-09-29,417.5,421.5,413.75,417.2,551900
2010-09-30,419.9,426.9,411.6,420.75,952927
2010-10-01,422.5,432.85,420.6,430.9,1149704
2010-10-04,430.05,441.5,429.8,435.7,1639838
2010-10-05,436.5,443.4,430.6,433.05,954588
2010-10-06,436.0,439.6,430.65,433.75,519955
2010-10-07,434.0,437.8,427.4,429.8,425688
2010-10-08,430.0,435.0,427.0,433.15,306191
2010-10-11,436.0,436.7,426.1,430.75,288577
2010-10-12,431.0,434.3,427.5,429.65,323885
2010-10-13,430.0,447.0,426.2,444.25,1701659
2010-10-14,445.5,455.5,436.5,438.85,889630
2010-10-15,442.0,448.2,430.0,431.4,556800
2010-10-18,431.0,447.8,425.15,446.45,1016664
2010-10-19,447.0,448.0,434.15,439.25,680325
2010-10-20,435.0,444.75,424.25,426.1,765122
2010-10-21,426.0,428.8,420.5,423.6,1190182
2010-10-22,424.0,425.85,413.2,416.85,857584
2010-10-25,418.55,425.5,417.35,424.55,356204
2010-10-26,424.0,426.5,420.15,423.05,398644
2010-10-27,420.1,423.5,415.05,417.3,444100
2010-10-28,415.1,420.0,399.0,410.4,1472279
2010-10-29,408.55,409.0,401.0,403.8,854233
2010-11-01,405.15,409.0,400.0,407.8,721194
2010-11-02,407.8,409.0,401.1,406.05,685321
2010-11-03,403.0,410.45,403.0,406.1,990091
2010-11-04,405.0,416.0,405.0,412.05,1018546
2010-11-05,412.05,416.95,412.05,413.85,47736
2010-11-08,408.0,415.0,405.0,405.65,488984
2010-11-09,407.0,408.0,402.25,404.85,534836
2010-11-10,401.2,410.85,401.2,405.0,644734
2010-11-11,408.0,408.0,402.0,402.65,298004
2010-11-12,401.0,406.4,400.0,402.45,339633
2010-11-15,400.0,407.4,392.55,404.35,686914
2010-11-16,407.0,407.5,385.3,392.35,789156
2010-11-18,404.7,404.7,390.0,393.45,482957
2010-11-19,392.0,393.5,367.7,377.0,710936
2010-11-22,378.1,392.95,371.05,390.25,753720
2010-11-23,391.7,398.5,384.3,396.0,1166201
2010-11-24,392.0,396.5,388.05,390.5,888864
2010-11-25,388.0,398.0,377.45,385.75,1301394
2010-11-26,388.0,399.5,383.1,392.0,1106829
2010-11-29,394.05,397.8,385.25,393.55,558612
2010-11-30,388.0,406.0,387.5,403.75,631757
2010-12-01,407.0,414.0,406.75,411.05,547365
2010-12-02,417.5,420.35,410.0,419.25,846564
2010-12-03,420.0,427.5,418.2,423.7,933616
2010-12-06,425.0,431.0,420.0,426.15,829750
2010-12-07,421.25,438.75,421.25,435.9,1281956
2010-12-08,433.0,435.6,427.65,433.05,1002945
2010-12-09,433.0,435.5,419.5,425.4,855549
2010-12-10,424.0,438.0,420.0,431.8,786932
2010-12-13,431.05,440.65,428.1,437.65,1000935
2010-12-14,437.0,444.95,421.1,443.5,1012757
2010-12-15,439.15,450.0,438.1,448.4,1207702
2010-12-16,443.55,451.5,443.55,449.0,1177260
2010-12-20,433.3,452.4,433.3,449.15,594944
2010-12-21,451.75,454.9,448.55,452.9,719977
2010-12-22,452.5,453.0,443.2,451.55,494340
2010-12-23,454.0,458.5,449.1,457.6,856022
2010-12-24,451.35,458.0,451.0,455.05,528565
2010-12-27,457.7,457.7,450.8,452.6,234619
2010-12-28,451.3,460.05,449.25,459.5,487109
2010-12-29,459.9,460.75,453.9,457.3,578858
2010-12-30,457.5,460.05,453.1,459.45,978159
2010-12-31,456.0,459.9,454.25,456.25,370606
2011-01-03,460.0,460.0,451.25,454.15,440990
2011-01-04,455.0,463.95,451.9,461.15,529562
2011-01-05,461.0,475.0,460.0,472.35,1301612
2011-01-06,474.35,481.45,474.05,477.7,901264
2011-01-07,479.0,489.0,461.0,465.25,1405877
2011-01-10,466.35,474.6,459.0,464.9,628009
2011-01-11,464.9,492.7,463.0,475.3,2402007
2011-01-12,477.0,485.0,466.75,476.65,1344284
2011-01-13,471.0,481.8,458.75,464.75,1391944
2011-01-14,463.0,480.0,462.35,470.6,933279
2011-01-17,466.1,478.85,462.4,476.4,709164
2011-01-18,478.0,495.0,478.0,488.75,1151671
2011-01-19,503.6,517.15,502.9,508.05,3307300
2011-01-20,502.0,514.0,495.2,510.85,2325263
2011-01-21,507.0,510.7,497.5,499.55,687007
2011-01-24,510.0,512.5,502.3,508.15,1039256
2011-01-25,508.0,512.0,498.75,508.5,1001175
2011-01-27,508.0,514.0,503.4,505.55,1080962
2011-01-28,507.0,512.0,486.8,493.3,1135172
2011-01-31,484.6,493.7,478.0,490.75,765731
2011-02-01,494.4,495.5,481.6,484.55,490206
2011-02-02,496.35,503.45,485.65,498.2,824109
2011-02-03,498.1,502.8,486.3,491.1,873205
2011-02-04,492.0,492.0,478.0,480.35,949246
2011-02-07,483.0,486.95,468.2,477.7,635761
2011-02-08,478.0,479.9,462.15,465.45,823100
2011-02-09,459.1,467.0,451.5,462.7,823830
2011-02-10,462.0,478.7,460.85,469.75,771239
2011-02-11,452.0,474.35,452.0,469.5,938146
2011-02-14,470.2,489.9,465.0,482.25,1135062
2011-02-15,482.0,489.95,472.35,483.0,862286
2011-02-16,485.85,485.85,471.05,473.75,694387
2011-02-17,473.0,476.75,465.0,467.45,960462
2011-02-18,469.25,470.0,451.5,457.6,2516091
2011-02-21,455.0,467.5,446.75,465.1,2244245
2011-02-22,461.0,464.4,454.1,460.0,1089790
2011-02-23,456.45,465.9,453.1,459.65,812740
2011-02-24,458.0,463.5,425.5,440.9,4245391
2011-02-25,442.0,448.6,434.4,445.9,797913
2011-03-01,445.0,472.8,436.7,468.75,1277449
2011-03-03,460.2,465.0,453.1,460.45,854409
2011-03-04,461.05,468.8,461.05,462.85,618256
2011-03-07,457.5,461.5,447.25,451.9,821054
2011-03-08,451.55,467.95,451.55,464.0,909773
2011-03-09,461.75,469.5,459.6,464.5,367439
2011-03-10,463.0,463.0,453.6,456.95,479062
2011-03-11,452.1,458.0,447.5,454.9,419635
2011-03-14,451.2,465.85,450.3,464.6,394875
2011-03-15,454.0,460.0,444.55,455.5,940654
2011-03-16,456.0,465.0,456.0,464.2,786471
2011-03-17,460.0,465.75,452.7,457.85,1059498
2011-03-18,460.2,463.8,445.55,450.3,743743
2011-03-21,451.35,455.6,448.6,450.95,483711
2011-03-22,452.3,454.3,450.0,452.05,614945
2011-03-23,451.85,457.8,450.2,454.45,894337
2011-03-24,455.75,461.9,455.6,460.4,411841
2011-03-25,460.1,478.85,460.1,471.25,1165666
2011-03-28,467.7,479.8,466.0,476.85,903797
2011-03-29,479.0,483.0,474.05,480.0,979251
2011-03-30,481.2,485.6,471.2,476.3,1218140
2011-03-31,476.05,485.0,464.8,477.95,1645125
2011-04-01,476.45,477.0,464.0,467.15,553354
2011-04-04,468.0,488.9,468.0,485.2,924021
2011-04-05,487.15,492.4,480.15,486.8,538263
2011-04-06,487.0,496.7,484.0,491.7,1496001
2011-04-07,490.05,500.0,489.0,497.85,595925
2011-04-08,498.0,503.0,483.6,484.75,498303
2011-04-11,484.05,494.4,480.05,491.3,606660
2011-04-13,486.55,503.75,486.55,497.3,944127
2011-04-15,499.0,499.85,479.1,482.7,1016400
2011-04-18,483.3,495.0,460.1,463.05,1042786
2011-04-19,465.0,479.85,465.0,476.55,561464
2011-04-20,501.5,526.0,501.5,522.85,6881265
2011-04-21,522.85,528.0,516.85,519.0,1933990
2011-04-25,493.05,521.45,493.05,515.1,805746
2011-04-26,512.05,518.2,508.75,516.5,629007
2011-04-27,519.95,519.95,513.85,516.05,390559
2011-04-28,517.0,523.9,510.05,512.3,941168
2011-04-29,512.5,524.4,512.0,521.2,790862
2011-05-02,523.0,526.9,519.35,520.5,919050
2011-05-03,516.5,519.95,509.9,515.0,776426
2011-05-04,510.1,512.75,495.4,498.65,887636
2011-05-05,491.0,499.75,490.1,496.45,1058330
2011-05-06,496.7,502.5,496.0,500.35,595009
2011-05-09,497.5,508.9,497.0,499.4,585746
2011-05-10,502.45,508.7,496.8,503.1,463430
2011-05-11,501.6,507.8,501.6,505.35,214098
2011-05-12,493.0,508.2,493.0,504.9,1407142
2011-05-13,501.15,512.0,499.9,504.75,710753
2011-05-16,504.0,505.3,497.6,499.6,305143
2011-05-17,502.0,507.65,498.1,503.1,454485
2011-05-18,506.0,506.0,501.5,504.1,797332
2011-05-19,505.0,509.4,503.7,506.85,860993
2011-05-20,507.5,507.5,500.7,505.95,225267
2011-05-23,502.0,503.95,491.1,493.65,218687
2011-05-24,490.05,494.4,482.2,490.85,592137
2011-05-25,490.0,493.75,481.5,491.35,454978
2011-05-26,490.05,501.65,488.6,499.25,947308
2011-05-27,500.2,517.5,500.2,508.75,807745
2011-05-30,508.9,515.0,504.35,508.85,380385
2011-05-31,508.9,517.0,508.9,514.8,991721
2011-06-01,511.4,516.0,509.0,514.4,287699
2011-06-02,509.0,515.25,508.7,513.7,307689
2011-06-03,512.05,517.5,508.9,512.35,379167
2011-06-06,508.05,514.0,505.05,509.5,285294
2011-06-07,504.05,514.95,504.05,511.8,403694
2011-06-08,512.0,512.7,508.55,510.95,160600
2011-06-09,503.7,508.95,497.7,507.7,453600
2011-06-10,504.0,508.55,501.1,502.85,180156
2011-06-13,501.0,506.0,496.5,500.35,372637
2011-06-14,504.0,509.3,502.1,507.6,302309
2011-06-15,505.0,509.4,498.1,499.2,418302
2011-06-16,497.8,497.8,486.75,489.05,622826
2011-06-17,488.05,493.3,475.0,479.95,984363
2011-06-20,482.0,484.0,439.95,465.1,1286761
2011-06-21,469.0,469.0,451.95,465.05,1382920
2011-06-22,465.55,470.0,458.1,463.4,524470
2011-06-23,461.3,474.1,459.15,470.65,651279
2011-06-24,473.2,494.65,473.2,492.8,992141
2011-06-27,486.25,496.5,486.2,490.35,452527
2011-06-28,495.95,497.5,480.85,489.85,882633
2011-06-29,493.7,495.9,484.15,488.8,708094
2011-06-30,490.0,499.9,489.5,494.75,1132095
2011-07-01,495.65,503.5,495.0,496.2,378317
2011-07-04,500.0,501.0,497.05,498.9,148205
2011-07-05,500.0,507.95,498.6,506.6,537253
2011-07-06,507.2,512.4,502.0,503.4,431394
2011-07-07,504.25,511.0,500.65,509.6,510304
2011-07-08,510.0,512.45,501.05,502.25,380343
2011-07-11,504.0,507.4,491.0,493.2,355088
2011-07-12,489.0,494.4,482.95,491.55,1097465
2011-07-13,492.1,496.8,490.0,494.85,374851
2011-07-14,491.2,496.0,489.25,492.2,414436
2011-07-15,497.9,498.95,490.3,497.65,621777
2011-07-18,500.0,508.0,498.8,504.25,652053
2011-07-19,506.0,510.0,504.35,507.95,405440
2011-07-20,508.55,510.0,492.0,499.6,421357
2011-07-21,495.0,507.7,493.3,503.4,519487
2011-07-22,503.15,507.5,501.85,504.9,1079797
2011-07-25,502.0,519.25,501.55,516.6,770422
2011-07-26,513.55,521.0,510.0,515.15,517797
2011-07-27,520.0,521.85,501.25,504.0,1260132
2011-07-28,493.0,495.0,485.8,491.0,1627284
2011-07-29,489.0,492.0,479.05,486.8,917985
2011-08-01,487.1,494.85,481.7,486.05,957419
2011-08-02,484.55,486.75,471.3,475.3,748362
2011-08-03,470.05,474.9,462.1,472.6,896191
2011-08-04,470.55,478.0,465.2,468.0,533724
2011-08-05,458.0,458.0,427.0,443.45,1725778
2011-08-08,425.0,430.0,404.8,419.25,2440350
2011-08-09,399.15,428.1,399.0,413.15,2011301
2011-08-10,425.0,436.65,414.65,422.15,1982999
2011-08-11,413.0,424.0,408.5,412.65,1230936
2011-08-12,416.05,420.5,403.4,407.75,746175
2011-08-16,409.95,417.0,409.1,411.9,440491
2011-08-17,405.65,426.0,405.65,423.2,611975
2011-08-18,422.0,424.8,391.5,396.8,1590082
2011-08-19,390.0,395.9,365.7,392.0,2438461
2011-08-22,390.25,393.8,376.05,387.15,1025591
2011-08-23,388.65,399.7,379.0,397.0,1820724
2011-08-24,394.0,397.55,384.1,387.2,705918
2011-08-25,387.3,389.5,367.4,372.35,2095994
2011-08-26,369.0,375.0,360.0,362.8,925339
2011-08-29,366.0,392.7,366.0,390.45,1058556
2011-08-30,398.0,415.0,388.2,410.95,1857470
2011-09-02,409.0,409.0,392.15,397.0,1346475
2011-09-05,397.0,397.0,378.3,384.05,2112268
2011-09-06,383.8,397.0,380.65,394.7,1608670
2011-09-07,397.0,410.65,395.85,406.55,1868058
2011-09-08,410.0,418.7,409.15,411.35,1214618
2011-09-09,414.9,419.3,401.45,406.0,1253546
2011-09-12,398.45,398.45,375.0,377.65,1421081
2011-09-13,381.0,392.0,372.0,379.5,1700684
2011-09-14,383.0,398.8,382.1,395.2,1467169
2011-09-15,403.85,404.1,390.1,403.15,1069029
2011-09-16,405.2,409.3,382.15,385.85,1247678
2011-09-19,385.9,393.4,379.4,392.35,754154
2011-09-20,392.6,404.8,389.5,403.2,968681
2011-09-21,406.75,410.9,401.1,405.1,1086225
2011-09-22,396.0,399.9,378.7,382.75,867002
2011-09-23,378.65,393.45,378.65,388.05,1153341
2011-09-26,390.0,390.15,380.4,385.7,624439
2011-09-27,390.0,396.95,390.0,393.35,466031
2011-09-28,397.0,409.7,397.0,407.0,1993761
2011-09-29,407.0,413.25,402.0,410.15,2081791
2011-09-30,411.0,415.95,406.0,409.15,987494
2011-10-03,405.0,408.0,393.1,400.8,654560
2011-10-04,395.4,400.25,386.5,392.25,995805
2011-10-05,394.1,400.85,390.05,395.35,851495
2011-10-07,407.0,416.0,402.0,405.35,1128859
2011-10-10,404.1,415.0,404.1,413.9,828420
2011-10-11,419.65,422.8,401.1,403.3,1331695
2011-10-12,410.2,423.9,410.2,419.2,2820379
2011-10-13,423.65,434.0,420.6,426.55,2033362
2011-10-14,425.95,443.55,425.95,440.4,2172452
2011-10-17,443.0,445.0,432.1,440.1,1102099
2011-10-18,418.8,418.8,399.25,401.6,3105453
2011-10-19,408.7,413.5,404.05,407.5,1617539
2011-10-20,404.0,413.95,400.0,411.7,747796
2011-10-21,413.0,418.5,410.3,413.15,1220498
2011-10-24,418.0,425.25,418.0,424.9,994974
2011-10-25,429.9,432.0,420.65,429.35,1486593
2011-10-26,431.3,435.7,428.1,429.65,165790
2011-10-28,437.55,455.0,437.55,451.75,1338537
2011-10-31,453.7,453.7,441.0,443.75,547620
2011-11-01,437.0,449.0,427.15,429.9,649015
2011-11-02,427.55,440.8,421.75,438.3,612648
2011-11-03,440.5,445.25,433.0,438.1,970576
2011-11-04,444.6,446.5,436.05,438.75,526925
2011-11-08,437.0,438.8,427.1,428.45,458955
2011-11-09,431.9,435.15,424.3,426.6,678167
2011-11-11,428.85,433.75,420.1,426.15,722017
2011-11-14,431.0,434.3,423.45,429.3,512507
2011-11-15,425.15,429.5,421.2,425.35,727049
2011-11-16,422.0,422.0,404.3,410.9,1147948
2011-11-17,408.1,413.05,402.55,408.6,608603
2011-11-18,405.0,407.5,400.3,404.25,803788
2011-11-21,398.0,399.95,390.2,394.55,924101
2011-11-22,394.5,403.0,386.8,391.75,2664388
2011-11-23,391.7,391.7,378.0,384.95,1278211
2011-11-24,384.0,398.0,372.65,393.45,1595177
2011-11-25,387.4,393.0,383.95,386.7,1075082
2011-11-28,392.0,396.0,383.0,390.25,1123997
2011-11-29,392.1,394.8,385.0,390.65,927795
2011-11-30,385.9,393.0,380.05,383.8,5902486
2011-12-01,394.0,406.7,394.0,400.55,1220751
2011-12-02,402.0,420.0,400.15,416.8,827471
2011-12-05,414.9,417.3,404.25,406.9,778432
2011-12-07,409.0,422.0,408.65,417.6,1489090
2011-12-08,415.0,424.5,410.05,417.75,1244012
2011-12-09,410.5,414.9,404.3,407.75,921848
2011-12-12,410.0,415.35,402.0,413.55,1094698
2011-12-13,412.0,427.4,410.1,416.3,2447332
2011-12-14,417.5,424.6,408.7,411.65,1216853
2011-12-15,412.75,416.25,406.3,413.45,1354752
2011-12-16,412.45,420.0,407.4,412.35,1508425
2011-12-19,420.0,420.0,407.0,411.45,2120095
2011-12-20,414.0,415.0,386.9,391.3,2253295
2011-12-21,396.0,398.8,385.35,389.25,1537145
2011-12-22,388.0,391.8,380.4,388.45,935169
2011-12-23,391.8,394.05,385.4,389.45,710335
2011-12-26,391.95,397.1,386.55,388.2,662618
2011-12-27,391.0,393.95,388.15,391.85,585062
2011-12-28,392.5,393.9,383.6,391.85,600387
2011-12-29,390.95,399.35,382.2,387.85,1302848
2011-12-30,389.0,391.55,385.0,387.95,756035
2012-01-02,389.0,395.0,386.0,393.6,524788
2012-01-03,397.0,405.7,396.0,403.2,2535805
2012-01-04,406.45,428.0,406.0,418.4,2368787
2012-01-05,418.4,424.9,412.25,414.75,807992
2012-01-06,414.0,420.0,410.0,417.55,818065
2012-01-09,417.0,418.8,413.05,414.95,539153
2012-01-10,419.0,420.65,416.8,419.9,1574329
2012-01-11,423.8,424.9,412.8,415.3,741919
2012-01-12,415.0,415.2,402.05,405.75,1111377
2012-01-13,406.5,408.1,396.0,397.75,1374576
2012-01-16,397.0,408.4,395.05,405.95,828158
2012-01-17,422.0,432.5,414.7,425.4,4790096
2012-01-18,426.45,426.7,413.35,417.45,1380201
2012-01-19,421.0,422.55,415.4,418.95,756692
2012-01-20,422.25,422.25,409.8,417.65,760332
2012-01-23,420.0,423.6,414.75,420.25,728750
2012-01-24,420.0,430.0,411.0,428.45,500728
2012-01-25,429.0,430.0,417.0,420.8,860160
2012-01-27,422.5,430.1,419.8,428.0,806756
2012-01-30,425.0,430.1,419.25,429.05,668257
2012-01-31,431.0,439.5,430.1,437.65,1088874
2012-02-01,439.8,440.9,431.55,437.9,528190
2012-02-02,440.0,463.8,439.5,461.45,2175991
2012-02-03,463.0,463.45,449.3,454.0,709288
2012-02-06,455.45,467.95,455.45,462.75,1305922
2012-02-07,463.0,468.5,457.0,460.6,716147
2012-02-08,461.5,468.35,460.35,467.2,436534
2012-02-09,468.0,470.7,460.5,463.45,546666
2012-02-10,463.0,470.0,461.05,468.7,443046
2012-02-13,470.0,475.0,466.05,468.3,349981
2012-02-14,470.0,470.35,462.3,468.25,301195
2012-02-15,470.0,471.25,466.25,469.7,417528
2012-02-16,470.3,477.1,469.4,476.05,789511
2012-02-17,478.0,502.9,478.0,492.55,1872413
2012-02-21,489.8,494.95,486.3,493.75,830256
2012-02-22,495.0,498.0,484.5,492.1,1079738
2012-02-23,492.0,498.0,490.45,495.4,1275407
2012-02-24,491.0,499.85,482.4,492.85,732279
2012-02-27,494.0,498.0,480.25,484.6,1214560
2012-02-28,486.35,487.2,472.45,482.3,874637
2012-02-29,484.0,486.1,481.95,484.95,672895
2012-03-01,481.0,485.0,474.55,482.0,420986
2012-03-02,487.0,487.0,476.0,481.65,297784
2012-03-05,477.2,483.95,469.55,480.85,293870
2012-03-06,482.0,491.5,475.0,481.4,570789
2012-03-07,479.5,496.8,474.5,494.9,725582
2012-03-09,497.2,513.2,497.2,506.9,1675244
2012-03-12,507.0,512.0,500.2,506.95,1286670
2012-03-13,508.0,509.9,496.2,505.1,1109657
2012-03-14,510.0,519.2,502.15,504.8,913924
2012-03-15,502.4,505.75,493.35,496.2,511564
2012-03-16,499.0,506.0,490.6,497.15,697277
2012-03-19,494.05,502.45,488.0,498.95,2907052
2012-03-20,499.0,500.95,485.7,492.0,502713
2012-03-21,489.5,497.0,487.95,491.85,655722
2012-03-22,492.0,495.85,469.5,477.0,1290270
2012-03-23,480.8,488.9,475.5,484.95,2696410
2012-03-26,487.9,504.5,471.5,477.35,2837564
2012-03-27,480.0,484.9,468.15,470.8,953606
2012-03-28,471.05,477.8,465.65,470.6,630267
2012-03-29,465.0,484.4,440.6,472.15,1174114
2012-03-30,472.2,486.45,472.2,483.25,609050
2012-04-02,483.9,504.8,477.5,501.25,757634
2012-04-03,506.0,506.35,497.9,505.4,432535
2012-04-04,504.0,512.4,500.0,509.05,501525
2012-04-09,507.0,511.45,495.05,498.3,615175
2012-04-10,496.65,502.05,487.4,491.0,459288
2012-04-11,489.0,494.4,484.15,490.0,852411
2012-04-12,491.3,503.45,490.35,494.4,1035323
2012-04-13,479.8,490.0,475.0,478.95,1395377
2012-04-16,474.0,488.1,471.0,484.8,836927
2012-04-17,487.95,497.7,479.3,480.85,1255051
2012-04-18,502.0,511.35,492.45,494.3,5482304
2012-04-19,496.6,504.75,494.3,503.45,1188656
2012-04-20,499.35,508.6,498.05,505.35,980338
2012-04-23,507.0,507.05,493.1,495.55,571571
2012-04-24,498.8,519.5,498.25,510.2,1887917
2012-04-25,509.8,513.1,504.05,507.6,1037383
2012-04-26,507.8,510.0,496.25,500.95,1454247
2012-04-27,502.0,513.5,501.0,510.95,1090908
2012-04-30,509.1,514.5,506.0,512.05,721521
2012-05-02,513.0,524.45,512.0,518.45,896595
2012-05-03,514.3,520.65,511.55,515.25,751695
2012-05-04,515.25,522.0,508.5,513.2,1180919
2012-05-07,499.0,511.6,499.0,501.9,416416
2012-05-08,497.0,501.1,474.0,478.7,1046364
2012-05-09,475.1,488.8,475.0,486.6,779364
2012-05-10,490.0,497.65,482.6,491.3,1166052
2012-05-11,486.1,490.9,484.0,488.55,1080135
2012-05-14,485.0,489.7,473.05,485.05,615340
2012-05-15,480.0,491.45,475.05,488.95,473241
2012-05-16,483.9,487.0,478.0,485.9,461062
2012-05-17,488.0,489.8,476.35,485.25,866900
2012-05-18,480.85,487.55,475.2,483.4,616263
2012-05-21,485.0,485.95,477.0,479.45,774537
2012-05-22,482.1,494.0,479.15,487.65,335478
2012-05-23,491.0,492.95,482.15,484.75,373246
2012-05-24,489.45,489.45,479.5,485.7,240202
2012-05-25,488.7,489.0,482.5,487.1,445699
2012-05-28,486.3,493.7,483.6,491.55,313611
2012-05-29,495.8,507.9,494.05,505.35,1208208
2012-05-30,504.05,511.9,504.05,509.2,813645
2012-05-31,505.1,507.95,495.15,504.05,1273623
2012-06-01,505.0,507.45,480.5,487.1,903159
2012-06-04,484.9,495.45,477.3,493.85,501885
2012-06-05,493.9,498.0,489.9,495.35,759442
2012-06-06,496.05,506.5,496.05,502.1,955644
2012-06-07,505.0,507.55,493.2,499.05,732135
2012-06-08,500.0,500.65,491.15,495.6,431255
2012-06-11,499.4,499.4,477.4,482.5,2360182
2012-06-12,478.0,486.2,472.05,484.75,1203209
2012-06-13,486.45,494.2,485.0,490.8,701380
2012-06-14,490.0,494.65,476.45,478.75,484537
2012-06-15,480.0,488.0,479.25,485.95,628455
2012-06-18,486.85,489.9,459.05,469.9,2391719
2012-06-19,470.1,476.35,465.0,471.95,2258979
2012-06-20,471.1,489.7,471.1,486.75,1368304
2012-06-21,483.0,489.0,478.0,481.85,961171
2012-06-22,478.1,483.25,471.55,472.65,1210668
2012-06-25,473.15,475.0,461.1,464.85,1342836
2012-06-26,464.05,465.7,453.25,460.9,2049625
2012-06-27,464.7,471.45,460.2,469.75,1956416
2012-06-28,470.35,470.45,455.05,459.05,2038926
2012-06-29,465.0,477.9,461.5,476.45,1540706
2012-07-02,478.0,485.9,476.45,484.45,759547
2012-07-03,489.0,489.5,482.5,484.55,766503
2012-07-04,481.5,486.6,475.5,483.45,589605
2012-07-05,483.0,493.0,481.8,492.45,713733
2012-07-06,491.4,493.0,482.45,490.45,699808
2012-07-09,485.3,490.7,482.3,486.9,611202
2012-07-10,489.8,499.2,484.0,498.35,839696
2012-07-11,500.0,500.0,491.55,492.8,966828
2012-07-12,480.0,485.0,477.5,481.2,1187717
2012-07-13,486.9,489.0,482.55,483.6,768094
2012-07-16,485.0,488.0,477.1,481.35,623681
2012-07-17,482.9,484.4,472.75,478.75,512753
2012-07-18,478.25,483.25,471.45,476.25,1214583
2012-07-19,482.0,485.45,478.15,479.5,536217
2012-07-20,478.5,483.95,472.35,479.8,680025
2012-07-23,474.1,478.65,474.1,477.8,488567
2012-07-24,478.0,482.35,472.0,480.8,472837
2012-07-25,505.1,518.4,505.1,513.55,7441419
2012-07-26,513.05,515.9,505.5,511.75,3204037
2012-07-27,513.0,520.0,513.0,517.7,2006396
2012-07-30,517.95,520.75,514.05,516.8,869131
2012-07-31,519.9,520.3,514.5,518.55,1018355
2012-08-01,518.7,522.9,518.55,521.85,633517
2012-08-02,520.45,525.1,518.0,524.9,853840
2012-08-03,517.5,523.5,517.1,522.4,458188
2012-08-06,525.0,525.0,518.5,523.2,427618
2012-08-07,524.8,538.4,524.0,530.5,2424500
2012-08-08,530.0,538.5,530.0,537.35,1035900
2012-08-09,537.0,539.4,533.05,536.7,671176
2012-08-10,532.35,539.9,532.35,536.8,704083
2012-08-13,534.05,543.85,534.05,542.9,662767
2012-08-14,533.5,552.0,533.5,550.55,984649
2012-08-16,550.0,558.95,548.25,558.05,850988
2012-08-17,558.05,559.95,555.1,557.35,813222
2012-08-21,555.1,559.0,551.5,557.75,1099679
2012-08-22,553.0,556.1,550.0,553.1,653128
2012-08-23,551.9,562.0,551.4,559.35,1112296
2012-08-24,558.9,558.9,554.5,557.4,315376
2012-08-27,555.25,560.0,554.65,558.55,320499
2012-08-28,560.0,561.75,555.25,557.5,505892
2012-08-29,558.95,559.9,546.3,547.55,589562
2012-08-30,544.0,554.45,540.25,546.55,2715327
2012-08-31,542.8,548.45,540.6,544.4,773465
2012-09-03,541.6,556.9,539.0,555.55,607428
2012-09-04,551.05,567.6,548.75,561.5,846243
2012-09-05,561.0,566.65,554.1,562.05,897391
2012-09-06,558.05,571.95,558.05,568.55,1453679
2012-09-07,572.0,580.75,571.9,577.0,2143620
2012-09-10,577.0,577.0,569.1,573.7,774188
2012-09-11,573.9,577.5,570.35,576.95,673101
2012-09-12,576.1,584.65,575.7,582.25,1099215
2012-09-13,579.3,591.65,579.3,587.8,1696437
2012-09-14,590.0,595.8,579.0,582.85,1460345
2012-09-17,585.0,586.5,563.6,567.65,1285848
2012-09-18,568.1,576.4,562.9,573.65,809399
2012-09-20,572.0,591.7,565.0,568.1,1568893
2012-09-21,572.4,575.7,565.6,569.85,979413
2012-09-24,573.5,573.5,547.5,558.7,1824583
2012-09-25,562.4,572.6,549.0,565.3,885011
2012-09-26,563.0,570.0,558.05,568.85,727347
2012-09-27,565.15,588.9,565.15,583.45,4332395
2012-09-28,587.45,587.45,572.55,577.45,817286
2012-10-01,574.0,583.15,572.1,581.15,2614949
2012-10-03,584.4,592.9,584.25,591.35,4834371
2012-10-04,592.0,597.6,584.35,589.05,3089889
2012-10-05,590.0,592.0,534.3,573.55,1745932
2012-10-08,578.0,579.05,556.75,558.75,387110
2012-10-09,560.15,565.4,556.75,560.75,919894
2012-10-10,561.8,574.75,561.0,565.3,1087923
2012-10-11,568.95,580.4,563.5,576.85,683751
2012-10-12,571.0,586.6,567.1,581.65,1541566
2012-10-15,584.35,589.5,580.0,583.7,682839
2012-10-16,585.0,590.9,578.85,584.5,750239
2012-10-17,599.0,606.9,577.55,580.55,4174205
2012-10-18,582.0,604.0,581.7,601.0,2573241
2012-10-19,598.0,608.35,589.25,605.35,1911150
2012-10-22,605.0,613.45,599.95,611.15,1079460
2012-10-23,613.0,613.0,602.75,608.7,557864
2012-10-25,610.9,619.55,605.0,609.25,1213782
2012-10-26,605.0,615.2,605.0,609.2,599777
2012-10-29,606.0,614.0,606.0,610.0,530435
2012-10-30,609.95,616.0,602.4,606.4,687552
2012-10-31,606.05,611.9,603.0,608.0,509839
2012-11-01,612.0,613.45,605.25,608.1,551481
2012-11-02,611.0,620.9,611.0,614.2,825774
2012-11-05,614.3,616.8,611.2,613.85,396130
2012-11-06,613.05,616.85,606.7,608.4,686670
2012-11-07,607.05,620.45,607.05,616.15,498832
2012-11-08,612.1,619.9,612.0,618.5,330476
2012-11-09,616.0,617.9,611.3,614.7,217876
2012-11-12,614.75,622.85,611.25,620.0,435886
2012-11-13,620.0,621.0,614.3,615.8,35953
2012-11-15,614.0,632.45,612.05,620.65,2389844
2012-11-16,624.0,624.0,605.05,607.75,991296
2012-11-19,609.0,618.1,602.0,615.85,722168
2012-11-20,615.85,619.9,606.15,613.65,670579
2012-11-21,618.5,619.0,608.15,617.5,1190023
2012-11-22,615.8,629.0,615.8,627.3,879827
2012-11-23,630.0,639.75,628.9,636.45,1746342
2012-11-26,639.85,646.1,635.15,639.95,1434157
2012-11-27,641.2,646.8,639.05,642.9,1079879
2012-11-29,641.5,650.0,635.8,638.8,1802394
2012-11-30,640.0,660.95,631.55,656.5,10377781
2012-12-03,654.9,656.0,646.55,647.85,996772
2012-12-04,648.3,650.0,639.75,648.2,819718
2012-12-05,650.2,652.0,635.0,639.0,943814
2012-12-06,640.0,642.0,616.2,625.45,886764
2012-12-07,625.0,627.95,611.0,614.05,1285200
2012-12-10,611.0,625.0,611.0,621.35,576793
2012-12-11,618.15,626.75,608.05,614.35,815793
2012-12-12,615.2,630.0,613.05,616.3,1426777
2012-12-13,622.0,626.7,617.55,621.15,887263
2012-12-14,622.0,633.95,622.0,630.9,815015
2012-12-17,627.5,636.7,627.5,632.95,1046838
2012-12-18,634.25,637.5,623.85,632.75,527724
2012-12-19,635.05,643.0,632.9,641.45,1041898
2012-12-20,644.7,647.45,635.6,639.5,430423
2012-12-21,638.5,638.5,626.25,629.95,448775
2012-12-24,632.5,641.5,627.35,636.45,300110
2012-12-26,637.0,641.9,633.0,634.45,324479
2012-12-27,637.5,637.5,621.15,625.3,826513
2012-12-28,627.0,634.8,622.0,626.3,359672
2012-12-31,625.9,628.9,616.0,618.7,515499
2013-01-01,624.9,627.9,619.85,622.15,305795
2013-01-02,626.0,626.85,620.85,625.25,580579
2013-01-03,630.0,632.0,624.05,625.95,1010271
2013-01-04,628.25,636.4,627.0,634.05,1101470
2013-01-07,639.0,639.0,626.1,627.9,301488
2013-01-08,626.95,635.55,624.7,634.7,645233
2013-01-09,634.0,642.85,632.65,635.85,639815
2013-01-10,638.5,651.7,637.1,641.6,841032
2013-01-11,654.0,657.45,643.1,644.85,1707148
2013-01-14,650.0,676.0,648.4,672.8,3025603
2013-01-15,677.0,681.2,662.25,664.1,1046691
2013-01-16,666.5,680.95,658.4,673.8,2665213
2013-01-17,702.0,721.3,689.6,704.0,7396720
2013-01-18,701.0,716.75,700.5,705.65,2227850
2013-01-21,700.15,718.05,697.5,715.2,1130807
2013-01-22,716.0,716.0,694.65,697.65,685609
2013-01-23,700.0,703.95,664.25,676.4,2899603
2013-01-24,676.9,683.0,663.5,666.35,1183849
2013-01-25,671.7,684.5,664.25,681.05,1324215
2013-01-28,679.0,704.0,679.0,696.6,1864974
2013-01-29,696.5,702.9,687.7,691.9,1408669
2013-01-30,694.8,699.9,685.25,689.0,1204264
2013-01-31,689.7,702.7,680.1,688.0,2473451
2013-02-01,689.95,696.9,682.15,687.95,719189
2013-02-04,687.95,692.5,680.0,682.2,627325
2013-02-05,676.25,681.5,668.5,671.1,983422
2013-02-06,676.7,677.3,669.3,670.05,2841944
2013-02-07,668.45,671.9,665.6,668.75,1033819
2013-02-08,670.0,676.25,666.3,670.2,1552182
2013-02-11,674.0,674.0,652.0,659.5,4440153
2013-02-12,660.0,680.35,653.95,678.5,1237171
2013-02-13,682.0,714.3,681.95,709.35,2858654
2013-02-14,710.0,719.0,701.45,708.25,2349435
2013-02-15,706.5,708.0,692.55,697.0,1252983
2013-02-18,697.5,703.45,688.25,691.2,956274
2013-02-19,692.0,708.7,689.25,705.5,655130
2013-02-20,702.0,726.7,699.7,722.85,3823531
2013-02-21,717.3,732.45,717.25,720.2,2017636
2013-02-22,717.55,728.0,715.0,720.25,1212076
2013-02-25,721.5,734.95,717.15,733.55,856833
2013-02-26,735.0,736.6,724.55,726.7,1017541
2013-02-27,728.0,731.0,711.3,719.8,677971
2013-02-28,721.25,731.2,719.9,723.4,1437978
2013-03-01,722.1,729.55,716.2,722.45,1046331
2013-03-04,716.35,729.0,711.6,715.45,927564
2013-03-05,715.05,748.8,715.05,745.65,1991012
2013-03-06,748.0,757.95,746.6,756.3,1046494
2013-03-07,755.55,773.95,755.55,771.4,1972313
2013-03-08,773.05,782.95,767.6,773.15,3180972
2013-03-11,771.05,785.9,771.05,782.9,2533263
2013-03-12,780.4,781.5,766.7,773.45,1180544
2013-03-13,770.0,783.6,769.35,778.6,1527275
2013-03-14,780.0,796.1,773.15,791.55,1390839
2013-03-15,793.0,803.4,790.3,791.95,1321427
2013-03-18,787.2,805.5,786.05,802.05,1483698
2013-03-19,800.65,801.9,780.35,781.55,1624341
2013-03-20,781.1,784.3,769.1,774.2,2500629
2013-03-21,774.5,784.1,771.0,773.1,1153005
2013-03-22,768.3,775.9,763.15,767.95,1129147
2013-03-25,771.0,772.55,760.0,767.1,1304014
2013-03-26,769.65,778.9,768.1,775.4,896648
2013-03-28,790.5,805.0,780.0,795.0,6117209
2013-04-01,795.05,800.0,782.25,788.5,405148
2013-04-02,792.75,798.8,787.4,795.85,748194
2013-04-03,801.0,807.25,776.6,780.55,1045726
2013-04-04,774.9,776.6,739.3,743.25,1643886
2013-04-05,742.25,764.8,742.25,756.95,1335858
2013-04-08,756.95,767.0,741.1,745.35,752715
2013-04-09,751.25,754.8,738.6,740.5,1126891
2013-04-10,742.0,771.75,736.5,765.0,949120
2013-04-11,769.8,793.7,767.0,790.05,1308137
2013-04-12,759.0,781.3,758.75,776.1,2399304
2013-04-15,775.0,784.0,763.25,764.95,2456158
2013-04-16,759.9,770.45,757.7,762.8,1834885
2013-04-17,805.2,810.0,745.05,751.3,7055587
2013-04-18,756.8,768.0,730.65,736.25,2391397
2013-04-22,740.0,744.0,716.25,721.15,2910250
2013-04-23,724.8,737.75,721.6,732.15,2229942
2013-04-25,735.0,735.0,714.35,719.05,1995564
2013-04-26,717.3,717.3,677.65,684.25,3664815
2013-04-29,683.05,702.85,672.95,700.8,1835244
2013-04-30,699.25,724.4,699.25,721.4,1846744
2013-05-02,721.45,751.2,721.4,735.75,3370906
2013-05-03,741.0,756.7,740.0,750.45,2395520
2013-05-06,753.0,769.0,748.0,750.0,1711754
2013-05-07,755.0,760.0,743.4,753.5,1776141
2013-05-08,755.0,759.4,749.25,751.6,1130219
2013-05-09,754.5,783.6,753.0,770.15,2182257
2013-05-10,773.5,780.9,771.0,774.9,1464299
2013-05-13,776.5,776.7,753.85,758.4,935259
2013-05-14,762.0,764.5,736.1,745.1,1445969
2013-05-15,746.05,755.0,739.0,745.55,1658584
2013-05-16,747.8,749.15,735.0,738.9,874126
2013-05-17,739.4,749.4,716.65,719.95,1600897
2013-05-20,722.1,734.9,720.25,727.8,816371
2013-05-21,732.0,743.45,730.3,736.65,1055595
2013-05-22,739.0,753.0,738.0,743.65,1086894
2013-05-23,748.0,750.95,731.0,736.85,1205252
2013-05-24,738.3,747.95,731.0,737.55,727613
2013-05-27,736.25,749.4,732.15,741.7,644226
2013-05-28,745.75,747.0,736.2,744.85,725287
2013-05-29,747.5,759.8,744.65,747.5,1067533
2013-05-30,745.95,751.3,735.3,742.0,1069342
2013-05-31,746.0,751.4,740.05,744.85,1262812
2013-06-03,751.7,751.7,735.1,742.15,712247
2013-06-04,746.0,746.0,731.5,735.6,487082
2013-06-05,738.85,738.85,721.2,726.8,459801
2013-06-06,723.0,749.5,721.0,747.65,845536
2013-06-07,741.0,753.9,741.0,744.2,928340
2013-06-10,749.0,756.45,745.25,753.45,1855573
2013-06-11,756.2,772.7,750.0,755.7,1590750
2013-06-12,753.9,769.7,752.5,763.65,1122520
2013-06-13,764.9,766.75,752.75,757.55,1597936
2013-06-14,764.8,766.45,749.05,763.7,958202
2013-06-17,762.0,778.9,756.55,776.3,1062185
2013-06-18,776.7,781.6,771.45,779.8,991275
2013-06-19,780.0,782.75,776.1,779.75,1007598
2013-06-20,777.0,777.0,758.5,759.85,788105
2013-06-21,760.0,766.4,750.0,758.75,749098
2013-06-24,761.0,767.3,754.35,760.75,866165
2013-06-25,758.0,767.0,745.0,751.05,855649
2013-06-26,753.0,772.0,745.0,767.05,878236
2013-06-27,774.95,800.0,772.6,795.4,1924235
2013-06-28,800.0,800.0,769.9,776.0,1642080
2013-07-01,779.9,779.9,755.8,758.4,685642
2013-07-02,762.0,772.7,760.0,766.1,615974
2013-07-03,762.05,776.0,756.65,767.7,816720
2013-07-04,766.05,802.0,766.05,799.75,1720930
2013-07-05,801.1,807.0,792.2,795.65,722626
2013-07-08,802.7,821.6,799.05,818.8,1147819
2013-07-09,816.5,828.15,815.0,822.75,878454
2013-07-10,822.75,844.0,822.0,839.6,1031798
2013-07-11,842.0,849.0,832.4,840.65,873253
2013-07-12,850.0,865.25,847.35,862.6,1213407
2013-07-15,860.5,882.95,860.5,875.25,946621
2013-07-16,864.0,884.9,862.5,877.0,774531
2013-07-17,873.4,888.7,873.3,875.25,830378
2013-07-18,878.9,878.9,855.5,858.85,1060572
2013-07-19,866.8,906.9,866.8,892.25,2384270
2013-07-22,895.0,899.5,876.85,890.25,962916
2013-07-23,891.25,905.85,891.25,900.45,1232825
2013-07-24,894.6,907.95,890.05,900.1,772517
2013-07-25,900.0,912.9,893.0,902.4,1060861
2013-07-26,909.6,918.9,901.8,903.8,1323859
2013-07-29,905.0,907.7,892.35,896.8,956884
2013-07-30,907.0,914.95,902.0,905.65,1555574
2013-07-31,918.0,949.9,877.0,937.55,4041843
2013-08-01,951.0,951.5,926.55,930.7,1590949
2013-08-02,933.0,949.45,926.4,935.95,1382180
2013-08-05,936.25,961.0,936.25,949.65,1000994
2013-08-06,949.0,960.0,940.05,944.45,942372
2013-08-07,952.0,956.0,898.85,906.6,1415259
2013-08-08,898.0,910.35,883.5,905.9,1326896
2013-08-12,914.0,936.0,903.05,933.35,1147861
2013-08-13,938.0,951.7,935.0,940.6,931326
2013-08-14,944.95,946.9,912.85,920.2,1474378
2013-08-16,919.0,940.95,906.0,921.0,2100346
2013-08-19,929.0,937.45,914.75,931.45,1489812
2013-08-20,934.4,934.4,892.65,899.15,1297754
2013-08-21,893.65,913.8,881.3,885.9,1303381
2013-08-22,882.1,906.65,871.7,902.35,1183499
2013-08-23,901.05,953.0,898.6,946.35,1975557
2013-08-26,940.65,966.5,938.6,944.55,1298076
2013-08-27,940.0,960.95,940.0,947.7,789794
2013-08-28,943.0,984.9,942.85,980.15,1640398
2013-08-29,981.0,1026.15,970.35,1017.65,2314667
2013-09-03,1040.0,1046.8,1020.0,1023.85,1179563
2013-09-04,1024.8,1050.85,1015.0,1039.3,1747035
2013-09-05,1042.2,1044.7,1011.1,1019.9,1442083
2013-09-06,1016.0,1041.35,1003.1,1016.95,1370347
2013-09-10,1014.0,1072.95,1011.2,1062.65,2002940
2013-09-11,1069.95,1081.25,1051.5,1066.55,1044213
2013-09-12,1075.5,1081.85,1055.1,1074.35,1443316
2013-09-13,1074.35,1080.1,1038.35,1045.75,1572577
2013-09-16,1052.85,1054.0,984.25,996.4,2511567
2013-09-17,1001.25,1039.8,1001.0,1037.15,906401
2013-09-18,1050.0,1050.0,1018.35,1028.8,931494
2013-09-19,1029.0,1037.85,996.1,1024.0,1311870
2013-09-20,1039.8,1067.6,1029.6,1061.8,1033412
2013-09-23,1056.5,1099.25,1056.5,1091.0,1499327
2013-09-24,1084.6,1103.95,1068.55,1072.6,1431371
2013-09-25,1075.05,1080.95,1053.6,1063.0,1253929
2013-09-26,1065.55,1069.4,1044.2,1052.25,1595110
2013-09-27,1049.4,1084.0,1045.0,1072.75,1003658
2013-09-30,1075.9,1104.0,1072.0,1087.2,1313589
2013-10-01,1085.5,1090.0,1063.85,1071.1,512936
2013-10-03,1080.0,1115.75,1075.0,1104.6,2071978
2013-10-04,1101.25,1119.5,1092.4,1096.8,1349361
2013-10-07,1100.3,1129.55,1100.0,1119.35,1473926
2013-10-08,1119.95,1119.95,1103.4,1106.65,636196
2013-10-09,1106.1,1124.0,1100.55,1111.8,1281639
2013-10-10,1111.8,1130.0,1111.8,1117.65,1451705
2013-10-11,1135.0,1168.4,1118.5,1157.45,2733746
2013-10-14,1165.0,1168.0,1155.2,1159.85,1604851
2013-10-15,1176.0,1178.45,1156.75,1161.15,1394835
2013-10-17,1165.0,1168.3,1077.05,1083.05,4030402
2013-10-18,1083.0,1109.4,1071.1,1102.6,1955024
2013-10-21,1106.0,1114.2,1052.3,1084.1,2245369
2013-10-22,1096.5,1116.5,1085.3,1108.9,1268255
2013-10-23,1119.8,1119.9,1075.1,1106.65,1005364
2013-10-24,1101.0,1110.0,1049.0,1054.65,1802612
2013-10-25,1044.9,1087.9,1042.35,1078.75,1527480
2013-10-28,1071.0,1084.3,1058.0,1062.85,884909
2013-10-29,1065.1,1084.8,1064.8,1080.6,1130903
2013-10-30,1084.0,1094.4,1064.1,1085.95,927366
2013-10-31,1096.0,1111.6,1086.15,1095.35,1873622
2013-11-01,1096.75,1119.9,1096.1,1103.1,1303114
2013-11-05,1092.1,1109.8,1082.05,1101.0,792787
2013-11-06,1101.0,1111.7,1078.9,1083.05,1019628
2013-11-07,1093.9,1123.4,1090.4,1103.1,993212
2013-11-08,1102.5,1132.5,1100.25,1114.3,1148577
2013-11-11,1115.0,1137.9,1096.7,1102.0,840148
2013-11-12,1106.0,1120.5,1093.3,1097.4,1128192
2013-11-13,1090.0,1112.0,1090.0,1096.15,763673
2013-11-14,1089.35,1103.75,1077.55,1084.6,645158
2013-11-18,1073.75,1114.35,1068.7,1096.3,981267
2013-11-19,1103.5,1114.0,1098.5,1102.7,986307
2013-11-20,1109.5,1115.55,1082.55,1086.9,538302
2013-11-21,1092.4,1097.5,1057.75,1061.9,760259
2013-11-22,1060.1,1067.35,1048.4,1050.25,1099709
2013-11-25,1043.0,1069.5,1043.0,1053.0,849588
2013-11-26,1047.0,1068.45,1044.0,1059.75,1500102
2013-11-27,1060.1,1072.0,1055.5,1058.55,706608
2013-11-28,1065.0,1074.4,1057.6,1062.15,914674
2013-11-29,1062.5,1094.25,1062.5,1086.0,900621
2013-12-02,1082.4,1140.0,1082.4,1132.75,1128892
2013-12-03,1130.0,1140.0,1111.1,1118.4,938495
2013-12-04,1120.2,1134.0,1111.3,1116.6,593913
2013-12-05,1130.0,1132.0,1101.35,1108.7,793151
2013-12-06,1104.0,1133.0,1104.0,1126.6,508782
2013-12-09,1131.8,1150.0,1122.7,1143.4,1015877
2013-12-10,1138.05,1165.85,1138.0,1154.85,3106504
2013-12-11,1155.05,1186.0,1155.05,1176.4,2309199
2013-12-12,1171.2,1188.0,1157.0,1180.75,945537
2013-12-13,1173.6,1188.0,1168.05,1181.15,2860261
2013-12-16,1179.5,1192.0,1168.2,1185.7,2060630
2013-12-17,1197.0,1198.0,1167.9,1170.35,1843265
2013-12-18,1172.0,1199.7,1168.8,1197.45,876002
2013-12-19,1197.55,1258.65,1197.45,1236.05,1635838
2013-12-20,1239.7,1251.9,1231.2,1237.7,2920852
2013-12-23,1242.4,1259.95,1237.05,1240.65,1056174
2013-12-24,1244.8,1253.5,1234.0,1237.75,549416
2013-12-26,1240.0,1246.0,1235.0,1244.9,733482
2013-12-27,1248.0,1261.9,1240.0,1246.05,776223
2013-12-30,1259.0,1270.0,1234.1,1246.7,394675
2013-12-31,1251.8,1268.0,1238.15,1262.55,373993
2014-01-01,1268.8,1269.9,1252.3,1258.5,184497
2014-01-02,1260.0,1265.0,1240.15,1251.05,257744
2014-01-03,1245.1,1266.0,1243.45,1259.75,681486
2014-01-06,1265.0,1266.0,1244.3,1250.65,348026
2014-01-07,1256.0,1267.5,1242.15,1256.35,969829
2014-01-08,1258.0,1276.5,1242.2,1246.4,644194
2014-01-09,1250.5,1290.45,1243.1,1285.25,812575
2014-01-10,1298.8,1318.6,1270.0,1298.2,1323124
2014-01-13,1304.7,1353.0,1303.0,1343.35,1152803
2014-01-14,1342.5,1342.5,1315.0,1321.0,640041
2014-01-15,1330.3,1347.4,1323.1,1330.35,979782
2014-01-16,1351.0,1398.0,1340.25,1390.7,3256837
2014-01-17,1389.0,1399.0,1369.8,1379.65,1868474
2014-01-20,1385.5,1437.0,1375.65,1430.6,1898511
2014-01-21,1432.15,1458.55,1430.95,1440.15,1985051
2014-01-22,1440.0,1449.8,1413.15,1444.75,1804019
2014-01-23,1444.75,1444.75,1398.6,1411.7,1510886
2014-01-24,1413.25,1431.05,1400.4,1411.85,1104056
2014-01-27,1410.0,1429.55,1396.6,1424.5,1564091
2014-01-28,1419.0,1426.05,1398.1,1412.45,978666
2014-01-29,1411.0,1435.0,1406.1,1422.3,654069
2014-01-30,1422.9,1445.0,1407.8,1434.2,1361644
2014-01-31,1436.1,1469.9,1430.1,1462.2,949421
2014-02-03,1454.0,1471.15,1448.65,1452.9,605213
2014-02-04,1434.5,1438.0,1375.1,1401.9,1272988
2014-02-05,1412.0,1414.0,1375.5,1393.65,1663836
2014-02-06,1400.0,1411.55,1364.0,1408.7,1342826
2014-02-07,1419.7,1422.9,1385.6,1400.05,1112214
2014-02-10,1404.4,1422.5,1396.6,1416.15,884190
2014-02-11,1415.0,1479.2,1415.0,1473.1,1901827
2014-02-12,1480.0,1510.5,1477.75,1490.8,1852686
2014-02-13,1499.0,1502.35,1480.55,1489.2,1358472
2014-02-14,1494.0,1513.75,1478.6,1497.35,1208412
2014-02-17,1500.0,1522.0,1498.0,1502.4,698027
2014-02-18,1508.0,1514.8,1483.25,1486.65,700536
2014-02-19,1492.0,1500.0,1475.4,1494.35,699062
2014-02-20,1495.0,1497.9,1467.35,1472.9,921830
2014-02-21,1471.0,1546.4,1471.0,1538.2,1472096
2014-02-24,1541.0,1541.0,1520.6,1530.2,704951
2014-02-25,1538.95,1554.85,1535.0,1548.95,699546
2014-02-26,1549.0,1582.15,1541.15,1572.65,1442805
2014-02-28,1530.0,1590.0,1530.0,1575.55,4047036
2014-03-03,1576.0,1576.0,1491.8,1504.65,2231663
2014-03-04,1512.0,1525.0,1475.05,1481.4,1734181
2014-03-05,1486.9,1494.4,1453.35,1462.45,2002769
2014-03-06,1469.4,1499.5,1469.0,1491.85,1872592
2014-03-07,1492.0,1505.0,1456.25,1487.9,2204739
2014-03-10,1478.0,1483.6,1437.5,1441.05,2461035
2014-03-11,1441.05,1467.1,1437.85,1454.55,1895774
2014-03-12,1446.6,1468.45,1440.0,1460.25,1099194
2014-03-13,1445.0,1479.0,1437.3,1459.2,1472872
2014-03-14,1444.6,1445.0,1405.45,1416.85,1402450
2014-03-18,1425.0,1426.85,1408.0,1413.05,1132518
2014-03-19,1404.0,1420.0,1371.25,1403.6,1609316
2014-03-20,1396.0,1425.9,1396.0,1407.35,1236041
2014-03-21,1411.0,1456.7,1397.5,1426.3,1968169
2014-03-24,1440.0,1450.0,1408.85,1414.35,961423
2014-03-25,1411.1,1429.5,1393.4,1397.7,1258823
2014-03-26,1405.0,1408.0,1385.0,1397.1,1188396
2014-03-27,1405.0,1405.0,1382.75,1389.15,1782659
2014-03-28,1401.0,1422.0,1395.3,1405.8,1082735
2014-03-31,1405.0,1405.0,1381.0,1390.7,981507
2014-04-01,1410.0,1429.5,1400.0,1418.45,1490724
2014-04-02,1432.0,1436.8,1422.2,1425.7,1207771
2014-04-03,1438.1,1440.0,1413.0,1424.3,1266432
2014-04-04,1440.3,1440.3,1395.0,1397.9,1054941
2014-04-07,1397.5,1411.7,1383.65,1406.45,984286
2014-04-09,1395.5,1405.0,1367.2,1380.25,1767317
2014-04-10,1380.0,1389.0,1349.95,1357.4,1417498
2014-04-11,1342.3,1405.0,1335.0,1400.65,1872522
2014-04-15,1407.0,1437.25,1397.9,1424.8,1735953
2014-04-16,1438.5,1438.5,1402.0,1412.5,1179914
2014-04-17,1451.0,1452.8,1415.0,1424.75,1519615
2014-04-21,1438.0,1443.3,1421.2,1439.7,940025
2014-04-22,1431.1,1460.0,1431.1,1452.65,987317
2014-04-23,1453.0,1460.0,1434.0,1438.45,1687118
2014-04-25,1448.05,1463.8,1432.95,1449.4,1211783
2014-04-28,1450.0,1455.0,1415.6,1419.6,1065907
2014-04-29,1421.0,1433.6,1407.8,1414.45,678726
2014-04-30,1410.55,1428.7,1395.45,1402.9,607572
2014-05-02,1403.0,1432.7,1386.0,1424.75,636812
2014-05-05,1430.0,1438.4,1373.0,1381.8,757532
2014-05-06,1381.15,1393.0,1369.05,1382.55,641775
2014-05-07,1392.0,1403.5,1316.15,1320.8,1346676
2014-05-08,1335.0,1346.35,1312.1,1339.8,951633
2014-05-09,1339.0,1378.0,1335.15,1370.7,1007637
2014-05-12,1362.0,1401.2,1342.7,1394.4,1068314
2014-05-13,1396.65,1445.2,1396.65,1432.9,669927
2014-05-14,1434.0,1447.95,1396.0,1411.4,968099
2014-05-15,1400.6,1426.95,1392.1,1405.8,654619
2014-05-16,1405.0,1445.8,1358.8,1365.15,1582944
2014-05-19,1377.8,1377.8,1256.0,1307.2,1917250
2014-05-20,1300.0,1343.0,1263.45,1308.5,2050177
2014-05-21,1310.3,1343.0,1310.1,1336.05,1001627
2014-05-22,1336.05,1339.9,1313.0,1323.85,1125954
2014-05-23,1317.15,1351.85,1317.15,1341.05,1212189
2014-05-26,1341.0,1399.0,1332.6,1386.2,1085650
2014-05-27,1392.0,1424.45,1367.55,1383.5,853105
2014-05-28,1385.05,1452.75,1378.0,1440.45,1385530
2014-05-29,1455.0,1455.0,1385.05,1399.75,1148900
2014-05-30,1400.0,1432.0,1376.75,1418.55,882870
2014-06-02,1420.05,1424.75,1376.75,1382.8,643481
2014-06-03,1385.0,1390.0,1341.0,1348.3,1186999
2014-06-04,1342.1,1355.0,1301.6,1308.25,1421146
2014-06-05,1318.8,1339.5,1307.0,1332.9,1148076
2014-06-06,1326.25,1334.35,1314.5,1327.7,1275264
2014-06-09,1328.05,1371.05,1328.0,1367.7,1088338
2014-06-10,1372.0,1402.0,1364.3,1398.25,945288
2014-06-11,1403.0,1418.0,1387.2,1405.8,878710
2014-06-12,1403.3,1421.9,1381.4,1406.75,1008383
2014-06-13,1407.95,1445.0,1386.0,1438.95,1173641
2014-06-16,1442.9,1448.0,1411.95,1422.45,1227055
2014-06-17,1436.0,1474.0,1435.5,1454.45,1982665
2014-06-18,1447.0,1457.15,1426.0,1436.85,1239131
2014-06-19,1426.0,1463.8,1409.6,1458.6,1289988
2014-06-20,1467.0,1468.9,1434.55,1443.95,1431405
2014-06-23,1428.65,1443.4,1410.0,1419.05,556326
2014-06-24,1415.0,1422.85,1404.0,1415.95,638942
2014-06-25,1415.95,1438.4,1408.9,1418.9,488010
2014-06-26,1420.0,1446.45,1410.9,1434.1,1029878
2014-06-27,1433.0,1485.75,1425.85,1481.45,1767254
2014-06-30,1492.9,1508.0,1485.0,1500.15,1002241
2014-07-01,1495.0,1502.95,1478.0,1497.55,922736
2014-07-02,1493.8,1496.2,1472.1,1480.3,627393
2014-07-03,1460.0,1491.0,1460.0,1466.45,1297500
2014-07-04,1473.85,1484.6,1468.7,1480.35,333067
2014-07-07,1490.0,1512.0,1475.05,1508.5,1097565
2014-07-08,1523.35,1523.35,1470.0,1478.15,1397041
2014-07-09,1495.0,1495.0,1455.4,1473.2,1822432
2014-07-10,1472.0,1497.9,1460.6,1472.4,648257
2014-07-11,1494.0,1509.0,1480.35,1501.4,935379
2014-07-14,1495.4,1502.0,1440.0,1448.95,1636422
2014-07-15,1450.0,1473.3,1450.0,1462.5,613256
2014-07-16,1468.0,1477.15,1451.0,1469.65,604172
2014-07-17,1472.05,1483.35,1459.0,1466.8,365825
2014-07-18,1485.0,1508.25,1480.1,1500.25,630935
2014-07-21,1510.0,1519.0,1500.1,1508.05,770695
2014-07-22,1502.0,1533.4,1496.0,1528.9,881286
2014-07-23,1535.0,1550.0,1518.9,1542.1,865476
2014-07-24,1548.65,1588.45,1545.0,1582.5,944805
2014-07-25,1586.0,1586.0,1558.45,1582.35,1098648
2014-07-28,1582.35,1625.0,1571.1,1614.35,1886724
2014-07-30,1610.0,1616.55,1591.1,1597.55,1143846
2014-07-31,1594.05,1595.0,1541.1,1555.1,2356859
2014-08-01,1545.25,1550.0,1507.0,1515.25,1933511
2014-08-04,1520.0,1564.0,1520.0,1555.0,1283058
2014-08-05,1552.0,1560.15,1528.15,1544.45,724242
2014-08-06,1545.0,1558.9,1535.35,1547.65,619732
2014-08-07,1532.0,1541.35,1510.0,1518.25,766414
2014-08-08,1514.95,1540.7,1512.1,1532.8,678984
2014-08-11,1534.0,1542.85,1502.2,1515.3,713553
2014-08-12,1518.0,1522.05,1502.7,1517.15,582142
2014-08-13,1530.0,1567.6,1511.2,1560.15,960336
2014-08-14,1574.75,1577.0,1522.0,1538.0,632920
2014-08-18,1550.6,1553.95,1518.0,1523.05,569899
2014-08-19,1533.0,1542.0,1525.65,1538.75,447389
2014-08-20,1548.9,1564.95,1538.65,1558.55,751420
2014-08-21,1563.0,1585.4,1540.2,1555.55,1067550
2014-08-22,1551.2,1614.95,1551.2,1594.75,1218155
2014-08-25,1600.0,1618.0,1584.5,1597.7,721143
2014-08-26,1599.9,1617.5,1568.5,1601.6,921412
2014-08-27,1604.9,1655.7,1604.9,1649.9,1241469
2014-08-28,1651.0,1665.75,1624.8,1630.75,1293453
2014-09-01,1659.0,1659.0,1633.5,1637.4,372136
2014-09-02,1642.5,1657.0,1624.25,1648.0,423010
2014-09-03,1650.0,1672.0,1642.75,1658.0,1263103
2014-09-04,1668.75,1673.85,1652.55,1661.05,581000
2014-09-05,1665.9,1671.95,1651.0,1664.3,566480
2014-09-08,1674.85,1683.05,1653.4,1666.25,522621
2014-09-09,1670.0,1672.0,1636.1,1640.8,512588
2014-09-10,1635.0,1655.9,1628.3,1635.0,433242
2014-09-11,1644.8,1654.8,1621.35,1637.7,640415
2014-09-12,1634.0,1638.0,1612.7,1621.0,772824
2014-09-15,1622.05,1625.0,1605.4,1609.7,681432
2014-09-16,1605.1,1637.8,1594.9,1605.55,557917
2014-09-17,1600.85,1635.0,1600.8,1626.55,603870
2014-09-18,1626.0,1652.3,1610.3,1636.9,714332
2014-09-19,1640.0,1711.0,1634.05,1673.55,2196038
2014-09-22,1670.85,1702.85,1655.0,1699.35,482580
2014-09-23,1700.0,1735.0,1696.8,1724.45,1693785
2014-09-24,1725.0,1735.0,1703.75,1709.4,553312
2014-09-25,1710.4,1730.0,1694.65,1708.45,779813
2014-09-26,1719.8,1725.0,1691.2,1714.0,775230
2014-09-29,1715.85,1727.45,1700.4,1706.0,680007
2014-09-30,1714.0,1724.0,1706.05,1714.75,850148
2014-10-01,1720.0,1755.5,1713.35,1740.15,1609259
2014-10-07,1716.5,1776.25,1716.5,1729.2,1204104
2014-10-08,1725.1,1744.55,1665.0,1673.1,1077075
2014-10-09,1681.0,1710.0,1671.0,1695.5,542317
2014-10-10,1700.1,1743.0,1686.95,1737.5,1037543
2014-10-13,1741.9,1768.25,1721.5,1755.8,904693
2014-10-14,1732.7,1754.4,1716.6,1723.0,712460
2014-10-16,1722.7,1740.5,1648.05,1655.85,1283230
2014-10-17,1585.0,1593.15,1497.3,1505.5,4321027
2014-10-20,1530.0,1535.0,1480.0,1496.35,2171626
2014-10-21,1497.0,1514.0,1485.05,1505.1,1495094
2014-10-22,1520.3,1523.95,1502.0,1513.25,662025
2014-10-23,1530.0,1535.0,1519.15,1525.65,121186
2014-10-27,1538.0,1538.0,1487.0,1496.75,1908830
2014-10-28,1491.05,1511.0,1480.0,1501.15,1138698
2014-10-29,1495.35,1519.0,1495.35,1512.0,1315532
2014-10-30,1517.95,1587.6,1517.95,1576.75,1865724
2014-10-31,1588.0,1624.65,1583.85,1608.4,845271
2014-11-03,1615.0,1628.3,1566.1,1570.8,1122425
2014-11-05,1571.0,1611.0,1552.0,1605.0,1130388
2014-11-07,1601.25,1624.95,1601.25,1618.65,1231084
2014-11-10,1618.65,1626.0,1585.0,1617.55,720124
2014-11-11,1607.0,1627.0,1605.0,1615.5,562377
2014-11-12,1619.8,1619.8,1591.4,1600.5,1029955
2014-11-13,1604.95,1647.0,1588.15,1639.5,836209
2014-11-14,1622.1,1650.0,1606.0,1610.7,971486
2014-11-17,1615.9,1623.9,1598.35,1619.65,787998
2014-11-18,1625.0,1625.0,1598.0,1600.7,623374
2014-11-19,1600.05,1635.0,1600.05,1631.15,566124
2014-11-20,1640.0,1652.0,1622.2,1649.0,649613
2014-11-21,1656.0,1656.0,1630.1,1642.65,548719
2014-11-24,1643.0,1689.5,1638.35,1673.25,760841
2014-11-25,1680.0,1697.0,1620.1,1657.55,928480
2014-11-26,1641.6,1651.05,1616.0,1633.15,806708
2014-11-27,1635.0,1674.75,1623.0,1664.35,965513
2014-11-28,1670.0,1678.4,1644.7,1662.35,468068
2014-12-01,1665.0,1689.8,1650.0,1671.15,623626
2014-12-02,1660.0,1675.0,1638.05,1641.3,368648
2014-12-03,1657.5,1661.0,1631.35,1654.6,654889
2014-12-04,1648.6,1659.85,1616.6,1623.85,697292
2014-12-05,1627.95,1628.0,1592.0,1596.8,1392962
2014-12-08,1591.1,1594.0,1540.0,1559.5,1283165
2014-12-09,1562.8,1576.15,1546.3,1560.7,1195861
2014-12-10,1565.0,1580.0,1546.7,1572.55,643510
2014-12-11,1561.0,1579.85,1543.2,1552.05,757714
2014-12-12,1550.1,1565.85,1506.0,1512.5,1091197
2014-12-15,1499.9,1506.7,1450.0,1485.3,1160346
2014-12-16,1472.0,1566.45,1472.0,1558.9,1085514
2014-12-17,1559.9,1560.0,1510.0,1539.4,1088722
2014-12-18,1545.0,1562.0,1520.1,1554.25,871283
2014-12-19,1564.3,1601.0,1545.55,1589.2,1012899
2014-12-22,1584.05,1594.9,1564.8,1588.5,409772
2014-12-23,1578.5,1584.15,1522.0,1537.35,1007633
2014-12-24,1539.5,1563.8,1415.0,1539.7,2025094
2014-12-26,1541.55,1567.8,1522.0,1564.65,526667
2014-12-29,1576.0,1587.5,1570.05,1580.05,300960
2014-12-30,1576.0,1595.85,1570.45,1589.1,325417
2014-12-31,1589.0,1609.8,1563.8,1596.9,727322
2015-01-01,1599.0,1611.65,1585.6,1606.8,334123
2015-01-02,1602.05,1618.95,1600.05,1605.25,233343
2015-01-05,1615.0,1615.0,1568.7,1578.25,503156
2015-01-06,1574.0,1574.4,1522.65,1536.1,867602
2015-01-07,1539.5,1548.0,1492.7,1499.6,885140
2015-01-08,1517.0,1540.0,1495.0,1534.3,976509
2015-01-09,1536.65,1583.65,1522.9,1545.55,1541112
2015-01-12,1555.1,1579.0,1540.7,1575.55,665421
2015-01-13,1575.55,1594.95,1563.35,1583.6,729018
2015-01-14,1595.9,1598.8,1550.3,1578.8,1033319
2015-01-15,1594.95,1618.45,1552.45,1593.25,914744
2015-01-16,1594.0,1644.1,1575.55,1639.0,796337
2015-01-19,1650.0,1730.0,1639.8,1644.65,833958
2015-01-20,1662.5,1679.25,1649.7,1672.15,774817
2015-01-21,1661.2,1692.0,1641.0,1687.25,1885258
2015-01-22,1688.0,1693.05,1657.0,1665.7,942276
2015-01-23,1663.1,1668.9,1631.3,1646.65,1170769
2015-01-27,1648.9,1648.9,1607.55,1616.35,1115443
2015-01-28,1610.0,1665.75,1610.0,1659.4,1043347
2015-01-29,1658.0,1662.7,1608.9,1648.95,1187860
2015-01-30,1810.0,1820.0,1753.15,1791.75,5353836
2015-02-02,1800.0,1900.0,1798.05,1891.0,2522439
2015-02-03,1910.0,1915.0,1871.0,1900.25,2110568
2015-02-04,1900.0,1910.0,1885.55,1900.35,1234975
2015-02-05,1900.0,1980.85,1886.95,1972.65,2123724
2015-02-06,1970.0,1997.0,1945.3,1954.7,1005962
2015-02-09,1941.0,2009.5,1931.3,1994.3,1167627
2015-02-10,1985.0,1987.85,1925.0,1933.35,1446602
2015-02-11,1939.7,1967.0,1921.2,1955.7,535629
2015-02-12,1950.0,1990.0,1949.0,1984.4,1091344
2015-02-13,1990.0,2004.0,1976.8,1992.95,821502
2015-02-16,1995.05,2008.0,1980.6,1984.85,756217
2015-02-18,1991.55,2040.0,1987.55,2033.15,1581951
2015-02-19,2030.0,2054.7,2020.0,2048.15,1034238
2015-02-20,2050.0,2055.0,1996.1,2000.75,667143
2015-02-23,2000.0,2027.7,1958.45,1971.0,666585
2015-02-24,1971.0,1998.8,1955.65,1976.05,910762
2015-02-25,1989.5,1993.6,1971.8,1983.2,569087
2015-02-26,1983.0,2008.0,1964.95,1975.45,1039161
2015-02-27,1989.0,2025.65,1975.45,2022.0,1202205
2015-03-02,2040.9,2040.9,2000.35,2024.85,1024584
2015-03-03,2031.0,2044.9,1985.05,2031.2,1076672
2015-03-04,2037.0,2051.7,2020.0,2036.0,857577
2015-03-05,2036.0,2074.9,2035.95,2065.0,862179
2015-03-09,2056.75,2074.9,2011.0,2065.7,1638942
2015-03-10,2055.0,2069.0,2028.0,2044.15,1356372
2015-03-11,2060.0,2116.9,2035.55,2059.05,2518565
2015-03-12,2065.0,2079.3,2042.25,2052.7,1220110
2015-03-13,2058.8,2059.0,1981.05,2012.6,1592242
2015-03-16,2020.0,2066.0,2014.0,2057.0,1984459
2015-03-17,2066.8,2068.9,2033.0,2039.1,2501861
2015-03-18,2040.0,2052.75,1995.05,2006.55,4731960
2015-03-19,990.0,1006.4,972.0,979.65,5081620
2015-03-20,979.95,985.0,965.75,979.9,3135554
2015-03-23,980.55,987.6,961.75,968.4,1948568
2015-03-24,969.0,979.0,960.35,970.35,2649348
2015-03-25,972.0,1017.8,969.1,1007.15,3759287
2015-03-26,1006.0,1010.0,978.1,987.4,3524064
2015-03-27,983.4,1003.0,954.9,962.85,2140165
2015-03-30,966.0,986.2,956.5,980.45,1637532
2015-03-31,980.0,984.05,967.0,980.4,1863338
2015-04-01,947.0,963.0,935.0,940.85,4140584
2015-04-06,933.0,939.0,912.15,932.05,3864374
2015-04-07,939.8,956.0,927.45,934.55,2174069
2015-04-08,944.95,969.0,940.0,958.85,1793667
2015-04-09,969.0,969.0,941.0,964.15,1337066
2015-04-10,959.3,977.7,956.0,967.25,1418739
2015-04-13,967.9,978.5,955.0,976.05,1549571
2015-04-15,978.0,978.0,938.75,944.5,1549286
2015-04-16,949.0,957.9,933.5,954.25,1028691
2015-04-17,948.0,950.7,934.45,940.1,1569116
2015-04-20,945.0,947.7,912.55,924.3,1611552
2015-04-21,840.8,920.0,835.1,890.65,7298142
2015-04-22,884.5,891.9,863.1,877.3,3967341
2015-04-23,882.8,907.0,882.25,895.0,3195690
2015-04-24,891.0,912.8,887.4,896.95,3203245
2015-04-27,896.05,905.95,874.0,883.2,1894616
2015-04-28,878.65,883.75,854.35,870.5,2901828
2015-04-29,870.5,893.2,858.45,887.2,2038048
2015-04-30,882.1,888.0,862.5,880.55,3669235
2015-05-04,880.55,926.75,865.8,919.8,1676262
2015-05-05,923.0,929.0,905.15,911.95,1729767
2015-05-06,907.05,925.8,880.2,891.15,2297639
2015-05-07,896.1,924.95,880.1,920.75,1819982
2015-05-08,927.45,948.75,915.95,925.5,1789684
2015-05-11,934.5,949.5,923.4,941.9,1796106
2015-05-12,942.0,943.45,910.5,915.65,1232315
2015-05-13,916.0,944.0,916.0,937.3,1387412
2015-05-14,938.8,942.0,918.0,925.3,1126213
2015-05-15,925.0,934.8,907.5,913.9,1702804
2015-05-18,917.5,933.5,901.9,930.55,1507066
2015-05-19,930.0,936.75,920.0,934.15,1294467
2015-05-20,941.0,963.75,939.25,960.1,1536772
2015-05-21,963.95,973.95,960.0,970.25,1046384
2015-05-22,963.25,988.0,957.45,984.15,1497830
2015-05-25,985.0,1010.0,973.25,999.15,1645683
2015-05-26,999.75,1007.0,985.5,993.5,1231054
2015-05-27,990.0,1004.95,984.3,991.5,1472721
2015-05-28,986.1,996.65,958.5,980.1,1668616
2015-05-29,976.0,1044.95,962.0,1010.75,5679338
2015-06-01,992.8,998.5,969.25,973.3,1152294
2015-06-02,977.0,986.9,946.7,952.7,1165720
2015-06-03,955.25,966.0,932.45,952.3,1809987
2015-06-04,942.1,948.8,934.3,940.65,1553726
2015-06-05,941.0,948.9,925.5,929.0,1500323
2015-06-08,919.0,928.0,912.95,918.95,1489430
2015-06-09,915.05,925.0,901.25,911.4,1221204
2015-06-10,915.0,946.0,909.75,942.55,2586123
2015-06-11,940.05,944.95,910.5,914.8,1820636
2015-06-12,913.9,913.9,882.75,896.35,1846528
2015-06-15,899.0,922.85,891.0,908.05,858671
2015-06-16,909.7,911.65,898.4,906.3,889162
2015-06-17,910.15,918.6,899.6,906.3,1250882
2015-06-18,915.4,920.55,904.2,913.75,1318708
2015-06-19,915.05,937.5,913.75,918.2,1781808
2015-06-22,919.2,935.5,912.0,931.55,825531
2015-06-23,939.7,949.35,925.25,927.45,1100134
2015-06-24,929.0,943.9,928.5,938.1,1308655
2015-06-25,930.0,933.05,913.8,926.1,1551251
2015-06-26,927.0,960.0,927.0,957.25,1585119
2015-06-29,932.0,949.45,919.4,928.4,1168363
2015-06-30,927.55,929.55,911.0,919.75,1987484
2015-07-01,917.25,949.0,917.1,944.05,1074033
2015-07-02,945.2,959.95,940.5,954.5,988524
2015-07-03,947.0,969.0,940.0,964.9,862826
2015-07-06,945.1,975.5,943.5,969.95,812041
2015-07-07,965.0,967.8,933.0,936.3,1272322
2015-07-08,925.0,947.0,925.0,933.0,1174813
2015-07-09,939.0,939.0,912.25,917.45,1149840
2015-07-10,930.0,930.0,917.05,925.65,1180228
2015-07-13,934.9,963.0,934.6,960.85,1207758
2015-07-14,963.0,968.0,948.0,954.95,1212070
2015-07-15,951.95,957.45,943.0,948.15,1195981
2015-07-16,958.8,963.6,945.05,956.55,885054
2015-07-17,963.0,973.0,952.55,955.4,1036935
2015-07-20,956.7,959.8,943.0,946.65,706592
2015-07-21,948.4,990.0,947.9,974.8,1981554
2015-07-22,974.8,985.95,967.3,983.05,700649
2015-07-23,984.0,994.95,965.6,970.05,797666
2015-07-24,980.7,980.7,950.55,952.65,1183858
2015-07-27,951.85,958.25,923.25,937.1,1675704
2015-07-28,937.7,948.95,920.15,923.35,1196090
2015-07-29,934.0,954.0,925.3,951.35,1453391
2015-07-30,959.9,973.0,953.05,957.9,1546723
2015-07-31,956.0,1006.0,956.0,998.25,1966896
2015-08-03,952.45,963.45,934.3,938.85,3535809
2015-08-04,942.6,950.0,930.0,932.9,1904723
2015-08-05,938.9,945.0,931.2,937.4,1179308
2015-08-06,946.2,950.0,941.65,946.0,934864
2015-08-07,946.0,947.25,935.5,939.35,909093
2015-08-10,939.25,950.0,930.1,936.45,1108373
2015-08-11,941.2,946.0,937.0,940.4,859189
2015-08-12,941.8,973.6,940.7,970.8,2109886
2015-08-13,977.8,988.9,956.1,965.55,1578497
2015-08-14,967.1,983.9,961.85,973.7,789248
2015-08-17,976.4,980.2,962.0,968.45,840623
2015-08-18,973.95,985.95,965.0,969.6,1611508
2015-08-19,975.05,997.7,971.5,988.15,1645732
2015-08-20,992.45,992.45,956.5,961.25,1259335
2015-08-21,957.0,977.5,940.0,964.9,1797630
2015-08-24,944.0,948.8,919.05,927.9,2108447
2015-08-25,930.0,933.7,889.9,914.05,2735019
2015-08-26,912.1,934.9,884.0,902.45,2404510
2015-08-27,908.1,927.95,905.4,913.1,2027885
2015-08-28,924.6,954.9,924.5,952.2,1540899
2015-08-31,958.2,980.0,958.2,971.05,2721287
2015-09-01,967.0,976.5,926.0,947.6,1423923
2015-09-02,950.0,968.95,944.1,948.9,2045060
2015-09-03,962.0,966.75,950.5,961.0,1125982
2015-09-04,958.25,964.35,936.0,940.3,1332890
2015-09-07,940.0,944.95,915.0,920.85,670252
2015-09-08,918.0,944.05,918.0,936.35,1188331
2015-09-09,943.0,956.0,938.0,943.2,1053214
2015-09-10,933.0,936.0,909.0,915.9,2059423
2015-09-11,921.0,924.95,906.45,920.2,1101375
2015-09-14,921.2,931.0,917.2,928.55,769871
2015-09-15,930.0,931.6,921.0,928.8,1225838
2015-09-16,938.0,947.65,930.15,938.9,900533
2015-09-18,954.0,955.9,937.6,950.55,1423976
2015-09-21,942.05,969.25,941.7,944.0,986281
2015-09-22,947.0,965.5,931.0,943.2,1607309
2015-09-23,935.0,935.0,912.75,927.1,1138259
2015-09-24,928.0,958.5,927.6,954.95,1531310
2015-09-28,956.0,964.45,945.0,950.5,778719
2015-09-29,940.0,960.5,940.0,953.7,1409214
2015-09-30,962.0,989.7,953.85,982.15,1758142
2015-10-01,890.0,914.8,834.85,857.05,13383212
2015-10-05,845.7,870.8,838.05,859.9,6691881
2015-10-06,863.0,868.0,848.7,853.6,2954731
2015-10-07,845.0,848.75,811.1,817.2,6876337
2015-10-08,828.8,837.4,812.5,828.2,8608424
2015-10-09,835.5,850.8,833.5,849.2,4734168
2015-10-12,859.0,860.95,829.65,855.1,2417923
2015-10-13,852.0,853.0,826.35,829.9,2918689
2015-10-14,829.0,838.95,825.0,833.55,1351079
2015-10-15,835.0,838.9,828.0,835.0,1822338
2015-10-16,836.05,845.75,835.0,841.15,1135082
2015-10-19,830.0,861.0,818.7,857.75,5025990
2015-10-20,859.0,868.5,848.45,864.3,2835279
2015-10-21,866.8,868.95,852.1,863.05,1297348
2015-10-23,867.0,869.9,848.0,852.95,1532429
2015-10-26,859.35,868.65,857.1,863.55,2078720
2015-10-27,863.0,874.0,854.6,867.65,1540700
2015-10-28,867.0,880.0,854.0,877.55,1675640
2015-10-29,877.7,885.2,873.25,875.9,2121777
2015-10-30,876.0,877.0,867.55,871.7,1327897
2015-11-02,875.0,880.9,870.1,876.3,1010052
2015-11-03,876.25,881.9,874.25,876.1,1057805
2015-11-04,879.0,884.4,875.0,881.6,841844
2015-11-05,881.6,883.8,874.05,877.5,1185249
2015-11-06,877.5,889.5,874.6,885.45,1326926
2015-11-09,878.9,885.0,870.1,882.5,1521940
2015-11-10,876.25,879.85,847.2,851.3,839191
2015-11-11,854.9,860.0,842.0,852.35,113979
2015-11-13,825.0,856.8,823.2,843.4,1475398
2015-11-16,828.1,842.4,825.0,838.6,1438057
2015-11-17,844.5,859.9,835.75,856.75,1702888
2015-11-18,853.95,853.95,835.25,845.65,1523474
2015-11-19,850.0,876.85,846.05,873.95,1764168
2015-11-20,872.0,874.4,855.5,866.55,1693461
2015-11-23,862.0,867.95,858.6,863.75,589656
2015-11-24,862.1,872.5,856.6,866.2,1124337
2015-11-26,861.2,869.0,856.85,862.9,1040829
2015-11-27,864.0,875.0,863.2,872.55,790471
2015-11-30,872.15,881.75,862.65,870.95,2582573
2015-12-01,870.95,885.7,869.05,877.7,1273589
2015-12-02,882.0,882.0,856.0,859.65,1287691
2015-12-03,856.0,856.0,849.25,851.15,1918307
2015-12-04,849.25,850.0,831.15,836.0,1889164
2015-12-07,840.2,852.85,834.0,842.3,1311092
2015-12-08,841.65,867.9,841.65,858.05,1588129
2015-12-09,857.0,857.0,839.7,844.25,1302201
2015-12-10,844.0,850.0,837.0,845.7,918908
2015-12-11,849.9,849.9,836.25,840.6,531147
2015-12-14,843.0,852.65,826.0,840.85,768230
2015-12-15,849.7,849.7,840.9,845.2,804676
2015-12-16,849.3,859.8,842.7,847.05,815360
2015-12-17,851.45,864.3,847.25,860.45,969882
2015-12-18,860.0,865.0,844.9,846.15,1419129
2015-12-21,845.0,857.95,843.15,855.45,458852
2015-12-22,855.0,855.45,845.85,849.25,718460
2015-12-23,850.0,865.45,849.5,863.8,673209
2015-12-24,860.7,866.0,855.55,860.3,370778
2015-12-28,858.5,874.0,853.85,867.7,901833
2015-12-29,864.95,866.0,846.55,854.5,1142764
2015-12-30,854.85,858.5,838.0,840.5,876037
2015-12-31,837.0,860.0,836.95,855.1,873853
2016-01-01,855.1,855.1,843.5,845.85,485196
2016-01-04,841.0,854.95,837.45,845.95,1086036
2016-01-05,848.95,851.05,836.4,842.8,732691
2016-01-06,853.7,853.7,837.0,841.4,1398935
2016-01-07,836.1,837.9,819.0,825.05,1450657
2016-01-08,828.0,836.75,813.8,828.35,1688435
2016-01-11,815.0,833.0,811.1,814.55,1267638
2016-01-12,818.0,819.0,798.05,810.05,1157664
2016-01-13,814.8,829.85,804.3,826.4,1579234
2016-01-14,810.05,841.8,810.05,828.85,2540610
2016-01-15,828.5,842.0,816.0,838.05,2285591
2016-01-18,831.1,853.95,831.1,842.35,1887068
2016-01-19,867.0,870.0,800.0,838.25,5309499
2016-01-20,831.05,846.0,823.0,841.9,1988009
2016-01-21,844.0,850.15,831.25,835.25,1674215
2016-01-22,838.0,850.95,831.9,839.25,1009239
2016-01-25,847.5,858.9,836.85,838.7,1095067
2016-01-27,838.0,840.9,830.2,836.0,1100759
2016-01-28,833.0,849.8,829.7,844.5,1600653
2016-01-29,845.25,870.0,842.3,865.75,1917557
2016-02-01,865.8,889.9,865.8,880.3,1297246
2016-02-02,880.0,885.0,867.05,872.65,1112732
2016-02-03,866.35,870.0,848.85,852.1,978045
2016-02-04,855.1,874.8,848.95,867.35,1317307
2016-02-05,877.0,877.0,858.35,869.65,983851
2016-02-08,866.1,868.95,846.0,849.75,805217
2016-02-09,843.0,844.0,805.95,810.45,1667218
2016-02-10,815.5,833.0,807.6,827.4,1132697
2016-02-11,827.4,827.4,801.6,808.0,1619207
2016-02-12,814.0,825.85,784.95,798.25,1392467
2016-02-17,829.95,835.0,816.35,824.8,1360181
2016-02-18,829.05,847.0,827.35,843.95,1064582
2016-02-19,842.0,857.0,828.4,851.55,1183068
2016-02-22,849.8,849.8,840.1,845.95,923775
2016-02-23,845.0,849.0,827.0,828.95,630477
2016-02-24,829.6,839.0,809.0,811.05,861124
2016-02-25,807.0,815.0,799.7,808.75,809816
2016-02-26,814.35,832.0,814.0,824.65,1023912
2016-02-29,822.0,831.65,795.0,813.25,1547030
2016-03-01,813.9,841.4,809.0,832.15,1057236
2016-03-02,837.0,865.0,829.35,854.85,1639639
2016-03-03,865.0,866.35,851.6,859.3,1007921
2016-03-04,860.2,861.1,830.35,835.4,1777388
2016-03-08,828.0,831.95,809.45,815.25,3245006
2016-03-09,813.95,818.0,801.35,815.65,6110739
2016-03-10,821.8,822.9,806.4,817.85,2507897
2016-03-11,817.0,825.0,812.5,823.05,2120515
2016-03-14,823.85,830.4,822.0,827.9,1426361
2016-03-15,826.0,826.95,810.5,811.85,1355645
2016-03-16,813.45,816.5,807.5,814.9,1218254
2016-03-17,820.0,829.0,810.55,815.3,1714817
2016-03-18,816.0,828.8,815.0,824.15,1661532
2016-03-21,828.0,828.0,815.2,822.55,1658201
2016-03-22,820.75,831.0,817.0,828.45,2733211
2016-03-23,828.0,830.0,813.4,817.7,2509320
2016-03-28,819.9,826.5,806.45,810.65,2957244
2016-03-29,814.6,816.2,799.9,806.8,2531685
2016-03-30,805.45,822.0,805.45,820.6,2302342
2016-03-31,815.0,824.5,809.9,814.1,4586967
2016-04-01,820.0,824.0,807.0,820.4,2664808
2016-04-04,815.0,841.95,815.0,839.85,2830985
2016-04-05,839.85,848.9,832.55,843.25,2499888
2016-04-06,847.0,847.95,826.1,838.75,1082920
2016-04-07,846.9,846.9,827.0,828.45,940830
2016-04-08,831.85,836.0,825.6,833.1,722892
2016-04-11,836.45,841.95,824.4,839.3,970273
2016-04-12,843.0,845.0,831.25,839.65,709686
2016-04-13,844.95,846.5,835.15,837.55,1318204
2016-04-18,845.05,860.65,845.0,853.3,2926522
2016-04-20,862.5,862.5,835.5,841.2,1389011
2016-04-21,844.0,855.35,838.5,846.25,1117527
2016-04-22,838.35,852.9,838.35,845.15,1110859
2016-04-25,841.25,850.0,841.25,845.1,831430
2016-04-26,839.05,855.4,833.15,849.8,1128563
2016-04-27,849.5,855.9,831.05,837.55,2275086
2016-04-28,805.0,823.0,796.65,799.9,8921956
2016-04-29,794.0,794.0,747.2,750.3,8989331
2016-05-02,750.0,756.3,740.1,742.2,2510583
2016-05-03,747.0,747.55,726.05,728.4,3499904
2016-05-04,727.0,740.5,726.25,737.1,3202055
2016-05-05,736.8,739.8,725.5,732.9,2538933
2016-05-06,732.95,732.95,721.0,722.6,3068239
2016-05-09,724.0,733.0,718.25,721.4,3692451
2016-05-10,723.5,724.2,716.1,718.8,2700968
2016-05-11,711.0,716.8,706.4,708.75,4210844
2016-05-12,711.0,718.9,709.5,714.7,1779323
2016-05-13,718.0,727.0,713.0,723.15,3575454
2016-05-16,725.55,725.6,716.15,718.95,1616514
2016-05-17,720.0,739.0,720.0,732.3,3917360
2016-05-18,732.0,744.6,727.0,742.25,2124598
2016-05-19,738.0,744.0,727.5,730.1,1745341
2016-05-20,729.0,740.0,729.0,736.65,1923380
2016-05-23,738.35,739.85,732.0,733.55,1038296
2016-05-24,735.0,741.45,730.05,739.25,1395015
2016-05-25,742.0,750.4,740.15,749.35,1686747
2016-05-26,751.05,752.0,736.65,740.9,3231109
2016-05-27,742.6,759.7,742.6,757.6,3045095
2016-05-30,761.1,763.7,745.2,747.55,1593326
2016-05-31,748.0,753.35,736.35,739.8,15048108
2016-06-01,744.0,744.35,731.7,734.55,2246778
2016-06-02,735.0,739.6,715.5,721.35,4293828
2016-06-03,725.3,726.45,720.7,721.9,1503353
2016-06-06,722.0,728.7,715.6,724.6,2040535
2016-06-07,728.0,731.45,721.6,726.7,2492188
2016-06-08,729.0,745.0,728.35,743.5,1900304
2016-06-09,748.7,755.9,744.0,753.05,2778851
2016-06-10,750.0,758.0,745.95,751.05,5785832
2016-06-13,745.0,756.0,741.7,753.65,2065113
2016-06-14,755.0,764.95,744.05,752.4,1646371
2016-06-15,751.0,757.3,749.95,755.2,979272
2016-06-16,752.55,754.0,742.5,751.7,1133152
2016-06-17,750.0,755.0,747.85,753.65,2717006
2016-06-20,749.95,781.45,747.85,770.65,4132686
2016-06-21,768.5,775.8,766.2,770.1,1466470
2016-06-22,774.0,774.0,766.3,770.45,1567059
2016-06-23,770.0,772.0,762.0,769.8,1292218
2016-06-24,743.95,746.7,723.3,741.85,3081689
2016-06-27,730.2,749.0,721.0,735.05,1443753
2016-06-28,729.0,737.5,711.15,713.2,2842681
2016-06-29,715.7,729.95,708.0,728.45,2483234
2016-06-30,729.2,735.45,726.4,730.45,2396993
2016-07-01,735.0,736.8,730.0,731.7,1011883
2016-07-04,735.0,750.0,734.05,748.35,1631809
2016-07-05,748.0,748.0,732.2,738.4,1867820
2016-07-07,741.0,741.0,715.75,717.1,3432568
2016-07-08,715.0,725.75,715.0,721.85,851316
2016-07-11,722.0,726.6,715.05,716.8,2124375
2016-07-12,718.0,723.3,716.05,721.35,1614918
2016-07-13,722.5,724.0,716.6,720.0,3356550
2016-07-14,721.5,729.9,719.6,728.25,1084386
2016-07-15,732.9,740.0,710.25,717.5,2967531
2016-07-18,722.2,724.7,715.0,722.5,928673
2016-07-19,717.75,731.7,717.75,730.15,1734756
2016-07-20,724.9,731.9,716.6,730.0,1222225
2016-07-21,730.0,730.9,720.15,723.55,885024
2016-07-22,725.0,730.0,721.6,729.2,914314
2016-07-25,729.5,741.0,725.0,740.4,1488302
2016-07-26,738.9,747.4,736.25,745.25,1349165
2016-07-27,747.0,754.9,742.5,753.5,1677289
2016-07-28,757.5,758.95,746.1,750.8,2277034
2016-07-29,749.0,758.0,745.5,752.95,847328
2016-08-01,753.0,791.0,752.5,780.45,3026539
2016-08-02,785.85,804.9,781.15,800.75,4700089
2016-08-03,857.0,858.5,816.35,826.15,9552545
2016-08-04,833.0,836.0,820.1,823.85,1485837
2016-08-05,824.8,831.45,817.3,821.75,1300356
2016-08-08,822.0,829.4,811.6,819.1,1514566
2016-08-09,821.0,824.6,811.05,816.85,1240369
2016-08-10,816.75,820.0,805.55,818.15,1152698
2016-08-11,820.0,827.45,813.8,824.55,1739623
2016-08-12,826.05,835.5,807.0,814.2,1651570
2016-08-16,813.2,823.8,785.55,792.35,2244771
2016-08-17,790.0,800.85,782.0,784.55,2367829
2016-08-18,789.8,792.4,780.1,785.8,1541722
2016-08-19,785.0,794.4,779.6,781.85,1309172
2016-08-22,784.95,787.35,765.0,772.25,1346765
2016-08-23,776.0,795.85,771.6,791.0,1707691
2016-08-24,795.0,798.35,781.1,790.35,1208724
2016-08-25,798.0,805.0,794.05,798.05,2212911
2016-08-26,798.0,800.45,772.8,778.75,1662032
2016-08-29,782.95,782.95,751.1,755.1,1530452
2016-08-30,756.0,775.75,753.9,773.9,2160269
2016-08-31,774.0,793.45,773.05,778.55,2792176
2016-09-01,781.3,789.55,779.1,783.8,1298758
2016-09-02,786.95,787.5,779.1,784.55,1131826
2016-09-06,780.25,788.3,774.7,785.6,1522299
2016-09-07,791.9,807.0,783.0,787.1,1789682
2016-09-08,781.5,781.9,750.5,773.95,2579366
2016-09-09,774.0,789.5,773.0,780.55,1467060
2016-09-12,772.0,792.1,770.0,782.7,2385247
2016-09-14,784.65,794.65,775.0,776.35,1623566
2016-09-15,782.95,784.5,775.0,779.0,953499
2016-09-16,782.0,790.95,774.0,786.35,2159427
2016-09-19,790.0,798.2,781.9,789.05,1883283
2016-09-20,794.95,795.75,784.5,792.05,1515605
2016-09-21,793.95,798.0,788.5,792.6,1403065
2016-09-22,799.0,799.95,783.8,788.85,1117361
2016-09-23,794.65,804.0,792.4,797.25,2605785
2016-09-26,795.05,796.95,785.65,788.95,1825995
2016-09-27,788.95,799.8,784.0,795.85,1631598
2016-09-28,798.0,801.9,790.0,796.3,1533187
2016-09-29,799.0,804.6,781.3,791.05,2846344
2016-09-30,797.0,804.0,787.0,799.9,1831300
2016-10-03,805.0,812.0,794.4,808.6,1516868
2016-10-04,812.5,821.0,810.0,818.15,1506687
2016-10-05,818.25,823.25,806.25,816.0,798470
2016-10-06,816.0,816.75,797.2,801.55,1588731
2016-10-07,802.15,809.45,785.3,806.55,767927
2016-10-10,802.0,815.85,802.0,813.0,769244
2016-10-13,809.8,825.1,790.65,803.3,2076011
2016-10-14,804.0,822.5,799.85,812.7,1376193
2016-10-17,817.6,818.0,803.0,808.4,740093
2016-10-18,812.0,836.4,812.0,834.8,1326969
2016-10-19,834.6,841.65,826.0,830.55,2139260
2016-10-20,829.55,833.0,812.05,815.55,2488727
2016-10-21,823.0,848.7,821.25,831.75,5141259
2016-10-24,831.25,836.9,808.65,810.65,1707222
2016-10-25,806.75,811.5,802.5,804.55,1734565
2016-10-26,801.7,803.85,787.6,790.85,1611775
2016-10-27,784.8,786.65,771.3,774.3,2025316
2016-10-28,774.15,781.2,760.0,763.15,2711466
2016-11-01,771.8,776.4,767.0,772.9,1098171
2016-11-02,765.0,773.0,763.0,764.3,1027083
2016-11-03,765.9,769.25,760.5,763.1,1203338
2016-11-04,763.0,799.0,763.0,794.75,2841663
2016-11-07,800.0,827.5,794.9,817.2,2993787
2016-11-08,811.0,815.9,791.25,809.0,1257371
2016-11-09,765.0,797.75,763.15,784.85,2648398
2016-11-10,790.05,805.8,776.0,789.65,1822273
2016-11-11,784.85,793.0,755.0,764.1,2521761
2016-11-15,765.0,787.0,736.0,770.75,2628788
2016-11-16,776.0,787.95,764.25,773.85,2281346
2016-11-17,766.0,776.0,756.0,760.15,2688419
2016-11-18,757.6,778.95,757.6,763.85,1841117
2016-11-21,765.0,779.5,755.2,758.35,1077860
2016-11-22,765.0,767.5,755.05,762.1,1031823
2016-11-23,763.0,768.7,756.45,763.45,900878
2016-11-24,765.0,772.65,753.0,767.8,2093744
2016-11-25,771.95,812.0,770.05,801.95,2738666
2016-11-28,806.0,811.15,790.35,806.05,1516524
2016-11-29,806.0,813.7,799.3,805.3,823680
2016-11-30,810.0,810.45,798.0,803.8,1531730
2016-12-01,803.9,806.5,792.0,803.1,1256375
2016-12-02,801.7,816.9,790.0,793.6,1051697
2016-12-05,789.55,801.45,782.2,793.4,753658
2016-12-06,798.0,801.5,778.4,780.9,778814
2016-12-07,786.7,789.1,771.1,785.35,810851
2016-12-08,789.0,797.0,783.0,794.85,1031818
2016-12-09,797.0,805.9,783.25,803.3,1349777
2016-12-12,796.0,803.55,790.65,799.8,1505531
2016-12-13,801.05,803.9,791.2,800.95,938976
2016-12-14,806.1,824.3,796.25,820.8,1860577
2016-12-15,822.0,840.0,822.0,832.15,2800815
2016-12-16,835.8,835.8,815.2,820.6,1316441
2016-12-19,820.6,826.9,815.0,824.7,1074079
2016-12-20,825.0,834.15,824.35,830.15,1402284
2016-12-21,835.0,836.8,816.3,820.8,1031894
2016-12-22,818.3,822.9,806.0,817.1,791257
2016-12-23,816.0,816.0,791.0,793.75,1452634
2016-12-26,791.9,797.8,783.3,790.4,558575
2016-12-27,788.9,809.9,787.0,804.85,505709
2016-12-28,810.0,817.75,804.15,807.05,717216
2016-12-29,807.1,824.9,805.3,819.35,1780001
2016-12-30,822.0,830.0,814.9,827.95,1025942
2017-01-02,823.0,834.0,822.3,828.5,421243
2017-01-03,831.0,837.0,823.5,835.15,718533
2017-01-04,835.55,860.0,833.05,856.95,2116878
2017-01-05,860.0,869.75,840.1,844.65,2078807
2017-01-06,835.0,840.3,806.75,814.4,2795799
2017-01-09,806.5,840.15,805.95,838.3,1919794
2017-01-10,842.7,844.0,834.5,837.85,1306967
2017-01-11,839.5,844.5,826.75,833.25,1383056
2017-01-12,830.05,849.9,830.05,847.7,1645278
2017-01-13,850.2,857.95,838.6,850.25,2286999
2017-01-16,847.9,847.9,826.8,830.55,1214669
2017-01-17,827.0,843.5,827.0,837.75,2049631
2017-01-18,837.5,845.55,836.25,844.05,1084391
2017-01-19,844.0,851.45,837.6,844.15,1056038
2017-01-20,840.0,845.0,833.7,838.75,1109895
2017-01-23,834.0,860.5,828.0,857.3,1984508
2017-01-24,842.0,854.0,826.9,848.8,3695312
2017-01-25,853.0,857.3,837.55,841.25,1927869
2017-01-27,844.0,849.9,840.65,844.2,1349564
2017-01-30,831.1,842.4,828.1,840.25,949534
2017-01-31,835.25,837.3,787.1,811.15,4822547
2017-02-01,805.0,819.5,778.65,813.95,4516615
2017-02-02,814.0,834.1,810.15,827.15,1880043
2017-02-03,825.0,835.7,816.85,830.75,1128529
2017-02-06,835.0,836.5,816.6,824.1,1092538
2017-02-07,824.0,827.7,812.0,815.7,1302540
2017-02-08,819.0,819.05,804.75,808.5,1412405
2017-02-09,810.95,822.3,802.05,819.7,1565134
2017-02-10,822.1,830.0,812.3,828.4,1775497
2017-02-13,831.0,833.65,821.0,827.3,604628
2017-02-14,829.2,834.45,824.5,832.0,1123252
2017-02-15,832.0,838.6,822.6,830.3,997883
2017-02-16,827.25,846.9,827.25,845.0,1720661
2017-02-17,850.0,850.0,831.1,839.25,1039851
2017-02-20,842.0,847.0,837.25,844.0,665504
2017-02-21,844.1,862.5,844.1,851.3,1537048
2017-02-22,852.3,865.0,830.55,834.2,1743670
2017-02-23,835.0,851.0,835.0,842.85,3388092
2017-02-27,844.9,851.35,836.05,839.95,1192619
2017-02-28,844.0,846.0,835.85,840.1,1143055
2017-03-01,843.0,851.0,839.55,849.1,1096847
2017-03-02,850.0,853.5,839.3,843.75,867846
2017-03-03,844.0,854.8,835.15,852.9,856232
2017-03-06,850.7,867.7,846.1,855.55,1542308
2017-03-07,861.7,861.7,852.2,857.35,747022
2017-03-08,857.0,858.0,844.25,847.7,729264
2017-03-09,854.0,854.0,842.35,844.35,766917
2017-03-10,849.35,858.0,840.9,846.35,706308
2017-03-14,865.0,865.0,850.0,853.6,1585864
2017-03-15,850.5,855.9,837.25,842.9,1239266
2017-03-16,860.8,863.9,849.6,855.4,1845233
2017-03-17,857.25,871.0,853.0,865.75,1993510
2017-03-20,871.95,879.0,861.15,864.35,1696484
2017-03-21,865.0,874.4,851.95,859.3,3683257
2017-03-22,850.7,874.7,848.5,872.75,1682118
2017-03-23,871.05,880.0,868.95,876.65,1424139
2017-03-24,872.3,876.5,871.15,873.05,875510
2017-03-27,868.0,873.2,847.05,852.15,1176930
2017-03-28,855.55,870.75,852.15,859.9,898111
2017-03-29,865.4,879.5,859.6,877.6,2121269
2017-03-30,870.0,881.7,865.05,875.85,1463739
2017-03-31,884.0,890.15,867.0,874.75,2157290
2017-04-03,874.1,878.25,858.5,866.25,937377
2017-04-05,869.0,869.0,846.4,850.5,1789353
2017-04-06,848.0,856.55,847.0,853.5,1044905
2017-04-07,853.9,858.6,846.9,849.3,1029887
2017-04-10,849.0,857.5,831.0,833.05,742543
2017-04-11,835.0,838.0,826.0,833.8,1310273
2017-04-12,831.35,834.95,827.0,831.65,655944
2017-04-13,832.5,832.5,805.4,809.1,1146682
2017-04-17,800.15,817.5,800.15,810.8,702047
2017-04-18,812.0,819.95,804.0,808.05,1014282
2017-04-19,806.5,819.55,803.95,808.6,1318100
2017-04-20,810.75,815.9,808.6,814.9,539804
2017-04-21,817.0,821.45,807.8,812.75,890155
2017-04-24,813.0,824.0,809.25,819.55,686984
2017-04-25,824.0,825.85,813.6,819.95,1097301
2017-04-26,821.9,822.0,796.55,800.25,959124
2017-04-27,797.0,820.0,796.2,809.7,2820167
2017-04-28,812.9,820.0,799.75,814.1,1397069
2017-05-02,816.15,825.45,811.7,822.05,861366
2017-05-03,824.95,837.5,821.0,835.1,994932
2017-05-04,836.1,842.6,808.15,818.0,1379248
2017-05-05,820.95,832.0,814.3,829.6,928408
2017-05-08,829.85,845.0,825.7,840.2,790817
2017-05-09,845.0,854.85,839.95,849.75,907261
2017-05-10,848.75,850.9,838.1,843.6,757706
2017-05-11,857.8,858.8,835.6,838.7,3514917
2017-05-12,840.0,848.2,839.05,847.65,1647701
2017-05-15,848.5,850.0,845.0,848.55,687573
2017-05-16,850.0,856.1,848.05,849.6,2974402
2017-05-17,852.0,855.3,842.2,853.55,1373559
2017-05-18,850.85,872.25,844.25,848.4,3658681
2017-05-19,853.0,854.5,844.1,844.7,1448031
2017-05-22,850.0,862.25,848.0,857.45,2892269
2017-05-23,863.0,870.8,859.15,864.9,3213521
2017-05-24,854.9,857.95,840.0,854.85,2016518
2017-05-25,860.25,867.5,852.6,859.6,2948039
2017-05-26,857.7,866.0,855.45,859.1,1302415
2017-05-29,858.9,872.0,851.45,864.45,1843315
2017-05-30,864.45,871.95,852.95,868.15,1413415
2017-05-31,864.1,869.3,858.25,864.25,2873557
2017-06-01,863.0,871.0,859.15,862.25,921583
2017-06-02,862.8,869.7,853.7,857.9,1111787
2017-06-05,856.0,866.9,856.0,858.7,1408309
2017-06-06,875.5,909.6,866.1,889.45,6626885
2017-06-07,893.35,894.9,864.55,880.5,3366974
2017-06-08,880.0,880.4,865.0,868.35,1415310
2017-06-09,866.55,872.9,856.6,860.75,1350514
2017-06-12,862.8,868.65,852.05,865.55,1032713
2017-06-13,862.0,864.9,842.3,847.15,1243895
2017-06-14,849.5,856.05,841.0,853.65,900768
2017-06-15,853.0,853.0,841.5,844.4,1773645
2017-06-16,842.0,847.0,835.0,839.0,1912330
2017-06-19,839.5,845.9,830.3,842.5,845428
2017-06-20,845.0,855.05,843.0,854.25,1041129
2017-06-21,854.0,854.0,838.1,843.45,909654
2017-06-22,849.0,854.0,836.2,849.15,1447792
2017-06-23,850.0,858.0,842.35,851.85,1080944
2017-06-27,852.0,859.0,833.2,840.2,1092395
2017-06-28,838.5,857.25,833.3,848.4,1238382
2017-06-29,851.9,857.0,842.5,847.6,1492110
2017-06-30,848.45,855.95,838.4,850.9,1128557
2017-07-03,852.0,853.95,832.3,838.15,1976838
2017-07-04,848.4,849.95,838.0,841.55,990750
2017-07-05,839.0,841.2,835.1,837.5,1210254
2017-07-06,840.0,842.4,835.7,840.65,686530
2017-07-07,840.5,840.5,828.8,831.9,1151617
2017-07-10,834.0,856.85,830.1,849.65,234294
2017-07-11,845.65,869.0,845.65,850.65,1496700
2017-07-12,850.1,858.5,846.05,854.0,602978
2017-07-13,856.1,863.9,855.5,858.6,956409
2017-07-14,860.0,860.4,845.05,850.35,644058
2017-07-17,849.0,870.0,843.9,868.1,909007
2017-07-18,869.1,884.3,868.35,880.7,988689
2017-07-19,885.0,899.6,885.0,895.4,1456444
2017-07-20,899.0,899.0,882.4,885.65,806884
2017-07-21,884.0,908.0,884.0,904.95,1241810
2017-07-24,904.95,912.0,901.2,907.4,1502220
2017-07-25,902.0,904.9,886.0,895.05,1792333
2017-07-26,893.0,903.5,884.0,892.7,1511857
2017-07-27,903.0,928.0,885.35,890.25,4659826
2017-07-28,888.0,896.9,841.0,893.1,1521381
2017-07-31,888.0,898.0,878.45,892.9,947283
2017-08-01,889.0,898.0,878.0,884.2,1332277
2017-08-02,888.0,893.0,876.9,882.0,829090
2017-08-03,882.2,884.4,870.95,875.75,1272005
2017-08-04,875.0,894.5,873.1,890.65,570710
2017-08-07,890.0,894.7,881.4,886.0,823485
2017-08-08,882.6,885.4,876.1,882.0,865948
2017-08-09,871.0,884.65,871.0,878.75,535846
2017-08-10,873.05,886.0,870.8,882.9,846537
2017-08-11,878.1,889.2,864.55,872.3,1692430
2017-08-14,873.0,878.4,856.05,860.1,404049
2017-08-16,864.0,868.65,851.0,864.5,1125005
2017-08-17,872.4,875.1,860.75,871.4,801175
2017-08-18,873.85,884.7,863.55,876.25,1064955
2017-08-21,877.75,885.0,870.2,874.05,669837
2017-08-22,881.0,886.25,873.3,875.85,753231
2017-08-23,877.9,882.95,863.0,880.0,754889
2017-08-24,884.0,884.0,866.0,867.5,812123
2017-08-28,868.3,874.55,857.85,867.65,896254
2017-08-29,868.0,869.6,850.0,852.55,972794
2017-08-30,857.0,858.0,843.25,849.2,1693925
2017-08-31,850.0,870.4,840.2,865.3,2509541
2017-09-01,863.6,885.0,855.0,865.75,800259
2017-09-04,873.9,873.9,857.0,860.6,574971
2017-09-05,858.0,862.5,848.4,859.9,547807
2017-09-06,863.0,872.0,846.2,851.05,829386
2017-09-07,857.4,863.7,851.25,859.3,1474659
2017-09-08,866.9,869.5,856.1,859.5,1160052
2017-09-11,862.0,867.3,852.0,860.7,719804
2017-09-12,867.0,867.0,856.15,864.05,849369
2017-09-13,864.0,875.0,861.7,871.3,1118654
2017-09-14,876.0,882.05,871.3,880.8,1163826
2017-09-15,881.8,893.35,868.3,887.05,1751190
2017-09-18,890.0,898.5,889.0,897.35,680969
2017-09-19,898.0,898.0,889.25,893.65,547863
2017-09-20,895.0,896.65,885.0,889.45,896483
2017-09-21,890.8,894.0,869.05,870.3,2598761
2017-09-22,870.0,890.0,869.6,884.45,3140767
2017-09-25,880.0,884.0,870.1,874.05,1775448
2017-09-26,878.9,886.9,864.3,873.65,1723425
2017-09-27,875.95,880.95,872.1,874.65,1270941
2017-09-28,874.65,880.75,861.65,875.2,3096534
2017-09-29,877.0,886.25,866.7,874.8,1180135
2017-10-03,878.45,887.45,876.75,882.55,1342122
2017-10-04,883.9,888.45,878.0,886.6,620450
2017-10-05,888.0,901.7,885.15,893.15,1776088
2017-10-06,887.8,909.0,887.8,907.9,1820474
2017-10-09,907.75,907.75,897.45,902.8,603231
2017-10-10,905.0,917.0,897.1,899.6,1711580
2017-10-11,899.5,916.0,899.5,908.95,2168747
2017-10-12,912.0,920.0,906.3,916.0,1038312
2017-10-13,919.75,936.0,913.9,926.5,1105342
2017-10-16,926.5,932.9,920.0,923.0,825577
2017-10-17,918.3,933.85,918.3,923.3,480212
2017-10-18,926.0,931.0,917.8,923.7,580343
2017-10-19,916.6,926.0,916.6,922.3,29194
2017-10-23,922.8,943.8,922.1,937.25,1798697
2017-10-24,939.0,939.5,908.05,914.55,1577826
2017-10-25,894.4,924.0,876.0,907.05,3073840
2017-10-26,906.75,910.0,858.0,869.05,5782571
2017-10-27,870.05,871.8,852.25,854.95,2296184
2017-10-30,860.0,863.45,832.0,836.35,3625726
2017-10-31,840.0,860.65,837.0,855.8,1479364
2017-11-01,860.0,860.65,838.0,840.65,1628831
2017-11-02,844.4,860.0,841.15,857.9,1482841
2017-11-03,860.0,860.0,844.95,847.15,1380586
2017-11-06,852.0,855.25,837.6,845.05,1136684
2017-11-07,850.0,880.0,844.3,876.75,2980306
2017-11-08,882.0,884.75,865.35,878.6,1910907
2017-11-09,879.5,888.45,872.45,875.95,800226
2017-11-10,880.95,880.95,862.7,867.05,1535400
2017-11-13,864.5,878.4,864.5,869.5,2661020
2017-11-14,868.0,884.85,866.1,869.8,1006447
2017-11-15,877.0,877.0,846.0,848.35,1561073
2017-11-16,849.7,858.7,838.7,851.9,1090535
2017-11-17,848.9,856.2,838.5,840.0,1548494
2017-11-20,843.0,848.45,836.9,842.15,1130239
2017-11-21,843.1,846.2,835.1,837.7,1493571
2017-11-22,838.55,844.3,834.4,842.15,1134718
2017-11-23,848.0,856.0,842.2,853.7,1166224
2017-11-24,855.0,863.5,855.0,858.4,823378
2017-11-27,857.5,863.0,853.1,860.7,796370
2017-11-28,861.0,864.05,856.8,859.25,1054325
2017-11-29,860.0,862.95,846.15,853.15,761835
2017-11-30,850.0,857.9,842.3,848.0,3411303
2017-12-01,847.0,849.95,827.1,830.0,1384262
2017-12-04,836.0,849.7,824.85,847.95,896884
2017-12-05,847.9,852.9,839.1,848.0,990049
2017-12-06,845.5,860.15,845.0,858.6,1589728
2017-12-07,860.15,867.0,853.6,863.5,1225073
2017-12-08,869.7,872.8,863.4,870.45,869923
2017-12-11,874.5,882.0,871.75,880.0,798504
2017-12-12,881.0,881.8,870.25,875.2,1460812
2017-12-13,870.0,873.55,863.05,866.35,4304970
2017-12-14,863.0,885.05,862.2,882.85,3182520
2017-12-15,888.9,896.45,885.0,891.8,2234611
2017-12-18,888.1,891.75,875.75,885.0,1307831
2017-12-19,889.0,889.0,865.0,869.45,1985594
2017-12-20,870.0,875.0,864.0,869.85,1054872
2017-12-21,874.0,892.0,871.45,890.25,1429683
2017-12-22,891.0,892.9,878.1,886.9,1052037
2017-12-26,882.1,893.3,882.05,888.45,1063568
2017-12-27,886.0,891.6,880.55,883.65,400810
2017-12-28,882.0,890.85,875.6,878.3,1159863
2017-12-29,878.3,901.75,875.0,890.5,1546925
2018-01-01,889.0,890.7,875.95,878.7,643144
2018-01-02,876.9,895.0,876.85,892.8,953259
2018-01-03,893.0,907.8,893.0,897.3,1291953
2018-01-04,896.0,899.45,883.05,893.1,596730
2018-01-05,888.25,903.0,882.3,900.05,746146
2018-01-08,900.15,903.4,895.1,900.5,1176584
2018-01-09,900.5,902.85,885.0,893.85,1252135
2018-01-10,892.0,918.0,891.1,915.85,1700286
2018-01-11,919.0,924.9,910.05,916.9,2121723
2018-01-12,918.5,928.0,912.25,925.9,990349
2018-01-15,925.0,931.1,905.5,909.25,1268243
2018-01-16,914.1,955.0,910.0,949.25,4481702
2018-01-17,950.0,963.6,943.3,952.85,2749461
2018-01-18,953.0,959.65,940.5,954.25,934750
2018-01-19,957.0,967.0,946.15,958.3,2374219
2018-01-22,960.0,974.9,945.0,966.35,2215659
2018-01-23,969.95,1000.0,968.55,995.35,2507601
2018-01-24,994.0,1040.7,992.0,1018.45,4634888
2018-01-25,1018.8,1020.0,990.05,1009.55,2653727
2018-01-29,1010.0,1021.0,1005.05,1012.05,2006648
2018-01-30,1017.5,1017.5,998.0,1000.4,1355676
2018-01-31,999.95,1017.9,981.7,986.55,1610572
2018-02-01,982.1,1014.95,969.0,984.9,1527829
2018-02-02,980.0,1007.7,977.85,990.9,1672528
2018-02-05,990.0,1001.8,980.0,993.15,1088789
2018-02-06,964.95,968.75,948.05,953.85,1655497
2018-02-07,958.2,959.0,922.0,938.55,2025848
2018-02-08,945.75,963.0,937.5,944.35,1448268
2018-02-09,935.0,970.6,922.55,964.0,1728253
2018-02-12,965.5,972.75,937.35,939.15,1487794
2018-02-14,939.8,959.8,930.3,937.8,1444766
2018-02-15,944.0,949.65,932.0,939.7,1140921
2018-02-16,945.0,970.95,931.0,937.1,2849070
2018-02-19,937.85,939.7,900.1,914.2,1462773
2018-02-20,916.0,925.2,905.0,907.45,1231401
2018-02-21,918.0,947.8,912.0,942.9,2784756
2018-02-22,943.0,963.0,931.55,941.0,4093287
2018-02-23,948.9,967.9,942.9,955.6,2837583
2018-02-26,955.9,965.1,943.05,946.05,1056056
2018-02-27,953.0,958.6,944.0,949.9,1439714
2018-02-28,954.9,958.35,935.8,940.3,2559774
2018-03-01,943.8,952.45,938.0,942.8,1386115
2018-03-05,942.8,944.65,917.8,932.1,1873852
2018-03-06,938.0,953.0,926.5,932.8,1464878
2018-03-07,938.0,952.8,933.8,949.55,2847610
2018-03-08,953.0,964.0,945.55,950.65,2119175
2018-03-09,950.0,955.85,940.0,943.0,732364
2018-03-12,950.0,976.0,949.0,967.65,2473118
2018-03-13,967.65,969.0,945.6,957.0,1256754
2018-03-14,962.0,968.15,960.0,965.05,1177041
2018-03-15,968.0,972.6,955.25,959.15,1295077
2018-03-16,960.0,979.55,947.05,967.6,4741036
2018-03-19,962.7,963.6,921.0,926.5,1659374
2018-03-20,925.0,947.75,915.6,937.2,1853893
2018-03-21,945.0,949.9,926.45,937.35,1909490
2018-03-22,941.0,948.9,925.0,930.55,1547643
2018-03-23,905.0,960.55,903.55,957.4,2739036
2018-03-26,957.2,971.0,945.0,967.05,1785668
2018-03-27,975.0,978.9,954.5,972.05,1247600
2018-03-28,961.55,981.6,955.05,968.6,2310086
2018-04-02,966.3,984.9,964.8,979.5,647823
2018-04-03,972.5,989.0,963.05,969.25,1018000
2018-04-04,981.0,981.25,949.5,959.25,902390
2018-04-05,970.0,984.2,956.55,962.05,1402552
2018-04-06,972.0,972.0,950.6,952.65,1257905
2018-04-09,954.3,962.65,948.0,953.25,854036
2018-04-10,953.1,961.95,943.55,948.45,1215886
2018-04-11,955.0,977.7,951.35,967.3,1858482
2018-04-12,967.95,1013.0,967.3,1010.05,4091383
2018-04-13,1014.5,1020.0,988.25,991.25,3180555
2018-04-16,979.0,1006.75,976.1,999.9,1912264
2018-04-17,997.05,1016.0,997.05,1011.0,1864953
2018-04-18,1014.9,1015.8,993.0,996.85,1004131
2018-04-19,1005.0,1021.5,999.0,1018.55,1150814
2018-04-20,1020.0,1074.2,1019.9,1062.35,4745299
2018-04-23,1062.0,1108.0,1055.0,1088.0,4543462
2018-04-24,1084.9,1099.75,1058.1,1061.95,1996809
2018-04-25,1061.85,1081.5,1046.0,1068.8,1501140
2018-04-26,1056.0,1088.35,1051.65,1077.3,3026106
2018-04-27,1077.0,1090.65,1035.0,1041.65,2382304
2018-04-30,1048.9,1079.0,1045.05,1052.75,1573833
2018-05-02,1050.0,1051.95,995.5,1000.5,7507479
2018-05-03,997.0,997.0,920.0,925.7,7638012
2018-05-04,922.95,944.0,907.7,929.85,4182503
2018-05-07,936.8,940.65,921.05,928.2,1288421
2018-05-08,930.2,933.0,907.1,920.1,2040134
2018-05-09,924.0,936.65,920.8,927.5,1378640
2018-05-10,932.9,937.9,926.1,930.2,1870741
2018-05-11,931.2,938.25,931.1,932.85,1058701
2018-05-14,937.4,937.4,920.45,925.3,1566148
2018-05-15,920.3,932.7,911.55,925.0,2119665
2018-05-16,922.5,930.9,916.5,920.25,981986
2018-05-17,926.9,926.9,904.7,909.75,1449952
2018-05-18,905.0,918.0,887.1,890.7,1758863
2018-05-21,892.0,900.55,887.0,895.95,1471238
2018-05-22,890.35,911.7,889.55,904.9,1242547
2018-05-23,905.0,918.4,891.85,894.35,1867414
2018-05-24,905.95,917.9,900.2,911.7,3154665
2018-05-25,917.9,923.85,912.0,916.0,1044541
2018-05-28,916.0,917.0,891.0,894.5,1325882
2018-05-29,899.0,909.5,895.0,905.1,992916
2018-05-30,907.0,911.8,897.6,907.35,1187024
2018-05-31,908.0,914.8,901.05,910.35,2809322
2018-06-01,910.0,923.9,900.0,904.85,969531
2018-06-04,907.0,916.9,899.15,900.7,752943
2018-06-05,905.95,910.2,880.05,885.05,1273868
2018-06-06,891.95,917.8,890.0,908.95,1168856
2018-06-07,905.0,926.0,905.0,921.35,1068649
2018-06-08,921.0,935.9,917.85,928.7,1134214
2018-06-11,933.0,942.5,907.75,911.6,2052597
2018-06-12,912.95,924.0,911.65,914.8,1480524
2018-06-13,920.0,925.8,914.05,923.7,1056853
2018-06-14,928.0,940.0,921.05,936.95,1877540
2018-06-15,936.95,954.0,931.05,948.3,3093292
2018-06-18,954.5,957.35,931.25,933.2,1326833
2018-06-19,932.9,940.55,915.4,920.45,1406237
2018-06-20,921.0,928.75,906.4,910.95,1410131
2018-06-21,912.1,917.0,899.1,902.55,1604451
2018-06-22,907.05,921.8,901.85,904.8,2018350
2018-06-25,904.9,917.5,904.0,908.9,2127860
2018-06-26,909.0,915.5,906.6,910.4,1624618
2018-06-27,912.2,925.0,910.3,921.05,2875514
2018-06-28,926.45,929.95,904.9,909.6,6783284
2018-06-29,914.1,928.75,913.35,926.25,3029777
2018-07-02,927.0,932.45,920.85,926.1,888198
2018-07-03,930.0,939.9,917.15,937.5,1027238
2018-07-04,936.95,938.5,924.0,925.65,773947
2018-07-05,928.1,935.5,921.0,931.05,1708070
2018-07-06,935.0,949.55,923.0,943.9,2527754
2018-07-09,949.0,965.0,945.9,961.55,1855992
2018-07-10,995.0,995.0,975.05,979.55,5521427
2018-07-11,983.7,1001.1,979.15,993.45,5104857
2018-07-12,1005.95,1019.8,1002.0,1006.05,5046721
2018-07-13,997.0,997.8,976.0,983.35,5762028
2018-07-16,985.0,990.9,970.2,972.1,1702222
2018-07-17,977.2,984.0,969.0,980.3,1620973
2018-07-18,985.9,996.8,984.05,989.9,1892200
2018-07-19,990.0,994.5,976.5,982.1,750768
2018-07-20,983.6,1004.5,980.55,999.2,2189775
2018-07-23,1003.0,1010.95,991.1,1004.85,1648365
2018-07-24,1001.5,1009.0,989.15,991.6,1462815
2018-07-25,993.0,993.5,960.0,964.3,2821836
2018-07-26,964.3,967.95,945.05,952.6,3985044
2018-07-27,959.0,969.7,950.5,963.45,2464884
2018-07-30,973.0,981.15,943.1,947.15,3223555
2018-07-31,950.35,966.5,947.35,965.1,2385785
2018-08-01,968.0,980.0,965.0,978.65,1784048
2018-08-02,976.0,984.0,958.55,960.5,1600353
2018-08-03,966.05,969.9,957.45,963.65,1144509
2018-08-06,968.0,968.55,953.0,956.5,1082897
2018-08-07,960.9,970.95,959.1,968.8,1117941
2018-08-08,969.0,969.8,957.25,964.55,758983
2018-08-09,967.95,967.95,955.1,956.65,1002729
2018-08-10,961.3,967.8,956.3,966.0,1208724
2018-08-13,965.95,984.25,965.5,983.0,1442820
2018-08-14,988.15,1002.0,979.0,999.7,2481017
2018-08-16,997.8,1014.8,992.3,997.25,2954059
2018-08-17,1000.0,1007.8,995.05,1003.05,1480205
2018-08-20,1005.0,1006.5,987.0,988.25,1414802
2018-08-21,1001.8,1014.0,998.35,1004.6,4919599
2018-08-23,1010.0,1028.1,1010.0,1025.65,2768779
2018-08-24,1030.45,1039.05,1020.15,1023.35,2270195
2018-08-27,1026.0,1040.3,1025.0,1039.0,1244225
2018-08-28,1040.0,1046.75,1036.9,1040.75,1313078
2018-08-29,1038.3,1041.15,1027.0,1032.85,2031692
2018-08-30,1029.0,1032.9,1013.55,1016.55,2441971
2018-08-31,1021.0,1055.0,1019.5,1046.45,3279336
2018-09-03,1053.0,1061.0,1044.6,1049.15,2227153
2018-09-04,1051.15,1079.0,1051.0,1076.35,2792371
2018-09-05,1075.8,1087.0,1068.0,1078.95,2850556
2018-09-06,1075.0,1089.8,1065.4,1088.8,2995905
2018-09-07,1086.95,1086.95,1065.35,1073.95,2189939
2018-09-11,1090.0,1099.0,1082.0,1085.1,4236210
2018-09-14,1084.0,1088.45,1065.2,1070.7,3645287
2018-09-17,1070.05,1084.4,1070.05,1078.4,1509056
2018-09-18,1080.0,1091.0,1078.4,1083.9,1372763
2018-09-19,1083.0,1098.45,1081.1,1087.3,2219906
2018-09-21,1091.0,1092.0,1078.55,1084.9,3297815
2018-09-24,1085.9,1106.0,1080.55,1096.3,2216289
2018-09-25,1102.0,1125.05,1094.3,1116.35,2832272
2018-09-26,1120.1,1120.85,1085.15,1090.15,1435197
2018-09-27,1093.95,1104.45,1088.5,1092.2,2865532
2018-09-28,1092.1,1099.75,1085.5,1087.8,2222543
2018-10-01,1085.2,1101.0,1081.0,1098.4,1703300
2018-10-03,1099.9,1101.7,1073.8,1091.3,2365360
2018-10-04,1084.85,1092.85,1061.0,1077.1,1945559
2018-10-05,1072.0,1098.0,1070.1,1084.0,1447957
2018-10-08,1070.0,1084.55,1048.0,1072.1,1155915
2018-10-09,1066.5,1079.05,1043.45,1068.4,1347262
2018-10-10,1059.0,1063.05,1038.55,1051.8,2261839
2018-10-11,1025.5,1025.5,998.0,1009.0,3133288
2018-10-12,1003.3,1007.0,974.5,985.15,2325874
2018-10-15,980.0,1006.15,980.0,1002.95,1807454
2018-10-16,1000.0,1012.5,989.05,1003.4,1501610
2018-10-17,1007.0,1036.0,1007.0,1024.25,1626985
2018-10-19,1016.0,1019.4,953.3,958.5,3434796
2018-10-22,964.0,987.9,957.15,980.05,1887054
2018-10-23,970.0,983.6,947.6,951.55,1474481
2018-10-24,975.0,990.55,945.8,980.7,4221491
2018-10-25,978.8,1011.45,968.0,1004.85,3088129
2018-10-26,999.95,999.95,962.0,966.6,1807878
2018-10-29,965.2,991.95,953.75,985.65,1393040
2018-10-30,987.3,1016.95,976.7,1004.85,3060534
2018-10-31,1005.3,1065.7,1002.0,1055.6,3291114
2018-11-01,1055.0,1057.45,1003.5,1008.9,1973035
2018-11-02,1016.0,1029.5,995.15,1004.6,2787603
2018-11-05,1005.5,1024.15,1003.8,1020.75,969464
2018-11-06,1022.75,1042.0,1013.6,1028.9,1460942
2018-11-07,1029.0,1034.85,1026.75,1031.55,69627
2018-11-09,1043.0,1047.0,1013.5,1027.9,3671783
2018-11-12,1032.45,1059.0,1032.05,1036.8,2391227
2018-11-13,1039.85,1054.85,1029.35,1033.2,1368737
2018-11-14,1031.0,1031.4,963.0,997.1,1516816
2018-11-15,999.9,1029.0,981.8,988.75,1791153
2018-11-16,997.0,1037.8,993.75,1022.2,3349117
2018-11-19,1022.2,1042.8,1014.25,1040.1,2090035
2018-11-20,1035.0,1035.0,1003.3,1008.95,1314282
2018-11-21,1003.05,1014.0,979.55,985.15,1251532
2018-11-22,988.0,1002.0,975.4,979.05,1564940
2018-11-26,984.5,1005.9,963.0,1000.5,2379281
2018-11-27,998.7,1029.0,993.0,1023.15,2051509
2018-11-28,1023.2,1047.75,1012.35,1043.1,1230287
2018-11-29,1043.3,1045.35,1008.5,1013.45,1630256
2018-11-30,1018.0,1026.3,1004.25,1015.0,2109694
2018-12-03,1021.1,1025.7,1004.7,1018.2,1454449
2018-12-04,1018.1,1043.0,1017.05,1036.25,1418143
2018-12-05,1036.45,1058.0,1022.0,1051.05,1936706
2018-12-06,1049.35,1065.5,1009.0,1012.5,2025631
2018-12-07,1000.0,1000.0,934.45,961.95,10546835
2018-12-10,959.95,970.7,937.1,942.0,3091482
2018-12-11,941.0,965.15,930.7,956.85,2802924
2018-12-12,965.0,974.0,943.3,971.25,1826854
2018-12-13,970.05,982.55,963.45,978.05,1378322
2018-12-14,966.0,968.8,950.0,961.2,2305516
2018-12-17,965.1,974.0,953.9,971.65,1396290
2018-12-18,969.95,988.8,959.4,985.2,1937251
2018-12-19,980.0,983.6,954.0,957.15,3058633
2018-12-20,948.3,964.7,948.0,959.5,2263977
2018-12-21,957.05,964.0,945.0,954.45,5219625
2018-12-24,955.0,955.9,935.15,937.85,1470782
2018-12-26,938.0,947.7,931.0,942.8,1217032
2018-12-27,949.0,960.0,942.65,948.8,2548404
2018-12-28,952.1,963.0,950.0,958.35,778333
2018-12-31,962.45,966.6,955.6,964.35,718502
2019-01-01,962.0,965.0,952.85,959.85,358734
2019-01-02,959.0,962.0,939.15,946.35,1135048
2019-01-03,950.0,960.0,945.0,948.35,1404612
2019-01-04,946.0,950.55,925.0,932.35,1538639
2019-01-07,939.9,950.0,935.9,941.55,1172376
2019-01-08,948.0,948.0,933.1,945.15,1515788
2019-01-09,947.0,948.55,932.3,938.4,1235860
2019-01-10,943.0,943.0,932.0,935.85,916048
2019-01-11,935.0,941.0,920.0,940.05,2165684
2019-01-14,941.0,944.0,928.0,937.2,978404
2019-01-15,929.0,955.9,929.0,947.7,1846946
2019-01-16,948.0,954.2,936.75,938.25,850621
2019-01-17,935.1,957.0,933.1,954.7,1845117
2019-01-18,948.6,968.75,946.35,966.3,2342528
2019-01-21,969.05,981.5,962.05,965.75,1632709
2019-01-22,962.0,964.55,937.0,940.75,2395796
2019-01-23,947.5,949.95,938.7,944.45,2820793
2019-01-24,944.9,953.7,939.25,946.45,1477391
2019-01-25,949.0,975.7,946.1,969.4,2155004
2019-01-28,973.0,980.0,963.9,977.8,1514965
2019-01-29,978.0,994.85,961.1,988.45,2366569
2019-01-30,1018.0,1035.0,1001.5,1018.4,7026674
2019-01-31,1019.6,1023.15,986.75,1005.2,4529214
2019-02-01,1010.6,1050.0,1010.5,1043.85,3230111
2019-02-04,1045.0,1057.8,1040.3,1044.8,2066972
2019-02-05,1046.5,1055.0,1041.5,1047.75,1184282
2019-02-06,1051.0,1064.95,1045.1,1055.2,1165500
2019-02-07,1056.0,1077.8,1056.0,1062.9,1625544
2019-02-08,1060.0,1076.0,1058.05,1068.45,1866901
2019-02-11,1068.1,1084.0,1063.0,1079.35,1578943
2019-02-12,1076.0,1078.4,1052.75,1058.8,1394441
2019-02-13,1060.0,1073.0,1047.05,1070.15,1321888
2019-02-14,1070.0,1070.0,1057.05,1061.3,985360
2019-02-15,1066.2,1067.35,1041.5,1057.25,1246060
2019-02-18,1060.8,1072.0,1032.5,1046.3,1275349
2019-02-19,1048.0,1051.2,1036.35,1039.05,918720
2019-02-20,1042.35,1061.5,1026.0,1057.95,1279177
2019-02-21,1060.0,1061.5,1042.6,1053.4,1301577
2019-02-22,1044.2,1070.5,1044.0,1066.15,1422246
2019-02-25,1070.6,1085.0,1062.95,1082.25,1170470
2019-02-26,1080.6,1095.95,1054.95,1058.85,1863185
2019-02-27,1060.0,1066.0,1038.0,1060.35,1662555
2019-02-28,1069.95,1069.95,1047.7,1053.9,3330830
2019-03-01,1055.0,1061.4,1043.75,1052.6,1147955
2019-03-05,1057.7,1059.8,1045.2,1052.55,1058779
2019-03-06,1060.6,1062.0,1038.6,1043.25,1403626
2019-03-07,1047.6,1050.5,1032.0,1034.55,1036807
2019-03-08,1029.4,1029.95,1006.0,1009.05,1588047
2019-03-11,1007.0,1021.75,1001.0,1004.4,2273794
2019-03-12,1007.1,1019.5,1000.05,1013.35,2451094
2019-03-13,1018.7,1043.0,1014.1,1028.35,3401670
2019-03-14,1035.0,1040.55,1004.1,1006.75,1896916
2019-03-15,1012.0,1033.85,1008.8,1029.3,2603844
2019-03-18,1032.1,1039.95,1008.35,1012.0,1175027
2019-03-19,1020.1,1042.0,1013.1,1036.2,1621276
2019-03-20,1042.0,1054.5,1031.5,1037.95,2204401
2019-03-22,1038.0,1048.0,1018.0,1024.85,2618545
2019-03-25,1029.0,1029.0,1011.85,1017.65,1527955
2019-03-26,1013.35,1043.8,1011.5,1034.6,1655723
2019-03-27,1020.0,1056.35,1020.0,1043.15,1455845
2019-03-28,1051.4,1088.35,1050.0,1082.9,4313807
2019-03-29,1090.0,1098.45,1067.65,1087.45,2827220
2019-04-01,1090.0,1120.0,1082.05,1110.75,2308865
2019-04-02,1110.0,1120.0,1092.5,1102.6,1393922
2019-04-03,1102.6,1133.3,1091.55,1120.6,2648314
2019-04-04,1118.0,1118.05,1081.5,1098.05,4222104
2019-04-05,1090.35,1104.65,1085.5,1092.8,1704522
2019-04-08,1095.0,1101.0,1080.95,1096.35,2013924
2019-04-09,1096.35,1128.85,1096.2,1118.15,3250491
2019-04-10,1120.0,1125.3,1096.2,1098.7,2413433
2019-04-11,1092.3,1101.1,1085.0,1088.85,1517790
2019-04-12,1088.8,1100.85,1076.6,1083.45,1419742
2019-04-15,1089.0,1108.0,1085.0,1103.25,1934151
2019-04-16,1109.5,1116.25,1102.35,1107.05,1200591
2019-04-18,1108.0,1123.9,1090.5,1102.65,2027619
2019-04-22,1103.5,1114.3,1095.0,1101.1,1115258
2019-04-23,1102.6,1111.95,1096.6,1102.0,1067764
2019-04-24,1103.0,1142.1,1096.85,1138.95,2840823
2019-04-25,1141.0,1151.4,1129.05,1133.7,2680549
2019-04-26,1140.0,1169.85,1135.0,1139.75,1732967
2019-04-30,1140.05,1187.6,1140.0,1183.35,4155200
2019-05-02,1170.0,1180.5,1156.5,1160.05,2113097
2019-05-03,1144.0,1149.15,1126.25,1143.05,2855158
2019-05-06,1139.9,1144.4,1128.05,1136.05,1413565
2019-05-07,1137.35,1150.0,1116.0,1131.75,2344602
2019-05-08,1132.0,1140.0,1122.4,1132.6,1493911
2019-05-09,1124.5,1145.0,1110.1,1136.6,2481345
2019-05-10,1111.0,1111.0,1072.8,1086.65,7767725
2019-05-13,1088.3,1100.75,1078.0,1083.65,1684031
2019-05-14,1083.65,1083.65,1057.0,1067.85,2194007
2019-05-15,1072.95,1086.5,1062.85,1067.45,1620299
2019-05-16,1079.9,1080.45,1056.05,1072.25,1113451
2019-05-17,1075.05,1077.0,1059.75,1062.7,1390023
2019-05-20,1065.0,1083.8,1051.25,1073.55,1190237
2019-05-21,1071.4,1074.0,1052.65,1056.1,806713
2019-05-22,1057.0,1075.0,1053.7,1061.0,1712432
2019-05-23,1064.0,1071.0,1050.25,1066.4,1942100
2019-05-24,1071.0,1074.0,1054.1,1065.95,2170234
2019-05-27,1072.0,1081.0,1058.2,1064.2,1582207
2019-05-28,1071.0,1089.95,1055.25,1071.3,5315844
2019-05-29,1071.4,1095.0,1068.2,1085.0,2177406
2019-05-30,1088.0,1098.35,1068.0,1078.2,2372724
2019-05-31,1085.0,1099.4,1080.05,1092.55,2127547
2019-06-03,1098.85,1119.0,1087.15,1115.2,1700197
2019-06-04,1112.4,1113.4,1081.0,1085.85,2064485
2019-06-06,1090.0,1101.15,1075.55,1079.2,2350903
2019-06-07,1083.0,1087.2,1071.25,1079.6,1636403
2019-06-10,1086.9,1101.8,1081.4,1091.2,1028004
2019-06-11,1100.0,1116.95,1093.9,1107.9,3242539
2019-06-12,1107.0,1110.0,1091.3,1108.1,1568101
2019-06-13,1103.0,1106.1,1093.0,1100.9,1975925
2019-06-14,1093.1,1102.35,1084.0,1087.0,1733936
2019-06-17,1084.0,1087.7,1071.5,1074.9,1243674
2019-06-18,1074.9,1094.15,1074.65,1089.6,706081
2019-06-19,1090.1,1096.6,1077.8,1084.1,1218939
2019-06-20,1070.0,1091.0,1065.65,1087.35,947544
2019-06-21,1092.5,1092.65,1071.15,1076.25,2347555
2019-06-24,1079.0,1084.05,1068.1,1077.9,675052
2019-06-25,1077.9,1081.1,1060.15,1079.0,1101967
2019-06-26,1072.2,1092.65,1072.2,1078.75,1638867
2019-06-27,1074.3,1084.05,1059.95,1062.75,1388025
2019-06-28,1070.7,1075.95,1058.7,1064.65,1414937
2019-07-01,1067.25,1069.9,1047.35,1049.1,1233848
2019-07-02,1053.0,1064.65,1043.0,1060.0,1007025
2019-07-03,1061.0,1064.75,1047.6,1051.2,606670
2019-07-04,1048.7,1051.2,1033.8,1040.75,1276519
2019-07-05,1043.9,1049.0,1012.65,1016.4,1257176
2019-07-08,1011.0,1045.8,1010.05,1039.05,2004112
2019-07-09,1033.45,1047.8,1008.0,1020.75,1602967
2019-07-10,1014.0,1035.0,1013.1,1018.9,865800
2019-07-11,1027.8,1027.8,1015.05,1020.8,775353
2019-07-12,1016.05,1029.7,1009.0,1023.9,1451643
2019-07-15,1034.45,1038.0,1020.0,1027.5,1316603
2019-07-16,1031.9,1032.15,1013.45,1019.65,1725251
2019-07-17,1024.4,1043.0,1020.9,1040.75,1145555
2019-07-18,1033.4,1037.0,1016.0,1018.55,1304150
2019-07-19,1024.0,1030.8,1009.2,1015.6,1069812
2019-07-22,1015.6,1027.25,1003.25,1018.95,951078
2019-07-23,1020.65,1025.95,1007.15,1010.95,1005829
2019-07-24,1009.95,1024.85,1001.5,1021.3,1192280
2019-07-25,1021.1,1027.65,1003.0,1011.3,3021020
2019-07-26,1007.7,1012.1,997.4,1001.45,1166192
2019-07-29,1005.0,1024.0,1004.0,1015.45,912913
2019-07-30,1015.0,1027.35,1010.8,1023.6,1067237
2019-07-31,1022.5,1037.9,1002.95,1034.55,1857018
2019-08-01,1029.15,1042.45,1015.1,1021.55,1745006
2019-08-02,1017.0,1017.9,993.0,1010.5,1772429
2019-08-05,1003.4,1017.0,997.1,1011.1,1343640
2019-08-06,1011.1,1037.0,1003.2,1024.2,1587416
2019-08-07,1025.15,1045.9,1016.45,1022.65,1983922
2019-08-08,1035.95,1095.0,1028.05,1088.25,6246649
2019-08-09,1084.8,1102.45,1077.8,1086.3,2822849
2019-08-13,1091.9,1091.9,1067.35,1072.5,1253805
2019-08-14,1069.15,1083.4,1057.45,1076.15,1401960
2019-08-16,1076.9,1076.9,1050.5,1062.75,1554110
2019-08-19,1065.6,1077.95,1057.65,1064.05,841106
2019-08-20,1067.9,1090.8,1065.1,1084.0,2141154
2019-08-21,1082.95,1083.55,1066.05,1070.15,1277623
2019-08-22,1070.5,1086.35,1056.05,1078.9,1290490
2019-08-23,1079.0,1097.45,1077.6,1087.0,1659577
2019-08-26,1091.6,1096.0,1063.65,1092.85,1157442
2019-08-27,1099.0,1100.0,1063.8,1093.1,3302194
2019-08-28,1097.0,1130.0,1092.3,1123.95,3492642
2019-08-29,1113.0,1125.7,1110.0,1117.75,1474019
2019-08-30,1115.7,1115.8,1083.2,1100.35,3369035
2019-09-03,1107.0,1130.6,1102.85,1108.35,2043447
2019-09-04,1112.35,1128.5,1103.9,1125.65,1212845
2019-09-05,1125.45,1125.45,1103.75,1111.95,1387647
2019-09-06,1115.5,1121.15,1096.95,1100.4,1037843
2019-09-09,1102.0,1102.0,1081.0,1084.4,1760864
2019-09-11,1088.0,1094.0,1052.6,1057.7,2662753
2019-09-12,1057.0,1064.45,1048.0,1054.9,2032367
2019-09-13,1054.9,1070.0,1053.9,1068.5,1545794
2019-09-16,1070.0,1078.95,1057.0,1069.9,1944434
2019-09-17,1069.0,1069.0,1046.55,1055.85,1907554
2019-09-18,1059.65,1066.95,1050.65,1058.45,1286336
2019-09-19,1058.0,1058.0,1032.25,1049.55,1881136
2019-09-20,1052.0,1063.55,1037.3,1049.1,2868041
2019-09-23,1063.0,1063.0,1017.0,1032.9,2366746
2019-09-24,1023.2,1051.7,1023.0,1047.4,2807226
2019-09-25,1049.5,1062.0,1044.2,1053.85,2156410
2019-09-26,1054.0,1055.55,1033.25,1045.15,3031038
2019-09-27,1045.5,1053.6,1034.1,1041.05,2229167
2019-09-30,1044.0,1096.5,1043.05,1080.6,4279793
2019-10-01,1081.0,1081.0,1053.2,1059.55,2095348
2019-10-03,1058.0,1090.0,1054.15,1076.8,1717651
2019-10-04,1076.0,1081.8,1064.65,1079.1,1347094
2019-10-07,1085.75,1091.0,1068.9,1074.4,955249
2019-10-09,1070.05,1073.95,1040.15,1051.1,1875270
2019-10-10,1051.05,1066.1,1041.4,1063.5,1353776
2019-10-11,1050.0,1090.0,1048.0,1079.5,2156390
2019-10-14,1082.4,1099.8,1074.0,1086.8,1390602
2019-10-15,1089.1,1099.15,1079.45,1084.5,1501035
2019-10-16,1089.0,1107.0,1083.1,1100.9,1509394
2019-10-17,1100.0,1102.2,1084.55,1093.05,776139
2019-10-18,1094.95,1105.45,1088.4,1095.5,823815
2019-10-22,1090.2,1095.9,1051.5,1064.45,2751243
2019-10-23,1070.0,1103.95,1068.0,1095.15,3914537
2019-10-24,1155.1,1159.0,1110.5,1119.05,6751080
2019-10-25,1121.0,1137.25,1098.1,1134.05,2293610
2019-10-29,1130.9,1145.85,1127.95,1139.75,1609103
2019-10-30,1150.0,1150.0,1138.2,1146.75,1220876
2019-10-31,1145.75,1170.0,1138.55,1162.75,2924499
2019-11-01,1158.9,1167.0,1143.4,1152.0,1065855
2019-11-04,1160.05,1166.3,1152.05,1155.9,1511084
2019-11-05,1156.1,1160.6,1143.35,1158.7,1439050
2019-11-06,1160.0,1160.05,1141.2,1148.35,2288329
2019-11-07,1149.0,1154.2,1136.1,1148.45,1269319
2019-11-08,1148.35,1164.4,1146.1,1150.1,2013290
2019-11-11,1150.0,1153.7,1130.2,1145.95,953320
2019-11-13,1150.0,1156.1,1134.7,1138.6,1689175
2019-11-14,1141.5,1157.4,1135.1,1147.8,1270462
2019-11-15,1150.95,1159.8,1140.0,1142.3,1530856
2019-11-18,1148.0,1149.7,1138.8,1141.1,1242157
2019-11-19,1139.0,1143.5,1128.65,1134.65,1182510
2019-11-20,1135.0,1137.7,1125.5,1132.8,1112518
2019-11-21,1138.6,1148.5,1131.55,1136.6,1938092
2019-11-22,1130.45,1134.95,1108.95,1114.75,1298964
2019-11-25,1117.0,1126.1,1106.05,1124.75,846601
2019-11-26,1126.5,1134.5,1098.45,1108.05,3229962
2019-11-27,1109.0,1134.4,1109.0,1128.25,1677156
2019-11-28,1139.0,1143.4,1125.5,1132.65,1206558
2019-11-29,1136.0,1136.85,1125.1,1127.65,1193851
2019-12-02,1139.0,1139.0,1123.5,1125.3,1497958
2019-12-03,1129.95,1131.0,1121.0,1124.55,1783831
2019-12-04,1127.0,1130.0,1116.45,1125.5,2951568
2019-12-05,563.8,567.65,557.15,560.9,2683884
2019-12-06,563.9,567.05,558.65,560.3,1659752
2019-12-09,562.55,563.2,547.0,552.05,2192234
2019-12-10,552.05,554.9,541.8,544.45,1628853
2019-12-11,545.0,549.9,539.45,543.8,2387958
2019-12-12,547.3,547.8,535.05,536.35,2061911
2019-12-13,538.0,545.0,536.8,543.15,2889796
2019-12-16,546.0,554.95,545.05,552.2,4590144
2019-12-17,555.5,559.0,552.5,557.75,3852266
2019-12-18,560.0,566.95,559.0,564.7,4618387
2019-12-19,565.5,574.0,564.75,569.5,3465644
2019-12-20,573.5,573.75,565.5,569.9,3135806
2019-12-23,567.5,575.55,566.55,570.95,1591463
2019-12-24,572.0,572.65,559.3,560.55,2354963
2019-12-26,561.65,565.0,559.55,560.5,1848547
2019-12-27,562.95,569.0,557.0,567.55,2786795
2019-12-30,567.0,577.5,564.25,569.3,1800754
2019-12-31,569.1,571.5,565.05,568.1,1838808
2020-01-01,569.4,572.9,566.85,571.95,918373
2020-01-02,572.55,575.0,570.5,573.55,1075642
2020-01-03,574.0,588.5,572.85,585.05,3269446
2020-01-06,585.0,592.2,579.45,582.0,3589985
2020-01-07,582.0,587.75,579.05,584.25,3179728
2020-01-08,583.0,593.0,578.0,585.75,3593096
2020-01-09,586.0,588.15,579.25,580.3,2313648
2020-01-10,582.0,589.8,577.4,580.35,2049636
2020-01-13,583.95,590.0,581.0,586.5,4096054
2020-01-14,587.2,597.4,587.15,594.3,3395378
2020-01-15,597.0,598.3,591.7,595.75,2348102
2020-01-16,597.0,598.3,586.75,593.25,2107442
2020-01-17,585.0,602.0,585.0,598.8,4555694
2020-01-20,618.0,618.0,584.1,589.25,10272118
2020-01-21,589.3,593.25,582.35,584.05,2640668
2020-01-22,585.2,595.0,581.5,590.65,4402650
2020-01-23,590.1,599.95,587.0,598.95,6089397
2020-01-24,599.0,609.0,595.5,607.7,3551260
2020-01-27,607.7,608.0,601.75,604.35,2450421
2020-01-28,607.3,607.35,592.6,601.45,5330709
2020-01-29,605.0,611.5,602.2,608.85,4281329
2020-01-30,612.0,613.85,603.65,607.85,3334901
2020-01-31,607.85,608.9,589.6,591.4,3590768
2020-02-03,591.4,593.65,577.5,579.1,4024193
2020-02-04,583.0,589.25,582.5,586.5,3246094
2020-02-05,589.4,598.5,586.0,595.6,3006324
2020-02-06,598.95,613.0,598.0,599.7,4704968
2020-02-07,601.65,609.2,599.15,607.7,2865379
2020-02-10,608.9,611.55,601.65,604.9,2286213
2020-02-11,606.0,613.75,605.7,610.65,2458748
2020-02-12,613.0,620.5,610.3,614.1,4873027
2020-02-13,612.0,613.95,604.05,612.45,2090363
2020-02-14,612.45,623.25,612.25,621.65,3650630
2020-02-17,623.0,623.5,612.35,613.45,2190578
2020-02-18,613.45,615.8,605.15,607.05,5237465
2020-02-19,614.45,618.25,604.0,605.75,3799862
2020-02-20,611.0,612.95,605.15,608.05,4820313
2020-02-24,608.0,609.0,591.5,595.15,4070143
2020-02-25,595.5,595.7,575.0,582.45,5525575
2020-02-26,576.9,589.05,575.5,583.6,5460070
2020-02-27,582.1,582.4,568.0,573.05,4078174
2020-02-28,560.0,564.0,531.2,534.35,7894806
2020-03-02,541.05,565.85,537.85,549.7,8175982
2020-03-03,556.0,568.75,555.0,565.05,4682284
2020-03-04,569.0,575.4,561.0,563.1,5175180
2020-03-05,568.0,581.9,563.15,576.4,6061347
2020-03-06,570.0,573.95,559.55,566.2,3288548
2020-03-09,555.0,558.0,536.45,540.45,3699831
2020-03-11,526.75,542.65,514.0,536.8,4850036
2020-03-12,521.0,527.8,486.35,493.35,5321420
2020-03-13,460.0,517.25,395.95,492.9,6859998
2020-03-16,469.0,479.8,446.85,450.7,5281596
2020-03-17,450.0,478.6,443.35,450.65,5148569
2020-03-18,455.0,464.8,429.05,434.25,4936460
2020-03-19,418.9,434.6,375.25,413.45,9270054
2020-03-20,413.5,461.95,411.85,444.9,11916337
2020-03-23,415.0,444.0,400.45,417.15,9525670
2020-03-24,413.0,458.85,411.85,442.05,9915954
2020-03-25,432.0,468.0,417.75,457.6,11976272
2020-03-26,461.1,466.75,441.1,447.7,9504717
2020-03-27,450.25,457.45,420.5,430.65,9151132
2020-03-30,410.0,438.65,410.0,419.0,6325701
2020-03-31,433.2,449.4,425.3,436.4,6381824
2020-04-01,433.0,433.2,408.2,413.55,8136746
2020-04-03,418.9,428.6,399.3,405.8,8166456
2020-04-07,425.0,457.95,425.0,451.15,5972948
2020-04-08,451.0,476.8,449.0,463.1,7991062
2020-04-09,480.7,481.0,462.0,469.05,5069246
2020-04-13,470.0,471.0,454.0,458.25,2236731
2020-04-15,470.0,482.0,462.7,478.75,6333192
2020-04-16,473.0,476.0,456.7,459.75,10484847
2020-04-17,470.0,475.0,453.65,455.25,4706460
2020-04-20,458.0,473.6,453.5,470.0,4801120
2020-04-21,458.0,464.95,447.85,455.7,3405204
2020-04-22,453.0,469.45,450.0,462.4,3768051
2020-04-23,465.0,480.75,462.4,477.7,3054988
2020-04-24,480.0,496.9,465.15,468.1,6738441
2020-04-27,473.1,485.7,467.25,483.1,2914600
2020-04-28,489.0,489.0,469.45,471.1,4262239
2020-04-29,474.8,501.0,470.2,491.75,3849156
2020-04-30,506.5,565.5,501.0,543.55,8035698
2020-05-04,527.5,527.5,508.2,514.25,7032553
2020-05-05,526.0,529.9,515.65,520.4,4592833
2020-05-06,512.2,526.7,506.2,519.1,6921536
2020-05-07,530.0,541.8,507.55,511.75,19998942
2020-05-08,520.85,522.5,502.4,518.4,10120968
2020-05-11,526.0,534.9,521.2,527.55,4425560
2020-05-12,525.45,540.0,520.0,527.4,6440027
2020-05-13,539.85,539.85,521.55,528.75,3503019
2020-05-14,519.4,527.55,514.35,517.45,3741679
2020-05-15,517.95,517.95,505.25,511.25,4895771
2020-05-18,514.7,518.65,507.5,510.75,5159670
2020-05-19,512.0,520.5,506.2,518.25,3967055
2020-05-20,515.05,528.65,515.0,526.75,3138733
2020-05-21,529.8,537.5,523.4,534.85,4523685
2020-05-22,533.65,535.0,523.0,530.4,6410485
2020-05-26,530.0,536.5,520.25,524.0,4055697
2020-05-27,529.7,533.9,516.0,530.95,4828848
2020-05-28,531.0,546.0,523.0,542.65,4492817
2020-05-29,540.0,555.0,536.7,550.25,7853814
2020-06-01,557.0,573.4,555.5,559.75,4503607
2020-06-02,559.3,567.75,550.0,560.2,2930073
2020-06-03,564.0,568.4,557.0,562.8,4202273
2020-06-04,565.0,583.7,559.0,578.95,5315354
2020-06-05,585.0,587.15,572.5,575.95,3995825
2020-06-08,579.15,583.5,571.05,578.25,3772143
2020-06-09,574.15,583.6,570.0,572.85,3812757
2020-06-10,575.0,587.5,573.6,578.7,6491758
2020-06-11,580.0,584.9,574.1,578.05,4975680
2020-06-12,555.2,578.7,555.2,570.75,6624056
2020-06-15,574.8,581.0,563.7,578.95,3787100
2020-06-16,585.0,593.5,578.4,580.9,4728409
2020-06-17,580.0,581.85,573.0,575.85,3572362
2020-06-18,571.2,583.8,570.1,578.95,1918329
2020-06-19,574.0,578.0,567.2,569.6,6182630
2020-06-22,575.0,576.65,565.4,569.6,2666303
2020-06-23,569.7,583.5,563.75,580.25,4522086
2020-06-24,575.0,579.8,554.4,559.6,5339903
2020-06-25,557.6,560.7,548.0,550.05,6353508
2020-06-26,550.05,573.9,545.0,562.4,7034881
2020-06-29,562.0,565.9,550.3,553.7,3857756
2020-06-30,558.0,560.8,553.25,556.85,3110587
2020-07-01,557.95,559.6,551.0,551.75,3004728
2020-07-02,555.0,572.4,552.9,569.2,5243654
2020-07-03,572.0,580.55,570.6,579.15,3735600
2020-07-06,579.15,589.0,577.25,578.7,3288423
2020-07-07,582.0,594.45,575.15,592.05,7255520
2020-07-08,594.75,594.75,573.0,574.9,4625061
2020-07-09,575.65,591.6,575.0,588.25,4807935
2020-07-10,588.25,588.55,579.85,582.25,2376908
2020-07-14,604.6,613.75,588.1,591.35,6212718
2020-07-15,593.65,627.95,592.5,615.2,9928037
2020-07-16,630.0,652.2,607.15,627.75,20771278
2020-07-17,629.5,644.65,613.4,623.15,26830689
2020-07-20,633.0,652.0,626.85,648.6,10543170
2020-07-21,652.0,662.35,643.3,652.35,8801064
2020-07-22,657.0,658.0,643.1,650.15,3837969
2020-07-23,650.0,656.95,643.55,652.85,3173126
2020-07-24,641.0,684.8,640.9,679.95,12365729
2020-07-27,684.0,704.4,676.5,701.1,11349061
2020-07-28,702.0,716.05,695.7,712.45,8469643
2020-07-29,710.0,710.75,692.5,694.4,7142688
2020-07-30,698.0,712.55,692.65,695.45,7966921
2020-07-31,701.85,716.7,696.0,705.2,6322672
2020-08-03,709.1,718.0,700.55,705.95,5546348
2020-08-04,709.5,711.0,687.05,692.65,6683186
2020-08-05,692.65,702.4,681.0,688.4,6052234
2020-08-06,692.0,707.6,686.4,704.9,5133012
2020-08-07,699.9,699.9,685.0,690.3,7371589
2020-08-10,694.95,694.95,685.1,692.05,3769575
2020-08-11,694.0,700.95,681.5,683.8,3956472
2020-08-12,680.6,719.0,677.05,717.1,13085422
2020-08-13,717.0,729.0,713.05,724.6,8850424
2020-08-14,727.9,727.9,707.25,709.1,3887303
2020-08-17,711.1,720.8,709.25,718.85,3344102
2020-08-18,718.95,721.7,712.4,714.45,3634311
2020-08-19,713.8,714.2,705.0,709.85,4858027
2020-08-20,708.5,715.85,706.05,710.1,3025769
2020-08-21,715.0,715.0,702.7,705.9,4164686
2020-08-24,706.05,708.45,695.6,705.7,4066936
2020-08-25,705.0,711.55,694.7,701.6,3982510
2020-08-26,704.7,717.75,697.0,712.8,4511551
2020-08-27,713.55,720.0,706.5,710.15,3917059
2020-08-28,713.7,716.65,703.2,706.45,5416682
2020-08-31,705.0,725.0,686.0,694.4,7787176
2020-09-01,695.0,704.0,682.4,689.6,6377322
2020-09-02,689.9,704.8,689.1,701.95,4090511
2020-09-03,704.8,716.4,697.6,706.75,5468161
2020-09-04,695.15,704.5,692.05,700.8,3354844
2020-09-07,696.35,712.4,689.05,708.8,4238823
2020-09-08,708.8,738.9,703.2,725.9,11522742
2020-09-09,712.1,730.9,710.2,721.95,5514179
2020-09-10,728.65,728.95,713.8,722.4,3366359
2020-09-11,712.0,734.0,710.15,721.65,7221687
2020-09-14,745.0,825.1,744.15,794.95,32312531
2020-09-15,791.05,809.85,783.05,792.7,14024787
2020-09-16,790.05,796.3,779.25,789.25,7471542
2020-09-17,794.95,817.5,789.5,808.3,19972987
2020-09-18,808.3,824.0,804.0,810.6,8847758
2020-09-21,823.0,849.9,793.45,802.6,24911675
2020-09-22,813.95,831.5,790.55,821.0,21882919
2020-09-23,832.0,844.8,810.15,814.1,18070371
2020-09-24,811.0,811.45,784.0,788.3,10553632
2020-09-25,795.25,836.0,792.6,827.7,19813372
2020-09-28,838.4,844.75,820.8,835.25,11146342
2020-09-29,837.4,841.1,810.2,812.75,10554255
2020-09-30,818.0,820.5,807.1,811.6,9470277
2020-10-01,819.9,820.95,811.2,812.95,4321350
2020-10-05,828.8,839.2,815.1,824.2,11890211
2020-10-06,830.0,834.5,822.7,829.15,7848520
2020-10-07,830.0,830.6,823.0,828.05,6980002
2020-10-08,857.5,879.0,844.5,849.55,25860578
2020-10-09,852.9,862.5,849.3,855.75,7286954
2020-10-12,860.8,871.95,857.15,865.8,8717565
2020-10-13,866.3,906.6,863.3,900.4,18948688
2020-10-14,904.0,910.7,882.0,890.45,15441223
2020-10-15,899.95,903.7,833.45,860.0,15648849
2020-10-16,859.0,877.0,820.6,827.15,28983265
2020-10-19,839.8,861.7,833.0,844.75,15671737
2020-10-20,846.95,886.0,843.6,879.65,21564064
2020-10-21,881.0,891.65,860.0,871.05,11162084
2020-10-22,858.9,878.0,851.55,866.25,9607800
2020-10-23,871.0,875.45,850.6,852.45,5447502
2020-10-26,853.0,860.9,842.05,847.8,6614014
2020-10-27,848.95,857.45,838.7,847.25,5807905
2020-10-28,852.0,852.0,821.6,829.6,6853043
2020-10-29,825.0,842.5,818.95,840.05,6691023
2020-10-30,842.8,859.7,833.0,841.95,8727295
2020-11-02,841.95,843.85,819.2,822.4,5953172
2020-11-03,828.0,832.0,812.35,814.05,7011687
2020-11-04,812.2,841.75,810.6,815.15,10077502
2020-11-05,834.0,851.1,830.05,842.9,8903859
2020-11-06,846.0,855.8,836.4,850.1,5871913
2020-11-09,866.8,872.8,847.1,855.0,7505062
2020-11-10,848.5,848.5,805.75,809.7,10397497
2020-11-11,813.0,829.0,805.35,826.05,9779484
2020-11-12,827.15,837.0,822.0,824.7,4699639
2020-11-13,822.9,831.45,818.15,828.1,3918289
2020-11-17,837.95,837.95,814.0,815.0,5977903
2020-11-18,819.0,819.9,800.25,814.3,5816221
2020-11-19,815.0,820.45,803.0,804.55,7170339
2020-11-20,813.95,823.5,804.0,819.25,7455575
2020-11-23,825.0,842.0,816.25,839.2,7116516
2020-11-24,843.9,857.4,835.35,840.5,8465615
2020-11-25,840.5,846.0,822.5,824.7,5610232
2020-11-26,824.1,845.0,819.6,842.05,8414555
2020-11-27,842.0,847.8,814.35,822.1,11723771
2020-12-01,824.0,835.7,815.1,834.1,8078785
2020-12-02,836.15,847.45,831.3,843.15,7062229
2020-12-03,848.5,864.0,843.3,862.2,9633229
2020-12-04,866.0,867.85,854.45,858.5,5577388
2020-12-07,858.0,859.95,850.4,855.3,5314265
2020-12-08,859.0,875.7,856.0,863.8,8722526
2020-12-09,866.1,880.0,864.1,870.55,5952003
2020-12-10,870.55,877.8,865.0,866.75,4641898
2020-12-11,871.0,881.8,855.2,862.25,5637035
2020-12-14,866.1,875.65,858.1,873.0,5143894
2020-12-15,874.7,889.0,870.0,886.0,7527270
2020-12-16,886.25,892.0,878.45,885.05,4378179
2020-12-17,887.0,887.0,877.0,879.35,4863371
2020-12-18,894.75,905.0,886.65,890.65,11568187
2020-12-21,886.65,910.5,850.0,870.45,8875855
2020-12-22,879.15,919.25,872.0,913.8,10251896
2020-12-23,920.0,935.0,914.8,922.6,10723068
2020-12-24,927.95,928.25,910.7,919.35,4390561
2020-12-28,925.0,927.5,913.5,921.8,3884750
2020-12-29,929.0,945.0,925.25,935.9,6760167
2020-12-30,938.0,950.0,931.0,940.7,6382809
2020-12-31,939.05,949.85,935.0,946.15,3468390
2021-01-01,942.0,955.5,942.0,950.5,3142822
2021-01-04,959.0,984.7,952.65,980.4,5259092
2021-01-05,967.2,995.8,967.2,991.35,7150252
2021-01-06,997.9,998.0,966.1,978.2,5995748
2021-01-07,988.0,988.2,959.4,962.55,5261000
2021-01-08,974.9,1003.5,970.0,994.65,8034775
2021-01-11,1015.0,1059.05,1008.0,1055.1,13384331
2021-01-12,1052.0,1065.05,1038.7,1062.1,6700542
2021-01-13,1064.0,1067.0,1041.0,1055.95,6691409
2021-01-14,1049.0,1049.0,1006.6,1027.7,15021108
2021-01-15,1047.65,1052.85,984.0,989.8,23769415
2021-01-18,1000.0,1004.95,976.9,981.5,12947569
2021-01-19,988.0,997.0,979.35,983.85,6387923
2021-01-20,991.75,1009.65,987.55,999.25,7444118
2021-01-21,1009.0,1020.0,982.95,993.3,8857975
2021-01-22,991.7,1004.0,981.4,985.8,5379466
2021-01-25,997.0,997.0,941.0,947.5,7731883
2021-01-27,952.1,963.25,942.5,955.5,7531736
2021-01-28,948.8,952.4,930.1,933.95,6960905
2021-01-29,941.0,949.5,909.5,914.0,7692663
2021-02-01,919.0,933.75,896.35,928.35,8651478
2021-02-02,947.0,963.0,935.55,954.65,7690178
2021-02-03,966.0,973.3,952.55,959.9,6354619
2021-02-04,964.7,970.45,950.15,957.65,4623148
2021-02-05,960.8,963.9,940.05,946.15,4631703
2021-02-08,955.0,964.4,941.35,957.75,6509526
2021-02-09,965.0,981.9,946.6,951.6,7557977
2021-02-10,955.05,965.1,946.15,959.45,4896963
2021-02-11,959.45,972.5,953.05,970.4,3745595
2021-02-12,975.0,986.5,957.6,960.4,8045740
2021-02-15,970.0,971.25,950.1,954.65,4643228
2021-02-16,957.0,962.25,944.1,952.3,3277086
2021-02-17,952.0,958.4,941.0,943.2,3643176
2021-02-18,944.0,956.75,938.35,948.1,5133094
2021-02-19,950.0,958.0,944.45,950.15,5494816
2021-02-22,949.5,951.45,916.05,920.15,5043203
2021-02-23,924.0,930.0,906.55,909.95,5916942
2021-02-24,918.0,919.45,905.5,916.0,3435827
2021-02-25,925.9,934.05,922.15,929.25,6234947
2021-02-26,908.0,925.0,905.1,909.45,9198218
2021-03-01,916.0,934.45,915.65,930.35,5397960
2021-03-02,933.85,957.9,928.6,953.75,6715548
2021-03-03,965.0,968.0,947.0,965.25,5742015
2021-03-04,952.0,969.9,951.35,958.0,6268541
2021-03-05,956.1,972.0,936.3,941.5,5992152
2021-03-08,952.5,973.0,944.0,961.9,5621823
2021-03-09,964.1,976.9,949.1,973.15,5440319
2021-03-10,985.7,995.1,979.7,988.5,7694950
2021-03-12,988.5,1002.8,973.6,979.25,6447010
2021-03-15,977.5,994.35,967.35,992.35,5321081
2021-03-16,993.0,1018.8,990.45,1007.25,8094575
2021-03-17,1012.0,1023.9,982.7,987.45,6758901
2021-03-18,995.0,999.75,932.4,947.75,8269566
2021-03-19,950.0,969.0,937.7,960.45,9004154
2021-03-22,960.45,982.45,944.6,978.75,4745254
2021-03-23,983.65,992.9,971.8,980.85,5158305
2021-03-24,971.05,984.75,965.8,975.65,3874331
2021-03-25,970.0,974.5,950.0,957.05,4879437
2021-03-26,965.0,975.0,953.8,958.55,4271178
2021-03-30,965.0,1000.8,964.45,995.8,5475051
2021-03-31,1000.0,1000.0,978.65,982.65,4445140
2021-04-01,992.0,1013.5,990.6,1002.6,5269079
2021-04-05,1007.0,1040.0,1002.6,1033.5,9452833
2021-04-06,1039.0,1040.6,1020.25,1028.4,4260257
2021-04-07,1031.0,1045.0,1024.7,1037.2,3551106
2021-04-08,1044.0,1054.4,1031.65,1037.5,4852068
2021-04-09,1042.1,1054.8,1034.15,1045.4,3708082
2021-04-12,1042.95,1042.95,1001.2,1009.4,5976427
2021-04-13,1012.5,1020.8,972.2,983.4,7773994
2021-04-15,968.0,994.7,958.75,991.9,7430279
2021-04-16,1000.0,1016.8,994.5,1012.75,4677808
2021-04-19,996.0,1028.45,987.85,994.6,6239343
2021-04-20,1006.0,1006.0,957.0,961.3,9742418
2021-04-22,966.0,971.9,955.3,961.9,4970596
2021-04-23,964.0,974.85,950.2,955.65,6023490
2021-04-26,940.0,954.5,923.05,928.8,19619972
2021-04-27,931.0,938.55,923.4,928.85,6406825
2021-04-28,931.2,935.85,921.75,923.8,6845677
2021-04-29,929.7,929.7,907.1,909.55,8588734
2021-04-30,905.0,915.0,895.4,898.95,10921664
2021-05-03,898.75,910.45,891.0,907.7,6871176
2021-05-04,910.0,915.0,899.25,900.95,6217026
2021-05-05,903.95,910.8,900.6,909.4,2696835
2021-05-06,912.0,923.9,901.25,916.0,6319104
2021-05-07,918.0,921.4,913.7,916.4,3651558
2021-05-10,918.05,921.6,910.2,913.95,4029147
2021-05-11,908.5,912.45,905.1,907.3,3818154
2021-05-12,906.15,908.95,895.0,906.1,4076940
2021-05-14,909.0,912.0,896.5,910.35,5184569
2021-05-17,914.6,927.2,910.1,922.15,7956551
2021-05-18,928.0,939.5,924.5,931.6,5913426
2021-05-19,928.0,941.0,925.15,931.4,4178834
2021-05-20,932.0,934.8,922.05,924.4,4753782
2021-05-21,925.5,934.65,923.0,930.65,4161547
2021-05-24,931.5,939.0,927.7,932.8,4191877
2021-05-25,938.0,943.8,935.15,940.6,5032874
2021-05-26,940.0,948.95,932.55,945.8,5017674
2021-05-27,949.0,956.9,938.1,942.4,9078274
2021-05-28,940.05,949.75,937.4,942.55,4098094
2021-05-31,941.55,947.85,932.6,945.2,4171524
2021-06-01,948.0,952.0,942.05,950.7,2944472
2021-06-02,947.0,950.7,937.6,943.75,3657189
2021-06-03,945.0,949.8,937.0,939.45,4164240
2021-06-04,940.1,944.2,934.75,936.55,3550303
2021-06-07,939.0,951.95,937.1,949.6,3282517
2021-06-08,952.0,972.0,951.45,967.2,6385642
2021-06-09,973.9,985.0,965.1,971.3,5521459
2021-06-10,979.5,981.65,966.55,968.55,3878256
2021-06-11,976.0,990.0,970.5,983.35,4777035
2021-06-14,983.0,988.45,976.0,984.2,2236373
2021-06-15,985.1,993.0,983.2,985.45,2559001
2021-06-16,984.05,986.0,974.0,979.4,3138753
2021-06-17,980.0,988.95,978.55,986.4,3609989
2021-06-18,990.0,996.7,970.1,975.25,5622783
2021-06-21,968.0,983.45,961.25,982.0,1639495
2021-06-22,982.1,988.2,976.25,980.1,2529648
2021-06-23,985.0,985.0,971.0,972.9,2395543
2021-06-24,972.0,994.6,969.1,989.7,4686567
2021-06-28,1000.0,1000.0,984.2,985.3,1844159
2021-06-29,986.95,993.9,980.5,983.6,1895170
2021-06-30,981.0,991.45,981.0,983.5,2682591
2021-07-01,987.0,988.0,975.15,985.5,2861509
2021-07-02,983.55,987.6,977.25,984.65,1646631
2021-07-05,991.7,995.9,978.0,979.75,2598033
2021-07-06,980.0,982.2,970.2,972.05,2486069
2021-07-07,970.0,977.6,960.3,975.35,3014899
2021-07-08,975.0,982.0,970.0,976.8,2555624
2021-07-09,972.0,979.5,966.6,976.85,3218471
2021-07-12,980.0,983.05,975.0,979.45,2037878
2021-07-13,983.0,983.0,964.0,967.95,2997764
2021-07-14,968.25,992.95,968.1,989.45,4371180
2021-07-15,993.0,1052.5,990.8,1039.75,12701032
2021-07-16,1044.9,1048.75,998.05,1005.0,8665827
2021-07-19,1005.0,1018.3,992.5,1000.2,4644600
2021-07-20,999.0,1012.2,969.35,977.2,10216774
2021-07-22,970.0,981.5,970.0,978.6,6156400
2021-07-23,984.7,1003.9,982.6,994.0,5265839
2021-07-26,994.0,1004.0,987.25,1000.3,2477027
2021-07-27,1000.0,1002.2,983.85,992.0,2883514
2021-07-28,995.0,995.95,977.3,983.1,2952249
2021-07-29,985.55,1009.0,985.55,1007.6,4732101
2021-07-30,1013.0,1049.95,1009.9,1024.95,9330054
2021-08-02,1034.0,1039.0,1023.05,1035.4,2536478
2021-08-03,1030.0,1042.95,1024.0,1039.45,3359006
2021-08-04,1041.1,1047.75,1034.6,1039.95,3122161
2021-08-05,1040.0,1073.0,1033.7,1061.15,7896314
2021-08-06,1061.15,1070.0,1043.0,1049.95,11584782
2021-08-09,1057.8,1066.75,1043.5,1050.55,6321578
2021-08-10,1052.5,1072.3,1048.0,1063.7,5871606
2021-08-11,1070.95,1079.0,1057.15,1066.95,5011239
2021-08-12,1071.0,1101.15,1068.0,1096.5,6540144
2021-08-13,1099.0,1123.95,1090.2,1119.45,7270809
2021-08-16,1120.95,1129.35,1114.35,1123.65,3159376
2021-08-17,1119.25,1151.95,1112.55,1142.95,5295838
2021-08-18,1157.9,1157.9,1131.6,1134.25,4871006
2021-08-20,1107.5,1140.75,1107.2,1117.35,3467046
2021-08-23,1129.0,1178.2,1126.05,1163.1,9383780
2021-08-24,1167.95,1173.0,1150.0,1152.9,3947317
2021-08-25,1159.9,1169.9,1140.3,1154.35,3447912
2021-08-26,1159.9,1172.0,1155.0,1167.45,4654833
2021-08-27,1167.45,1169.75,1159.5,1162.95,3050466
2021-08-30,1164.0,1170.35,1154.55,1163.4,2956868
2021-08-31,1166.0,1193.4,1162.05,1182.3,7199002
2021-09-01,1190.0,1190.5,1161.75,1164.65,3200410
2021-09-02,1172.0,1182.0,1154.0,1172.75,5224479
2021-09-03,1173.5,1180.6,1158.25,1174.75,4533364
2021-09-06,1175.0,1210.1,1174.0,1200.15,4331916
2021-09-07,1214.0,1214.95,1180.1,1182.2,3721585
2021-09-08,1185.0,1191.15,1167.05,1188.8,3118518
2021-09-09,1192.0,1204.95,1183.0,1198.55,3388292
2021-09-13,1192.0,1215.0,1176.45,1208.4,3723138
2021-09-14,1216.0,1240.6,1207.0,1238.65,5593286
2021-09-15,1238.65,1288.95,1230.25,1273.25,6063895
2021-09-16,1287.2,1295.3,1255.2,1263.1,3616292
2021-09-17,1265.0,1281.0,1258.5,1263.3,4817180
2021-09-20,1258.0,1298.8,1250.0,1276.15,5453683
2021-09-21,1289.0,1315.0,1277.0,1299.5,4645597
2021-09-22,1300.0,1328.65,1299.6,1315.5,5367303
2021-09-23,1326.85,1336.45,1313.9,1328.3,3037295
2021-09-24,1340.0,1377.75,1337.0,1358.2,7951730
2021-09-27,1366.0,1367.95,1290.05,1295.2,7653504
2021-09-29,1270.0,1301.45,1258.8,1281.2,4639821
2021-09-30,1291.45,1291.45,1268.85,1279.55,3589722
2021-10-01,1274.0,1284.0,1260.65,1273.75,3372796
2021-10-04,1281.5,1293.6,1273.75,1278.65,2706626
2021-10-05,1270.0,1313.6,1262.2,1305.15,3710314
2021-10-06,1312.0,1319.85,1271.8,1275.45,2861608
2021-10-07,1284.05,1317.85,1284.05,1306.3,2421641
2021-10-08,1306.3,1338.0,1294.05,1322.15,5197831
2021-10-12,1306.95,1309.0,1236.3,1250.35,12811641
2021-10-14,1289.4,1293.25,1244.05,1251.15,10360519
2021-10-18,1240.0,1272.5,1215.0,1221.4,23861603
2021-10-21,1238.9,1238.9,1189.0,1210.7,5998795
2021-10-25,1184.05,1190.0,1157.15,1165.4,6690819
2021-10-26,1170.0,1182.0,1153.25,1166.8,5126660
2021-10-27,1170.0,1181.35,1161.5,1177.15,3536653
2021-10-28,1183.3,1185.0,1146.8,1152.0,4096585
2021-10-29,1152.0,1173.0,1138.0,1143.75,3558520
2021-11-03,1175.0,1187.7,1171.7,1176.35,2063067
2021-11-04,1185.0,1187.15,1178.0,1183.1,256369
2021-11-08,1187.45,1192.8,1168.55,1182.85,3808317
2021-11-09,1188.0,1191.0,1170.45,1172.8,3565461
2021-11-10,1164.0,1175.0,1162.1,1169.15,2401325
2021-11-11,1166.0,1167.8,1152.25,1160.7,2861259
2021-11-12,1168.9,1178.15,1163.0,1172.35,3812518
2021-11-15,1171.0,1181.6,1163.5,1170.85,3619915
2021-11-16,1170.9,1175.5,1160.45,1163.4,3141207
2021-11-17,1160.5,1164.75,1150.0,1152.45,3172985
2021-11-18,1148.0,1155.0,1113.5,1120.2,5384530
2021-11-22,1120.2,1125.85,1102.0,1110.1,3961223
2021-11-23,1105.0,1120.0,1090.0,1112.6,4545069
2021-11-24,1120.0,1132.65,1112.95,1119.45,2675632
2021-11-25,1116.5,1131.0,1111.0,1124.8,3106454
2021-11-26,1120.0,1126.0,1103.3,1110.05,2207274
2021-11-29,1101.1,1145.0,1100.1,1133.15,3661152
2021-11-30,1133.0,1157.9,1133.0,1138.65,7421904
2021-12-01,1146.0,1163.0,1145.2,1156.7,2918586
2021-12-02,1161.9,1186.4,1153.0,1184.7,4011279
2021-12-03,1188.0,1189.7,1169.65,1171.4,2571036
2021-12-06,1169.9,1172.65,1134.85,1136.55,2493755
2021-12-07,1150.0,1155.0,1131.4,1149.65,2299958
2021-12-08,1157.4,1181.6,1157.05,1171.6,2525711
2021-12-09,1179.8,1179.8,1155.0,1168.55,1734844
2021-12-10,1155.2,1167.0,1155.2,1162.2,957733
2021-12-13,1166.0,1173.45,1153.25,1159.1,2225682
2021-12-14,1156.0,1165.9,1145.5,1162.35,1972685
2021-12-15,1158.25,1161.95,1142.3,1148.9,1604301
2021-12-16,1156.0,1167.9,1149.55,1159.75,2121810
2021-12-17,1172.0,1182.9,1165.0,1171.4,6373455
2021-12-21,1168.9,1214.95,1165.05,1205.0,6217986
2021-12-22,1218.0,1226.0,1210.1,1222.8,3809814
2021-12-23,1229.9,1230.7,1215.6,1227.45,2814281
2021-12-24,1262.15,1283.8,1246.15,1265.2,15952929
2021-12-27,1268.0,1277.0,1254.05,1267.2,3372907
2021-12-28,1270.0,1289.0,1270.0,1283.9,3446067
2021-12-29,1283.0,1299.0,1277.1,1291.9,2254162
2021-12-30,1291.9,1326.45,1282.7,1317.05,4518139
2021-12-31,1320.0,1329.45,1308.95,1319.1,2231508
2022-01-03,1316.35,1339.9,1314.1,1326.15,2661272
2022-01-04,1329.5,1336.7,1307.25,1333.45,3367100
2022-01-05,1329.0,1330.0,1302.0,1310.75,3510253
2022-01-06,1290.0,1297.8,1277.0,1284.9,4409632
2022-01-07,1297.55,1298.5,1282.2,1290.55,3898684
2022-01-10,1304.85,1304.85,1280.0,1288.1,2529949
2022-01-12,1354.0,1357.1,1331.4,1352.15,3162044
2022-01-13,1340.0,1359.4,1321.15,1334.25,4598005
2022-01-14,1320.0,1342.95,1293.0,1337.2,5636243
2022-01-17,1273.0,1273.0,1243.4,1258.75,11973283
2022-01-18,1269.95,1269.95,1217.0,1219.75,7799487
2022-01-19,1220.0,1220.5,1191.0,1199.2,8464215
2022-01-20,1200.0,1201.4,1170.0,1175.35,6172404
2022-01-21,1175.35,1179.85,1155.0,1167.95,5514748
2022-01-24,1162.5,1164.5,1111.0,1124.9,5878438
2022-01-25,1115.0,1139.65,1088.4,1123.7,4725254
2022-01-28,1079.0,1102.2,1077.25,1080.45,7654724
2022-01-31,1100.65,1113.95,1092.85,1099.4,7572995
2022-02-01,1116.7,1136.5,1101.25,1132.8,6783774
2022-02-02,1142.9,1173.85,1133.3,1170.95,6982539
2022-02-03,1162.0,1170.85,1151.0,1156.75,4169794
2022-02-04,1160.0,1167.1,1137.35,1163.8,3625482
2022-02-07,1157.0,1171.35,1146.0,1157.35,3824483
2022-02-08,1158.95,1169.85,1148.55,1161.95,3267641
2022-02-09,1172.0,1189.0,1166.0,1180.9,3772972
2022-02-10,1184.95,1191.9,1174.1,1190.35,2053245
2022-02-11,1179.0,1179.0,1158.05,1163.7,3912397
2022-02-14,1135.35,1164.35,1133.6,1146.45,3243813
2022-02-15,1153.5,1174.0,1148.1,1168.55,3000492
2022-02-16,1178.0,1182.65,1160.0,1167.8,1885868
2022-02-17,1174.0,1174.0,1160.0,1163.05,1644055
2022-02-18,1152.85,1170.1,1150.1,1165.0,2166690
2022-02-21,1153.1,1169.5,1150.2,1164.75,1706058
2022-02-22,1132.0,1154.15,1132.0,1149.55,3254855
2022-02-23,1156.0,1159.0,1148.05,1153.0,1937649
2022-02-25,1115.6,1141.0,1115.0,1129.7,3213276
2022-02-28,1119.6,1133.3,1107.0,1126.95,4571884
2022-03-02,1124.65,1124.65,1109.0,1115.55,3867328
2022-03-03,1125.0,1152.0,1120.5,1139.7,3969380
2022-03-04,1128.0,1154.85,1122.65,1138.45,3522375
2022-03-08,1156.0,1179.6,1155.0,1175.3,3805165
2022-03-09,1180.0,1195.0,1161.1,1182.7,3781326
2022-03-10,1198.2,1198.2,1175.0,1192.15,3834327
2022-03-11,1180.0,1207.15,1176.3,1193.45,2770879
2022-03-14,1193.45,1214.8,1177.65,1202.85,5740660
2022-03-15,1207.0,1214.3,1168.1,1176.85,3003066
2022-03-16,1190.15,1202.95,1185.0,1199.5,1894018
2022-03-17,1215.0,1215.0,1190.8,1196.9,6987787
2022-03-21,1199.9,1209.9,1165.1,1168.05,4046440
2022-03-22,1170.0,1181.75,1162.3,1176.4,4516870
2022-03-23,1190.0,1190.85,1170.0,1180.7,2338886
2022-03-24,1169.0,1194.0,1169.0,1192.1,2351703
2022-03-25,1199.0,1199.0,1175.4,1179.35,2489854
2022-03-28,1184.9,1187.6,1158.2,1163.95,3406258
2022-03-29,1167.0,1175.0,1163.65,1167.7,2443230
2022-03-30,1177.35,1181.95,1162.1,1165.2,3073672
2022-03-31,1174.8,1174.8,1161.0,1163.75,3006639
2022-04-01,1161.0,1174.0,1152.05,1169.65,2479745
2022-04-04,1173.2,1188.95,1168.0,1187.05,2282137
2022-04-05,1190.0,1203.0,1184.1,1195.45,2634464
2022-04-06,1190.0,1194.9,1167.5,1170.5,2838968
2022-04-07,1165.6,1180.75,1163.0,1173.3,3391918
2022-04-08,1179.0,1180.0,1162.55,1165.35,2656091
2022-04-11,1164.0,1164.0,1131.75,1133.5,5679058
2022-04-12,1129.8,1141.7,1119.55,1131.15,2906617
2022-04-13,1135.0,1143.1,1123.0,1125.1,1971580
2022-04-18,1110.0,1112.75,1084.6,1101.75,4391701
2022-04-19,1115.9,1115.95,1058.75,1070.25,3422431
2022-04-20,1075.0,1094.8,1064.7,1089.4,2573318
2022-04-21,1095.0,1105.05,1081.1,1099.2,2547848
2022-04-22,1086.6,1134.95,1081.1,1102.05,9567571
2022-04-25,1096.9,1098.0,1077.3,1089.85,3565801
2022-04-26,1104.0,1107.0,1085.05,1094.3,3213714
2022-04-27,1087.0,1099.9,1074.6,1095.6,3288792
2022-04-28,1092.0,1102.3,1073.3,1092.5,5202061
2022-04-29,1094.0,1100.5,1074.35,1079.25,2988180
2022-05-02,1073.0,1082.0,1062.0,1066.9,2584604
2022-05-05,1059.0,1075.2,1047.1,1072.05,2982126
2022-05-06,1049.9,1056.65,1028.95,1050.2,4075606
2022-05-09,1044.0,1082.9,1034.1,1076.1,4207192
2022-05-10,1073.0,1085.0,1066.6,1072.55,2473518
2022-05-11,1069.0,1079.3,1054.05,1060.9,2895668
2022-05-12,1050.1,1070.95,1043.75,1059.4,3195189
2022-05-13,1070.0,1078.0,1045.1,1052.15,2496626
2022-05-16,1054.0,1066.95,1040.2,1044.55,1415370
2022-05-17,1058.2,1086.0,1045.35,1082.9,2620776
2022-05-18,1083.55,1097.35,1070.8,1073.7,2865869
2022-05-19,1055.1,1058.3,1004.6,1009.4,4729354
2022-05-20,1029.0,1034.5,1016.8,1028.85,2005622
2022-05-23,1023.0,1037.0,1014.75,1018.3,2285466
2022-05-24,1022.05,1022.4,987.0,991.75,3418456
2022-05-25,992.0,992.8,963.0,974.45,3904551
2022-05-26,977.0,986.0,969.05,980.7,4278059
2022-05-27,989.0,1010.45,989.0,1003.9,2795530
2022-05-30,1019.0,1053.35,1015.65,1039.9,3562969
2022-05-31,1045.0,1045.8,1020.45,1040.75,5185485
2022-06-01,1040.75,1045.45,1011.55,1017.9,2554081
2022-06-02,1011.4,1048.9,1007.3,1039.7,3560227
2022-06-03,1053.95,1069.65,1040.2,1043.0,3556955
2022-06-06,1038.0,1047.35,1021.15,1037.3,1997494
2022-06-07,1030.0,1033.75,1013.15,1022.9,1839248
2022-06-08,1023.1,1033.8,1016.0,1030.2,1665512
2022-06-09,1024.95,1031.7,1011.7,1028.65,1654005
2022-06-10,1012.0,1023.75,1008.2,1015.35,2260855
2022-06-13,996.0,1002.0,982.5,991.8,1738804
2022-06-14,988.0,1000.95,978.15,996.9,2461791
2022-06-15,989.0,1007.0,988.0,989.9,2408630
2022-06-16,1007.0,1007.0,961.65,964.95,3198618
2022-06-17,952.4,963.15,944.05,958.75,4302066
2022-06-20,965.0,966.0,952.1,960.05,1305407
2022-06-21,971.7,999.9,963.65,986.6,2128325
2022-06-22,977.95,979.0,959.15,961.3,2575065
2022-06-23,962.1,977.5,958.6,971.25,2169033
2022-06-24,984.0,984.55,960.0,966.7,1922313
2022-06-27,986.15,1006.8,984.2,992.35,3626024
2022-06-28,989.9,1007.0,983.25,1001.95,2702471
2022-06-29,985.1,1000.25,985.0,987.55,3150015
2022-06-30,990.0,996.55,969.95,973.25,3741119
2022-07-01,964.5,981.45,964.2,975.35,2827579
2022-07-04,975.35,989.5,973.45,984.6,2738846
2022-07-05,987.4,1002.65,978.45,982.15,2476050
2022-07-06,982.0,999.0,980.05,986.6,2998254
2022-07-07,997.0,1000.9,984.95,989.85,2985141
2022-07-08,999.0,999.0,979.15,983.55,3141642
2022-07-11,975.0,979.15,940.0,943.55,5787815
2022-07-13,930.0,936.0,905.0,917.75,12874342
2022-07-14,926.15,927.55,892.3,903.0,4916497
2022-07-15,896.0,905.0,877.35,883.15,5591590
2022-07-18,895.0,907.5,888.85,900.3,5156225
2022-07-19,890.0,897.5,885.0,889.7,4636293
2022-07-20,904.6,918.8,895.1,917.4,4827089
2022-07-21,921.0,926.95,913.55,924.45,3498709
2022-07-22,929.4,931.9,909.0,920.25,3514659
2022-07-25,920.25,932.0,914.0,930.65,2120224
2022-07-26,928.5,929.65,911.1,913.5,2780103
2022-07-27,912.1,929.35,911.1,928.45,1742497
2022-07-28,935.9,949.0,932.7,946.1,2843497
2022-07-29,957.0,965.7,947.15,948.4,3617725
2022-08-01,954.0,956.5,945.2,952.15,2489519
2022-08-02,952.15,953.85,941.05,951.05,2545241
2022-08-03,951.0,961.8,950.05,957.2,4119614
2022-08-04,965.0,969.95,945.8,958.1,3513266
2022-08-05,962.9,964.95,955.0,957.75,2565683
2022-08-10,966.05,967.0,948.1,952.05,3271939
2022-08-11,965.0,968.5,958.75,962.35,3594584
2022-08-12,964.0,964.0,954.0,956.4,3022304
2022-08-16,969.0,969.0,952.65,958.2,2784861
2022-08-17,963.0,982.9,955.0,980.6,4649125
2022-08-18,983.45,983.45,968.1,973.5,2829269
2022-08-19,974.5,987.05,966.8,970.05,2880969
2022-08-22,965.0,970.0,955.2,959.45,3616799
2022-08-23,949.95,951.0,939.0,946.9,3753715
2022-08-24,949.9,953.8,944.15,949.15,1494361
2022-08-25,953.9,953.9,942.65,943.8,3316314
2022-08-26,948.55,956.0,943.75,945.65,2195046
2022-08-29,912.6,922.0,900.1,917.5,4974880
2022-08-30,926.9,945.25,923.7,938.95,2998417
2022-09-01,917.3,931.0,916.25,926.05,2953921
2022-09-02,931.2,937.0,919.0,924.45,1750283
2022-09-05,926.0,942.3,922.5,936.0,2279812
2022-09-06,936.0,942.9,927.05,937.8,2108615
2022-09-07,927.0,932.55,923.1,931.7,2709547
2022-09-08,936.4,940.9,928.0,931.05,3214686
2022-09-09,939.0,953.0,934.3,948.5,2206526
2022-09-13,955.0,959.8,950.45,955.4,2442828
2022-09-14,933.3,938.45,926.55,932.0,6761712
2022-09-15,936.5,936.7,916.3,919.9,2995215
2022-09-16,915.1,918.0,893.4,896.9,5095937
2022-09-19,897.95,907.15,887.5,897.8,2686561
2022-09-20,902.3,920.85,902.0,914.0,1836721
2022-09-21,909.0,913.75,898.85,900.95,1819649
2022-09-22,897.6,904.9,889.75,897.65,2315711
2022-09-23,896.5,912.6,892.0,895.85,2569608
2022-09-26,891.25,917.4,882.0,906.7,4182702
2022-09-27,911.25,921.45,907.6,918.75,3545337
2022-09-28,913.0,926.95,911.85,920.8,4154139
2022-09-29,927.0,931.0,916.6,923.05,2928360
2022-09-30,921.9,935.55,910.05,932.35,3229901
2022-10-03,932.35,932.85,916.0,930.25,1598950
2022-10-04,942.5,951.0,937.05,946.0,2331351
2022-10-06,955.5,967.95,955.5,964.55,3713623
2022-10-07,965.0,972.95,955.0,957.7,2174327
2022-10-10,942.2,967.15,942.2,963.25,2758812
2022-10-11,968.1,972.0,936.0,938.6,3134969
2022-10-12,943.3,963.9,943.3,952.0,3502390
2022-10-13,972.05,989.05,969.3,982.1,9698562
2022-10-14,1005.0,1023.0,994.0,1002.55,7424383
2022-10-17,1005.7,1006.8,991.1,994.6,2136170
2022-10-18,1000.0,1013.65,999.1,1009.2,2487826
2022-10-19,1006.5,1006.5,994.0,995.65,2517099
2022-10-20,990.0,1019.3,988.0,1017.4,3931399
2022-10-21,1022.5,1029.9,1011.6,1027.2,2071897
2022-10-25,1036.0,1037.25,1020.9,1026.5,3068136
2022-10-27,1031.0,1037.45,1019.6,1032.05,3313674
2022-10-28,1031.95,1039.75,1025.5,1030.0,2423629
2022-10-31,1039.0,1052.5,1036.4,1041.15,2418565
2022-11-01,1049.0,1061.85,1045.0,1060.05,2275488
2022-11-02,1064.95,1066.35,1042.5,1045.2,2799322
2022-11-03,1034.0,1049.2,1033.1,1045.15,2396164
2022-11-04,1045.15,1049.0,1033.45,1045.35,1709158
2022-11-07,1048.1,1055.7,1038.65,1047.15,2213508
2022-11-09,1060.9,1061.45,1049.2,1053.45,2307691
2022-11-10,1050.0,1062.4,1047.05,1052.45,2321667
2022-11-11,1071.0,1098.7,1069.1,1090.65,3923101
2022-11-14,1095.0,1102.95,1090.05,1099.0,2170007
2022-11-16,1107.5,1112.45,1099.35,1105.2,2213697
2022-11-17,1095.1,1100.6,1089.1,1092.55,2460883
2022-11-18,1098.05,1106.0,1084.0,1103.15,2623894
2022-11-21,1098.9,1106.35,1092.6,1095.5,1733741
2022-11-22,1091.1,1105.9,1088.0,1103.4,2529146
2022-11-23,1108.95,1111.5,1099.75,1103.4,2217599
2022-11-24,1106.0,1135.0,1103.5,1129.6,3295202
2022-11-25,1135.2,1137.55,1120.65,1128.2,1977441
2022-11-28,1125.0,1132.75,1117.0,1118.8,2368293
2022-11-29,1118.8,1138.75,1118.05,1128.95,1785948
2022-11-30,1127.0,1129.9,1117.0,1120.8,6053488
2022-12-01,1130.0,1150.65,1128.4,1136.4,3919684
2022-12-02,1136.4,1140.4,1123.85,1135.55,2944923
2022-12-05,1133.25,1141.95,1127.2,1130.85,2646466
2022-12-06,1121.6,1125.0,1107.0,1120.95,2807894
2022-12-07,1114.0,1116.6,1102.0,1105.9,2399879
2022-12-08,1113.75,1113.75,1098.8,1101.35,1752350
2022-12-09,1075.0,1075.0,1020.7,1027.5,12415478
2022-12-12,1025.0,1039.15,1012.45,1028.4,4275785
2022-12-13,1032.1,1046.9,1031.1,1044.7,2284909
2022-12-14,1045.0,1057.3,1045.0,1056.2,2425507
2022-12-15,1051.55,1051.8,1037.1,1042.35,1906369
2022-12-16,1030.0,1046.45,1022.35,1029.65,5159215
2022-12-19,1029.65,1037.5,1023.35,1033.25,3328172
2022-12-20,1027.0,1033.35,1011.5,1029.7,2629849
2022-12-21,1035.0,1053.25,1035.0,1040.35,2878658
2022-12-22,1046.0,1054.65,1033.6,1039.1,2623451
2022-12-23,1029.5,1044.1,1027.1,1030.6,2177675
2022-12-26,1031.0,1041.75,1029.0,1031.7,1680715
2022-12-27,1039.0,1040.75,1030.35,1036.35,554319
2022-12-28,1030.0,1038.3,1026.5,1035.45,1397806
2022-12-29,1030.0,1046.0,1028.1,1044.45,1277244
2022-12-30,1050.0,1055.25,1034.3,1039.3,1860560
2023-01-03,1039.0,1045.8,1033.5,1041.35,2484372
2023-01-04,1036.2,1042.0,1031.5,1036.6,1219170
2023-01-05,1041.8,1049.8,1033.1,1044.1,2294943
2023-01-06,1044.0,1047.9,1025.25,1032.8,1887689
2023-01-09,1044.95,1071.0,1040.05,1067.45,4562242
2023-01-10,1061.0,1072.6,1056.3,1063.85,2297082
2023-01-11,1069.0,1079.6,1050.55,1054.8,3594167
2023-01-13,1043.9,1084.0,1041.0,1077.8,8253765
2023-01-16,1087.0,1100.45,1078.55,1093.7,4508538
2023-01-17,1097.9,1113.95,1095.0,1111.05,4390338
2023-01-18,1118.95,1125.85,1114.1,1115.15,6905092
2023-01-19,1102.35,1113.35,1098.75,1111.4,2298287
2023-01-20,1111.05,1121.4,1107.05,1107.8,4747128
2023-01-23,1111.0,1122.9,1108.15,1121.2,1696834
2023-01-24,1125.9,1143.7,1121.2,1137.85,4861107
2023-01-25,1134.85,1134.85,1116.75,1122.75,2692236
2023-01-27,1122.75,1134.3,1105.0,1115.6,3864525
2023-01-30,1115.6,1139.95,1105.8,1134.75,3508427
2023-01-31,1136.0,1137.7,1113.0,1122.2,4582858
2023-02-01,1137.0,1137.0,1114.45,1132.1,2393911
2023-02-02,1137.8,1155.5,1135.0,1149.6,3048359
2023-02-03,1154.0,1156.65,1138.6,1146.15,1814055
2023-02-07,1147.85,1153.0,1125.9,1128.25,1931191
2023-02-08,1133.9,1149.0,1132.7,1145.0,2848255
2023-02-09,1144.0,1152.0,1138.0,1146.35,1501083
2023-02-10,1125.8,1130.0,1100.0,1115.65,3185163
2023-02-13,1121.25,1121.25,1105.0,1113.0,2009185
2023-02-14,1121.0,1142.4,1118.0,1125.45,3938046
2023-02-15,1125.0,1134.6,1119.6,1132.9,1648954
2023-02-16,1138.6,1152.15,1124.0,1128.15,2369355
2023-02-17,1121.7,1121.7,1107.55,1109.55,1958807
2023-02-20,1109.55,1134.7,1107.6,1115.7,1706036
2023-02-21,1121.0,1122.05,1103.1,1105.2,1313278
2023-02-22,1095.0,1105.55,1090.05,1092.6,2212194
2023-02-23,1104.8,1111.95,1092.5,1094.35,2139983
2023-02-24,1097.0,1104.5,1082.0,1094.85,1684570
2023-02-27,1090.0,1090.0,1076.0,1083.95,1834553
2023-02-28,1083.5,1096.9,1068.1,1077.6,20793703
2023-03-01,1077.35,1104.0,1077.35,1101.1,1655100
2023-03-02,1090.3,1117.0,1090.3,1105.95,4074162
2023-03-03,1115.0,1129.7,1111.05,1119.0,3253621
2023-03-06,1129.0,1148.0,1123.3,1126.7,4091674
2023-03-08,1112.0,1124.0,1107.3,1120.65,3209393
2023-03-09,1121.95,1126.7,1114.05,1116.65,1834324
2023-03-10,1105.0,1118.15,1105.0,1116.3,1193681
2023-03-13,1120.95,1133.6,1095.0,1098.6,3028387
2023-03-14,1098.55,1103.4,1066.0,1084.05,3683544
2023-03-15,1095.05,1097.9,1075.5,1079.65,1528510
2023-03-16,1083.95,1087.55,1069.65,1072.4,1812907
2023-03-17,1088.2,1117.1,1084.05,1108.45,5350523
2023-03-20,1105.0,1108.3,1086.25,1090.85,2066169
2023-03-21,1099.0,1102.4,1077.1,1083.9,2421127
2023-03-22,1091.95,1105.75,1079.05,1081.45,1382329
2023-03-23,1077.0,1080.4,1061.0,1065.9,2178855
2023-03-24,1073.0,1090.0,1047.05,1051.75,2688253
2023-03-27,1053.3,1065.5,1044.8,1051.5,1459887
2023-03-28,1056.8,1063.8,1039.35,1041.1,2965015
2023-03-29,1046.0,1070.0,1042.1,1067.5,2478745
2023-03-31,1083.4,1096.9,1069.4,1085.25,3131614
2023-04-03,1089.95,1099.25,1088.0,1098.15,1540702
2023-04-05,1085.35,1113.0,1066.15,1111.2,3342291
2023-04-06,1109.05,1109.05,1085.45,1091.85,2378264
2023-04-10,1091.85,1105.0,1091.5,1103.1,711625
2023-04-11,1104.0,1109.9,1085.0,1087.0,2318905
2023-04-12,1092.0,1097.45,1080.1,1094.5,2715967
2023-04-13,1089.0,1089.0,1063.0,1071.85,3071057
2023-04-17,1055.0,1055.0,1016.25,1042.2,9509446
2023-04-18,1049.55,1066.4,1045.2,1063.85,3686404
2023-04-19,1073.95,1073.95,1036.45,1038.7,4322881
2023-04-20,1040.0,1047.2,1031.85,1037.5,3057560
2023-04-21,1054.0,1074.0,1037.75,1048.95,7708194
2023-04-24,1057.0,1058.9,1046.0,1054.05,2033625
2023-04-25,1050.45,1058.8,1044.4,1053.45,1237595
2023-04-26,1055.0,1067.0,1048.0,1065.55,1647101
2023-04-27,1065.55,1075.0,1061.0,1071.25,1654910
2023-04-28,1059.95,1068.75,1053.75,1064.1,2629188
2023-05-02,1064.1,1074.8,1064.0,1067.55,1905168
2023-05-03,1062.0,1064.0,1055.0,1058.95,1649820
2023-05-04,1056.05,1067.95,1048.3,1066.8,1403672
2023-05-05,1066.8,1069.95,1052.1,1055.55,1641673
2023-05-08,1058.0,1077.5,1055.0,1075.75,1389075
2023-05-09,1071.0,1082.6,1066.05,1079.0,2981949
2023-05-10,1084.15,1088.8,1072.1,1078.3,2091411
2023-05-12,1086.0,1103.4,1077.45,1095.5,1585037
2023-05-15,1098.95,1105.95,1092.8,1099.75,1523466
2023-05-16,1100.2,1105.3,1088.1,1090.7,1166324
2023-05-17,1090.5,1093.95,1062.7,1074.55,3602382
2023-05-18,1081.95,1085.0,1073.0,1079.9,1515743
2023-05-19,1088.6,1104.0,1082.45,1095.35,1984436
2023-05-22,1095.35,1121.9,1088.95,1119.85,1864932
2023-05-23,1120.0,1131.35,1104.0,1107.35,2138096
2023-05-24,1099.05,1115.0,1098.0,1111.95,1302744
2023-05-25,1109.2,1118.25,1103.05,1116.0,1124803
2023-05-26,1115.0,1140.35,1114.0,1139.2,1635167
2023-05-29,1146.0,1147.95,1124.4,1126.2,1288914
2023-05-30,1129.0,1144.0,1128.05,1135.85,1983735
2023-05-31,1134.8,1153.35,1132.1,1145.1,5967930
2023-06-01,1148.0,1155.15,1137.65,1141.9,1445692
2023-06-02,1148.0,1151.1,1131.6,1137.05,1336554
2023-06-05,1144.0,1148.5,1136.0,1138.3,1435758
2023-06-06,1130.0,1132.3,1113.75,1128.6,1943605
2023-06-07,1133.8,1133.8,1116.2,1129.05,2459039
2023-06-08,1129.05,1131.25,1118.3,1126.75,1385218
2023-06-09,1129.1,1131.0,1105.95,1109.75,1824218
2023-06-12,1112.95,1140.95,1111.5,1139.65,1670970
2023-06-13,1144.95,1144.95,1129.3,1131.3,2014656
2023-06-14,1138.0,1138.4,1126.05,1135.85,836964
2023-06-15,1140.0,1147.0,1136.55,1143.6,2109652
2023-06-16,1150.0,1154.25,1132.45,1148.2,2909817
2023-06-19,1148.2,1153.9,1135.45,1137.55,1278608
2023-06-20,1133.0,1170.75,1132.5,1168.65,3504867
2023-06-21,1175.0,1175.7,1161.65,1170.45,2019683
2023-06-22,1170.15,1170.45,1158.85,1163.4,972005
2023-06-23,1161.9,1170.55,1151.0,1165.15,1699790
2023-06-26,1167.25,1175.95,1163.05,1167.5,1190307
2023-06-27,1167.0,1174.45,1160.2,1170.0,1504039
2023-06-28,1173.45,1173.95,1166.5,1170.25,1424076
2023-06-30,1170.35,1194.0,1165.0,1187.95,3036648
2023-07-03,1190.0,1195.0,1174.5,1181.6,1749952
2023-07-04,1182.0,1193.0,1178.55,1190.6,1094468
2023-07-05,1194.0,1202.6,1187.6,1194.8,1653610
2023-07-06,1194.8,1198.0,1174.95,1180.65,2334220
2023-07-07,1178.15,1182.95,1153.8,1157.6,2159585
2023-07-10,1160.0,1161.9,1120.0,1124.5,3960400
2023-07-11,1131.75,1131.75,1112.0,1114.9,4982603
2023-07-12,1119.7,1124.5,1102.45,1110.55,3824027
2023-07-13,1100.0,1124.4,1087.05,1108.8,12294227
2023-07-14,1114.2,1157.1,1111.55,1150.95,6605038
2023-07-17,1151.95,1172.0,1143.65,1153.75,3159479
2023-07-18,1158.95,1170.0,1146.4,1167.2,2431478
2023-07-19,1165.0,1174.9,1157.0,1169.05,2242397
2023-07-20,1160.0,1162.8,1148.0,1155.8,1990001
2023-07-21,1110.0,1139.9,1095.0,1115.45,5259150
2023-07-24,1120.0,1127.7,1111.0,1112.9,2672505
2023-07-25,1118.5,1119.0,1105.1,1111.55,2506726
2023-07-26,1110.2,1120.85,1110.1,1115.0,1969964
2023-07-27,1115.0,1122.7,1108.95,1117.35,1769815
2023-07-28,1114.05,1118.5,1097.45,1103.55,2031899
2023-07-31,1108.0,1119.5,1096.0,1116.7,2526624
2023-08-01,1120.0,1142.0,1111.9,1138.5,2710536
2023-08-02,1137.0,1137.0,1121.5,1130.9,2701150
2023-08-03,1126.0,1135.55,1115.05,1125.5,1608187
2023-08-04,1130.45,1152.35,1126.0,1144.35,3315303
2023-08-07,1154.55,1155.75,1143.15,1150.8,1655404
2023-08-08,1154.9,1156.9,1137.0,1141.35,1667697
2023-08-09,1140.95,1146.0,1125.0,1144.15,1559337
2023-08-10,1140.0,1144.8,1128.65,1134.3,1676669
2023-08-11,1160.0,1186.95,1154.3,1171.45,7391806
2023-08-14,1170.65,1177.0,1154.0,1171.0,1720940
2023-08-16,1175.75,1186.25,1170.1,1177.15,2567226
2023-08-17,1176.85,1180.95,1163.95,1176.7,2331256
2023-08-18,1173.0,1177.85,1158.65,1173.7,3406088
2023-08-21,1172.95,1188.9,1168.95,1179.25,1661946
2023-08-22,1182.0,1187.0,1176.15,1179.5,1805887
2023-08-23,1192.95,1195.0,1178.65,1182.5,2347850
2023-08-24,1188.95,1189.0,1169.0,1171.25,2464221
2023-08-25,1165.0,1170.8,1150.0,1153.95,2105159
2023-08-28,1155.0,1159.7,1139.3,1146.45,2571967
2023-08-29,1153.9,1163.3,1148.3,1157.55,1794652
2023-08-30,1166.0,1175.15,1161.65,1170.5,1497356
2023-08-31,1179.5,1188.1,1165.9,1172.15,4483967
2023-09-01,1173.0,1188.0,1171.1,1185.8,1669640
2023-09-04,1186.0,1235.0,1185.0,1232.5,4517935
2023-09-06,1239.85,1242.4,1222.7,1235.85,1767709
2023-09-07,1238.0,1257.0,1230.3,1254.0,2582004
2023-09-08,1259.0,1269.55,1254.3,1262.05,2280777
2023-09-11,1276.55,1284.3,1270.4,1281.55,2691836
2023-09-12,1285.0,1291.75,1265.5,1282.4,2140769
2023-09-13,1282.0,1282.4,1266.1,1275.25,2275523
2023-09-14,1280.85,1290.7,1275.6,1283.6,2655172
2023-09-15,1294.0,1310.0,1291.05,1304.6,4286280
2023-09-18,1302.0,1311.3,1289.7,1305.0,2761885
2023-09-20,1281.5,1304.0,1281.5,1293.4,2220756
2023-09-21,1284.0,1285.0,1259.3,1278.0,3112700
2023-09-22,1272.45,1283.6,1265.1,1273.7,1321467
2023-09-25,1270.0,1280.0,1256.6,1263.45,1246703
2023-09-26,1264.0,1268.95,1257.1,1261.45,903152
2023-09-27,1258.5,1267.65,1253.3,1261.1,1670373
2023-09-28,1261.1,1266.0,1238.55,1241.9,1807072
2023-09-29,1235.1,1249.7,1227.25,1234.8,2338327
2023-10-03,1232.5,1256.7,1222.7,1238.7,2162636
2023-10-04,1234.0,1244.8,1225.0,1239.55,2253785
2023-10-05,1249.0,1253.95,1227.8,1235.45,2995200
2023-10-06,1252.0,1256.0,1230.1,1237.7,2497711
2023-10-09,1236.0,1266.65,1231.15,1249.6,3430211
2023-10-10,1255.55,1264.75,1248.2,1261.8,1532394
2023-10-11,1266.0,1274.45,1241.0,1245.6,2186131
2023-10-12,1245.0,1248.55,1215.15,1223.75,3921609
2023-10-13,1211.0,1266.5,1208.55,1255.9,5740821
2023-10-16,1263.0,1279.3,1260.3,1270.65,2527113
2023-10-17,1278.9,1279.0,1271.0,1277.15,1687345
2023-10-18,1278.0,1281.5,1267.4,1269.45,1743126
2023-10-19,1266.8,1274.75,1264.9,1267.35,2279726
2023-10-20,1252.0,1261.35,1245.45,1258.6,1625449
2023-10-23,1248.0,1260.5,1232.3,1236.65,1646367
2023-10-25,1231.2,1252.9,1225.3,1229.0,1420065
2023-10-26,1215.0,1238.2,1212.05,1231.8,4617424
2023-10-30,1270.0,1274.8,1256.0,1264.75,1158770
2023-10-31,1272.0,1279.85,1256.7,1276.0,2525870
2023-11-01,1280.0,1285.95,1255.3,1258.95,1572719
2023-11-02,1266.0,1275.0,1265.0,1273.4,1368604
2023-11-03,1282.6,1287.3,1263.0,1266.25,2052536
2023-11-06,1276.25,1279.5,1265.15,1269.7,1175823
2023-11-08,1280.0,1280.8,1265.9,1267.65,937671
2023-11-09,1267.65,1275.8,1261.8,1267.5,1483749
2023-11-10,1262.3,1271.0,1250.65,1255.45,1469902
2023-11-13,1260.0,1263.6,1253.3,1261.0,730991
2023-11-15,1275.0,1283.0,1268.4,1276.65,2410620
2023-11-16,1283.8,1317.95,1278.0,1311.05,3936945
2023-11-17,1313.4,1325.75,1306.4,1309.15,2882039
2023-11-20,1314.95,1331.7,1314.0,1325.4,2831858
2023-11-21,1335.6,1336.0,1321.8,1326.6,1514256
2023-11-22,1326.6,1335.75,1320.4,1329.7,1535630
2023-11-23,1333.95,1335.25,1325.7,1329.0,1307344
2023-11-24,1328.9,1332.65,1305.65,1309.15,1795933
2023-11-28,1309.15,1319.9,1295.3,1316.65,2152951
2023-11-29,1324.0,1338.8,1321.5,1333.95,1835524
2023-11-30,1337.0,1346.8,1329.7,1340.9,4104385
2023-12-01,1346.0,1349.0,1328.0,1336.7,1854324
2023-12-04,1350.0,1350.0,1331.0,1337.95,1547057
2023-12-05,1347.0,1347.0,1308.3,1317.55,3932040
2023-12-06,1325.0,1339.95,1319.55,1329.55,2077245
2023-12-07,1331.0,1337.0,1325.35,1328.0,1985003
2023-12-08,1333.0,1369.95,1329.0,1364.1,4509751
2023-12-11,1370.1,1383.0,1366.05,1375.3,2824656
2023-12-12,1377.0,1387.0,1370.0,1375.3,2730422
2023-12-13,1379.35,1382.8,1357.05,1369.2,1896931
2023-12-14,1391.0,1419.25,1382.0,1414.6,5145574
2023-12-15,1422.0,1497.0,1422.0,1491.3,7374290
2023-12-18,1489.85,1509.9,1481.0,1504.3,3075527
2023-12-19,1501.5,1504.65,1477.7,1488.3,2590417
2023-12-20,1485.0,1503.05,1435.0,1439.95,4368383
2023-12-21,1421.15,1447.05,1420.1,1422.05,2841508
2023-12-22,1431.0,1467.35,1423.0,1462.7,2303438
2023-12-26,1462.7,1467.35,1442.15,1458.15,1363265
2023-12-27,1465.45,1476.0,1457.55,1472.05,1402329
2023-12-28,1470.6,1482.7,1468.45,1472.45,1928616
2023-12-29,1473.95,1481.85,1457.55,1466.1,1481617
2024-01-01,1460.0,1495.75,1455.05,1483.75,1222315
2024-01-02,1484.05,1488.8,1461.35,1469.55,1440888
2024-01-03,1460.0,1465.0,1435.5,1437.75,1651716
2024-01-04,1437.0,1444.8,1417.15,1419.95,3392241
2024-01-05,1425.0,1438.85,1421.9,1432.8,1776925
2024-01-08,1435.0,1452.6,1430.55,1447.9,2025264
2024-01-09,1460.6,1480.95,1452.35,1460.4,3119270
2024-01-10,1474.9,1508.0,1466.05,1492.1,4368914
2024-01-11,1500.0,1500.0,1474.0,1484.8,2271368
2024-01-12,1505.0,1555.0,1498.5,1540.8,5862043
2024-01-15,1610.0,1619.6,1575.5,1588.2,9712071
2024-01-16,1587.0,1587.0,1538.0,1555.45,4459799
2024-01-17,1520.0,1585.0,1516.55,1575.9,3846289
2024-01-18,1577.0,1584.2,1537.05,1567.55,3205598
2024-01-19,1570.0,1590.0,1558.05,1567.95,2374099
2024-01-20,1580.0,1580.0,1537.05,1544.0,961332
2024-01-23,1558.9,1567.9,1517.05,1523.65,3196630
2024-01-24,1530.1,1581.2,1523.7,1576.4,2136023
2024-01-25,1570.0,1570.0,1536.75,1550.25,2641656
2024-01-29,1565.0,1588.6,1550.25,1574.55,2521598
2024-01-30,1580.0,1592.45,1555.0,1559.3,1939386
2024-01-31,1559.3,1581.3,1546.35,1576.0,7025931
2024-02-01,1576.0,1597.0,1566.35,1577.4,2845408
2024-02-02,1584.8,1613.9,1575.0,1583.75,2337374
2024-02-05,1584.95,1588.5,1551.45,1555.35,1452864
2024-02-06,1566.0,1627.0,1558.05,1623.75,4988311
2024-02-07,1628.0,1629.9,1598.95,1615.35,3320199
2024-02-08,1626.0,1647.7,1617.3,1633.8,3496692
2024-02-09,1640.0,1646.75,1614.65,1630.6,3341297
2024-02-12,1639.0,1685.0,1639.0,1666.95,4885445
2024-02-13,1675.0,1675.0,1648.6,1665.6,3129897
2024-02-14,1649.75,1676.9,1625.45,1671.5,1386643
2024-02-15,1678.0,1696.5,1650.1,1662.55,2555162
2024-02-16,1675.0,1677.0,1650.05,1667.45,1776881
2024-02-19,1670.0,1682.95,1659.65,1675.25,762624
2024-02-20,1661.0,1672.75,1645.0,1663.05,2240414
2024-02-21,1655.55,1664.8,1632.05,1636.3,2890991
2024-02-22,1644.0,1691.4,1639.0,1686.4,3820901
2024-02-23,1697.0,1697.35,1663.45,1665.75,2191549
2024-02-26,1665.75,1668.85,1639.5,1649.8,1844253
2024-02-27,1649.0,1673.4,1648.0,1658.8,2049420
2024-02-28,1664.7,1672.0,1644.2,1651.9,936575
2024-02-29,1642.15,1677.75,1636.65,1663.85,3532888
2024-03-01,1675.45,1679.2,1639.1,1644.1,2371138
2024-03-04,1649.0,1654.0,1635.0,1637.95,1788071
2024-03-05,1624.0,1629.95,1607.05,1619.35,3339546
2024-03-06,1613.0,1650.0,1603.85,1644.2,2366177
2024-03-07,1650.0,1654.55,1630.1,1637.65,3181239
2024-03-11,1655.0,1659.8,1632.05,1638.65,2970902
2024-03-12,1635.9,1665.0,1633.05,1635.6,2414182
2024-03-13,1638.75,1651.25,1610.35,1631.5,2564135
2024-03-14,1634.0,1683.0,1610.0,1679.25,3513306
2024-03-15,1677.0,1677.0,1642.85,1647.3,3931561
2024-03-18,1649.9,1663.3,1634.25,1643.4,1183544
2024-03-19,1641.55,1641.55,1594.1,1599.15,1915379
2024-03-20,1604.75,1619.1,1578.1,1587.1,1815178
2024-03-21,1608.0,1619.95,1583.35,1595.8,2684744
2024-03-22,1560.0,1571.45,1508.2,1557.85,7468824
2024-03-27,1569.0,1576.85,1540.0,1546.2,2589697
2024-03-28,1549.0,1561.05,1531.0,1543.55,5301493
2024-04-01,1549.0,1569.0,1548.0,1556.7,1014857
2024-04-02,1559.0,1565.0,1525.1,1528.3,2031775
2024-04-03,1525.35,1558.45,1518.0,1535.85,3343884
2024-04-04,1540.8,1552.5,1518.7,1539.65,3388449
2024-04-05,1542.45,1547.7,1523.8,1545.25,2773570
2024-04-08,1554.0,1554.0,1537.65,1540.05,1820136
2024-04-09,1540.0,1561.8,1534.55,1540.5,2432095
2024-04-10,1541.05,1552.15,1536.2,1539.15,1829986
2024-04-12,1537.0,1542.95,1516.2,1521.5,4319991
2024-04-15,1507.1,1530.5,1494.0,1505.05,3295684
2024-04-16,1486.35,1501.6,1467.3,1477.3,2446933
2024-04-18,1477.05,1480.9,1452.1,1466.85,5180223
2024-04-19,1442.0,1455.5,1435.0,1447.5,5219506
2024-04-22,1452.2,1473.3,1450.5,1465.9,1939632
2024-04-23,1474.9,1501.45,1471.1,1486.65,2783858
2024-04-24,1490.0,1496.95,1476.3,1479.25,1321471
2024-04-25,1479.95,1515.05,1479.95,1504.15,4558032
2024-04-26,1516.85,1531.45,1464.95,1473.85,4328477
2024-04-29,1415.0,1436.0,1381.0,1387.4,11493223
2024-04-30,1376.4,1397.9,1362.45,1366.6,7606726
2024-05-02,1358.0,1377.9,1358.0,1360.7,6555505
2024-05-03,1370.0,1370.0,1333.55,1348.05,5964228
2024-05-06,1358.0,1365.0,1348.5,1358.8,2504082
2024-05-07,1347.95,1348.9,1326.15,1330.95,5096525
2024-05-08,1330.95,1334.0,1307.3,1313.65,6832455
2024-05-09,1315.0,1339.0,1314.5,1320.05,5653762
2024-05-10,1320.1,1322.9,1303.6,1316.2,3357203
2024-05-13,1316.2,1321.9,1301.65,1312.9,2316566
2024-05-14,1322.0,1326.95,1308.7,1321.05,3200462
2024-05-15,1319.25,1340.3,1318.25,1332.9,2975965
2024-05-16,1345.0,1357.8,1328.5,1348.15,5055915
2024-05-17,1351.0,1351.0,1330.2,1333.2,2487831
2024-05-18,1335.05,1340.0,1333.05,1338.9,107491
2024-05-21,1314.0,1349.85,1314.0,1341.9,4966721
2024-05-22,1348.95,1352.9,1340.0,1343.05,2390777
2024-05-23,1346.65,1358.45,1338.0,1353.55,3326149
2024-05-24,1360.0,1360.0,1340.85,1345.2,1769966
2024-05-27,1351.0,1359.6,1338.0,1353.3,1942325
2024-05-28,1357.85,1363.3,1345.6,1358.4,2147233
2024-05-29,1366.0,1366.6,1346.95,1353.1,3845920
2024-05-30,1346.0,1351.55,1325.1,1331.85,4150461
2024-05-31,1331.85,1340.9,1315.75,1324.1,10319045
2024-06-03,1350.55,1354.75,1309.85,1314.45,5384064
2024-06-04,1325.0,1325.0,1235.0,1303.55,5447244
2024-06-05,1320.0,1356.9,1316.1,1343.7,3005139
2024-06-06,1354.0,1399.8,1350.9,1397.5,5936709
2024-06-07,1407.0,1438.65,1398.0,1431.5,5884025
2024-06-10,1440.0,1442.0,1397.5,1418.75,3293739
2024-06-11,1425.0,1437.95,1415.4,1428.8,2269082
2024-06-12,1472.0,1472.0,1434.5,1438.75,5990861
2024-06-13,1447.75,1457.7,1437.1,1444.15,4232861
2024-06-14,1444.15,1446.0,1424.4,1431.05,3065114
2024-06-18,1431.05,1439.75,1427.05,1437.2,2223029
2024-06-19,1440.05,1451.9,1430.3,1445.85,3117522
2024-06-20,1448.95,1448.95,1429.55,1443.45,3163919
2024-06-21,1462.0,1481.95,1439.2,1447.85,6489262
2024-06-24,1437.85,1443.95,1426.6,1440.85,1988692
2024-06-25,1440.95,1450.1,1426.45,1447.95,2079037
2024-06-26,1447.95,1453.3,1438.2,1443.7,1917424
2024-06-27,1435.0,1460.55,1423.5,1454.9,6613193
2024-06-28,1468.0,1468.7,1442.0,1459.6,4943575
2024-07-01,1465.0,1478.6,1455.0,1468.85,3723295
2024-07-02,1475.0,1492.45,1473.0,1480.8,3811366
2024-07-03,1489.0,1489.0,1471.2,1481.0,2070876
2024-07-04,1485.0,1534.55,1485.0,1522.35,6822557
2024-07-05,1523.0,1529.25,1505.55,1519.4,3061687
2024-07-08,1528.0,1540.0,1506.2,1533.4,2939620
2024-07-09,1533.4,1546.3,1525.0,1531.1,2658608
2024-07-10,1531.1,1532.6,1487.85,1509.95,3507096
2024-07-11,1515.0,1534.0,1508.05,1511.9,3304053
2024-07-12,1530.0,1566.0,1510.5,1560.2,6430647
2024-07-15,1580.0,1636.4,1567.4,1569.6,10337489
2024-07-16,1565.0,1583.0,1555.0,1569.55,3540661
2024-07-18,1558.05,1599.25,1557.0,1594.55,4399468
2024-07-19,1610.5,1616.45,1588.6,1594.55,5633838
2024-07-22,1588.6,1594.5,1570.9,1577.1,2704495
2024-07-23,1574.0,1600.8,1551.1,1598.35,2907674
2024-07-24,1594.0,1598.0,1576.85,1583.7,2484299
2024-07-25,1570.0,1594.0,1562.85,1587.6,2934731
2024-07-26,1602.8,1640.0,1594.0,1635.35,2814159
2024-07-29,1640.2,1645.0,1620.0,1632.35,1639491
2024-07-30,1629.0,1633.0,1618.0,1630.25,1783877
2024-07-31,1621.0,1645.0,1619.2,1642.6,1984986
2024-08-01,1640.05,1655.5,1636.1,1640.55,1785188
2024-08-02,1620.05,1639.0,1601.15,1609.3,1692851
2024-08-05,1575.0,1595.7,1537.0,1562.4,3279717
2024-08-06,1563.0,1605.0,1563.0,1582.75,2138704
2024-08-07,1605.0,1615.0,1590.0,1594.6,1897787
2024-08-08,1597.0,1602.0,1554.55,1557.85,2373805
2024-08-09,1584.9,1602.0,1575.85,1589.95,2021762
2024-08-12,1590.0,1600.5,1573.85,1585.25,1273739
2024-08-13,1578.0,1608.4,1577.65,1592.65,1973825
2024-08-14,1600.1,1629.75,1598.25,1626.15,3932148
2024-08-16,1635.0,1674.0,1632.7,1668.25,3101056
2024-08-19,1665.0,1685.0,1659.05,1678.5,1631947
2024-08-20,1680.0,1695.05,1669.2,1686.75,2786109
2024-08-21,1686.0,1688.85,1673.75,1677.25,1410370
2024-08-22,1687.0,1687.0,1673.0,1676.15,1749127
2024-08-23,1676.05,1685.95,1657.15,1661.45,2158185
2024-08-26,1671.0,1734.0,1667.1,1719.45,2672708
2024-08-27,1725.85,1756.85,1705.1,1711.6,3556487
2024-08-28,1712.55,1737.75,1693.05,1719.45,2516461
2024-08-29,1714.0,1756.0,1697.25,1751.85,5112407
2024-08-30,1751.85,1766.3,1742.2,1753.25,4792561
2024-09-02,1764.2,1812.0,1760.0,1806.65,4445349
2024-09-03,1806.0,1817.15,1787.05,1790.45,2553290
2024-09-04,1765.1,1795.65,1765.0,1785.25,2644961
2024-09-05,1792.0,1797.7,1767.3,1790.55,2878565
2024-09-06,1788.0,1795.75,1740.05,1756.1,3351716
2024-09-09,1758.35,1766.3,1741.15,1746.75,1418238
2024-09-10,1749.45,1789.3,1747.15,1779.1,2307528
2024-09-11,1778.2,1796.85,1773.7,1778.75,2303930
2024-09-12,1800.0,1814.2,1777.1,1807.6,3349489
2024-09-13,1805.0,1820.0,1795.65,1812.8,1599349
2024-09-17,1811.95,1828.0,1807.2,1813.75,830317
2024-09-18,1808.1,1808.1,1740.1,1756.5,2629136
2024-09-19,1776.0,1776.0,1721.5,1736.5,4167373
2024-09-20,1748.0,1766.1,1721.4,1760.05,4644317
2024-09-23,1764.0,1764.0,1732.5,1752.8,1541597
2024-09-24,1750.0,1783.5,1738.35,1775.6,1907389
2024-09-25,1778.8,1784.05,1755.0,1782.4,2240579
2024-09-26,1782.25,1808.4,1778.9,1783.85,4303250
2024-09-27,1810.0,1828.55,1796.55,1808.4,4099016
2024-09-30,1808.0,1820.7,1789.15,1796.1,2117894
2024-10-01,1790.0,1822.45,1790.0,1816.5,1642542
2024-10-03,1778.0,1809.3,1770.0,1778.55,3552386
2024-10-04,1778.0,1807.9,1767.25,1776.6,2982759
2024-10-07,1784.95,1804.2,1767.9,1776.95,3419048
2024-10-08,1774.0,1794.0,1743.0,1789.45,2353030
2024-10-09,1793.05,1825.0,1790.15,1809.7,2499596
2024-10-10,1820.0,1839.95,1797.0,1808.65,3753869
2024-10-11,1804.0,1852.8,1800.65,1839.65,2977110
2024-10-14,1846.05,1865.5,1832.4,1855.9,1751092
2024-10-15,1830.0,1882.75,1829.95,1870.1,5696544
2024-10-16,1869.0,1885.0,1854.05,1865.25,2144442
2024-10-17,1869.9,1877.05,1851.45,1867.8,2399099
2024-10-18,1867.0,1873.9,1843.0,1857.7,2366406
2024-10-21,1875.3,1888.5,1840.0,1843.6,1284980
2024-10-22,1829.8,1852.0,1819.5,1822.75,2089660
2024-10-23,1793.5,1865.0,1793.5,1845.75,2522186
2024-10-24,1845.0,1862.95,1837.7,1844.9,1621637
2024-10-25,1860.0,1871.55,1840.2,1852.35,4078295
2024-10-28,1845.1,1876.8,1845.1,1871.75,2418907
2024-10-29,1871.75,1875.9,1851.2,1871.75,1719955
2024-10-30,1861.0,1869.45,1835.3,1838.8,1732047
2024-10-31,1840.0,1843.9,1756.55,1766.05,3616088
2024-11-04,1763.0,1782.1,1745.0,1762.95,2843690
2024-11-05,1769.0,1783.35,1761.5,1773.55,1818350
2024-11-06,1791.1,1853.0,1783.0,1838.4,3477029
2024-11-07,1850.05,1862.55,1814.2,1831.95,2173869
2024-11-08,1838.95,1854.15,1828.05,1837.5,1521324
2024-11-11,1846.7,1874.0,1834.0,1867.3,1679869
2024-11-12,1891.0,1892.95,1864.45,1872.85,2711052
2024-11-13,1866.0,1879.6,1859.1,1864.75,1254074
2024-11-14,1872.0,1897.0,1846.35,1858.95,2462563
2024-11-19,1837.0,1865.0,1817.3,1820.55,2354204
2024-11-21,1835.0,1839.55,1820.2,1836.35,1841245
2024-11-22,1846.35,1902.0,1836.5,1898.4,2765950
2024-11-25,1919.0,1919.95,1878.5,1891.7,6531524
2024-11-26,1890.1,1914.95,1889.15,1899.55,2079873
2024-11-27,1896.75,1917.0,1887.1,1891.05,1631975
2024-11-28,1885.1,1900.5,1835.0,1840.9,3631255
2024-11-29,1842.0,1872.3,1833.95,1848.05,2482280
2024-12-02,1848.05,1878.55,1835.45,1871.5,2014744
2024-12-03,1884.0,1896.3,1872.05,1890.75,2954648
2024-12-04,1882.0,1911.0,1877.6,1897.65,3730643
2024-12-05,1885.0,1938.1,1884.0,1924.0,3881814
2024-12-06,1926.0,1939.35,1915.3,1922.7,2250408
2024-12-09,1915.0,1926.05,1901.0,1909.9,1379520
2024-12-10,1916.45,1942.8,1912.2,1936.35,2695207
2024-12-11,1926.25,1934.8,1916.0,1930.9,1387117
2024-12-12,1924.95,1949.0,1921.5,1936.2,2306173
2024-12-13,1939.0,1975.0,1912.35,1968.8,2569918
2024-12-16,1970.85,1980.0,1950.25,1954.4,1371189
2024-12-17,1945.3,1963.2,1938.0,1950.6,1987909
2024-12-18,1949.0,1971.95,1946.75,1960.35,3460812
2024-12-19,1910.0,1946.2,1910.0,1934.25,1916115
2024-12-20,1954.6,1957.65,1896.4,1911.35,3786921
2024-12-23,1918.5,1939.4,1899.15,1903.0,2058339
2024-12-24,1908.6,1923.65,1889.25,1896.95,1310301
2024-12-26,1905.6,1908.9,1886.3,1900.75,1065107
2024-12-27,1900.0,1902.9,1882.7,1892.0,1328546
2024-12-30,1888.0,1968.95,1865.65,1928.95,6262203
2024-12-31,1915.2,1927.8,1878.55,1917.4,1968650
2025-01-02,1911.95,1976.3,1910.05,1972.2,3487645
2025-01-03,1980.0,1992.1,1941.0,1946.65,2853344
2025-01-06,1951.25,1973.4,1930.0,1953.05,1789037
2025-01-07,1960.0,1981.0,1908.9,1915.9,2494547
2025-01-08,1906.3,1938.5,1894.55,1932.25,2372138
2025-01-09,1926.8,1944.45,1920.0,1934.8,2742139
2025-01-10,1936.0,2002.35,1935.25,1995.1,4802079
2025-01-13,1994.9,2012.2,1965.4,1989.4,5694121
2025-01-14,1936.1,1939.0,1797.75,1813.55,15819311
2025-01-15,1836.0,1843.55,1812.55,1825.7,3350594
2025-01-16,1833.0,1837.95,1785.3,1792.25,5362008
2025-01-17,1773.0,1793.1,1750.05,1788.9,2424374
2025-01-20,1790.1,1799.0,1762.6,1796.2,3401004
2025-01-22,1808.2,1831.45,1804.05,1827.7,3009261
2025-01-23,1817.05,1828.95,1804.2,1807.0,3750930
2025-01-24,1800.0,1829.4,1791.1,1792.85,3171259
2025-01-27,1775.0,1779.75,1707.3,1711.95,4174844
2025-01-28,1711.95,1730.5,1691.0,1693.25,5079829
2025-01-29,1696.0,1724.1,1696.0,1719.0,3733620
2025-01-30,1722.0,1732.95,1697.85,1713.1,2543744
2025-01-31,1709.05,1738.2,1709.05,1725.45,2033832
2025-02-03,1665.0,1700.6,1661.5,1692.0,2659929
2025-02-04,1695.1,1735.9,1692.05,1732.55,3647768
2025-02-05,1730.0,1746.8,1710.0,1712.85,2681942
2025-02-06,1723.85,1728.45,1712.85,1723.5,2057798
2025-02-07,1723.15,1731.0,1700.65,1725.65,2428098
2025-02-10,1723.95,1740.0,1712.1,1733.85,1823071
2025-02-11,1742.8,1749.0,1715.0,1723.2,1702553
2025-02-12,1723.9,1742.4,1699.15,1717.3,2214307
2025-02-13,1712.0,1729.95,1700.25,1703.1,1838463
2025-02-14,1711.0,1723.4,1699.95,1711.25,1460459
2025-02-17,1711.25,1720.15,1694.1,1709.9,1127023
2025-02-18,1706.0,1728.5,1701.25,1725.5,1511900
2025-02-19,1723.2,1731.6,1703.45,1712.3,1294110
2025-02-20,1705.2,1714.55,1683.55,1687.55,1681532
2025-02-21,1690.0,1704.15,1685.15,1700.7,1222563
2025-02-24,1685.0,1690.0,1637.6,1644.05,4455420
2025-02-25,1636.0,1651.95,1631.25,1636.1,1951519
2025-02-27,1620.0,1660.0,1615.2,1629.2,2266866
2025-02-28,1612.0,1614.95,1562.45,1575.05,4910121
2025-03-03,1575.05,1603.4,1568.45,1572.4,1784684
2025-03-04,1560.0,1560.0,1523.0,1535.5,3246644
2025-03-05,1532.0,1581.4,1531.05,1572.95,3112003
2025-03-06,1580.0,1594.7,1575.15,1585.45,2011489
2025-03-07,1582.65,1587.0,1555.6,1557.95,2091986
2025-03-11,1529.95,1573.95,1522.6,1567.85,1846190
2025-03-12,1556.0,1565.0,1507.1,1540.6,3113860
2025-03-13,1540.6,1547.95,1529.15,1534.75,1983351
2025-03-17,1528.0,1547.55,1519.05,1545.15,2029100
2025-03-18,1545.15,1560.95,1530.65,1558.2,2930865
2025-03-19,1558.5,1561.35,1525.1,1544.45,4522829
2025-03-20,1547.85,1582.1,1547.05,1562.0,4608677
2025-03-21,1535.1,1592.05,1521.5,1566.7,8109210
2025-03-24,1591.0,1610.9,1560.0,1604.15,2487843
2025-03-25,1622.0,1658.95,1618.95,1624.9,4906013
2025-03-26,1624.9,1644.95,1622.0,1633.4,3096513
2025-03-27,1625.65,1645.0,1613.55,1630.15,3383080
2025-03-28,1616.1,1625.55,1581.6,1592.5,2211077
2025-04-01,1577.0,1585.0,1526.1,1530.35,4126827
2025-04-02,1515.0,1538.55,1506.4,1527.55,3167863
2025-04-03,1500.0,1500.0,1465.0,1470.1,3966161
2025-04-04,1449.0,1456.2,1419.1,1422.1,4421312
2025-04-07,1345.0,1383.75,1302.75,1374.1,6484139
2025-04-08,1380.0,1424.25,1372.0,1403.35,3938359
2025-04-09,1380.65,1388.7,1357.05,1380.0,3306801
2025-04-11,1360.0,1425.0,1360.0,1390.55,4859622
2025-04-15,1420.0,1428.8,1406.0,1426.5,3265147
2025-04-16,1415.0,1436.1,1405.5,1431.7,2553111
2025-04-17,1420.0,1442.1,1384.0,1438.0,3549969
2025-04-21,1435.0,1499.0,1430.0,1482.0,2840104
2025-04-22,1490.0,1499.9,1464.5,1479.9,2608145
2025-04-23,1555.0,1600.0,1543.7,1594.0,13293318
2025-04-24,1595.0,1603.3,1576.1,1586.7,3193118
2025-04-25,1590.0,1618.0,1568.1,1578.2,3800415
2025-04-28,1565.0,1569.4,1537.1,1549.3,2618810
2025-04-29,1555.0,1580.8,1548.1,1569.0,2231069
2025-04-30,1571.0,1587.9,1554.0,1567.5,3682256
2025-05-02,1567.0,1581.0,1557.1,1576.5,1895904
2025-05-05,1580.0,1597.7,1563.3,1568.6,1012225
2025-06-20,1713.9,1742.6,1709.1,1739.9,2719770
2025-06-23,1729.2,1729.8,1699.2,1703.2,2221446
2025-06-24,1719.9,1732.6,1689.2,1691.8,3601071
2025-06-25,1702.0,1720.7,1701.0,1717.1,1307518
2025-06-26,1710.0,1726.9,1702.7,1724.1,2971055
2025-06-27,1735.0,1752.5,1710.8,1723.3,6478283
2025-06-30,1725.0,1734.8,1713.3,1728.6,1855229
2025-07-01,1728.6,1745.0,1714.0,1718.3,1639826
2025-07-02,1722.0,1738.5,1711.0,1718.6,2069447
2025-07-03,1716.0,1730.5,1706.5,1711.9,1839063
2025-07-04,1715.0,1729.0,1706.2,1725.9,768500
2025-07-07,1725.5,1725.5,1703.3,1710.4,1366412
2025-07-08,1700.0,1718.9,1687.5,1708.1,2139193
2025-07-09,1710.0,1714.3,1671.0,1674.0,2894808
2025-07-10,1675.0,1679.9,1649.0,1663.7,2740853
2025-07-11,1643.2,1655.5,1630.0,1638.3,2548153
2025-07-14,1640.0,1642.4,1607.0,1619.8,3334703
2025-07-15,1590.0,1621.4,1550.0,1566.4,14685607
2025-07-16,1566.4,1574.0,1560.0,1562.8,5218099
2025-07-17,1563.6,1566.8,1542.4,1543.9,4966082
2025-07-18,1544.0,1550.0,1530.0,1548.8,3902458
2025-07-21,1548.8,1550.7,1526.0,1530.4,3368842
2025-07-22,1533.1,1539.8,1518.3,1520.1,3218227
2025-07-23,1524.1,1536.0,1518.0,1529.8,3471536
2025-07-24,1530.0,1537.9,1501.6,1507.2,4654421
2025-07-25,1501.1,1512.2,1486.6,1490.1,2733655
2025-07-28,1490.1,1494.2,1463.5,1466.1,4404841
2025-07-29,1466.1,1477.5,1461.0,1472.4,6223556
2025-07-30,1480.5,1484.3,1468.8,1476.5,1642426
2025-07-31,1465.0,1482.7,1459.5,1467.9,2306285
2025-08-01,1465.0,1466.9,1450.0,1452.1,2152783
2025-08-04,1452.1,1475.4,1440.6,1474.4,2384774
2025-08-05,1479.9,1485.4,1471.2,1482.7,2614394
2025-08-07,1458.0,1479.2,1451.0,1475.5,1495363
2025-08-08,1474.8,1482.2,1459.0,1475.7,2815614
2025-08-11,1475.0,1531.0,1465.6,1488.0,2374556
2025-08-12,1490.0,1509.9,1489.0,1499.1,3422656
2025-08-13,1500.0,1507.5,1489.0,1501.1,2916128
2025-08-14,1501.0,1516.2,1485.8,1489.8,4227538
2025-08-18,1498.1,1501.9,1475.9,1485.0,2795155
2025-08-19,1476.3,1482.6,1469.2,1476.1,2515817
2025-08-20,1468.0,1500.3,1458.0,1496.0,10219330
2025-08-21,1500.0,1505.0,1486.1,1493.5,2157601
2025-08-22,1489.6,1491.5,1464.0,1466.3,2802805
2025-08-25,1480.0,1509.7,1476.2,1504.2,2764914
2025-08-26,1501.9,1506.5,1485.0,1492.8,4092265
2025-08-28,1488.0,1488.0,1446.0,1449.8,4367902
2025-08-29,1449.8,1462.6,1439.2,1454.8,3404604
2025-09-01,1446.0,1472.5,1446.0,1468.4,2105254
2025-09-02,1469.0,1477.4,1459.7,1465.7,1295198
2025-09-03,1475.0,1475.0,1452.6,1466.1,1800307
2025-09-04,1465.1,1465.9,1440.9,1443.3,2192155
2025-09-05,1448.0,1452.3,1402.8,1419.0,3895199
2025-09-08,1423.9,1428.6,1401.0,1403.0,2929976
2025-09-09,1410.2,1431.8,1409.1,1427.1,2906889
2025-09-10,1434.9,1471.9,1432.1,1463.9,3205017
2025-09-11,1463.9,1470.4,1458.3,1467.7,1982922
2025-09-12,1475.0,1480.0,1463.0,1467.2,2110883
2025-09-15,1467.2,1468.3,1452.0,1466.5,1725617
2025-09-16,1463.9,1485.2,1461.1,1483.1,1724524
2025-09-17,1490.8,1499.0,1475.3,1481.5,2656774
2025-09-18,1492.6,1502.9,1486.1,1493.8,2792406
2025-09-19,1493.8,1493.8,1464.0,1467.4,3197957
2025-09-22,1423.0,1449.2,1415.0,1439.9,4457129
2025-09-23,1444.2,1444.2,1420.4,1429.8,3106480
2025-09-24,1425.1,1444.7,1420.0,1442.3,2894044
2025-09-25,1440.2,1442.5,1416.0,1423.8,2713246
2025-09-26,1420.0,1426.5,1392.0,1395.3,2568054
2025-09-29,1397.1,1402.6,1383.0,1387.4,2990852
2025-09-30,1392.1,1405.0,1381.9,1385.1,2782077
2025-10-01,1386.1,1396.8,1382.0,1389.5,2253527
2025-10-03,1396.5,1399.8,1380.4,1393.5,2793839
2025-10-06,1393.5,1421.0,1390.8,1417.7,1970901
2025-10-07,1422.0,1441.9,1417.2,1433.4,1592836
2025-10-08,1433.2,1458.7,1427.2,1453.2,1735807
2025-10-09,1453.2,1491.1,1452.5,1486.5,2681316
2025-10-10,1491.0,1498.5,1473.9,1495.5,2129445
2025-10-13,1490.0,1502.2,1476.5,1494.7,1820492
2025-10-14,1515.4,1535.0,1490.2,1495.4,5802489
2025-10-15,1497.9,1509.4,1486.1,1495.7,1710696
2025-10-16,1499.9,1519.9,1498.0,1515.0,2021043
2025-10-17,1499.0,1501.3,1479.2,1486.2,3210161
2025-10-20,1489.9,1509.9,1489.1,1495.4,2354881
2025-10-21,1502.7,1503.0,1481.0,1486.0,274400
2025-10-23,1510.0,1547.5,1505.5,1523.9,5011470
2025-10-24,1525.0,1532.6,1516.4,1523.8,1491451
2025-10-27,1531.4,1549.5,1526.8,1533.5,1394846
2025-10-28,1535.0,1542.0,1512.0,1522.1,1936466
2025-10-29,1530.0,1559.0,1522.0,1557.3,2596355
2025-10-30,1557.7,1559.9,1538.1,1549.8,2183395
2025-10-31,1549.8,1558.2,1537.6,1541.5,1723467
2025-11-03,1540.1,1549.7,1528.2,1543.5,2252136
2025-11-04,1536.4,1541.9,1525.0,1529.1,1666863
2025-11-06,1529.1,1531.9,1514.3,1526.4,2474769
2025-11-07,1515.1,1518.8,1490.5,1512.4,2238714
2025-11-10,1518.0,1544.9,1511.4,1540.5,1558896
2025-11-11,1547.8,1572.5,1541.2,1570.0,2270763
2025-11-12,1575.0,1600.0,1573.5,1594.0,2331564
2025-11-13,1599.4,1605.0,1580.0,1598.5,1944022
2025-11-14,1590.0,1598.0,1574.1,1594.6,2543918
2025-11-17,1594.0,1607.7,1585.5,1606.4,2000978
2025-11-18,1604.0,1604.0,1590.1,1595.2,1640123
2025-11-19,1595.3,1669.5,1588.6,1662.6,6342672
2025-11-20,1662.6,1668.4,1642.6,1645.4,2724035
2025-11-21,1636.0,1643.5,1606.0,1608.0,2958835
2025-11-24,1614.3,1640.0,1602.9,1610.4,6392688
2025-11-25,1618.3,1618.9,1592.6,1601.1,2285950
2025-11-26,1601.1,1627.5,1601.1,1617.9,1243303
2025-11-27,1619.1,1633.2,1614.0,1629.0,2106176
2025-11-28,1629.0,1636.9,1619.0,1624.2,1841289
2025-12-01,1630.0,1646.5,1628.0,1642.9,2034350
2025-12-02,1651.0,1652.9,1624.0,1635.5,2326220
2025-12-03,1635.5,1654.6,1628.8,1640.5,2371611
2025-12-04,1650.0,1672.0,1645.1,1654.6,3935708
2025-12-05,1662.7,1691.0,1651.0,1683.0,3391204
2025-12-08,1683.0,1695.4,1676.9,1688.6,2702407
2025-12-09,1687.0,1687.0,1656.4,1657.6,2817704
2025-12-10,1663.3,1671.0,1657.0,1666.0,1482249
2025-12-11,1667.5,1677.4,1649.0,1672.4,1408684
2025-12-12,1677.4,1677.9,1660.0,1673.2,1284337
2025-12-15,1673.2,1688.0,1660.0,1684.0,1689723
2025-12-16,1681.0,1682.0,1645.4,1651.7,1929309
2025-12-17,1651.0,1664.5,1646.3,1655.0,1394918
2025-12-18,1657.0,1673.9,1651.2,1661.4,1822056
2025-12-19,1675.0,1681.0,1632.5,1642.4,3487150
2025-12-22,1651.9,1673.5,1644.0,1670.3,1339691
2025-12-23,1675.1,1686.9,1656.2,1679.9,1614314
2025-12-24,1676.0,1680.0,1665.1,1674.7,989858
2025-12-26,1668.0,1676.4,1650.5,1660.9,921138
2025-12-29,1659.7,1660.8,1625.4,1630.8,1516288
2025-12-30,1630.8,1635.7,1611.1,1615.2,3323273
2025-12-31,1624.5,1631.7,1616.8,1623.3,1359963
2026-01-01,1622.9,1645.7,1618.4,1634.5,773806
2026-01-02,1632.0,1643.0,1625.1,1640.2,950573
2026-01-05,1625.0,1633.5,1580.1,1607.6,3245802
2026-01-06,1600.3,1626.0,1597.3,1616.3,2112043
2026-01-07,1620.8,1654.5,1616.7,1647.7,3816569
2026-01-08,1653.3,1660.6,1635.4,1646.7,3266398
2026-01-09,1647.1,1675.0,1647.1,1661.4,3281306
2026-01-12,1659.2,1677.2,1641.5,1667.6,4175707
2026-01-13,1685.0,1697.6,1626.0,1665.0,7149266
2026-01-14,1665.0,1677.9,1649.2,1668.5,2470615
2026-01-16,1670.0,1700.9,1664.8,1698.0,3098089
2026-01-19,1698.0,1719.0,1685.1,1716.8,2087629
2026-01-20,1720.0,1720.0,1681.8,1687.3,1739341
2026-01-21,1687.6,1694.9,1668.9,1682.5,1728435
2026-01-22,1690.6,1709.0,1681.5,1703.1,1853439
2026-01-23,1712.7,1721.0,1698.8,1707.0,1874357
2026-01-27,1720.0,1725.5,1700.5,1720.2,2671530
2026-01-28,1705.1,1734.4,1691.0,1729.6,2713867
2026-01-29,1722.8,1725.0,1696.1,1721.6,2235602
2026-01-30,1713.2,1713.2,1683.0,1695.6,4448681
2026-02-02,1670.0,1688.5,1653.6,1676.8,1916380
2026-02-03,1780.0,1780.1,1689.1,1695.3,3200948
2026-02-04,1642.0,1645.0,1586.0,1621.8,5834470
2026-02-05,1613.7,1631.8,1600.2,1610.0,3184531
2026-02-06,1612.0,1612.0,1574.1,1593.7,3342992
2026-02-09,1600.4,1619.9,1594.4,1602.0,1863558
2026-02-10,1595.0,1602.4,1567.8,1573.1,3234785
2026-02-11,1574.0,1578.1,1546.1,1551.6,2944646
2026-02-12,1529.0,1535.0,1469.5,1476.1,5397659
2026-02-13,1423.0,1476.8,1396.0,1455.2,7214938
2026-02-16,1451.1,1467.0,1446.8,1461.8,2388700
2026-02-17,1464.0,1510.7,1458.0,1482.6,2840341
2026-02-18,1483.2,1483.2,1443.4,1467.2,2036245
2026-02-19,1470.0,1501.8,1443.0,1450.4,2397127
2026-02-20,1443.0,1455.0,1431.0,1436.5,2392491
2026-02-23,1438.2,1441.6,1415.5,1426.2,2629763
2026-02-24,1402.3,1406.7,1322.5,1339.2,10004684
2026-02-25,1355.0,1391.4,1354.0,1378.2,5703505
2026-02-26,1391.0,1405.0,1368.0,1373.5,2329520
2026-02-27,1398.0,1404.8,1382.0,1389.1,8651443
2026-03-02,1351.0,1386.0,1350.0,1371.0,2088938
2026-03-04,1356.0,1382.0,1356.0,1364.0,3161598
2026-03-05,1378.2,1378.2,1332.5,1354.1,2217963
2026-03-06,1356.0,1380.8,1354.2,1356.7,1871596
2026-03-09,1330.0,1372.7,1328.0,1358.6,2256550
2026-03-10,1361.0,1364.4,1345.0,1361.5,1671877
2026-03-11,1367.2,1376.0,1346.9,1350.3,1837000
2026-03-12,1350.0,1363.4,1341.0,1358.1,2616965
2026-03-13,1350.0,1356.7,1321.0,1325.4,2190786
2026-03-16,1312.8,1337.7,1302.4,1328.6,3618375
2026-03-17,1328.6,1328.6,1297.7,1321.1,2285672
2026-03-18,1326.5,1378.4,1326.5,1357.2,2564106
2026-03-19,1341.4,1354.2,1309.2,1311.8,1663249
2026-03-20,1334.9,1352.5,1328.9,1333.7,5050431
2026-03-23,1314.8,1365.0,1310.0,1358.6,5166409
2026-03-24,1380.0,1394.0,1360.0,1373.3,3555664
2026-03-25,1348.0,1411.4,1348.0,1381.3,4167275
2026-03-27,1377.0,1407.4,1359.8,1364.4,8956139
2026-03-30,1350.0,1359.2,1336.2,1341.6,5541018
2026-04-01,1399.7,1399.7,1349.0,1354.4,2469237
2026-04-02,1347.0,1412.8,1341.2,1402.2,6509389
2026-04-06,1397.0,1422.3,1394.1,1403.3,2134581
2026-04-07,1391.0,1446.5,1388.1,1441.6,3459049
2026-04-08,1449.9,1466.0,1431.9,1461.0,4239052
2026-04-09,1458.9,1469.0,1436.0,1464.9,3101205
2026-04-10,1452.0,1457.6,1421.1,1451.2,3450066
2026-04-13,1441.0,1447.8,1417.5,1429.4,2252652
2026-04-15,1445.0,1474.9,1437.1,1451.3,3993858
2026-04-16,1460.0,1468.7,1435.1,1450.2,5229848
2026-04-17,1443.3,1458.0,1430.0,1442.3,3319268
2026-04-20,1445.9,1451.9,1424.0,1428.3,2352656
2026-04-21,1430.0,1455.0,1422.4,1441.2,3091487
2026-04-22,1345.0,1358.0,1281.0,1285.3,33066256
2026-04-23,1290.0,1294.3,1272.0,1277.6,8304759
2026-04-24,1264.4,1264.8,1198.1,1203.2,10903519
2026-04-27,1209.0,1232.0,1201.0,1228.2,6066942
2026-04-28,1227.9,1232.7,1192.3,1196.0,6643295
2026-04-29,1200.0,1210.8,1192.1,1200.2,4777201
2026-04-30,1200.0,1213.7,1184.0,1199.1,5070033
2026-05-04,1208.0,1213.5,1191.4,1200.5,3318673
2026-05-06,1208.0,1212.0,1186.4,1189.1,3541520
2026-05-07,1195.0,1196.0,1181.1,1183.4,3725309
2026-05-08,1179.8,1202.8,1176.8,1198.4,2813749
2026-05-11,1196.9,1206.3,1191.1,1194.9,2505962
2026-05-12,1183.0,1184.0,1142.6,1145.8,3959561
2026-05-13,1146.3,1154.6,1137.1,1143.2,2635034
2026-05-14,1139.0,1143.2,1103.4,1124.0,5837032
2026-05-15,1121.9,1152.0,1121.8,1132.6,3729249
2026-05-18,1129.0,1149.5,1121.4,1146.6,2588569
2026-05-19,1156.0,1198.3,1152.3,1179.4,5756760
2026-05-20,1166.2,1181.0,1162.4,1169.8,1415960
2026-05-21,1173.7,1180.6,1163.2,1168.2,2245247
2026-05-22,1169.9,1176.0,1159.9,1164.0,2044782
2026-05-25,1168.0,1178.0,1162.1,1165.7,1419803
2026-05-26,1165.7,1173.7,1160.0,1161.9,1196820
2026-05-27,1155.3,1169.8,1153.7,1165.2,1004168
2026-05-29,1180.0,1191.7,1177.0,1183.8,12446602
2026-06-01,1190.1,1212.8,1190.1,1195.1,5970435
2026-06-02,1210.0,1257.0,1202.2,1243.5,7663067
2026-06-03,1228.8,1230.0,1176.8,1179.0,4800922
2026-06-04,1166.4,1176.5,1158.2,1168.3,2025595
2026-06-05,1179.0,1182.5,1147.0,1154.7,1971395
2026-06-08,1141.9,1159.0,1132.3,1151.3,1546444
2026-06-09,1158.7,1159.0,1136.4,1146.3,2225582
2026-06-10,1140.8,1152.0,1130.0,1132.1,1600595
2026-06-11,1112.9,1114.0,1089.5,1110.2,3435236
2026-06-12,1120.0,1122.5,1100.5,1109.6,2203987
2026-06-15,1123.5,1128.0,1113.0,1119.3,2361006
2026-06-16,1141.0,1161.9,1137.5,1159.0,8343470
2026-06-17,1169.0,1173.6,1159.3,1166.8,2263670
2026-06-18,1152.0,1168.8,1136.1,1161.8,3368037
2026-06-19,1110.0,1136.0,1091.4,1131.7,10014063
2026-06-22,1136.0,1148.7,1127.0,1130.5,2312385
2026-06-23,1121.6,1125.8,1105.5,1109.5,3235632
2026-06-24,1097.6,1121.5,1093.2,1113.9,3503015
2026-06-25,1133.0,1133.5,1097.5,1100.7,5877425
2026-06-29,1095.6,1108.3,1086.0,1102.4,5186504
2026-06-30,1102.5,1105.7,1068.6,1071.8,3794233
2026-07-01,1070.0,1076.5,1030.0,1034.2,3819777
2026-07-02,1049.0,1082.9,1048.0,1078.1,3726609
2026-07-03,1127.1,1159.0,1115.1,1139.0,12768463
2026-07-06,1145.0,1147.9,1126.0,1134.2,2747815
2026-07-07,1135.0,1175.0,1134.0,1168.2,5179529
2026-07-08,1165.0,1176.5,1141.7,1145.6,3091794
2026-07-09,1144.1,1161.9,1121.0,1150.4,2033525
2026-07-10,1173.0,1191.5,1153.5,1164.1,3979475
2026-07-13,1162.0,1237.0,1162.0,1221.2,9028077
2026-07-14,1200.0,1209.1,1164.0,1166.7,9754723
2026-07-15,1157.0,1181.6,1144.5,1168.0,3253196
2026-07-16,1175.4,1204.0,1174.7,1187.4,5147444
2026-07-17,1197.8,1223.5,1195.8,1203.9,5037972
2026-07-20,1205.0,1224.7,1200.1,1221.3,3612829
2026-07-21,1219.0,1240.7,1217.2,1239.5,4642320
2026-07-22,1243.8,1243.8,1227.7,1237.3,2377718
2026-07-23,1236.0,1248.8,1228.8,1244.7,1878476
2026-07-24,1237.0,1276.0,1236.6,1271.0,3674904
2026-07-27,1284.6,1303.0,1277.3,1295.9,3847049
2026-07-28,1301.0,1342.0,1301.0,1318.6,5187064
2026-07-29,1344.0,1352.7,1323.2,1344.3,3061520
2026-07-30,1349.0,1369.9,1345.6,1352.7,3747919
2026-07-31,1317.7,1356.5,1294.3,1346.9,3369019
2026-08-03,1352.0,1377.0,1343.5,1377.0,2314332
2026-08-04,1375.7,1375.9,1347.4,1369.9,3013543
2026-08-05,1370.0,1375.0,1337.1,1350.0,3215211
2026-08-07,1329.0,1369.0,1328.0,1356.6,1725616
2026-08-10,1356.6,1367.5,1351.6,1357.2,1321698
2026-08-11,1360.1,1379.8,1358.0,1365.4,1828636
2026-08-12,1370.0,1370.0,1340.4,1365.4,1418468
2026-08-14,1372.8,1374.9,1346.5,1360.0,1033374
2026-08-17,1355.1,1362.8,1325.0,1325.0,970745
2026-08-18,1318.0,1320.0,1292.5,1298.0,3056990
2026-08-19,1309.0,1324.8,1301.4,1324.8,1693632
2026-08-20,1339.7,1345.3,1318.4,1318.4,1510868
2026-08-21,1319.9,1321.7,1302.5,1302.5,1484443
2026-08-24,1302.5,1325.8,1301.0,1322.0,1091648
2026-08-25,1322.0,1322.9,1294.4,1315.8,1314934
2026-08-26,1319.5,1323.0,1296.6,1298.5,834925
2026-08-27,1295.0,1304.7,1280.0,1282.0,1936771
2026-08-28,1290.0,1334.2,1290.0,1316.1,3459476
2026-08-31,1316.6,1322.6,1297.7,1312.2,3125051
2026-09-01,1316.1,1368.0,1313.1,1351.4,4031856
2026-09-02,1340.1,1349.3,1317.4,1331.5,2739386
2026-09-03,1345.0,1345.0,1308.0,1319.0,1515496
2026-09-04,1324.9,1331.4,1291.2,1293.4,2210569
2026-09-07,1271.7,1286.8,1263.0,1282.8,2008363
2026-09-08,1281.4,1290.0,1268.2,1277.0,2241262
2026-09-09,1248.8,1264.8,1222.7,1229.8,2099173
2026-09-10,1224.8,1237.0,1196.9,1207.0,2197859
2026-09-11,1196.0,1223.4,1195.7,1206.1,2272845
