Date,Open,High,Low,Close,Volume
2010-06-10,1880.9,1921.95,1863.0,1916.15,851047
2010-06-11,1921.1,1950.0,1921.1,1946.3,1081538
2010-06-14,1946.3,1975.0,1946.3,1973.15,748898
2010-06-15,1975.0,1980.0,1953.0,1963.9,456078
2010-06-16,1975.0,1990.0,1968.05,1976.05,908429
2010-06-17,1983.0,1999.0,1968.05,1996.1,798860
2010-06-18,1992.0,1997.95,1978.35,1991.7,490140
2010-06-21,2001.6,2010.0,1990.1,1998.85,710165
2010-06-22,1995.0,2000.0,1982.45,1987.05,426244
2010-06-23,1984.7,2003.7,1975.5,1998.75,424404
2010-06-24,1997.05,2007.0,1980.0,2001.6,882655
2010-06-25,1980.15,1992.0,1940.0,1947.65,723516
2010-06-28,1952.1,1964.0,1923.25,1950.7,532908
2010-06-29,1940.1,1948.8,1896.1,1904.4,795116
2010-06-30,1895.0,1938.9,1879.0,1919.0,876756
2010-07-01,1912.0,1929.7,1895.0,1907.4,578363
2010-07-02,1907.4,1923.35,1899.95,1912.85,411250
2010-07-05,1901.0,1929.0,1898.0,1915.2,258027
2010-07-06,1915.0,1969.75,1910.0,1964.0,624803
2010-07-07,1968.85,1969.0,1931.05,1937.3,396672
2010-07-08,1960.0,1969.85,1942.25,1945.7,336292
2010-07-09,1955.0,2011.95,1950.1,2002.75,1570118
2010-07-12,2009.0,2056.0,2007.0,2049.45,1486928
2010-07-13,2052.0,2080.0,2037.4,2072.55,625731
2010-07-14,2080.0,2110.9,2073.25,2086.3,1055803
2010-07-15,2090.0,2090.0,2055.0,2062.6,323873
2010-07-16,2064.0,2066.0,2031.2,2038.95,471388
2010-07-19,2042.0,2064.0,2022.0,2047.85,876558
2010-07-20,2047.85,2088.7,2036.0,2044.4,668459
2010-07-21,2050.1,2064.75,2025.0,2033.05,464235
2010-07-22,2030.0,2063.0,2025.0,2057.25,557497
2010-07-23,2069.0,2069.0,2025.9,2038.6,692181
2010-07-26,2045.0,2059.8,2034.15,2051.9,303649
2010-07-27,2053.2,2078.0,2045.0,2066.8,664591
2010-07-28,2072.0,2090.0,2059.95,2086.1,657106
2010-07-29,2090.9,2115.0,2083.25,2100.6,1126574
2010-07-30,2097.7,2137.0,2080.0,2126.9,1169966
2010-08-02,2130.0,2144.9,2121.35,2136.35,826334
2010-08-03,2140.0,2144.0,2111.75,2122.45,811048
2010-08-04,2115.0,2129.0,2091.2,2114.8,736735
2010-08-05,2065.0,2127.4,2065.0,2100.25,735528
2010-08-06,2093.25,2110.0,2081.45,2090.7,546044
2010-08-09,2090.0,2103.9,2071.35,2082.0,261822
2010-08-10,2085.45,2102.2,2069.75,2095.15,734727
2010-08-11,2101.0,2113.05,2077.95,2089.5,733508
2010-08-12,2076.9,2082.8,2048.0,2073.15,496943
2010-08-13,2061.55,2101.4,2058.25,2087.55,524993
2010-08-16,2078.4,2126.9,2070.4,2084.0,359334
2010-08-17,2108.0,2136.0,2081.1,2121.05,1006591
2010-08-18,2130.0,2199.0,2130.0,2191.95,1942217
2010-08-19,2185.0,2239.5,2185.0,2230.15,1038196
2010-08-20,2211.55,2239.8,2205.2,2231.3,419907
2010-08-23,2212.85,2228.0,2183.0,2196.6,409743
2010-08-24,2196.6,2220.0,2160.1,2208.65,534014
2010-08-25,2201.0,2215.0,2178.55,2192.25,529561
2010-08-26,2178.6,2213.85,2166.5,2178.35,1019405
2010-08-27,2180.0,2189.95,2125.65,2139.15,577524
2010-08-30,2160.0,2177.7,2116.6,2131.7,343823
2010-08-31,2125.0,2140.0,2112.3,2134.25,469508
2010-09-01,2135.55,2155.0,2120.0,2149.25,480810
2010-09-02,2159.8,2194.95,2159.8,2187.45,579533
2010-09-03,2194.0,2200.0,2168.25,2193.95,405908
2010-09-06,2198.0,2219.7,2185.15,2204.3,477322
2010-09-07,2216.0,2216.0,2182.55,2199.1,420392
2010-09-08,2188.0,2199.9,2171.3,2179.6,498480
2010-09-09,2195.0,2250.0,2183.1,2244.85,1301479
2010-09-13,2250.1,2295.0,2248.0,2282.45,729779
2010-09-14,2286.0,2350.0,2286.0,2334.2,1634873
2010-09-15,2339.0,2384.0,2336.05,2375.45,1275158
2010-09-16,2375.7,2415.0,2355.35,2395.3,1276739
2010-09-17,2395.3,2426.0,2387.0,2400.6,1075157
2010-09-20,2403.2,2469.95,2396.3,2446.2,754773
2010-09-21,2455.1,2494.6,2455.1,2470.75,1635539
2010-09-22,2470.0,2490.0,2450.3,2481.65,1252451
2010-09-23,2471.55,2481.85,2453.15,2463.85,619017
2010-09-24,2408.15,2502.0,2408.15,2495.25,1395531
2010-09-27,2500.0,2510.8,2433.7,2438.45,833872
2010-09-28,2438.0,2461.7,2421.4,2450.4,943211
2010-09-29,2474.0,2474.0,2426.2,2442.85,779786
2010-09-30,2430.0,2499.0,2426.7,2489.35,1847989
2010-10-01,2492.0,2504.0,2462.35,2500.75,886513
2010-10-04,2500.75,2522.6,2483.2,2494.0,699023
2010-10-05,2481.4,2509.7,2437.45,2447.8,859833
2010-10-06,2455.0,2480.0,2450.0,2456.75,410994
2010-10-07,2457.0,2470.0,2426.55,2433.55,450642
2010-10-08,2435.15,2448.0,2390.0,2405.75,745343
2010-10-11,2440.8,2440.8,2366.65,2388.5,991002
2010-10-12,2398.05,2400.0,2339.55,2380.3,780990
2010-10-13,2385.0,2450.0,2367.0,2441.25,1028670
2010-10-14,2445.0,2456.0,2410.05,2424.35,385363
2010-10-15,2424.4,2442.75,2379.95,2386.25,586327
2010-10-18,2539.9,2539.9,2353.0,2398.45,827510
2010-10-19,2423.0,2423.0,2358.55,2368.85,832452
2010-10-20,2369.0,2372.0,2328.1,2335.55,493023
2010-10-21,2330.05,2374.8,2316.65,2365.1,729753
2010-10-22,2380.0,2380.0,2318.5,2326.65,647519
2010-10-25,2336.0,2367.5,2299.0,2304.7,862979
2010-10-26,2308.0,2326.0,2291.0,2301.4,506972
2010-10-27,2306.0,2306.0,2240.4,2254.3,822033
2010-10-28,2256.5,2315.85,2241.0,2266.7,2106923
2010-10-29,2280.0,2298.0,2237.0,2279.9,813243
2010-11-01,2298.0,2366.0,2285.05,2349.2,1013480
2010-11-02,2365.0,2387.0,2343.0,2350.35,556102
2010-11-03,2361.0,2371.9,2351.05,2362.25,354076
2010-11-04,2390.0,2405.0,2367.55,2389.2,485816
2010-11-05,2400.0,2407.0,2385.0,2393.4,39254
2010-11-08,2393.4,2400.0,2325.45,2335.4,425546
2010-11-09,2340.0,2406.8,2330.35,2398.5,685805
2010-11-10,2400.0,2419.8,2383.35,2395.85,446717
2010-11-11,2385.1,2409.4,2336.25,2353.3,336437
2010-11-12,2345.0,2379.0,2305.0,2314.9,620155
2010-11-15,2315.0,2392.0,2314.0,2385.85,1140798
2010-11-16,2399.7,2399.7,2325.0,2372.6,914967
2010-11-18,2419.0,2419.0,2318.75,2340.35,831599
2010-11-19,2345.0,2364.0,2292.0,2303.6,587634
2010-11-22,2321.0,2390.95,2306.0,2379.9,551095
2010-11-23,2365.0,2380.0,2307.45,2371.8,570812
2010-11-24,2354.0,2373.9,2289.95,2311.4,412875
2010-11-25,2325.0,2358.7,2292.25,2323.05,1134387
2010-11-26,2326.0,2340.0,2276.0,2297.9,756969
2010-11-29,2300.0,2317.9,2285.0,2297.9,590943
2010-11-30,2297.0,2334.05,2258.5,2285.4,862678
2010-12-01,2288.55,2375.0,2280.0,2367.05,804072
2010-12-02,2378.0,2400.0,2353.1,2391.75,736928
2010-12-03,2395.0,2400.0,2372.0,2395.65,396179
2010-12-06,2420.0,2425.0,2375.25,2383.25,468156
2010-12-07,2380.0,2390.0,2328.5,2351.65,859735
2010-12-08,2340.0,2340.0,2265.2,2280.45,1174422
2010-12-09,2273.15,2284.4,2219.3,2232.0,1828392
2010-12-10,2200.0,2232.25,2170.3,2222.35,2062123
2010-12-13,2243.0,2245.0,2181.4,2239.0,791168
2010-12-14,2247.0,2275.9,2212.0,2238.25,592208
2010-12-15,2230.0,2230.0,2150.0,2162.9,1121021
2010-12-16,2163.0,2219.6,2150.0,2200.8,975918
2010-12-20,2199.8,2199.8,2151.45,2172.5,516122
2010-12-21,2173.0,2219.05,2171.9,2214.1,617558
2010-12-22,2233.0,2240.0,2170.05,2178.8,750324
2010-12-23,2180.0,2204.0,2173.95,2190.95,326327
2010-12-24,2189.0,2224.75,2175.0,2218.4,351671
2010-12-27,2219.0,2230.0,2197.1,2213.7,377063
2010-12-28,2223.9,2268.7,2215.15,2256.15,467503
2010-12-29,2256.0,2336.8,2253.55,2327.8,807104
2010-12-30,2336.2,2343.4,2288.05,2305.5,725235
2010-12-31,2305.0,2365.0,2292.05,2346.35,824891
2011-01-03,2370.0,2399.65,2350.4,2390.5,539839
2011-01-04,2386.5,2388.0,2333.0,2345.55,828413
2011-01-05,2349.7,2349.7,2297.5,2308.2,782592
2011-01-06,2316.0,2342.65,2309.0,2327.75,543509
2011-01-07,2326.2,2326.2,2261.0,2269.45,794801
2011-01-10,2256.05,2270.0,2138.0,2152.25,2007086
2011-01-11,2170.0,2218.7,2125.0,2146.6,1215759
2011-01-12,2169.0,2214.0,2106.6,2205.3,990533
2011-01-13,2209.0,2217.4,2126.4,2143.0,948601
2011-01-14,2150.0,2208.0,2030.0,2049.55,1279141
2011-01-17,2060.0,2093.0,2050.55,2068.1,1228082
2011-01-18,2086.8,2116.0,2046.65,2109.35,842016
2011-01-19,2111.65,2114.05,2063.0,2075.45,899205
2011-01-20,2069.25,2134.4,2045.9,2117.55,963854
2011-01-21,2104.0,2124.7,2076.1,2094.15,829761
2011-01-24,2095.0,2154.0,2073.0,2148.6,1277416
2011-01-25,2151.2,2174.85,2070.1,2084.3,1411054
2011-01-27,2100.0,2100.0,2041.0,2050.9,1894558
2011-01-28,2055.0,2089.35,2042.05,2054.25,1779842
2011-01-31,2042.7,2063.45,1996.2,2047.3,1111803
2011-02-01,2076.9,2076.9,2015.1,2039.6,855123
2011-02-02,2051.5,2063.5,2006.2,2019.9,976217
2011-02-03,2020.0,2071.75,2010.0,2060.95,579603
2011-02-04,2051.0,2085.0,2005.0,2017.75,925320
2011-02-07,2045.0,2060.0,2020.2,2038.85,855946
2011-02-08,2059.9,2059.95,1985.1,2002.85,719599
2011-02-09,1998.0,2035.0,1981.4,2022.3,735758
2011-02-10,2016.0,2049.0,2000.0,2015.85,1153559
2011-02-11,1995.0,2060.0,1995.0,2059.3,1010342
2011-02-14,2050.15,2110.2,2050.15,2105.45,592236
2011-02-15,2110.0,2128.0,2075.3,2107.0,759973
2011-02-16,2114.0,2122.0,2085.05,2094.85,455079
2011-02-17,2100.0,2194.0,2095.0,2185.6,1180492
2011-02-18,2184.0,2243.1,2165.25,2176.1,1976787
2011-02-21,2165.0,2208.0,2132.5,2201.7,560051
2011-02-22,2190.0,2191.7,2125.4,2138.45,579643
2011-02-23,2125.2,2153.0,2100.2,2114.1,611422
2011-02-24,2087.0,2118.55,2045.75,2059.1,1002777
2011-02-25,2087.0,2087.0,2018.0,2042.15,630996
2011-03-01,2074.8,2150.0,2059.0,2139.0,1025058
2011-03-03,2134.9,2222.3,2130.05,2193.15,1266882
2011-03-04,2210.0,2232.9,2206.5,2218.25,985494
2011-03-07,2204.0,2204.0,2150.9,2173.15,642784
2011-03-08,2158.0,2218.5,2156.5,2206.5,898557
2011-03-09,2210.0,2238.7,2195.0,2206.05,904199
2011-03-10,2192.0,2215.0,2182.35,2208.4,747031
2011-03-11,2182.05,2217.0,2175.0,2186.35,655395
2011-03-14,2172.0,2219.0,2172.0,2214.75,654144
2011-03-15,2170.0,2207.7,2130.0,2184.65,1380100
2011-03-16,2196.0,2205.0,2178.6,2183.75,580534
2011-03-17,2170.2,2233.0,2166.15,2181.5,1676062
2011-03-18,2180.0,2196.2,2142.1,2149.3,482212
2011-03-21,2170.2,2178.7,2146.45,2154.45,615935
2011-03-22,2159.1,2173.0,2142.05,2151.6,471527
2011-03-23,2150.0,2181.9,2145.05,2164.2,465735
2011-03-24,2179.0,2198.9,2168.5,2192.8,441381
2011-03-25,2207.0,2275.0,2200.0,2265.05,890148
2011-03-28,2265.0,2312.0,2265.0,2296.75,1093031
2011-03-29,2310.0,2323.8,2284.65,2305.15,1081830
2011-03-30,2315.0,2364.0,2306.0,2341.5,1109742
2011-03-31,2350.0,2395.9,2305.1,2345.85,1893191
2011-04-01,2353.0,2365.0,2323.0,2333.75,436929
2011-04-04,2340.0,2405.0,2340.0,2400.8,632227
2011-04-05,2400.0,2409.95,2368.15,2395.75,841266
2011-04-06,2391.0,2395.0,2351.0,2375.95,646986
2011-04-07,2375.0,2378.0,2339.6,2354.75,655816
2011-04-08,2354.0,2385.0,2345.1,2352.4,772017
2011-04-11,2325.2,2337.55,2288.6,2296.05,1120818
2011-04-13,2279.45,2383.65,2275.0,2368.95,903389
2011-04-15,2375.0,2392.0,2344.0,2363.1,859093
2011-04-18,2378.8,2399.85,2304.35,2311.8,1035327
2011-04-19,2340.0,2358.8,2324.45,2347.5,746243
2011-04-20,2360.55,2389.0,2348.0,2371.95,654807
2011-04-21,2382.0,2416.9,2382.0,2410.65,1620535
2011-04-25,2423.0,2441.05,2386.0,2391.0,632287
2011-04-26,2386.55,2397.85,2340.5,2359.85,632185
2011-04-27,2376.0,2379.0,2326.3,2353.25,714765
2011-04-28,2363.15,2369.0,2330.0,2337.75,1338482
2011-04-29,2325.0,2339.7,2281.0,2295.55,931294
2011-05-02,2306.0,2315.7,2262.0,2290.15,707837
2011-05-03,2288.55,2295.65,2222.2,2235.65,1074028
2011-05-04,2244.0,2285.15,2207.8,2261.45,1321061
2011-05-05,2255.85,2274.8,2210.0,2220.45,934949
2011-05-06,2225.0,2320.0,2225.0,2297.25,1077573
2011-05-09,2302.0,2315.0,2248.4,2278.85,389859
2011-05-10,2278.0,2278.0,2225.1,2246.4,652322
2011-05-11,2260.0,2268.9,2221.0,2261.05,491085
2011-05-12,2250.0,2264.9,2235.0,2240.2,473943
2011-05-13,2232.0,2290.0,2225.85,2251.05,582307
2011-05-16,2245.0,2266.1,2236.3,2253.05,627062
2011-05-17,2252.0,2273.95,2241.0,2252.45,611194
2011-05-18,2258.1,2277.7,2243.0,2267.35,693548
2011-05-19,2270.5,2284.0,2257.7,2273.8,751127
2011-05-20,2270.0,2320.0,2255.4,2315.7,1191387
2011-05-23,2295.0,2298.8,2245.95,2264.7,1004640
2011-05-24,2254.0,2292.5,2248.2,2255.3,450244
2011-05-25,2250.0,2267.0,2245.35,2254.75,415744
2011-05-26,2255.0,2277.0,2240.0,2264.2,994995
2011-05-27,2264.9,2312.0,2262.55,2303.65,583102
2011-05-30,2304.0,2327.6,2297.35,2307.6,392475
2011-05-31,2324.9,2408.7,2315.0,2399.55,1769673
2011-06-01,2390.0,2407.0,2374.75,2398.2,657167
2011-06-02,2355.05,2366.7,2345.0,2360.3,672276
2011-06-03,2359.95,2370.85,2348.5,2356.75,598853
2011-06-06,2345.3,2390.0,2345.3,2381.25,584280
2011-06-07,2365.1,2390.7,2363.8,2376.5,406347
2011-06-08,2356.2,2372.0,2348.2,2355.25,513939
2011-06-09,2354.75,2374.6,2341.5,2362.8,322994
2011-06-10,2368.0,2374.5,2330.2,2362.45,437191
2011-06-13,2353.15,2380.0,2344.15,2372.6,391778
2011-06-14,2378.0,2398.0,2365.5,2382.5,621660
2011-06-15,2380.0,2395.8,2367.0,2372.8,703894
2011-06-16,2364.0,2372.0,2338.05,2343.0,421265
2011-06-17,2350.5,2366.1,2333.65,2349.3,710674
2011-06-20,2342.15,2361.45,2271.95,2299.0,781285
2011-06-21,2302.0,2344.0,2302.0,2325.55,507886
2011-06-22,2332.45,2347.8,2312.4,2322.7,309158
2011-06-23,2319.0,2339.45,2310.0,2333.75,413379
2011-06-24,2349.0,2389.95,2341.55,2383.15,828773
2011-06-27,2383.0,2431.85,2372.65,2416.15,1025619
2011-06-28,2429.4,2430.0,2404.55,2423.05,609681
2011-06-29,2435.0,2499.0,2435.0,2489.1,1025244
2011-06-30,2499.0,2524.95,2476.15,2515.55,1342060
2011-07-01,2540.0,2547.6,2478.0,2501.25,665242
2011-07-04,2535.0,2542.0,2512.4,2532.2,716168
2011-07-05,2522.0,2552.0,2514.5,2541.15,531864
2011-07-06,2535.0,2560.0,2515.0,2545.3,589287
2011-07-07,2546.1,2574.95,2534.15,2565.8,738902
2011-07-08,2566.0,2583.3,2553.7,2559.15,754468
2011-07-11,2559.0,2564.1,2515.1,2524.35,397250
2011-07-12,2510.0,2510.0,2460.2,2479.75,736090
2011-07-13,2490.0,2528.95,2478.05,2519.7,372091
2011-07-14,505.1,513.3,498.8,505.95,2338586
2011-07-15,506.45,510.45,503.0,508.95,1372538
2011-07-18,511.95,518.9,508.0,515.05,1552474
2011-07-19,517.5,519.0,508.35,510.85,4263166
2011-07-20,516.4,516.4,502.0,503.1,1852161
2011-07-21,504.8,504.9,494.5,496.3,3220256
2011-07-22,500.0,507.05,498.85,501.55,3158530
2011-07-25,501.55,506.5,497.15,505.2,3342607
2011-07-26,505.35,510.2,495.25,498.15,2645382
2011-07-27,499.35,503.95,492.0,502.05,2765678
2011-07-28,499.5,499.5,484.6,487.3,5354489
2011-07-29,489.9,489.9,481.1,486.8,2997667
2011-08-01,493.45,495.95,484.5,488.0,2202354
2011-08-02,487.9,487.9,480.0,482.85,1982494
2011-08-03,478.7,489.4,476.0,482.05,2082567
2011-08-04,484.1,488.9,475.0,476.45,1829606
2011-08-05,465.0,475.8,457.1,473.05,3156094
2011-08-08,463.0,480.0,458.05,462.1,4308373
2011-08-09,450.0,473.55,449.85,464.45,4490924
2011-08-10,494.8,494.8,473.4,479.9,3267226
2011-08-11,478.7,484.7,475.0,479.95,2102304
2011-08-12,485.1,486.0,464.1,468.05,2853388
2011-08-16,478.4,478.4,454.65,456.45,3055648
2011-08-17,456.05,472.45,455.9,467.5,3134201
2011-08-18,468.3,474.85,458.55,462.4,5722113
2011-08-19,455.0,463.5,450.0,460.85,4480259
2011-08-22,460.05,463.95,450.7,453.05,2977249
2011-08-23,457.4,462.5,445.3,459.4,4036273
2011-08-24,458.0,462.4,452.5,456.0,3185614
2011-08-25,459.4,459.4,440.7,443.65,5800210
2011-08-26,444.0,450.55,436.15,438.95,2130956
2011-08-29,444.5,457.95,443.15,456.45,2900099
2011-08-30,461.95,475.0,458.8,471.95,3897324
2011-09-02,484.0,484.0,468.0,472.8,3797737
2011-09-05,469.8,474.0,462.65,470.25,2950179
2011-09-06,468.6,476.4,460.0,472.8,4465198
2011-09-07,476.0,489.95,472.85,488.1,3686643
2011-09-08,489.7,489.7,479.15,483.7,2041012
2011-09-09,483.9,485.7,470.7,473.25,2582854
2011-09-12,467.0,471.2,462.5,469.35,1746380
2011-09-13,471.0,475.8,464.0,467.7,1793988
2011-09-14,467.4,483.1,461.05,478.9,1937252
2011-09-15,485.9,488.05,471.6,484.65,2184190
2011-09-16,486.25,490.0,476.3,483.7,2736752
2011-09-19,481.9,487.0,477.1,484.75,2097305
2011-09-20,485.0,493.25,483.0,491.35,2958817
2011-09-21,492.75,497.65,488.4,494.5,3222849
2011-09-22,487.9,489.0,465.5,472.3,2547772
2011-09-23,468.55,470.0,452.5,456.4,8227806
2011-09-26,456.0,457.65,439.45,450.1,6946267
2011-09-27,458.0,461.9,454.1,457.45,4005709
2011-09-28,462.4,465.35,451.75,458.0,3805938
2011-09-29,457.55,474.8,452.65,470.6,8133246
2011-09-30,465.85,474.8,464.4,467.65,4757200
2011-10-03,460.15,464.9,450.75,456.05,4534059
2011-10-04,452.5,456.0,440.5,448.9,3740798
2011-10-05,448.95,456.25,436.55,438.7,4133748
2011-10-07,452.7,460.0,446.2,450.0,4721751
2011-10-10,452.0,458.0,450.05,454.7,6031496
2011-10-11,460.7,464.9,455.15,457.5,2496879
2011-10-12,461.95,469.9,453.45,467.15,4483890
2011-10-13,475.0,476.2,467.6,470.65,2933351
2011-10-14,469.0,476.4,465.35,473.9,1667510
2011-10-17,476.6,480.5,472.35,478.05,1771816
2011-10-18,473.9,481.4,472.0,478.15,2027255
2011-10-19,482.95,494.6,479.3,491.85,4344521
2011-10-20,488.0,492.4,480.6,489.55,2838426
2011-10-21,490.05,491.8,483.3,487.0,2290366
2011-10-24,492.75,497.0,482.95,484.35,2435773
2011-10-25,487.85,490.75,448.55,468.0,20657505
2011-10-26,472.0,474.9,470.0,472.0,499071
2011-10-28,486.0,494.5,479.75,482.65,4509612
2011-10-31,483.0,491.75,477.15,490.0,3212854
2011-11-01,485.1,493.0,480.0,482.3,3324879
2011-11-02,478.7,488.0,477.5,483.1,2527955
2011-11-03,481.0,484.85,472.1,481.85,2626409
2011-11-04,486.7,487.9,480.3,483.0,1700805
2011-11-08,483.0,487.35,478.5,484.25,2098202
2011-11-09,485.0,485.7,475.3,477.25,2151247
2011-11-11,475.65,478.4,462.6,464.05,2302509
2011-11-14,469.9,479.85,468.95,471.4,3057141
2011-11-15,470.7,477.8,469.9,472.25,2911073
2011-11-16,470.0,472.0,460.3,465.7,1779400
2011-11-17,463.15,470.0,456.6,459.35,2694342
2011-11-18,455.2,461.6,450.1,458.3,2930186
2011-11-21,456.0,456.0,440.0,444.65,2548509
2011-11-22,447.0,449.5,440.0,444.05,3804576
2011-11-23,441.75,441.75,414.2,426.1,6391409
2011-11-24,428.8,435.0,411.3,429.65,7221297
2011-11-25,427.75,434.9,419.05,430.9,4726617
2011-11-28,436.0,444.95,434.1,440.85,2722929
2011-11-29,444.0,445.55,432.2,435.2,3707756
2011-11-30,429.2,449.65,429.2,442.5,7053637
2011-12-01,458.95,467.0,449.45,453.5,3482446
2011-12-02,455.15,467.9,453.15,466.0,2809257
2011-12-05,463.7,467.45,458.0,462.35,2188307
2011-12-07,470.0,470.9,462.1,467.1,2793236
2011-12-08,467.0,467.7,451.1,453.75,3139250
2011-12-09,447.0,451.2,440.5,443.75,3401728
2011-12-12,448.1,450.95,426.3,432.05,3017789
2011-12-13,428.0,445.4,426.0,438.4,3731470
2011-12-14,439.0,443.75,430.25,434.35,6076681
2011-12-15,429.0,436.0,427.0,431.35,6740035
2011-12-16,434.1,440.5,410.0,415.3,7356205
2011-12-19,412.05,413.0,400.25,406.0,8085381
2011-12-20,406.0,421.6,404.0,414.2,4995892
2011-12-21,426.0,439.4,417.8,435.45,3746720
2011-12-22,431.5,444.8,428.8,442.85,3394017
2011-12-23,444.2,446.5,436.0,437.55,1713825
2011-12-26,439.0,445.4,437.05,443.7,1141190
2011-12-27,440.3,443.6,435.7,439.7,1573559
2011-12-28,442.5,443.0,433.05,439.8,1917085
2011-12-29,435.65,442.0,426.0,429.6,2732657
2011-12-30,433.8,434.0,422.1,426.85,1919104
2012-01-02,428.9,429.8,419.5,426.85,1757499
2012-01-03,431.4,440.9,430.0,439.15,1719619
2012-01-04,441.9,444.95,430.85,443.3,2435739
2012-01-05,444.0,446.7,440.3,443.65,1690303
2012-01-06,441.0,457.15,438.95,453.3,1988611
2012-01-09,451.9,457.1,446.0,455.7,2115984
2012-01-10,460.0,462.3,456.0,459.7,2245693
2012-01-11,460.5,464.0,455.0,462.65,1929778
2012-01-12,461.7,469.1,461.2,466.65,1993861
2012-01-13,470.0,473.05,461.05,469.6,1845421
2012-01-16,466.8,467.85,458.25,460.5,1595855
2012-01-17,463.9,469.0,463.0,468.4,1830504
2012-01-18,472.9,485.4,469.6,481.9,5034311
2012-01-19,486.0,490.25,480.3,486.8,4210544
2012-01-20,490.0,493.45,480.45,490.55,3597565
2012-01-23,486.0,487.75,480.9,484.0,1883432
2012-01-24,485.25,493.1,480.55,488.8,3765988
2012-01-25,490.25,493.0,485.75,490.2,3704775
2012-01-27,503.9,504.0,479.65,484.2,3719409
2012-01-30,482.95,483.0,473.0,479.05,2493754
2012-01-31,483.5,495.0,479.85,492.1,2663462
2012-02-01,494.5,499.7,481.35,497.15,3005149
2012-02-02,499.0,500.0,491.3,497.9,5710427
2012-02-03,497.5,508.0,495.25,506.25,3728751
2012-02-06,510.0,516.0,500.0,507.7,4359656
2012-02-07,514.0,515.4,508.0,509.3,3018927
2012-02-08,510.7,517.8,502.75,508.45,3465287
2012-02-09,505.7,525.95,505.65,522.55,4340256
2012-02-10,522.8,525.65,514.0,517.5,2878793
2012-02-13,518.65,525.0,515.9,521.95,3653581
2012-02-14,522.5,523.8,515.05,517.9,3278707
2012-02-15,520.5,534.9,517.25,533.05,4844896
2012-02-16,531.0,537.85,523.25,526.45,2031066
2012-02-17,531.25,533.0,520.1,528.3,3554912
2012-02-21,526.0,533.5,520.5,532.05,3707784
2012-02-22,530.0,538.9,526.65,531.45,3480777
2012-02-23,527.2,535.95,527.2,533.15,4273937
2012-02-24,527.2,535.4,515.35,524.65,4095042
2012-02-27,526.9,531.45,512.15,515.6,3830323
2012-02-28,519.25,533.4,513.2,530.5,3700287
2012-02-29,533.9,539.9,513.35,517.1,4997159
2012-03-01,517.0,522.3,505.3,514.0,3049623
2012-03-02,514.0,525.0,507.75,518.75,2029174
2012-03-05,520.0,520.95,505.55,510.95,2512843
2012-03-06,509.8,521.0,503.25,507.4,2899297
2012-03-07,506.85,518.0,497.55,515.65,1894409
2012-03-09,522.0,527.0,519.65,523.2,2328761
2012-03-12,534.0,534.5,517.0,518.95,2804346
2012-03-13,523.0,527.5,520.35,524.4,2769857
2012-03-14,528.1,530.0,521.45,528.2,2930281
2012-03-15,528.0,530.0,509.05,510.8,3734799
2012-03-16,510.0,524.9,505.0,507.85,3202652
2012-03-19,510.05,510.05,495.1,498.85,3824942
2012-03-20,496.0,510.85,493.0,505.4,1581068
2012-03-21,503.0,517.85,503.0,515.65,3005393
2012-03-22,513.9,522.4,500.1,504.25,2820016
2012-03-23,509.5,518.75,500.95,513.95,2011791
2012-03-26,513.5,516.5,505.65,511.65,2458229
2012-03-27,515.0,521.8,512.0,518.85,2964338
2012-03-28,518.5,518.5,510.05,513.45,2174873
2012-03-29,508.0,514.1,505.0,510.1,4056279
2012-03-30,512.0,523.85,509.75,519.85,2796244
2012-04-02,518.0,529.95,516.1,528.35,1382733
2012-04-03,533.0,536.4,528.0,530.2,3230203
2012-04-04,525.25,529.0,524.4,526.55,1043769
2012-04-09,523.75,526.3,520.0,521.75,1259185
2012-04-10,523.4,526.0,515.85,524.85,1458518
2012-04-11,521.85,530.95,517.1,526.45,1865812
2012-04-12,525.0,534.5,524.3,530.4,3025822
2012-04-13,536.4,537.75,523.9,529.35,2458357
2012-04-16,528.9,531.0,524.1,529.75,4349021
2012-04-17,532.0,535.9,521.1,530.25,3916452
2012-04-18,533.0,539.9,533.0,537.65,3000071
2012-04-19,540.0,555.6,537.2,554.05,4091669
2012-04-20,552.25,558.0,546.45,551.1,3931275
2012-04-23,551.95,556.0,543.3,545.35,2109412
2012-04-24,546.1,546.5,539.4,541.85,2190195
2012-04-25,544.0,549.5,538.0,546.65,2694597
2012-04-26,545.0,549.95,539.0,540.5,2334738
2012-04-27,542.0,546.0,534.2,541.15,1137255
2012-04-30,543.8,549.0,540.35,542.5,1509755
2012-05-02,540.7,551.0,540.7,549.9,2244587
2012-05-03,545.5,558.0,545.45,554.05,3428637
2012-05-04,551.2,553.7,534.65,537.5,3087972
2012-05-07,531.9,534.55,516.4,532.25,4178172
2012-05-08,532.9,536.4,513.25,515.35,2820770
2012-05-09,513.7,522.6,505.4,512.65,3755998
2012-05-10,511.05,522.9,510.0,517.5,3021095
2012-05-11,513.25,520.0,508.2,510.55,2012521
2012-05-14,510.75,511.8,494.05,500.55,2758712
2012-05-15,496.0,504.45,496.0,499.1,2004866
2012-05-16,494.0,498.7,486.0,495.2,4240218
2012-05-17,497.0,506.5,495.0,497.8,2904630
2012-05-18,489.8,503.9,489.0,500.55,2403604
2012-05-21,500.25,507.85,493.95,497.45,2135585
2012-05-22,503.8,505.0,486.95,489.25,2774203
2012-05-23,490.0,492.9,482.2,487.2,3173972
2012-05-24,493.0,502.7,485.0,499.7,2884811
2012-05-25,499.8,503.15,495.6,500.0,2798643
2012-05-28,501.2,510.6,500.0,508.75,3051713
2012-05-29,510.15,511.95,502.1,504.95,2643256
2012-05-30,500.05,505.4,496.55,500.65,2541820
2012-05-31,496.0,508.9,495.35,506.2,4759780
2012-06-01,504.0,507.15,490.0,490.4,2927187
2012-06-04,488.0,498.5,485.05,495.65,2840242
2012-06-05,500.0,504.9,498.45,501.5,2677678
2012-06-06,504.85,523.0,503.5,519.9,6272923
2012-06-07,524.2,539.5,523.0,537.8,4950123
2012-06-08,540.9,542.75,530.95,539.1,4830686
2012-06-11,541.1,548.9,538.4,541.95,3267971
2012-06-12,538.8,550.85,537.95,549.6,2813460
2012-06-13,551.0,552.4,539.8,541.75,2016183
2012-06-14,540.0,547.4,532.65,534.4,2160638
2012-06-15,535.0,549.7,534.95,547.55,2483056
2012-06-18,552.0,552.0,529.55,534.95,2809366
2012-06-19,534.8,539.0,526.3,536.45,2965184
2012-06-20,537.0,540.5,528.55,534.2,2383618
2012-06-21,533.0,544.7,531.3,542.9,2663164
2012-06-22,535.1,545.1,535.1,544.35,1542204
2012-06-25,545.4,548.5,535.0,536.7,1593712
2012-06-26,538.0,548.0,536.3,543.45,1463282
2012-06-27,546.0,554.7,546.0,549.0,2984322
2012-06-28,546.9,552.65,543.25,548.5,3035610
2012-06-29,552.1,564.9,552.05,563.55,3164793
2012-07-02,564.0,575.0,560.0,573.95,2050381
2012-07-03,575.9,580.0,571.7,575.85,2116700
2012-07-04,576.7,580.85,575.65,578.0,3202571
2012-07-05,577.9,585.0,575.45,584.1,2095382
2012-07-06,582.1,589.0,578.5,581.5,3935380
2012-07-09,579.95,581.75,569.1,578.15,1915290
2012-07-10,580.0,592.3,577.5,588.65,3385754
2012-07-11,586.9,593.8,585.1,587.0,3074861
2012-07-12,583.9,590.9,575.6,580.1,1895937
2012-07-13,585.0,591.4,582.45,587.05,2377143
2012-07-16,588.0,592.7,581.05,582.65,3212540
2012-07-17,587.0,588.75,578.6,583.25,2134839
2012-07-18,584.7,588.7,580.1,587.0,1779499
2012-07-19,588.6,590.8,585.55,589.4,1200112
2012-07-20,589.0,589.0,581.0,582.6,1042236
2012-07-23,577.4,580.0,571.05,573.0,1523632
2012-07-24,572.55,577.45,570.2,574.05,1326397
2012-07-25,574.45,580.8,573.7,576.05,2203926
2012-07-26,578.0,578.75,563.0,565.8,4426354
2012-07-27,572.0,588.7,564.65,584.6,3357718
2012-07-30,587.1,591.9,584.0,587.25,2116571
2012-07-31,590.0,590.0,579.85,587.75,2097852
2012-08-01,585.55,588.35,577.6,586.5,1967747
2012-08-02,586.5,589.2,577.3,582.5,1721365
2012-08-03,581.0,589.0,579.75,588.2,2487875
2012-08-06,593.15,602.0,593.0,600.25,3082294
2012-08-07,602.0,602.3,597.0,600.1,2807191
2012-08-08,600.0,602.0,594.7,598.9,2013279
2012-08-09,601.0,607.0,598.5,604.65,2468280
2012-08-10,600.0,606.9,599.65,602.15,3781855
2012-08-13,600.0,609.5,600.0,607.45,2105426
2012-08-14,607.05,609.0,603.25,608.15,2806392
2012-08-16,608.0,608.15,597.85,600.05,2035824
2012-08-17,598.6,602.25,591.8,595.1,1921539
2012-08-21,595.0,598.5,588.2,596.4,2085210
2012-08-22,594.4,600.45,591.35,596.9,2395215
2012-08-23,599.4,604.55,595.25,597.7,2356262
2012-08-24,593.5,600.4,593.25,596.3,1677094
2012-08-27,595.0,598.9,592.05,594.35,1011681
2012-08-28,592.9,594.55,586.5,589.35,2223991
2012-08-29,589.25,595.8,586.25,588.55,1682407
2012-08-30,586.0,602.0,586.0,595.9,5679101
2012-08-31,590.35,600.0,589.25,595.35,3126685
2012-09-03,597.55,597.8,588.0,590.45,1859454
2012-09-04,590.55,592.35,587.2,590.1,1443147
2012-09-05,588.0,596.0,587.35,592.1,3039618
2012-09-06,590.1,593.5,586.1,588.15,1274363
2012-09-07,594.25,595.0,585.7,590.4,2801287
2012-09-10,591.5,597.0,589.35,591.15,1508723
2012-09-11,588.75,597.0,583.35,594.4,1577886
2012-09-12,595.25,600.0,593.9,599.2,1597754
2012-09-13,601.0,601.5,593.55,599.2,849940
2012-09-14,606.6,614.75,600.95,612.75,6442805
2012-09-17,619.0,619.95,605.5,608.3,5271712
2012-09-18,608.3,612.0,603.85,605.45,2509794
2012-09-20,602.0,610.0,601.0,606.9,2622832
2012-09-21,608.7,629.0,605.1,625.15,5900712
2012-09-24,625.5,636.9,622.8,635.0,4393720
2012-09-25,633.0,638.9,626.15,636.9,2921536
2012-09-26,634.85,636.6,624.15,630.75,2682627
2012-09-27,633.0,637.0,625.2,630.8,3965436
2012-09-28,631.9,634.3,626.1,629.15,2751922
2012-10-01,629.0,632.0,620.0,622.85,2013696
2012-10-03,624.0,626.8,617.95,619.45,2758057
2012-10-04,621.5,633.9,621.45,631.3,3163016
2012-10-05,638.0,638.65,505.05,622.4,3736756
2012-10-08,623.9,623.9,616.55,620.7,2322668
2012-10-09,624.95,630.5,622.0,625.75,1077692
2012-10-10,624.0,624.0,616.2,617.95,1073754
2012-10-11,621.15,627.8,618.45,624.85,2453233
2012-10-12,630.0,635.0,626.0,631.15,3876602
2012-10-15,632.4,634.9,622.6,634.15,1893017
2012-10-16,635.25,635.5,628.1,630.4,1818459
2012-10-17,632.0,632.5,626.5,628.1,1608443
2012-10-18,630.0,637.9,624.45,636.2,1404615
2012-10-19,632.0,635.0,627.0,628.5,2263850
2012-10-22,625.2,640.0,625.2,639.0,2060351
2012-10-23,639.05,639.5,632.5,634.1,2083240
2012-10-25,632.65,641.0,629.0,637.35,4252835
2012-10-26,636.65,639.8,631.0,637.15,1670317
2012-10-29,637.85,642.5,635.55,640.6,1378082
2012-10-30,637.05,644.8,630.6,633.65,2208726
2012-10-31,634.1,635.9,630.05,634.2,1873242
2012-11-01,632.75,635.7,627.5,628.6,1764615
2012-11-02,638.0,638.0,628.0,630.3,1358193
2012-11-05,632.0,636.0,630.75,635.0,1005532
2012-11-06,633.95,641.2,633.95,639.55,1819521
2012-11-07,639.75,645.0,636.9,640.05,2050165
2012-11-08,636.5,641.0,635.5,639.0,966950
2012-11-09,638.25,643.0,635.0,639.35,1105194
2012-11-12,637.25,653.8,637.25,651.3,2414364
2012-11-13,651.0,651.9,646.2,647.05,104547
2012-11-15,647.0,647.4,639.0,646.25,2360585
2012-11-16,643.0,648.6,640.15,642.25,3025706
2012-11-19,639.75,647.9,639.45,646.75,1446987
2012-11-20,649.1,655.9,648.25,653.85,2338347
2012-11-21,655.15,665.5,649.7,663.7,3232446
2012-11-22,666.8,671.15,664.0,669.1,2110241
2012-11-23,669.5,672.6,659.05,669.75,1312428
2012-11-26,673.0,673.7,660.1,661.9,1370384
2012-11-27,664.9,683.8,664.9,680.5,4125668
2012-11-29,677.5,703.75,675.4,699.85,6299863
2012-11-30,701.0,705.5,689.6,703.95,3909823
2012-12-03,700.0,701.15,684.0,686.95,2909085
2012-12-04,684.1,690.0,681.05,685.15,2169872
2012-12-05,689.0,695.0,687.0,692.6,2304965
2012-12-06,695.8,698.5,680.8,694.75,2726138
2012-12-07,695.25,698.0,688.0,693.1,1984158
2012-12-10,690.0,696.5,689.65,693.0,2081026
2012-12-11,695.25,699.0,686.3,690.85,3375138
2012-12-12,691.25,696.0,688.5,693.85,1934126
2012-12-13,693.85,696.0,689.0,691.05,1570808
2012-12-14,690.05,694.4,685.35,688.75,2093473
2012-12-17,687.9,687.9,673.6,676.5,3057553
2012-12-18,677.95,682.2,669.75,675.95,3343768
2012-12-19,674.55,689.25,674.5,688.0,4122253
2012-12-20,686.0,687.0,680.25,683.4,2565187
2012-12-21,681.0,682.0,674.05,676.0,2771561
2012-12-24,680.0,680.15,671.8,676.1,1370563
2012-12-26,678.1,684.85,673.1,680.3,1430804
2012-12-27,684.0,684.0,676.7,680.1,2464542
2012-12-28,681.1,683.0,674.15,677.65,1756066
2012-12-31,677.0,680.0,674.0,678.6,1276822
2013-01-01,682.1,685.1,679.65,684.5,1007303
2013-01-02,689.9,690.0,683.05,687.35,2427399
2013-01-03,690.0,690.0,680.4,683.35,2285683
2013-01-04,685.0,685.0,672.8,679.35,2721127
2013-01-07,683.7,683.7,666.0,668.2,2751142
2013-01-08,668.0,673.4,665.7,670.25,2471299
2013-01-09,672.0,672.55,666.05,667.5,3217991
2013-01-10,669.5,678.0,666.5,675.8,2282592
2013-01-11,676.9,676.9,666.7,669.3,2570857
2013-01-14,668.15,670.5,667.1,669.3,2847437
2013-01-15,670.8,675.45,665.0,668.3,2065844
2013-01-16,665.55,669.2,657.6,660.5,2287689
2013-01-17,657.7,670.85,654.05,666.8,3211036
2013-01-18,670.0,674.0,655.3,662.85,5056173
2013-01-21,660.0,663.4,654.75,658.55,2713680
2013-01-22,658.5,661.0,647.55,653.75,2121532
2013-01-23,657.0,663.0,654.35,656.6,1769935
2013-01-24,655.6,662.75,655.25,660.3,1536990
2013-01-25,660.3,667.0,655.55,665.05,1397433
2013-01-28,665.25,672.0,664.45,670.35,1842005
2013-01-29,670.75,670.9,650.0,652.45,2990437
2013-01-30,653.0,658.4,644.0,656.65,2509908
2013-01-31,656.6,657.9,640.1,643.05,3472096
2013-02-01,644.8,644.85,636.2,640.15,2621036
2013-02-04,641.15,649.5,640.0,646.9,2618950
2013-02-05,636.35,647.2,636.35,644.15,1865005
2013-02-06,646.6,646.9,637.2,639.5,2468397
2013-02-07,636.3,643.0,634.55,641.5,2270709
2013-02-08,640.5,653.4,640.5,650.05,4706664
2013-02-11,650.0,659.95,650.0,656.95,3791765
2013-02-12,655.65,667.0,655.65,665.2,3958209
2013-02-13,663.3,667.4,659.5,664.2,3627208
2013-02-14,664.0,678.4,662.0,674.8,4421038
2013-02-15,671.7,680.8,668.2,676.75,3122195
2013-02-18,678.0,680.9,674.0,676.0,2367291
2013-02-19,674.5,677.4,671.55,674.8,593703
2013-02-20,677.5,680.8,674.9,676.95,1715421
2013-02-21,675.0,677.45,664.05,666.25,2717968
2013-02-22,662.2,666.4,657.55,659.3,1927096
2013-02-25,663.25,665.2,654.1,656.45,1888236
2013-02-26,654.8,663.0,645.4,651.25,2935660
2013-02-27,652.3,654.0,640.9,642.75,3217834
2013-02-28,646.95,654.95,619.35,625.35,6971751
2013-03-01,625.0,629.6,616.3,622.5,4305182
2013-03-04,620.35,630.3,618.0,627.65,2992450
2013-03-05,630.9,634.7,623.15,632.95,2639395
2013-03-06,634.95,637.15,629.0,630.5,2733329
2013-03-07,628.35,642.95,627.15,641.8,1487746
2013-03-08,644.2,660.0,643.4,657.3,2649215
2013-03-11,657.3,659.7,650.25,655.25,2126146
2013-03-12,653.0,655.7,640.1,644.0,1723931
2013-03-13,641.05,645.9,632.2,634.9,1978343
2013-03-14,634.9,653.5,615.35,649.25,7978609
2013-03-15,645.0,649.9,633.8,639.4,3859902
2013-03-18,633.0,654.0,630.0,643.3,4390481
2013-03-19,643.0,643.8,624.0,631.55,5007115
2013-03-20,632.0,633.45,621.0,625.5,2834109
2013-03-21,622.65,628.8,603.75,607.0,3613147
2013-03-22,609.0,614.6,602.6,605.25,7381475
2013-03-25,611.0,613.35,607.55,609.4,6799744
2013-03-26,606.0,617.5,602.55,614.5,3318601
2013-03-28,616.5,631.15,606.95,625.35,4874023
2013-04-01,624.65,629.0,621.0,623.85,1677193
2013-04-02,625.0,634.3,617.9,629.9,1714355
2013-04-03,628.0,631.65,619.5,623.65,1675904
2013-04-04,618.8,623.4,613.45,616.15,2045496
2013-04-05,614.95,626.4,613.4,620.95,3239980
2013-04-08,618.95,628.95,617.75,624.45,2163032
2013-04-09,628.1,628.1,617.4,620.6,3690102
2013-04-10,626.8,633.65,618.95,632.0,3786126
2013-04-11,632.5,642.0,631.9,639.25,6266517
2013-04-12,636.1,645.85,636.1,643.7,3801520
2013-04-15,642.1,643.45,635.0,641.55,3980942
2013-04-16,643.0,665.85,642.35,663.35,3435078
2013-04-17,665.0,671.85,656.8,660.1,3739237
2013-04-18,654.0,675.4,654.0,673.6,2305946
2013-04-22,674.7,702.0,674.7,698.3,4965038
2013-04-23,698.8,700.0,678.8,689.0,5965890
2013-04-25,692.35,695.0,680.05,689.55,6473781
2013-04-26,687.65,692.25,683.0,689.1,2142186
2013-04-29,688.25,696.85,686.5,695.15,2918858
2013-04-30,694.0,695.95,676.8,682.3,3138068
2013-05-02,684.4,694.0,682.3,692.5,3075817
2013-05-03,692.6,694.0,678.65,680.95,3071646
2013-05-06,679.0,679.3,669.95,675.5,1918365
2013-05-07,676.3,689.9,672.5,688.05,2774616
2013-05-08,689.0,699.5,686.5,697.15,2163489
2013-05-09,699.05,699.5,688.2,690.05,1130840
2013-05-10,688.7,704.9,688.65,703.35,3478314
2013-05-13,705.0,711.45,690.8,692.75,2398493
2013-05-14,690.05,694.9,685.1,689.05,1663419
2013-05-15,693.5,716.0,691.35,714.85,3543370
2013-05-16,712.0,724.0,711.0,722.8,2915154
2013-05-17,722.5,722.5,709.2,718.9,3204963
2013-05-20,719.5,724.0,712.15,714.5,1460402
2013-05-21,714.0,718.0,705.05,707.8,2301625
2013-05-22,707.5,712.0,698.0,703.45,1353028
2013-05-23,699.0,706.45,694.3,698.6,1976312
2013-05-24,705.75,705.75,694.3,701.35,2066060
2013-05-27,698.6,717.0,698.6,715.05,2248802
2013-05-28,714.25,720.8,706.8,713.3,1676979
2013-05-29,710.05,718.45,703.85,715.95,1233373
2013-05-30,710.1,727.3,710.1,725.15,3839364
2013-05-31,717.25,720.7,697.7,700.5,3083224
2013-06-03,698.0,701.4,686.55,689.15,1972531
2013-06-04,687.3,693.8,681.0,683.05,1404081
2013-06-05,682.0,694.4,678.5,687.95,1890919
2013-06-06,683.5,689.4,678.0,682.2,1779103
2013-06-07,681.75,693.4,673.2,676.15,2389056
2013-06-10,681.05,687.0,671.5,676.35,1592003
2013-06-11,673.45,680.9,662.2,664.9,2955215
2013-06-12,662.0,673.4,658.45,663.95,2453913
2013-06-13,657.6,661.0,653.35,655.1,1787434
2013-06-14,662.0,668.45,659.3,665.05,3741303
2013-06-17,665.6,669.2,657.35,667.35,3267727
2013-06-18,668.0,668.0,655.0,657.45,3111642
2013-06-19,656.1,666.6,652.85,665.2,2411739
2013-06-20,658.85,658.85,634.6,636.6,3784511
2013-06-21,636.8,642.55,630.1,635.25,4474961
2013-06-24,631.8,633.85,623.75,625.35,2692013
2013-06-25,626.0,646.4,622.4,634.0,4671608
2013-06-26,631.5,637.65,620.0,622.85,2619005
2013-06-27,634.0,652.7,622.35,646.5,6750890
2013-06-28,649.5,673.2,649.1,669.5,5270670
2013-07-01,669.0,674.0,664.65,668.75,2459671
2013-07-02,668.7,668.75,654.3,656.55,2295788
2013-07-03,654.0,654.7,643.6,650.65,3346565
2013-07-04,653.8,657.45,645.7,655.15,2397765
2013-07-05,660.1,672.75,658.5,667.75,2385874
2013-07-08,664.0,667.45,652.75,660.45,1792324
2013-07-09,662.2,673.75,662.2,670.3,1760048
2013-07-10,670.25,671.9,656.15,659.3,1784645
2013-07-11,667.0,686.7,666.05,683.25,2649892
2013-07-12,687.0,697.7,681.8,695.75,3908713
2013-07-15,691.0,698.05,684.0,695.45,2127972
2013-07-16,679.0,684.5,669.95,678.7,2911846
2013-07-17,677.8,680.8,647.9,662.9,5658497
2013-07-18,669.9,688.5,656.95,684.1,3415970
2013-07-19,688.05,691.95,673.15,680.0,3114605
2013-07-22,676.0,687.0,676.0,682.05,1615108
2013-07-23,687.9,690.0,681.05,683.6,1853696
2013-07-24,674.0,676.0,653.5,659.95,3657187
2013-07-25,660.65,666.0,650.15,653.85,4066814
2013-07-26,656.0,656.25,638.0,644.1,2339123
2013-07-29,643.0,643.0,629.65,632.5,3730556
2013-07-30,630.75,635.0,620.1,625.35,3672771
2013-07-31,621.0,621.8,606.9,609.75,6706130
2013-08-01,613.9,637.8,612.4,632.2,5861652
2013-08-02,630.0,634.8,626.85,631.25,5003962
2013-08-05,631.55,635.45,615.0,632.7,3399593
2013-08-06,631.0,631.35,606.5,608.65,4911295
2013-08-07,609.95,614.35,600.0,601.2,5689114
2013-08-08,604.0,617.5,600.0,610.5,5115362
2013-08-12,610.05,610.8,598.65,602.2,3925217
2013-08-13,603.85,624.8,598.15,620.5,3675598
2013-08-14,622.0,623.65,608.65,621.35,3575927
2013-08-16,614.0,622.0,584.9,587.9,7014892
2013-08-19,587.0,588.6,570.3,584.7,5004610
2013-08-20,574.95,589.9,566.5,584.75,6431746
2013-08-21,606.0,619.35,590.0,593.35,7227149
2013-08-22,589.0,603.7,570.0,588.7,7562673
2013-08-23,592.0,609.15,588.3,607.55,5174611
2013-08-26,612.35,622.8,602.55,611.3,3651902
2013-08-27,597.3,600.0,555.45,561.9,13677093
2013-08-28,555.7,572.0,528.0,561.95,9266888
2013-08-29,568.0,582.5,568.0,572.05,10192751
2013-09-03,596.9,596.9,557.05,562.55,4535002
2013-09-04,567.45,576.85,559.15,564.05,5235450
2013-09-05,584.0,622.9,584.0,609.5,8311562
2013-09-06,611.0,620.0,586.75,616.2,4749304
2013-09-10,620.55,641.0,618.4,638.0,5074709
2013-09-11,633.0,650.0,625.55,647.25,3172598
2013-09-12,642.5,646.0,627.6,633.95,4419134
2013-09-13,632.45,634.5,621.0,629.2,3875780
2013-09-16,637.5,648.9,629.0,642.8,3034804
2013-09-17,638.0,645.0,633.6,642.25,2108022
2013-09-18,643.6,654.9,631.15,650.5,2747404
2013-09-19,680.0,689.9,676.3,683.2,7320226
2013-09-20,682.5,686.45,635.25,659.05,6181538
2013-09-23,651.0,652.35,633.1,641.95,3496310
2013-09-24,633.05,644.35,629.95,638.45,4543797
2013-09-25,638.0,641.7,613.2,620.6,5245230
2013-09-26,621.35,626.0,618.0,621.15,5645610
2013-09-27,622.0,624.0,605.0,608.9,4102173
2013-09-30,606.0,612.85,587.7,593.05,4265607
2013-10-01,598.8,614.4,589.35,611.65,3249277
2013-10-03,615.3,639.0,610.0,636.2,2443228
2013-10-04,635.5,647.4,635.0,640.45,3407094
2013-10-07,636.5,638.15,618.25,634.3,2480500
2013-10-08,650.5,654.55,625.8,632.65,2942037
2013-10-09,625.2,650.9,623.0,649.15,2167190
2013-10-10,649.0,649.0,633.35,641.05,2086321
2013-10-11,647.3,663.75,639.35,661.3,3347566
2013-10-14,657.55,669.3,648.65,667.5,3093930
2013-10-15,673.0,675.0,646.6,652.45,4035831
2013-10-17,653.0,659.95,642.55,654.2,3637897
2013-10-18,655.25,679.55,655.25,676.6,5320296
2013-10-21,674.0,678.8,662.55,671.25,2806356
2013-10-22,671.0,673.95,665.2,669.0,2189524
2013-10-23,669.0,669.0,653.8,660.2,3386239
2013-10-24,656.2,675.75,656.2,669.3,3080482
2013-10-25,665.25,674.95,663.15,672.55,2236718
2013-10-28,673.0,675.0,665.4,667.9,2095522
2013-10-29,668.0,689.0,655.55,686.5,3805729
2013-10-30,686.0,687.5,675.75,679.35,2547168
2013-10-31,676.2,685.05,673.4,680.8,4548889
2013-11-01,681.6,688.0,678.2,683.8,3910611
2013-11-05,680.45,685.0,673.0,676.25,3564618
2013-11-06,678.9,679.2,665.25,668.9,1152663
2013-11-07,670.0,677.5,656.9,665.4,1947285
2013-11-08,663.4,667.65,644.65,652.5,3370190
2013-11-11,644.0,660.7,616.7,654.25,2804076
2013-11-12,652.55,663.05,643.35,645.95,2245080
2013-11-13,639.0,647.45,628.35,633.7,2640271
2013-11-14,638.0,649.9,638.0,642.2,3156715
2013-11-18,651.4,670.0,649.05,668.8,3718480
2013-11-19,668.4,668.4,657.45,660.05,1697259
2013-11-20,656.7,659.0,646.4,649.55,2092524
2013-11-21,644.55,645.6,635.15,637.65,3196914
2013-11-22,642.5,646.9,635.1,642.15,1873096
2013-11-25,648.05,661.75,648.05,659.75,4037635
2013-11-26,657.7,659.9,648.4,652.95,3619629
2013-11-27,651.1,658.75,644.1,653.55,2148253
2013-11-28,655.6,663.0,648.05,653.4,3693433
2013-11-29,655.0,668.9,655.0,661.3,2392770
2013-12-02,662.0,665.0,658.05,661.3,1714653
2013-12-03,660.0,662.2,652.65,655.75,2572070
2013-12-04,654.9,659.55,653.45,657.6,2619152
2013-12-05,671.55,689.9,671.55,688.1,8004998
2013-12-06,684.9,689.6,678.25,682.7,4017308
2013-12-09,710.0,717.4,692.55,696.65,6316407
2013-12-10,692.35,701.85,690.0,696.7,6266220
2013-12-11,690.1,701.8,686.9,695.55,3072444
2013-12-12,693.2,700.55,690.5,695.2,3216924
2013-12-13,687.8,702.0,685.0,689.95,6329020
2013-12-16,688.0,690.9,681.2,684.35,5358061
2013-12-17,675.65,675.65,654.05,657.6,4485661
2013-12-18,650.5,680.65,649.55,666.25,3521829
2013-12-19,679.0,683.95,650.4,652.55,2504879
2013-12-20,657.8,668.6,650.1,664.6,1430617
2013-12-23,658.0,671.5,657.0,664.45,1382808
2013-12-24,665.55,666.5,655.05,657.3,888674
2013-12-26,659.85,672.2,656.9,669.05,2011690
2013-12-27,664.1,675.45,664.1,669.65,1366003
2013-12-30,676.8,677.0,665.15,669.5,1056901
2013-12-31,672.1,672.3,660.1,665.85,1315328
2014-01-01,668.0,669.8,663.0,665.15,1123109
2014-01-02,665.0,674.75,653.55,657.0,1807248
2014-01-03,652.0,666.0,650.0,663.1,1628296
2014-01-06,663.0,663.0,657.0,661.7,1490855
2014-01-07,667.1,670.95,653.3,664.4,1974230
2014-01-08,665.2,666.95,660.0,664.7,1162370
2014-01-09,663.2,666.05,657.1,662.95,944368
2014-01-10,662.95,674.7,656.3,662.05,1537627
2014-01-13,660.1,676.95,656.9,672.85,1188145
2014-01-14,669.05,676.0,668.3,672.3,894280
2014-01-15,673.0,682.7,669.6,680.55,1156960
2014-01-16,684.4,685.0,670.35,673.05,1125294
2014-01-17,675.0,675.0,659.05,665.0,10843714
2014-01-20,668.1,676.7,666.4,670.05,1400092
2014-01-21,672.95,678.8,670.0,676.1,1562981
2014-01-22,675.5,684.7,674.65,677.1,1758334
2014-01-23,675.0,681.1,672.75,679.5,1370685
2014-01-24,670.0,674.95,663.7,673.4,2210725
2014-01-27,664.9,664.9,645.6,649.2,4265112
2014-01-28,648.0,656.0,638.6,644.45,4598856
2014-01-29,647.5,650.9,640.55,645.45,2742731
2014-01-30,637.5,639.9,627.65,631.8,2856365
2014-01-31,630.0,636.3,625.1,628.5,2405246
2014-02-03,629.95,634.0,625.1,626.5,1194205
2014-02-04,621.65,635.5,616.8,630.6,1852326
2014-02-05,631.0,639.8,625.1,637.45,1726346
2014-02-06,638.75,649.6,629.5,647.0,3366736
2014-02-07,652.4,654.5,642.1,647.75,1007367
2014-02-10,647.65,650.15,636.0,643.9,1570205
2014-02-11,646.0,647.15,639.3,644.8,1116214
2014-02-12,646.6,652.8,643.65,645.45,1609240
2014-02-13,646.0,648.0,631.25,632.5,788800
2014-02-14,634.0,643.85,629.35,641.8,1062278
2014-02-17,642.0,652.0,641.1,650.4,912530
2014-02-18,648.5,664.4,647.4,660.4,1254918
2014-02-19,656.2,672.25,655.0,670.05,1015237
2014-02-20,665.8,667.45,660.85,662.75,862109
2014-02-21,659.85,669.6,659.7,664.4,760968
2014-02-24,662.1,673.0,655.75,671.0,1254746
2014-02-25,674.0,676.0,666.0,671.1,1005140
2014-02-26,670.0,679.2,668.55,677.4,1137835
2014-02-28,682.0,682.9,665.15,669.6,1225896
2014-03-03,665.2,672.0,663.2,666.2,919608
2014-03-04,666.0,673.85,664.25,671.7,1610967
2014-03-05,673.5,675.0,662.5,669.75,1001746
2014-03-06,673.0,677.7,668.1,675.6,1237170
2014-03-07,679.6,714.9,676.2,711.45,5691892
2014-03-10,706.5,736.9,700.0,734.45,6530963
2014-03-11,734.5,740.0,719.55,725.15,3250118
2014-03-12,721.25,733.0,716.5,725.55,1777554
2014-03-13,727.5,749.5,727.5,742.35,2862113
2014-03-14,735.0,739.9,724.0,732.15,3052120
2014-03-18,735.4,744.8,728.3,734.0,2025681
2014-03-19,740.0,743.3,735.75,738.45,1513784
2014-03-20,738.45,738.45,728.0,730.2,1298771
2014-03-21,735.15,737.5,731.2,733.85,1881398
2014-03-24,734.5,752.9,734.0,750.65,2928465
2014-03-25,750.0,760.55,747.75,750.15,2007773
2014-03-26,752.8,756.3,744.1,746.05,2352328
2014-03-27,750.0,760.75,742.0,746.75,6138733
2014-03-28,749.95,754.1,735.05,744.95,3040225
2014-03-31,747.95,753.0,743.1,748.8,2065607
2014-04-01,751.5,753.55,732.55,738.1,2012958
2014-04-02,744.95,746.0,721.9,731.9,2599688
2014-04-03,736.0,738.0,726.25,728.8,1389926
2014-04-04,725.55,733.0,720.05,725.45,1855602
2014-04-07,725.0,732.0,723.1,725.35,2933289
2014-04-09,728.05,744.9,721.75,741.85,2630096
2014-04-10,744.65,748.65,736.0,739.4,1873698
2014-04-11,734.05,744.8,733.9,738.15,1301988
2014-04-15,734.3,738.8,718.1,723.95,2092967
2014-04-16,723.2,731.8,721.1,725.95,893098
2014-04-17,716.25,721.3,707.3,718.7,3075582
2014-04-21,722.7,726.5,713.0,716.45,1746938
2014-04-22,721.9,729.6,717.4,727.55,2848956
2014-04-23,724.9,739.45,722.6,733.0,5256336
2014-04-25,733.15,738.0,725.0,726.4,1553111
2014-04-28,722.25,729.25,720.55,725.2,1220715
2014-04-29,726.4,727.5,712.5,715.8,1660309
2014-04-30,716.0,729.9,711.65,721.3,2196730
2014-05-02,723.5,727.55,715.55,717.1,1478823
2014-05-05,719.85,723.1,714.0,716.7,1298081
2014-05-06,720.2,724.6,714.1,720.2,1546140
2014-05-07,718.5,727.0,711.45,715.6,1649656
2014-05-08,717.15,723.0,715.5,718.3,1880107
2014-05-09,720.0,760.0,720.0,756.8,4094111
2014-05-12,755.1,794.85,754.5,792.15,4390340
2014-05-13,800.0,800.0,782.5,788.15,3166304
2014-05-14,785.0,794.8,774.25,775.45,2125375
2014-05-15,769.0,791.15,766.05,788.35,2366547
2014-05-16,800.0,854.0,787.65,804.7,8217092
2014-05-19,815.9,835.0,808.0,811.9,2630701
2014-05-20,816.0,821.6,804.35,816.05,1589258
2014-05-21,812.35,814.5,805.0,809.5,910597
2014-05-22,812.0,815.0,798.0,802.6,1951614
2014-05-23,799.0,803.0,782.7,789.65,2454734
2014-05-26,799.0,804.05,790.0,797.15,4348808
2014-05-27,800.0,810.65,788.35,804.9,1904881
2014-05-28,799.9,826.75,799.5,823.45,3588891
2014-05-29,822.6,830.75,807.4,810.25,3421002
2014-05-30,815.0,822.8,730.0,792.75,8201886
2014-06-02,793.5,822.35,793.5,819.4,2020783
2014-06-03,823.0,827.85,814.0,824.35,906037
2014-06-04,822.4,829.7,815.1,816.7,716085
2014-06-05,811.8,815.4,801.0,805.45,1918618
2014-06-06,813.0,821.0,801.0,815.25,2641319
2014-06-09,821.9,830.0,815.0,819.45,2334980
2014-06-10,821.15,823.6,810.0,816.65,1249836
2014-06-11,817.0,829.85,810.0,820.5,1935943
2014-06-12,824.5,844.95,812.85,839.85,3183012
2014-06-13,844.0,856.0,831.65,835.4,3053221
2014-06-16,831.0,842.8,830.3,839.0,1327470
2014-06-17,836.0,848.8,827.35,846.55,1747030
2014-06-18,847.1,851.4,828.75,834.85,1343657
2014-06-19,837.1,839.95,822.2,825.75,1180249
2014-06-20,826.0,831.75,819.35,821.95,742442
2014-06-23,824.0,826.55,815.3,821.45,1460211
2014-06-24,825.35,832.75,825.0,829.0,1266556
2014-06-25,829.0,833.2,823.0,824.1,1582656
2014-06-26,820.0,826.6,808.65,812.4,5452066
2014-06-27,817.85,822.0,814.0,816.2,1285740
2014-06-30,819.9,832.7,819.9,821.55,1544025
2014-07-01,823.0,827.95,815.0,823.3,1910343
2014-07-02,830.8,842.0,825.5,839.9,1906681
2014-07-03,841.0,845.3,831.35,836.8,1515685
2014-07-04,836.8,858.95,835.1,856.65,1407997
2014-07-07,859.9,860.7,835.85,840.45,2032992
2014-07-08,844.0,848.35,820.0,829.25,1683068
2014-07-09,828.0,834.85,818.0,830.3,1448888
2014-07-10,830.3,848.0,812.25,823.35,2464386
2014-07-11,821.1,831.45,808.8,811.8,2299695
2014-07-14,815.0,820.0,807.15,817.45,1230402
2014-07-15,820.75,828.8,816.5,826.8,1523009
2014-07-16,829.5,838.5,817.9,835.75,2397325
2014-07-17,838.7,839.0,829.5,831.8,1259775
2014-07-18,828.9,836.8,822.0,832.45,1822108
2014-07-21,841.7,846.95,825.25,827.45,2453414
2014-07-22,829.9,842.65,827.0,839.85,1742588
2014-07-23,843.1,845.0,835.0,836.3,1962463
2014-07-24,836.0,844.0,833.0,842.25,1069650
2014-07-25,841.0,849.8,834.15,835.5,2666488
2014-07-28,838.5,839.8,828.0,829.55,971238
2014-07-30,831.0,841.9,826.85,838.8,1171345
2014-07-31,837.9,839.9,828.55,834.0,2975336
2014-08-01,826.05,827.8,812.0,815.45,1707115
2014-08-04,819.0,822.7,807.1,813.0,1840761
2014-08-05,817.0,823.0,809.9,820.2,1519276
2014-08-06,815.05,819.55,807.35,810.0,845350
2014-08-07,812.9,818.5,810.0,811.5,983435
2014-08-08,805.0,807.8,795.0,796.15,1862670
2014-08-11,801.0,802.85,791.4,792.95,1406556
2014-08-12,801.0,808.5,792.0,807.2,1650768
2014-08-13,810.0,815.75,802.65,812.4,1959955
2014-08-14,814.1,831.65,813.3,826.7,2968306
2014-08-18,830.0,834.5,823.6,832.35,1675542
2014-08-19,833.0,837.5,822.25,823.85,1973214
2014-08-20,829.0,834.6,819.0,820.55,2358713
2014-08-21,822.0,835.2,821.0,832.5,1597620
2014-08-22,834.35,848.75,828.05,846.75,2503822
2014-08-25,843.0,852.8,837.2,843.45,1664016
2014-08-26,844.5,848.5,838.1,842.5,1041314
2014-08-27,846.0,846.0,834.0,836.6,1213242
2014-08-28,837.5,845.5,834.0,843.55,1997863
2014-09-01,845.9,849.0,838.6,841.2,1038664
2014-09-02,843.1,861.1,838.65,859.2,2860563
2014-09-03,865.0,865.0,851.6,856.65,2308695
2014-09-04,858.05,859.0,848.5,851.85,1601742
2014-09-05,852.0,855.55,844.1,848.45,958802
2014-09-08,851.0,867.8,849.45,864.75,2447086
2014-09-09,860.1,869.9,857.8,865.6,1915261
2014-09-10,865.0,865.0,854.1,857.3,1078563
2014-09-11,857.4,863.1,853.0,854.35,1633216
2014-09-12,850.1,858.0,848.95,855.7,1521639
2014-09-15,850.0,865.0,850.0,860.35,1452272
2014-09-16,861.0,862.05,848.0,851.0,1269067
2014-09-17,855.0,855.9,842.1,846.4,1976474
2014-09-18,844.75,861.0,842.25,858.15,1663142
2014-09-19,860.0,865.0,851.4,860.25,1635527
2014-09-22,856.95,858.5,851.0,856.85,1633579
2014-09-23,856.05,857.85,845.6,848.85,1179244
2014-09-24,847.1,857.3,845.05,855.45,1666374
2014-09-25,853.0,865.6,842.1,849.95,4148990
2014-09-26,849.95,879.0,845.0,871.65,2470563
2014-09-29,873.0,877.35,861.2,865.1,2170567
2014-09-30,864.2,879.8,861.15,872.65,3008858
2014-10-01,866.0,871.15,860.5,868.0,1467547
2014-10-07,865.0,867.0,854.1,862.45,1256572
2014-10-08,860.55,870.0,858.3,867.6,785096
2014-10-09,874.0,892.95,868.25,887.6,1912605
2014-10-10,883.05,885.15,864.9,867.3,1066745
2014-10-13,864.0,878.0,855.65,876.8,1344128
2014-10-14,885.0,885.95,865.15,868.35,1816560
2014-10-16,868.4,874.0,855.05,858.85,1383271
2014-10-17,860.25,888.1,857.1,885.25,2494480
2014-10-20,894.0,909.6,890.15,893.8,2383001
2014-10-21,900.0,905.75,887.65,895.55,4009288
2014-10-22,905.05,906.35,891.25,893.65,1142886
2014-10-23,893.0,897.85,892.0,896.45,224723
2014-10-27,899.05,907.3,894.15,897.25,1681192
2014-10-28,899.0,900.2,894.0,895.3,1450873
2014-10-29,900.2,902.5,890.0,891.55,1974047
2014-10-30,889.9,899.95,887.1,896.65,2684545
2014-10-31,900.1,914.6,897.35,911.85,2526497
2014-11-03,915.2,919.3,905.4,910.7,1809912
2014-11-05,915.05,920.3,910.25,912.8,1881045
2014-11-07,905.0,906.6,893.65,899.45,2257123
2014-11-10,899.5,908.35,893.0,904.65,1597439
2014-11-11,905.9,917.3,902.4,907.9,1478352
2014-11-12,911.0,919.9,904.15,911.75,2264666
2014-11-13,915.5,920.0,903.9,915.95,1847238
2014-11-14,918.2,933.0,911.75,930.1,2109514
2014-11-17,930.0,934.0,908.0,918.95,3366021
2014-11-18,921.0,935.0,912.0,932.2,2297278
2014-11-19,935.05,937.7,922.15,926.55,863712
2014-11-20,927.95,927.95,912.1,918.2,1192593
2014-11-21,921.2,935.0,914.05,932.85,2205952
2014-11-24,932.35,950.0,928.1,945.2,1829215
2014-11-25,943.0,958.8,939.0,953.55,3039127
2014-11-26,939.8,959.9,933.3,951.3,2244107
2014-11-27,950.6,953.8,943.0,948.15,3302862
2014-11-28,948.0,965.9,947.0,957.15,2312965
2014-12-01,958.3,962.45,948.2,950.0,1847282
2014-12-02,941.75,949.6,939.2,943.3,1129389
2014-12-03,942.0,944.05,932.0,933.1,1665296
2014-12-04,940.0,944.25,932.0,941.4,1709776
2014-12-05,941.0,944.4,935.7,942.75,1018545
2014-12-08,945.0,945.0,925.0,927.15,1014282
2014-12-09,925.05,935.0,925.05,926.75,1218336
2014-12-10,926.1,935.0,925.3,931.4,1391358
2014-12-11,929.9,935.75,925.0,933.6,1204711
2014-12-12,933.0,936.2,929.0,931.5,1154207
2014-12-15,930.0,944.3,928.0,941.5,1659657
2014-12-16,937.55,942.0,917.0,925.75,1247489
2014-12-17,926.0,932.5,916.0,921.85,1766004
2014-12-18,932.6,936.5,922.05,934.05,1623457
2014-12-19,945.05,949.0,932.5,941.45,1528527
2014-12-22,954.0,966.1,942.5,963.7,2073903
2014-12-23,959.7,973.95,955.35,959.75,1886020
2014-12-24,957.9,964.8,941.1,945.25,4166203
2014-12-26,950.4,952.95,942.55,948.65,841620
2014-12-29,950.1,956.0,948.3,951.7,903700
2014-12-30,950.0,959.6,942.75,956.45,1420300
2014-12-31,956.0,957.3,949.75,951.6,1248132
2015-01-01,951.0,954.4,945.05,952.05,886235
2015-01-02,950.4,969.3,950.4,965.3,1475096
2015-01-05,970.0,970.55,955.1,957.15,1199000
2015-01-06,954.0,956.55,937.55,942.25,2054920
2015-01-07,939.7,951.35,936.25,945.0,1436528
2015-01-08,954.25,968.95,948.2,964.85,2381456
2015-01-09,972.9,980.0,966.6,975.65,2246296
2015-01-12,969.4,974.4,964.5,967.05,1031603
2015-01-13,968.95,971.95,955.7,963.35,1457087
2015-01-14,960.05,974.65,959.7,963.9,921308
2015-01-15,990.0,998.2,970.75,993.15,2849619
2015-01-16,1002.2,1014.9,998.55,1001.35,1955327
2015-01-19,1013.25,1020.0,1002.95,1004.55,1059873
2015-01-20,1010.0,1027.0,1002.0,1020.95,2126451
2015-01-21,1027.4,1032.95,1018.35,1019.95,1685153
2015-01-22,1025.0,1032.5,1018.55,1021.25,1617670
2015-01-23,1030.0,1048.0,1024.4,1042.8,2496978
2015-01-27,1043.0,1077.75,1040.9,1074.05,2490600
2015-01-28,1070.0,1093.2,1055.0,1058.35,2841235
2015-01-29,1075.0,1100.6,1061.0,1095.0,5141904
2015-01-30,1094.55,1094.55,1064.25,1077.35,2642604
2015-02-02,1068.5,1093.0,1052.35,1081.6,1427588
2015-02-03,1078.5,1082.2,1055.3,1064.1,2550172
2015-02-04,1063.0,1080.8,1057.25,1067.7,1549378
2015-02-05,1075.0,1092.8,1070.35,1076.5,2014787
2015-02-06,1077.0,1078.95,1050.05,1053.5,1725780
2015-02-09,1047.0,1051.75,1034.5,1040.1,1307974
2015-02-10,1030.0,1062.3,1030.0,1054.45,2318938
2015-02-11,1058.0,1064.8,1053.0,1058.4,1040397
2015-02-12,1065.1,1081.9,1052.7,1076.0,1381435
2015-02-13,1081.2,1082.0,1063.6,1065.8,1928625
2015-02-16,1075.8,1085.0,1062.5,1067.55,1847179
2015-02-18,1067.55,1082.95,1057.05,1074.8,1345423
2015-02-19,1074.0,1084.9,1063.8,1079.8,1126751
2015-02-20,1083.0,1089.9,1068.5,1073.05,1551506
2015-02-23,1077.1,1081.55,1062.0,1067.5,1395391
2015-02-24,1070.3,1071.0,1057.1,1067.65,1461572
2015-02-25,1070.0,1074.8,1050.0,1052.45,1162131
2015-02-26,1053.65,1056.0,1035.1,1038.15,3106736
2015-02-27,1045.45,1058.55,1045.45,1054.0,2565446
2015-03-02,1080.35,1099.0,1068.0,1082.55,3596308
2015-03-03,1086.45,1092.0,1077.05,1083.35,1507337
2015-03-04,1105.0,1109.3,1060.0,1065.3,3069406
2015-03-05,1065.0,1090.0,1062.5,1085.1,2425613
2015-03-09,1077.05,1081.8,1056.0,1059.0,1438952
2015-03-10,1062.0,1062.25,1045.0,1052.55,1283709
2015-03-11,1050.9,1061.9,1050.0,1056.45,1366384
2015-03-12,1060.1,1063.9,1051.1,1054.6,1882709
2015-03-13,1060.0,1064.0,1034.6,1042.65,1356695
2015-03-16,1045.0,1057.9,1042.5,1051.55,1337193
2015-03-17,1060.0,1065.9,1042.85,1058.05,1342326
2015-03-18,1060.15,1071.9,1053.2,1063.55,1287083
2015-03-19,1071.0,1073.8,1048.7,1052.2,1343393
2015-03-20,1051.0,1059.5,1045.95,1055.9,1620809
2015-03-23,1055.95,1059.4,1046.0,1047.75,1361685
2015-03-24,1043.3,1057.0,1035.45,1037.95,2243391
2015-03-25,1040.05,1046.7,1031.1,1034.25,2652225
2015-03-26,1026.9,1032.2,1002.1,1006.95,8950155
2015-03-27,1014.95,1023.55,1008.1,1014.65,2710224
2015-03-30,1020.0,1039.0,1012.8,1036.9,1738786
2015-03-31,1039.9,1039.9,1014.85,1022.7,1490564
2015-04-01,1026.1,1036.85,1013.0,1033.25,961049
2015-04-06,1035.0,1036.85,1019.8,1031.95,1787793
2015-04-07,1033.25,1038.2,1023.65,1032.75,1549268
2015-04-08,1040.05,1042.45,1030.05,1035.55,1026536
2015-04-09,1038.25,1059.0,1030.0,1056.1,1750696
2015-04-10,1053.0,1053.0,1034.85,1042.65,1529831
2015-04-13,1040.0,1046.3,1034.8,1038.8,1140809
2015-04-15,1040.0,1048.7,1025.2,1031.65,1223499
2015-04-16,1028.0,1033.55,1018.0,1029.65,1402530
2015-04-17,1025.1,1027.85,1016.05,1018.25,1012253
2015-04-20,1020.0,1025.0,1002.6,1005.1,1297220
2015-04-21,1005.0,1014.4,995.6,1003.0,1627686
2015-04-22,1006.5,1021.0,993.5,1013.1,1691484
2015-04-23,1020.05,1024.2,1006.1,1013.5,2406957
2015-04-24,1018.9,1019.0,1000.35,1006.45,1801311
2015-04-27,1006.95,1012.5,996.0,1005.45,1842676
2015-04-28,999.55,1011.45,990.1,1004.55,1985527
2015-04-29,1004.0,1009.5,988.0,993.15,1965891
2015-04-30,991.0,995.0,979.05,988.8,3785921
2015-05-04,994.05,1009.5,992.0,1000.95,785362
2015-05-05,999.05,1003.9,985.85,987.65,1284501
2015-05-06,987.5,987.5,965.5,970.6,2751924
2015-05-07,968.0,970.0,944.2,951.3,2934166
2015-05-08,961.5,987.8,955.4,982.0,2892983
2015-05-11,986.05,992.75,974.05,990.3,1682836
2015-05-12,990.0,990.0,967.0,971.95,2776892
2015-05-13,975.85,993.4,971.6,990.25,1947962
2015-05-14,989.0,994.85,974.0,991.05,1113797
2015-05-15,994.9,997.55,984.2,990.1,2038406
2015-05-18,996.0,1012.0,992.0,1009.85,1428326
2015-05-19,1006.35,1018.0,998.1,1007.55,1196587
2015-05-20,1009.65,1026.8,1009.55,1024.05,1002210
2015-05-21,1024.0,1030.0,1015.1,1024.7,983595
2015-05-22,1024.7,1029.0,1018.35,1024.3,1172384
2015-05-25,1028.4,1031.0,1017.6,1023.55,1092265
2015-05-26,1024.45,1030.2,1018.05,1027.4,1226586
2015-05-27,1023.8,1040.0,1021.4,1038.15,804648
2015-05-28,1039.05,1043.7,1022.2,1029.4,2390290
2015-05-29,1029.95,1054.0,1027.15,1050.55,1264670
2015-06-01,1048.95,1056.0,1031.0,1036.2,960330
2015-06-02,1038.4,1040.3,1004.9,1008.8,1181502
2015-06-03,1009.0,1017.0,998.0,1005.55,1456208
2015-06-04,1008.85,1017.85,995.0,1014.95,1389397
2015-06-05,1010.25,1018.5,1002.5,1011.75,1688465
2015-06-08,1004.25,1012.25,995.55,1003.45,952999
2015-06-09,1005.0,1006.0,997.1,1001.85,1510065
2015-06-10,998.0,1019.0,997.0,1015.6,1996562
2015-06-11,1017.6,1018.55,994.7,1000.2,2273544
2015-06-12,1001.0,1010.85,990.15,1009.15,1632086
2015-06-15,1002.0,1013.75,1000.0,1005.2,1499957
2015-06-16,1000.0,1010.45,997.05,1008.4,1502631
2015-06-17,1009.0,1013.5,999.5,1004.7,2421567
2015-06-18,1005.9,1023.8,1002.25,1019.6,2107929
2015-06-19,1024.8,1034.95,1013.15,1030.5,935581
2015-06-22,1032.1,1056.9,1028.5,1047.15,1362413
2015-06-23,1052.0,1061.2,1042.5,1052.1,1413795
2015-06-24,1054.0,1057.8,1042.7,1045.8,1566849
2015-06-25,1048.25,1070.85,1042.65,1065.0,4143392
2015-06-26,1067.0,1070.95,1051.5,1062.85,1411876
2015-06-29,1044.9,1061.75,1030.5,1056.65,1621959
2015-06-30,1052.25,1072.0,1048.0,1067.15,1822534
2015-07-01,1061.35,1077.0,1060.05,1072.35,1242797
2015-07-02,1065.0,1067.7,1055.65,1058.2,1120861
2015-07-03,1054.05,1076.15,1054.05,1074.25,1009822
2015-07-06,1064.05,1085.0,1060.25,1083.5,816945
2015-07-07,1078.5,1091.5,1078.5,1086.85,1035368
2015-07-08,1079.1,1080.6,1066.0,1068.85,1350169
2015-07-09,1062.7,1076.9,1060.1,1074.05,699491
2015-07-10,1069.8,1095.0,1068.5,1090.75,1225022
2015-07-13,1085.0,1105.9,1085.0,1096.15,1769021
2015-07-14,1095.5,1101.9,1086.0,1091.85,1418529
2015-07-15,1093.0,1101.45,1090.8,1096.7,962351
2015-07-16,1098.8,1119.0,1098.1,1114.7,1827606
2015-07-17,1119.4,1121.75,1105.6,1110.55,877747
2015-07-20,1115.95,1119.0,1107.0,1115.25,1137817
2015-07-21,1116.55,1128.0,1093.1,1098.05,2757034
2015-07-22,1096.4,1117.05,1088.65,1114.4,1821600
2015-07-23,1112.9,1116.7,1100.1,1107.9,1270793
2015-07-24,1103.15,1115.0,1100.5,1107.85,1190252
2015-07-27,1103.9,1104.5,1070.0,1095.85,832143
2015-07-28,1094.0,1113.9,1092.45,1108.5,1586418
2015-07-29,1105.1,1117.9,1105.05,1108.35,985758
2015-07-30,1107.0,1117.0,1101.1,1110.55,2365547
2015-07-31,1115.6,1121.0,1103.0,1111.65,1412375
2015-08-03,1112.75,1117.5,1093.45,1095.4,1086432
2015-08-04,1098.1,1102.0,1081.95,1086.45,1347732
2015-08-05,1092.15,1097.7,1085.2,1092.2,1030695
2015-08-06,1091.9,1101.35,1085.45,1095.95,935928
2015-08-07,1093.95,1097.5,1088.6,1092.65,806785
2015-08-10,1095.0,1105.95,1088.0,1094.65,988594
2015-08-11,1095.05,1098.85,1084.25,1094.7,681922
2015-08-12,1088.4,1094.9,1067.7,1070.45,1501435
2015-08-13,1077.0,1082.7,1066.6,1077.55,866263
2015-08-14,1083.1,1103.65,1079.9,1101.8,900415
2015-08-17,1099.05,1101.8,1075.8,1091.5,625053
2015-08-18,1091.6,1096.1,1078.45,1086.35,464329
2015-08-19,1084.85,1087.0,1075.0,1081.85,751144
2015-08-20,1068.0,1084.75,1068.0,1074.7,761213
2015-08-21,1064.0,1072.95,1051.0,1061.3,1939743
2015-08-24,1044.7,1044.7,1011.25,1019.05,3671582
2015-08-25,1024.7,1032.3,1005.7,1018.45,3086980
2015-08-26,1017.4,1029.0,1009.0,1013.5,1393250
2015-08-27,1025.0,1034.45,1009.1,1022.1,3468358
2015-08-28,1031.05,1042.75,1019.4,1027.95,1388284
2015-08-31,1021.1,1032.9,1015.55,1027.45,860365
2015-09-01,1021.3,1021.3,993.0,1000.1,2617286
2015-09-02,1005.1,1013.95,985.0,995.15,2170422
2015-09-03,1002.3,1015.0,999.0,1010.3,1626842
2015-09-04,1002.2,1006.0,980.0,996.05,2851148
2015-09-07,1001.0,1009.8,980.0,984.45,1345435
2015-09-08,986.7,1010.0,977.0,1004.05,1861122
2015-09-09,1014.5,1025.0,1005.0,1016.3,1638280
2015-09-10,1003.0,1016.95,996.3,1011.0,1115935
2015-09-11,1014.5,1020.0,1006.8,1010.5,1075440
2015-09-14,1008.85,1022.3,1003.5,1019.7,1265086
2015-09-15,1017.95,1019.65,1008.1,1013.15,1083182
2015-09-16,1018.9,1028.1,1011.55,1023.35,1063513
2015-09-18,1035.0,1062.0,1031.15,1049.75,1960292
2015-09-21,1037.95,1055.0,1036.35,1052.95,1069172
2015-09-22,1050.05,1060.0,1025.3,1030.65,1506303
2015-09-23,1019.2,1053.45,1018.65,1049.2,1290288
2015-09-24,1047.0,1054.0,1036.0,1051.4,2063209
2015-09-28,1055.0,1060.0,1043.1,1046.4,1444277
2015-09-29,1032.0,1073.9,1025.1,1064.8,2604710
2015-09-30,1068.0,1073.0,1061.35,1068.8,2256949
2015-10-01,1075.2,1076.9,1059.35,1067.65,1258697
2015-10-05,1077.2,1104.8,1077.2,1098.35,2013343
2015-10-06,1107.0,1107.9,1083.0,1085.95,1189741
2015-10-07,1088.0,1098.35,1083.35,1087.75,1096567
2015-10-08,1088.1,1090.7,1075.4,1083.1,970477
2015-10-09,1095.0,1095.0,1080.2,1086.15,860807
2015-10-12,1087.7,1095.5,1077.8,1080.55,554335
2015-10-13,1075.55,1082.15,1073.2,1076.35,455913
2015-10-14,1068.8,1086.5,1067.05,1084.75,687287
2015-10-15,1085.7,1096.5,1081.0,1084.15,981488
2015-10-16,1090.0,1101.5,1085.0,1100.05,1210922
2015-10-19,1100.0,1102.1,1094.3,1097.8,663555
2015-10-20,1098.0,1102.9,1091.2,1094.9,962839
2015-10-21,1098.9,1104.0,1085.0,1095.0,1818301
2015-10-23,1099.45,1113.7,1096.0,1108.5,1116762
2015-10-26,1113.95,1114.2,1097.0,1101.5,1221996
2015-10-27,1095.55,1114.0,1095.55,1110.9,2246008
2015-10-28,1105.05,1124.0,1105.05,1111.5,1923690
2015-10-29,1110.0,1114.5,1100.0,1103.55,1675592
2015-10-30,1102.0,1112.0,1090.45,1099.6,2024365
2015-11-02,1095.05,1095.9,1076.5,1083.1,789138
2015-11-03,1090.95,1092.0,1079.2,1084.9,637148
2015-11-04,1090.05,1098.1,1078.25,1081.7,674111
2015-11-05,1078.5,1083.0,1069.5,1079.85,899238
2015-11-06,1080.7,1089.0,1075.25,1080.9,1470251
2015-11-09,1058.0,1069.65,1051.0,1064.8,2857358
2015-11-10,1060.05,1065.0,1052.45,1054.6,1100645
2015-11-11,1055.0,1060.0,1052.45,1054.4,243873
2015-11-13,1049.4,1055.0,1041.0,1052.05,985007
2015-11-16,1048.75,1065.0,1045.25,1060.95,1183683
2015-11-17,1063.3,1063.8,1051.2,1060.8,641851
2015-11-18,1061.7,1065.85,1046.3,1048.6,611680
2015-11-19,1055.0,1070.95,1049.6,1068.9,819420
2015-11-20,1064.9,1080.25,1060.0,1070.85,1162040
2015-11-23,1074.0,1075.5,1059.05,1066.05,852070
2015-11-24,1065.25,1073.5,1062.1,1064.35,1000563
2015-11-26,1059.0,1067.0,1051.1,1063.95,2197871
2015-11-27,1064.85,1082.2,1060.95,1079.4,1731268
2015-11-30,1079.2,1081.0,1069.7,1077.75,1311944
2015-12-01,1077.05,1084.9,1073.5,1083.0,473833
2015-12-02,1090.0,1092.7,1071.85,1077.8,640571
2015-12-03,1072.5,1081.0,1067.3,1076.75,951928
2015-12-04,1073.6,1073.6,1056.0,1058.9,1464957
2015-12-07,1068.2,1071.1,1061.1,1061.95,1453702
2015-12-08,1061.0,1061.9,1047.0,1049.25,1225665
2015-12-09,1047.1,1057.0,1044.85,1047.45,972654
2015-12-10,1045.0,1063.2,1042.3,1060.6,1628585
2015-12-11,1060.0,1060.6,1042.0,1046.35,758480
2015-12-14,1041.0,1059.85,1040.1,1055.05,1469504
2015-12-15,1053.0,1062.45,1045.3,1059.45,1139354
2015-12-16,1063.0,1073.35,1059.35,1067.3,1710692
2015-12-17,1073.9,1084.0,1065.0,1080.25,1219503
2015-12-18,1085.0,1085.0,1068.5,1073.0,793032
2015-12-21,1071.75,1079.9,1069.05,1075.4,774375
2015-12-22,1074.5,1076.5,1064.0,1066.45,607384
2015-12-23,1072.6,1077.95,1069.15,1074.1,753492
2015-12-24,1076.2,1076.4,1068.3,1074.0,536588
2015-12-28,1074.0,1079.9,1067.75,1077.25,1938857
2015-12-29,1078.95,1079.85,1071.3,1077.95,1057903
2015-12-30,1080.0,1081.95,1072.55,1074.3,528140
2015-12-31,1075.0,1084.9,1075.0,1082.15,2322502
2016-01-01,1082.4,1090.25,1076.15,1088.75,798769
2016-01-04,1084.0,1084.0,1068.1,1070.5,1296884
2016-01-05,1070.2,1074.8,1061.35,1062.4,790218
2016-01-06,1056.65,1076.75,1056.65,1067.1,1041384
2016-01-07,1060.1,1064.9,1049.7,1056.2,1513857
2016-01-08,1061.95,1064.5,1057.25,1062.35,872089
2016-01-11,1052.05,1061.0,1045.3,1058.6,822228
2016-01-12,1063.9,1063.9,1043.5,1046.95,1064684
2016-01-13,1052.0,1062.75,1037.0,1060.15,1128787
2016-01-14,1050.15,1057.4,1039.5,1049.75,1569796
2016-01-15,1048.0,1055.45,1038.1,1042.15,1354315
2016-01-18,1035.65,1041.45,1021.0,1025.85,1623847
2016-01-19,1027.2,1037.55,1026.3,1035.8,1601303
2016-01-20,1025.0,1108.0,1007.9,1018.3,2390897
2016-01-21,1021.0,1033.25,1013.4,1023.0,1575201
2016-01-22,1025.7,1044.25,1022.05,1030.3,1059071
2016-01-25,1039.95,1046.7,1033.05,1041.15,2535971
2016-01-27,1048.45,1048.7,1033.0,1035.65,1009867
2016-01-28,1039.0,1046.9,1030.0,1031.7,2487993
2016-01-29,1035.2,1054.95,1035.2,1049.85,1340046
2016-02-01,1058.0,1067.0,1053.7,1059.75,1152371
2016-02-02,1065.0,1065.25,1050.2,1053.8,1632157
2016-02-03,1044.5,1051.4,1042.0,1043.85,1212561
2016-02-04,1048.0,1054.9,1045.55,1049.2,1418998
2016-02-05,1052.8,1063.8,1045.6,1055.25,1880976
2016-02-08,1055.0,1058.0,1030.3,1035.85,870481
2016-02-09,1026.7,1031.55,1020.65,1026.05,1383865
2016-02-10,1023.9,1030.15,1010.1,1012.95,1920570
2016-02-11,1010.0,1013.0,968.2,975.3,2200900
2016-02-12,979.0,986.45,966.0,971.4,3135536
2016-02-17,976.9,979.9,959.0,974.9,1875981
2016-02-18,986.0,991.25,977.0,989.45,1699964
2016-02-19,988.75,992.6,973.5,989.3,832165
2016-02-22,983.0,996.0,983.0,988.75,1000599
2016-02-23,984.9,985.5,966.0,970.05,1519580
2016-02-24,960.0,962.9,946.4,949.6,1615867
2016-02-25,954.0,957.25,938.2,942.65,2115799
2016-02-26,950.0,971.0,945.0,961.0,1552347
2016-02-29,961.1,982.6,928.0,971.85,2203188
2016-03-01,974.95,986.75,971.85,984.15,1080640
2016-03-02,998.0,1010.9,995.0,1007.2,1589744
2016-03-03,1010.75,1020.0,1010.0,1015.85,1152600
2016-03-04,1015.45,1024.9,993.1,1020.55,1426156
2016-03-08,1024.0,1024.0,1009.5,1014.15,478422
2016-03-09,1013.0,1029.9,1006.75,1024.8,1632043
2016-03-10,1024.8,1025.75,1010.1,1021.25,667848
2016-03-11,1019.9,1030.8,1013.0,1028.7,1182714
2016-03-14,1028.0,1037.95,1025.25,1027.55,752164
2016-03-15,1027.9,1033.4,1021.65,1026.7,1922509
2016-03-16,1027.0,1034.25,1018.95,1030.45,1200887
2016-03-17,1034.95,1039.0,1011.15,1018.4,1278371
2016-03-18,1022.95,1032.0,1015.35,1028.4,1033767
2016-03-21,1033.0,1047.35,1032.25,1045.6,1329699
2016-03-22,1046.5,1056.6,1040.7,1053.85,1030066
2016-03-23,1053.05,1053.05,1040.55,1049.35,2116075
2016-03-28,1045.0,1053.0,1041.65,1047.5,2817717
2016-03-29,1047.5,1059.5,1044.25,1053.8,1683488
2016-03-30,1058.0,1069.9,1053.9,1064.95,1953595
2016-03-31,1066.85,1078.9,1065.05,1071.15,5020098
2016-04-01,1068.8,1076.4,1056.8,1064.45,1289662
2016-04-04,1065.2,1072.8,1064.0,1069.05,1544990
2016-04-05,1069.0,1076.9,1055.65,1057.45,1665757
2016-04-06,1061.0,1066.95,1056.75,1061.5,1073844
2016-04-07,1064.0,1064.75,1047.05,1055.5,977923
2016-04-08,1055.0,1063.35,1054.25,1059.35,740699
2016-04-11,1060.3,1074.1,1042.85,1070.95,1012405
2016-04-12,1069.6,1071.0,1059.25,1063.0,1235370
2016-04-13,1072.0,1084.95,1069.5,1081.75,1243651
2016-04-18,1083.5,1092.0,1071.6,1087.8,1029267
2016-04-20,1091.9,1100.0,1083.55,1097.85,955338
2016-04-21,1095.0,1105.15,1089.0,1091.15,2047932
2016-04-22,1089.5,1100.85,1085.2,1092.15,1952330
2016-04-25,1100.0,1100.0,1084.5,1093.25,1390490
2016-04-26,1095.0,1115.0,1092.5,1113.85,1763449
2016-04-27,1109.85,1125.0,1109.0,1124.2,1440909
2016-04-28,1124.2,1136.7,1110.35,1113.95,2022396
2016-04-29,1113.8,1136.0,1106.2,1132.35,1402985
2016-05-02,1127.75,1130.0,1116.0,1117.65,965679
2016-05-03,1121.9,1135.0,1113.15,1118.0,1173824
2016-05-04,1117.5,1134.5,1114.25,1127.35,1323082
2016-05-05,1128.0,1134.75,1122.7,1132.3,1303562
2016-05-06,1132.0,1132.25,1117.25,1119.65,683288
2016-05-09,1120.0,1144.95,1119.0,1141.4,1738295
2016-05-10,1143.5,1147.5,1136.1,1144.9,1363250
2016-05-11,1134.7,1145.0,1129.7,1138.8,1536843
2016-05-12,1144.0,1152.0,1132.5,1149.1,1055422
2016-05-13,1148.0,1148.0,1130.0,1140.9,1261329
2016-05-16,1145.0,1165.9,1132.55,1162.8,1129692
2016-05-17,1165.05,1169.25,1151.3,1153.45,1073856
2016-05-18,1151.0,1151.0,1131.5,1140.65,1040661
2016-05-19,1140.1,1142.7,1132.0,1139.3,963949
2016-05-20,1139.95,1148.5,1133.6,1140.9,504158
2016-05-23,1141.95,1149.95,1133.2,1136.75,865883
2016-05-24,1138.4,1143.65,1135.55,1139.95,814867
2016-05-25,1146.3,1175.95,1146.3,1173.3,1441837
2016-05-26,1176.1,1188.9,1166.25,1183.25,3426390
2016-05-27,1183.25,1190.0,1176.7,1186.8,1443796
2016-05-30,1187.0,1195.0,1178.1,1179.75,953633
2016-05-31,1185.9,1185.9,1177.4,1181.9,1378910
2016-06-01,1182.95,1182.95,1171.0,1175.15,1418908
2016-06-02,1174.7,1180.6,1171.0,1174.95,1977654
2016-06-03,1180.1,1185.0,1169.05,1171.75,1131105
2016-06-06,1176.0,1182.4,1170.05,1171.1,1386827
2016-06-07,1176.95,1180.0,1167.65,1173.7,1407126
2016-06-08,1175.8,1178.0,1161.0,1162.6,1185703
2016-06-09,1162.5,1164.2,1152.5,1159.4,1162046
2016-06-10,1158.4,1172.7,1156.2,1161.35,1580578
2016-06-13,1154.75,1164.95,1151.05,1152.9,830809
2016-06-14,1155.0,1157.0,1144.25,1151.85,957192
2016-06-15,1155.0,1170.9,1153.2,1169.55,761456
2016-06-16,1166.55,1168.85,1155.35,1162.15,1181942
2016-06-17,1167.0,1178.0,1165.55,1170.0,940413
2016-06-20,1159.0,1179.25,1158.8,1172.05,685691
2016-06-21,1175.0,1175.45,1161.2,1166.65,667742
2016-06-22,1166.0,1175.0,1166.0,1171.5,950960
2016-06-23,1169.8,1191.85,1167.5,1190.1,981683
2016-06-24,1159.85,1171.9,1147.0,1161.9,2793491
2016-06-27,1162.0,1169.0,1153.05,1159.95,1040947
2016-06-28,1161.25,1173.1,1150.0,1166.95,1008745
2016-06-29,1165.0,1169.5,1159.7,1168.3,1355167
2016-06-30,1171.0,1180.0,1162.15,1176.45,4069723
2016-07-01,1180.0,1185.0,1171.8,1174.5,1076219
2016-07-04,1178.2,1179.5,1171.4,1172.8,1812463
2016-07-05,1172.8,1174.3,1162.0,1165.6,534082
2016-07-07,1167.9,1188.75,1160.9,1185.65,1208154
2016-07-08,1185.1,1185.6,1171.25,1174.85,779717
2016-07-11,1186.0,1201.9,1181.05,1199.75,1275633
2016-07-12,1209.9,1209.9,1195.55,1202.15,1761508
2016-07-13,1199.8,1201.95,1193.3,1197.75,1671768
2016-07-14,1201.0,1202.15,1192.2,1200.35,864917
2016-07-15,1203.8,1226.0,1195.1,1223.7,1443554
2016-07-18,1225.0,1238.5,1222.65,1227.45,1109621
2016-07-19,1229.0,1230.75,1213.85,1218.35,646501
2016-07-20,1223.0,1238.5,1221.75,1232.2,1172583
2016-07-21,1230.7,1239.9,1222.5,1228.6,2278226
2016-07-22,1233.35,1234.65,1221.5,1230.8,1405068
2016-07-25,1233.0,1249.45,1227.0,1246.95,2468221
2016-07-26,1242.4,1245.65,1235.15,1238.8,1416498
2016-07-27,1241.0,1247.55,1230.0,1236.95,2683684
2016-07-28,1238.0,1251.25,1235.55,1248.45,2661632
2016-07-29,1248.0,1250.0,1235.0,1246.2,848919
2016-08-01,1249.0,1258.95,1227.65,1242.3,1390216
2016-08-02,1247.0,1256.45,1240.4,1243.3,1332349
2016-08-03,1241.1,1249.95,1231.0,1240.45,1183469
2016-08-04,1246.6,1246.7,1233.6,1241.0,1165720
2016-08-05,1247.4,1255.65,1241.75,1249.25,1446228
2016-08-08,1252.9,1255.0,1244.55,1249.6,1182194
2016-08-09,1252.9,1252.9,1237.7,1247.2,1052714
2016-08-10,1245.0,1250.95,1219.75,1226.9,904930
2016-08-11,1226.8,1235.0,1222.0,1228.25,714018
2016-08-12,1231.05,1235.0,1219.4,1228.7,1160374
2016-08-16,1233.0,1238.45,1213.8,1227.3,867142
2016-08-17,1233.4,1237.5,1226.0,1234.9,1377759
2016-08-18,1238.0,1254.9,1234.55,1252.5,1527914
2016-08-19,1250.0,1250.0,1241.45,1247.1,1027659
2016-08-22,1245.05,1254.45,1241.0,1250.3,1375323
2016-08-23,1251.0,1254.0,1246.05,1251.45,1328631
2016-08-24,1252.05,1264.2,1247.05,1261.8,1392734
2016-08-25,1264.0,1266.8,1254.3,1258.55,2182472
2016-08-26,1260.0,1261.9,1253.9,1257.1,630284
2016-08-29,1255.5,1255.5,1236.2,1238.1,736046
2016-08-30,1245.1,1270.5,1243.95,1268.65,2466902
2016-08-31,1269.0,1295.0,1265.5,1291.2,2790341
2016-09-01,1288.0,1290.0,1275.4,1283.7,1306169
2016-09-02,1285.5,1289.0,1281.15,1285.1,988797
2016-09-06,1290.05,1303.9,1290.05,1300.4,1377221
2016-09-07,1301.0,1305.0,1283.1,1286.75,1004111
2016-09-08,1290.0,1295.25,1283.6,1289.4,726345
2016-09-09,1290.0,1294.5,1278.3,1290.4,1003442
2016-09-12,1274.7,1284.4,1271.5,1279.9,996432
2016-09-14,1275.0,1277.0,1265.4,1269.45,962377
2016-09-15,1272.0,1283.9,1269.85,1279.6,875453
2016-09-16,1283.8,1304.5,1283.8,1297.85,1631454
2016-09-19,1297.0,1302.5,1288.0,1290.15,1473708
2016-09-20,1292.65,1295.0,1284.05,1288.45,944562
2016-09-21,1292.0,1298.0,1287.9,1293.0,1064100
2016-09-22,1305.0,1316.95,1300.55,1306.9,1638950
2016-09-23,1306.05,1318.45,1301.5,1312.7,1219202
2016-09-26,1306.1,1308.9,1293.7,1296.15,1394193
2016-09-27,1299.0,1306.15,1294.85,1298.05,1014203
2016-09-28,1299.9,1300.0,1289.0,1295.25,1247413
2016-09-29,1297.95,1306.0,1267.95,1277.5,4112503
2016-09-30,1277.1,1281.0,1267.4,1272.85,1034607
2016-10-03,1281.0,1289.9,1276.4,1287.2,975137
2016-10-04,1288.6,1295.0,1282.3,1289.55,693878
2016-10-05,1298.0,1300.05,1276.4,1286.1,911755
2016-10-06,1287.1,1295.6,1279.05,1281.95,723928
2016-10-07,1284.0,1287.75,1276.25,1280.6,834366
2016-10-10,1285.0,1287.9,1278.75,1284.35,1179828
2016-10-13,1279.0,1279.0,1256.45,1262.75,1129839
2016-10-14,1265.75,1268.0,1254.0,1261.8,1016779
2016-10-17,1265.5,1266.4,1232.75,1237.7,1283840
2016-10-18,1243.2,1260.0,1239.0,1257.85,652742
2016-10-19,1261.1,1263.0,1248.0,1258.35,761226
2016-10-20,1260.25,1267.45,1251.0,1255.5,800089
2016-10-21,1256.0,1272.95,1250.0,1270.7,989102
2016-10-24,1271.75,1276.85,1261.05,1263.55,813916
2016-10-25,1268.0,1268.0,1244.05,1250.3,1375449
2016-10-26,1243.35,1265.0,1235.05,1239.3,1341635
2016-10-27,1239.0,1257.0,1224.15,1252.1,2905965
2016-10-28,1254.5,1261.9,1240.1,1259.05,1330134
2016-11-01,1256.0,1263.85,1247.05,1259.8,850604
2016-11-02,1251.1,1255.7,1241.5,1246.15,1618608
2016-11-03,1245.0,1260.0,1231.75,1254.95,1578953
2016-11-04,1252.8,1252.8,1241.75,1243.7,1433730
2016-11-07,1252.0,1254.85,1240.0,1249.45,1417848
2016-11-08,1251.1,1258.0,1240.1,1254.3,1337041
2016-11-09,1200.0,1257.4,1195.35,1251.25,3411367
2016-11-10,1263.75,1283.0,1254.1,1278.55,2675184
2016-11-11,1274.0,1282.0,1265.6,1275.8,1784830
2016-11-15,1277.5,1289.0,1250.65,1254.75,3128131
2016-11-16,1268.0,1268.0,1240.05,1244.35,2161936
2016-11-17,1238.3,1248.9,1225.15,1230.2,1203906
2016-11-18,1236.0,1236.0,1209.2,1211.4,1719975
2016-11-21,1219.5,1219.5,1188.35,1198.7,1388130
2016-11-22,1206.8,1206.8,1189.35,1198.05,2504446
2016-11-23,1203.0,1203.0,1181.1,1184.75,883173
2016-11-24,1184.0,1186.3,1160.9,1165.5,3821499
2016-11-25,1169.0,1193.2,1158.0,1189.3,1492490
2016-11-28,1180.25,1198.9,1178.1,1184.45,1032545
2016-11-29,1184.7,1192.95,1176.5,1178.75,983161
2016-11-30,1185.0,1202.0,1181.1,1199.6,1610710
2016-12-01,1202.3,1207.9,1193.0,1197.25,1119246
2016-12-02,1189.0,1201.95,1176.7,1189.1,1015668
2016-12-05,1187.6,1198.95,1176.5,1196.35,1137984
2016-12-06,1195.0,1202.85,1190.2,1194.45,675741
2016-12-07,1201.85,1205.9,1167.0,1181.6,1407048
2016-12-08,1187.0,1205.55,1187.0,1199.5,1077424
2016-12-09,1199.1,1202.3,1188.0,1198.3,1096988
2016-12-12,1192.0,1192.15,1181.1,1184.45,856318
2016-12-13,1180.25,1190.35,1178.55,1186.25,631717
2016-12-14,1187.0,1188.0,1173.4,1175.7,1078536
2016-12-15,1164.2,1194.5,1163.6,1176.6,1235372
2016-12-16,1176.6,1185.0,1171.55,1182.3,813957
2016-12-19,1176.8,1179.5,1170.5,1176.75,790109
2016-12-20,1176.0,1185.0,1171.7,1181.9,1047498
2016-12-21,1184.0,1185.0,1175.0,1180.0,664719
2016-12-22,1176.4,1179.5,1168.4,1173.1,701429
2016-12-23,1171.0,1189.25,1169.3,1186.25,1188129
2016-12-26,1178.55,1186.1,1170.1,1175.0,1045966
2016-12-27,1179.3,1186.9,1173.9,1185.2,1224824
2016-12-28,1189.9,1194.95,1181.0,1186.75,1626960
2016-12-29,1185.0,1207.95,1181.45,1205.2,2025204
2016-12-30,1200.0,1212.0,1199.95,1206.2,1016635
2017-01-02,1209.45,1210.1,1192.05,1197.1,927164
2017-01-03,1200.8,1201.95,1185.75,1189.9,961875
2017-01-04,1189.85,1192.0,1183.8,1185.5,1741780
2017-01-05,1189.0,1194.5,1183.1,1186.2,1694096
2017-01-06,1190.1,1198.4,1188.2,1193.65,1381315
2017-01-09,1198.85,1204.15,1192.15,1195.2,1143449
2017-01-10,1196.2,1216.8,1195.3,1214.35,1386529
2017-01-11,1217.5,1238.1,1215.5,1234.0,2335851
2017-01-12,1235.0,1243.7,1225.5,1235.0,729079
2017-01-13,1239.0,1239.7,1228.6,1232.5,962603
2017-01-16,1233.5,1249.45,1232.8,1247.65,941466
2017-01-17,1247.0,1252.4,1236.25,1238.5,889903
2017-01-18,1240.9,1256.0,1240.85,1242.6,1153222
2017-01-19,1244.9,1244.9,1235.0,1236.3,878103
2017-01-20,1236.0,1245.0,1230.0,1236.35,3485517
2017-01-23,1236.0,1250.0,1235.8,1244.65,1198462
2017-01-24,1250.0,1271.5,1249.25,1267.55,2565466
2017-01-25,1272.6,1295.6,1270.1,1290.6,3909246
2017-01-27,1299.0,1300.0,1288.0,1291.9,1713059
2017-01-30,1292.95,1292.95,1280.55,1284.95,1329907
2017-01-31,1282.4,1292.7,1277.0,1286.65,1525260
2017-02-01,1286.2,1310.0,1280.5,1305.7,2727666
2017-02-02,1305.7,1305.7,1292.6,1298.7,1492909
2017-02-03,1299.0,1316.0,1296.5,1311.05,2001276
2017-02-06,1312.3,1320.0,1311.45,1314.1,1077555
2017-02-07,1316.0,1318.0,1302.95,1307.15,852980
2017-02-08,1307.55,1318.7,1298.15,1305.65,1235240
2017-02-09,1309.4,1319.9,1292.55,1297.65,1116344
2017-02-10,1298.35,1308.75,1298.0,1303.6,824184
2017-02-13,1307.55,1315.0,1299.2,1310.2,698948
2017-02-14,1314.0,1314.0,1304.0,1311.1,611515
2017-02-15,1312.0,1324.0,1307.45,1322.2,1531735
2017-02-16,1323.0,1333.0,1320.25,1327.9,1260925
2017-02-17,1445.0,1454.0,1360.45,1377.05,100564990
2017-02-20,1361.2,1415.45,1359.15,1409.1,2641679
2017-02-21,1406.05,1421.8,1397.4,1415.55,1565007
2017-02-22,1415.0,1418.8,1394.85,1399.15,1324194
2017-02-23,1403.8,1421.35,1387.05,1394.3,8623745
2017-02-27,1390.9,1398.35,1378.6,1393.6,1170344
2017-02-28,1392.9,1396.25,1384.5,1390.1,732002
2017-03-01,1396.45,1396.5,1386.4,1391.65,870434
2017-03-02,1394.55,1396.0,1376.25,1380.1,1150497
2017-03-03,1384.5,1384.5,1369.0,1377.0,623206
2017-03-06,1376.8,1389.9,1373.1,1380.75,919781
2017-03-07,1382.25,1387.5,1376.2,1386.2,778219
2017-03-08,1387.9,1399.2,1381.05,1392.2,945536
2017-03-09,1381.65,1398.7,1381.65,1394.2,877329
2017-03-10,1395.0,1408.0,1393.15,1400.1,1465176
2017-03-14,1422.1,1424.15,1406.65,1410.7,1788755
2017-03-15,1410.95,1420.0,1410.55,1416.6,1067965
2017-03-16,1418.1,1422.85,1413.65,1417.35,1245027
2017-03-17,1418.55,1427.5,1412.85,1425.85,847616
2017-03-20,1426.65,1439.85,1425.95,1436.1,2035586
2017-03-21,1434.0,1445.0,1434.0,1440.95,1389320
2017-03-22,1427.7,1437.0,1425.8,1430.9,1409136
2017-03-23,1434.4,1435.0,1422.9,1430.9,1230618
2017-03-24,1433.0,1434.45,1422.0,1424.35,952591
2017-03-27,1424.0,1424.0,1404.05,1409.85,1466021
2017-03-28,1418.3,1424.7,1413.1,1420.2,2015350
2017-03-29,1420.8,1434.8,1420.0,1428.6,2143943
2017-03-30,1428.0,1479.95,1425.05,1466.2,8580273
2017-03-31,1453.8,1454.0,1436.55,1442.55,2412848
2017-04-03,1446.0,1450.1,1426.0,1433.2,1037263
2017-04-05,1435.25,1446.5,1427.55,1432.35,1436020
2017-04-06,1431.5,1443.0,1425.05,1438.5,1531104
2017-04-07,1431.05,1445.0,1428.6,1438.85,1162090
2017-04-10,1443.0,1443.0,1432.65,1434.15,848469
2017-04-11,1434.0,1441.2,1431.5,1439.5,1089065
2017-04-12,1439.0,1449.95,1435.5,1443.7,891273
2017-04-13,1443.0,1448.9,1437.05,1440.3,1201059
2017-04-17,1440.3,1443.8,1428.25,1436.8,1784264
2017-04-18,1440.0,1455.0,1438.0,1447.3,909715
2017-04-19,1447.0,1456.75,1438.0,1449.0,1084536
2017-04-20,1453.0,1466.05,1452.95,1462.15,1445343
2017-04-21,1466.0,1499.0,1453.3,1496.6,4314508
2017-04-24,1498.1,1539.0,1497.0,1533.05,5051738
2017-04-25,1535.05,1545.5,1529.6,1537.05,2264445
2017-04-26,1542.95,1553.0,1468.45,1550.65,1948963
2017-04-27,1546.1,1573.95,1546.1,1568.6,4045105
2017-04-28,1559.9,1559.9,1537.1,1546.5,1359432
2017-05-02,1547.0,1550.9,1530.35,1540.6,1001760
2017-05-03,1554.25,1554.25,1539.35,1544.3,626991
2017-05-04,1539.25,1542.9,1522.6,1534.8,1282757
2017-05-05,1542.1,1542.9,1526.3,1532.2,689474
2017-05-08,1538.0,1540.0,1528.55,1534.8,936813
2017-05-09,1534.8,1545.6,1532.65,1535.75,836459
2017-05-10,1540.0,1555.0,1537.05,1551.8,585561
2017-05-11,1551.0,1560.0,1541.0,1546.4,968936
2017-05-12,1545.9,1556.9,1536.2,1551.65,1536901
2017-05-15,1550.0,1557.2,1542.25,1553.4,701195
2017-05-16,1555.0,1562.0,1548.25,1559.65,897594
2017-05-17,1558.8,1565.4,1551.5,1557.15,868118
2017-05-18,1549.0,1561.5,1548.1,1557.1,776820
2017-05-19,1559.5,1569.9,1545.25,1561.25,713534
2017-05-22,1565.1,1580.0,1563.1,1576.0,715013
2017-05-23,1580.0,1583.55,1565.0,1569.1,770043
2017-05-24,1569.05,1575.45,1562.0,1566.75,866847
2017-05-25,1567.1,1629.4,1567.1,1617.15,5022701
2017-05-26,1606.65,1632.0,1601.1,1626.0,1360789
2017-05-29,1619.8,1648.0,1617.65,1631.9,1479085
2017-05-30,1630.0,1633.5,1616.15,1629.05,1108546
2017-05-31,1625.0,1643.0,1623.15,1636.2,1329728
2017-06-01,1639.0,1639.85,1620.55,1628.6,839885
2017-06-02,1634.0,1646.1,1626.2,1634.25,803386
2017-06-05,1633.7,1638.95,1625.0,1635.55,724975
2017-06-06,1635.0,1643.8,1630.0,1638.95,1250658
2017-06-07,1640.4,1644.9,1630.35,1640.8,638569
2017-06-08,1643.9,1659.4,1641.65,1644.75,1062192
2017-06-09,1640.1,1670.0,1640.1,1666.8,1326318
2017-06-12,1664.0,1676.0,1660.0,1668.75,992853
2017-06-13,1661.75,1691.9,1661.0,1676.7,1262905
2017-06-14,1675.0,1679.95,1667.0,1671.2,964590
2017-06-15,1668.0,1675.6,1653.6,1664.35,881673
2017-06-16,1665.0,1674.7,1658.1,1669.25,938776
2017-06-19,1671.0,1696.0,1668.4,1692.9,956383
2017-06-20,1690.0,1694.0,1679.85,1686.55,915066
2017-06-21,1682.6,1701.25,1679.6,1698.7,852733
2017-06-22,1694.95,1716.0,1691.2,1698.0,1668865
2017-06-23,1702.0,1702.75,1675.2,1678.65,1304367
2017-06-27,1689.0,1695.0,1656.25,1667.65,1500108
2017-06-28,1665.0,1675.0,1657.8,1666.45,1112259
2017-06-29,1667.0,1681.9,1651.1,1663.05,2296927
2017-06-30,1653.8,1660.0,1643.0,1652.05,1082608
2017-07-03,1652.6,1667.5,1647.25,1658.6,876083
2017-07-04,1660.25,1666.7,1652.0,1653.35,941520
2017-07-05,1653.1,1659.5,1645.0,1648.75,1003550
2017-07-06,1652.55,1663.0,1651.35,1658.15,1142919
2017-07-07,1660.85,1669.6,1658.0,1667.2,1379349
2017-07-10,1670.7,1748.0,1661.05,1676.35,334769
2017-07-11,1677.55,1690.8,1667.1,1680.4,1102570
2017-07-12,1680.0,1685.0,1658.55,1681.25,1434723
2017-07-13,1688.0,1693.3,1679.65,1683.55,1120251
2017-07-14,1683.9,1686.05,1672.0,1679.95,610813
2017-07-17,1682.55,1687.65,1677.0,1682.35,599835
2017-07-18,1679.7,1687.85,1677.35,1683.55,580547
2017-07-19,1685.0,1696.2,1681.85,1692.3,996811
2017-07-20,1693.9,1715.0,1688.15,1710.9,924619
2017-07-21,1714.1,1715.25,1700.0,1703.05,968377
2017-07-24,1710.0,1740.0,1695.0,1735.1,4919544
2017-07-25,1759.0,1759.0,1733.05,1739.65,2790117
2017-07-26,1742.0,1755.0,1732.5,1747.55,973836
2017-07-27,1756.0,1798.8,1751.55,1789.65,4490428
2017-07-28,1772.0,1786.5,1761.1,1778.5,2313849
2017-07-31,1777.55,1791.0,1766.55,1784.4,1842285
2017-08-01,1781.85,1809.15,1772.2,1797.2,2129215
2017-08-02,1807.0,1807.0,1782.05,1791.65,1849479
2017-08-03,1788.0,1792.0,1774.4,1779.95,1064196
2017-08-04,1777.0,1796.75,1766.15,1790.25,886267
2017-08-07,1786.0,1796.45,1785.0,1788.55,479665
2017-08-08,1792.1,1797.25,1766.1,1777.9,1008843
2017-08-09,1771.0,1777.05,1758.35,1764.45,817514
2017-08-10,1760.0,1766.0,1752.85,1760.45,1947111
2017-08-11,1745.0,1758.0,1731.15,1749.05,1589959
2017-08-14,1753.0,1774.95,1748.0,1757.2,894271
2017-08-16,1762.35,1789.8,1748.55,1781.25,1106708
2017-08-17,1776.25,1780.95,1753.75,1765.4,1363717
2017-08-18,1760.0,1761.0,1743.0,1752.15,926866
2017-08-21,1754.0,1759.0,1738.2,1743.2,1002431
2017-08-22,1751.3,1754.0,1736.8,1747.0,1652389
2017-08-23,1750.0,1777.95,1750.0,1772.45,840131
2017-08-24,1774.9,1774.95,1759.15,1762.5,1969569
2017-08-28,1762.4,1771.15,1758.35,1762.25,376946
2017-08-29,1759.0,1759.0,1738.0,1746.15,1229649
2017-08-30,1751.95,1770.0,1750.05,1768.55,673580
2017-08-31,1772.0,1779.85,1756.4,1776.45,1825859
2017-09-01,1781.0,1781.45,1761.1,1767.6,573793
2017-09-04,1765.0,1765.0,1746.1,1750.9,910631
2017-09-05,1757.0,1764.9,1751.0,1755.35,920609
2017-09-06,1743.75,1762.8,1738.0,1759.9,1437908
2017-09-07,1760.1,1776.75,1760.1,1766.55,1736605
2017-09-08,1773.4,1790.0,1771.0,1787.65,2077916
2017-09-11,1793.0,1829.0,1790.2,1823.35,2869419
2017-09-12,1827.7,1839.9,1818.3,1835.2,1671920
2017-09-13,1835.0,1849.0,1824.0,1841.85,1248844
2017-09-14,1840.15,1852.5,1831.5,1839.4,2038504
2017-09-15,1836.0,1851.8,1833.45,1848.95,941833
2017-09-18,1853.55,1864.45,1852.5,1860.45,1021232
2017-09-19,1864.9,1868.0,1847.55,1849.7,1060367
2017-09-20,1848.0,1861.45,1845.25,1848.85,861532
2017-09-21,1848.0,1848.5,1830.7,1839.1,1928124
2017-09-22,1834.8,1838.95,1820.0,1824.1,2060881
2017-09-25,1822.45,1822.45,1792.6,1799.75,2537307
2017-09-26,1789.05,1796.6,1785.0,1792.3,2859683
2017-09-27,1796.0,1805.6,1770.0,1776.5,1834305
2017-09-28,1774.0,1799.0,1763.3,1795.3,6911616
2017-09-29,1800.1,1822.0,1796.25,1805.7,1553408
2017-10-03,1808.0,1821.0,1797.1,1808.85,1098606
2017-10-04,1807.9,1811.9,1793.35,1797.0,1656276
2017-10-05,1795.0,1805.0,1793.1,1798.6,834049
2017-10-06,1798.0,1804.45,1794.0,1800.1,757665
2017-10-09,1798.8,1803.0,1790.5,1795.5,765623
2017-10-10,1799.0,1814.95,1792.65,1802.7,949545
2017-10-11,1803.25,1815.25,1787.6,1790.15,1316860
2017-10-12,1795.1,1821.45,1788.0,1818.8,1345390
2017-10-13,1826.7,1856.55,1822.0,1850.8,1608366
2017-10-16,1860.0,1873.25,1842.0,1857.15,818636
2017-10-17,1850.0,1853.7,1839.1,1851.25,653322
2017-10-18,1841.0,1875.0,1839.0,1868.5,981680
2017-10-19,1861.8,1865.0,1840.65,1848.4,142502
2017-10-23,1859.9,1869.7,1836.05,1863.3,1040723
2017-10-24,1863.0,1879.6,1853.0,1867.1,2832218
2017-10-25,1860.0,1863.0,1785.0,1795.1,5341802
2017-10-26,1768.0,1810.0,1757.85,1795.35,7142866
2017-10-27,1804.4,1807.5,1779.0,1791.05,1868022
2017-10-30,1798.25,1816.0,1792.4,1815.0,1355588
2017-10-31,1811.5,1811.5,1799.25,1808.5,1170615
2017-11-01,1815.1,1825.0,1812.0,1821.2,1047653
2017-11-02,1823.0,1829.8,1816.95,1822.1,1184486
2017-11-03,1825.7,1840.0,1821.6,1830.7,952622
2017-11-06,1825.0,1840.0,1822.6,1828.6,1537061
2017-11-07,1838.0,1844.95,1820.75,1823.7,1861594
2017-11-08,1825.2,1833.6,1819.0,1825.95,820786
2017-11-09,1827.0,1835.0,1821.1,1827.85,778327
2017-11-10,1821.7,1834.8,1812.35,1822.0,1936090
2017-11-13,1822.0,1823.15,1795.0,1813.55,833968
2017-11-14,1815.9,1819.0,1800.0,1802.35,1178117
2017-11-15,1798.0,1803.65,1788.0,1800.25,1537092
2017-11-16,1804.0,1816.0,1795.2,1807.7,1003243
2017-11-17,1828.7,1838.3,1813.15,1825.55,1589693
2017-11-20,1829.0,1839.7,1829.0,1838.15,598106
2017-11-21,1837.45,1850.0,1836.1,1846.25,568883
2017-11-22,1849.7,1860.0,1844.55,1855.25,1415199
2017-11-23,1859.0,1860.0,1838.0,1842.85,808145
2017-11-24,1843.0,1857.8,1841.0,1851.4,1300921
2017-11-27,1849.0,1862.0,1845.6,1857.55,967618
2017-11-28,1856.0,1871.0,1855.85,1865.35,1272635
2017-11-29,1865.0,1875.5,1855.8,1873.3,818646
2017-11-30,1868.7,1873.95,1840.0,1853.7,1449078
2017-12-01,1854.9,1860.0,1844.1,1848.2,964537
2017-12-04,1854.9,1854.9,1830.1,1834.1,910483
2017-12-05,1826.0,1828.55,1807.0,1820.45,973340
2017-12-06,1819.95,1821.35,1799.0,1803.3,1598780
2017-12-07,1806.65,1816.6,1803.1,1809.65,1057826
2017-12-08,1814.0,1853.0,1814.0,1840.4,2239100
2017-12-11,1848.0,1851.75,1840.0,1846.4,799558
2017-12-12,1849.1,1849.9,1815.95,1819.9,602647
2017-12-13,1820.05,1845.0,1815.1,1821.35,726865
2017-12-14,1824.0,1840.0,1812.0,1838.05,920773
2017-12-15,1856.0,1888.0,1855.5,1873.45,3112531
2017-12-18,1855.0,1899.0,1809.3,1878.95,3074497
2017-12-19,1879.8,1893.65,1876.15,1884.5,1238028
2017-12-20,1898.9,1903.1,1863.65,1868.15,2335876
2017-12-21,1879.9,1885.0,1865.2,1868.3,1713636
2017-12-22,1879.0,1880.0,1861.75,1876.65,1117726
2017-12-26,1881.0,1882.8,1856.7,1868.35,1696424
2017-12-27,1870.1,1870.3,1851.15,1856.75,872346
2017-12-28,1858.9,1880.9,1858.0,1878.05,2175130
2017-12-29,1876.8,1879.2,1868.15,1872.4,1586468
2018-01-01,1872.7,1880.75,1850.5,1854.5,1645129
2018-01-02,1858.55,1875.0,1858.55,1872.35,1194079
2018-01-03,1875.0,1878.25,1851.2,1852.65,1132822
2018-01-04,1853.0,1865.5,1853.0,1859.9,593444
2018-01-05,1863.0,1868.05,1855.55,1863.6,717717
2018-01-08,1865.0,1870.7,1857.75,1860.6,1142577
2018-01-09,1862.0,1869.85,1855.0,1863.7,1326382
2018-01-10,1865.2,1867.9,1857.3,1864.2,1153972
2018-01-11,1864.2,1876.0,1856.25,1872.55,1014774
2018-01-12,1873.0,1878.15,1860.0,1865.3,1084177
2018-01-15,1869.95,1904.4,1859.85,1897.75,3144111
2018-01-16,1903.45,1910.0,1885.25,1900.15,1611346
2018-01-17,1897.0,1902.55,1887.0,1890.5,726374
2018-01-18,1924.0,1954.0,1918.05,1934.3,4162385
2018-01-19,1935.15,1959.9,1919.25,1952.2,2863997
2018-01-22,1960.0,1988.0,1953.15,1963.35,2212442
2018-01-23,1965.0,1966.7,1943.3,1951.3,1261949
2018-01-24,1952.55,1969.0,1950.6,1957.65,1197642
2018-01-25,1953.9,1980.0,1950.5,1974.95,2180917
2018-01-29,1978.0,2006.95,1978.0,1999.65,2058973
2018-01-30,1997.8,2001.9,1984.15,1995.5,1599390
2018-01-31,1989.4,2013.5,1987.0,2005.7,1735837
2018-02-01,2006.0,2015.0,1985.3,1991.15,1630355
2018-02-02,1986.0,1989.9,1941.5,1948.0,1836531
2018-02-05,1918.0,1935.25,1905.85,1913.85,1981696
2018-02-06,1860.0,1912.0,1836.3,1896.8,2687451
2018-02-07,1907.0,1907.0,1862.4,1872.8,2091243
2018-02-08,1884.0,1898.6,1866.5,1880.95,1292861
2018-02-09,1847.9,1864.7,1844.1,1849.5,1602238
2018-02-12,1860.0,1886.0,1855.15,1876.65,1095277
2018-02-14,1889.8,1897.9,1874.65,1883.15,894297
2018-02-15,1889.7,1894.75,1875.0,1881.9,1228806
2018-02-16,1883.9,1894.85,1875.65,1878.6,895880
2018-02-19,1882.6,1887.6,1859.05,1878.2,913638
2018-02-20,1884.75,1885.85,1858.8,1863.2,1021017
2018-02-21,1867.95,1868.55,1852.2,1857.4,688268
2018-02-22,1850.0,1860.0,1841.55,1853.2,3313399
2018-02-23,1856.9,1884.85,1850.4,1880.55,1019187
2018-02-26,1888.1,1914.8,1883.55,1911.55,1197221
2018-02-27,1914.75,1921.75,1900.0,1902.55,1196832
2018-02-28,1889.55,1895.45,1878.0,1884.2,1016591
2018-03-01,1879.3,1893.3,1868.0,1874.35,977460
2018-03-05,1874.15,1878.0,1858.25,1869.95,945366
2018-03-06,1870.0,1879.9,1839.5,1846.25,1144207
2018-03-07,1840.0,1853.4,1828.5,1832.6,1407041
2018-03-08,1839.8,1858.5,1832.0,1852.85,1379681
2018-03-09,1854.95,1865.25,1844.0,1851.05,1027027
2018-03-12,1860.2,1869.45,1853.4,1867.25,1639279
2018-03-13,1867.45,1884.75,1855.0,1860.25,1281050
2018-03-14,1856.0,1867.9,1848.0,1864.5,920098
2018-03-15,1865.2,1887.5,1865.2,1880.8,1467731
2018-03-16,1880.0,1881.1,1846.55,1853.0,1974084
2018-03-19,1853.0,1860.0,1843.15,1847.25,1959685
2018-03-20,1845.1,1855.9,1835.25,1839.5,914343
2018-03-21,1848.0,1863.2,1843.3,1858.9,1480285
2018-03-22,1858.9,1880.0,1855.1,1867.75,1668306
2018-03-23,1846.65,1853.1,1837.25,1841.55,1797538
2018-03-26,1839.9,1900.0,1833.5,1893.45,2625442
2018-03-27,1893.8,1899.0,1876.0,1892.6,1534209
2018-03-28,1882.95,1899.7,1876.05,1886.1,2209377
2018-04-02,1890.5,1935.75,1890.5,1931.2,1149092
2018-04-03,1923.95,1925.7,1911.0,1915.9,1019971
2018-04-04,1912.95,1924.95,1878.45,1883.25,928527
2018-04-05,1901.3,1914.0,1890.2,1908.9,1214723
2018-04-06,1912.2,1926.45,1905.8,1923.4,930002
2018-04-09,1918.8,1942.0,1916.4,1939.05,1000884
2018-04-10,1943.0,1943.0,1913.5,1920.85,1516809
2018-04-11,1915.9,1920.0,1905.4,1918.85,717703
2018-04-12,1916.0,1932.9,1905.9,1928.8,1178129
2018-04-13,1928.0,1940.0,1919.1,1925.0,824293
2018-04-16,1920.0,1950.0,1919.85,1942.1,711936
2018-04-17,1943.5,1951.0,1934.1,1948.5,666958
2018-04-18,1951.0,1953.5,1930.05,1932.6,678180
2018-04-19,1940.0,1944.8,1933.0,1939.0,792258
2018-04-20,1941.0,1961.0,1932.15,1955.9,2340345
2018-04-23,1979.0,1979.0,1860.3,1935.75,3826155
2018-04-24,1935.0,1948.05,1926.0,1935.0,1259354
2018-04-25,1927.9,1938.0,1912.0,1920.75,1005148
2018-04-26,1916.8,1939.2,1911.25,1930.25,1961870
2018-04-27,1933.0,1935.5,1912.5,1923.4,1444252
2018-04-30,1930.0,1954.8,1928.8,1944.3,1152388
2018-05-02,1950.0,1978.0,1946.0,1969.5,1775012
2018-05-03,1968.05,1974.9,1946.0,1967.9,1038193
2018-05-04,1970.0,1990.0,1966.3,1988.5,1720359
2018-05-07,1981.65,1987.3,1975.0,1977.4,1316032
2018-05-08,1979.25,1979.9,1954.6,1967.05,1775141
2018-05-09,1956.15,1980.5,1956.15,1978.4,1081833
2018-05-10,1988.6,1999.0,1982.0,1992.7,1792918
2018-05-11,1992.7,2017.0,1986.0,2011.75,1514267
2018-05-14,2017.2,2027.4,2012.4,2021.75,1185729
2018-05-15,2027.05,2065.0,2026.7,2037.8,2456671
2018-05-16,2030.55,2049.0,2017.15,2023.35,1710401
2018-05-17,2023.85,2044.45,2012.5,2027.75,1653869
2018-05-18,2024.7,2024.7,2003.5,2012.15,1304365
2018-05-21,2016.1,2021.0,1986.05,1993.05,1212027
2018-05-22,1998.7,2013.95,1985.5,1989.9,990093
2018-05-23,1987.8,1994.0,1963.4,1967.5,1431573
2018-05-24,1967.1,1990.25,1956.35,1986.0,1130186
2018-05-25,1990.0,2016.0,1989.9,2008.7,1189897
2018-05-28,2007.8,2052.0,2006.0,2042.2,1275985
2018-05-29,2038.0,2052.7,2028.8,2032.6,837811
2018-05-30,2019.7,2053.0,2016.3,2048.35,1216749
2018-05-31,2100.0,2160.0,2080.0,2139.45,9909798
2018-06-01,2116.0,2138.0,2101.0,2110.6,5287839
2018-06-04,2150.0,2157.0,2037.95,2046.2,22199081
2018-06-05,2050.0,2066.95,2023.0,2063.6,4276365
2018-06-06,2060.2,2064.8,2045.0,2057.35,2445500
2018-06-07,2073.2,2079.8,2053.2,2062.2,2640974
2018-06-08,2059.0,2061.25,2035.0,2049.35,1545222
2018-06-11,2051.9,2062.95,2038.8,2042.3,1772797
2018-06-12,2051.9,2052.7,2038.4,2043.85,1308564
2018-06-13,2052.0,2054.8,2024.1,2031.45,1974490
2018-06-14,2030.0,2045.0,2025.0,2037.4,4231894
2018-06-15,2026.0,2038.9,2022.3,2029.6,2720204
2018-06-18,2030.1,2038.8,2009.1,2019.15,1871851
2018-06-19,2024.95,2040.7,2019.3,2023.5,2745288
2018-06-20,2026.0,2058.0,2025.0,2056.15,2262928
2018-06-21,2060.0,2070.8,2047.05,2057.6,3377676
2018-06-22,2056.95,2088.8,2049.85,2083.35,1962245
2018-06-25,2083.05,2097.8,2073.05,2094.95,1748084
2018-06-26,2086.05,2103.0,2079.85,2093.7,2290483
2018-06-27,2093.0,2119.5,2090.0,2112.6,4781701
2018-06-28,2115.0,2140.0,2111.2,2130.85,9383385
2018-06-29,2121.7,2140.0,2105.1,2108.45,4864530
2018-07-02,2108.35,2108.4,2063.25,2073.25,2466219
2018-07-03,2073.25,2085.0,2065.6,2070.2,1715775
2018-07-04,2076.25,2108.05,2069.0,2103.55,1524498
2018-07-05,2105.0,2129.0,2092.55,2123.75,2433992
2018-07-06,2113.3,2135.55,2111.35,2115.15,2030336
2018-07-09,2121.85,2130.0,2107.75,2125.65,1545574
2018-07-10,2129.9,2149.6,2125.0,2146.4,2737684
2018-07-11,2145.05,2155.7,2134.8,2148.25,1464480
2018-07-12,2152.9,2179.85,2152.0,2165.95,2005167
2018-07-13,2168.4,2190.8,2163.1,2180.9,1790297
2018-07-16,2179.4,2190.05,2163.75,2168.85,2254334
2018-07-17,2163.25,2181.0,2163.25,2176.75,1590481
2018-07-18,2187.0,2220.0,2173.65,2176.2,4365068
2018-07-19,2183.0,2193.5,2171.0,2186.1,1326194
2018-07-20,2186.1,2202.85,2171.1,2189.05,2501741
2018-07-23,2150.0,2178.0,2138.05,2156.45,4220033
2018-07-24,2147.0,2169.0,2147.0,2159.75,1302198
2018-07-25,2164.65,2176.8,2160.0,2170.35,1759654
2018-07-26,2165.0,2203.45,2165.0,2192.6,5320273
2018-07-27,2201.95,2211.95,2184.7,2202.15,2638649
2018-07-30,2199.0,2199.0,2159.4,2169.9,1792280
2018-07-31,2160.0,2185.9,2150.05,2179.5,2215236
2018-08-01,2162.8,2175.0,2151.7,2158.7,1517890
2018-08-02,2153.5,2153.7,2121.35,2130.2,2226426
2018-08-03,2133.55,2147.05,2114.0,2121.65,3401002
2018-08-06,2121.0,2137.4,2106.1,2114.3,1436158
2018-08-07,2125.0,2134.5,2108.0,2130.9,1857114
2018-08-08,2135.85,2151.8,2133.05,2136.35,2486345
2018-08-09,2142.0,2142.0,2094.65,2118.5,2236102
2018-08-10,2123.5,2123.8,2098.0,2114.45,1360735
2018-08-13,2084.0,2103.95,2080.0,2091.65,2513563
2018-08-14,2098.0,2105.0,2087.2,2089.1,1233991
2018-08-16,2083.0,2086.7,2066.4,2075.7,2656290
2018-08-17,2082.9,2093.05,2071.65,2077.35,1516332
2018-08-20,2075.0,2107.6,2075.0,2096.2,1952784
2018-08-21,2098.0,2112.0,2092.65,2096.05,1944080
2018-08-23,2105.0,2107.0,2076.85,2079.9,3143638
2018-08-24,2071.0,2093.6,2066.05,2069.85,2428657
2018-08-27,2077.0,2088.5,2070.25,2080.45,3143697
2018-08-28,2088.0,2098.25,2078.8,2094.85,2493383
2018-08-29,2092.15,2094.05,2072.75,2078.5,2468423
2018-08-30,2083.6,2087.9,2061.85,2066.1,5456865
2018-08-31,2069.2,2078.75,2058.25,2061.2,3942875
2018-09-03,2069.4,2078.95,2063.5,2075.05,1915402
2018-09-04,2076.9,2077.95,2049.0,2051.8,1782634
2018-09-05,2053.8,2060.2,2035.55,2045.85,1410377
2018-09-06,2049.0,2059.0,2032.6,2052.2,2600603
2018-09-07,2051.0,2060.0,2040.75,2056.95,1479825
2018-09-11,2046.3,2048.0,1994.15,2000.4,4546634
2018-09-14,2019.85,2037.4,2018.95,2029.6,2583668
2018-09-17,2021.3,2022.95,1988.0,1992.2,2334555
2018-09-18,1994.9,2009.85,1980.95,1989.2,2331434
2018-09-19,1994.85,1998.0,1956.5,1961.35,4178066
2018-09-21,1973.9,1999.85,1910.2,1970.25,5652537
2018-09-24,1967.25,1972.2,1915.0,1925.7,3347698
2018-09-25,1925.7,1962.0,1915.0,1952.4,4170638
2018-09-26,1962.95,1978.0,1955.3,1968.2,3681681
2018-09-27,1969.4,1986.0,1955.15,1976.15,4588052
2018-09-28,1980.65,2015.45,1977.15,2006.05,3615179
2018-10-01,2009.8,2042.0,1997.8,2035.45,3112397
2018-10-03,2030.45,2052.2,2007.0,2031.15,3833037
2018-10-04,2008.0,2017.8,1943.0,1957.75,4492646
2018-10-05,1953.95,1990.0,1940.15,1965.3,3932295
2018-10-08,1965.0,1969.0,1930.0,1945.0,5032005
2018-10-09,1944.4,1965.0,1930.0,1940.6,3114841
2018-10-10,1945.0,1982.25,1935.5,1967.15,3984983
2018-10-11,1925.0,1948.3,1917.6,1937.55,3589976
2018-10-12,1945.0,1997.1,1942.0,1981.85,2400080
2018-10-15,1990.0,2010.8,1970.3,2008.05,3146492
2018-10-16,2003.0,2018.2,1987.5,1992.75,2351501
2018-10-17,2006.1,2013.0,1963.5,1974.6,1985199
2018-10-19,1958.9,1980.85,1958.0,1967.75,2466837
2018-10-22,2014.0,2020.0,1988.6,1998.9,5082790
2018-10-23,1973.0,1998.9,1973.0,1984.85,4857141
2018-10-24,2004.0,2008.8,1972.6,1992.25,4518084
2018-10-25,1973.6,2003.6,1962.45,1968.8,7461764
2018-10-26,1968.8,1977.2,1949.0,1961.2,3788928
2018-10-29,1964.1,1964.95,1895.2,1926.3,4261070
2018-10-30,1925.0,1932.0,1899.3,1912.75,3457176
2018-10-31,1902.05,1917.9,1885.0,1911.75,5862351
2018-11-01,1930.0,1930.0,1896.0,1912.2,4907263
2018-11-02,1926.0,1960.0,1912.0,1949.45,7523217
2018-11-05,1949.9,1959.65,1938.0,1956.0,1426324
2018-11-06,1955.0,1976.0,1942.95,1946.55,2121397
2018-11-07,1961.0,1964.95,1950.0,1957.95,239690
2018-11-09,1958.2,1959.9,1936.3,1945.4,2525405
2018-11-12,1951.5,1962.0,1917.15,1921.05,1976941
2018-11-13,1919.0,1937.7,1908.2,1927.75,3337605
2018-11-14,1938.55,1960.0,1936.6,1957.75,6527659
2018-11-15,1961.9,1977.3,1931.2,1975.15,2598131
2018-11-16,1981.0,2013.0,1980.0,2004.3,3953304
2018-11-19,2011.0,2021.0,2001.9,2013.9,3071607
2018-11-20,2013.0,2019.6,1999.05,2012.45,1426292
2018-11-21,2012.75,2023.95,2004.0,2018.75,1636401
2018-11-22,2013.25,2035.0,2000.15,2005.5,3243638
2018-11-26,2013.9,2052.0,2012.05,2049.8,4546109
2018-11-27,2041.05,2067.9,2040.75,2064.0,3223860
2018-11-28,2065.0,2098.6,2060.1,2089.25,3255277
2018-11-29,2101.0,2137.4,2094.0,2131.05,7977159
2018-11-30,2130.0,2137.55,2110.0,2128.45,3260231
2018-12-03,2131.0,2142.0,2106.9,2113.3,2699964
2018-12-04,2105.4,2111.0,2078.6,2085.55,2039355
2018-12-05,2078.0,2105.3,2075.95,2099.2,2949711
2018-12-06,2089.7,2101.65,2085.0,2097.05,2932563
2018-12-07,2106.7,2118.0,2080.3,2107.6,2475980
2018-12-10,2065.9,2104.8,2065.9,2088.75,2728764
2018-12-11,2056.0,2071.3,2032.0,2059.55,4726445
2018-12-12,2066.95,2089.8,2060.1,2085.3,2842622
2018-12-13,2095.0,2125.0,2091.3,2101.3,1766059
2018-12-14,2104.9,2118.0,2088.05,2095.7,1539571
2018-12-17,2104.0,2132.6,2099.0,2130.2,2109331
2018-12-18,2124.0,2139.0,2102.6,2135.45,1853492
2018-12-19,2133.1,2159.4,2113.55,2123.45,2252474
2018-12-20,2112.55,2140.45,2102.65,2137.45,1995119
2018-12-21,2134.0,2149.1,2109.05,2111.15,2555077
2018-12-24,2104.0,2104.0,2077.35,2080.65,1400372
2018-12-26,2077.0,2127.0,2069.0,2122.35,1900479
2018-12-27,2133.0,2138.2,2098.45,2105.05,2909967
2018-12-28,2117.35,2137.75,2115.5,2122.9,2353903
2018-12-31,2137.0,2137.0,2116.7,2121.7,1466632
2019-01-01,2127.65,2151.0,2105.6,2148.1,1593360
2019-01-02,2142.8,2147.5,2119.7,2128.5,2033558
2019-01-03,2124.2,2128.25,2103.0,2111.8,3192916
2019-01-04,2115.25,2128.5,2110.35,2117.45,1821780
2019-01-07,2127.7,2135.35,2118.0,2120.65,1346753
2019-01-08,2122.0,2123.5,2096.65,2103.0,2085865
2019-01-09,2118.0,2121.35,2102.6,2116.8,2142157
2019-01-10,2117.0,2123.8,2092.65,2108.5,1922885
2019-01-11,2113.8,2124.0,2108.0,2111.9,1602010
2019-01-14,2109.9,2109.9,2098.45,2101.65,1213790
2019-01-15,2105.05,2126.5,2102.0,2121.9,1271889
2019-01-16,2120.05,2125.0,2108.25,2120.2,1313113
2019-01-17,2125.25,2135.9,2113.35,2132.3,2060057
2019-01-18,2135.0,2139.0,2114.55,2130.25,1301994
2019-01-21,2139.95,2166.5,2126.5,2148.15,4390378
2019-01-22,2146.0,2146.8,2129.05,2135.85,2199244
2019-01-23,2134.0,2135.85,2101.45,2105.4,1906072
2019-01-24,2110.0,2121.65,2097.9,2102.25,2527893
2019-01-25,2093.0,2110.0,2090.0,2096.0,2815559
2019-01-28,2090.0,2102.05,2076.75,2084.15,3840109
2019-01-29,2078.25,2083.0,2053.0,2057.6,3690697
2019-01-30,2057.25,2057.25,2028.0,2034.7,4628540
2019-01-31,2031.0,2089.75,2022.0,2079.95,4144851
2019-02-01,2079.95,2117.0,2076.6,2090.45,3913547
2019-02-04,2095.0,2113.0,2082.65,2104.9,1984572
2019-02-05,2108.0,2119.0,2097.0,2114.05,2172572
2019-02-06,2116.25,2127.0,2113.6,2122.65,2718921
2019-02-07,2125.05,2130.0,2105.85,2117.25,1804327
2019-02-08,2112.0,2144.95,2106.65,2122.65,3058911
2019-02-11,2113.3,2142.9,2113.3,2139.65,1759091
2019-02-12,2138.0,2148.0,2124.8,2129.7,2443097
2019-02-13,2135.55,2155.0,2132.3,2143.45,2360187
2019-02-14,2140.0,2140.0,2105.6,2110.2,1860347
2019-02-15,2107.35,2108.1,2078.2,2100.65,2104131
2019-02-18,2106.8,2118.0,2086.0,2089.9,1784686
2019-02-19,2089.7,2108.15,2078.2,2084.05,1317159
2019-02-20,2088.5,2111.0,2081.9,2108.35,1223125
2019-02-21,2101.7,2119.95,2093.6,2115.9,1315386
2019-02-22,2119.4,2128.1,2089.1,2091.45,2222677
2019-02-25,2095.15,2129.95,2095.15,2125.4,2035149
2019-02-26,2111.25,2125.0,2101.1,2110.65,2401857
2019-02-27,2116.1,2124.45,2088.15,2092.25,1757523
2019-02-28,2093.1,2105.85,2073.2,2077.55,2911344
2019-03-01,2086.25,2100.9,2077.0,2083.35,2338232
2019-03-05,2088.9,2111.1,2070.0,2107.1,2959319
2019-03-06,2110.0,2110.3,2090.55,2104.25,2114511
2019-03-07,2109.6,2130.0,2095.0,2126.5,2551213
2019-03-08,2115.05,2130.0,2109.45,2128.2,1763365
2019-03-11,2132.0,2143.7,2122.2,2128.45,2306027
2019-03-12,2147.0,2175.0,2137.0,2171.0,3774323
2019-03-13,2175.0,2234.0,2172.1,2226.55,14291587
2019-03-14,2244.85,2247.5,2210.6,2224.75,3844966
2019-03-15,2231.0,2259.9,2228.05,2253.0,3190772
2019-03-18,2261.9,2291.65,2247.0,2261.45,3589680
2019-03-19,2269.5,2275.9,2251.0,2267.75,2989498
2019-03-20,2269.0,2300.0,2261.05,2299.0,2927998
2019-03-22,2300.0,2307.0,2270.8,2276.15,7600970
2019-03-25,2260.0,2287.85,2253.0,2281.3,2299815
2019-03-26,2275.9,2315.0,2272.6,2311.35,2946712
2019-03-27,2318.55,2328.05,2279.05,2299.45,3471325
2019-03-28,2298.8,2325.0,2287.85,2302.8,4888582
2019-03-29,2304.6,2325.0,2294.0,2318.9,2986742
2019-04-01,2325.25,2332.0,2304.6,2311.8,2411769
2019-04-02,2320.0,2320.0,2285.45,2294.85,2727624
2019-04-03,2292.1,2316.0,2288.25,2292.75,1914863
2019-04-04,2292.75,2313.0,2280.0,2283.95,2302888
2019-04-05,2287.8,2313.75,2282.0,2305.6,2087795
2019-04-08,2319.0,2322.95,2280.1,2289.4,1599533
2019-04-09,2296.6,2303.0,2267.0,2287.25,2694400
2019-04-10,2250.0,2284.0,2231.0,2237.35,27032175
2019-04-11,2244.9,2263.0,2236.95,2257.5,2198325
2019-04-12,2252.1,2272.2,2252.1,2265.25,2292611
2019-04-15,2270.0,2292.9,2264.35,2288.8,2554945
2019-04-16,2290.95,2309.9,2280.3,2305.05,2068444
2019-04-18,2313.0,2315.05,2288.0,2293.65,2653714
2019-04-22,2325.0,2325.0,2261.0,2268.7,5245105
2019-04-23,2277.55,2290.0,2241.6,2245.3,3820600
2019-04-24,2250.0,2283.9,2247.05,2279.75,3088532
2019-04-25,2286.9,2298.8,2257.95,2263.45,4521659
2019-04-26,2265.9,2285.0,2256.9,2280.95,2926892
2019-04-30,2285.0,2320.0,2278.4,2317.45,3134209
2019-05-02,2323.5,2359.65,2317.5,2355.8,4292325
2019-05-03,2364.2,2378.0,2356.5,2367.95,3087880
2019-05-06,2348.0,2351.9,2317.05,2328.45,3437023
2019-05-07,2351.9,2358.0,2318.0,2322.35,2481051
2019-05-08,2322.55,2323.8,2288.0,2307.25,3016052
2019-05-09,2300.0,2300.0,2271.6,2290.9,2256931
2019-05-10,2291.35,2324.9,2291.35,2296.5,2648550
2019-05-13,2296.05,2313.35,2280.0,2287.2,2767908
2019-05-14,2296.7,2311.0,2275.55,2287.9,2623686
2019-05-15,2296.0,2307.2,2282.2,2286.7,2239087
2019-05-16,2280.55,2319.0,2280.0,2310.65,2012534
2019-05-17,2313.0,2369.3,2311.6,2362.1,3689695
2019-05-20,2408.0,2438.7,2380.0,2432.35,4424908
2019-05-21,2438.0,2449.4,2399.45,2403.7,2581294
2019-05-22,2411.85,2426.0,2394.25,2405.75,2846665
2019-05-23,2409.0,2439.9,2319.1,2332.1,8270499
2019-05-24,2359.7,2386.15,2340.15,2373.35,3423200
2019-05-27,2378.9,2421.9,2372.25,2408.35,3012256
2019-05-28,2416.5,2420.0,2387.05,2416.2,1841210
2019-05-29,2410.2,2430.8,2410.2,2416.9,1868804
2019-05-30,2416.0,2447.9,2413.05,2439.55,2339800
2019-05-31,2456.8,2465.0,2356.8,2425.35,4946270
2019-06-03,2427.0,2459.8,2424.95,2457.1,2120215
2019-06-04,2455.0,2465.75,2441.05,2452.3,1610747
2019-06-06,2453.2,2470.0,2413.35,2423.35,3908731
2019-06-07,2425.65,2454.25,2409.0,2447.65,1992733
2019-06-10,2469.95,2469.95,2432.1,2440.2,1769285
2019-06-11,2451.5,2459.9,2440.35,2448.4,1775823
2019-06-12,2445.0,2448.4,2423.65,2427.05,1827155
2019-06-13,2435.95,2452.0,2415.95,2444.7,2776987
2019-06-14,2442.95,2458.95,2425.0,2435.1,2989230
2019-06-17,2435.0,2439.9,2417.3,2422.0,3202505
2019-06-18,2418.0,2432.0,2404.0,2417.25,3104913
2019-06-19,2427.0,2444.9,2416.7,2428.35,2686069
2019-06-20,2428.35,2437.0,2414.6,2426.35,2792873
2019-06-21,2426.0,2429.7,2405.65,2414.2,3312565
2019-06-24,2411.95,2430.6,2410.0,2417.95,1728750
2019-06-25,2419.85,2441.5,2403.0,2428.7,2224950
2019-06-26,2424.7,2470.0,2422.0,2467.9,2633409
2019-06-27,2468.75,2494.5,2456.15,2462.3,4969809
2019-06-28,2464.0,2475.0,2437.05,2443.75,3189211
2019-07-01,2456.0,2489.0,2450.05,2485.55,2131040
2019-07-02,2488.0,2497.5,2467.2,2495.0,1811707
2019-07-03,2499.0,2503.3,2483.0,2489.65,1865814
2019-07-04,2494.8,2497.9,2472.0,2483.8,1998491
2019-07-05,2485.1,2494.95,2460.0,2472.4,1895765
2019-07-08,2474.55,2474.6,2397.05,2409.6,3651785
2019-07-09,2403.85,2410.8,2373.0,2379.15,4120672
2019-07-10,2378.75,2398.0,2366.25,2388.75,2892287
2019-07-11,2403.0,2414.0,2395.65,2407.15,2274399
2019-07-12,2418.0,2418.0,2385.05,2393.9,2244068
2019-07-15,2396.0,2403.0,2377.35,2394.75,2058296
2019-07-16,2418.0,2418.0,2382.0,2391.2,3192642
2019-07-17,2392.95,2411.6,2391.3,2397.45,1939934
2019-07-18,2403.0,2429.0,2401.9,2411.9,2700646
2019-07-19,2415.0,2420.7,2367.0,2375.65,2234807
2019-07-22,2345.0,2349.85,2281.25,2297.25,5542824
2019-07-23,2294.5,2294.5,2242.05,2263.5,6950716
2019-07-24,2256.75,2293.0,2251.0,2280.9,4340935
2019-07-25,2285.0,2315.45,2280.25,2286.05,4865502
2019-07-26,2278.2,2293.65,2272.85,2277.3,3207457
2019-07-29,2273.55,2273.55,2223.05,2244.3,2494123
2019-07-30,2255.0,2271.2,2239.9,2252.25,2598534
2019-07-31,2240.0,2267.0,2234.25,2251.65,3472960
2019-08-01,2229.1,2240.0,2197.0,2221.8,4560419
2019-08-02,2211.0,2224.0,2182.0,2214.35,6956384
2019-08-05,2197.05,2200.0,2162.5,2179.25,4955610
2019-08-06,2167.0,2210.25,2167.0,2189.1,6222735
2019-08-07,2190.0,2202.0,2165.0,2184.0,4687534
2019-08-08,2198.0,2243.0,2183.0,2233.15,4927900
2019-08-09,2247.0,2289.0,2239.8,2282.0,7609028
2019-08-13,2273.3,2273.3,2202.6,2220.35,3860017
2019-08-14,2235.4,2235.4,2203.05,2229.45,3563513
2019-08-16,2214.0,2233.0,2204.1,2227.7,3811890
2019-08-19,2238.5,2242.0,2201.7,2206.85,2124550
2019-08-20,2209.25,2227.8,2206.85,2220.6,2567648
2019-08-21,2224.9,2241.2,2214.2,2225.85,2618178
2019-08-22,2220.85,2220.85,2167.05,2174.1,3498011
2019-08-23,2161.0,2177.0,2139.6,2162.7,5024904
2019-08-26,2194.9,2266.15,2167.0,2256.15,6320061
2019-08-27,2256.0,2272.9,2240.1,2259.95,5165208
2019-08-28,2250.0,2257.35,2226.35,2247.5,3415647
2019-08-29,2246.0,2253.7,2220.3,2226.95,3695929
2019-08-30,2233.5,2260.0,2222.0,2227.95,4808330
2019-09-03,2220.0,2221.0,2196.15,2210.95,2857169
2019-09-04,2207.0,2274.0,2199.0,2247.75,3765176
2019-09-05,2249.0,2272.4,2225.0,2235.15,4324063
2019-09-06,2228.0,2256.6,2221.3,2245.9,3217501
2019-09-09,2246.0,2260.9,2216.1,2249.6,2660851
2019-09-11,2274.0,2274.0,2241.15,2251.3,3802279
2019-09-12,2250.7,2288.8,2248.15,2270.85,4533075
2019-09-13,2251.0,2267.45,2238.0,2257.45,3842835
2019-09-16,2251.9,2262.65,2241.0,2244.15,2757546
2019-09-17,2247.9,2248.5,2198.1,2211.35,2664139
2019-09-18,2217.3,2224.15,2180.0,2187.75,3239971
2019-09-19,1099.9,1107.05,1084.0,1101.05,5311655
2019-09-20,1108.0,1209.9,1105.4,1199.6,23075017
2019-09-23,1259.55,1282.7,1229.0,1257.25,20960205
2019-09-24,1250.0,1261.95,1227.55,1253.8,11689524
2019-09-25,1249.9,1249.9,1230.1,1239.7,7804488
2019-09-26,1239.8,1275.0,1236.35,1242.5,15335780
2019-09-27,1248.25,1253.5,1237.6,1244.2,7436585
2019-09-30,1228.8,1240.0,1216.5,1227.45,9109229
2019-10-01,1231.5,1255.0,1221.1,1248.8,9384176
2019-10-03,1239.95,1243.8,1216.35,1223.55,8149438
2019-10-04,1236.65,1239.6,1185.3,1189.7,9201816
2019-10-07,1201.2,1219.85,1181.15,1186.9,11256610
2019-10-09,1197.1,1229.9,1190.0,1228.15,8713635
2019-10-10,1221.8,1225.95,1197.2,1200.55,5778429
2019-10-11,1213.4,1224.0,1188.95,1198.8,8593159
2019-10-14,1209.0,1219.9,1197.4,1204.4,6133901
2019-10-15,1207.0,1225.0,1206.85,1223.05,4200187
2019-10-16,1231.65,1235.0,1210.1,1221.1,5293408
2019-10-17,1227.5,1229.85,1213.1,1220.0,6121807
2019-10-18,1225.45,1233.85,1220.35,1229.0,5616903
2019-10-22,1257.0,1257.0,1232.6,1239.3,10003114
2019-10-23,1246.85,1249.75,1233.0,1241.6,5095107
2019-10-24,1248.0,1254.15,1226.35,1236.1,6553747
2019-10-25,1240.0,1246.85,1220.0,1229.0,6496771
2019-10-29,1238.0,1257.35,1237.7,1242.5,7116284
2019-10-30,1246.9,1262.7,1243.0,1248.35,6005683
2019-10-31,1257.7,1263.9,1227.1,1230.35,6608853
2019-11-01,1239.0,1243.75,1227.6,1240.05,5756130
2019-11-04,1246.45,1250.0,1229.05,1236.85,4967588
2019-11-05,1241.0,1244.8,1229.05,1239.5,6183905
2019-11-06,1242.45,1259.0,1228.05,1256.65,6065168
2019-11-07,1261.0,1269.7,1250.0,1263.7,8481517
2019-11-08,1259.0,1267.0,1251.45,1255.6,6625748
2019-11-11,1252.55,1268.5,1250.5,1264.75,7143305
2019-11-13,1261.95,1270.0,1253.6,1257.55,4646748
2019-11-14,1263.8,1277.0,1257.2,1273.9,5527609
2019-11-15,1283.85,1285.0,1271.1,1277.9,4639506
2019-11-18,1277.0,1279.45,1258.7,1262.05,4565146
2019-11-19,1265.3,1275.0,1261.1,1271.9,5285289
2019-11-20,1273.0,1282.95,1267.0,1273.35,5527129
2019-11-21,1270.25,1287.0,1268.35,1283.35,6009763
2019-11-22,1283.65,1283.65,1262.0,1264.75,3844005
2019-11-25,1264.15,1279.5,1264.15,1271.1,3946778
2019-11-26,1278.45,1279.75,1266.95,1275.05,4358001
2019-11-27,1276.0,1285.75,1271.2,1278.4,4790333
2019-11-28,1280.2,1283.05,1262.0,1265.3,6183020
2019-11-29,1267.7,1279.9,1252.0,1274.95,7783813
2019-12-02,1273.95,1273.95,1258.6,1265.75,4473102
2019-12-03,1268.2,1269.0,1253.8,1255.4,3495953
2019-12-04,1252.5,1256.9,1234.2,1251.65,5697807
2019-12-05,1255.6,1258.75,1240.75,1245.6,6386247
2019-12-06,1248.95,1260.0,1238.2,1246.05,6887325
2019-12-09,1249.5,1249.85,1237.55,1242.95,4132675
2019-12-10,1251.0,1253.65,1245.1,1249.5,4894450
2019-12-11,1250.1,1254.0,1242.5,1248.75,5527321
2019-12-12,1253.0,1269.45,1253.0,1263.6,6456574
2019-12-13,1265.0,1272.35,1259.25,1263.85,5887593
2019-12-16,1269.25,1270.0,1248.2,1257.35,5663788
2019-12-17,1260.0,1274.8,1255.35,1271.1,6213677
2019-12-18,1283.0,1299.0,1273.65,1292.35,8723586
2019-12-19,1305.0,1305.5,1286.1,1288.8,6509188
2019-12-20,1288.75,1299.6,1280.05,1296.7,7513022
2019-12-23,1299.0,1304.0,1288.8,1302.4,5097891
2019-12-24,1298.6,1301.1,1286.95,1289.15,3589604
2019-12-26,1289.7,1291.85,1264.65,1270.45,7474879
2019-12-27,1272.0,1279.0,1270.0,1275.0,3546496
2019-12-30,1282.0,1288.75,1274.05,1282.15,4667095
2019-12-31,1281.95,1281.95,1268.65,1272.1,4178528
2020-01-01,1276.1,1280.0,1270.6,1278.6,1836849
2020-01-02,1279.0,1288.0,1279.0,1286.75,3068583
2020-01-03,1282.2,1285.0,1263.6,1268.4,5427775
2020-01-06,1260.0,1261.8,1236.0,1240.95,5445093
2020-01-07,1258.9,1271.45,1252.25,1260.6,7362247
2020-01-08,1246.95,1262.15,1240.05,1257.3,5666055
2020-01-09,1265.0,1275.8,1263.1,1271.4,4773158
2020-01-10,1284.1,1286.9,1275.1,1282.7,4607290
2020-01-13,1282.7,1296.5,1276.0,1286.0,3725784
2020-01-14,1289.0,1292.55,1277.5,1289.5,3943145
2020-01-15,1286.4,1287.95,1274.1,1284.25,5893724
2020-01-16,1282.05,1291.0,1279.35,1287.65,3575200
2020-01-17,1281.75,1284.9,1271.9,1278.15,8459407
2020-01-20,1304.85,1304.85,1252.5,1254.9,11089225
2020-01-21,1250.0,1250.0,1238.4,1244.35,7492402
2020-01-22,1248.05,1255.0,1234.4,1240.85,9184155
2020-01-23,1240.0,1246.85,1231.0,1244.85,5754460
2020-01-24,1246.0,1254.0,1239.1,1244.55,5915878
2020-01-27,1235.0,1235.0,1211.75,1213.2,9444276
2020-01-28,1218.8,1227.8,1213.25,1223.2,6706079
2020-01-29,1225.3,1242.0,1222.25,1235.85,6894175
2020-01-30,1238.95,1238.95,1217.2,1226.05,6055992
2020-01-31,1231.45,1237.8,1220.25,1226.3,5589134
2020-02-03,1197.0,1197.95,1177.7,1192.8,6538505
2020-02-04,1198.0,1234.0,1198.0,1229.8,10448852
2020-02-05,1234.9,1248.0,1227.3,1244.65,9010341
2020-02-06,1244.65,1248.7,1237.2,1239.8,5913775
2020-02-07,1246.0,1247.0,1231.6,1242.2,3407724
2020-02-10,1242.95,1242.95,1226.05,1240.3,4609917
2020-02-11,1243.3,1255.0,1238.05,1240.6,5806760
2020-02-12,1245.2,1252.9,1244.05,1249.0,3148965
2020-02-13,1259.9,1259.9,1233.6,1241.4,4556070
2020-02-14,1243.2,1248.4,1215.0,1219.35,7344429
2020-02-17,1225.0,1233.0,1214.45,1217.15,5076345
2020-02-18,1216.9,1218.5,1203.5,1213.25,5264558
2020-02-19,1222.5,1230.0,1213.9,1227.2,5006134
2020-02-20,1230.0,1230.0,1214.1,1217.1,5561707
2020-02-24,1208.95,1214.75,1200.0,1209.95,8284042
2020-02-25,1204.0,1209.0,1198.0,1200.3,6943340
2020-02-26,1197.5,1204.7,1185.65,1199.25,6907393
2020-02-27,1195.0,1202.5,1181.0,1199.45,10327549
2020-02-28,1175.5,1185.0,1170.1,1177.65,12156528
2020-03-02,1200.2,1201.15,1166.15,1179.6,7332449
2020-03-03,1175.0,1185.35,1168.0,1181.8,11184775
2020-03-04,1178.35,1180.0,1133.1,1148.85,17144435
2020-03-05,1153.0,1165.0,1142.75,1151.35,9774854
2020-03-06,1125.0,1140.9,1101.0,1134.9,11526783
2020-03-09,1110.0,1118.4,1065.0,1107.3,17210297
2020-03-11,1105.0,1120.0,1092.0,1113.8,17769198
2020-03-12,1075.0,1080.0,1003.45,1021.3,29500406
2020-03-13,980.05,1081.45,919.2,1069.8,33171603
2020-03-16,1035.0,1037.0,995.0,999.5,15993174
2020-03-17,1008.0,1010.0,954.7,975.1,21338641
2020-03-18,985.0,993.0,865.0,876.9,30593809
2020-03-19,847.0,919.95,795.0,895.55,33610239
2020-03-20,875.0,914.6,824.55,882.85,44319015
2020-03-23,794.6,838.75,765.0,771.55,25142273
2020-03-24,795.25,810.0,738.75,767.7,30528676
2020-03-25,770.45,867.45,755.25,856.75,23614449
2020-03-26,870.1,937.7,841.0,901.1,28521681
2020-03-27,944.95,988.65,872.1,904.45,27619436
2020-03-30,880.0,887.0,828.0,831.65,19634313
2020-03-31,853.8,873.6,838.0,861.9,17605997
2020-04-01,863.85,863.85,820.0,829.65,14551758
2020-04-03,843.0,844.0,810.0,813.85,17499063
2020-04-07,874.0,907.3,845.35,896.1,30206626
2020-04-08,879.95,945.0,866.1,888.9,28109877
2020-04-09,913.0,930.9,890.0,925.05,22229012
2020-04-13,934.0,946.7,886.2,895.35,17079259
2020-04-15,930.5,930.5,843.0,863.3,28989523
2020-04-16,865.0,890.7,856.25,879.75,26927231
2020-04-17,915.0,920.0,887.25,910.3,27941831
2020-04-20,951.0,960.95,935.0,944.85,33116614
2020-04-21,925.0,934.0,908.0,921.65,16589148
2020-04-22,919.15,933.0,907.3,928.6,19144678
2020-04-23,935.0,958.5,912.55,954.95,20450895
2020-04-24,933.0,958.4,926.0,938.05,16642831
2020-04-27,945.15,957.4,926.3,929.7,13710727
2020-04-28,943.8,943.8,922.0,931.4,14720773
2020-04-29,935.0,992.7,934.1,977.1,27939019
2020-04-30,1001.4,1019.0,992.1,1001.8,21897643
2020-05-04,957.5,960.0,917.5,923.0,13361177
2020-05-05,938.0,944.0,908.05,911.45,14837190
2020-05-06,919.0,950.0,905.65,946.4,16893140
2020-05-07,940.5,943.3,921.35,925.0,10916003
2020-05-08,942.0,943.95,925.2,929.05,10403747
2020-05-11,937.0,954.0,914.0,915.8,14275392
2020-05-12,901.0,909.4,871.1,901.55,24784324
2020-05-13,951.0,960.0,922.1,927.65,22173554
2020-05-14,898.0,911.0,890.0,893.7,19777445
2020-05-15,890.5,892.4,875.0,888.15,12174870
2020-05-18,888.0,888.0,831.3,836.65,23326656
2020-05-19,860.85,867.3,826.1,830.65,23730561
2020-05-20,836.45,864.0,832.2,857.1,20007413
2020-05-21,861.45,884.0,852.3,859.55,24239683
2020-05-22,850.0,870.3,833.05,838.85,21025849
2020-05-26,857.0,871.75,848.75,852.4,19002589
2020-05-27,859.9,909.8,857.15,903.65,28013227
2020-05-28,920.0,950.0,913.95,945.25,37744926
2020-05-29,944.0,955.0,923.45,951.65,26512600
2020-06-01,975.0,995.0,966.1,987.65,19595373
2020-06-02,986.7,1005.0,975.2,1001.0,20811909
2020-06-03,1020.0,1046.25,1015.45,1022.25,25273067
2020-06-04,1028.05,1038.95,991.1,1001.7,27139478
2020-06-05,1003.1,1042.4,1002.8,1033.35,17598103
2020-06-08,1060.0,1066.65,1006.4,1015.9,24906362
2020-06-09,1020.0,1026.75,979.55,987.3,30922894
2020-06-10,990.0,999.85,978.2,991.85,18248880
2020-06-11,985.0,988.4,965.0,968.6,15449142
2020-06-12,928.0,986.65,928.0,982.75,21322880
2020-06-15,968.0,974.0,943.0,949.85,16004973
2020-06-16,975.0,993.95,952.0,990.4,22700113
2020-06-17,989.0,998.9,973.25,979.25,18479504
2020-06-18,980.0,1024.9,972.0,1019.95,20435469
2020-06-19,1017.95,1043.0,1012.15,1033.35,23939324
2020-06-22,1039.45,1045.95,1023.8,1028.75,14847321
2020-06-23,1039.0,1045.0,1016.55,1042.3,14415640
2020-06-24,1048.5,1057.5,1030.05,1032.5,19714664
2020-06-25,1021.9,1049.0,1007.0,1028.75,35323457
2020-06-26,1041.0,1063.0,1028.0,1056.45,19986677
2020-06-29,1037.0,1082.6,1037.0,1076.05,23003725
2020-06-30,1074.0,1078.55,1056.3,1065.85,17873316
2020-07-01,1065.85,1096.0,1061.3,1084.6,17423378
2020-07-02,1090.3,1111.25,1085.2,1089.4,18477248
2020-07-03,1093.0,1095.8,1070.0,1073.95,13798879
2020-07-06,1107.95,1119.9,1100.0,1103.0,17779243
2020-07-07,1109.4,1111.7,1093.05,1105.15,12175425
2020-07-08,1107.0,1124.9,1105.0,1110.35,15028412
2020-07-09,1118.0,1129.7,1107.25,1124.95,10057717
2020-07-10,1117.9,1120.0,1099.55,1105.1,8781604
2020-07-14,1062.6,1068.9,1050.0,1058.85,13306511
2020-07-15,1070.2,1079.0,1050.1,1053.15,10487246
2020-07-16,1053.65,1065.5,1034.1,1062.55,11831256
2020-07-17,1059.05,1104.0,1058.3,1098.45,14202933
2020-07-20,1135.0,1152.9,1124.15,1133.05,32562064
2020-07-21,1152.05,1157.95,1134.0,1138.55,23757768
2020-07-22,1138.5,1144.5,1117.55,1126.35,12359024
2020-07-23,1125.0,1143.9,1116.25,1130.4,10074805
2020-07-24,1122.9,1122.9,1101.25,1119.1,9799222
2020-07-27,1099.85,1103.0,1075.35,1079.5,18985167
2020-07-28,1079.0,1094.4,1059.5,1086.65,17798330
2020-07-29,1081.0,1088.5,1055.55,1064.6,16796652
2020-07-30,1074.0,1083.65,1046.7,1050.65,13478951
2020-07-31,1057.7,1057.7,1020.05,1032.8,18865230
2020-08-03,1025.95,1026.95,993.0,1002.0,15891781
2020-08-04,1008.0,1061.05,1003.0,1041.65,30153418
2020-08-05,1047.95,1055.8,1020.0,1027.55,16610696
2020-08-06,1037.0,1055.0,1026.25,1040.7,16823558
2020-08-07,1034.85,1047.2,1020.6,1043.85,12418816
2020-08-10,1044.0,1064.0,1043.8,1050.65,11086465
2020-08-11,1048.5,1071.0,1048.5,1066.65,10068150
2020-08-12,1065.0,1066.0,1048.0,1063.7,10333222
2020-08-13,1067.95,1071.35,1056.5,1059.05,9946370
2020-08-14,1065.9,1065.9,1027.3,1034.45,10462350
2020-08-17,1047.0,1047.0,1020.2,1032.75,9780591
2020-08-18,1028.0,1061.65,1022.0,1056.5,12020562
2020-08-19,1065.0,1069.8,1056.25,1066.6,8858056
2020-08-20,1054.95,1068.95,1052.0,1059.0,9608591
2020-08-21,1065.4,1088.8,1064.6,1085.65,14462237
2020-08-24,1086.0,1122.95,1085.65,1117.05,18389929
2020-08-25,1119.0,1127.0,1106.2,1119.7,13800972
2020-08-26,1121.0,1131.75,1109.5,1118.45,12595131
2020-08-27,1125.8,1129.9,1106.25,1112.1,10323015
2020-08-28,1111.95,1125.0,1095.0,1114.5,19349069
2020-08-31,1129.5,1148.8,1100.7,1115.85,19250721
2020-09-01,1128.0,1143.6,1108.0,1127.3,14438949
2020-09-02,1124.1,1139.0,1120.7,1134.15,9880855
2020-09-03,1137.25,1145.95,1128.0,1130.9,9916701
2020-09-04,1110.0,1125.4,1104.4,1119.3,11830686
2020-09-07,1116.3,1119.5,1099.0,1110.5,8807764
2020-09-08,1114.0,1118.8,1103.0,1112.45,7312460
2020-09-09,1101.0,1110.0,1091.25,1096.5,7864545
2020-09-10,1103.0,1104.85,1084.0,1090.55,7594209
2020-09-11,1096.45,1104.85,1071.0,1078.65,10397545
2020-09-14,1088.0,1094.0,1052.35,1057.95,10825874
2020-09-15,1068.0,1076.15,1058.1,1070.5,8252566
2020-09-16,1070.2,1096.0,1068.35,1093.65,9355126
2020-09-17,1084.0,1094.0,1078.0,1083.6,9159413
2020-09-18,1092.0,1092.2,1047.2,1057.3,11740889
2020-09-21,1055.0,1071.35,1041.5,1049.3,9921439
2020-09-22,1054.05,1058.15,1029.5,1035.4,9310339
2020-09-23,1046.0,1055.0,1034.35,1047.25,8039935
2020-09-24,1038.0,1047.0,1025.0,1030.4,9904895
2020-09-25,1050.0,1051.95,1025.65,1044.0,10160775
2020-09-28,1048.95,1059.0,1042.65,1054.2,8076211
2020-09-29,1058.0,1069.9,1051.0,1062.55,6322274
2020-09-30,1060.0,1086.9,1052.0,1078.6,9407038
2020-10-01,1090.1,1110.0,1090.1,1106.95,10601566
2020-10-05,1112.0,1132.0,1111.0,1114.35,8470109
2020-10-06,1135.05,1148.0,1126.2,1144.1,9685997
2020-10-07,1144.9,1164.85,1137.6,1162.25,10624527
2020-10-08,1180.0,1203.0,1163.35,1191.8,17530368
2020-10-09,1201.0,1237.0,1191.65,1233.55,22486215
2020-10-12,1231.55,1242.75,1205.6,1213.65,9610277
2020-10-13,1213.4,1222.45,1195.0,1198.45,9177015
2020-10-14,1195.55,1214.3,1175.5,1211.5,11291473
2020-10-15,1214.2,1217.0,1164.0,1169.25,14123569
2020-10-16,1180.0,1203.5,1173.0,1199.35,12911559
2020-10-19,1235.0,1235.0,1192.6,1203.55,21179884
2020-10-20,1207.5,1227.4,1205.9,1223.95,13705994
2020-10-21,1230.6,1251.0,1221.7,1246.7,17820565
2020-10-22,1239.95,1250.0,1223.0,1233.3,10956548
2020-10-23,1243.5,1248.45,1231.2,1235.8,7933126
2020-10-26,1229.8,1242.0,1204.6,1210.9,9786023
2020-10-27,1226.0,1236.0,1197.85,1233.1,12158922
2020-10-28,1228.0,1232.0,1201.5,1209.6,8285625
2020-10-29,1200.6,1204.45,1178.5,1187.2,11530152
2020-10-30,1182.55,1199.3,1176.35,1183.55,5761470
2020-11-02,1194.35,1225.0,1177.5,1215.25,10963040
2020-11-03,1226.45,1250.75,1225.5,1247.95,14082115
2020-11-04,1252.0,1264.8,1230.0,1257.4,11702411
2020-11-05,1266.0,1276.0,1252.35,1269.2,10716964
2020-11-06,1266.25,1310.0,1265.5,1307.65,17852862
2020-11-09,1315.2,1345.95,1315.2,1340.55,13144220
2020-11-10,1357.0,1395.0,1351.55,1393.65,20758678
2020-11-11,1399.9,1414.8,1370.5,1389.95,18058097
2020-11-12,1377.4,1388.55,1360.0,1371.7,13526974
2020-11-13,1368.8,1368.8,1347.0,1358.8,11236240
2020-11-17,1385.8,1412.6,1380.6,1408.45,15529950
2020-11-18,1403.0,1419.0,1399.05,1408.7,9431388
2020-11-19,1389.7,1399.45,1368.0,1374.35,10133441
2020-11-20,1372.65,1408.4,1365.05,1403.65,10202681
2020-11-23,1415.0,1423.65,1375.35,1394.6,12623318
2020-11-24,1408.0,1445.0,1402.05,1438.2,20077200
2020-11-25,1451.3,1464.4,1397.0,1402.8,12076301
2020-11-26,1415.0,1432.0,1387.0,1426.65,13971563
2020-11-27,1431.8,1446.0,1415.55,1440.85,8997290
2020-12-01,1440.85,1449.0,1425.5,1433.3,8573787
2020-12-02,1431.0,1431.8,1394.8,1406.95,8946075
2020-12-03,1429.0,1432.0,1374.05,1377.2,18966611
2020-12-04,1381.0,1401.45,1373.3,1385.6,13456161
2020-12-07,1375.0,1379.95,1358.1,1372.25,12158159
2020-12-08,1375.0,1388.8,1365.15,1376.3,9728948
2020-12-09,1377.0,1410.05,1375.05,1407.2,11034537
2020-12-10,1398.0,1402.0,1375.75,1385.85,9863983
2020-12-11,1390.05,1395.0,1373.0,1382.8,10678192
2020-12-14,1383.0,1388.0,1368.0,1372.15,8611025
2020-12-15,1380.8,1394.95,1366.0,1391.3,10780718
2020-12-16,1404.0,1416.8,1394.5,1410.7,8416046
2020-12-17,1418.6,1445.0,1404.5,1441.8,10962239
2020-12-18,1435.0,1439.7,1406.3,1411.35,11497959
2020-12-21,1417.5,1423.85,1366.7,1372.65,11880912
2020-12-22,1384.8,1384.8,1345.0,1373.1,11425779
2020-12-23,1367.5,1380.95,1361.05,1375.65,7733697
2020-12-24,1389.4,1404.0,1377.0,1397.1,7476094
2020-12-28,1405.0,1421.0,1404.0,1412.85,5849597
2020-12-29,1421.05,1434.75,1420.0,1427.2,7247673
2020-12-30,1439.9,1439.9,1413.0,1432.5,8108363
2020-12-31,1435.0,1444.0,1425.05,1436.3,11072875
2021-01-01,1440.0,1443.0,1420.6,1425.05,4405469
2021-01-04,1438.0,1438.0,1399.0,1416.0,7870096
2021-01-05,1419.2,1430.75,1409.0,1426.7,7193412
2021-01-06,1435.0,1440.0,1413.1,1420.55,11067025
2021-01-07,1432.5,1432.6,1412.55,1416.25,9947421
2021-01-08,1432.0,1442.0,1423.1,1431.65,6884382
2021-01-11,1450.0,1464.9,1436.3,1451.45,8665696
2021-01-12,1452.45,1487.7,1449.1,1481.0,10194078
2021-01-13,1492.9,1496.9,1462.1,1470.65,8467325
2021-01-14,1471.15,1488.0,1456.0,1468.75,6148583
2021-01-15,1469.1,1471.65,1445.0,1466.65,7082618
2021-01-18,1469.9,1502.85,1467.0,1483.1,21412816
2021-01-19,1491.8,1511.65,1467.0,1503.85,8680127
2021-01-20,1501.0,1501.0,1486.0,1492.0,6673026
2021-01-21,1492.0,1494.35,1468.15,1474.8,13166527
2021-01-22,1467.9,1467.9,1440.15,1443.55,7696182
2021-01-25,1465.1,1481.0,1455.15,1462.85,10172359
2021-01-27,1468.0,1471.9,1406.15,1409.6,11778138
2021-01-28,1389.9,1401.3,1342.0,1371.45,21352223
2021-01-29,1391.35,1408.75,1364.5,1390.5,14352251
2021-02-01,1410.25,1482.5,1401.0,1476.75,13185272
2021-02-02,1501.0,1578.5,1497.4,1560.55,21210103
2021-02-03,1579.0,1581.7,1542.0,1574.8,10118627
2021-02-04,1566.0,1588.0,1543.45,1579.1,12242342
2021-02-05,1548.0,1618.25,1548.0,1597.6,13527358
2021-02-08,1620.0,1631.65,1595.7,1605.25,8723790
2021-02-09,1610.0,1628.0,1586.7,1611.85,9210683
2021-02-10,1608.35,1614.85,1567.0,1581.75,9894003
2021-02-11,1582.0,1597.8,1564.2,1572.35,6824309
2021-02-12,1573.9,1592.5,1573.0,1581.95,4955053
2021-02-15,1600.1,1625.0,1596.7,1616.6,5177622
2021-02-16,1621.2,1641.0,1608.45,1626.65,6948679
2021-02-17,1620.0,1621.8,1583.0,1586.5,6397213
2021-02-18,1605.95,1605.95,1548.0,1554.3,7360280
2021-02-19,1545.0,1564.2,1533.0,1539.1,8569754
2021-02-22,1545.05,1573.9,1539.45,1548.0,14725919
2021-02-23,1553.75,1557.7,1522.65,1529.15,9119953
2021-02-24,1526.5,1613.95,1516.25,1606.45,7157166
2021-02-25,1609.75,1636.25,1602.0,1606.4,10054785
2021-02-26,1587.05,1588.9,1521.0,1534.4,13956423
2021-03-01,1564.0,1572.55,1540.7,1558.9,6768009
2021-03-02,1575.7,1587.5,1551.0,1568.2,8055019
2021-03-03,1584.0,1596.0,1565.0,1586.85,5611205
2021-03-04,1548.55,1571.0,1539.1,1552.05,8145719
2021-03-05,1531.0,1545.6,1521.1,1530.0,8722911
2021-03-08,1542.0,1555.0,1512.5,1519.5,7558525
2021-03-09,1545.0,1565.7,1538.25,1562.5,7533348
2021-03-10,1572.0,1575.0,1552.15,1555.75,5527508
2021-03-12,1600.0,1600.0,1535.05,1551.95,7815602
2021-03-15,1548.4,1548.4,1515.3,1528.65,6115242
2021-03-16,1530.9,1540.4,1510.0,1512.15,6861183
2021-03-17,1524.25,1539.0,1490.2,1495.35,10532214
2021-03-18,1511.75,1522.05,1481.15,1491.0,9032770
2021-03-19,1485.0,1511.2,1474.05,1497.5,10617510
2021-03-22,1494.9,1494.9,1460.4,1469.15,7007816
2021-03-23,1470.0,1507.45,1469.1,1500.15,9880714
2021-03-24,1490.9,1506.45,1471.0,1478.8,8184450
2021-03-25,1490.2,1495.55,1450.25,1463.35,11982178
2021-03-26,1494.0,1499.0,1474.0,1491.3,6010629
2021-03-30,1506.65,1562.55,1501.55,1553.7,12804032
2021-03-31,1548.0,1548.0,1488.0,1493.65,15387253
2021-04-01,1499.4,1499.4,1465.0,1486.75,17881881
2021-04-05,1480.0,1485.0,1431.0,1449.6,8003293
2021-04-06,1460.0,1462.65,1432.65,1440.25,7537867
2021-04-07,1439.3,1456.7,1421.55,1447.2,12544090
2021-04-08,1453.0,1460.9,1430.5,1432.8,8806796
2021-04-09,1426.0,1432.8,1415.1,1421.75,14078908
2021-04-12,1393.0,1399.0,1353.0,1367.05,11274564
2021-04-13,1368.0,1406.45,1361.0,1400.35,9300341
2021-04-15,1405.0,1436.7,1391.0,1430.1,17222492
2021-04-16,1434.95,1445.0,1423.5,1428.65,7803263
2021-04-19,1390.0,1417.7,1372.3,1412.4,12034621
2021-04-20,1425.0,1426.4,1383.95,1391.4,11593135
2021-04-22,1380.0,1426.8,1371.05,1422.5,19242656
2021-04-23,1409.0,1434.6,1400.2,1414.15,11356764
2021-04-26,1413.0,1429.0,1402.75,1404.8,15085476
2021-04-27,1407.25,1442.0,1404.8,1438.7,10296453
2021-04-28,1436.25,1479.0,1431.0,1476.8,12051970
2021-04-29,1486.2,1503.65,1461.0,1472.5,12039276
2021-04-30,1445.0,1453.8,1407.5,1412.3,17616451
2021-05-03,1393.0,1421.9,1377.3,1414.45,11236850
2021-05-04,1409.95,1423.0,1383.3,1388.35,10743164
2021-05-05,1401.0,1409.6,1381.7,1402.6,7210806
2021-05-06,1407.6,1410.8,1395.0,1400.9,5738522
2021-05-07,1412.95,1424.95,1410.25,1414.75,6024167
2021-05-10,1427.0,1430.0,1412.8,1419.85,5530025
2021-05-11,1396.0,1424.2,1395.05,1403.55,7259517
2021-05-12,1399.75,1408.6,1388.85,1399.5,6887463
2021-05-14,1394.35,1398.9,1382.35,1386.85,5302071
2021-05-17,1395.15,1442.6,1381.3,1440.25,7560346
2021-05-18,1458.95,1482.75,1455.0,1476.7,11082640
2021-05-19,1470.2,1478.85,1452.55,1458.2,5065458
2021-05-20,1458.35,1465.9,1428.5,1432.8,5342092
2021-05-21,1443.0,1501.9,1443.0,1497.3,9670823
2021-05-24,1503.25,1520.45,1498.5,1509.95,11073051
2021-05-25,1510.5,1513.75,1470.5,1478.95,9618487
2021-05-26,1480.0,1487.0,1470.0,1477.05,6141995
2021-05-27,1473.1,1489.0,1462.45,1482.65,10219748
2021-05-28,1490.9,1513.0,1478.75,1503.45,8875010
2021-05-31,1500.0,1519.5,1487.5,1515.85,7830527
2021-06-01,1520.3,1527.0,1507.25,1511.7,5515081
2021-06-02,1510.0,1510.2,1493.0,1504.0,5312008
2021-06-03,1508.0,1524.95,1487.75,1520.55,5143630
2021-06-04,1516.0,1520.65,1499.2,1500.95,4712238
2021-06-07,1510.0,1514.0,1496.0,1499.85,4045834
2021-06-08,1496.55,1501.3,1481.5,1483.05,4936270
2021-06-09,1483.9,1502.0,1472.05,1480.3,5111721
2021-06-10,1482.1,1489.0,1473.65,1481.05,5741770
2021-06-11,1491.0,1496.55,1481.05,1486.35,3602987
2021-06-14,1478.25,1486.0,1462.55,1479.45,4440982
2021-06-15,1486.0,1496.0,1474.8,1490.25,3784801
2021-06-16,1488.0,1494.0,1478.1,1484.6,3851049
2021-06-17,1466.0,1478.75,1460.0,1466.1,4641901
2021-06-18,1469.5,1490.0,1455.0,1479.8,5969030
2021-06-21,1461.35,1491.8,1459.0,1488.7,3630236
2021-06-22,1497.0,1508.0,1480.0,1483.8,7183412
2021-06-23,1490.0,1497.8,1478.6,1485.5,3922434
2021-06-24,1490.0,1513.45,1488.0,1506.25,7392512
2021-06-28,1520.0,1523.0,1505.0,1508.35,4678393
2021-06-29,1507.0,1508.2,1492.15,1502.05,5485846
2021-06-30,1498.0,1509.0,1494.1,1497.9,4839511
2021-07-01,1502.0,1502.0,1483.0,1486.75,8455721
2021-07-02,1485.0,1489.25,1477.0,1480.4,7413518
2021-07-05,1489.95,1504.5,1484.55,1495.45,3686941
2021-07-06,1497.0,1540.0,1496.0,1534.7,8834516
2021-07-07,1534.0,1545.35,1527.7,1539.5,4814595
2021-07-08,1525.0,1537.7,1513.45,1520.45,4210461
2021-07-09,1512.55,1516.0,1497.5,1502.0,5347921
2021-07-12,1502.0,1502.0,1484.0,1487.0,7229489
2021-07-13,1496.1,1506.1,1484.1,1501.85,9089071
2021-07-14,1497.5,1507.35,1491.1,1499.15,4894247
2021-07-15,1505.0,1526.75,1499.65,1520.7,5219401
2021-07-16,1527.95,1529.95,1518.8,1522.35,2585314
2021-07-19,1487.0,1488.85,1466.0,1471.0,12555800
2021-07-20,1442.0,1454.0,1436.15,1443.15,12087125
2021-07-22,1456.1,1468.5,1445.0,1448.7,6603557
2021-07-23,1451.5,1457.45,1435.3,1442.75,6563342
2021-07-26,1430.0,1444.0,1428.1,1434.55,6583583
2021-07-27,1436.1,1449.9,1436.1,1439.75,11200715
2021-07-28,1435.05,1438.7,1404.0,1417.3,10335171
2021-07-29,1428.25,1429.95,1413.3,1418.25,6851115
2021-07-30,1419.0,1431.75,1407.95,1426.45,5827744
2021-08-02,1435.0,1435.0,1416.25,1422.65,6629393
2021-08-03,1410.0,1439.9,1410.0,1434.7,6016560
2021-08-04,1441.0,1474.5,1440.0,1465.3,11026974
2021-08-05,1467.1,1507.05,1457.4,1484.85,9411204
2021-08-06,1483.55,1500.0,1474.0,1492.65,6669635
2021-08-09,1492.0,1507.35,1476.0,1503.9,5499024
2021-08-10,1489.0,1519.75,1489.0,1507.65,7419173
2021-08-11,1514.9,1518.85,1491.05,1494.95,6292893
2021-08-12,1497.0,1507.6,1489.3,1501.4,4298837
2021-08-13,1501.2,1531.0,1501.0,1526.2,8329214
2021-08-16,1526.15,1535.0,1521.45,1530.6,3126389
2021-08-17,1517.2,1524.0,1505.3,1514.65,4141333
2021-08-18,1556.7,1565.35,1508.35,1513.0,11492966
2021-08-20,1486.05,1519.8,1486.05,1514.75,6575203
2021-08-23,1529.85,1533.15,1508.65,1524.6,5421527
2021-08-24,1530.0,1564.5,1527.45,1558.85,9190657
2021-08-25,1552.1,1564.8,1548.0,1557.4,3863987
2021-08-26,1550.0,1571.0,1543.45,1554.8,5559501
2021-08-27,1552.0,1558.65,1545.25,1548.45,3191069
2021-08-30,1555.6,1570.0,1551.6,1568.25,4524583
2021-08-31,1563.5,1583.35,1562.2,1581.4,6031288
2021-09-01,1575.0,1598.0,1574.5,1579.1,6211279
2021-09-02,1574.1,1592.0,1571.25,1589.0,4809262
2021-09-03,1586.1,1598.0,1568.3,1576.05,5367667
2021-09-06,1579.95,1580.95,1561.95,1565.7,3938448
2021-09-07,1562.5,1582.0,1555.2,1569.25,3622748
2021-09-08,1571.95,1580.5,1565.6,1576.4,3362040
2021-09-09,1574.0,1579.45,1561.0,1568.6,4125474
2021-09-13,1562.0,1584.0,1553.65,1555.55,4479582
2021-09-14,1560.0,1564.5,1546.6,1548.55,4879253
2021-09-15,1535.0,1554.8,1535.0,1546.8,7411499
2021-09-16,1537.75,1564.3,1536.3,1559.95,5130275
2021-09-17,1569.0,1589.0,1559.2,1582.15,10249051
2021-09-20,1564.0,1581.7,1558.0,1559.85,4390805
2021-09-21,1562.0,1568.65,1528.95,1551.95,7387498
2021-09-22,1549.0,1550.15,1530.0,1533.7,5291101
2021-09-23,1542.0,1572.0,1542.0,1570.0,6832152
2021-09-24,1579.0,1607.95,1575.0,1601.55,10403351
2021-09-27,1615.7,1635.5,1608.0,1625.1,8207731
2021-09-29,1597.0,1606.6,1585.15,1593.85,8131518
2021-09-30,1586.0,1606.35,1583.1,1594.95,7987674
2021-10-01,1583.0,1589.0,1565.25,1582.7,5564298
2021-10-04,1589.0,1601.35,1583.6,1585.75,3525514
2021-10-05,1592.0,1597.5,1576.25,1595.45,5128589
2021-10-06,1596.0,1626.85,1587.0,1614.9,9300415
2021-10-07,1626.6,1627.7,1607.0,1610.5,5632862
2021-10-08,1612.0,1622.0,1600.15,1602.65,3622781
2021-10-12,1625.0,1641.55,1625.0,1629.6,4088473
2021-10-14,1638.0,1690.0,1638.0,1687.4,7378644
2021-10-18,1705.0,1725.0,1667.05,1670.3,14428228
2021-10-21,1671.8,1681.95,1660.85,1676.3,4869095
2021-10-25,1690.0,1690.0,1613.8,1657.0,8213383
2021-10-26,1650.0,1673.85,1646.35,1652.75,6045328
2021-10-27,1652.75,1665.05,1637.3,1642.8,6624821
2021-10-28,1650.0,1650.0,1587.15,1593.6,8898875
2021-10-29,1590.0,1602.0,1560.0,1582.85,6203437
2021-11-03,1605.1,1609.9,1575.55,1581.45,5103669
2021-11-04,1595.0,1597.85,1590.1,1593.95,548404
2021-11-08,1592.1,1604.7,1570.45,1600.25,9471790
2021-11-09,1594.6,1594.6,1569.05,1572.25,6347738
2021-11-10,1568.0,1569.0,1550.0,1555.25,6857063
2021-11-11,1550.05,1554.9,1535.6,1548.3,3999702
2021-11-12,1550.0,1559.05,1545.05,1553.0,7457046
2021-11-15,1562.1,1571.85,1554.4,1557.25,4766797
2021-11-16,1555.0,1557.2,1541.6,1548.0,4122703
2021-11-17,1536.9,1544.0,1528.5,1530.8,3799439
2021-11-18,1526.05,1543.5,1525.25,1539.4,4576437
2021-11-22,1546.0,1552.7,1499.05,1515.35,7630636
2021-11-23,1502.0,1527.8,1496.35,1515.55,5617607
2021-11-24,1524.0,1536.35,1514.05,1518.05,15401143
2021-11-25,1514.8,1533.3,1507.0,1525.95,5125826
2021-11-26,1500.0,1506.7,1485.0,1489.9,9312468
2021-11-29,1494.8,1507.65,1462.0,1501.25,6495498
2021-11-30,1495.0,1529.0,1486.55,1493.55,12610771
2021-12-01,1495.0,1507.05,1489.1,1504.65,4338817
2021-12-02,1504.5,1528.8,1500.0,1525.75,5601555
2021-12-03,1525.8,1535.95,1507.05,1513.55,4062347
2021-12-06,1513.0,1518.8,1497.35,1503.8,3514766
2021-12-07,1513.95,1532.0,1509.9,1525.7,6213767
2021-12-08,1536.0,1555.05,1534.0,1553.8,7647767
2021-12-09,1545.2,1554.7,1522.0,1526.85,5873872
2021-12-10,1524.9,1528.0,1508.45,1522.55,3889692
2021-12-13,1526.0,1537.65,1507.2,1511.15,5161071
2021-12-14,1502.5,1516.0,1497.05,1502.45,4595550
2021-12-15,1503.0,1523.35,1495.65,1500.0,5057574
2021-12-16,1512.8,1517.0,1494.0,1500.1,6605216
2021-12-17,1497.0,1506.0,1467.7,1473.05,7497384
2021-12-21,1439.5,1450.75,1430.0,1441.8,4559375
2021-12-22,1452.3,1456.0,1435.7,1445.2,4288742
2021-12-23,1453.25,1457.8,1436.85,1444.1,4889583
2021-12-24,1445.5,1452.0,1428.0,1438.9,2780512
2021-12-27,1428.9,1454.0,1422.15,1450.8,2352549
2021-12-28,1460.7,1466.9,1453.4,1460.8,2725339
2021-12-29,1456.05,1461.0,1447.4,1453.85,3834351
2021-12-30,1458.5,1466.85,1445.0,1461.5,3607959
2021-12-31,1461.5,1484.8,1461.5,1479.4,3162868
2022-01-03,1485.0,1523.0,1480.5,1519.65,4534592
2022-01-04,1520.0,1532.9,1507.8,1528.55,4428676
2022-01-05,1536.8,1572.0,1528.1,1564.85,7166319
2022-01-06,1543.0,1554.75,1530.05,1539.75,4814465
2022-01-07,1544.0,1566.75,1535.9,1550.55,5589692
2022-01-10,1558.0,1572.0,1545.5,1559.15,4428248
2022-01-12,1568.0,1576.65,1552.0,1556.65,10542765
2022-01-13,1555.0,1555.0,1520.4,1528.0,20981948
2022-01-14,1530.0,1548.7,1519.0,1545.15,5604484
2022-01-17,1530.0,1556.0,1519.15,1521.5,11494686
2022-01-18,1533.0,1550.9,1523.0,1529.25,6170576
2022-01-19,1534.0,1539.75,1513.35,1518.45,7158813
2022-01-20,1528.45,1528.5,1500.1,1509.0,7598923
2022-01-21,1500.0,1529.8,1485.6,1521.6,5768847
2022-01-24,1509.95,1521.25,1467.55,1486.65,5934254
2022-01-25,1458.65,1495.0,1444.0,1488.05,6797124
2022-01-28,1477.5,1486.7,1460.0,1463.25,12462604
2022-01-31,1472.75,1491.55,1466.8,1485.7,6421273
2022-02-01,1508.5,1517.0,1473.45,1497.0,7369742
2022-02-02,1511.95,1535.0,1505.6,1531.2,6984645
2022-02-03,1528.75,1539.95,1509.0,1515.35,5282381
2022-02-04,1528.4,1532.85,1514.1,1524.0,5789979
2022-02-07,1512.1,1519.0,1460.0,1468.15,6134021
2022-02-08,1476.4,1478.45,1444.55,1461.85,6990565
2022-02-09,1474.0,1499.7,1467.0,1497.6,5654171
2022-02-10,1514.0,1535.5,1501.65,1525.1,7157265
2022-02-11,1500.25,1525.0,1499.5,1518.85,5355552
2022-02-14,1490.0,1499.45,1469.3,1473.7,7328310
2022-02-15,1476.0,1524.9,1473.05,1517.8,6567533
2022-02-16,1534.35,1534.75,1507.0,1515.75,5016132
2022-02-17,1513.1,1522.0,1502.0,1506.5,3675604
2022-02-18,1498.3,1517.0,1490.45,1512.35,3898064
2022-02-21,1504.0,1530.7,1495.55,1522.1,3734033
2022-02-22,1489.8,1522.1,1487.95,1510.7,4768098
2022-02-23,1525.1,1525.7,1495.65,1500.9,4514781
2022-02-25,1439.95,1465.9,1432.85,1456.1,9159327
2022-02-28,1426.0,1438.55,1414.05,1426.25,12440416
2022-03-02,1386.5,1398.4,1354.4,1374.25,19252780
2022-03-03,1381.0,1392.0,1362.9,1371.0,8763961
2022-03-04,1360.0,1386.0,1336.9,1366.5,10609682
2022-03-08,1302.2,1334.0,1292.0,1327.8,19606246
2022-03-09,1330.0,1374.7,1318.85,1371.15,11567347
2022-03-10,1427.0,1427.0,1380.25,1392.7,11136603
2022-03-11,1388.0,1408.95,1372.7,1396.8,7575390
2022-03-14,1415.0,1450.0,1415.0,1442.55,12509063
2022-03-15,1443.5,1449.5,1411.75,1424.0,9433964
2022-03-16,1447.0,1455.0,1436.2,1448.15,6682054
2022-03-17,1472.0,1489.8,1470.55,1480.05,7411977
2022-03-21,1487.0,1493.65,1472.8,1486.5,6128938
2022-03-22,1481.3,1498.0,1457.2,1494.15,5230907
2022-03-23,1507.0,1518.8,1473.6,1479.25,15594128
2022-03-24,1466.0,1469.65,1434.55,1442.65,10080022
2022-03-25,1451.0,1452.0,1419.0,1430.9,8183231
2022-03-28,1430.9,1438.0,1401.6,1432.8,7877443
2022-03-29,1441.0,1460.25,1430.0,1451.8,6188724
2022-03-30,1472.0,1482.75,1454.05,1476.95,10054871
2022-03-31,1471.0,1484.7,1465.9,1470.35,7147857
2022-04-01,1476.4,1510.0,1470.3,1506.0,7284278
2022-04-04,1580.0,1722.1,1562.55,1656.8,48725485
2022-04-05,1666.7,1666.7,1602.0,1608.25,15461291
2022-04-06,1587.7,1589.8,1547.35,1550.85,13513930
2022-04-07,1541.3,1541.35,1513.7,1516.75,20390866
2022-04-08,1512.1,1525.75,1497.3,1514.65,20628161
2022-04-11,1506.0,1510.0,1493.25,1496.15,10399533
2022-04-12,1484.0,1506.85,1480.15,1493.5,13717701
2022-04-13,1490.0,1502.3,1462.65,1464.95,14446260
2022-04-18,1418.85,1431.65,1390.05,1395.45,22810188
2022-04-19,1380.9,1389.55,1327.0,1342.2,37048011
2022-04-20,1354.45,1359.9,1335.35,1354.3,24662868
2022-04-21,1365.0,1379.8,1353.3,1374.35,26223135
2022-04-22,1360.0,1375.35,1349.15,1355.6,10329574
2022-04-25,1350.0,1370.65,1322.25,1365.75,10467744
2022-04-26,1372.0,1381.95,1357.15,1372.05,8508421
2022-04-27,1360.0,1379.0,1356.1,1372.55,9027167
2022-04-28,1372.0,1379.0,1362.1,1371.35,10386861
2022-04-29,1380.35,1404.75,1371.55,1384.6,14200738
2022-05-02,1362.05,1406.45,1362.05,1403.7,9747158
2022-05-05,1375.0,1375.0,1346.5,1352.95,8931456
2022-05-06,1330.0,1335.0,1313.0,1317.6,13365634
2022-05-09,1300.0,1326.5,1295.5,1319.85,16381217
2022-05-10,1315.05,1353.0,1315.05,1341.05,10056906
2022-05-11,1353.0,1355.0,1328.65,1348.6,8551462
2022-05-12,1321.1,1326.8,1293.0,1303.05,11191145
2022-05-13,1310.05,1318.0,1287.0,1291.35,8384119
2022-05-16,1299.0,1312.0,1285.3,1305.1,4902178
2022-05-17,1312.6,1317.0,1298.2,1314.0,8320722
2022-05-18,1324.05,1333.3,1310.0,1313.9,7866192
2022-05-19,1286.2,1296.4,1278.3,1287.05,10268753
2022-05-20,1303.0,1324.2,1292.35,1320.95,6959675
2022-05-23,1314.0,1329.95,1299.1,1304.0,9743160
2022-05-24,1300.0,1325.0,1296.9,1318.95,6435398
2022-05-25,1330.0,1335.95,1323.2,1328.8,6443556
2022-05-26,1342.15,1371.0,1340.0,1366.7,13496214
2022-05-27,1371.8,1394.7,1370.75,1392.05,12015859
2022-05-30,1410.25,1420.5,1398.45,1401.55,6312337
2022-05-31,1395.9,1404.8,1380.0,1388.95,6742694
2022-06-01,1380.0,1400.45,1379.15,1394.85,6045948
2022-06-02,1387.25,1388.0,1378.6,1385.1,5737510
2022-06-03,1398.3,1400.75,1376.3,1380.3,3478622
2022-06-06,1376.3,1387.0,1360.65,1378.45,3086633
2022-06-07,1362.0,1374.3,1354.1,1362.6,5126983
2022-06-08,1373.3,1381.0,1357.0,1367.4,2993294
2022-06-09,1362.25,1382.05,1357.15,1377.7,3655908
2022-06-10,1360.1,1367.95,1343.6,1351.1,4577715
2022-06-13,1323.6,1330.0,1308.3,1326.6,5446286
2022-06-14,1311.25,1326.0,1305.0,1312.0,5935178
2022-06-15,1301.65,1315.8,1298.4,1307.45,5905235
2022-06-16,1310.0,1320.55,1278.0,1281.3,6084596
2022-06-17,1275.0,1299.0,1271.6,1289.75,7361961
2022-06-20,1304.7,1325.0,1294.15,1322.15,7968420
2022-06-21,1336.9,1354.0,1324.05,1336.55,6610342
2022-06-22,1332.25,1336.95,1323.2,1330.25,4079849
2022-06-23,1330.5,1348.0,1318.5,1335.15,7686122
2022-06-24,1338.55,1361.65,1338.55,1353.8,4006716
2022-06-27,1370.0,1376.0,1352.0,1356.25,4902082
2022-06-28,1344.0,1351.0,1338.4,1345.9,4885287
2022-06-29,1331.25,1350.75,1331.25,1343.95,4997023
2022-06-30,1336.0,1354.0,1336.0,1348.0,6237911
2022-07-01,1343.95,1360.0,1330.05,1353.75,5736226
2022-07-04,1353.7,1360.2,1342.25,1355.65,4243740
2022-07-05,1364.0,1379.35,1348.3,1352.6,7162859
2022-07-06,1348.0,1373.4,1347.1,1371.25,7524539
2022-07-07,1380.0,1398.0,1374.45,1395.8,8871571
2022-07-08,1410.0,1410.0,1394.75,1397.1,6237015
2022-07-11,1394.0,1409.9,1393.25,1406.15,3731440
2022-07-13,1390.0,1394.2,1354.25,1357.85,7972805
2022-07-14,1362.0,1372.65,1349.25,1351.05,5186205
2022-07-15,1353.0,1364.9,1346.8,1362.05,6797823
2022-07-18,1348.0,1366.1,1342.05,1347.55,10166110
2022-07-19,1337.0,1358.55,1337.0,1348.05,7896269
2022-07-20,1359.9,1371.1,1355.25,1365.05,10173931
2022-07-21,1360.55,1369.5,1358.1,1360.75,6320139
2022-07-22,1366.0,1397.0,1362.4,1392.5,6364796
2022-07-25,1395.0,1404.6,1383.3,1396.6,5071563
2022-07-26,1396.0,1402.0,1386.3,1393.75,4263982
2022-07-27,1388.9,1406.0,1384.25,1404.4,4606389
2022-07-28,1415.05,1424.0,1411.0,1416.85,8710203
2022-07-29,1438.0,1438.6,1415.3,1434.2,10009868
2022-08-01,1439.0,1448.45,1430.05,1446.15,6596518
2022-08-02,1442.0,1444.6,1423.05,1430.25,7518255
2022-08-03,1424.95,1435.75,1417.0,1433.6,5487749
2022-08-04,1440.0,1446.7,1412.95,1431.9,6006103
2022-08-05,1433.0,1436.95,1421.15,1427.05,4634491
2022-08-10,1461.35,1471.5,1449.05,1466.3,8676551
2022-08-11,1486.5,1491.0,1474.55,1485.7,9150883
2022-08-12,1485.0,1489.3,1475.95,1485.15,4425185
2022-08-16,1494.8,1508.5,1488.05,1502.15,6281878
2022-08-17,1500.0,1512.75,1485.75,1509.9,6192175
2022-08-18,1500.0,1513.9,1499.65,1511.7,4171069
2022-08-19,1510.0,1512.0,1490.0,1493.05,4031851
2022-08-22,1484.8,1488.35,1467.7,1470.35,4117033
2022-08-23,1453.3,1475.95,1450.4,1465.8,7483442
2022-08-24,1461.9,1475.5,1459.2,1472.85,6727760
2022-08-25,1479.9,1486.8,1457.0,1464.85,5911520
2022-08-26,1472.05,1481.8,1461.2,1465.1,3853088
2022-08-29,1437.0,1446.0,1428.6,1439.4,4326589
2022-08-30,1446.45,1489.95,1443.1,1486.1,5067700
2022-09-01,1464.75,1489.45,1459.0,1472.15,11201568
2022-09-02,1472.15,1490.5,1465.2,1485.5,6019043
2022-09-05,1486.1,1499.0,1484.1,1495.05,6065966
2022-09-06,1498.9,1506.65,1486.45,1489.35,6119348
2022-09-07,1471.3,1490.0,1471.3,1482.3,4888103
2022-09-08,1490.1,1500.0,1482.15,1497.6,5582345
2022-09-09,1496.2,1509.0,1494.05,1498.6,7564444
2022-09-13,1498.9,1515.9,1498.55,1513.1,6500983
2022-09-14,1494.05,1538.9,1492.35,1528.65,10109880
2022-09-15,1530.0,1540.95,1512.0,1520.7,6769686
2022-09-16,1503.1,1514.7,1483.0,1492.75,10280023
2022-09-19,1489.0,1514.0,1480.0,1502.6,6038019
2022-09-20,1514.0,1524.0,1509.9,1520.7,5390834
2022-09-21,1508.0,1521.5,1505.0,1518.35,4536152
2022-09-22,1502.0,1510.15,1482.75,1486.0,6024072
2022-09-23,1472.35,1475.0,1437.0,1446.15,7903126
2022-09-26,1425.35,1436.45,1418.0,1426.65,4461743
2022-09-27,1432.4,1440.0,1407.0,1413.85,6319850
2022-09-28,1406.0,1410.6,1385.9,1389.55,5908066
2022-09-29,1396.3,1402.2,1378.8,1382.35,7205194
2022-09-30,1378.8,1431.45,1365.0,1421.35,7890878
2022-10-03,1409.95,1417.85,1401.1,1413.2,5770556
2022-10-04,1429.5,1458.0,1426.15,1453.0,5769263
2022-10-06,1459.95,1462.6,1434.2,1437.0,6274599
2022-10-07,1430.25,1434.95,1420.35,1430.8,6648997
2022-10-10,1408.0,1426.0,1398.2,1415.0,6554651
2022-10-11,1401.1,1417.0,1399.45,1400.65,7260810
2022-10-12,1403.2,1414.85,1397.3,1409.8,4612525
2022-10-13,1402.05,1406.25,1384.0,1393.6,7357117
2022-10-14,1417.0,1447.0,1415.25,1439.0,6424960
2022-10-17,1435.0,1457.6,1427.0,1446.55,9205250
2022-10-18,1458.05,1462.9,1440.0,1443.85,5280554
2022-10-19,1464.0,1477.4,1453.4,1458.65,6483520
2022-10-20,1444.0,1452.9,1442.5,1448.8,3949039
2022-10-21,1452.0,1457.65,1434.0,1438.6,5246303
2022-10-25,1461.1,1467.8,1445.0,1450.9,6886697
2022-10-27,1464.5,1467.35,1451.25,1454.4,7968638
2022-10-28,1450.0,1467.0,1447.4,1458.7,5237139
2022-10-31,1472.0,1498.0,1467.25,1496.7,6415264
2022-11-01,1503.5,1529.0,1498.9,1513.25,9536878
2022-11-02,1517.0,1528.25,1511.6,1514.2,6360203
2022-11-03,1497.7,1520.25,1497.0,1507.55,5166176
2022-11-04,1503.2,1516.1,1489.6,1497.15,5409030
2022-11-07,1510.0,1512.0,1492.1,1508.8,4917917
2022-11-09,1515.05,1517.95,1504.0,1508.35,4634895
2022-11-10,1497.1,1527.0,1495.05,1524.75,6387091
2022-11-11,1545.0,1637.0,1538.0,1611.15,28361169
2022-11-14,1612.0,1628.0,1598.0,1615.05,9597695
2022-11-16,1618.65,1642.0,1612.0,1632.9,6789075
2022-11-17,1618.1,1631.55,1613.9,1618.15,6050465
2022-11-18,1621.0,1623.0,1605.25,1613.9,5229616
2022-11-21,1607.65,1612.0,1590.2,1597.35,4172408
2022-11-22,1600.0,1604.35,1591.0,1595.0,4273157
2022-11-23,1605.0,1605.0,1594.0,1599.15,5092869
2022-11-24,1605.95,1632.0,1599.15,1625.15,8598980
2022-11-25,1629.7,1631.7,1614.1,1617.65,4205248
2022-11-28,1602.9,1607.45,1594.05,1600.25,8052990
2022-11-29,1597.25,1612.35,1592.85,1597.85,6319118
2022-11-30,1597.1,1612.9,1597.1,1608.45,7592403
2022-12-01,1622.0,1637.0,1615.0,1619.5,10223183
2022-12-02,1610.0,1618.6,1605.15,1607.1,3905539
2022-12-05,1609.95,1614.6,1596.2,1612.95,5796311
2022-12-06,1601.0,1613.7,1600.0,1611.15,6176546
2022-12-07,1614.15,1618.6,1604.45,1610.45,5837360
2022-12-08,1610.0,1626.0,1605.0,1619.5,7401817
2022-12-09,1626.0,1634.85,1620.0,1631.05,5981692
2022-12-12,1625.0,1653.6,1621.4,1643.75,7217404
2022-12-13,1650.0,1657.0,1645.0,1648.3,8515851
2022-12-14,1653.0,1665.5,1650.0,1662.25,7113820
2022-12-15,1657.05,1669.4,1627.05,1631.8,9091324
2022-12-16,1620.05,1645.1,1609.0,1639.65,7323979
2022-12-19,1644.0,1646.65,1626.2,1644.75,4802271
2022-12-20,1620.2,1636.4,1620.2,1633.4,3587349
2022-12-21,1641.0,1644.8,1606.55,1617.6,4634599
2022-12-22,1622.2,1627.5,1609.0,1612.05,4873548
2022-12-23,1587.0,1604.15,1585.45,1597.65,5346576
2022-12-26,1599.5,1639.0,1590.0,1629.45,4953661
2022-12-27,1633.0,1635.95,1613.5,1631.1,3963386
2022-12-28,1623.1,1633.0,1623.1,1629.8,4345935
2022-12-29,1620.1,1643.5,1611.0,1641.3,5506448
2022-12-30,1645.0,1645.0,1620.0,1628.15,3561320
2023-01-03,1622.2,1643.0,1622.2,1639.35,4189015
2023-01-04,1635.0,1645.75,1607.0,1610.05,5175800
2023-01-05,1615.0,1618.05,1589.4,1599.7,5470718
2023-01-06,1602.0,1609.1,1578.2,1594.4,4546231
2023-01-09,1596.0,1611.55,1590.0,1597.5,5364670
2023-01-10,1600.0,1600.0,1565.0,1568.3,8185883
2023-01-11,1567.95,1598.0,1560.0,1590.9,7597899
2023-01-13,1598.75,1609.9,1586.0,1600.65,4622273
2023-01-16,1615.0,1621.3,1580.3,1585.3,7374047
2023-01-17,1589.8,1611.0,1577.5,1608.9,5393177
2023-01-18,1605.0,1641.6,1599.7,1637.3,9545321
2023-01-19,1637.0,1650.0,1633.0,1644.1,5586081
2023-01-20,1644.1,1669.0,1643.4,1660.95,9421702
2023-01-23,1666.25,1682.6,1661.4,1673.1,7722200
2023-01-24,1675.05,1702.4,1675.0,1695.5,12491970
2023-01-25,1691.4,1692.95,1645.3,1648.65,7352071
2023-01-27,1632.0,1637.0,1589.95,1615.8,17589974
2023-01-30,1595.0,1625.3,1582.0,1614.15,9256411
2023-01-31,1619.7,1622.7,1595.0,1603.5,9298122
2023-02-01,1624.0,1665.0,1606.0,1627.55,8651395
2023-02-02,1608.1,1624.5,1588.75,1603.35,8748553
2023-02-03,1611.0,1660.5,1607.0,1658.8,7205550
2023-02-07,1659.4,1664.9,1632.6,1654.2,5132294
2023-02-08,1654.25,1668.2,1650.0,1654.0,4222413
2023-02-09,1660.0,1661.65,1635.55,1650.55,5888668
2023-02-10,1648.8,1658.5,1642.2,1657.1,4086058
2023-02-13,1655.0,1661.75,1644.55,1658.35,2868472
2023-02-14,1665.0,1677.5,1657.95,1673.7,5454296
2023-02-15,1678.0,1678.0,1656.75,1670.3,5719356
2023-02-16,1673.2,1681.9,1661.0,1664.25,4031250
2023-02-17,1661.0,1668.15,1642.95,1655.9,4478135
2023-02-20,1660.0,1669.45,1634.8,1640.35,4043353
2023-02-21,1640.0,1662.35,1634.0,1646.5,6194648
2023-02-22,1639.0,1641.95,1609.05,1614.2,5179551
2023-02-23,1613.0,1618.85,1592.1,1603.25,13941005
2023-02-24,1617.9,1617.9,1585.2,1588.95,8530870
2023-02-27,1585.9,1599.0,1577.3,1592.9,7156486
2023-02-28,1592.0,1605.3,1588.7,1599.6,9496996
2023-03-01,1612.0,1613.0,1595.75,1598.05,7068628
2023-03-02,1594.0,1605.95,1582.0,1584.45,8695907
2023-03-03,1596.0,1620.0,1588.0,1615.9,7493117
2023-03-06,1620.0,1639.45,1618.05,1627.3,13502355
2023-03-08,1620.0,1639.5,1620.0,1630.55,10049887
2023-03-09,1629.95,1645.95,1627.0,1630.7,10350083
2023-03-10,1610.45,1613.75,1585.0,1588.65,13693500
2023-03-13,1587.9,1603.8,1564.95,1568.55,13221775
2023-03-14,1570.25,1583.6,1559.3,1564.35,16592806
2023-03-15,1578.0,1582.9,1536.6,1541.9,18632377
2023-03-16,1539.0,1559.1,1532.05,1551.9,10876671
2023-03-17,1557.5,1579.2,1540.0,1572.65,11475438
2023-03-20,1567.95,1568.1,1545.4,1561.75,13251557
2023-03-21,1571.95,1582.5,1556.2,1579.45,16525247
2023-03-22,1584.0,1586.05,1565.3,1575.8,7088662
2023-03-23,1567.75,1590.35,1558.55,1563.15,14182089
2023-03-24,1560.0,1573.9,1554.95,1560.65,15738874
2023-03-27,1562.2,1579.45,1558.9,1567.45,15936003
2023-03-28,1565.7,1582.9,1564.1,1580.2,19638151
2023-03-29,1584.0,1602.0,1581.9,1587.8,19881806
2023-03-31,1595.6,1612.95,1592.4,1609.55,17355614
2023-04-03,1607.55,1615.7,1602.75,1610.55,20012699
2023-04-05,1618.6,1656.0,1616.0,1653.75,21682696
2023-04-06,1648.55,1669.2,1647.1,1666.35,22318672
2023-04-10,1663.25,1671.0,1654.0,1658.45,15906643
2023-04-11,1659.0,1669.4,1651.1,1663.3,21180771
2023-04-12,1668.0,1688.2,1667.8,1684.9,13477752
2023-04-13,1688.3,1697.05,1678.15,1692.45,17665043
2023-04-17,1720.0,1720.0,1653.3,1666.65,16202574
2023-04-18,1670.0,1677.25,1656.4,1659.6,14818613
2023-04-19,1665.0,1670.3,1657.15,1665.7,12370584
2023-04-20,1671.7,1677.45,1666.4,1671.9,16461358
2023-04-21,1669.0,1676.95,1663.25,1674.6,10064309
2023-04-24,1687.0,1691.45,1674.1,1688.15,17837926
2023-04-25,1687.7,1687.7,1661.9,1664.15,25176534
2023-04-26,1660.0,1675.0,1655.0,1671.8,13696375
2023-04-27,1670.5,1685.25,1665.85,1681.0,23895196
2023-04-28,1684.7,1691.0,1670.0,1687.6,13958136
2023-05-02,1688.7,1699.0,1682.0,1687.25,16110592
2023-05-03,1684.95,1696.0,1679.65,1693.15,14703635
2023-05-04,1687.1,1734.45,1687.1,1727.8,28427319
2023-05-05,1639.0,1660.95,1622.1,1625.65,31385208
2023-05-08,1635.0,1650.35,1630.0,1644.45,18622262
2023-05-09,1649.9,1656.0,1639.95,1644.5,21844469
2023-05-10,1644.5,1654.65,1633.1,1652.1,23170275
2023-05-12,1647.0,1672.8,1644.25,1667.8,11239380
2023-05-15,1672.0,1680.75,1665.1,1675.8,9256130
2023-05-16,1671.8,1671.8,1644.0,1647.3,16361043
2023-05-17,1650.0,1650.0,1625.35,1638.45,15233434
2023-05-18,1648.0,1653.95,1640.0,1645.0,24823471
2023-05-19,1648.0,1650.0,1631.55,1646.9,15230166
2023-05-22,1645.0,1652.9,1632.7,1641.05,14167016
2023-05-23,1649.0,1649.6,1633.45,1637.2,11235037
2023-05-24,1627.55,1634.75,1613.6,1615.8,16794056
2023-05-25,1615.7,1620.05,1597.35,1609.6,14888465
2023-05-26,1619.0,1619.0,1602.25,1615.8,13317533
2023-05-29,1628.5,1641.0,1624.85,1635.5,10908146
2023-05-30,1633.6,1642.65,1628.55,1636.75,18562964
2023-05-31,1629.9,1634.95,1604.65,1610.85,21667135
2023-06-01,1619.9,1619.9,1600.0,1604.0,25183469
2023-06-02,1612.45,1614.8,1601.0,1606.5,8929855
2023-06-05,1614.5,1616.5,1602.45,1604.4,9348621
2023-06-06,1607.65,1609.85,1592.25,1599.4,16091426
2023-06-07,1603.45,1612.55,1596.0,1607.7,12474513
2023-06-08,1603.25,1626.0,1603.25,1608.7,18697761
2023-06-09,1615.9,1618.5,1607.0,1610.6,9106289
2023-06-12,1612.55,1615.8,1599.45,1600.8,6704146
2023-06-13,1590.1,1609.0,1590.1,1603.5,13963054
2023-06-14,1610.45,1612.0,1600.2,1601.75,10056984
2023-06-15,1604.0,1605.95,1579.0,1582.05,17688738
2023-06-16,1587.15,1609.2,1584.0,1602.75,7889636
2023-06-19,1611.0,1614.25,1598.35,1604.15,12414573
2023-06-20,1604.15,1611.0,1590.65,1607.5,10002813
2023-06-21,1616.0,1637.25,1611.0,1635.6,12154473
2023-06-22,1640.0,1657.55,1639.05,1643.6,28298070
2023-06-23,1637.55,1659.9,1634.05,1643.5,10669609
2023-06-26,1645.0,1650.75,1628.7,1635.55,8065157
2023-06-27,1642.95,1672.9,1638.55,1658.6,16915932
2023-06-28,1670.0,1679.9,1660.5,1676.15,29781475
2023-06-30,1704.0,1708.8,1683.25,1701.4,20349508
2023-07-03,1712.5,1757.5,1710.0,1719.8,22052058
2023-07-04,1723.45,1747.0,1713.8,1728.2,19397594
2023-07-05,1716.25,1720.0,1668.55,1673.3,18582877
2023-07-06,1673.0,1687.85,1660.4,1675.0,26078272
2023-07-07,1665.0,1675.0,1656.3,1660.4,9963168
2023-07-10,1661.0,1676.75,1649.7,1656.45,19199221
2023-07-11,1663.0,1676.0,1645.5,1648.4,25335213
2023-07-12,1655.35,1666.3,1627.15,1632.95,35479179
2023-07-13,1656.7,1657.45,1638.05,1641.1,20956773
2023-07-14,1653.6,1653.6,1635.0,1644.5,12363607
2023-07-17,1650.0,1682.0,1633.0,1678.9,24626464
2023-07-18,1698.0,1704.0,1670.0,1677.5,40538409
2023-07-19,1681.1,1688.75,1675.0,1685.1,16467567
2023-07-20,1681.15,1692.0,1680.0,1688.75,28105474
2023-07-21,1680.0,1689.8,1673.25,1675.75,21077124
2023-07-24,1678.5,1684.65,1670.1,1678.4,16089722
2023-07-25,1684.65,1699.0,1678.4,1696.6,27996298
2023-07-26,1699.6,1699.6,1688.0,1690.7,12397179
2023-07-27,1699.9,1703.0,1667.45,1673.15,29870651
2023-07-28,1661.5,1668.9,1641.1,1643.5,20507842
2023-07-31,1650.05,1656.8,1638.7,1651.2,17282503
2023-08-01,1654.45,1667.45,1650.0,1662.25,17697094
2023-08-02,1642.0,1651.5,1633.15,1640.5,14058161
2023-08-03,1640.0,1651.35,1623.0,1628.65,28836973
2023-08-04,1635.15,1656.5,1629.25,1652.2,18694152
2023-08-07,1663.1,1663.1,1647.55,1651.25,14150459
2023-08-08,1651.7,1655.6,1642.05,1649.9,21886914
2023-08-09,1653.0,1654.5,1631.1,1650.5,16680618
2023-08-10,1647.05,1654.25,1631.0,1635.85,25390559
2023-08-11,1638.4,1638.4,1616.2,1618.8,14112911
2023-08-14,1611.0,1615.0,1600.25,1610.9,15652205
2023-08-16,1583.1,1609.65,1581.3,1606.2,17068771
2023-08-17,1597.6,1609.9,1594.0,1597.3,26442020
2023-08-18,1587.55,1596.3,1585.5,1590.75,12816683
2023-08-21,1600.5,1600.5,1587.0,1589.5,10918635
2023-08-22,1596.35,1598.0,1580.0,1582.7,16136785
2023-08-23,1580.0,1590.55,1573.25,1586.6,18249294
2023-08-24,1593.3,1596.2,1576.15,1579.3,21572896
2023-08-25,1574.55,1577.5,1558.4,1561.5,15034878
2023-08-28,1561.5,1582.65,1561.5,1577.75,14433619
2023-08-29,1589.7,1592.65,1581.45,1590.3,17769466
2023-08-30,1603.95,1603.95,1573.7,1578.7,14042102
2023-08-31,1579.0,1583.15,1563.1,1571.45,50037886
2023-09-01,1571.0,1579.0,1559.35,1574.7,21613388
2023-09-04,1590.0,1591.45,1574.9,1584.55,12536819
2023-09-06,1576.8,1600.0,1574.9,1595.5,28160455
2023-09-07,1595.5,1614.0,1587.15,1610.85,17104171
2023-09-08,1608.3,1632.9,1607.6,1623.4,17251105
2023-09-11,1628.9,1636.5,1624.0,1631.8,15786511
2023-09-12,1640.0,1642.9,1625.05,1636.9,19516670
2023-09-13,1631.3,1651.6,1628.6,1643.9,23210047
2023-09-14,1644.25,1650.0,1635.1,1642.9,11769424
2023-09-15,1650.0,1670.0,1650.0,1661.75,86705601
2023-09-18,1653.75,1655.0,1626.1,1629.05,18528144
2023-09-20,1599.0,1599.0,1560.4,1563.7,57737324
2023-09-21,1553.0,1568.95,1537.05,1553.35,36420721
2023-09-22,1559.0,1564.4,1523.75,1529.65,30852125
2023-09-25,1525.0,1540.7,1525.0,1531.0,20104377
2023-09-26,1525.0,1540.0,1525.0,1537.65,13787654
2023-09-27,1523.0,1532.5,1515.0,1526.85,19669269
2023-09-28,1534.0,1537.6,1518.35,1523.7,27677094
2023-09-29,1523.7,1535.45,1522.3,1526.3,16026891
2023-10-03,1527.0,1527.0,1506.0,1508.05,19485847
2023-10-04,1495.0,1535.0,1489.25,1529.55,27324715
2023-10-05,1535.05,1551.55,1532.6,1535.75,24256337
2023-10-06,1544.0,1545.0,1529.85,1534.05,8879678
2023-10-09,1528.0,1530.0,1512.0,1516.25,8227486
2023-10-10,1520.55,1529.0,1515.2,1524.85,16633146
2023-10-11,1530.1,1542.15,1528.5,1539.6,15666680
2023-10-12,1536.1,1552.0,1531.6,1549.85,11012668
2023-10-13,1540.0,1548.8,1529.95,1535.75,19872650
2023-10-16,1531.5,1534.45,1520.5,1529.6,8928042
2023-10-17,1555.75,1555.75,1535.0,1541.2,16451279
2023-10-18,1541.2,1541.2,1518.1,1519.75,15608100
2023-10-19,1505.4,1526.25,1503.2,1514.95,15126182
2023-10-20,1505.0,1527.0,1505.0,1522.8,10547005
2023-10-23,1523.5,1528.75,1500.1,1506.05,11188068
2023-10-25,1521.0,1522.8,1491.45,1496.5,14155998
2023-10-26,1491.25,1492.0,1460.25,1463.4,27780899
2023-10-30,1463.25,1489.95,1461.9,1485.1,11655491
2023-10-31,1504.0,1504.0,1474.0,1476.5,16317412
2023-11-01,1462.25,1477.45,1462.25,1474.5,16938733
2023-11-02,1485.0,1490.5,1467.15,1476.75,22612577
2023-11-03,1488.0,1491.4,1481.65,1483.75,9047670
2023-11-06,1498.0,1498.0,1483.0,1494.5,12796865
2023-11-08,1483.95,1493.45,1481.0,1491.55,15699773
2023-11-09,1486.0,1492.6,1483.5,1485.65,11058370
2023-11-10,1480.1,1496.0,1480.05,1491.5,7007593
2023-11-13,1492.1,1495.95,1485.9,1488.8,10302957
2023-11-15,1504.1,1510.95,1500.55,1504.4,20622730
2023-11-16,1509.7,1519.0,1503.75,1508.35,14856919
2023-11-17,1490.0,1507.5,1489.0,1505.1,11850937
2023-11-20,1513.0,1513.0,1501.55,1505.2,9665726
2023-11-21,1519.0,1522.0,1512.1,1517.95,12479986
2023-11-22,1520.0,1520.0,1503.55,1512.55,14561825
2023-11-23,1508.5,1523.85,1508.5,1521.3,6523110
2023-11-24,1521.2,1533.15,1519.85,1532.1,8234596
2023-11-28,1535.2,1537.25,1525.8,1528.65,14244669
2023-11-29,1533.9,1563.0,1533.0,1559.15,17021244
2023-11-30,1569.15,1572.45,1542.15,1558.8,34745720
2023-12-01,1557.9,1565.75,1552.1,1555.4,11076768
2023-12-04,1588.0,1612.0,1573.65,1609.4,25331228
2023-12-05,1636.5,1639.0,1616.5,1623.7,26115410
2023-12-06,1638.45,1638.45,1616.65,1627.8,19306530
2023-12-07,1625.0,1634.0,1616.2,1630.45,10225193
2023-12-08,1630.45,1655.0,1630.45,1653.2,16864019
2023-12-11,1650.05,1663.7,1647.0,1651.0,11593810
2023-12-12,1654.2,1656.25,1631.85,1634.6,18290738
2023-12-13,1632.45,1636.0,1615.1,1630.9,14673457
2023-12-14,1646.0,1658.95,1645.0,1650.15,17586183
2023-12-15,1650.0,1668.0,1646.6,1656.55,69418565
2023-12-18,1660.7,1664.7,1650.95,1655.7,9007377
2023-12-19,1650.0,1658.65,1644.05,1652.9,12004223
2023-12-20,1658.0,1668.95,1644.45,1657.0,17116260
2023-12-21,1657.0,1689.75,1650.25,1686.7,18294620
2023-12-22,1683.6,1685.9,1667.1,1670.85,24289425
2023-12-26,1673.25,1685.95,1668.55,1682.45,9022928
2023-12-27,1681.5,1706.5,1678.6,1703.3,13504539
2023-12-28,1709.3,1721.4,1702.0,1705.25,22038235
2023-12-29,1697.0,1714.9,1696.0,1709.25,12505713
2024-01-01,1706.0,1709.15,1692.0,1698.1,7119843
2024-01-02,1698.8,1702.8,1688.7,1699.1,14621046
2024-01-03,1702.0,1704.7,1668.95,1672.9,14194881
2024-01-04,1678.0,1694.95,1670.7,1690.85,13367028
2024-01-05,1687.15,1704.9,1668.1,1682.2,15944735
2024-01-08,1678.5,1682.35,1660.0,1663.45,8999235
2024-01-09,1667.15,1677.8,1646.75,1650.5,12663444
2024-01-10,1643.0,1659.95,1641.4,1655.95,8057912
2024-01-11,1660.0,1662.9,1643.0,1649.0,9157005
2024-01-12,1652.0,1656.0,1633.6,1641.2,9886776
2024-01-15,1647.7,1680.9,1643.6,1672.8,14160178
2024-01-16,1673.0,1683.65,1658.1,1679.15,12661250
2024-01-17,1570.0,1596.8,1528.4,1537.5,85072618
2024-01-18,1494.0,1515.0,1480.05,1486.15,80535465
2024-01-19,1505.95,1510.25,1468.4,1470.65,54800269
2024-01-20,1483.2,1495.7,1476.0,1478.85,12920293
2024-01-23,1465.0,1474.7,1425.0,1427.35,57734701
2024-01-24,1380.25,1458.45,1380.25,1455.9,43002202
2024-01-25,1452.5,1457.35,1419.4,1434.9,49470926
2024-01-29,1448.05,1462.8,1445.8,1454.65,32822749
2024-01-30,1454.55,1463.2,1440.9,1444.3,20864384
2024-01-31,1439.5,1474.95,1436.8,1462.55,32880520
2024-02-01,1465.05,1473.6,1456.05,1466.35,16345370
2024-02-02,1475.0,1480.85,1442.05,1446.15,22433877
2024-02-05,1446.0,1451.9,1434.05,1444.85,19302523
2024-02-06,1445.55,1449.7,1432.6,1444.1,20537870
2024-02-07,1453.0,1453.8,1426.65,1429.95,27418543
2024-02-08,1429.85,1438.95,1400.5,1403.05,34553062
2024-02-09,1392.15,1414.2,1387.0,1403.6,28321062
2024-02-12,1399.65,1413.65,1383.35,1390.0,17223906
2024-02-13,1391.95,1404.35,1384.35,1394.45,28790497
2024-02-14,1376.0,1391.5,1363.55,1384.05,45660405
2024-02-15,1385.0,1415.5,1384.35,1414.05,20792472
2024-02-16,1423.9,1427.7,1408.45,1419.9,16087871
2024-02-19,1429.0,1429.0,1415.2,1417.1,17225878
2024-02-20,1415.0,1457.25,1411.8,1454.3,28066754
2024-02-21,1464.0,1464.0,1435.0,1439.15,22946568
2024-02-22,1417.75,1428.8,1412.2,1419.55,25280441
2024-02-23,1422.55,1433.9,1418.0,1420.6,14916726
2024-02-26,1413.55,1434.85,1413.55,1422.3,11753435
2024-02-27,1413.55,1426.7,1413.05,1420.15,16043575
2024-02-28,1420.15,1424.2,1404.0,1409.4,12660993
2024-02-29,1402.1,1410.4,1397.3,1403.4,26647850
2024-03-01,1400.0,1432.75,1400.0,1430.75,17369449
2024-03-04,1430.95,1437.0,1424.3,1432.7,17808237
2024-03-05,1422.0,1443.0,1421.65,1440.85,18995836
2024-03-06,1433.55,1452.85,1433.55,1442.6,21204765
2024-03-07,1445.5,1451.05,1441.4,1446.1,24674023
2024-03-11,1430.0,1445.95,1423.0,1427.8,25265547
2024-03-12,1434.0,1464.0,1429.25,1459.55,32709227
2024-03-13,1465.5,1471.6,1450.1,1460.4,31533727
2024-03-14,1462.1,1466.0,1444.3,1455.45,26216079
2024-03-15,1450.0,1459.3,1442.25,1452.65,71806902
2024-03-18,1447.0,1456.0,1435.8,1446.05,10718928
2024-03-19,1435.5,1452.4,1435.5,1449.35,18091797
2024-03-20,1449.05,1451.65,1424.65,1431.05,21803047
2024-03-21,1442.6,1451.25,1438.3,1445.75,14461430
2024-03-22,1441.0,1450.75,1437.75,1442.85,22990163
2024-03-27,1423.55,1447.95,1421.25,1440.7,31084334
2024-03-28,1440.7,1460.5,1440.7,1447.9,27796071
2024-04-01,1458.0,1473.8,1455.6,1470.5,12599785
2024-04-02,1465.15,1494.85,1463.25,1480.15,20612723
2024-04-03,1472.1,1495.65,1471.4,1482.3,22792193
2024-04-04,1504.0,1530.0,1504.0,1527.6,44467533
2024-04-05,1539.0,1554.5,1530.15,1549.55,29527951
2024-04-08,1554.95,1557.25,1541.55,1546.6,10241470
2024-04-09,1554.85,1554.85,1540.3,1548.55,10942247
2024-04-10,1549.9,1549.9,1532.95,1536.35,13903700
2024-04-12,1521.0,1529.85,1513.45,1518.95,20542104
2024-04-15,1497.55,1510.0,1492.05,1494.7,11707624
2024-04-16,1487.0,1512.9,1482.25,1509.25,10372443
2024-04-18,1509.8,1518.85,1491.05,1494.7,17117442
2024-04-19,1486.55,1534.95,1480.25,1531.3,17288217
2024-04-22,1557.4,1557.4,1508.3,1512.2,21149219
2024-04-23,1526.3,1526.5,1503.25,1507.6,13413530
2024-04-24,1515.0,1521.75,1509.05,1511.7,11220790
2024-04-25,1506.25,1519.7,1506.25,1510.75,17722602
2024-04-26,1519.8,1528.0,1505.55,1509.8,12427347
2024-04-29,1515.0,1534.45,1506.55,1529.5,18046675
2024-04-30,1529.2,1539.5,1514.9,1520.1,26153691
2024-05-02,1522.0,1537.0,1520.35,1532.25,16737503
2024-05-03,1533.25,1540.6,1507.2,1519.6,15932621
2024-05-06,1522.0,1534.5,1517.15,1522.65,14396698
2024-05-07,1521.95,1524.05,1504.15,1506.15,14240301
2024-05-08,1495.95,1496.95,1480.35,1482.65,20843931
2024-05-09,1474.95,1486.75,1445.3,1447.5,23140639
2024-05-10,1439.0,1451.95,1426.8,1437.9,13638304
2024-05-13,1432.0,1459.8,1430.3,1455.25,13523601
2024-05-14,1452.25,1465.5,1450.3,1460.95,12832571
2024-05-15,1459.7,1459.7,1435.8,1438.5,19465998
2024-05-16,1446.05,1462.55,1435.5,1460.25,17472618
2024-05-17,1446.2,1468.0,1446.2,1464.1,10460095
2024-05-18,1466.0,1467.1,1463.05,1466.05,528557
2024-05-21,1450.1,1469.7,1450.1,1458.8,21884989
2024-05-22,1457.85,1465.6,1448.15,1459.2,19998139
2024-05-23,1458.65,1495.65,1457.05,1492.6,20430960
2024-05-24,1487.5,1519.9,1486.0,1517.2,15530103
2024-05-27,1523.35,1545.0,1519.05,1527.7,14692720
2024-05-28,1530.1,1536.05,1524.8,1530.5,13954452
2024-05-29,1518.0,1523.85,1501.25,1508.3,17573853
2024-05-30,1499.2,1523.6,1497.65,1514.85,16877675
2024-05-31,1519.0,1536.0,1514.0,1531.55,37039794
2024-06-03,1599.0,1599.0,1550.0,1572.2,36318628
2024-06-04,1557.0,1559.0,1454.0,1483.15,44765620
2024-06-05,1494.05,1559.6,1482.35,1551.8,40815825
2024-06-06,1564.9,1565.45,1546.6,1559.7,23211435
2024-06-07,1561.05,1584.35,1552.05,1573.35,18356108
2024-06-10,1574.0,1580.65,1557.6,1561.3,11227029
2024-06-11,1556.0,1571.0,1552.2,1564.8,14772663
2024-06-12,1575.0,1588.3,1566.4,1574.15,19640218
2024-06-13,1581.75,1585.7,1574.0,1580.75,12060096
2024-06-14,1584.0,1599.0,1577.7,1596.9,12770277
2024-06-18,1596.9,1610.5,1589.45,1607.8,16207857
2024-06-19,1613.4,1669.9,1604.0,1657.85,45065598
2024-06-20,1669.8,1681.45,1652.0,1669.35,20704371
2024-06-21,1672.85,1672.85,1643.15,1665.75,25815388
2024-06-24,1647.0,1675.1,1645.75,1672.4,14272497
2024-06-25,1671.1,1716.95,1671.1,1711.35,37260774
2024-06-26,1707.95,1710.9,1691.1,1701.5,23798333
2024-06-27,1696.1,1713.0,1686.6,1696.15,27537325
2024-06-28,1697.6,1706.6,1679.0,1683.8,13238023
2024-07-01,1680.0,1707.3,1680.0,1705.2,10593512
2024-07-02,1715.0,1734.9,1702.75,1730.6,22960845
2024-07-03,1791.0,1794.0,1764.65,1768.65,61608901
2024-07-04,1759.75,1759.75,1724.85,1727.15,22924329
2024-07-05,1685.0,1685.0,1642.2,1648.1,41121274
2024-07-08,1645.3,1654.95,1627.15,1635.35,19543900
2024-07-09,1625.0,1646.7,1620.35,1636.5,24275439
2024-07-10,1629.95,1640.0,1620.75,1626.1,22753591
2024-07-11,1623.95,1625.85,1601.0,1621.9,22088537
2024-07-12,1622.0,1638.4,1611.15,1622.7,28024980
2024-07-15,1623.5,1629.8,1615.2,1622.1,16687847
2024-07-16,1620.75,1627.0,1616.8,1619.75,14475162
2024-07-18,1608.0,1623.95,1599.15,1614.8,16858532
2024-07-19,1616.0,1623.0,1603.5,1607.3,13001076
2024-07-22,1617.0,1651.0,1612.65,1642.55,26872411
2024-07-23,1647.55,1647.8,1605.0,1618.4,26001076
2024-07-24,1608.15,1621.0,1588.05,1604.05,30864103
2024-07-25,1593.0,1625.0,1593.0,1616.6,12767866
2024-07-26,1605.0,1621.75,1596.45,1618.15,21905270
2024-07-29,1615.0,1631.85,1598.3,1605.05,25500574
2024-07-30,1602.0,1634.75,1599.0,1615.55,27297917
2024-07-31,1614.0,1627.9,1609.2,1615.75,18910242
2024-08-01,1622.9,1650.05,1617.95,1638.8,13107587
2024-08-02,1631.0,1670.5,1631.0,1659.15,22059619
2024-08-05,1640.1,1646.0,1601.0,1615.75,20666817
2024-08-06,1630.0,1632.95,1593.3,1601.2,22558025
2024-08-07,1617.0,1630.0,1602.2,1623.5,21173132
2024-08-08,1624.0,1653.3,1619.25,1642.7,16988475
2024-08-09,1652.0,1662.55,1645.8,1650.2,13322309
2024-08-12,1652.0,1675.95,1647.35,1660.1,19658098
2024-08-13,1628.0,1632.4,1601.15,1603.2,27027521
2024-08-14,1606.5,1613.7,1603.2,1607.8,16167214
2024-08-16,1628.5,1634.15,1611.0,1632.1,13924623
2024-08-19,1637.65,1637.65,1623.7,1631.55,9751082
2024-08-20,1627.45,1646.0,1627.45,1637.7,15567247
2024-08-21,1628.1,1634.55,1617.8,1625.8,23815452
2024-08-22,1632.0,1638.3,1628.0,1631.3,10650319
2024-08-23,1634.0,1634.0,1623.0,1625.05,10166711
2024-08-26,1632.2,1647.95,1632.2,1639.95,11182133
2024-08-27,1643.4,1647.4,1632.2,1637.75,17886622
2024-08-28,1637.75,1639.75,1630.2,1637.1,13460594
2024-08-29,1642.0,1644.4,1631.15,1638.55,24526302
2024-08-30,1656.0,1662.0,1621.15,1636.9,222671050
2024-09-02,1646.8,1646.8,1623.2,1626.95,17024840
2024-09-03,1634.0,1639.95,1624.6,1637.35,18641430
2024-09-04,1639.0,1644.8,1632.0,1641.8,12341372
2024-09-05,1646.0,1649.9,1642.0,1645.45,11438159
2024-09-06,1638.3,1647.75,1634.1,1636.95,13014801
2024-09-09,1638.0,1648.5,1630.1,1646.5,11896457
2024-09-10,1654.0,1654.0,1638.0,1650.35,13303323
2024-09-11,1650.4,1652.5,1639.2,1643.9,11113342
2024-09-12,1654.0,1670.0,1647.05,1666.6,16212023
2024-09-13,1674.0,1674.0,1657.05,1665.95,11930266
2024-09-17,1678.0,1678.0,1664.15,1668.8,10063561
2024-09-18,1671.85,1698.9,1671.1,1694.8,20458671
2024-09-19,1699.2,1719.0,1699.15,1708.5,15325888
2024-09-20,1716.5,1744.95,1707.55,1741.2,30311693
2024-09-23,1749.0,1766.35,1740.25,1759.8,13482675
2024-09-24,1765.0,1781.65,1754.25,1768.05,16519518
2024-09-25,1760.15,1788.0,1760.15,1779.1,15982656
2024-09-26,1773.05,1788.0,1768.05,1783.45,15949822
2024-09-27,1777.0,1778.2,1750.0,1752.65,17806751
2024-09-30,1748.8,1751.45,1724.4,1732.05,13191767
2024-10-01,1724.0,1742.0,1720.1,1726.2,12286142
2024-10-03,1715.65,1726.15,1673.35,1682.0,24236699
2024-10-04,1674.5,1690.65,1653.0,1657.65,24341616
2024-10-07,1652.2,1659.0,1613.0,1617.8,47229148
2024-10-08,1630.0,1656.8,1622.0,1651.05,14867203
2024-10-09,1649.5,1656.75,1628.7,1633.15,20562821
2024-10-10,1639.0,1665.45,1632.5,1662.4,10877383
2024-10-11,1664.45,1664.45,1643.25,1651.0,11836297
2024-10-14,1656.05,1692.05,1654.0,1688.1,9263754
2024-10-15,1694.0,1698.0,1675.5,1684.1,9825565
2024-10-16,1680.1,1707.95,1680.1,1699.8,10235341
2024-10-17,1694.95,1697.65,1665.2,1673.15,7347866
2024-10-18,1663.1,1691.0,1654.1,1681.85,12404862
2024-10-21,1715.0,1748.15,1711.05,1728.7,23274177
2024-10-22,1730.05,1740.0,1710.7,1714.55,19437640
2024-10-23,1705.05,1746.5,1705.05,1735.8,19018045
2024-10-24,1738.1,1768.65,1738.1,1749.65,15416129
2024-10-25,1755.0,1757.85,1728.7,1743.4,13065239
2024-10-28,1742.0,1751.0,1728.9,1734.2,11006071
2024-10-29,1726.15,1764.0,1725.1,1751.85,17897463
2024-10-30,1742.0,1754.75,1724.2,1734.6,16357862
2024-10-31,1728.0,1738.9,1719.4,1735.7,11447956
2024-11-04,1745.0,1745.0,1710.9,1714.1,14044624
2024-11-05,1703.0,1762.7,1697.9,1757.85,22116203
2024-11-06,1771.5,1771.5,1745.35,1755.25,13893955
2024-11-07,1744.3,1760.95,1738.0,1746.55,9447728
2024-11-08,1752.0,1761.8,1745.85,1754.45,9951493
2024-11-11,1754.55,1782.8,1751.2,1766.3,12282681
2024-11-12,1772.0,1775.0,1708.65,1718.2,15697703
2024-11-13,1716.75,1729.4,1673.0,1681.35,17864250
2024-11-14,1673.1,1704.85,1672.1,1692.75,13573235
2024-11-19,1714.0,1753.75,1702.7,1742.25,25490636
2024-11-21,1749.4,1759.0,1734.2,1741.2,17858256
2024-11-22,1743.55,1754.3,1729.55,1745.6,12386806
2024-11-25,1785.05,1803.55,1764.9,1785.6,213868637
2024-11-26,1810.0,1810.0,1769.8,1785.55,15467783
2024-11-27,1789.9,1817.35,1785.15,1812.3,16357488
2024-11-28,1819.0,1836.1,1788.0,1793.15,17861196
2024-11-29,1801.3,1804.6,1782.9,1796.05,13834768
2024-12-02,1803.5,1808.15,1775.0,1804.7,7555438
2024-12-03,1822.7,1837.4,1816.1,1826.3,21705121
2024-12-04,1838.0,1865.0,1831.15,1860.1,22334542
2024-12-05,1860.0,1879.95,1835.2,1865.75,19841357
2024-12-06,1857.0,1864.2,1844.0,1855.85,8891578
2024-12-09,1853.65,1880.0,1849.0,1870.0,13473956
2024-12-10,1877.7,1877.7,1858.55,1868.1,6662740
2024-12-11,1861.7,1871.9,1856.75,1863.1,7022713
2024-12-12,1851.0,1868.65,1848.7,1859.25,8646895
2024-12-13,1862.5,1875.0,1829.25,1871.75,9504501
2024-12-16,1865.1,1869.95,1855.25,1865.2,6553541
2024-12-17,1856.35,1862.35,1826.5,1833.25,10539766
2024-12-18,1829.85,1836.0,1807.15,1810.7,11711156
2024-12-19,1799.6,1801.1,1779.0,1793.5,12690385
2024-12-20,1782.2,1797.55,1767.05,1771.5,12846174
2024-12-23,1782.0,1806.0,1781.3,1801.0,5522296
2024-12-24,1802.05,1808.7,1789.55,1798.1,7242917
2024-12-26,1798.55,1812.0,1780.75,1790.75,5240839
2024-12-27,1794.8,1805.95,1789.1,1798.25,3629665
2024-12-30,1792.2,1815.0,1771.0,1777.9,11111109
2024-12-31,1770.3,1781.8,1765.6,1772.85,7058618
2025-01-02,1777.1,1803.45,1773.0,1793.75,9279288
2025-01-03,1791.0,1795.25,1746.3,1749.2,12213097
2025-01-06,1740.1,1757.2,1705.8,1710.5,9408174
2025-01-07,1715.0,1721.0,1700.0,1713.4,6763953
2025-01-08,1708.25,1711.65,1683.35,1694.3,9869095
2025-01-09,1684.15,1689.0,1658.1,1667.8,20210111
2025-01-10,1671.0,1674.9,1654.0,1656.75,8726640
2025-01-13,1640.0,1646.75,1624.3,1630.85,10834533
2025-01-14,1639.9,1656.2,1637.0,1646.6,13330716
2025-01-15,1656.5,1662.7,1636.3,1643.05,7011446
2025-01-16,1652.85,1660.55,1642.85,1652.05,10606227
2025-01-17,1643.5,1650.5,1628.5,1636.75,11556038
2025-01-20,1626.0,1660.95,1626.0,1651.25,8778809
2025-01-22,1642.4,1671.9,1625.45,1666.05,15309653
2025-01-23,1687.0,1687.0,1651.25,1664.9,17454579
2025-01-24,1660.0,1670.3,1644.5,1649.8,12118100
2025-01-27,1641.1,1643.6,1626.0,1629.8,11402083
2025-01-28,1647.0,1684.3,1647.0,1670.4,15089656
2025-01-29,1675.0,1681.15,1668.85,1677.3,6309945
2025-01-30,1681.0,1697.9,1672.55,1691.5,12872423
2025-01-31,1687.25,1704.7,1683.95,1698.75,7910843
2025-02-03,1670.0,1686.8,1663.45,1678.0,10138270
2025-02-04,1688.7,1725.8,1680.05,1720.9,14308251
2025-02-05,1733.0,1744.2,1718.9,1737.8,11837753
2025-02-06,1735.5,1749.0,1724.0,1743.85,13380358
2025-02-07,1750.0,1767.0,1725.0,1732.75,11754800
2025-02-10,1717.3,1723.45,1708.5,1715.75,8597975
2025-02-11,1703.0,1711.0,1688.7,1701.4,11362352
2025-02-12,1693.0,1712.0,1681.2,1706.8,11404785
2025-02-13,1699.0,1714.25,1693.55,1697.7,6301217
2025-02-14,1701.9,1701.9,1680.0,1694.85,9979946
2025-02-17,1685.2,1720.0,1681.25,1717.35,6469473
2025-02-18,1713.05,1731.55,1706.15,1723.05,8175455
2025-02-19,1717.0,1737.9,1712.45,1727.2,5942056
2025-02-20,1711.0,1714.7,1685.3,1687.1,13195255
2025-02-21,1680.9,1694.95,1677.25,1692.5,7840470
2025-02-24,1681.1,1684.2,1661.1,1677.1,10346823
2025-02-25,1671.1,1688.0,1671.1,1682.35,12069354
2025-02-27,1682.55,1710.75,1682.55,1700.7,17893400
2025-02-28,1685.0,1737.25,1685.0,1732.4,27258364
2025-03-03,1739.8,1743.05,1694.1,1701.55,10602682
2025-03-04,1698.0,1714.3,1693.25,1710.0,9960479
2025-03-05,1701.95,1710.8,1688.25,1690.0,10791936
2025-03-06,1687.0,1699.9,1672.25,1691.2,16483044
2025-03-07,1682.0,1701.15,1677.6,1689.25,6686457
2025-03-11,1682.4,1694.0,1670.05,1685.5,9949215
2025-03-12,1691.55,1718.5,1691.55,1711.15,9392053
2025-03-13,1716.05,1720.8,1700.05,1706.6,7868132
2025-03-17,1705.0,1724.0,1705.0,1710.4,9475957
2025-03-18,1728.0,1737.4,1715.05,1732.2,10953589
2025-03-19,1735.0,1751.0,1732.2,1744.1,7610703
2025-03-20,1754.0,1774.0,1749.3,1768.75,8916989
2025-03-21,1755.55,1774.1,1755.55,1770.35,16754132
2025-03-24,1779.0,1804.4,1773.65,1800.0,8696868
2025-03-25,1804.9,1843.7,1801.5,1821.45,19550708
2025-03-26,1825.0,1827.5,1802.0,1806.55,12239221
2025-03-27,1800.0,1841.0,1798.1,1825.35,20829050
2025-03-28,1829.0,1836.0,1805.85,1828.2,14386824
2025-04-01,1802.0,1809.9,1765.35,1767.85,14255503
2025-04-02,1770.7,1799.2,1770.7,1796.9,5786782
2025-04-03,1781.1,1804.0,1777.0,1794.85,5625019
2025-04-04,1813.0,1841.95,1811.1,1817.3,16770227
2025-04-07,1762.8,1779.85,1738.2,1757.7,18997725
2025-04-08,1765.0,1782.0,1750.3,1769.15,17781936
2025-04-09,1765.0,1775.0,1753.5,1765.0,11227304
2025-04-11,1774.75,1819.4,1774.75,1806.75,16387883
2025-04-15,1865.0,1876.8,1855.0,1864.9,24649172
2025-04-16,1883.8,1883.8,1860.5,1878.0,9568410
2025-04-17,1882.0,1919.7,1876.7,1906.7,17851542
2025-04-21,1924.0,1950.7,1910.0,1927.1,17123649
2025-04-22,1935.0,1970.6,1935.0,1961.7,22980875
2025-04-23,1978.9,1978.9,1920.5,1923.9,15285321
2025-04-24,1910.0,1923.9,1905.1,1916.8,12965877
2025-04-25,1924.8,1933.0,1891.8,1911.2,9250439
2025-04-28,1911.2,1929.7,1908.4,1920.2,6960246
2025-04-29,1918.8,1928.8,1900.2,1908.8,9459154
2025-04-30,1913.0,1936.9,1910.3,1925.0,15968435
2025-05-02,1929.8,1941.9,1920.0,1925.0,11406024
2025-05-05,1939.0,1952.0,1932.3,1936.8,7534012
2025-06-20,1931.6,1969.9,1931.6,1964.7,16450204
2025-06-23,1948.4,1957.9,1941.8,1948.4,5869759
2025-06-24,1965.0,1979.0,1955.6,1960.9,11312661
2025-06-25,1966.0,1982.0,1963.9,1980.2,9202966
2025-06-26,1981.4,2027.1,1980.0,2021.8,25042415
2025-06-27,2013.0,2019.8,1993.4,2014.9,14106692
2025-06-30,2011.5,2013.8,1995.5,2001.5,6824510
2025-07-01,2005.0,2016.0,2004.0,2012.1,7194693
2025-07-02,2019.9,2019.9,1977.9,1986.0,9439125
2025-07-03,1994.9,2008.0,1984.3,1987.1,8430253
2025-07-04,1987.1,2003.5,1980.0,1989.3,3931972
2025-07-07,1989.0,1998.4,1983.8,1987.4,5674713
2025-07-08,1977.0,2005.0,1977.0,2001.4,7612158
2025-07-09,2007.0,2013.8,1998.1,2011.2,6930714
2025-07-10,2016.0,2017.0,2000.0,2006.2,8515155
2025-07-11,1998.0,2004.8,1980.9,1983.7,6258461
2025-07-14,1983.0,1988.7,1970.6,1983.0,6544425
2025-07-15,1973.0,2003.6,1973.0,1995.5,7249084
2025-07-16,2018.0,2022.7,1992.6,1996.3,8997306
2025-07-17,2004.0,2004.8,1982.7,1986.9,11264579
2025-07-18,1986.9,1997.0,1953.0,1957.4,8064723
2025-07-21,1978.2,2002.0,1976.5,2000.5,11154539
2025-07-22,2013.1,2018.0,2003.0,2007.1,7418407
2025-07-23,2011.0,2029.8,2003.0,2024.3,6817458
2025-07-24,2037.7,2037.7,2008.4,2014.2,9553588
2025-07-25,2015.0,2015.0,1999.0,2004.6,4653299
2025-07-28,2003.0,2021.4,2000.5,2008.5,6029790
2025-07-29,1999.9,2026.5,1996.3,2021.6,9947848
2025-07-30,2028.0,2032.6,2017.0,2025.8,7577018
2025-07-31,2014.6,2031.4,2008.0,2018.2,11091516
2025-08-01,2014.0,2028.3,2009.3,2012.2,5658629
2025-08-04,2010.1,2018.5,1988.1,1992.0,6966973
2025-08-05,1986.5,1994.4,1965.5,1977.6,11989029
2025-08-07,1980.1,2001.6,1976.8,1995.4,6540593
2025-08-08,1987.1,1992.8,1970.0,1973.9,6947632
2025-08-11,1975.9,1997.6,1973.1,1995.6,4552927
2025-08-12,1991.9,1996.0,1967.5,1969.9,6468901
2025-08-13,1994.0,1994.0,1969.1,1980.3,6788698
2025-08-14,1978.0,1996.0,1971.2,1991.1,8755858
2025-08-18,2010.0,2026.6,1995.6,2003.6,9642398
2025-08-19,1998.3,2006.1,1986.7,1991.1,6176219
2025-08-20,1987.0,1992.0,1979.0,1988.2,4975114
2025-08-21,1997.5,1997.5,1983.2,1991.2,6219925
2025-08-22,1989.9,1996.0,1957.1,1964.6,9916751
2025-08-25,1960.2,1977.4,1957.0,1964.1,8759022
2025-08-26,979.5,985.7,968.0,973.4,16917731
2025-08-28,967.0,972.2,955.0,957.8,25438255
2025-08-29,954.0,963.3,950.1,951.6,14823813
2025-09-01,949.6,957.45,946.35,950.6,20178344
2025-09-02,951.0,954.8,944.0,944.5,14196320
2025-09-03,945.0,956.3,940.0,954.45,16083481
2025-09-04,960.2,965.7,956.25,961.25,17597657
2025-09-05,967.5,967.5,954.05,963.4,11602111
2025-09-08,969.0,973.15,960.45,966.0,11711307
2025-09-09,974.0,974.4,962.7,965.15,13985539
2025-09-10,973.9,973.9,961.7,965.9,18091100
2025-09-11,960.3,969.25,959.9,967.8,15113633
2025-09-12,969.9,970.75,962.25,967.3,14363519
2025-09-15,969.6,972.35,965.0,967.05,14486377
2025-09-16,961.2,969.35,961.2,966.85,18661794
2025-09-17,965.15,974.4,964.35,966.5,17361476
2025-09-18,973.3,979.65,969.25,976.9,17791598
2025-09-19,974.9,976.7,962.1,966.9,31243267
2025-09-22,964.0,971.2,961.95,964.2,10854415
2025-09-23,967.0,968.2,955.5,957.2,21022298
2025-09-24,952.2,956.45,943.0,951.05,15117220
2025-09-25,952.5,958.0,947.4,949.85,31413279
2025-09-26,945.1,951.45,941.3,945.05,14874656
2025-09-29,946.05,956.8,939.1,950.3,32398179
2025-09-30,958.05,960.0,946.3,951.0,28296687
2025-10-01,952.7,969.6,946.0,965.25,25350832
2025-10-03,952.0,966.75,952.0,965.15,26658296
2025-10-06,971.9,977.4,962.0,973.45,18542683
2025-10-07,974.0,989.85,971.0,982.5,25535736
2025-10-08,976.0,985.9,974.55,978.7,15939710
2025-10-09,974.5,979.0,970.15,977.1,15370950
2025-10-10,979.0,986.2,978.1,980.9,13757080
2025-10-13,974.3,981.0,972.0,977.0,18634254
2025-10-14,970.0,980.45,967.0,977.15,22934382
2025-10-15,975.0,984.9,973.35,978.25,23310447
2025-10-16,982.65,996.6,981.5,994.35,22936566
2025-10-17,993.95,1009.0,986.0,1002.55,25210511
2025-10-20,997.0,1020.0,997.0,1002.95,22195202
2025-10-21,1006.0,1010.0,1004.0,1007.7,3471600
2025-10-23,1016.0,1020.5,1006.0,1008.8,43526526
2025-10-24,1011.0,1011.95,991.3,994.75,17707768
2025-10-27,996.5,1009.05,996.2,1002.95,15700796
2025-10-28,997.65,1008.0,995.0,1003.55,33904289
2025-10-29,1004.9,1012.5,1000.0,1007.85,17769445
2025-10-30,1000.0,1009.5,997.1,998.15,19962917
2025-10-31,994.0,1004.45,981.15,987.3,23221330
2025-11-03,985.0,994.55,983.3,992.65,16607180
2025-11-04,987.0,997.0,983.7,985.25,20024544
2025-11-06,981.0,991.05,974.0,984.65,22279516
2025-11-07,980.0,984.9,974.75,982.3,15004568
2025-11-10,982.3,990.95,980.2,984.5,15988262
2025-11-11,983.5,993.5,978.0,991.7,10200530
2025-11-12,998.8,999.0,987.7,989.5,13137263
2025-11-13,984.0,990.1,982.6,986.65,14124839
2025-11-14,976.05,991.65,976.05,989.6,21386965
2025-11-17,991.25,997.95,985.6,996.55,18396408
2025-11-18,997.65,999.0,990.0,992.45,20002640
2025-11-19,990.0,996.55,984.0,994.6,19813847
2025-11-20,995.3,1011.6,992.45,1008.85,19850865
2025-11-21,1003.1,1008.3,996.55,998.05,17499897
2025-11-24,1000.0,1011.45,993.6,999.15,32204053
2025-11-25,1004.0,1006.1,988.4,989.8,24989383
2025-11-26,981.3,1006.95,981.3,1003.9,19494356
2025-11-27,1002.1,1016.8,1001.0,1009.5,25536848
2025-11-28,1007.0,1012.05,1004.2,1007.6,15988807
2025-12-01,1017.5,1017.5,999.3,1002.1,16746566
2025-12-02,988.0,994.4,985.0,989.8,27316662
2025-12-03,986.0,1002.3,986.0,1000.5,15448777
2025-12-04,1000.0,1004.7,993.0,997.2,14528169
2025-12-05,992.0,1008.0,990.2,1003.3,12843366
2025-12-08,1000.0,1006.5,997.5,1003.1,12901022
2025-12-09,994.9,1002.8,994.0,997.1,15294322
2025-12-10,997.5,998.5,985.3,989.8,15322830
2025-12-11,990.0,1002.7,988.5,1000.3,11844809
2025-12-12,1003.0,1004.7,998.2,1001.5,11988618
2025-12-15,992.0,1001.8,992.0,996.1,9790060
2025-12-16,990.1,998.7,990.1,994.3,20049088
2025-12-17,996.0,996.0,980.8,984.0,19080922
2025-12-18,973.3,987.4,973.3,979.7,14912404
2025-12-19,987.0,988.0,978.7,985.5,25952384
2025-12-22,988.0,992.9,983.9,987.7,13540411
2025-12-23,990.5,998.9,987.7,996.6,17927849
2025-12-24,993.0,999.4,993.0,997.2,13699996
2025-12-26,996.0,997.2,987.7,992.1,9360853
2025-12-29,993.1,997.4,987.2,991.7,13545749
2025-12-30,990.2,995.0,982.2,990.9,33155849
2025-12-31,991.0,997.6,987.6,991.2,10963454
2026-01-01,993.5,997.55,989.5,991.15,7132074
2026-01-02,991.15,1003.2,988.8,1001.6,11751459
2026-01-05,1005.75,1006.4,976.3,977.5,27647379
2026-01-06,962.7,966.7,956.0,962.2,31988783
2026-01-07,956.0,956.45,946.0,949.05,52884712
2026-01-08,944.7,953.0,941.4,946.7,21928849
2026-01-09,945.0,950.6,933.3,939.0,38183839
2026-01-12,937.5,942.0,929.6,936.95,21071666
2026-01-13,947.7,947.7,932.6,937.35,32042827
2026-01-14,930.0,940.05,920.2,925.45,36688248
2026-01-16,922.0,935.95,919.2,931.1,37780235
2026-01-19,935.9,936.15,919.5,927.9,38191942
2026-01-20,929.3,934.5,919.6,931.2,36022727
2026-01-21,925.0,932.15,915.5,920.35,32766854
2026-01-22,928.0,928.3,913.2,918.7,44444755
2026-01-23,920.0,926.1,909.25,916.1,30985247
2026-01-27,906.0,931.2,905.0,926.4,44753093
2026-01-28,932.5,941.45,928.4,932.7,35347138
2026-01-29,930.1,939.3,924.35,935.5,37175628
2026-01-30,930.0,938.9,927.75,929.25,29691233
2026-02-02,915.0,929.8,909.3,928.1,28032106
2026-02-03,983.75,994.0,945.0,948.7,50336968
2026-02-04,952.5,957.2,947.95,953.1,24366770
2026-02-05,956.0,956.05,946.7,949.7,28103169
2026-02-06,945.0,948.1,937.6,941.1,18120272
2026-02-09,945.0,950.0,935.35,937.25,23947829
2026-02-10,930.0,940.9,929.95,932.4,31525385
2026-02-11,931.25,936.0,925.3,927.1,24869804
2026-02-12,927.0,928.6,918.5,920.6,33872203
2026-02-13,913.0,928.2,901.0,903.9,50188359
2026-02-16,903.9,929.5,902.1,925.8,18806989
2026-02-17,923.0,928.1,918.6,925.7,22599629
2026-02-18,923.2,925.5,919.55,924.7,12738702
2026-02-19,929.0,929.2,912.45,915.6,21209234
2026-02-20,911.0,917.85,908.4,911.85,22654907
2026-02-23,916.5,925.65,915.25,923.6,23270122
2026-02-24,927.95,927.95,909.15,910.5,31313985
2026-02-25,910.55,916.0,903.1,907.6,27884303
2026-02-26,912.0,912.0,895.0,898.6,41165937
2026-02-27,898.6,898.95,885.0,887.75,34620755
2026-03-02,876.2,887.75,871.55,879.4,38378924
2026-03-04,848.0,879.3,848.0,868.65,39862322
2026-03-05,873.85,881.4,863.5,877.75,31324582
2026-03-06,868.05,871.7,855.1,857.05,34439647
2026-03-09,825.0,842.45,821.5,840.7,35592613
2026-03-10,850.05,856.8,840.6,849.45,52866024
2026-03-11,845.0,848.85,827.6,833.95,42261076
2026-03-12,820.1,836.4,820.1,832.75,46107561
2026-03-13,820.0,823.8,812.0,817.0,41700464
2026-03-16,817.0,844.5,815.65,840.6,52182605
2026-03-17,847.7,848.9,835.1,845.35,38826979
2026-03-18,845.35,846.8,831.6,843.05,23507063
2026-03-19,770.0,815.65,770.0,798.2,171637393
2026-03-20,785.0,793.75,778.2,780.45,103129469
2026-03-23,763.15,768.7,741.05,744.15,72341738
2026-03-24,755.0,772.75,747.7,764.9,61269986
2026-03-25,768.2,794.8,768.2,782.3,59230640
2026-03-27,773.2,774.9,754.55,756.2,65485199
2026-03-30,745.2,751.0,726.65,731.55,103500135
2026-04-01,743.0,755.9,739.1,742.25,78862761
2026-04-02,730.0,755.0,726.65,750.9,49310300
2026-04-06,759.0,772.75,745.0,771.0,42976659
2026-04-07,766.0,774.0,761.0,772.0,51309793
2026-04-08,800.0,817.8,796.0,816.1,70269512
2026-04-09,815.0,819.0,793.1,797.7,48879392
2026-04-10,804.0,812.25,801.0,810.3,38156026
2026-04-13,791.5,798.5,787.35,794.7,47549328
2026-04-15,804.95,814.8,804.0,809.9,39769515
2026-04-16,818.0,820.05,792.2,795.45,62861293
2026-04-17,790.1,803.95,788.2,799.9,37282544
2026-04-20,797.1,809.95,790.0,795.45,52148044
2026-04-21,795.2,814.9,795.2,811.75,49135752
2026-04-22,810.0,813.05,798.0,799.9,23876412
2026-04-23,792.0,796.65,782.5,784.35,37677616
2026-04-24,777.3,787.6,777.0,784.85,27720358
2026-04-27,787.5,793.0,785.0,789.8,18115375
2026-04-28,785.0,794.5,778.3,782.55,35366803
2026-04-29,785.5,790.0,777.35,779.0,25799963
2026-04-30,770.0,778.8,762.25,771.7,47998755
2026-05-04,772.6,786.6,772.6,779.4,29028060
2026-05-06,775.15,798.95,773.5,796.55,35530831
2026-05-07,794.0,801.55,788.55,796.05,46137553
2026-05-08,784.0,788.75,777.2,780.85,38016841
2026-05-11,771.95,774.85,761.9,763.65,41123422
2026-05-12,756.6,759.7,747.8,750.45,43937132
2026-05-13,752.0,759.95,747.35,749.6,28960919
2026-05-14,751.0,778.3,747.0,769.55,50992358
2026-05-15,773.0,781.9,765.4,767.5,24347873
2026-05-18,759.0,774.1,751.35,768.65,29812079
2026-05-19,766.7,770.8,760.25,762.45,40307830
2026-05-20,759.6,762.25,755.15,759.5,24013451
2026-05-21,767.0,768.25,755.15,759.15,34664725
2026-05-22,759.15,775.0,759.15,766.8,25604071
2026-05-25,776.0,787.85,775.2,786.85,26043952
2026-05-26,784.05,790.85,776.75,778.9,31528062
2026-05-27,769.5,773.9,756.9,758.65,63680153
2026-05-29,746.05,760.5,737.75,744.55,101299431
2026-06-01,749.0,752.35,739.2,742.7,47996441
2026-06-02,737.0,753.6,733.15,748.25,47314447
2026-06-03,744.45,756.9,742.6,753.65,36109480
2026-06-04,749.15,757.3,745.0,754.2,42673538
2026-06-05,753.95,758.7,744.65,747.05,22116568
2026-06-08,738.0,741.5,734.5,738.65,21550700
2026-06-09,739.45,743.95,732.3,738.35,38539563
2026-06-10,736.5,755.95,736.4,746.85,44458159
2026-06-11,743.0,756.0,740.1,744.6,32632007
2026-06-12,754.7,774.45,753.1,772.45,36088159
2026-06-15,790.0,793.5,775.6,777.35,39990334
2026-06-16,780.5,787.7,779.45,784.9,27820970
2026-06-17,787.65,794.3,783.1,787.1,32405604
2026-06-18,786.5,802.95,786.2,799.0,41492071
2026-06-19,788.7,789.05,776.2,779.8,33798761
2026-06-22,789.9,789.9,783.1,786.4,25194765
2026-06-23,783.05,790.9,772.55,774.65,28289062
2026-06-24,773.0,794.9,772.65,793.2,34701292
2026-06-25,798.5,804.45,794.75,796.3,46707966
2026-06-29,800.0,805.9,793.3,798.9,46695977
2026-06-30,806.1,806.1,792.75,797.95,45778356
2026-07-01,793.5,802.25,793.5,796.15,26094378
2026-07-02,795.0,805.45,794.0,795.9,34143823
2026-07-03,803.0,807.0,798.55,801.05,25871958
2026-07-06,805.0,831.5,805.0,829.85,63203327
2026-07-07,843.0,843.0,826.1,829.3,57611729
2026-07-08,825.9,834.35,806.95,810.3,38754632
2026-07-09,813.0,822.85,812.3,817.55,39891798
2026-07-10,824.0,827.7,820.3,824.95,23595785
2026-07-13,817.0,821.95,811.0,817.95,21741736
2026-07-14,811.4,818.4,807.0,809.4,25605395
2026-07-15,811.0,819.7,809.7,815.45,21488739
2026-07-16,814.5,818.0,806.5,808.3,18698186
2026-07-17,810.0,823.7,808.5,819.6,17415322
2026-07-20,790.0,790.0,774.55,777.6,56061789
2026-07-21,769.15,772.5,760.1,761.45,42246009
2026-07-22,760.25,761.35,750.35,753.15,23385446
2026-07-23,749.4,751.0,743.25,747.25,32532090
2026-07-24,738.5,748.25,737.25,742.8,23837859
2026-07-27,746.1,747.95,738.1,739.55,29678752
2026-07-28,732.0,740.25,732.0,735.4,33886037
2026-07-29,743.0,751.25,740.8,748.2,20460659
2026-07-30,752.8,757.9,745.5,753.95,35844392
2026-07-31,753.95,757.55,747.2,748.15,25522483
2026-08-03,753.05,756.85,750.05,753.0,14827841
2026-08-04,753.2,753.2,738.0,742.0,31559802
2026-08-05,733.8,741.95,732.6,735.0,60050538
2026-08-07,733.0,736.0,728.2,731.0,19382042
2026-08-10,731.5,737.55,728.5,731.0,23660590
2026-08-11,730.5,730.85,726.55,729.0,29154365
2026-08-12,729.0,730.65,722.0,729.0,26993177
2026-08-14,725.0,729.6,723.5,727.0,20364131
2026-08-17,727.05,732.1,724.5,729.0,14823722
2026-08-18,726.3,729.0,723.0,723.0,17916507
2026-08-19,724.0,725.4,715.1,720.0,21342651
2026-08-20,725.5,728.3,724.3,725.05,17603805
2026-08-21,728.3,732.8,726.6,726.95,26029811
2026-08-24,732.5,734.4,724.1,729.0,11408345
2026-08-25,726.6,728.7,722.0,727.5,17511874
2026-08-26,728.0,731.0,724.15,727.2,21156463
2026-08-27,728.15,728.15,710.0,711.0,46515020
2026-08-28,710.85,720.3,707.0,720.3,16494301
2026-08-31,723.05,739.75,704.15,709.0,78157067
2026-09-01,705.05,715.45,698.5,711.9,44417092
2026-09-02,702.3,705.65,700.0,700.8,36950338
2026-09-03,705.0,712.6,705.0,706.65,27770641
2026-09-04,708.35,716.5,708.35,712.1,14488024
2026-09-07,712.1,713.0,707.05,710.5,12180390
2026-09-08,707.1,708.9,703.0,703.0,19883515
2026-09-09,698.0,700.0,687.1,687.1,39173990
2026-09-10,687.1,694.5,686.2,693.8,27108053
2026-09-11,683.9,709.0,681.9,708.25,31411934
