Date,Open,High,Low,Close,Volume
2011-06-29,2868.0,2907.0,2868.0,2881.75,600094
2011-06-30,2886.05,2919.0,2881.5,2910.45,1417730
2011-07-01,2935.0,2969.95,2924.1,2934.15,800308
2011-07-04,2966.65,2977.0,2935.0,2938.95,514324
2011-07-05,2957.0,2969.9,2926.0,2956.45,802966
2011-07-06,2947.0,2972.45,2937.1,2953.7,430028
2011-07-07,2955.2,3000.0,2943.0,2995.7,718934
2011-07-08,3000.0,3023.9,2967.25,2976.55,708724
2011-07-11,2953.9,2976.1,2888.55,2921.15,1150815
2011-07-12,2850.0,2850.0,2746.8,2791.55,3706582
2011-07-13,2766.0,2807.35,2761.05,2777.3,1667271
2011-07-14,2760.25,2764.0,2731.0,2740.35,1361403
2011-07-15,2744.0,2762.95,2720.0,2731.35,799078
2011-07-18,2735.0,2743.25,2707.35,2713.4,1176082
2011-07-19,2721.0,2762.0,2716.65,2750.5,1040553
2011-07-20,2772.8,2772.8,2745.0,2752.45,777839
2011-07-21,2745.2,2784.5,2736.8,2768.1,737136
2011-07-22,2784.3,2844.0,2770.0,2828.25,968703
2011-07-25,2818.0,2825.05,2791.1,2807.75,925532
2011-07-26,2809.0,2824.0,2787.5,2801.8,856092
2011-07-27,2801.0,2835.9,2791.2,2796.65,1063305
2011-07-28,2765.0,2773.9,2734.5,2751.1,1185172
2011-07-29,2741.0,2782.45,2725.4,2775.9,1219699
2011-08-01,2780.1,2823.8,2780.1,2815.1,761869
2011-08-02,2798.55,2798.55,2745.0,2750.95,616566
2011-08-03,2735.0,2739.7,2708.5,2732.6,705761
2011-08-04,2740.0,2759.95,2704.0,2709.15,816236
2011-08-05,2643.6,2643.6,2525.0,2591.2,1969759
2011-08-08,2500.0,2500.0,2431.0,2470.5,2021280
2011-08-09,2351.0,2439.95,2350.2,2374.55,2106218
2011-08-10,2448.0,2476.4,2411.1,2447.1,1744495
2011-08-11,2432.0,2469.0,2414.95,2440.6,1025779
2011-08-12,2488.0,2488.0,2342.35,2375.2,1762260
2011-08-16,2430.0,2438.25,2372.3,2399.3,1268338
2011-08-17,2396.0,2465.5,2396.0,2448.95,1066416
2011-08-18,2465.0,2468.1,2343.0,2354.1,1334333
2011-08-19,2274.0,2274.0,2171.6,2224.7,3612400
2011-08-22,2213.9,2245.1,2175.0,2194.6,1963509
2011-08-23,2201.25,2302.65,2194.0,2276.95,2142930
2011-08-24,2280.0,2284.95,2230.0,2250.9,1075768
2011-08-25,2250.2,2265.1,2161.5,2183.4,3356719
2011-08-26,2186.5,2252.9,2182.65,2202.55,2627745
2011-08-29,2239.0,2312.25,2232.0,2296.25,1402816
2011-08-30,2331.0,2360.0,2280.0,2342.95,1517865
2011-09-02,2385.0,2385.0,2275.3,2319.2,1870113
2011-09-05,2293.7,2293.7,2240.2,2265.1,1362818
2011-09-06,2253.9,2320.0,2222.25,2302.55,1352087
2011-09-07,2297.9,2314.3,2267.65,2291.45,1644679
2011-09-08,2300.0,2354.0,2299.0,2338.45,1378484
2011-09-09,2328.1,2328.1,2261.0,2274.3,1549013
2011-09-12,2208.0,2217.35,2180.65,2198.45,1024783
2011-09-13,2223.1,2259.7,2195.75,2222.05,1295652
2011-09-14,2251.0,2366.9,2249.0,2351.65,2154610
2011-09-15,2378.0,2428.5,2330.0,2409.9,1712932
2011-09-16,2457.9,2457.9,2373.6,2395.15,1413013
2011-09-19,2399.0,2411.6,2356.1,2362.65,819804
2011-09-20,2377.0,2440.0,2375.15,2436.55,1126113
2011-09-21,2440.0,2454.9,2420.0,2435.65,925310
2011-09-22,2384.0,2411.8,2336.65,2352.6,1129732
2011-09-23,2328.0,2389.8,2321.0,2338.8,1306054
2011-09-26,2345.0,2365.0,2301.1,2355.0,818036
2011-09-27,2377.2,2468.65,2377.2,2444.15,1292628
2011-09-28,2480.0,2540.0,2452.5,2470.25,2507720
2011-09-29,2482.0,2569.95,2471.25,2551.1,2907043
2011-09-30,2531.9,2564.0,2508.2,2533.05,1341332
2011-10-03,2490.0,2518.0,2467.7,2475.9,1235641
2011-10-04,2452.2,2481.75,2413.6,2438.5,979810
2011-10-05,2457.95,2499.0,2428.1,2446.95,1346482
2011-10-07,2560.0,2574.9,2487.65,2508.7,2307216
2011-10-10,2545.0,2600.9,2528.4,2589.95,2118304
2011-10-11,2593.4,2595.0,2490.0,2504.55,2792406
2011-10-12,2595.0,2688.0,2595.0,2679.35,4329213
2011-10-13,2719.0,2729.0,2685.0,2696.7,2255192
2011-10-14,2711.1,2756.7,2686.3,2743.75,2450124
2011-10-17,2761.1,2764.9,2720.2,2746.55,1768187
2011-10-18,2699.9,2725.0,2687.7,2701.55,1314767
2011-10-19,2722.0,2735.0,2701.1,2727.75,1266915
2011-10-20,2692.0,2757.0,2687.55,2747.55,696710
2011-10-21,2747.55,2749.0,2707.0,2722.65,857289
2011-10-24,2750.0,2774.8,2741.2,2767.3,759449
2011-10-25,2811.0,2899.0,2811.0,2858.7,1959698
2011-10-26,2861.9,2869.95,2831.4,2838.65,228612
2011-10-28,2921.0,2971.35,2845.05,2858.65,3108598
2011-10-31,2856.0,2897.75,2856.0,2877.55,1286453
2011-11-01,2840.0,2874.1,2818.0,2836.6,988274
2011-11-02,2820.0,2853.9,2817.4,2834.4,664732
2011-11-03,2834.0,2842.0,2767.2,2802.1,1347453
2011-11-04,2845.0,2850.9,2791.55,2825.95,955461
2011-11-08,2815.05,2848.0,2790.85,2842.1,763417
2011-11-09,2845.0,2867.25,2825.0,2835.3,834956
2011-11-11,2610.7,2807.7,2610.7,2775.7,1180153
2011-11-14,2810.15,2832.4,2798.0,2808.8,579130
2011-11-15,2800.1,2820.0,2781.55,2798.3,637253
2011-11-16,2795.0,2804.0,2758.3,2778.3,819081
2011-11-17,2768.3,2789.0,2732.9,2753.5,795873
2011-11-18,2731.05,2764.45,2720.0,2740.8,592237
2011-11-21,2720.0,2734.85,2626.3,2670.1,1170724
2011-11-22,2600.0,2764.9,2600.0,2724.0,1857439
2011-11-23,2675.0,2689.55,2617.35,2652.65,1599102
2011-11-24,2641.0,2684.0,2586.6,2666.2,1653972
2011-11-25,2655.0,2655.0,2591.0,2599.7,1002816
2011-11-28,2620.05,2649.9,2612.45,2636.15,911276
2011-11-29,2622.2,2628.05,2581.25,2597.95,1332421
2011-11-30,2581.0,2625.0,2561.0,2606.85,1455029
2011-12-01,2674.0,2690.85,2630.6,2655.35,1015651
2011-12-02,2651.0,2715.45,2647.9,2694.15,1181426
2011-12-05,2690.0,2717.75,2675.2,2701.15,933523
2011-12-07,2705.0,2772.4,2684.05,2758.95,1008799
2011-12-08,2747.0,2758.0,2696.1,2723.45,911948
2011-12-09,2668.15,2739.8,2660.2,2710.3,1321344
2011-12-12,2719.9,2756.0,2697.8,2740.25,1378225
2011-12-13,2731.3,2764.9,2708.7,2752.2,1206042
2011-12-14,2750.0,2767.25,2725.0,2740.25,1232204
2011-12-15,2726.3,2734.35,2665.0,2716.35,1256646
2011-12-16,2695.0,2788.8,2691.95,2724.5,1708661
2011-12-19,2690.0,2703.55,2655.8,2676.4,1508054
2011-12-20,2690.0,2698.15,2651.1,2668.75,1310576
2011-12-21,2719.0,2754.8,2680.0,2743.0,1052865
2011-12-22,2650.0,2748.0,2650.0,2720.85,1588392
2011-12-23,2740.0,2740.0,2683.25,2694.75,880662
2011-12-26,2691.0,2787.0,2691.0,2775.85,529571
2011-12-27,2765.0,2799.0,2736.25,2759.4,772275
2011-12-28,2769.0,2804.0,2751.55,2782.0,856406
2011-12-29,2758.0,2774.9,2731.05,2742.1,1104646
2011-12-30,2744.0,2775.0,2741.5,2767.65,663602
2012-01-02,2759.2,2816.65,2742.0,2808.95,728272
2012-01-03,2824.1,2886.95,2820.0,2864.3,1112876
2012-01-04,2845.0,2875.0,2841.05,2854.4,917678
2012-01-05,2839.2,2876.0,2831.45,2840.15,890659
2012-01-06,2838.0,2867.6,2811.1,2832.15,885954
2012-01-09,2847.5,2866.3,2817.2,2836.55,1033223
2012-01-10,2870.0,2875.4,2850.2,2863.6,1397397
2012-01-11,2868.0,2894.9,2813.0,2826.6,1724475
2012-01-12,2750.0,2750.0,2578.05,2588.25,6121325
2012-01-13,2618.0,2619.0,2552.25,2584.2,2612368
2012-01-16,2581.25,2644.0,2579.1,2640.15,1648592
2012-01-17,2650.0,2672.8,2633.85,2662.05,1092553
2012-01-18,2644.0,2644.0,2585.0,2612.05,1212553
2012-01-19,2616.0,2622.8,2576.6,2594.7,1206542
2012-01-20,2596.0,2609.7,2576.3,2588.8,1454464
2012-01-23,2590.0,2615.5,2589.0,2600.3,645108
2012-01-24,2618.0,2639.6,2595.0,2620.8,706651
2012-01-25,2635.0,2675.0,2625.0,2665.8,1318170
2012-01-27,2702.0,2735.0,2686.2,2725.0,1527359
2012-01-30,2698.9,2725.2,2690.0,2712.3,1198557
2012-01-31,2712.0,2754.65,2706.0,2746.0,1082362
2012-02-01,2739.7,2748.0,2695.65,2742.7,783667
2012-02-02,2740.1,2783.0,2730.0,2757.0,1442282
2012-02-03,2740.05,2792.0,2740.05,2783.25,1454650
2012-02-06,2805.1,2807.9,2752.1,2777.1,992210
2012-02-07,2805.0,2805.0,2713.65,2727.5,902705
2012-02-08,2748.0,2782.0,2741.35,2769.15,833937
2012-02-09,2749.0,2822.1,2731.85,2809.9,1269605
2012-02-10,2799.0,2802.0,2751.15,2790.4,647202
2012-02-13,2775.25,2800.5,2757.1,2788.4,716751
2012-02-14,2776.0,2809.9,2764.0,2801.05,684721
2012-02-15,2815.0,2875.0,2815.0,2864.1,897291
2012-02-16,2864.0,2917.7,2860.55,2908.95,1032069
2012-02-17,2916.25,2978.0,2900.15,2947.8,1432160
2012-02-21,2930.0,2959.9,2911.25,2938.25,756153
2012-02-22,2905.2,2994.0,2905.2,2952.25,1301640
2012-02-23,2939.0,2982.6,2916.2,2933.15,1309370
2012-02-24,2932.0,2974.0,2923.5,2948.05,1067055
2012-02-27,2965.0,2965.0,2872.0,2883.35,863821
2012-02-28,2886.0,2910.0,2854.95,2872.4,993775
2012-02-29,2894.0,2908.1,2864.2,2883.45,1108551
2012-03-01,2851.55,2875.0,2805.0,2856.65,1225829
2012-03-02,2865.0,2865.0,2813.1,2845.7,759707
2012-03-05,2858.1,2863.85,2796.7,2809.85,722557
2012-03-06,2805.1,2880.0,2801.1,2852.45,1293711
2012-03-07,2842.0,2895.0,2835.1,2883.85,988571
2012-03-09,2894.0,2903.0,2848.0,2855.3,830601
2012-03-12,2915.0,2915.0,2781.0,2817.4,911809
2012-03-13,2843.95,2869.85,2842.0,2859.8,963803
2012-03-14,2890.0,2915.0,2853.95,2878.85,1325261
2012-03-15,2895.0,2905.15,2870.5,2881.9,781420
2012-03-16,2905.0,2913.0,2847.15,2864.95,1128876
2012-03-19,2895.0,2900.0,2811.3,2837.5,757691
2012-03-20,2826.0,2853.2,2803.0,2831.35,1153173
2012-03-21,2832.45,2890.0,2821.0,2867.3,781333
2012-03-22,2874.0,2874.55,2814.3,2828.3,708080
2012-03-23,2833.0,2882.75,2830.4,2872.7,687217
2012-03-26,2869.0,2869.0,2821.1,2830.75,615333
2012-03-27,2860.0,2903.75,2832.3,2875.9,948844
2012-03-28,2866.0,2874.7,2824.0,2843.1,739990
2012-03-29,2820.5,2838.35,2767.8,2792.0,1750026
2012-03-30,2809.9,2873.0,2803.0,2866.3,995450
2012-04-02,2864.0,2888.75,2841.0,2850.2,606448
2012-04-03,2866.3,2877.65,2842.55,2858.45,681448
2012-04-04,2849.0,2874.95,2844.0,2851.1,656768
2012-04-09,2837.5,2859.35,2812.4,2822.75,817696
2012-04-10,2842.0,2847.65,2737.0,2771.4,905382
2012-04-11,2768.95,2825.0,2743.2,2804.4,1022455
2012-04-12,2822.75,2831.85,2738.45,2750.65,1475701
2012-04-13,2518.0,2522.7,2389.1,2402.55,9406946
2012-04-16,2400.0,2426.55,2333.05,2364.55,4186435
2012-04-17,2399.0,2399.0,2336.1,2380.7,2960886
2012-04-18,2400.0,2402.55,2355.0,2371.25,2395666
2012-04-19,2379.9,2414.95,2368.0,2405.4,2139189
2012-04-20,2394.75,2428.4,2362.5,2407.4,1438440
2012-04-23,2390.0,2390.0,2305.0,2310.9,2267087
2012-04-24,2310.65,2364.8,2198.3,2349.55,6629739
2012-04-25,2349.7,2365.0,2303.25,2349.95,3079813
2012-04-26,2350.0,2378.8,2342.35,2356.2,2142133
2012-04-27,2357.0,2398.0,2355.0,2391.0,1757808
2012-04-30,2392.0,2468.0,2390.35,2462.1,1358701
2012-05-02,2465.0,2488.0,2461.75,2472.0,1265586
2012-05-03,2460.0,2497.25,2460.0,2482.9,1425091
2012-05-04,2482.0,2498.0,2423.4,2441.95,1350111
2012-05-07,2409.0,2448.8,2367.9,2437.6,1338750
2012-05-08,2395.0,2407.75,2329.15,2393.9,1440830
2012-05-09,2368.0,2394.8,2352.6,2366.25,1312268
2012-05-10,2368.0,2384.85,2322.3,2344.2,1135503
2012-05-11,2344.0,2360.0,2292.05,2311.3,1112664
2012-05-14,2320.2,2345.5,2304.1,2338.95,989802
2012-05-15,2305.0,2429.0,2305.0,2415.2,1283394
2012-05-16,2378.0,2385.0,2354.0,2368.45,1073661
2012-05-17,2368.45,2377.45,2346.4,2370.55,725927
2012-05-18,2325.35,2405.0,2302.15,2382.85,742270
2012-05-21,2384.9,2385.5,2324.0,2340.45,597095
2012-05-22,2355.0,2368.05,2323.65,2341.1,727901
2012-05-23,2355.0,2364.8,2307.2,2348.2,675254
2012-05-24,2349.0,2388.9,2313.0,2380.8,951506
2012-05-25,2363.0,2385.0,2351.05,2372.85,539216
2012-05-28,2394.0,2398.0,2362.6,2385.8,590723
2012-05-29,2391.0,2425.0,2378.0,2409.5,643095
2012-05-30,2407.0,2458.8,2392.7,2432.3,1006436
2012-05-31,2408.0,2552.0,2391.1,2429.35,2703294
2012-06-01,2415.0,2431.5,2383.0,2389.2,817880
2012-06-04,2374.0,2396.35,2345.0,2385.6,601511
2012-06-05,2385.0,2411.9,2374.7,2388.85,749090
2012-06-06,2397.2,2433.35,2396.4,2415.5,1097148
2012-06-07,2448.0,2464.85,2436.15,2452.95,830886
2012-06-08,2488.9,2488.9,2392.8,2419.25,695603
2012-06-11,2427.0,2452.75,2414.9,2425.65,444223
2012-06-12,2402.2,2470.0,2402.2,2458.05,516835
2012-06-13,2451.25,2489.7,2442.0,2470.1,769723
2012-06-14,2461.0,2510.0,2461.0,2498.3,985417
2012-06-15,2510.05,2532.0,2502.75,2522.55,788939
2012-06-18,2535.0,2544.35,2496.5,2511.7,889629
2012-06-19,2500.0,2505.0,2457.9,2477.0,801760
2012-06-20,2480.0,2485.0,2452.95,2470.1,816997
2012-06-21,2456.0,2503.0,2440.15,2491.3,817077
2012-06-22,2449.75,2484.5,2426.45,2474.45,801791
2012-06-25,2474.9,2488.0,2458.25,2468.15,993681
2012-06-26,2453.1,2459.9,2429.55,2440.4,1291270
2012-06-27,2452.0,2475.0,2448.45,2468.1,1084673
2012-06-28,2465.0,2497.0,2448.35,2473.3,951622
2012-06-29,2494.0,2519.0,2476.2,2509.2,1170621
2012-07-02,2503.0,2518.8,2490.7,2499.4,646902
2012-07-03,2516.25,2516.25,2476.6,2490.55,803601
2012-07-04,2500.0,2504.85,2469.0,2479.4,798852
2012-07-05,2480.25,2488.0,2462.5,2480.25,722558
2012-07-06,2476.0,2485.0,2440.0,2444.65,610930
2012-07-09,2421.1,2468.9,2402.0,2437.95,914335
2012-07-10,2444.0,2463.3,2441.35,2459.4,881840
2012-07-11,2450.0,2502.4,2445.0,2471.0,2118235
2012-07-12,2250.0,2280.0,2219.0,2264.4,6783983
2012-07-13,2218.0,2258.8,2218.0,2229.8,3344563
2012-07-16,2230.0,2241.4,2163.25,2171.3,2305137
2012-07-17,2184.9,2198.0,2162.3,2171.25,1687891
2012-07-18,2171.25,2188.9,2163.0,2178.9,984158
2012-07-19,2200.0,2250.0,2193.25,2245.2,1364049
2012-07-20,2244.9,2244.9,2205.3,2218.75,644229
2012-07-23,2200.0,2209.9,2182.6,2189.1,486350
2012-07-24,2190.5,2212.0,2165.1,2168.65,894189
2012-07-25,2174.0,2180.0,2150.0,2168.55,879568
2012-07-26,2167.0,2167.0,2101.25,2123.8,1496917
2012-07-27,2162.0,2164.0,2109.3,2148.65,1232811
2012-07-30,2160.0,2215.0,2157.55,2209.7,895865
2012-07-31,2215.0,2236.0,2185.0,2226.95,864305
2012-08-01,2215.0,2230.4,2200.75,2218.55,380998
2012-08-02,2218.0,2226.8,2195.0,2205.75,302504
2012-08-03,2196.25,2217.35,2185.1,2208.5,386949
2012-08-06,2222.2,2234.9,2207.4,2216.8,406348
2012-08-07,2232.0,2269.4,2222.1,2253.3,683168
2012-08-08,2262.0,2295.0,2260.0,2283.6,1004888
2012-08-09,2290.25,2311.5,2275.0,2282.05,866387
2012-08-10,2278.0,2321.0,2264.0,2313.05,704461
2012-08-13,2301.3,2331.0,2300.1,2320.1,501741
2012-08-14,2313.3,2335.0,2289.35,2329.35,505602
2012-08-16,2328.15,2328.15,2301.05,2315.45,466203
2012-08-17,2324.0,2355.0,2316.3,2351.05,1061660
2012-08-21,2365.0,2439.0,2365.0,2409.0,1525767
2012-08-22,2402.9,2440.0,2394.15,2433.6,643646
2012-08-23,2435.0,2483.0,2424.25,2477.2,1840357
2012-08-24,2448.0,2458.35,2434.0,2444.8,840564
2012-08-27,2430.2,2446.5,2405.6,2411.9,986420
2012-08-28,2397.0,2451.45,2397.0,2421.15,708257
2012-08-29,2422.0,2422.0,2382.45,2388.3,702052
2012-08-30,2383.85,2406.15,2370.05,2392.7,1396924
2012-08-31,2386.0,2386.0,2354.75,2361.65,726383
2012-09-03,2366.0,2398.9,2358.0,2365.1,540189
2012-09-04,2360.35,2372.0,2344.1,2360.8,291666
2012-09-05,2347.0,2357.0,2332.2,2339.45,501653
2012-09-06,2350.5,2427.9,2350.5,2422.0,952923
2012-09-07,2455.0,2494.0,2451.1,2487.25,759462
2012-09-10,2496.0,2527.0,2478.75,2512.35,917165
2012-09-11,2500.0,2535.95,2474.6,2529.5,680238
2012-09-12,2531.0,2549.95,2521.15,2539.7,635416
2012-09-13,2538.8,2566.9,2518.0,2555.05,656213
2012-09-14,2588.0,2644.7,2586.1,2632.1,1328481
2012-09-17,2649.0,2649.0,2547.0,2564.5,1232409
2012-09-18,2580.0,2619.0,2578.0,2600.8,898025
2012-09-20,2556.6,2645.0,2556.6,2617.2,1453142
2012-09-21,2615.35,2650.0,2583.6,2593.3,1536734
2012-09-24,2600.0,2609.9,2575.15,2600.15,1106754
2012-09-25,2590.0,2611.0,2588.05,2598.05,1106219
2012-09-26,2578.0,2600.0,2567.15,2589.3,1061238
2012-09-27,2592.5,2593.0,2534.75,2549.35,1727860
2012-09-28,2561.0,2579.9,2526.2,2534.95,1210653
2012-10-01,2551.3,2620.2,2549.0,2609.65,1103286
2012-10-03,2605.25,2619.15,2560.5,2578.25,977953
2012-10-04,2575.1,2594.9,2557.05,2575.65,895535
2012-10-05,2585.0,2585.0,2060.55,2526.85,1454000
2012-10-08,2524.8,2542.9,2460.0,2488.2,1009680
2012-10-09,2505.0,2550.0,2484.0,2536.25,1135540
2012-10-10,2507.1,2528.15,2489.6,2504.15,741513
2012-10-11,2496.0,2580.05,2481.2,2533.2,1870800
2012-10-12,2350.0,2447.85,2311.0,2395.35,7087722
2012-10-15,2385.7,2412.0,2352.8,2365.6,1848765
2012-10-16,2379.9,2389.0,2347.0,2355.7,910256
2012-10-17,2376.05,2379.0,2357.25,2370.15,713415
2012-10-18,2364.0,2397.0,2345.1,2377.6,1274072
2012-10-19,2366.0,2397.0,2366.0,2383.35,1367150
2012-10-22,2368.25,2398.0,2368.25,2385.55,570858
2012-10-23,2362.0,2384.0,2350.0,2353.1,592893
2012-10-25,2343.0,2357.1,2330.15,2344.75,1407097
2012-10-26,2334.7,2344.8,2321.05,2329.6,427536
2012-10-29,2321.0,2339.0,2307.3,2335.5,592083
2012-10-30,2326.0,2365.0,2326.0,2358.35,716032
2012-10-31,2350.0,2374.5,2345.55,2363.0,814665
2012-11-01,2362.0,2370.0,2341.1,2364.65,876372
2012-11-02,2371.0,2404.6,2369.1,2388.1,881152
2012-11-05,2383.1,2390.6,2367.5,2378.45,619900
2012-11-06,2384.0,2406.5,2371.25,2381.65,851971
2012-11-07,2382.0,2414.0,2375.05,2404.4,586908
2012-11-08,2372.0,2384.55,2365.0,2375.3,653645
2012-11-09,2365.0,2365.0,2345.0,2348.7,742365
2012-11-12,2355.0,2369.0,2333.55,2358.95,462024
2012-11-13,2354.0,2360.0,2333.0,2338.3,70407
2012-11-15,2335.15,2337.0,2278.8,2296.3,1141631
2012-11-16,2291.0,2387.0,2291.0,2343.35,1711638
2012-11-19,2344.0,2381.2,2336.65,2358.55,504516
2012-11-20,2377.15,2377.15,2312.8,2324.75,680038
2012-11-21,2329.7,2363.9,2321.4,2349.85,873726
2012-11-22,2348.0,2392.0,2335.0,2382.6,728414
2012-11-23,2382.0,2399.0,2357.05,2377.55,434717
2012-11-26,2390.75,2421.0,2390.75,2417.4,473507
2012-11-27,2422.0,2480.0,2421.85,2470.65,714663
2012-11-29,2450.0,2459.25,2426.5,2445.25,1295637
2012-11-30,2441.6,2476.45,2425.05,2436.85,881339
2012-12-03,2437.0,2453.0,2424.35,2439.15,650373
2012-12-04,2429.0,2447.0,2415.0,2437.45,563786
2012-12-05,2429.0,2430.0,2377.5,2382.5,1749378
2012-12-06,2394.0,2394.0,2313.95,2338.3,1376491
2012-12-07,2321.0,2348.5,2311.1,2321.15,1185739
2012-12-10,2320.95,2344.0,2299.0,2313.55,853740
2012-12-11,2316.0,2336.05,2282.85,2294.05,1423053
2012-12-12,2310.0,2323.8,2286.25,2297.8,1919961
2012-12-13,2304.95,2313.65,2272.4,2283.55,1245889
2012-12-14,2273.0,2295.05,2266.0,2278.8,1063499
2012-12-17,2267.0,2291.85,2256.95,2266.25,1370205
2012-12-18,2260.0,2274.2,2245.0,2271.0,1036500
2012-12-19,2274.0,2299.9,2270.05,2296.15,1248987
2012-12-20,2306.1,2310.0,2278.0,2299.6,1055216
2012-12-21,2299.0,2321.3,2286.8,2296.85,865502
2012-12-24,2321.1,2328.4,2313.0,2322.3,540499
2012-12-26,2323.0,2330.9,2304.35,2315.25,407945
2012-12-27,2327.8,2329.0,2276.65,2287.75,1013779
2012-12-28,2302.1,2325.5,2288.45,2323.2,883032
2012-12-31,2315.0,2324.1,2303.7,2318.7,431478
2013-01-01,2327.6,2329.9,2305.55,2308.85,369999
2013-01-02,2316.2,2328.0,2303.5,2309.2,543743
2013-01-03,2315.0,2348.85,2311.0,2337.9,1324911
2013-01-04,2348.4,2354.95,2332.0,2349.55,1056751
2013-01-07,2351.1,2379.9,2335.55,2374.8,1095203
2013-01-08,2365.0,2367.95,2323.5,2344.0,1608428
2013-01-09,2340.2,2361.8,2323.3,2331.0,768746
2013-01-10,2331.0,2342.65,2309.2,2322.3,1362627
2013-01-11,2521.0,2722.0,2521.0,2712.1,11606571
2013-01-14,2759.8,2836.95,2752.25,2806.5,6365595
2013-01-15,2806.0,2809.45,2774.5,2787.05,2547235
2013-01-16,2781.0,2788.8,2755.5,2767.45,1457603
2013-01-17,2792.0,2806.65,2779.2,2797.95,1470884
2013-01-18,2805.0,2810.0,2777.45,2788.05,911324
2013-01-21,2763.05,2810.6,2763.05,2796.3,737445
2013-01-22,2793.6,2798.65,2777.0,2783.55,638785
2013-01-23,2781.0,2798.0,2781.0,2789.6,932339
2013-01-24,2810.0,2828.0,2790.75,2798.2,1401412
2013-01-25,2810.0,2828.0,2791.15,2814.65,1055317
2013-01-28,2812.0,2827.6,2801.0,2810.65,840376
2013-01-29,2806.0,2825.0,2788.55,2799.0,774648
2013-01-30,2804.75,2805.95,2780.55,2790.65,850691
2013-01-31,2792.0,2807.1,2770.0,2789.5,2185055
2013-02-01,2791.1,2801.9,2752.0,2770.95,987456
2013-02-04,2781.0,2790.0,2745.0,2767.6,937502
2013-02-05,2763.25,2782.35,2745.55,2755.9,770764
2013-02-06,2775.25,2788.05,2755.85,2776.0,1137168
2013-02-07,2786.0,2799.0,2780.05,2789.5,1338059
2013-02-08,2783.15,2816.7,2772.25,2789.45,685337
2013-02-11,2801.25,2814.95,2784.9,2792.05,924349
2013-02-12,2770.0,2774.1,2741.75,2755.25,555299
2013-02-13,2757.0,2797.15,2745.0,2789.55,790361
2013-02-14,2794.4,2828.0,2794.35,2812.75,861750
2013-02-15,2790.0,2808.5,2776.3,2788.6,649282
2013-02-18,2783.0,2786.7,2763.0,2780.1,344348
2013-02-19,2780.1,2825.0,2767.05,2820.45,580418
2013-02-20,2825.25,2832.35,2808.5,2819.45,693153
2013-02-21,2801.6,2819.9,2793.15,2807.8,694843
2013-02-22,2798.7,2855.0,2797.1,2840.55,1087942
2013-02-25,2870.0,2922.0,2867.6,2917.8,1307206
2013-02-26,2916.0,2969.4,2916.0,2959.8,1521693
2013-02-27,2948.0,2948.0,2902.1,2910.55,878720
2013-02-28,2915.3,2935.85,2885.4,2907.0,1476013
2013-03-01,2914.0,2961.4,2892.0,2913.8,1051829
2013-03-04,2926.0,2942.5,2872.15,2903.45,1263540
2013-03-05,2924.55,2939.4,2913.25,2921.3,896493
2013-03-06,2947.0,2976.7,2926.25,2970.1,1525685
2013-03-07,2981.25,3009.8,2980.0,3004.35,1714420
2013-03-08,2988.0,2989.0,2957.25,2970.25,770362
2013-03-11,2981.8,2990.0,2930.0,2945.75,608270
2013-03-12,2940.0,2944.7,2912.0,2918.1,714257
2013-03-13,2890.0,2890.0,2850.1,2863.45,1341267
2013-03-14,2866.0,2888.9,2842.9,2874.1,1041540
2013-03-15,2876.35,2911.65,2868.05,2878.25,907599
2013-03-18,2866.25,2890.0,2851.0,2860.75,805853
2013-03-19,2875.0,2886.2,2841.1,2856.0,1497018
2013-03-20,2864.8,2874.7,2827.55,2865.65,1124330
2013-03-21,2883.0,2894.5,2862.0,2872.8,1242510
2013-03-22,2849.95,2875.5,2830.0,2863.2,921286
2013-03-25,2845.2,2865.0,2832.65,2852.75,629607
2013-03-26,2845.0,2869.65,2834.0,2854.55,426948
2013-03-28,2865.0,2896.95,2851.2,2889.35,1543506
2013-04-01,2910.75,2953.55,2910.75,2944.2,927755
2013-04-02,2930.0,2989.7,2914.85,2969.05,1215111
2013-04-03,2948.9,2999.55,2948.0,2968.45,1044434
2013-04-04,2945.0,2949.15,2872.05,2880.05,937495
2013-04-05,2879.0,2899.0,2850.0,2865.85,546620
2013-04-08,2850.0,2873.65,2827.25,2831.9,464545
2013-04-09,2833.55,2838.95,2756.25,2766.35,1355082
2013-04-10,2803.0,2827.8,2776.25,2815.65,818952
2013-04-11,2866.5,2935.6,2834.9,2916.7,2127334
2013-04-12,2625.05,2625.05,2268.7,2296.65,12253468
2013-04-15,2290.0,2357.0,2204.0,2339.05,8319997
2013-04-16,2319.0,2326.0,2287.0,2296.25,1787717
2013-04-17,2300.0,2311.95,2250.0,2283.85,1893643
2013-04-18,2286.4,2323.0,2281.3,2295.7,1653046
2013-04-22,2291.6,2293.0,2223.55,2244.55,1925161
2013-04-23,2250.0,2270.6,2244.4,2262.25,983745
2013-04-25,2248.0,2250.0,2223.15,2227.7,1720293
2013-04-26,2220.1,2237.8,2202.5,2212.0,1391198
2013-04-29,2206.0,2248.8,2186.0,2229.3,1120710
2013-04-30,2234.0,2242.35,2222.2,2235.45,1105090
2013-05-02,2236.0,2291.45,2236.0,2286.7,1172023
2013-05-03,2296.75,2324.0,2278.2,2307.95,1139649
2013-05-06,2315.0,2345.0,2315.0,2341.1,750013
2013-05-07,2350.0,2355.0,2324.75,2348.8,872888
2013-05-08,2365.0,2380.0,2338.05,2350.65,909794
2013-05-09,2351.9,2368.9,2350.0,2361.4,570178
2013-05-10,2362.1,2385.0,2357.1,2371.55,566755
2013-05-13,2355.0,2362.15,2330.3,2339.6,626870
2013-05-14,2337.3,2370.8,2337.3,2350.05,560556
2013-05-15,2353.0,2372.7,2347.4,2360.45,1111647
2013-05-16,2353.5,2359.8,2313.25,2332.6,873969
2013-05-17,2336.9,2369.0,2335.0,2351.75,803969
2013-05-20,2346.0,2383.0,2344.0,2372.05,1094786
2013-05-21,2370.2,2417.05,2366.95,2397.6,707516
2013-05-22,2400.0,2433.0,2378.25,2385.3,780709
2013-05-23,2376.0,2419.25,2356.15,2359.85,637573
2013-05-24,2361.6,2385.0,2334.0,2347.9,461081
2013-05-27,2341.2,2386.0,2330.3,2372.7,415646
2013-05-28,2370.0,2380.0,2353.65,2366.2,529369
2013-05-29,2370.0,2391.0,2333.0,2352.4,645816
2013-05-30,2333.5,2348.65,2316.5,2341.45,792329
2013-05-31,2342.0,2434.9,2342.0,2411.7,2312288
2013-06-03,2525.0,2625.0,2475.15,2514.1,4151906
2013-06-04,2490.0,2519.45,2463.6,2495.9,1464320
2013-06-05,2480.0,2490.2,2455.0,2461.25,634848
2013-06-06,2450.0,2454.65,2415.9,2429.65,938654
2013-06-07,2425.0,2472.9,2420.0,2446.8,827271
2013-06-10,2460.0,2498.0,2457.2,2486.75,536130
2013-06-11,2490.0,2514.5,2465.85,2475.5,744713
2013-06-12,2462.25,2506.4,2412.85,2421.35,740911
2013-06-13,2424.0,2425.0,2375.0,2379.9,519291
2013-06-14,2391.7,2409.0,2377.15,2394.95,698008
2013-06-17,2411.45,2426.0,2394.85,2422.6,340063
2013-06-18,2430.0,2460.0,2424.7,2446.55,535613
2013-06-19,2446.0,2448.7,2407.3,2438.35,729604
2013-06-20,2428.0,2448.0,2342.75,2369.1,850366
2013-06-21,2370.6,2432.0,2370.6,2418.75,770171
2013-06-24,2402.5,2403.25,2351.9,2380.4,917069
2013-06-25,2380.0,2386.85,2345.0,2373.9,723830
2013-06-26,2391.6,2414.6,2371.65,2399.4,695904
2013-06-27,2421.0,2499.95,2412.6,2482.8,1333868
2013-06-28,2471.2,2507.75,2424.0,2498.85,1463424
2013-07-01,2469.0,2473.5,2441.1,2451.0,526135
2013-07-02,2448.1,2463.55,2400.0,2403.95,638854
2013-07-03,2401.0,2451.9,2392.6,2404.5,668732
2013-07-04,2433.0,2475.15,2420.0,2468.0,651348
2013-07-05,2467.0,2483.55,2438.7,2456.2,542170
2013-07-08,2485.0,2494.0,2460.5,2468.15,676896
2013-07-09,2481.0,2514.0,2481.0,2498.2,1076421
2013-07-10,2505.0,2520.0,2493.0,2501.15,858177
2013-07-11,2535.0,2563.45,2509.75,2528.35,1963120
2013-07-12,2781.15,2905.6,2750.0,2804.2,6609130
2013-07-15,2785.05,2790.0,2728.3,2742.7,1609280
2013-07-16,2702.05,2770.6,2681.05,2728.8,787692
2013-07-17,2731.65,2758.35,2731.65,2750.85,821881
2013-07-18,2754.0,2817.5,2738.85,2800.75,1634837
2013-07-19,2803.0,2865.0,2803.0,2847.45,2050355
2013-07-22,2822.2,2894.9,2822.0,2876.75,843892
2013-07-23,2890.0,2917.15,2890.0,2901.95,771060
2013-07-24,2880.0,2927.0,2880.0,2908.6,609410
2013-07-25,2909.0,2945.35,2901.0,2915.3,897211
2013-07-26,2930.0,2953.0,2902.6,2913.3,862455
2013-07-29,2910.0,2944.0,2910.0,2921.2,545369
2013-07-30,2931.0,2973.0,2931.0,2955.7,792026
2013-07-31,2969.0,2991.6,2928.2,2969.65,1475916
2013-08-01,2988.0,2995.15,2956.75,2974.65,1086329
2013-08-02,2985.0,3020.0,2981.1,3008.8,1495287
2013-08-05,2998.8,3025.0,2996.5,3009.05,1062848
2013-08-06,3008.0,3012.0,2951.05,2987.35,1253979
2013-08-07,2975.0,3002.8,2951.25,2963.35,812951
2013-08-08,2940.0,2978.0,2940.0,2964.55,720671
2013-08-12,2976.0,3020.0,2971.0,3005.4,949297
2013-08-13,3008.1,3094.0,3008.0,3083.6,1291789
2013-08-14,3070.0,3094.9,3042.55,3069.65,1151401
2013-08-16,3020.0,3039.95,2967.65,2978.4,1510952
2013-08-19,2990.1,3026.95,2950.95,3005.0,657416
2013-08-20,3020.0,3021.0,2982.5,3006.65,1295257
2013-08-21,2994.8,2994.8,2922.1,2958.75,940823
2013-08-22,2989.0,3036.45,2964.0,3020.2,1370727
2013-08-23,3005.0,3019.95,2982.3,3000.7,687358
2013-08-26,3019.95,3049.85,3008.5,3030.7,696443
2013-08-27,3032.0,3080.0,3031.9,3056.05,1065694
2013-08-28,3052.0,3130.0,3052.0,3116.25,1791212
2013-08-29,3070.0,3126.95,3061.0,3104.6,2510786
2013-09-03,3072.0,3094.5,3016.8,3033.7,783414
2013-09-04,3059.7,3139.9,3055.6,3112.7,1122425
2013-09-05,3096.7,3096.7,2995.1,3004.8,1182134
2013-09-06,3005.9,3071.9,3005.9,3029.05,1683241
2013-09-10,3032.0,3188.0,3032.0,3158.9,2734892
2013-09-11,3145.0,3172.95,3107.75,3119.1,1143210
2013-09-12,3105.0,3119.1,3048.0,3065.85,869680
2013-09-13,3060.25,3065.85,3013.3,3028.05,1156923
2013-09-16,3025.0,3057.95,2980.1,2993.4,791523
2013-09-17,3017.0,3029.95,2991.0,3022.6,1003410
2013-09-18,3025.0,3029.25,3005.0,3017.15,929977
2013-09-19,2999.0,3035.0,2992.3,3019.0,1915976
2013-09-20,3000.0,3032.0,2983.5,2995.15,998964
2013-09-23,3005.0,3043.95,3001.05,3019.4,1110797
2013-09-24,3030.0,3031.0,2996.9,3015.1,1469032
2013-09-25,3031.8,3035.0,2992.65,3009.65,1010097
2013-09-26,3034.0,3036.85,3001.0,3012.3,1335305
2013-09-27,3024.0,3051.0,2991.0,3006.6,712696
2013-09-30,3020.2,3055.0,2997.55,3013.0,1084898
2013-10-01,3030.0,3038.3,3003.0,3015.0,663777
2013-10-03,3035.0,3047.0,3020.0,3037.15,1835839
2013-10-04,3026.25,3039.0,3005.0,3016.4,919102
2013-10-07,3015.0,3039.75,3006.4,3021.85,1224418
2013-10-08,3040.3,3052.0,3022.3,3034.15,2247864
2013-10-09,3027.0,3131.4,3010.0,3109.85,2171474
2013-10-10,3125.1,3160.95,3090.75,3127.6,2179336
2013-10-11,3335.0,3338.0,3156.8,3274.5,5161325
2013-10-14,3256.0,3335.55,3256.0,3324.35,1528964
2013-10-15,3324.0,3367.05,3312.8,3354.8,1152665
2013-10-17,3330.2,3357.9,3260.0,3268.5,1439126
2013-10-18,3286.0,3323.9,3261.0,3314.55,1368097
2013-10-21,3333.0,3377.7,3265.1,3335.45,1172921
2013-10-22,3338.0,3364.2,3325.4,3342.35,901095
2013-10-23,3320.0,3338.8,3279.0,3324.8,820198
2013-10-24,3302.3,3375.0,3290.05,3308.75,810070
2013-10-25,3328.0,3350.0,3306.3,3331.55,751418
2013-10-28,3317.2,3334.9,3293.15,3323.45,426556
2013-10-29,3319.5,3364.95,3306.75,3335.6,650049
2013-10-30,3311.0,3338.85,3307.45,3323.9,698886
2013-10-31,3304.3,3328.0,3296.2,3309.9,1210943
2013-11-01,3300.0,3315.0,3269.4,3276.7,770838
2013-11-05,3252.0,3290.55,3233.0,3265.85,665029
2013-11-06,3275.3,3312.2,3275.3,3306.15,463083
2013-11-07,3321.65,3399.95,3313.6,3357.6,899089
2013-11-08,3350.0,3389.2,3350.0,3360.05,1077014
2013-11-11,3350.0,3398.0,3340.1,3362.6,975400
2013-11-12,3362.5,3375.0,3328.1,3336.85,806523
2013-11-13,3316.05,3358.6,3316.05,3332.05,585939
2013-11-14,3352.3,3375.0,3350.05,3354.25,542941
2013-11-18,3391.0,3415.0,3387.85,3404.1,790817
2013-11-19,3406.0,3448.0,3400.05,3442.95,1121901
2013-11-20,3409.0,3443.3,3395.0,3402.2,538326
2013-11-21,3396.0,3400.0,3313.1,3344.35,1061937
2013-11-22,3346.0,3375.0,3336.0,3347.6,340117
2013-11-25,3352.0,3378.8,3307.0,3326.0,713412
2013-11-26,3320.0,3349.0,3292.65,3316.2,915137
2013-11-27,3320.0,3335.85,3285.8,3293.3,847453
2013-11-28,3301.4,3338.0,3265.0,3327.8,937496
2013-11-29,3336.0,3366.0,3310.0,3354.55,676445
2013-12-02,3352.0,3376.9,3325.1,3338.7,588922
2013-12-03,3320.0,3359.5,3320.0,3348.75,875155
2013-12-04,3350.0,3386.0,3336.8,3365.35,1055390
2013-12-05,3380.0,3399.0,3342.0,3351.3,789634
2013-12-06,3339.05,3349.0,3318.2,3325.8,818106
2013-12-09,3365.0,3384.05,3321.05,3338.8,1107079
2013-12-10,3335.0,3389.85,3331.55,3370.85,1543237
2013-12-11,3365.0,3381.7,3340.0,3374.35,782120
2013-12-12,3364.4,3385.7,3348.0,3363.85,690029
2013-12-13,3345.0,3380.0,3345.0,3373.85,1039453
2013-12-16,3380.0,3464.0,3353.8,3452.25,1264712
2013-12-17,3445.1,3484.9,3445.1,3456.35,1339244
2013-12-18,3450.0,3473.75,3447.5,3457.45,1147918
2013-12-19,3462.5,3544.95,3455.0,3512.25,916432
2013-12-20,3525.0,3573.0,3508.4,3551.35,1085682
2013-12-23,3500.0,3539.9,3460.55,3468.45,1105738
2013-12-24,3486.0,3502.9,3466.1,3486.4,888739
2013-12-26,3487.0,3534.4,3483.75,3520.65,858741
2013-12-27,3530.0,3572.0,3529.95,3561.3,922758
2013-12-30,3567.7,3575.0,3475.0,3502.35,1482929
2013-12-31,3500.0,3521.7,3480.25,3485.65,448851
2014-01-01,3492.0,3499.0,3462.05,3468.0,184836
2014-01-02,3463.25,3508.0,3463.25,3480.55,550593
2014-01-03,3475.0,3575.0,3454.25,3565.15,1255793
2014-01-06,3575.1,3580.5,3468.6,3517.9,1387291
2014-01-07,3519.05,3525.9,3446.7,3457.15,964211
2014-01-08,3461.0,3475.0,3421.0,3428.1,1123799
2014-01-09,3440.0,3482.0,3417.85,3450.8,1573851
2014-01-10,3490.0,3575.0,3448.0,3551.25,3782272
2014-01-13,3582.0,3675.0,3582.0,3665.0,2139989
2014-01-14,3645.0,3695.0,3640.45,3686.75,928229
2014-01-15,3695.3,3724.35,3681.0,3712.05,2141268
2014-01-16,3699.0,3737.45,3693.65,3725.05,2201029
2014-01-17,3729.0,3764.65,3720.0,3729.75,3208487
2014-01-20,3712.0,3759.95,3704.45,3749.3,1220243
2014-01-21,3750.0,3770.0,3718.35,3758.35,1512808
2014-01-22,3741.2,3778.0,3740.05,3765.9,846220
2014-01-23,3784.1,3799.0,3760.85,3792.5,988418
2014-01-24,3765.0,3796.95,3754.7,3758.15,859573
2014-01-27,3720.0,3763.9,3711.2,3732.2,1012381
2014-01-28,3707.0,3708.7,3666.85,3675.1,1763568
2014-01-29,3666.0,3743.7,3653.65,3717.8,1012760
2014-01-30,3703.7,3716.7,3660.0,3704.25,897954
2014-01-31,3700.0,3739.75,3686.55,3701.1,671241
2014-02-03,3685.0,3692.0,3624.8,3629.15,548014
2014-02-04,3581.0,3591.95,3546.55,3561.1,566889
2014-02-05,3580.0,3589.0,3542.75,3581.25,540874
2014-02-06,3572.0,3583.0,3541.0,3563.7,718738
2014-02-07,3587.0,3601.85,3548.85,3566.55,943932
2014-02-10,3579.9,3586.0,3557.5,3573.8,756178
2014-02-11,3584.0,3622.0,3573.5,3596.25,729199
2014-02-12,3600.5,3627.45,3593.2,3600.1,526089
2014-02-13,3604.8,3617.95,3580.05,3585.8,448540
2014-02-14,3615.55,3664.0,3603.25,3644.3,745271
2014-02-17,3685.0,3685.0,3648.85,3658.15,1696240
2014-02-18,3647.0,3694.6,3647.0,3682.0,622280
2014-02-19,3695.65,3762.0,3695.1,3753.4,883038
2014-02-20,3744.9,3744.9,3706.0,3711.25,1102106
2014-02-21,3736.0,3755.4,3727.25,3750.7,689748
2014-02-24,3746.0,3753.7,3730.0,3749.9,544701
2014-02-25,3755.0,3792.1,3755.0,3782.9,1012439
2014-02-26,3780.0,3817.8,3772.1,3807.5,919021
2014-02-28,3761.1,3837.15,3761.1,3824.85,1229937
2014-03-03,3825.0,3849.95,3791.95,3798.25,900522
2014-03-04,3770.0,3824.45,3761.9,3799.55,867239
2014-03-05,3827.9,3844.4,3809.9,3821.7,617938
2014-03-06,3838.0,3849.95,3817.35,3831.9,778289
2014-03-07,3827.0,3834.0,3708.3,3740.3,1884093
2014-03-10,3729.7,3729.7,3645.3,3671.6,929059
2014-03-11,3653.0,3708.9,3631.05,3675.35,515534
2014-03-12,3673.4,3703.35,3652.0,3671.3,492513
2014-03-13,3420.0,3439.9,3340.0,3357.6,5098860
2014-03-14,3340.0,3403.9,3335.05,3394.15,1395943
2014-03-18,3400.0,3411.9,3340.0,3350.55,1475539
2014-03-19,3350.0,3357.85,3238.75,3271.75,1972231
2014-03-20,3270.0,3349.5,3270.0,3303.05,1002879
2014-03-21,3330.0,3338.0,3270.5,3305.65,1547540
2014-03-24,3272.2,3318.45,3270.0,3275.8,1020043
2014-03-25,3248.0,3279.7,3246.0,3254.4,943508
2014-03-26,3260.0,3268.95,3230.6,3248.9,1057321
2014-03-27,3248.0,3262.9,3215.95,3231.05,1699921
2014-03-28,3240.1,3279.0,3227.3,3262.6,893353
2014-03-31,3285.3,3304.95,3230.05,3282.8,1147116
2014-04-01,3283.05,3325.0,3275.0,3313.95,1078544
2014-04-02,3348.8,3350.0,3310.5,3322.05,705550
2014-04-03,3339.5,3348.0,3319.05,3338.15,587527
2014-04-04,3351.0,3356.0,3306.1,3316.05,490698
2014-04-07,3298.0,3314.45,3256.0,3293.4,887193
2014-04-09,3281.05,3309.8,3230.5,3254.55,1333085
2014-04-10,3254.5,3257.75,3186.15,3201.2,2657905
2014-04-11,3210.0,3255.6,3165.0,3235.15,2334792
2014-04-15,3332.2,3388.0,3247.5,3259.8,2597798
2014-04-16,3241.95,3241.95,3147.5,3157.3,1649788
2014-04-17,3180.0,3210.05,3158.35,3192.05,1048989
2014-04-21,3210.0,3220.0,3170.0,3182.95,764953
2014-04-22,3172.05,3200.0,3142.4,3150.65,828362
2014-04-23,3174.05,3191.85,3164.0,3172.65,1502090
2014-04-25,3188.0,3200.0,3163.35,3175.6,745363
2014-04-28,3169.0,3193.0,3165.0,3178.05,755310
2014-04-29,3183.0,3195.0,3171.0,3177.75,604433
2014-04-30,3177.65,3190.0,3171.0,3180.8,967742
2014-05-02,3185.0,3247.0,3185.0,3219.7,595549
2014-05-05,3192.0,3233.0,3174.55,3176.9,524586
2014-05-06,3176.9,3184.5,3155.0,3165.15,570753
2014-05-07,3151.0,3170.0,3050.0,3067.35,1949509
2014-05-08,3070.0,3088.4,3046.45,3065.3,1145249
2014-05-09,3065.0,3125.0,3052.85,3111.45,772425
2014-05-12,3118.2,3186.5,3105.05,3175.1,880525
2014-05-13,3183.0,3275.0,3183.0,3265.25,912496
2014-05-14,3250.25,3265.0,3217.15,3254.1,648086
2014-05-15,3254.1,3294.85,3205.25,3272.45,1051149
2014-05-16,3299.0,3340.0,3059.05,3177.55,1773599
2014-05-19,3198.0,3198.0,3000.1,3015.05,2155814
2014-05-20,3049.0,3138.85,3042.2,3122.2,1098418
2014-05-21,3118.0,3164.3,3099.05,3157.1,848538
2014-05-22,3160.0,3180.0,3081.15,3113.9,1229093
2014-05-23,3125.0,3171.0,3012.15,3069.55,1135222
2014-05-26,3071.0,3110.95,3050.15,3094.85,718818
2014-05-27,3100.0,3155.0,3099.5,3134.05,623016
2014-05-28,3123.5,3188.0,3118.0,3173.3,673665
2014-05-29,3025.0,3025.0,2915.0,2924.5,5167666
2014-05-30,2940.0,2959.45,2880.0,2939.4,3504452
2014-06-02,2960.5,2997.7,2960.5,2993.15,778732
2014-06-03,3008.0,3036.95,2974.75,3017.2,853117
2014-06-04,3015.0,3027.35,2953.5,2984.5,688501
2014-06-05,3000.0,3068.4,2962.0,3041.15,1519215
2014-06-06,3000.15,3010.0,2950.0,3003.05,2110303
2014-06-09,3006.0,3015.0,2976.1,2986.45,1357293
2014-06-10,3000.0,3089.2,2996.35,3075.15,1309897
2014-06-11,3105.0,3257.25,3090.35,3193.35,2546963
2014-06-12,3280.0,3297.05,3120.7,3175.05,2641107
2014-06-13,3188.5,3207.0,3131.05,3187.0,1268968
2014-06-16,3186.0,3259.7,3180.0,3244.15,1171916
2014-06-17,3249.0,3267.0,3218.55,3246.85,1259924
2014-06-18,3245.0,3275.0,3212.75,3240.5,1223910
2014-06-19,3245.85,3323.0,3245.1,3311.9,1414213
2014-06-20,3320.0,3339.4,3292.85,3316.6,1106625
2014-06-23,3300.0,3308.95,3221.45,3232.55,791014
2014-06-24,3230.0,3234.9,3192.15,3203.8,1329753
2014-06-25,3245.0,3245.0,3206.0,3211.25,804190
2014-06-26,3220.0,3235.0,3168.75,3182.5,922069
2014-06-27,3200.0,3235.6,3172.0,3223.4,861343
2014-06-30,3220.0,3263.0,3211.4,3255.55,911322
2014-07-01,3245.0,3254.8,3206.0,3221.05,582814
2014-07-02,3212.0,3243.6,3198.2,3215.3,764954
2014-07-03,3210.2,3228.4,3190.5,3210.7,938114
2014-07-04,3200.05,3258.4,3200.05,3245.95,719121
2014-07-07,3265.0,3368.0,3260.0,3345.45,1454789
2014-07-08,3349.0,3406.35,3303.05,3342.15,1432560
2014-07-09,3330.0,3384.0,3290.0,3310.35,1033844
2014-07-10,3315.0,3381.7,3250.6,3292.7,1418202
2014-07-11,3401.4,3432.0,3300.35,3326.65,1978295
2014-07-14,3315.0,3315.0,3185.8,3225.25,1028950
2014-07-15,3239.0,3257.95,3217.05,3225.65,517475
2014-07-16,3240.0,3245.0,3203.25,3229.6,573686
2014-07-17,3260.1,3345.9,3231.65,3239.3,618334
2014-07-18,3253.0,3274.7,3243.6,3251.55,512296
2014-07-21,3255.0,3273.35,3188.1,3200.7,929496
2014-07-22,3205.0,3246.7,3198.05,3233.7,1091670
2014-07-23,3249.0,3355.0,3249.0,3349.45,1478417
2014-07-24,3344.0,3395.0,3321.45,3382.25,696445
2014-07-25,3399.0,3399.0,3304.7,3352.2,667209
2014-07-28,3345.0,3387.0,3320.85,3371.1,575181
2014-07-30,3394.0,3394.0,3345.6,3372.2,1241840
2014-07-31,3380.0,3394.9,3343.2,3367.65,1057146
2014-08-01,3350.0,3392.0,3330.0,3341.3,950876
2014-08-04,3355.0,3482.9,3349.3,3465.55,1635870
2014-08-05,3476.0,3520.0,3470.05,3513.0,1373203
2014-08-06,3525.0,3608.35,3525.0,3575.85,2250523
2014-08-07,3499.0,3544.4,3482.35,3507.35,969278
2014-08-08,3500.0,3520.0,3475.0,3482.65,476419
2014-08-11,3524.0,3583.7,3510.0,3573.5,703584
2014-08-12,3599.0,3599.0,3541.0,3576.8,739617
2014-08-13,3560.05,3625.0,3550.75,3608.4,1117670
2014-08-14,3608.0,3627.7,3586.6,3612.55,845310
2014-08-18,3612.0,3612.0,3550.0,3559.8,847236
2014-08-19,3561.0,3589.0,3530.0,3547.8,803103
2014-08-20,3563.0,3582.5,3547.0,3554.55,492278
2014-08-21,3556.25,3563.4,3530.0,3548.95,537360
2014-08-22,3548.95,3608.0,3548.0,3601.0,606880
2014-08-25,3599.0,3635.7,3562.05,3627.8,524794
2014-08-26,3622.0,3640.0,3600.0,3624.15,730266
2014-08-27,3630.0,3650.0,3601.1,3630.55,696234
2014-08-28,3629.0,3633.65,3581.2,3598.8,949913
2014-09-01,3610.05,3618.9,3585.0,3599.65,455394
2014-09-02,3600.0,3625.0,3555.55,3613.75,447979
2014-09-03,3610.0,3746.4,3610.0,3734.25,1482195
2014-09-04,3725.0,3725.0,3697.85,3708.75,779808
2014-09-05,3732.0,3795.0,3705.35,3730.75,808544
2014-09-08,3732.7,3790.5,3732.7,3781.65,814662
2014-09-09,3748.0,3755.45,3720.0,3736.05,539600
2014-09-10,3708.0,3708.0,3660.0,3667.3,635094
2014-09-11,3674.0,3699.7,3630.6,3684.15,626629
2014-09-12,3688.0,3708.0,3650.0,3669.9,488444
2014-09-15,3665.0,3668.0,3627.3,3641.3,619850
2014-09-16,3646.0,3690.5,3623.6,3651.25,629363
2014-09-17,3679.9,3748.1,3671.1,3741.05,990765
2014-09-18,3673.95,3729.7,3654.45,3697.0,1138097
2014-09-19,3699.0,3787.9,3681.3,3702.05,1844377
2014-09-22,3680.0,3682.75,3632.0,3650.6,1076505
2014-09-23,3645.0,3683.45,3595.55,3607.1,1620288
2014-09-24,3630.0,3672.25,3598.25,3644.8,695570
2014-09-25,3650.0,3718.8,3646.0,3691.0,3121939
2014-09-26,3685.0,3720.25,3660.5,3680.15,1108105
2014-09-29,3701.0,3760.95,3681.1,3749.05,624518
2014-09-30,3744.2,3756.3,3701.1,3747.75,865921
2014-10-01,3722.0,3859.95,3722.0,3847.3,1183858
2014-10-07,3769.3,3892.95,3769.3,3831.3,2507932
2014-10-08,3785.0,3792.0,3641.0,3650.15,2540960
2014-10-09,3700.0,3714.0,3625.9,3646.8,1554104
2014-10-10,3660.0,3908.0,3572.7,3888.65,5736632
2014-10-13,3889.3,3985.0,3889.3,3942.55,2215873
2014-10-14,3965.0,3965.0,3900.0,3918.3,857564
2014-10-16,3900.1,3938.3,3854.35,3865.3,1252174
2014-10-17,3864.9,3922.8,3837.1,3851.65,1023752
2014-10-20,3853.0,3862.55,3802.1,3812.35,962840
2014-10-21,3849.9,3849.9,3710.0,3772.95,3260173
2014-10-22,3809.3,3811.9,3776.2,3796.05,669165
2014-10-23,3804.85,3813.45,3797.15,3805.05,81303
2014-10-27,3850.0,3850.0,3782.2,3803.05,595969
2014-10-28,3765.0,3812.35,3765.0,3788.25,833296
2014-10-29,3812.95,3892.7,3812.95,3881.45,1028667
2014-10-30,3896.0,3981.25,3896.0,3946.55,1905651
2014-10-31,3987.05,4066.0,3987.05,4051.25,1083850
2014-11-03,4076.9,4110.0,4032.45,4085.9,1072301
2014-11-05,4085.0,4154.0,4057.0,4124.8,1280135
2014-11-07,4118.3,4183.0,4118.3,4166.6,1246300
2014-11-10,4175.05,4181.1,4140.0,4165.5,699271
2014-11-11,4165.0,4165.0,4103.8,4125.2,781886
2014-11-12,4121.0,4150.7,4097.1,4106.0,674112
2014-11-13,4122.0,4201.05,4112.4,4178.6,619585
2014-11-14,4194.0,4211.45,4174.0,4191.65,654147
2014-11-17,4185.0,4227.9,4148.1,4218.45,682273
2014-11-18,4225.0,4227.8,4172.1,4182.35,658390
2014-11-19,4180.0,4189.95,4139.75,4173.35,650140
2014-11-20,4190.0,4232.5,4183.85,4225.6,668491
2014-11-21,4170.0,4179.0,4101.6,4146.15,1307909
2014-11-24,4200.0,4281.65,4191.95,4275.1,1380930
2014-11-25,4295.0,4319.95,4246.0,4303.2,1860822
2014-11-26,4300.0,4317.7,4271.6,4300.45,991350
2014-11-27,4321.9,4376.4,4312.0,4365.9,2173629
2014-11-28,4370.1,4398.0,4343.4,4359.85,1793408
2014-12-01,4387.0,4402.2,4292.6,4349.85,2292733
2014-12-02,2164.95,2164.95,2115.0,2126.6,2663748
2014-12-03,2101.5,2132.95,2084.55,2123.5,3193761
2014-12-04,2110.0,2144.9,2095.0,2101.8,2349807
2014-12-05,2115.0,2116.6,2059.8,2070.3,1839690
2014-12-08,2009.0,2019.0,1957.75,1970.15,41580102
2014-12-09,1982.75,1986.0,1952.45,1964.8,2512615
2014-12-10,1966.0,1985.0,1959.1,1963.75,1951178
2014-12-11,1951.0,1953.95,1915.0,1921.05,2071483
2014-12-12,1939.05,1960.4,1918.1,1938.65,3643125
2014-12-15,1904.95,1957.25,1904.9,1924.8,3241571
2014-12-16,1925.7,1951.6,1925.7,1938.0,4448189
2014-12-17,1936.0,1955.5,1896.3,1938.5,4462944
2014-12-18,1954.0,1981.8,1944.75,1965.9,4987495
2014-12-19,1997.6,2008.0,1986.0,1998.65,3573658
2014-12-22,2006.0,2010.1,1975.35,1999.6,2616276
2014-12-23,2000.85,2021.9,1963.6,1971.65,2049238
2014-12-24,1976.0,1987.0,1915.05,1930.55,6834872
2014-12-26,1945.1,1960.7,1930.95,1952.25,567187
2014-12-29,1956.05,1972.8,1952.5,1957.8,698169
2014-12-30,1962.25,1975.0,1956.8,1966.35,1160138
2014-12-31,1955.0,1978.95,1950.0,1972.55,1742202
2015-01-01,1968.95,1982.0,1956.9,1974.4,500691
2015-01-02,1972.0,2019.05,1972.0,2013.2,1694580
2015-01-05,2009.9,2030.0,1977.5,1995.9,2484256
2015-01-06,1980.0,1985.0,1934.1,1954.2,2416829
2015-01-07,1965.0,1974.75,1950.0,1963.55,1812479
2015-01-08,1985.6,1997.0,1950.0,1973.45,3391230
2015-01-09,1980.1,2109.0,1913.05,2074.45,11215832
2015-01-12,2092.0,2119.2,2075.0,2115.95,3189722
2015-01-13,2107.8,2107.8,2075.0,2088.9,2200309
2015-01-14,2098.5,2133.0,2092.6,2128.65,2480315
2015-01-15,2135.2,2152.8,2112.25,2134.25,2085613
2015-01-16,2148.0,2160.0,2112.0,2118.3,1672740
2015-01-19,2120.0,2132.35,2094.6,2102.5,1021936
2015-01-20,2107.0,2133.0,2101.45,2124.2,1701126
2015-01-21,2131.5,2175.95,2118.0,2169.9,2123727
2015-01-22,2174.8,2203.0,2161.3,2196.45,2489599
2015-01-23,2200.0,2225.0,2165.1,2215.05,2371582
2015-01-27,2221.0,2221.0,2130.1,2136.5,3434992
2015-01-28,2150.0,2154.8,2130.3,2144.55,3283589
2015-01-29,2145.0,2149.9,2127.6,2145.5,3842356
2015-01-30,2161.5,2162.55,2126.95,2141.9,2708436
2015-02-02,2141.5,2152.0,2126.05,2136.85,2175635
2015-02-03,2136.85,2139.95,2102.0,2120.9,1316489
2015-02-04,2139.9,2150.0,2126.4,2142.85,1290004
2015-02-05,2150.8,2220.0,2148.0,2193.8,2968984
2015-02-06,2205.0,2247.8,2188.5,2230.5,1863432
2015-02-09,2200.0,2254.0,2200.0,2248.9,1634217
2015-02-10,2243.0,2298.0,2241.0,2278.3,2129230
2015-02-11,2280.5,2293.2,2256.25,2284.85,1449243
2015-02-12,2283.0,2321.95,2273.0,2311.2,1571884
2015-02-13,2299.6,2326.7,2286.0,2296.1,1414379
2015-02-16,2280.3,2306.9,2265.25,2278.75,1561069
2015-02-18,2290.55,2304.95,2258.15,2296.5,2153441
2015-02-19,2294.0,2334.0,2292.05,2324.7,2418406
2015-02-20,2328.5,2336.0,2276.9,2283.1,1742907
2015-02-23,2300.0,2309.2,2248.1,2265.6,1272622
2015-02-24,2279.0,2295.95,2257.6,2272.8,1609419
2015-02-25,2288.9,2334.8,2280.0,2317.6,1511243
2015-02-26,2307.5,2309.0,2245.4,2258.1,1611444
2015-02-27,2274.9,2280.65,2251.5,2265.75,1950269
2015-03-02,2303.0,2308.5,2278.05,2291.7,1760248
2015-03-03,2290.0,2302.95,2278.3,2297.85,1226388
2015-03-04,2300.0,2313.9,2251.9,2274.65,1093807
2015-03-05,2267.05,2298.75,2233.35,2247.6,1421229
2015-03-09,2259.0,2259.0,2179.0,2190.05,1996180
2015-03-10,2198.1,2206.95,2160.2,2198.0,1582479
2015-03-11,2194.1,2240.0,2169.1,2182.2,1695228
2015-03-12,2179.0,2226.45,2177.0,2218.3,1422141
2015-03-13,2225.0,2230.0,2192.4,2220.4,1544921
2015-03-16,2210.55,2282.0,2210.55,2266.65,1704658
2015-03-17,2266.65,2279.5,2217.25,2240.5,1384828
2015-03-18,2254.5,2262.85,2222.55,2229.5,1226391
2015-03-19,2234.6,2249.0,2222.75,2230.45,1722935
2015-03-20,2241.0,2268.9,2232.95,2257.45,1607724
2015-03-23,2253.0,2275.0,2225.5,2233.45,1269675
2015-03-24,2234.9,2253.4,2206.0,2211.45,1684133
2015-03-25,2222.9,2229.15,2200.75,2219.1,1542742
2015-03-26,2208.0,2214.9,2132.0,2146.35,3935210
2015-03-27,2164.0,2224.7,2163.0,2202.15,2518555
2015-03-30,2205.6,2240.0,2194.9,2228.0,1155772
2015-03-31,2245.0,2273.65,2204.35,2218.35,2004103
2015-04-01,2198.9,2199.5,2157.7,2173.95,1684622
2015-04-06,2179.0,2184.7,2160.4,2178.2,1935438
2015-04-07,2175.0,2182.8,2138.0,2159.5,2135567
2015-04-08,2182.5,2204.9,2173.05,2200.55,2546394
2015-04-09,2211.4,2218.9,2184.4,2215.0,2645387
2015-04-10,2210.2,2238.0,2210.2,2233.95,1780944
2015-04-13,2238.0,2244.0,2216.1,2238.8,1218084
2015-04-15,2236.5,2245.0,2195.05,2213.7,1559446
2015-04-16,2222.0,2231.0,2160.5,2194.65,2251953
2015-04-17,2180.05,2194.95,2153.45,2179.25,1612579
2015-04-20,2176.0,2180.0,2115.15,2132.15,3206346
2015-04-21,2148.0,2155.1,2120.1,2142.6,2220412
2015-04-22,2151.05,2155.0,2097.95,2137.7,3087746
2015-04-23,2148.7,2150.0,2112.0,2122.0,2972950
2015-04-24,2135.9,2150.2,1980.0,1995.2,10891363
2015-04-27,2000.0,2002.0,1948.1,1984.65,4955660
2015-04-28,1982.0,1982.0,1952.0,1960.9,2598375
2015-04-29,1960.9,1972.0,1937.95,1961.15,2072264
2015-04-30,1960.0,1965.0,1932.3,1942.25,3283565
2015-05-04,1959.5,2000.0,1949.9,1993.1,3340398
2015-05-05,2000.0,2003.7,1952.05,1962.75,2352129
2015-05-06,1975.0,1975.0,1915.3,1922.05,2627102
2015-05-07,1922.0,1967.1,1910.0,1944.0,1694996
2015-05-08,1958.0,1967.55,1945.25,1957.95,1444419
2015-05-11,1965.0,2000.0,1952.2,1993.65,1196378
2015-05-12,1993.65,1994.6,1942.0,1947.1,2071223
2015-05-13,1951.75,1964.9,1928.5,1956.7,1774771
2015-05-14,1960.0,1960.8,1908.0,1934.8,1558461
2015-05-15,1935.0,1966.6,1932.3,1961.75,1297336
2015-05-18,1970.0,1998.9,1961.6,1993.05,1617494
2015-05-19,1987.3,2035.7,1986.0,2022.35,2568019
2015-05-20,2040.0,2052.0,2033.6,2047.3,1470547
2015-05-21,2048.9,2061.9,2037.25,2048.45,2514828
2015-05-22,2044.0,2051.55,2030.1,2046.45,1722206
2015-05-25,2050.5,2056.55,2007.05,2016.8,1168952
2015-05-26,2020.0,2031.45,2002.15,2007.3,991260
2015-05-27,2007.0,2009.0,1955.0,1968.5,2113677
2015-05-28,1975.2,2032.0,1975.2,2016.6,2745135
2015-05-29,2004.85,2056.45,2001.0,2023.15,4748261
2015-06-01,2032.8,2064.0,2023.25,2047.8,1431223
2015-06-02,2048.1,2055.1,2005.0,2008.65,1168285
2015-06-03,2018.2,2039.45,2008.0,2020.9,1373949
2015-06-04,2030.0,2055.0,2012.6,2028.05,1872366
2015-06-05,2030.0,2044.0,2008.15,2011.65,1531447
2015-06-08,2020.0,2024.65,1987.0,2000.05,1535262
2015-06-09,2003.75,2007.65,1983.0,1992.1,1890435
2015-06-10,1990.0,2039.35,1985.0,2026.5,1596460
2015-06-11,2035.95,2044.75,1995.05,1997.65,2307366
2015-06-12,2005.0,2025.55,1955.5,1975.05,2463231
2015-06-15,976.95,998.8,968.0,990.45,2618213
2015-06-16,994.35,1003.0,985.0,999.35,2611722
2015-06-17,1011.0,1021.0,992.2,995.7,3206034
2015-06-18,1005.6,1007.95,995.8,1001.95,1737213
2015-06-19,1010.3,1010.4,993.1,995.35,3335229
2015-06-22,1004.9,1028.75,997.0,1023.85,2855434
2015-06-23,1025.0,1027.4,998.15,1000.4,3476058
2015-06-24,1015.0,1015.0,991.2,995.1,3536847
2015-06-25,999.2,1003.5,987.65,990.45,3558733
2015-06-26,999.0,1011.6,998.1,1005.25,2660142
2015-06-29,987.0,999.5,982.5,990.15,2845334
2015-06-30,990.0,993.45,980.0,984.35,3106265
2015-07-01,989.0,1005.0,986.0,997.4,3440426
2015-07-02,999.0,1001.4,985.05,988.0,2003784
2015-07-03,988.0,993.0,982.0,990.3,1347653
2015-07-06,985.0,988.0,975.0,983.3,2152801
2015-07-07,985.0,990.0,979.0,980.5,1748709
2015-07-08,979.0,979.0,954.8,957.5,3512089
2015-07-09,957.5,966.0,934.05,938.0,4293886
2015-07-10,948.1,952.1,932.65,937.5,3705761
2015-07-13,941.0,955.0,934.05,950.15,3265884
2015-07-14,955.0,973.5,945.5,971.25,2683537
2015-07-15,970.0,985.95,968.0,984.0,2064783
2015-07-16,987.7,991.5,979.5,989.05,1736469
2015-07-17,991.0,1004.5,989.1,1001.85,1723989
2015-07-20,1001.4,1010.8,987.4,1001.25,2188590
2015-07-21,1035.0,1149.0,1035.0,1112.65,19155056
2015-07-22,1105.0,1112.0,1076.65,1103.15,6332830
2015-07-23,1103.95,1117.0,1090.0,1098.0,3855374
2015-07-24,1095.55,1106.45,1083.1,1087.6,2240151
2015-07-27,1086.9,1087.95,1060.45,1065.3,3376122
2015-07-28,1068.5,1076.0,1054.25,1062.85,4238301
2015-07-29,1074.0,1092.0,1065.0,1085.4,3535667
2015-07-30,1090.0,1090.0,1058.0,1070.0,5978299
2015-07-31,1078.55,1081.35,1060.0,1077.05,3965506
2015-08-03,1078.0,1092.0,1068.95,1078.95,3980506
2015-08-04,1078.0,1078.95,1051.0,1057.25,4549527
2015-08-05,1062.0,1090.0,1061.95,1086.35,2376738
2015-08-06,1094.0,1105.5,1077.0,1086.95,3619126
2015-08-07,1079.5,1101.0,1078.5,1095.6,2494029
2015-08-10,1098.0,1106.35,1067.0,1086.0,1996377
2015-08-11,1098.8,1116.9,1095.7,1109.15,3787203
2015-08-12,1115.0,1149.0,1111.0,1144.4,5084220
2015-08-13,1147.0,1166.85,1055.55,1158.0,4893980
2015-08-14,1165.0,1168.7,1143.1,1149.25,2554533
2015-08-17,1150.0,1153.45,1122.5,1142.15,1553718
2015-08-18,1150.0,1177.7,1150.0,1164.35,2075223
2015-08-19,1170.0,1186.2,1162.8,1175.55,3434759
2015-08-20,1159.0,1168.5,1128.0,1134.55,4184557
2015-08-21,1140.9,1160.95,1117.5,1149.9,5411071
2015-08-24,1109.95,1123.0,1078.6,1092.05,7061342
2015-08-25,1100.0,1119.0,1044.5,1085.65,6867539
2015-08-26,1089.8,1097.0,1059.0,1064.6,5749106
2015-08-27,1088.0,1100.1,1078.05,1082.8,7671696
2015-08-28,1101.6,1124.9,1101.6,1111.05,3604410
2015-08-31,1134.85,1134.85,1082.5,1094.4,4958532
2015-09-01,1090.0,1114.6,1082.0,1089.0,4535775
2015-09-02,1098.0,1115.0,1090.0,1099.45,5585915
2015-09-03,1110.15,1112.0,1092.5,1099.35,4295268
2015-09-04,1103.0,1111.0,1067.0,1073.95,3659444
2015-09-07,1084.95,1085.0,1055.0,1058.75,2590494
2015-09-08,1062.0,1074.0,1052.3,1058.8,2729748
2015-09-09,1087.1,1099.6,1072.0,1088.7,4574332
2015-09-10,1084.9,1091.5,1061.0,1080.45,4181502
2015-09-11,1091.55,1106.4,1085.5,1090.75,4941905
2015-09-14,1099.0,1104.0,1082.65,1099.75,3278538
2015-09-15,1099.4,1103.2,1088.15,1099.2,2645943
2015-09-16,1108.0,1109.75,1098.3,1101.65,3739120
2015-09-18,1111.8,1117.9,1099.05,1104.45,5788438
2015-09-21,1100.0,1108.85,1092.5,1104.65,2175617
2015-09-22,1115.0,1135.95,1101.1,1107.45,4813493
2015-09-23,1107.45,1126.35,1097.45,1116.25,2379127
2015-09-24,1113.5,1152.7,1110.0,1140.55,6699631
2015-09-28,1139.95,1142.85,1101.0,1105.55,4894232
2015-09-29,1102.0,1133.4,1097.5,1121.85,4349685
2015-09-30,1134.4,1168.95,1125.95,1161.95,4747846
2015-10-01,1169.9,1197.75,1160.0,1173.05,5432197
2015-10-05,1173.0,1189.35,1162.0,1181.75,3440880
2015-10-06,1187.05,1192.55,1148.1,1154.6,4355940
2015-10-07,1156.0,1168.75,1128.45,1133.2,4591244
2015-10-08,1136.4,1149.6,1126.05,1132.15,4540437
2015-10-09,1136.0,1172.9,1136.0,1167.4,5891069
2015-10-12,1199.0,1219.8,1109.0,1122.9,15202485
2015-10-13,1107.45,1111.0,1085.2,1099.4,7663431
2015-10-14,1091.45,1115.55,1087.2,1097.6,4432755
2015-10-15,1099.9,1104.35,1089.1,1097.35,4127833
2015-10-16,1099.0,1101.4,1090.0,1094.9,3209496
2015-10-19,1102.0,1116.0,1100.5,1111.95,3673747
2015-10-20,1113.0,1130.0,1110.6,1125.95,4394155
2015-10-21,1125.0,1146.85,1125.0,1138.4,3639049
2015-10-23,1141.8,1153.0,1125.1,1149.9,3016681
2015-10-26,1154.0,1158.5,1143.15,1152.15,1597971
2015-10-27,1150.0,1155.0,1144.1,1149.4,2631874
2015-10-28,1144.5,1158.0,1139.0,1153.2,2627736
2015-10-29,1153.1,1155.9,1136.05,1145.05,2943662
2015-10-30,1145.0,1145.0,1130.0,1135.45,2022338
2015-11-02,1130.0,1135.8,1114.1,1131.2,1772494
2015-11-03,1133.4,1150.45,1133.4,1145.5,1807341
2015-11-04,1150.1,1157.6,1132.3,1136.8,1602786
2015-11-05,1142.95,1145.0,1119.4,1122.9,1172653
2015-11-06,1123.0,1143.9,1122.9,1138.3,1513086
2015-11-09,1120.0,1140.0,1115.2,1134.6,3062838
2015-11-10,1127.5,1127.5,1100.1,1103.85,2340026
2015-11-11,1118.0,1118.0,1103.0,1107.6,353652
2015-11-13,1099.95,1106.0,1090.0,1100.8,1760434
2015-11-16,1083.65,1094.0,1067.2,1080.2,3404167
2015-11-17,1080.0,1082.9,1052.0,1061.5,3592053
2015-11-18,1041.0,1045.15,1011.25,1020.0,5062626
2015-11-19,1030.25,1052.0,1023.8,1047.8,4269811
2015-11-20,1048.0,1063.2,1042.05,1052.4,3041489
2015-11-23,1050.0,1062.4,1038.0,1053.7,2808175
2015-11-24,1050.0,1050.8,1037.0,1041.15,2162901
2015-11-26,1040.95,1059.5,1040.05,1052.4,4926984
2015-11-27,1058.0,1070.0,1045.0,1066.35,2571239
2015-11-30,1070.0,1098.3,1056.2,1087.9,9052767
2015-12-01,1088.0,1095.0,1072.95,1079.0,2949275
2015-12-02,1079.95,1079.95,1059.0,1060.7,3198808
2015-12-03,1061.0,1064.8,1049.05,1057.75,2752363
2015-12-04,1049.0,1064.9,1040.1,1049.05,4187765
2015-12-07,1055.3,1059.0,1040.0,1046.25,2256935
2015-12-08,1045.05,1062.75,1039.3,1044.4,2862186
2015-12-09,1043.0,1046.95,1022.55,1028.2,3409127
2015-12-10,1036.6,1051.6,1030.3,1047.35,2793873
2015-12-11,1054.0,1061.9,1045.9,1052.8,2695099
2015-12-14,1049.5,1073.15,1048.05,1069.5,2408336
2015-12-15,1073.25,1079.1,1058.8,1077.55,2715904
2015-12-16,1083.4,1098.0,1083.4,1095.85,2747926
2015-12-17,1100.0,1109.8,1088.0,1107.1,2479391
2015-12-18,1103.4,1103.4,1079.45,1083.15,3609910
2015-12-21,1077.0,1107.4,1065.95,1103.45,2165506
2015-12-22,1097.45,1097.45,1080.1,1083.75,2054627
2015-12-23,1095.05,1102.5,1087.05,1100.85,1435464
2015-12-24,1102.05,1104.45,1090.1,1096.35,615027
2015-12-28,1090.0,1110.0,1090.0,1104.75,2763476
2015-12-29,1101.25,1110.0,1097.3,1104.7,1672531
2015-12-30,1101.1,1106.6,1083.0,1086.3,2576985
2015-12-31,1090.15,1109.95,1087.0,1105.4,3971969
2016-01-01,1100.0,1108.95,1093.2,1105.25,903275
2016-01-04,1099.95,1102.45,1076.05,1078.9,1987681
2016-01-05,1085.5,1085.5,1062.25,1074.05,2474893
2016-01-06,1074.65,1074.65,1058.9,1069.35,2794164
2016-01-07,1060.05,1067.9,1047.9,1050.8,2647044
2016-01-08,1061.5,1067.4,1055.5,1063.3,1578358
2016-01-11,1056.3,1069.95,1052.1,1055.7,2680311
2016-01-12,1062.0,1062.95,1030.85,1049.95,3282606
2016-01-13,1057.0,1091.0,1048.1,1083.4,4375647
2016-01-14,1066.0,1155.0,1054.35,1133.0,15113503
2016-01-15,1148.0,1164.0,1137.55,1139.9,6518307
2016-01-18,1139.9,1162.1,1128.35,1131.9,5033306
2016-01-19,1135.0,1158.95,1128.55,1139.65,3750218
2016-01-20,1134.0,1160.0,1117.0,1121.25,3753999
2016-01-21,1135.0,1142.5,1122.0,1137.05,3371500
2016-01-22,1148.1,1152.5,1131.0,1136.25,3218009
2016-01-25,1140.25,1146.85,1124.55,1137.65,2289631
2016-01-27,1146.45,1149.6,1135.0,1138.5,3485981
2016-01-28,1136.0,1142.6,1126.2,1129.6,3894299
2016-01-29,1138.0,1170.0,1131.6,1164.9,5116054
2016-02-01,1170.0,1179.9,1161.6,1173.35,2125563
2016-02-02,1176.85,1190.0,1164.0,1175.55,3816351
2016-02-03,1167.8,1175.9,1152.75,1157.7,2622983
2016-02-04,1160.05,1194.95,1160.05,1179.75,2774673
2016-02-05,1175.5,1186.65,1171.85,1174.7,1992112
2016-02-08,1163.75,1172.2,1143.8,1150.8,2110522
2016-02-09,1128.3,1128.3,1093.5,1107.65,3789786
2016-02-10,1108.0,1127.5,1105.0,1108.55,2933027
2016-02-11,1111.0,1113.0,1071.15,1078.65,2607189
2016-02-12,1094.7,1104.4,1067.0,1084.65,3704048
2016-02-17,1081.75,1103.0,1077.0,1097.85,2082299
2016-02-18,1100.0,1127.0,1100.0,1123.4,2094536
2016-02-19,1119.2,1134.2,1113.85,1127.25,1987009
2016-02-22,1131.0,1133.95,1114.05,1126.65,1928505
2016-02-23,1130.25,1132.5,1116.05,1123.9,1250980
2016-02-24,1119.5,1143.75,1118.35,1125.35,2475357
2016-02-25,1125.4,1130.6,1101.1,1110.3,2242264
2016-02-26,1120.15,1132.0,1116.0,1121.15,2117818
2016-02-29,1129.5,1130.4,1068.3,1084.05,4083038
2016-03-01,1094.8,1130.3,1094.8,1125.45,3193077
2016-03-02,1137.05,1163.5,1125.0,1156.0,3607449
2016-03-03,1168.0,1192.85,1154.0,1169.3,2907152
2016-03-04,1175.6,1185.0,1159.1,1170.65,2140840
2016-03-08,1163.0,1190.5,1147.4,1163.45,3808873
2016-03-09,1145.0,1183.75,1142.95,1178.5,3152891
2016-03-10,1162.9,1162.9,1139.35,1142.5,12190508
2016-03-11,1146.2,1155.95,1138.2,1143.0,2029274
2016-03-14,1146.0,1154.25,1138.5,1141.2,2087131
2016-03-15,1144.0,1154.5,1128.95,1134.4,3360129
2016-03-16,1141.9,1155.0,1131.55,1152.45,2794425
2016-03-17,1156.9,1169.75,1154.05,1161.75,3237311
2016-03-18,1162.8,1199.0,1162.0,1193.4,4238711
2016-03-21,1188.0,1199.0,1180.05,1194.9,2569196
2016-03-22,1191.25,1194.0,1172.0,1189.95,3548975
2016-03-23,1190.0,1210.7,1182.1,1207.8,3166588
2016-03-28,1232.4,1237.0,1195.75,1204.9,5393755
2016-03-29,1199.0,1218.9,1191.55,1197.25,3497678
2016-03-30,1197.6,1210.0,1195.55,1205.95,2878409
2016-03-31,1210.25,1229.9,1200.3,1218.3,8998160
2016-04-01,1216.0,1222.2,1195.1,1205.45,2755714
2016-04-04,1213.55,1248.0,1213.55,1243.7,2288527
2016-04-05,1242.0,1242.3,1214.0,1219.8,2395358
2016-04-06,1228.0,1228.0,1196.0,1200.7,2465677
2016-04-07,1208.4,1208.4,1175.0,1181.5,2828945
2016-04-08,1175.85,1177.5,1162.05,1165.75,2097789
2016-04-11,1165.8,1186.75,1151.1,1183.9,2884339
2016-04-12,1180.5,1194.9,1178.6,1182.2,2921069
2016-04-13,1194.95,1194.95,1166.35,1172.7,6255693
2016-04-18,1250.0,1267.9,1233.5,1238.7,12507995
2016-04-20,1244.0,1246.45,1225.8,1243.6,4036424
2016-04-21,1251.0,1251.0,1218.1,1226.3,2720550
2016-04-22,1226.3,1228.5,1207.0,1211.25,2571969
2016-04-25,1212.05,1224.8,1201.1,1215.85,2682067
2016-04-26,1215.45,1239.55,1208.6,1232.15,2923372
2016-04-27,1229.2,1242.35,1228.55,1240.15,2243104
2016-04-28,1231.0,1239.6,1207.0,1209.15,6082584
2016-04-29,1211.45,1223.55,1205.0,1208.1,2518205
2016-05-02,1210.0,1211.15,1196.15,1201.05,1807625
2016-05-03,1202.75,1212.2,1171.8,1177.8,3412405
2016-05-04,1181.0,1193.0,1170.65,1188.85,2906421
2016-05-05,1195.15,1199.0,1181.1,1192.45,3151334
2016-05-06,1189.8,1189.8,1177.05,1181.5,1298360
2016-05-09,1182.0,1201.55,1180.6,1199.05,2561839
2016-05-10,1202.5,1216.65,1196.6,1212.8,1697852
2016-05-11,1198.5,1214.7,1192.5,1201.85,1854944
2016-05-12,1203.9,1213.0,1196.8,1210.0,1703466
2016-05-13,1206.0,1210.0,1192.15,1207.25,2826032
2016-05-16,1210.2,1223.65,1205.0,1215.0,2266939
2016-05-17,1220.0,1225.75,1208.15,1214.25,1898147
2016-05-18,1199.0,1214.0,1197.9,1209.85,2128298
2016-05-19,1210.95,1216.15,1201.0,1205.75,1977200
2016-05-20,1205.0,1219.5,1200.0,1201.6,1997274
2016-05-23,1203.4,1205.15,1185.0,1188.0,2292973
2016-05-24,1191.05,1191.75,1177.6,1187.75,1742530
2016-05-25,1194.1,1213.1,1194.1,1208.65,1928698
2016-05-26,1210.1,1239.8,1210.1,1234.15,3068218
2016-05-27,1231.6,1259.5,1231.6,1247.5,3090382
2016-05-30,1241.5,1272.0,1241.5,1267.6,2642850
2016-05-31,1265.0,1266.75,1239.0,1248.65,6891019
2016-06-01,1246.05,1268.5,1246.0,1258.2,2420267
2016-06-02,1255.0,1274.9,1254.0,1261.55,2526776
2016-06-03,1260.05,1279.3,1260.05,1266.9,1999190
2016-06-06,1264.9,1277.0,1261.1,1266.75,2112884
2016-06-07,1267.0,1272.5,1255.1,1257.4,2846210
2016-06-08,1263.95,1263.95,1235.35,1238.1,4370685
2016-06-09,1226.25,1226.25,1180.05,1185.5,6370402
2016-06-10,1175.4,1190.0,1170.1,1180.6,3191978
2016-06-13,1176.8,1184.9,1166.0,1180.9,2643361
2016-06-14,1182.4,1182.4,1167.25,1175.0,1470364
2016-06-15,1183.7,1192.65,1179.05,1189.95,3355786
2016-06-16,1189.5,1189.5,1170.1,1186.0,2651282
2016-06-17,1189.0,1192.75,1175.1,1179.5,4257541
2016-06-20,1181.0,1211.8,1179.7,1208.75,3114783
2016-06-21,1211.2,1214.8,1195.65,1206.1,2380862
2016-06-22,1204.0,1211.95,1188.15,1199.5,1515629
2016-06-23,1197.3,1214.85,1193.35,1211.6,1914313
2016-06-24,1188.0,1199.0,1160.0,1194.55,3904174
2016-06-27,1172.05,1183.2,1160.0,1166.2,2791889
2016-06-28,1162.8,1172.5,1155.1,1159.15,3827987
2016-06-29,1169.0,1179.9,1160.2,1176.85,2729575
2016-06-30,1180.5,1184.5,1167.95,1170.8,4673112
2016-07-01,1180.0,1180.0,1170.1,1172.4,1995956
2016-07-04,1176.2,1194.6,1176.2,1183.95,2690661
2016-07-05,1185.0,1187.5,1171.05,1175.45,1798208
2016-07-07,1168.7,1171.0,1155.0,1157.25,2977438
2016-07-08,1163.0,1167.0,1153.5,1158.2,2775824
2016-07-11,1167.4,1178.7,1160.0,1175.05,3334441
2016-07-12,1180.0,1180.35,1168.0,1176.55,3098684
2016-07-13,1180.0,1195.8,1175.2,1193.8,2637710
2016-07-14,1195.0,1196.05,1164.0,1176.25,3706664
2016-07-15,1189.5,1189.9,1052.0,1072.55,30742063
2016-07-18,1077.25,1084.9,1055.15,1081.95,7166412
2016-07-19,1088.6,1090.0,1074.1,1086.95,5202322
2016-07-20,1070.0,1089.9,1070.0,1083.1,4911448
2016-07-21,1079.0,1087.2,1075.6,1079.9,4334001
2016-07-22,1070.0,1079.9,1066.7,1072.45,4693269
2016-07-25,1063.0,1083.25,1063.0,1080.85,4234776
2016-07-26,1070.35,1089.9,1070.35,1088.7,3594805
2016-07-27,1084.7,1096.5,1078.55,1085.35,3715910
2016-07-28,1085.4,1086.95,1074.05,1077.5,5629281
2016-07-29,1072.6,1076.75,1066.5,1073.85,4078392
2016-08-01,1071.5,1087.85,1068.35,1085.25,4548331
2016-08-02,1079.9,1085.0,1075.0,1083.8,3411251
2016-08-03,1085.65,1086.5,1070.3,1084.9,3606730
2016-08-04,1086.4,1086.9,1070.05,1071.8,2118639
2016-08-05,1072.0,1073.45,1060.0,1068.0,2804984
2016-08-08,1069.0,1081.0,1062.55,1078.7,2321532
2016-08-09,1077.0,1084.5,1071.5,1083.4,3596332
2016-08-10,1076.0,1087.9,1075.2,1082.35,2788227
2016-08-11,1081.7,1095.0,1075.25,1077.35,2519276
2016-08-12,1075.05,1078.8,1060.0,1062.55,3724964
2016-08-16,1042.0,1058.05,1028.0,1051.8,8214704
2016-08-17,1049.95,1052.65,1030.5,1033.3,3299658
2016-08-18,1036.5,1039.1,1021.5,1023.4,4217000
2016-08-19,1030.0,1039.0,1018.45,1021.3,2843008
2016-08-22,1018.0,1030.0,1009.1,1015.45,5126759
2016-08-23,1020.1,1042.0,1020.1,1039.65,3703069
2016-08-24,1047.0,1062.05,1047.0,1057.4,3064983
2016-08-25,1055.0,1057.6,1032.1,1036.15,2398281
2016-08-26,1036.0,1046.0,1017.05,1020.25,3440527
2016-08-29,1017.6,1030.0,1011.0,1022.8,2610141
2016-08-30,1032.45,1045.0,1025.0,1040.4,2187719
2016-08-31,1037.1,1045.75,1027.8,1035.85,5569907
2016-09-01,1038.0,1040.45,1032.0,1037.55,1438913
2016-09-02,1039.05,1040.0,1026.2,1031.85,1666296
2016-09-06,1038.25,1048.9,1035.6,1045.0,4107522
2016-09-07,1048.0,1059.0,1044.0,1054.35,3712735
2016-09-08,1045.0,1045.0,1024.0,1037.65,4546387
2016-09-09,1037.0,1041.0,1026.55,1035.5,2526719
2016-09-12,1025.25,1058.0,1025.25,1054.0,3101548
2016-09-14,1053.95,1057.8,1040.65,1045.6,2576209
2016-09-15,1045.6,1046.8,1035.35,1042.2,2350861
2016-09-16,1049.0,1064.5,1038.1,1060.15,4974692
2016-09-19,1046.0,1068.9,1041.35,1061.2,2904577
2016-09-20,1053.3,1057.15,1045.75,1050.15,2107002
2016-09-21,1054.0,1061.25,1051.05,1055.75,2115766
2016-09-22,1059.0,1061.0,1052.0,1058.8,1814757
2016-09-23,1057.0,1058.8,1040.0,1042.55,2602647
2016-09-26,1042.75,1044.0,1031.0,1035.9,3185899
2016-09-27,1035.05,1049.9,1033.35,1039.75,3262830
2016-09-28,1040.0,1042.3,1033.25,1038.95,2717354
2016-09-29,1044.95,1044.95,1024.0,1029.2,4451319
2016-09-30,1031.1,1043.9,1031.1,1036.05,3251177
2016-10-03,1035.5,1040.0,1026.1,1038.1,1828080
2016-10-04,1040.0,1051.4,1038.3,1049.2,2533293
2016-10-05,1049.2,1049.85,1037.0,1041.5,1153787
2016-10-06,1045.0,1045.0,1025.95,1027.4,1860941
2016-10-07,1029.95,1033.8,1010.1,1012.55,3144279
2016-10-10,1017.0,1031.75,1010.0,1029.95,2706585
2016-10-13,1021.4,1058.0,1021.4,1052.35,4889345
2016-10-14,1052.9,1082.7,996.25,1027.15,16730845
2016-10-17,1034.95,1041.8,1017.35,1022.4,4007429
2016-10-18,1030.0,1040.5,1027.3,1039.05,3194067
2016-10-19,1042.0,1045.7,1036.0,1041.8,1754918
2016-10-20,1044.75,1050.7,1033.8,1036.65,1767745
2016-10-21,1035.0,1041.0,1022.5,1038.3,1931810
2016-10-24,1037.5,1042.7,1025.5,1027.1,1451487
2016-10-25,1036.5,1038.9,1015.2,1017.2,2818007
2016-10-26,1017.0,1019.85,1009.3,1014.2,1387608
2016-10-27,1017.9,1017.95,1001.1,1003.5,3613895
2016-10-28,1005.2,1010.0,993.15,997.5,2920353
2016-11-01,1006.8,1006.8,986.4,989.45,3166399
2016-11-02,984.8,987.5,980.0,981.05,2688597
2016-11-03,981.05,982.0,965.1,966.85,2612554
2016-11-04,967.0,979.2,961.0,971.0,3002774
2016-11-07,985.0,986.0,975.0,977.95,2268836
2016-11-08,986.9,987.75,970.6,982.6,2630554
2016-11-09,930.0,974.6,901.0,958.3,6382079
2016-11-10,962.5,962.5,935.0,939.4,3643665
2016-11-11,940.0,945.0,918.7,921.55,3548391
2016-11-15,924.0,939.95,908.55,923.55,4617925
2016-11-16,930.0,956.85,928.55,940.9,6111308
2016-11-17,934.25,949.0,926.4,929.8,2853365
2016-11-18,930.0,933.25,917.5,920.0,3020114
2016-11-21,926.9,926.9,906.95,911.1,3970284
2016-11-22,916.9,928.65,911.65,914.2,2741563
2016-11-23,922.1,922.9,912.45,920.25,4125893
2016-11-24,928.2,939.9,923.3,930.3,8390322
2016-11-25,930.45,985.0,930.45,977.5,6315690
2016-11-28,979.3,983.45,970.6,979.75,3682856
2016-11-29,978.8,984.7,967.1,972.6,3062753
2016-11-30,973.0,977.0,961.05,975.55,4250459
2016-12-01,976.0,983.55,967.0,975.6,2305795
2016-12-02,964.8,969.6,961.1,964.5,2226614
2016-12-05,965.9,968.6,958.0,961.65,1829788
2016-12-06,961.8,979.5,961.65,966.5,1781055
2016-12-07,968.0,973.0,960.2,966.4,1692990
2016-12-08,970.05,986.1,970.05,984.65,2970831
2016-12-09,985.0,1008.15,981.5,989.35,4324192
2016-12-12,982.8,982.8,965.2,977.35,2672510
2016-12-13,980.5,992.85,971.1,990.2,2427141
2016-12-14,991.0,1004.95,984.1,999.75,2691307
2016-12-15,997.4,1018.95,989.0,992.35,3983208
2016-12-16,1003.8,1009.7,997.75,1005.15,3218371
2016-12-19,1006.1,1008.25,994.1,1004.65,2062067
2016-12-20,1002.0,1019.0,1001.3,1012.15,3818249
2016-12-21,1016.0,1022.0,998.25,1001.55,3671988
2016-12-22,1002.5,1007.0,969.5,984.7,3530027
2016-12-23,984.9,1006.6,973.6,988.45,3653018
2016-12-26,988.0,994.0,975.1,982.75,1606914
2016-12-27,982.75,1001.9,980.0,998.95,2456408
2016-12-28,1002.95,1009.8,995.0,998.5,2738408
2016-12-29,1003.75,1008.0,988.15,992.35,3120062
2016-12-30,998.0,1012.0,992.75,1010.6,3633884
2017-01-02,1011.1,1012.95,999.35,1001.1,1167611
2017-01-03,1004.1,1004.9,982.0,993.85,3389241
2017-01-04,995.05,1004.2,992.25,997.75,3536793
2017-01-05,1001.6,1009.5,988.75,996.15,4103537
2017-01-06,994.9,998.85,968.05,972.25,7196724
2017-01-09,972.25,976.95,965.0,970.35,5272846
2017-01-10,977.0,981.0,967.95,970.55,5969927
2017-01-11,974.2,978.45,963.95,969.1,6120787
2017-01-12,977.55,1004.4,977.55,1000.05,5927870
2017-01-13,1030.0,1040.0,962.7,975.8,15638123
2017-01-16,965.0,965.45,952.45,955.65,6175686
2017-01-17,956.25,964.0,952.4,955.4,2780047
2017-01-18,958.1,961.0,949.8,950.8,2976481
2017-01-19,951.0,959.6,948.1,958.1,4438240
2017-01-20,950.0,953.15,946.0,948.7,4562371
2017-01-23,945.0,958.0,940.0,952.7,3974290
2017-01-24,950.0,950.0,940.1,945.55,3413005
2017-01-25,946.1,946.8,934.8,936.6,4989045
2017-01-27,933.85,947.55,901.15,942.15,5317569
2017-01-30,937.5,951.5,928.85,949.35,5684604
2017-01-31,941.5,941.5,904.35,928.6,12034267
2017-02-01,921.1,923.2,905.15,916.75,5765891
2017-02-02,917.0,945.0,910.1,935.9,5914134
2017-02-03,933.8,940.9,921.05,936.1,4211979
2017-02-06,937.25,943.75,930.55,935.25,3363967
2017-02-07,933.0,949.8,928.55,942.25,4634001
2017-02-08,936.0,944.1,932.45,936.5,3159981
2017-02-09,937.0,950.0,936.55,946.0,5953633
2017-02-10,946.25,972.0,943.3,968.3,6126226
2017-02-13,972.85,986.1,962.85,984.35,6862134
2017-02-14,980.0,989.0,972.35,987.7,4669409
2017-02-15,989.2,998.8,968.8,981.8,3629743
2017-02-16,991.0,1013.9,990.05,1012.1,6407929
2017-02-17,1013.75,1013.75,992.7,1000.1,2425604
2017-02-20,996.5,1031.0,993.5,1010.25,2325331
2017-02-21,1022.1,1024.5,1000.05,1013.6,3806998
2017-02-22,1015.0,1015.0,986.4,990.15,3303919
2017-02-23,998.9,1020.0,993.35,1008.85,4771328
2017-02-27,1007.3,1023.0,1006.95,1012.4,2664348
2017-02-28,1011.85,1022.7,1009.25,1012.4,2970066
2017-03-01,1012.0,1027.0,1010.1,1025.15,2141224
2017-03-02,1024.4,1028.0,1016.5,1023.3,1474249
2017-03-03,1010.25,1034.3,1000.4,1031.2,2700806
2017-03-06,1020.05,1035.95,1019.7,1033.9,2643193
2017-03-07,1022.0,1025.8,1014.7,1019.8,2322248
2017-03-08,1016.9,1016.9,1004.45,1007.8,3089588
2017-03-09,1007.8,1013.0,999.0,1011.55,1740315
2017-03-10,1015.0,1027.65,1013.4,1021.85,2275162
2017-03-14,1022.8,1041.9,1022.8,1034.8,3939198
2017-03-15,1034.9,1034.9,1007.5,1011.95,3186989
2017-03-16,1013.3,1031.7,1013.3,1028.85,3351478
2017-03-17,1035.4,1042.9,1019.25,1040.3,4753923
2017-03-20,1026.55,1026.55,1015.1,1021.5,2213694
2017-03-21,1020.9,1034.95,1018.8,1032.85,2434792
2017-03-22,1022.45,1039.95,1020.4,1027.7,1995426
2017-03-23,1028.25,1043.0,1026.6,1040.45,2250831
2017-03-24,1038.0,1044.0,1027.7,1031.4,2441948
2017-03-27,1027.2,1041.85,1024.5,1028.85,3842412
2017-03-28,1031.5,1039.0,1030.05,1035.15,2398398
2017-03-29,1034.3,1041.5,1025.85,1031.85,3490593
2017-03-30,1034.0,1035.9,1020.25,1025.5,6078590
2017-03-31,1023.25,1029.3,1008.0,1022.25,7076927
2017-04-03,1032.15,1032.45,1006.1,1008.8,2157800
2017-04-05,1005.0,1005.4,991.0,995.95,3699169
2017-04-06,998.15,1005.8,992.0,999.6,2689504
2017-04-07,1000.9,1000.9,979.0,981.55,3202254
2017-04-10,984.9,989.5,950.1,953.4,4764236
2017-04-11,956.05,971.7,956.05,967.15,4327733
2017-04-12,970.0,976.9,960.35,968.85,3348376
2017-04-13,970.0,990.0,926.65,931.4,15486594
2017-04-17,930.0,932.1,923.5,924.9,3606717
2017-04-18,924.75,934.0,919.1,922.65,2323759
2017-04-19,923.0,930.0,912.65,919.2,5035851
2017-04-20,921.5,929.7,918.55,927.3,2274500
2017-04-21,934.8,934.8,921.1,923.7,1788733
2017-04-24,917.5,928.5,913.0,926.55,2778333
2017-04-25,925.9,933.0,920.55,929.35,2368530
2017-04-26,929.95,935.55,910.2,914.25,4542248
2017-04-27,916.0,929.0,916.0,925.25,3898604
2017-04-28,926.85,927.4,915.6,918.95,2514851
2017-05-02,924.0,926.4,915.1,922.6,1615563
2017-05-03,926.5,939.1,917.65,934.3,2329724
2017-05-04,937.0,939.65,928.9,937.65,2639903
2017-05-05,936.0,937.35,920.0,931.5,2216394
2017-05-08,938.0,948.55,932.0,945.5,2353549
2017-05-09,950.6,951.95,942.1,946.65,2824686
2017-05-10,947.15,950.0,937.15,943.65,1682151
2017-05-11,946.85,949.85,937.55,944.1,1614741
2017-05-12,953.0,966.0,951.45,964.25,5489998
2017-05-15,963.5,963.5,949.1,951.55,3648582
2017-05-16,953.1,960.15,946.95,955.0,3065084
2017-05-17,951.6,958.45,943.85,952.8,1457754
2017-05-18,943.0,973.9,942.85,961.75,4028924
2017-05-19,961.5,962.7,947.85,957.95,2128698
2017-05-22,958.4,966.9,956.55,961.45,2751526
2017-05-23,964.65,967.0,954.1,957.3,2019991
2017-05-24,960.0,965.5,949.6,954.8,2818143
2017-05-25,961.0,986.6,961.0,983.3,5219257
2017-05-26,987.0,1000.0,980.6,995.7,2494002
2017-05-29,990.9,996.7,975.7,985.15,3154217
2017-05-30,982.0,1000.0,978.65,996.2,1858455
2017-05-31,993.55,993.55,974.85,977.05,3881950
2017-06-01,969.3,979.7,958.55,971.4,2754303
2017-06-02,973.4,975.45,964.2,969.45,1958983
2017-06-05,970.0,972.0,957.05,958.75,2731349
2017-06-06,965.0,987.5,964.4,979.35,3504343
2017-06-07,985.0,988.9,945.0,961.3,6227523
2017-06-08,962.95,962.95,948.15,956.45,3097676
2017-06-09,938.55,950.95,923.0,948.6,7378831
2017-06-12,943.35,965.2,940.1,963.85,4295838
2017-06-13,953.5,962.95,951.6,957.8,2468897
2017-06-14,960.0,961.9,951.2,958.6,3719055
2017-06-15,959.65,967.95,949.6,952.1,2764031
2017-06-16,949.1,953.85,936.0,940.25,5474225
2017-06-19,939.95,940.25,928.0,929.85,3427930
2017-06-20,935.0,946.9,934.05,943.55,2592198
2017-06-21,945.0,949.0,936.05,943.35,1867932
2017-06-22,947.7,968.7,935.1,940.15,4732621
2017-06-23,945.0,949.15,938.0,943.25,3201509
2017-06-27,945.0,948.0,923.75,927.05,3452330
2017-06-28,932.8,933.0,921.0,924.7,2952612
2017-06-29,930.2,947.95,926.6,930.2,7957020
2017-06-30,930.8,938.0,929.0,935.55,2108350
2017-07-03,941.1,955.0,934.6,951.9,2544462
2017-07-04,953.85,970.0,949.4,962.15,2583863
2017-07-05,959.0,959.0,945.4,950.9,2113114
2017-07-06,945.0,957.0,944.2,947.0,1914860
2017-07-07,943.85,945.45,933.05,935.4,2888443
2017-07-10,945.0,1028.9,888.65,957.05,847546
2017-07-11,956.65,989.5,956.65,975.35,5769854
2017-07-12,974.95,981.5,968.75,972.35,3137988
2017-07-13,977.25,983.45,964.1,977.05,2585196
2017-07-14,999.45,1006.85,966.05,972.05,11239090
2017-07-17,975.0,992.0,974.0,984.05,3849125
2017-07-18,986.05,1004.8,981.1,985.6,4130090
2017-07-19,981.45,988.65,969.1,979.85,2945139
2017-07-20,979.3,979.85,966.95,969.45,3404870
2017-07-21,973.0,982.55,971.4,980.1,2990377
2017-07-24,983.5,994.0,982.6,990.55,3064588
2017-07-25,990.0,999.0,986.2,993.85,3572807
2017-07-26,998.1,999.0,990.4,994.05,3435012
2017-07-27,996.0,1004.0,966.8,971.05,6338426
2017-07-28,976.0,1003.0,962.3,997.35,5549214
2017-07-31,991.9,1021.7,986.75,1011.2,9579124
2017-08-01,1011.0,1017.0,998.35,1005.55,3844699
2017-08-02,1006.0,1012.75,987.2,993.35,2128792
2017-08-03,991.0,998.75,980.25,984.0,2320174
2017-08-04,988.0,989.0,976.05,983.75,2674509
2017-08-07,983.5,983.75,965.7,968.25,3036872
2017-08-08,968.5,970.25,955.05,963.85,3002324
2017-08-09,967.65,973.9,964.55,969.35,1961205
2017-08-10,969.9,987.5,969.35,981.25,4570342
2017-08-11,976.0,997.0,969.6,987.7,3272078
2017-08-14,988.0,989.2,977.15,981.45,1908235
2017-08-16,982.0,986.1,969.0,975.2,3089040
2017-08-17,1005.0,1029.25,998.05,1020.85,12892130
2017-08-18,1017.9,1017.9,884.2,923.25,82202480
2017-08-21,924.0,924.0,870.0,873.4,45203588
2017-08-22,895.2,897.05,860.0,875.4,24621299
2017-08-23,880.0,903.7,873.9,892.8,30642095
2017-08-24,910.0,918.25,902.35,912.15,21190262
2017-08-28,943.95,953.95,938.0,941.0,20356054
2017-08-29,941.45,942.0,925.55,927.45,6684696
2017-08-30,937.2,939.0,924.1,926.65,8074832
2017-08-31,928.8,928.95,912.9,914.95,7511226
2017-09-01,915.95,925.9,910.0,919.95,4216961
2017-09-04,921.0,921.1,893.5,900.2,5088554
2017-09-05,902.0,905.0,897.25,901.9,4891696
2017-09-06,900.0,900.3,890.0,895.6,3867955
2017-09-07,900.0,900.5,892.35,895.75,3120596
2017-09-08,899.0,899.0,882.1,884.3,4302271
2017-09-11,890.4,891.8,873.65,878.7,6893821
2017-09-12,882.55,887.75,878.8,884.05,8620677
2017-09-13,885.5,887.6,881.0,883.75,5739114
2017-09-14,884.5,896.6,881.6,892.4,6849003
2017-09-15,892.3,913.25,892.2,908.25,6729730
2017-09-18,910.0,917.75,906.3,909.1,4237930
2017-09-19,908.0,916.0,903.5,912.25,3016665
2017-09-20,917.0,917.0,907.45,912.7,2883915
2017-09-21,915.0,915.25,908.15,909.55,4102076
2017-09-22,908.15,910.25,888.0,898.3,8802044
2017-09-25,901.0,901.95,889.1,895.35,4544350
2017-09-26,897.0,908.4,894.3,905.9,3683239
2017-09-27,906.1,907.9,895.1,899.8,3000069
2017-09-28,896.1,903.9,894.3,896.0,8768633
2017-09-29,898.0,902.4,895.0,899.9,2852916
2017-10-03,910.1,912.0,901.6,903.55,2473761
2017-10-04,903.0,905.4,897.15,899.6,2495746
2017-10-05,900.0,904.95,899.0,903.05,4305650
2017-10-06,904.0,922.0,903.95,920.15,4287154
2017-10-09,920.0,929.0,914.0,923.9,1752416
2017-10-10,939.95,939.95,929.55,935.45,3571610
2017-10-11,935.45,938.0,928.0,930.7,2991252
2017-10-12,930.0,934.35,919.55,927.3,5140486
2017-10-13,932.8,933.5,927.55,930.1,3590364
2017-10-16,935.95,942.0,933.0,939.0,2879375
2017-10-17,936.8,936.8,929.5,930.5,2812551
2017-10-18,928.9,930.0,922.95,924.35,3615926
2017-10-19,930.0,932.0,925.2,926.95,545717
2017-10-23,930.0,942.0,928.1,939.5,4577048
2017-10-24,946.0,946.65,921.6,926.5,7264664
2017-10-25,919.0,944.7,915.25,935.3,6992067
2017-10-26,942.0,951.8,940.1,947.35,16829629
2017-10-27,955.0,957.7,944.0,946.35,4262478
2017-10-30,954.65,954.65,941.05,944.1,6484163
2017-10-31,925.0,930.0,920.0,921.85,4977494
2017-11-01,925.0,929.4,923.3,927.05,2816567
2017-11-02,923.05,926.0,920.0,922.9,2343069
2017-11-03,917.0,929.9,916.95,926.65,1849543
2017-11-06,923.15,935.0,922.65,928.7,2533267
2017-11-07,926.25,960.0,925.85,955.5,6721410
2017-11-08,960.25,961.85,947.5,952.3,2684997
2017-11-09,953.0,963.0,948.25,954.5,2361616
2017-11-10,958.8,964.35,950.0,962.05,3294714
2017-11-13,962.05,969.4,949.35,951.95,2510608
2017-11-14,951.95,954.85,943.25,949.1,2866855
2017-11-15,945.15,953.5,944.5,951.8,3511758
2017-11-16,951.8,995.9,948.5,988.4,7843751
2017-11-17,985.5,985.5,965.15,970.95,4028835
2017-11-20,969.0,971.0,957.25,960.55,2830595
2017-11-21,961.3,971.5,960.05,966.25,2682328
2017-11-22,966.6,971.05,963.3,966.3,3042460
2017-11-23,971.5,994.45,969.0,991.25,5947309
2017-11-24,990.9,1019.3,990.2,1009.55,9309956
2017-11-27,1006.7,1006.7,993.3,998.75,3008865
2017-11-28,994.4,999.9,981.3,984.7,2308434
2017-11-29,987.65,991.95,980.3,982.7,1919035
2017-11-30,989.45,989.45,968.35,976.1,8633472
2017-12-01,979.4,983.2,957.05,958.8,2042500
2017-12-04,980.0,996.8,968.55,985.35,8905803
2017-12-05,985.35,1003.0,979.0,984.35,4988369
2017-12-06,985.0,994.1,984.0,990.3,3745047
2017-12-07,989.0,1002.9,985.6,999.8,3774772
2017-12-08,1001.0,1007.0,995.0,1001.85,2991622
2017-12-11,994.95,1006.9,993.95,1005.3,2569549
2017-12-12,1002.0,1014.0,1002.0,1010.5,4660217
2017-12-13,1010.9,1019.0,997.65,1003.75,2681199
2017-12-14,1005.25,1015.0,999.3,1013.1,3011786
2017-12-15,1013.0,1026.4,1011.85,1022.9,5192067
2017-12-18,1011.9,1030.7,1005.8,1016.6,2017724
2017-12-19,1017.45,1017.95,999.55,1003.95,3559449
2017-12-20,1005.1,1018.6,1001.0,1015.85,2093163
2017-12-21,1014.8,1028.95,998.4,1022.05,5529581
2017-12-22,1016.0,1044.8,1016.0,1039.35,6453470
2017-12-26,1030.0,1041.5,1023.0,1035.6,5404453
2017-12-27,1028.0,1039.1,1027.4,1034.25,3485086
2017-12-28,1030.0,1040.0,1023.8,1033.25,4216736
2017-12-29,1030.1,1048.8,1030.0,1042.05,3300884
2018-01-01,1037.7,1044.5,1030.0,1033.55,2715670
2018-01-02,1037.25,1042.0,1023.0,1029.7,3056124
2018-01-03,1028.5,1031.6,1018.6,1021.3,3423276
2018-01-04,1021.0,1021.0,1009.6,1015.4,4473807
2018-01-05,1015.3,1026.4,1006.0,1012.0,5512988
2018-01-08,1024.9,1039.0,1020.05,1036.05,2797345
2018-01-09,1040.0,1044.9,1028.9,1041.35,4974118
2018-01-10,1046.8,1056.0,1033.05,1052.25,4734317
2018-01-11,1055.25,1083.4,1055.25,1075.8,8387735
2018-01-12,1085.8,1085.9,1070.55,1078.45,9008264
2018-01-15,1080.0,1092.95,1065.1,1081.15,5324625
2018-01-16,1081.25,1134.8,1081.25,1122.85,11323483
2018-01-17,1124.85,1161.8,1123.0,1152.1,13077044
2018-01-18,1145.0,1164.9,1132.1,1152.7,6602485
2018-01-19,1145.0,1147.9,1136.0,1143.45,2994139
2018-01-22,1132.15,1156.95,1132.0,1150.0,4825107
2018-01-23,1155.0,1188.0,1155.0,1177.1,7701898
2018-01-24,1174.8,1221.05,1167.5,1185.8,10302359
2018-01-25,1182.0,1183.4,1162.25,1175.4,6774457
2018-01-29,1166.55,1196.25,1165.2,1182.9,5411501
2018-01-30,1178.9,1183.1,1162.7,1170.65,4314156
2018-01-31,1159.15,1166.6,1142.15,1150.25,4606849
2018-02-01,1142.2,1157.9,1118.55,1144.6,6502727
2018-02-02,1135.25,1162.9,1130.1,1143.25,5122243
2018-02-05,1140.0,1154.85,1135.85,1138.2,4930110
2018-02-06,1099.95,1128.35,1095.15,1107.75,5276039
2018-02-07,1116.0,1124.8,1103.55,1109.05,4171028
2018-02-08,1122.8,1146.4,1116.55,1134.25,4403622
2018-02-09,1118.0,1120.3,1106.0,1109.15,2191345
2018-02-12,1114.8,1120.6,1097.8,1102.8,3145986
2018-02-14,1106.0,1117.3,1090.2,1097.75,4172856
2018-02-15,1103.0,1129.7,1103.0,1114.45,3993368
2018-02-16,1125.0,1141.65,1118.1,1128.05,4944611
2018-02-19,1128.4,1136.0,1120.3,1131.75,3230920
2018-02-20,1103.75,1149.5,1103.75,1136.95,3594297
2018-02-21,1147.5,1151.9,1140.0,1147.4,6885679
2018-02-22,1145.55,1164.0,1140.45,1160.75,8929987
2018-02-23,1163.5,1166.0,1146.75,1155.65,4729914
2018-02-26,1151.0,1155.05,1134.35,1138.6,2541804
2018-02-27,1144.95,1153.65,1125.65,1150.2,3308013
2018-02-28,1147.6,1189.5,1142.55,1172.6,8634208
2018-03-01,1169.6,1169.6,1156.05,1160.75,3289926
2018-03-05,1160.75,1170.8,1143.25,1155.9,4050728
2018-03-06,1162.55,1165.4,1143.6,1151.35,3344867
2018-03-07,1155.0,1160.0,1138.05,1144.1,3185208
2018-03-08,1149.0,1165.8,1149.0,1156.65,3046507
2018-03-09,1162.35,1166.0,1155.55,1163.4,2110482
2018-03-12,1176.0,1191.85,1171.75,1185.75,3838485
2018-03-13,1180.2,1197.0,1175.15,1183.8,4290526
2018-03-14,1180.0,1190.6,1169.1,1180.8,2214855
2018-03-15,1180.0,1188.4,1172.0,1182.5,3050750
2018-03-16,1182.0,1182.4,1169.25,1171.9,8977413
2018-03-19,1164.0,1180.5,1142.65,1146.75,3763310
2018-03-20,1148.6,1170.0,1148.6,1164.55,4276883
2018-03-21,1170.0,1175.5,1162.2,1167.5,3846497
2018-03-22,1164.5,1177.45,1155.3,1161.3,3406584
2018-03-23,1147.0,1173.8,1142.35,1167.6,6004042
2018-03-26,1166.9,1166.9,1144.0,1155.25,4465361
2018-03-27,1160.0,1161.3,1150.1,1154.0,1901044
2018-03-28,1150.75,1150.75,1126.25,1131.8,6279161
2018-04-02,1141.0,1149.55,1121.3,1137.15,4036351
2018-04-03,1134.7,1143.55,1128.1,1140.45,2038584
2018-04-04,1144.0,1144.55,1120.0,1124.2,2406651
2018-04-05,1139.55,1151.3,1129.1,1147.55,3881772
2018-04-06,1143.0,1146.0,1122.1,1127.0,2968871
2018-04-09,1125.0,1125.8,1106.55,1111.25,3601441
2018-04-10,1112.0,1124.5,1105.4,1113.4,4463029
2018-04-11,1118.0,1131.5,1116.5,1124.25,4512787
2018-04-12,1129.45,1172.75,1125.0,1162.6,8522183
2018-04-13,1174.0,1185.9,1150.25,1171.45,10613519
2018-04-16,1102.0,1140.0,1102.0,1133.2,12372542
2018-04-17,1127.0,1127.4,1115.0,1125.2,5198970
2018-04-18,1122.85,1134.75,1113.85,1125.95,5215190
2018-04-19,1124.0,1139.8,1123.1,1132.85,4262771
2018-04-20,1139.0,1193.7,1136.95,1178.45,12136346
2018-04-23,1168.0,1214.4,1155.25,1187.7,10915319
2018-04-24,1185.0,1196.4,1150.1,1154.5,4263108
2018-04-25,1152.0,1171.0,1145.2,1160.35,5797089
2018-04-26,1174.0,1181.65,1160.0,1176.45,5651042
2018-04-27,1180.0,1191.6,1174.2,1185.2,3831685
2018-04-30,1181.7,1207.95,1180.65,1199.5,2755839
2018-05-02,1198.9,1201.6,1181.0,1197.05,5147521
2018-05-03,1197.25,1204.7,1176.1,1182.55,2666115
2018-05-04,1185.0,1186.0,1155.0,1173.1,3011684
2018-05-07,1181.25,1190.0,1175.5,1183.0,2319480
2018-05-08,1177.9,1177.9,1161.05,1165.55,2859278
2018-05-09,1167.5,1176.9,1163.0,1170.7,1891752
2018-05-10,1176.0,1183.0,1162.85,1168.0,1591431
2018-05-11,1172.3,1183.2,1166.05,1180.75,1655853
2018-05-14,1184.35,1191.5,1170.0,1189.3,2216047
2018-05-15,1188.1,1208.0,1188.1,1194.55,2805987
2018-05-16,1187.25,1198.0,1184.5,1189.95,3102502
2018-05-17,1196.0,1197.45,1173.55,1182.9,4759799
2018-05-18,1183.0,1186.55,1173.0,1183.2,3569830
2018-05-21,1179.55,1188.4,1170.0,1179.5,4237660
2018-05-22,1175.0,1198.0,1173.9,1193.85,2818402
2018-05-23,1195.0,1207.65,1181.5,1184.9,4769221
2018-05-24,1198.0,1227.55,1198.0,1221.0,4870285
2018-05-25,1230.1,1248.65,1220.8,1228.3,4450719
2018-05-28,1231.0,1232.6,1206.0,1214.4,2869897
2018-05-29,1214.05,1226.55,1206.2,1216.7,1694467
2018-05-30,1217.0,1228.75,1205.6,1211.7,3161533
2018-05-31,1211.7,1242.0,1210.25,1231.8,9860170
2018-06-01,1230.4,1246.25,1217.2,1220.8,2499178
2018-06-04,1221.1,1243.0,1212.0,1239.4,2135078
2018-06-05,1242.0,1242.0,1217.0,1220.85,2355431
2018-06-06,1225.2,1241.55,1220.05,1237.45,2019092
2018-06-07,1238.0,1258.0,1238.0,1252.45,3338113
2018-06-08,1248.0,1262.0,1246.05,1260.05,3229939
2018-06-11,1265.55,1270.0,1255.05,1262.4,2585645
2018-06-12,1265.75,1271.25,1250.45,1258.5,3919910
2018-06-13,1266.8,1284.0,1266.8,1274.8,2883464
2018-06-14,1253.0,1253.0,1234.1,1239.7,3799424
2018-06-15,1237.0,1291.5,1235.0,1281.25,9978880
2018-06-18,1284.0,1291.25,1262.35,1267.4,4107423
2018-06-19,1263.0,1263.4,1238.05,1241.6,3772850
2018-06-20,1248.5,1252.35,1238.0,1243.15,2685901
2018-06-21,1245.95,1256.5,1236.0,1246.55,2899395
2018-06-22,1243.0,1255.5,1241.2,1247.85,2171559
2018-06-25,1257.15,1278.8,1254.0,1272.45,3865589
2018-06-26,1269.0,1283.9,1266.25,1277.85,2241752
2018-06-27,1283.95,1293.45,1265.6,1270.0,3476071
2018-06-28,1276.3,1298.0,1276.25,1289.6,5498409
2018-06-29,1298.05,1315.0,1283.25,1307.2,4983300
2018-07-02,1314.0,1340.0,1314.0,1334.7,2415072
2018-07-03,1331.9,1357.9,1331.75,1353.75,4063726
2018-07-04,1352.05,1352.65,1338.85,1345.2,2512861
2018-07-05,1347.1,1347.25,1268.1,1284.0,8509951
2018-07-06,1290.25,1301.85,1269.0,1284.25,5607678
2018-07-09,1297.0,1303.0,1279.05,1298.85,3322499
2018-07-10,1308.5,1315.45,1294.3,1301.4,2987244
2018-07-11,1317.55,1342.1,1291.35,1320.45,5949916
2018-07-12,1326.1,1327.1,1284.45,1294.35,6636120
2018-07-13,1315.0,1331.6,1298.35,1317.4,9748079
2018-07-16,1317.4,1384.4,1287.7,1332.85,17672340
2018-07-17,1329.7,1349.5,1312.7,1327.9,5580845
2018-07-18,1339.8,1343.4,1314.0,1322.55,3459508
2018-07-19,1323.0,1331.9,1309.1,1316.7,2559432
2018-07-20,1326.0,1367.15,1321.3,1348.1,5852869
2018-07-23,1352.15,1368.0,1336.25,1355.95,3837851
2018-07-24,1374.4,1382.4,1356.0,1377.15,3086123
2018-07-25,1379.0,1393.8,1365.45,1383.75,3468461
2018-07-26,1378.55,1390.4,1369.2,1373.25,3681109
2018-07-27,1373.2,1389.0,1368.3,1373.45,3246616
2018-07-30,1370.0,1373.0,1348.0,1351.0,3204985
2018-07-31,1348.55,1370.0,1335.55,1365.1,3971998
2018-08-01,1363.8,1368.45,1351.0,1354.05,2337853
2018-08-02,1359.6,1366.75,1350.15,1353.65,2970371
2018-08-03,1366.2,1366.2,1356.0,1364.1,1985195
2018-08-06,1366.05,1375.0,1347.5,1360.65,3089465
2018-08-07,1374.0,1379.95,1360.65,1367.95,3675764
2018-08-08,1371.8,1372.5,1353.3,1362.75,1996179
2018-08-09,1373.65,1389.45,1373.65,1379.95,3204762
2018-08-10,1385.8,1389.0,1373.05,1385.45,2389760
2018-08-13,1390.0,1409.85,1378.7,1408.75,4989873
2018-08-14,1413.95,1424.55,1404.0,1408.3,3075660
2018-08-16,1414.95,1434.9,1411.25,1429.55,3313387
2018-08-17,1430.9,1437.65,1423.0,1430.35,3195204
2018-08-20,1388.0,1407.95,1373.5,1384.25,8050938
2018-08-21,1390.0,1396.0,1373.75,1383.95,4180741
2018-08-23,1393.0,1401.5,1385.35,1397.4,3858591
2018-08-24,1396.5,1401.9,1376.1,1378.3,3526500
2018-08-27,1383.0,1419.95,1381.4,1415.4,3506475
2018-08-28,1417.2,1438.4,1411.5,1424.7,3248445
2018-08-29,1433.6,1433.6,1405.15,1410.1,2823248
2018-08-30,1412.8,1421.55,1396.15,1416.2,5753981
2018-08-31,1425.1,1454.3,1421.1,1441.1,5437932
2018-09-03,1449.0,1467.9,1430.0,1434.25,5488164
2018-09-04,722.0,748.5,716.0,737.15,15370124
2018-09-05,741.95,744.05,725.4,729.9,8658978
2018-09-06,732.55,735.5,724.1,727.15,5598659
2018-09-07,734.35,735.15,723.8,732.8,6510605
2018-09-11,735.9,744.75,732.0,734.3,6963561
2018-09-14,741.9,745.0,729.05,733.7,7896514
2018-09-17,735.0,740.0,724.6,725.95,5427054
2018-09-18,730.0,730.0,717.0,719.1,7729732
2018-09-19,727.0,727.0,713.2,719.75,4849498
2018-09-21,713.85,717.4,692.0,705.3,14350769
2018-09-24,706.5,729.95,706.5,718.25,8637881
2018-09-25,718.25,736.0,717.0,726.2,9602273
2018-09-26,731.2,731.85,712.0,717.85,6599606
2018-09-27,722.0,730.8,717.45,724.8,14592616
2018-09-28,721.0,734.55,715.2,730.05,7490031
2018-10-01,737.5,754.9,733.0,746.65,8252398
2018-10-03,743.8,751.95,726.3,728.5,7792464
2018-10-04,728.5,729.75,702.5,707.2,6173037
2018-10-05,713.0,731.5,709.3,724.6,8543578
2018-10-08,725.05,728.7,709.25,714.45,7259306
2018-10-09,717.1,722.4,702.65,717.75,6777212
2018-10-10,719.9,719.9,695.4,700.45,8866251
2018-10-11,685.0,692.9,663.3,673.35,10985897
2018-10-12,676.4,684.05,661.5,678.8,8909221
2018-10-15,688.6,705.0,681.5,698.8,6222176
2018-10-16,710.0,713.9,689.4,695.25,11588963
2018-10-17,710.0,721.8,701.35,705.35,20360697
2018-10-19,687.0,687.7,678.0,683.55,10421001
2018-10-22,688.7,695.05,673.8,679.95,6672840
2018-10-23,675.95,682.0,653.3,657.6,9041701
2018-10-24,663.0,666.5,647.15,649.8,7058164
2018-10-25,643.0,656.35,636.25,648.75,8270469
2018-10-26,645.3,648.7,629.9,633.6,5464141
2018-10-29,633.7,650.55,631.5,644.75,7137446
2018-10-30,641.1,663.8,637.45,659.6,8793411
2018-10-31,663.9,692.95,663.05,686.4,11947995
2018-11-01,689.7,689.7,659.6,666.7,5860244
2018-11-02,665.95,675.8,660.1,662.25,6654067
2018-11-05,663.5,668.6,657.0,666.0,5799426
2018-11-06,667.9,675.0,660.65,666.45,6975525
2018-11-07,673.0,677.5,672.0,675.5,758956
2018-11-09,679.0,679.0,655.5,659.5,9694143
2018-11-12,666.0,676.4,662.3,664.2,7118080
2018-11-13,663.5,667.75,656.3,665.7,4137808
2018-11-14,665.7,665.7,640.5,653.2,7323026
2018-11-15,654.0,666.0,646.7,656.4,5513390
2018-11-16,659.9,662.5,644.2,650.85,8583785
2018-11-19,659.0,662.0,649.25,651.7,6018930
2018-11-20,651.7,656.0,640.1,641.4,5384830
2018-11-21,640.0,640.05,612.1,619.1,14359086
2018-11-22,622.25,628.15,616.75,620.75,6632975
2018-11-26,621.0,628.0,599.85,621.45,15075209
2018-11-27,625.5,641.0,625.3,638.9,12285851
2018-11-28,640.95,668.7,640.0,666.4,17719890
2018-11-29,671.0,674.9,658.8,661.05,13399070
2018-11-30,661.0,672.0,660.95,667.45,10445773
2018-12-03,673.15,679.0,665.95,670.35,8260890
2018-12-04,672.55,688.25,671.3,685.25,7827923
2018-12-05,683.0,683.65,672.5,681.4,5177288
2018-12-06,676.1,685.45,664.55,668.5,8039771
2018-12-07,672.0,685.75,665.6,682.8,5553948
2018-12-10,669.9,683.8,665.2,669.2,5121196
2018-12-11,669.2,681.9,660.6,674.5,7120933
2018-12-12,677.1,680.65,670.6,678.5,6926183
2018-12-13,682.0,700.0,680.0,697.75,7521474
2018-12-14,697.45,713.7,694.4,706.05,9560576
2018-12-17,711.85,711.85,692.75,694.4,4778465
2018-12-18,686.5,686.5,674.55,676.6,8021298
2018-12-19,671.55,671.55,661.1,664.85,8295459
2018-12-20,660.0,671.55,656.4,667.05,11705260
2018-12-21,659.5,659.5,643.45,646.2,12802132
2018-12-24,657.0,658.8,647.6,649.0,8379825
2018-12-26,647.0,647.0,637.35,644.05,6178552
2018-12-27,652.75,663.25,649.0,656.8,15333902
2018-12-28,663.35,663.5,653.3,656.95,4736598
2018-12-31,660.0,662.0,655.8,658.95,3373319
2019-01-01,660.95,666.3,654.15,665.05,2943390
2019-01-02,666.0,674.0,662.05,669.05,7416655
2019-01-03,672.0,677.0,663.1,669.15,6827249
2019-01-04,671.75,673.9,651.0,661.05,7889310
2019-01-07,665.0,673.6,661.5,671.7,8046340
2019-01-08,674.95,677.45,668.55,670.05,8621545
2019-01-09,686.2,689.8,664.0,676.1,18130292
2019-01-10,681.6,682.0,672.55,679.7,9572493
2019-01-11,680.2,685.5,672.5,683.5,12281903
2019-01-14,707.0,710.2,695.95,701.9,19312937
2019-01-15,707.2,730.0,707.2,726.6,19671304
2019-01-16,729.9,737.8,728.5,736.8,9658944
2019-01-17,735.8,739.0,729.1,733.35,6903771
2019-01-18,730.0,736.2,726.3,730.95,5902151
2019-01-21,738.2,751.0,734.0,745.0,8129422
2019-01-22,741.25,749.0,734.0,745.35,6723375
2019-01-23,742.35,742.6,729.2,731.65,7212099
2019-01-24,728.1,736.1,721.0,732.0,7429783
2019-01-25,728.0,737.9,724.25,730.35,5543112
2019-01-28,731.0,732.6,719.0,727.95,7944693
2019-01-29,725.5,732.85,716.5,727.9,6760819
2019-01-30,727.9,734.8,721.1,725.9,5763026
2019-01-31,726.0,751.3,726.0,749.55,13825233
2019-02-01,751.35,762.5,744.5,757.05,6276585
2019-02-04,757.0,762.5,749.2,755.9,3945391
2019-02-05,747.0,759.95,747.0,754.85,4694366
2019-02-06,755.55,766.95,754.35,763.3,5880482
2019-02-07,763.05,769.45,761.0,764.0,3961797
2019-02-08,760.0,772.25,754.9,760.9,5915169
2019-02-11,766.9,768.75,759.0,762.8,5500216
2019-02-12,760.35,760.35,741.0,750.45,7310690
2019-02-13,750.1,759.7,743.65,754.9,5050182
2019-02-14,751.0,753.0,737.25,740.05,4610535
2019-02-15,742.3,746.5,732.6,741.95,5586389
2019-02-18,742.35,747.65,736.0,741.05,5346825
2019-02-19,739.1,740.55,721.3,724.3,9401334
2019-02-20,727.0,743.0,726.05,740.7,5210675
2019-02-21,738.0,738.0,727.1,733.45,7202786
2019-02-22,732.5,738.2,728.0,734.95,3750833
2019-02-25,735.55,758.0,735.55,754.9,6547552
2019-02-26,748.6,752.6,740.15,742.5,8319610
2019-02-27,745.0,746.4,732.75,735.25,5936354
2019-02-28,738.7,742.4,732.3,734.3,8559921
2019-03-01,735.5,743.4,735.5,741.9,3998826
2019-03-05,740.5,742.5,730.25,732.5,4826505
2019-03-06,736.1,736.1,727.0,732.5,6076668
2019-03-07,734.0,734.5,720.55,722.95,5951551
2019-03-08,722.95,722.95,710.65,712.35,7193994
2019-03-11,713.3,718.5,709.4,711.25,9932198
2019-03-12,709.0,714.95,705.6,706.95,11997387
2019-03-13,710.0,718.6,706.3,708.45,11348867
2019-03-14,714.0,714.9,706.2,708.35,6415187
2019-03-15,712.0,723.75,709.6,718.55,14638664
2019-03-18,721.55,723.7,705.35,710.2,8065544
2019-03-19,712.8,726.5,707.4,722.25,8917337
2019-03-20,727.25,742.3,727.15,738.95,13471173
2019-03-22,745.0,746.35,732.3,743.1,8883260
2019-03-25,742.4,742.4,730.55,735.25,7644966
2019-03-26,735.25,735.25,719.1,727.75,9406261
2019-03-27,730.0,732.3,727.15,729.7,7387487
2019-03-28,730.0,745.0,730.0,737.8,9277241
2019-03-29,743.9,747.95,740.0,743.85,6924061
2019-04-01,742.0,760.0,742.0,755.1,6584982
2019-04-02,759.0,765.8,754.6,759.4,7283600
2019-04-03,756.0,758.5,746.8,753.3,6897127
2019-04-04,751.4,753.8,745.1,747.9,7688525
2019-04-05,750.9,760.95,748.0,759.3,6276040
2019-04-08,763.05,770.0,755.4,767.25,4919911
2019-04-09,770.0,773.0,758.2,760.6,6730692
2019-04-10,764.0,766.7,751.3,752.7,7031088
2019-04-11,751.75,751.75,740.05,742.7,8200995
2019-04-12,743.1,751.55,740.6,747.75,7043212
2019-04-15,724.7,731.35,712.6,727.5,31574803
2019-04-16,727.9,727.9,714.1,724.1,12524411
2019-04-18,722.5,722.5,712.75,717.05,13801105
2019-04-22,717.05,725.75,715.0,721.05,6455426
2019-04-23,723.9,730.0,718.4,728.2,5516668
2019-04-24,728.2,737.9,724.0,736.45,8285120
2019-04-25,736.45,737.65,727.05,728.55,8005235
2019-04-26,731.0,739.8,729.0,738.0,6895168
2019-04-30,738.0,753.8,738.0,751.35,9920046
2019-05-02,747.0,748.4,729.5,730.8,6351352
2019-05-03,722.9,731.0,718.2,723.6,6348116
2019-05-06,715.0,721.8,710.65,718.4,8858265
2019-05-07,720.4,727.9,718.7,724.55,5747536
2019-05-08,721.0,726.0,716.5,719.35,6247642
2019-05-09,719.15,730.3,715.8,721.05,7396525
2019-05-10,720.8,726.0,715.0,716.85,8352335
2019-05-13,716.55,726.45,712.1,719.7,6808993
2019-05-14,716.5,717.75,703.6,713.85,10513001
2019-05-15,714.9,725.2,712.6,716.1,6668929
2019-05-16,720.0,737.0,719.1,733.1,6468556
2019-05-17,733.15,735.8,720.1,723.9,8155948
2019-05-20,719.7,726.4,706.0,722.4,11213708
2019-05-21,722.65,722.65,707.7,709.3,8645535
2019-05-22,710.0,718.25,707.0,709.75,5795713
2019-05-23,715.0,716.7,697.45,701.05,7233736
2019-05-24,703.8,711.75,700.45,709.2,7016424
2019-05-27,707.4,713.8,705.5,708.1,10247544
2019-05-28,712.0,733.45,709.8,728.1,23860490
2019-05-29,725.5,733.65,723.65,727.8,10293077
2019-05-30,727.0,737.25,722.55,733.55,15089296
2019-05-31,736.5,742.95,733.2,737.75,8290306
2019-06-03,729.8,750.9,729.0,744.65,7744761
2019-06-04,737.25,739.45,733.15,735.3,11733702
2019-06-06,736.5,744.65,733.65,735.6,7563925
2019-06-07,735.85,743.95,735.85,739.1,3218358
2019-06-10,740.1,754.1,740.1,753.5,4435148
2019-06-11,755.0,759.0,750.5,754.9,5733127
2019-06-12,756.95,756.95,745.0,753.8,8738342
2019-06-13,740.0,747.2,740.0,742.65,4808577
2019-06-14,743.85,745.5,738.25,740.45,5556353
2019-06-17,743.0,744.5,737.8,740.55,3085588
2019-06-18,740.2,752.45,740.2,750.15,6202838
2019-06-19,752.5,755.4,748.6,751.9,4596253
2019-06-20,737.8,756.9,735.9,754.9,7148684
2019-06-21,755.0,755.0,747.15,750.2,13200318
2019-06-24,751.9,751.9,742.65,745.5,4758178
2019-06-25,744.0,750.9,737.3,748.1,3677911
2019-06-26,743.0,751.45,738.0,739.2,5447130
2019-06-27,742.0,744.7,728.15,730.55,11122346
2019-06-28,735.5,739.5,728.5,732.0,5919494
2019-07-01,735.0,737.5,729.85,731.3,3224968
2019-07-02,734.0,741.65,730.1,740.0,4837606
2019-07-03,741.0,743.2,730.0,731.3,5958379
2019-07-04,729.0,736.4,728.6,733.8,3274064
2019-07-05,735.0,736.4,713.5,718.0,4926289
2019-07-08,716.45,724.95,712.3,717.6,7177092
2019-07-09,718.0,719.85,709.05,715.5,5022638
2019-07-10,709.0,722.7,706.5,717.25,7573816
2019-07-11,719.45,723.5,709.6,721.5,6252688
2019-07-12,722.5,730.6,719.6,726.75,7874441
2019-07-15,763.0,781.65,754.2,779.35,31064152
2019-07-16,777.0,787.8,776.0,784.85,9924322
2019-07-17,783.9,795.0,776.75,794.15,6754348
2019-07-18,789.05,798.5,786.2,792.7,6534471
2019-07-19,788.7,794.5,781.25,785.4,6812754
2019-07-22,785.95,792.0,782.05,784.4,7107151
2019-07-23,787.0,804.0,785.55,790.05,10782564
2019-07-24,788.0,793.75,783.6,786.3,5745146
2019-07-25,788.25,800.2,787.65,794.5,9773568
2019-07-26,792.3,795.0,782.2,787.0,4941763
2019-07-29,789.5,796.95,786.2,791.45,6244316
2019-07-30,791.9,797.8,788.55,792.7,8673253
2019-07-31,790.85,799.8,781.6,793.65,7350584
2019-08-01,786.45,788.4,764.4,768.85,10066407
2019-08-02,765.05,779.9,762.25,775.6,10838336
2019-08-05,772.6,785.9,768.65,776.7,9976238
2019-08-06,778.8,783.7,769.8,774.45,9331718
2019-08-07,778.9,783.45,772.35,776.1,5130457
2019-08-08,782.7,792.75,781.25,788.75,8009009
2019-08-09,792.0,796.75,784.8,789.85,4362520
2019-08-13,784.15,786.0,760.15,764.75,7517099
2019-08-14,775.1,778.25,768.0,774.8,5940968
2019-08-16,780.0,780.05,762.5,774.55,5128088
2019-08-19,775.6,783.0,773.35,777.65,3881451
2019-08-20,785.2,798.0,783.85,792.75,8435344
2019-08-21,793.0,803.75,793.0,799.45,5926896
2019-08-22,799.9,801.3,792.35,795.7,5222488
2019-08-23,796.45,809.95,795.8,802.2,6895015
2019-08-26,795.9,806.8,786.9,802.55,5412074
2019-08-27,791.0,794.95,781.1,784.65,16061642
2019-08-28,787.4,805.0,786.3,802.5,5881134
2019-08-29,795.5,809.7,795.5,806.95,7830413
2019-08-30,810.0,817.35,802.0,814.9,8174186
2019-09-03,815.0,822.4,812.05,814.25,5647088
2019-09-04,810.75,822.45,810.25,821.3,6199015
2019-09-05,830.1,837.5,826.65,834.05,7926895
2019-09-06,843.3,847.0,835.05,840.15,6106841
2019-09-09,836.8,840.3,827.55,829.1,4377870
2019-09-11,822.3,828.55,814.15,820.1,7981036
2019-09-12,816.4,819.85,810.85,816.4,4400017
2019-09-13,818.1,831.05,817.5,829.3,4832021
2019-09-16,832.05,837.95,820.55,827.7,4846496
2019-09-17,831.5,835.0,820.55,831.25,5540901
2019-09-18,829.9,832.95,824.0,829.85,3199389
2019-09-19,824.85,827.0,815.2,820.7,6601607
2019-09-20,822.9,835.0,802.0,805.0,22462366
2019-09-23,806.9,806.9,741.9,764.35,17279260
2019-09-24,765.0,798.65,765.0,794.05,13717998
2019-09-25,787.7,801.0,781.65,792.65,9313576
2019-09-26,787.75,797.0,778.1,782.55,18442824
2019-09-27,787.05,794.25,780.1,782.2,5087642
2019-09-30,785.1,808.0,784.15,805.65,8178091
2019-10-01,807.0,807.55,791.55,793.55,5881438
2019-10-03,792.55,797.85,784.15,785.6,5497672
2019-10-04,790.0,797.6,787.05,793.45,8201713
2019-10-07,794.85,802.0,786.1,789.55,3679845
2019-10-09,795.45,795.9,778.8,783.65,6335025
2019-10-10,785.4,794.7,776.6,783.05,10402917
2019-10-11,781.5,823.8,776.6,814.8,20636344
2019-10-14,786.75,797.0,780.0,786.1,15150858
2019-10-15,773.1,775.95,765.0,768.3,13762133
2019-10-16,765.25,775.95,761.55,771.45,10767032
2019-10-17,767.0,770.55,765.1,769.5,9860495
2019-10-18,763.8,773.8,760.0,767.85,10037200
2019-10-22,691.1,691.1,638.35,643.55,90152532
2019-10-23,630.0,656.65,615.1,650.6,60516887
2019-10-24,650.0,653.2,632.0,635.35,25666433
2019-10-25,647.0,652.5,636.0,637.45,16549337
2019-10-29,651.0,653.75,647.0,650.65,16709764
2019-10-30,660.4,671.4,656.2,660.6,22879467
2019-10-31,668.4,695.45,666.1,685.6,27405901
2019-11-01,690.0,694.0,682.6,687.9,9713519
2019-11-04,681.8,732.5,678.15,709.0,29381982
2019-11-05,708.75,708.75,691.5,696.1,12897805
2019-11-06,695.8,721.5,692.0,712.3,21372589
2019-11-07,717.0,724.35,712.1,720.1,13733737
2019-11-08,722.0,724.25,705.5,708.15,8585630
2019-11-11,698.9,707.2,698.0,704.4,6951494
2019-11-13,696.5,700.0,687.75,691.35,9973690
2019-11-14,696.35,709.8,696.35,705.3,10539902
2019-11-15,709.05,712.95,702.3,703.9,7362623
2019-11-18,705.0,710.0,699.3,705.2,7490916
2019-11-19,709.9,714.0,705.0,712.85,6495885
2019-11-20,712.8,715.0,705.0,713.0,6142171
2019-11-21,715.5,721.45,710.5,713.25,9692973
2019-11-22,711.75,712.0,685.1,693.2,14415826
2019-11-25,693.35,705.15,693.2,698.1,7334511
2019-11-26,705.0,707.25,686.0,690.6,27253106
2019-11-27,694.25,697.65,690.1,695.75,3861635
2019-11-28,699.1,703.35,694.05,701.85,4837683
2019-11-29,700.9,702.3,691.55,696.35,4262379
2019-12-02,703.1,704.0,690.3,692.7,9383736
2019-12-03,692.7,699.7,688.55,698.35,5239013
2019-12-04,697.0,710.5,693.35,708.85,7427886
2019-12-05,706.45,715.9,703.8,714.85,4814422
2019-12-06,715.95,720.0,709.6,715.1,5226096
2019-12-09,716.0,722.35,714.25,717.25,6435865
2019-12-10,713.0,718.5,710.0,714.55,4457939
2019-12-11,716.6,722.7,713.0,721.05,6043554
2019-12-12,718.5,720.7,699.55,702.1,11112042
2019-12-13,700.35,712.9,700.35,711.3,10302412
2019-12-16,712.3,720.2,710.2,714.0,5616324
2019-12-17,719.7,731.25,715.0,729.7,10525565
2019-12-18,731.0,737.3,722.75,732.45,12215295
2019-12-19,733.5,735.95,724.6,730.85,7199210
2019-12-20,731.0,735.0,728.25,731.55,7794167
2019-12-23,732.15,737.3,731.65,736.0,4975608
2019-12-24,736.95,736.95,728.3,733.4,2890759
2019-12-26,732.0,734.55,726.55,728.95,3821806
2019-12-27,729.75,737.5,728.85,736.95,3399094
2019-12-30,736.1,737.95,727.25,732.9,5368416
2019-12-31,729.7,737.75,725.45,731.15,6927885
2020-01-01,735.0,740.0,732.55,736.85,2112415
2020-01-02,738.9,740.8,730.9,734.7,5658200
2020-01-03,733.9,748.0,733.9,746.0,7882938
2020-01-06,746.1,753.8,736.5,738.85,6519403
2020-01-07,738.0,742.6,725.1,727.9,7899363
2020-01-08,724.95,729.0,708.3,718.2,8639443
2020-01-09,721.7,731.5,714.3,727.55,13521186
2020-01-10,740.45,742.9,730.5,738.15,9341405
2020-01-13,760.0,777.5,755.0,773.55,36952038
2020-01-14,769.95,776.95,767.2,775.65,11414418
2020-01-15,773.85,773.85,762.15,767.55,6047430
2020-01-16,770.7,772.5,760.25,767.0,5740586
2020-01-17,770.7,772.9,762.25,767.85,3762957
2020-01-20,771.6,774.4,762.95,768.45,3887680
2020-01-21,768.45,770.5,760.75,762.5,4448374
2020-01-22,768.45,778.0,766.0,770.2,9733935
2020-01-23,777.1,785.5,776.7,784.35,12528017
2020-01-24,775.75,786.5,773.6,782.75,7540490
2020-01-27,779.05,784.8,774.4,778.1,3741610
2020-01-28,781.0,781.8,772.0,778.0,5121009
2020-01-29,786.6,792.8,784.25,789.7,6832757
2020-01-30,789.7,789.7,778.0,780.7,3859680
2020-01-31,780.55,784.95,771.6,775.95,6092028
2020-02-03,782.0,790.95,764.5,767.4,6416745
2020-02-04,770.1,789.9,770.1,787.85,5771311
2020-02-05,781.0,786.0,774.4,784.55,6310409
2020-02-06,784.35,786.8,770.0,771.35,7341622
2020-02-07,775.95,778.85,771.0,777.3,2853344
2020-02-10,774.0,778.0,769.75,773.2,3827682
2020-02-11,779.0,779.1,769.2,773.55,4312817
2020-02-12,775.8,783.25,775.1,781.05,2948825
2020-02-13,785.0,794.0,782.2,792.25,4387430
2020-02-14,794.5,799.2,784.6,786.45,5321680
2020-02-17,790.3,793.45,783.3,789.45,2929629
2020-02-18,785.0,799.05,783.65,797.65,5083346
2020-02-19,800.0,804.85,796.15,800.45,3985192
2020-02-20,803.25,806.1,793.85,797.0,4564569
2020-02-24,800.1,811.6,792.15,795.85,6627536
2020-02-25,799.0,806.0,795.4,798.4,6996695
2020-02-26,793.95,801.45,780.5,782.75,8760569
2020-02-27,778.0,780.75,772.2,777.85,5223386
2020-02-28,750.0,756.8,722.05,731.7,14123957
2020-03-02,737.0,765.9,733.75,741.05,9821523
2020-03-03,755.0,759.0,741.25,747.0,7826587
2020-03-04,753.9,761.5,745.55,758.75,11013444
2020-03-05,763.75,773.55,751.75,754.6,7755293
2020-03-06,741.0,744.0,729.1,738.95,9216022
2020-03-09,724.5,725.85,697.0,704.45,10308697
2020-03-11,690.65,695.95,669.05,686.0,16165054
2020-03-12,668.0,670.0,627.5,631.2,13965689
2020-03-13,592.0,667.0,570.0,642.35,16903140
2020-03-16,622.0,622.15,580.0,583.15,19140854
2020-03-17,588.1,592.0,550.0,554.95,16060126
2020-03-18,568.0,578.0,528.0,534.3,15391568
2020-03-19,509.25,558.0,509.25,545.55,16584106
2020-03-20,549.5,617.45,548.0,585.2,21356183
2020-03-23,540.0,560.95,515.9,526.45,17146303
2020-03-24,522.0,601.15,522.0,589.8,20029537
2020-03-25,597.0,635.0,565.7,606.2,18339650
2020-03-26,615.0,650.85,612.1,643.0,14868843
2020-03-27,665.05,674.9,642.25,652.7,13495469
2020-03-30,625.1,663.5,621.1,626.7,14625720
2020-03-31,650.0,662.0,633.7,641.5,15175528
2020-04-01,634.35,637.5,594.0,602.8,13083865
2020-04-03,603.5,606.0,582.15,585.7,10221890
2020-04-07,615.0,644.25,612.9,639.0,15146526
2020-04-08,630.0,655.65,626.35,631.6,11806901
2020-04-09,646.8,652.8,632.1,636.25,11931287
2020-04-13,629.0,651.7,626.05,637.4,8330291
2020-04-15,651.4,653.3,635.6,639.05,11963493
2020-04-16,619.95,634.9,603.5,623.85,17783310
2020-04-17,644.0,646.0,626.0,628.75,8878372
2020-04-20,640.0,661.0,639.0,653.3,13322995
2020-04-21,627.8,646.5,627.8,633.2,11660678
2020-04-22,633.2,645.0,628.05,641.85,8267159
2020-04-23,647.05,683.65,638.1,679.3,14451294
2020-04-24,668.55,675.0,654.8,658.0,7319950
2020-04-27,661.05,681.0,661.05,664.6,7183316
2020-04-28,673.0,677.0,653.05,660.7,7296594
2020-04-29,666.0,682.0,658.0,676.55,8639246
2020-04-30,700.0,720.0,698.1,715.5,16254036
2020-05-04,689.8,701.2,670.35,673.7,9122803
2020-05-05,681.75,685.6,670.0,673.7,6393108
2020-05-06,676.9,681.45,664.05,665.9,7934457
2020-05-07,665.55,674.35,662.45,664.95,4779550
2020-05-08,672.25,680.9,668.5,674.2,8400376
2020-05-11,682.5,698.55,678.0,682.9,7370192
2020-05-12,678.5,691.0,675.5,687.65,7356063
2020-05-13,694.8,699.9,683.75,694.15,8287106
2020-05-14,659.0,671.75,652.6,658.15,16888356
2020-05-15,664.8,664.8,646.7,652.3,9255353
2020-05-18,659.85,670.55,653.0,663.9,10435495
2020-05-19,664.0,674.8,655.0,668.6,5902238
2020-05-20,668.5,673.0,659.65,669.55,5795193
2020-05-21,666.5,679.45,665.4,672.2,7214401
2020-05-22,675.0,695.85,673.5,692.35,11867864
2020-05-26,693.0,699.45,679.0,680.55,7099719
2020-05-27,686.05,709.2,675.0,705.45,8774694
2020-05-28,707.0,710.0,690.0,707.4,9440121
2020-05-29,692.5,700.8,674.95,691.0,28291172
2020-06-01,698.75,706.65,691.5,699.55,12276649
2020-06-02,700.5,711.65,697.55,708.1,7059409
2020-06-03,710.7,711.9,696.0,701.55,11378568
2020-06-04,702.0,709.45,697.5,707.75,10783594
2020-06-05,707.0,711.7,700.6,703.55,7718943
2020-06-08,707.65,725.8,704.0,720.85,10719124
2020-06-09,720.0,729.6,715.05,717.6,10078863
2020-06-10,715.0,719.45,709.2,715.85,7263272
2020-06-11,712.0,713.4,700.25,703.95,8825914
2020-06-12,675.8,695.15,675.5,692.05,9796064
2020-06-15,693.0,704.4,685.25,687.55,7857344
2020-06-16,702.0,712.0,699.15,701.2,10132423
2020-06-17,699.9,710.3,698.0,703.65,7291919
2020-06-18,708.2,716.6,706.0,713.9,6670206
2020-06-19,709.0,711.9,701.0,705.55,22438873
2020-06-22,707.1,708.7,700.0,703.7,7804139
2020-06-23,695.7,724.5,692.1,720.65,12157486
2020-06-24,716.9,726.8,709.4,714.15,10220908
2020-06-25,704.85,705.6,693.5,700.5,14945304
2020-06-26,710.2,751.6,710.0,748.2,26030535
2020-06-29,735.4,744.7,730.1,731.75,8954490
2020-06-30,732.8,738.95,724.25,735.95,10411347
2020-07-01,737.25,742.3,729.75,731.9,5477687
2020-07-02,737.35,765.45,735.4,756.6,17263764
2020-07-03,755.0,764.0,752.5,762.7,7796573
2020-07-06,765.2,775.0,761.5,764.0,8811009
2020-07-07,769.4,796.95,765.55,794.15,19362666
2020-07-08,784.9,784.9,772.2,774.7,8476675
2020-07-09,780.0,790.0,775.0,781.7,6854196
2020-07-10,773.5,789.9,773.5,781.85,5206452
2020-07-14,792.95,806.4,781.35,783.25,8961822
2020-07-15,799.0,848.45,794.8,830.95,30060998
2020-07-16,900.1,955.5,894.25,911.0,90433393
2020-07-17,911.0,919.9,892.15,903.15,31682904
2020-07-20,908.5,945.0,906.75,934.3,18421083
2020-07-21,945.0,949.7,929.2,936.75,12877814
2020-07-22,938.95,939.0,910.0,917.9,14354421
2020-07-23,915.65,915.8,900.65,907.95,13052804
2020-07-24,903.25,925.75,903.25,922.85,18209670
2020-07-27,921.55,952.8,918.65,948.45,16828218
2020-07-28,946.0,967.55,941.2,962.85,15819466
2020-07-29,953.25,960.0,943.6,954.15,11152710
2020-07-30,962.0,972.65,958.75,961.45,12492569
2020-07-31,969.25,986.45,953.3,966.0,12704359
2020-08-03,960.0,965.4,947.45,956.9,8480166
2020-08-04,960.45,970.7,940.55,949.85,11133259
2020-08-05,952.0,960.95,938.3,944.7,9616176
2020-08-06,953.5,974.4,942.5,970.85,10976523
2020-08-07,969.45,969.45,949.0,950.9,8010973
2020-08-10,948.9,956.8,945.3,951.35,5716472
2020-08-11,949.9,962.0,946.1,948.45,6802508
2020-08-12,948.0,958.8,942.2,954.95,6908732
2020-08-13,954.8,968.5,948.25,951.2,5097705
2020-08-14,955.85,963.0,952.05,953.6,4663873
2020-08-17,954.1,972.45,954.1,957.5,9008716
2020-08-18,963.9,969.2,958.7,967.55,6142171
2020-08-19,970.9,971.55,957.45,959.3,6622744
2020-08-20,958.9,965.5,951.3,955.15,5656667
2020-08-21,963.05,963.45,946.55,948.8,6513784
2020-08-24,947.0,952.0,939.2,947.4,5798579
2020-08-25,947.5,948.65,933.6,938.1,6233923
2020-08-26,941.25,954.25,938.4,950.8,5153663
2020-08-27,960.0,960.95,945.2,947.05,6154300
2020-08-28,951.45,952.5,933.05,935.25,7593988
2020-08-31,935.25,950.5,914.6,928.6,12808369
2020-09-01,926.25,935.0,912.1,914.15,6907783
2020-09-02,915.0,926.4,913.5,924.0,5678696
2020-09-03,926.5,949.4,924.0,935.55,8828016
2020-09-04,915.0,929.5,914.45,919.15,8650414
2020-09-07,918.9,927.55,913.05,925.05,6700450
2020-09-08,929.95,952.0,925.55,939.3,12892115
2020-09-09,935.0,946.0,926.0,927.75,5529150
2020-09-10,935.3,942.0,924.8,940.05,5172091
2020-09-11,934.9,954.15,931.0,945.7,6672082
2020-09-14,957.0,991.05,948.3,978.4,21871591
2020-09-15,979.5,994.0,971.65,982.45,11608223
2020-09-16,986.0,1005.65,982.0,1001.75,10059392
2020-09-17,995.0,1021.0,995.0,1011.0,15628308
2020-09-18,1011.0,1018.8,999.1,1002.15,12897897
2020-09-21,1001.0,1031.0,1000.5,1009.9,14140790
2020-09-22,1009.0,1022.5,991.2,1007.5,12625775
2020-09-23,1020.15,1037.0,1008.1,1019.75,13486274
2020-09-24,1003.0,1009.0,970.0,975.4,14427463
2020-09-25,975.8,1014.9,975.0,1011.45,13311079
2020-09-28,1014.8,1016.15,998.5,1010.4,8554583
2020-09-29,1018.0,1028.0,1004.1,1009.0,8708572
2020-09-30,1009.0,1023.95,1005.0,1008.25,8049899
2020-10-01,1020.6,1026.5,1011.75,1017.65,5563432
2020-10-05,1018.05,1054.9,1018.05,1048.7,14212560
2020-10-06,1055.0,1060.0,1031.35,1055.75,9090819
2020-10-07,1044.9,1072.0,1035.5,1066.55,9284060
2020-10-08,1090.0,1124.0,1088.4,1093.7,21483024
2020-10-09,1095.1,1113.3,1088.45,1106.8,10567955
2020-10-12,1123.0,1140.0,1112.1,1132.1,14633780
2020-10-13,1135.55,1166.05,1135.55,1157.8,17524137
2020-10-14,1162.0,1164.9,1131.1,1137.0,16649731
2020-10-15,1180.0,1186.0,1092.5,1108.25,44288566
2020-10-16,1113.85,1135.95,1096.9,1127.5,18366133
2020-10-19,1135.0,1139.0,1115.3,1125.9,12902146
2020-10-20,1118.9,1144.7,1110.0,1137.5,10448852
2020-10-21,1141.15,1154.35,1135.0,1148.35,19811809
2020-10-22,1142.0,1158.0,1123.8,1129.05,11271538
2020-10-23,1133.0,1135.0,1120.15,1122.5,9070121
2020-10-26,1122.25,1129.6,1103.15,1112.45,6309643
2020-10-27,1105.7,1109.7,1077.15,1090.85,10172530
2020-10-28,1095.5,1104.75,1070.05,1076.55,7608413
2020-10-29,1070.0,1082.0,1060.1,1074.85,6935804
2020-10-30,1072.0,1083.6,1052.35,1060.6,8800436
2020-11-02,1065.0,1079.95,1051.1,1072.3,7183119
2020-11-03,1072.0,1079.4,1057.5,1062.55,7204782
2020-11-04,1068.0,1116.0,1066.8,1093.95,15702690
2020-11-05,1109.9,1123.0,1099.0,1104.0,9568890
2020-11-06,1108.0,1121.1,1091.7,1112.75,8807127
2020-11-09,1129.3,1146.0,1121.15,1136.55,10160320
2020-11-10,1113.85,1113.85,1078.0,1091.05,15622869
2020-11-11,1096.0,1126.35,1087.0,1122.5,12514800
2020-11-12,1128.1,1142.0,1113.75,1117.75,9180976
2020-11-13,1120.0,1133.0,1117.0,1124.2,6363212
2020-11-17,1144.75,1145.0,1112.65,1123.7,12813968
2020-11-18,1128.5,1132.7,1101.45,1110.55,9839468
2020-11-19,1100.0,1114.7,1093.8,1096.75,10092343
2020-11-20,1106.0,1109.0,1091.1,1103.35,8063554
2020-11-23,1105.0,1144.8,1101.95,1139.85,10546363
2020-11-24,1145.0,1154.9,1133.35,1140.05,8515426
2020-11-25,1137.0,1143.5,1111.25,1115.65,8958701
2020-11-26,1119.95,1119.95,1098.3,1113.2,10962256
2020-11-27,1118.0,1121.0,1091.0,1100.0,25306145
2020-12-01,1105.05,1140.25,1105.05,1137.85,8933802
2020-12-02,1134.0,1147.45,1121.0,1140.9,6741637
2020-12-03,1147.0,1147.0,1122.7,1126.45,16212632
2020-12-04,1125.0,1137.0,1115.0,1134.65,10564055
2020-12-07,1147.3,1153.0,1136.0,1143.5,7792141
2020-12-08,1145.0,1167.0,1145.0,1153.35,12308330
2020-12-09,1168.05,1179.5,1157.0,1175.2,10039346
2020-12-10,1157.4,1171.65,1150.0,1167.75,9488782
2020-12-11,1159.7,1171.95,1155.25,1163.2,10574009
2020-12-14,1169.4,1172.6,1148.2,1164.55,6728187
2020-12-15,1156.0,1163.7,1152.0,1154.6,6905926
2020-12-16,1160.0,1168.9,1153.6,1165.7,7788404
2020-12-17,1165.9,1168.9,1156.2,1159.2,6658153
2020-12-18,1182.85,1195.0,1175.6,1189.8,15995676
2020-12-21,1188.0,1209.75,1152.05,1177.3,10858352
2020-12-22,1182.0,1223.85,1176.1,1220.5,10901851
2020-12-23,1238.0,1258.85,1230.55,1253.05,15878346
2020-12-24,1249.9,1249.9,1226.0,1236.05,7313885
2020-12-28,1238.45,1248.0,1236.0,1240.3,4607051
2020-12-29,1235.0,1254.45,1235.0,1250.3,6878105
2020-12-30,1253.0,1253.3,1238.15,1246.8,5194690
2020-12-31,1243.0,1258.4,1239.0,1255.8,7430470
2021-01-01,1257.9,1265.5,1255.8,1260.45,4253550
2021-01-04,1269.0,1290.0,1261.15,1288.25,7208454
2021-01-05,1282.0,1299.0,1275.05,1293.8,8145280
2021-01-06,1300.0,1302.0,1268.05,1282.1,7161715
2021-01-07,1296.0,1297.65,1255.5,1262.15,10954918
2021-01-08,1278.25,1316.8,1278.25,1312.1,13186251
2021-01-11,1342.1,1383.35,1340.0,1376.2,20528626
2021-01-12,1378.0,1378.0,1360.0,1371.75,8309868
2021-01-13,1373.85,1392.8,1360.0,1387.15,14442997
2021-01-14,1360.0,1384.0,1318.45,1370.5,27521697
2021-01-15,1360.0,1364.45,1340.0,1344.95,15018441
2021-01-18,1338.0,1340.0,1306.0,1312.05,8861765
2021-01-19,1320.0,1331.0,1312.0,1316.65,5585744
2021-01-20,1320.55,1348.4,1320.55,1339.45,8225838
2021-01-21,1350.0,1361.05,1335.0,1339.7,6142421
2021-01-22,1327.0,1356.0,1326.55,1340.85,9646591
2021-01-25,1345.0,1347.9,1313.0,1325.1,6542611
2021-01-27,1319.6,1327.55,1285.1,1301.0,8133665
2021-01-28,1291.8,1296.45,1272.55,1276.2,4660690
2021-01-29,1286.25,1291.15,1231.0,1239.05,12183519
2021-02-01,1250.55,1277.95,1241.0,1260.9,8880279
2021-02-02,1280.0,1294.4,1263.6,1271.25,6892490
2021-02-03,1277.65,1304.0,1273.0,1284.65,8182968
2021-02-04,1285.0,1293.4,1272.05,1279.35,5032240
2021-02-05,1286.4,1288.75,1262.0,1272.1,5477481
2021-02-08,1285.5,1310.0,1275.5,1303.55,6921922
2021-02-09,1306.9,1332.0,1297.85,1305.55,7965949
2021-02-10,1295.8,1304.35,1283.6,1296.5,5951207
2021-02-11,1289.0,1296.0,1283.05,1292.65,4673317
2021-02-12,1305.0,1323.75,1301.55,1309.8,5797875
2021-02-15,1320.0,1328.4,1307.1,1309.65,4363513
2021-02-16,1314.0,1319.75,1286.0,1290.4,6896421
2021-02-17,1290.4,1294.5,1275.0,1281.3,4575741
2021-02-18,1276.0,1306.0,1275.0,1292.45,6437551
2021-02-19,1296.1,1299.5,1276.8,1291.3,5389696
2021-02-22,1295.0,1308.55,1260.0,1265.2,7371303
2021-02-23,1271.15,1291.0,1257.55,1266.35,6612942
2021-02-24,1260.05,1276.6,1252.0,1274.3,4537258
2021-02-25,1288.45,1299.75,1272.0,1274.55,8788221
2021-02-26,1269.0,1274.3,1244.75,1253.3,15132388
2021-03-01,1263.3,1284.5,1259.0,1267.0,5756286
2021-03-02,1282.25,1310.0,1279.2,1304.5,10461434
2021-03-03,1319.2,1347.0,1308.0,1343.55,9056399
2021-03-04,1335.0,1363.85,1325.9,1330.35,12041941
2021-03-05,1328.5,1340.0,1305.05,1316.7,6486176
2021-03-08,1324.8,1346.1,1317.2,1335.75,5119392
2021-03-09,1329.5,1350.45,1318.75,1345.55,6518173
2021-03-10,1356.9,1374.0,1355.0,1368.15,7925984
2021-03-12,1373.0,1391.7,1370.05,1374.85,9462061
2021-03-15,1370.0,1379.9,1358.5,1373.6,6658665
2021-03-16,1386.05,1406.0,1380.5,1384.0,9352771
2021-03-17,1392.25,1400.0,1382.0,1387.0,7626744
2021-03-18,1393.75,1393.75,1313.5,1337.1,10961755
2021-03-19,1330.0,1355.2,1318.0,1344.45,12767112
2021-03-22,1350.1,1376.0,1336.1,1370.8,4862758
2021-03-23,1372.45,1383.25,1359.6,1371.55,7165335
2021-03-24,1357.85,1370.45,1346.25,1353.75,6134303
2021-03-25,1346.75,1352.5,1327.6,1333.8,8749994
2021-03-26,1344.7,1356.7,1332.0,1336.2,4922071
2021-03-30,1346.9,1400.0,1336.15,1385.3,10546919
2021-03-31,1382.0,1388.0,1363.3,1368.05,8220987
2021-04-01,1380.0,1391.6,1371.0,1385.2,5675155
2021-04-05,1391.0,1425.0,1387.0,1409.9,9479572
2021-04-06,1423.0,1426.0,1406.45,1411.05,5793571
2021-04-07,1410.25,1434.95,1406.6,1430.2,5879234
2021-04-08,1430.0,1451.7,1421.0,1439.85,5654434
2021-04-09,1455.0,1455.0,1430.05,1441.05,6052712
2021-04-12,1474.0,1477.55,1415.0,1425.75,20384532
2021-04-13,1433.0,1435.25,1375.0,1397.15,14855206
2021-04-15,1332.3,1366.4,1320.0,1360.75,25342491
2021-04-16,1365.0,1370.85,1346.6,1353.75,10879878
2021-04-19,1340.0,1379.7,1332.35,1362.55,12508028
2021-04-20,1379.0,1379.0,1342.4,1351.35,8560766
2021-04-22,1355.55,1364.8,1345.15,1351.1,6622446
2021-04-23,1343.0,1348.4,1331.0,1333.8,7316262
2021-04-26,1332.25,1351.3,1321.0,1343.55,7088606
2021-04-27,1346.0,1353.0,1340.15,1348.5,3636115
2021-04-28,1358.0,1359.5,1344.6,1356.0,4879234
2021-04-29,1368.0,1369.0,1351.4,1356.35,5412357
2021-04-30,1346.3,1373.9,1345.9,1354.35,8354677
2021-05-03,1340.8,1361.0,1338.0,1352.05,4560337
2021-05-04,1354.0,1354.95,1324.1,1329.4,4887060
2021-05-05,1341.1,1343.9,1327.8,1341.5,3939788
2021-05-06,1345.0,1364.7,1337.4,1361.6,4810090
2021-05-07,1365.3,1373.05,1348.5,1352.55,4991435
2021-05-10,1349.85,1352.9,1335.05,1339.55,7195348
2021-05-11,1336.9,1341.0,1325.1,1330.65,6420988
2021-05-12,1330.0,1330.0,1314.5,1327.0,5241898
2021-05-14,1326.85,1326.85,1311.3,1316.4,4824609
2021-05-17,1320.3,1334.95,1320.3,1329.4,5017129
2021-05-18,1338.0,1344.6,1329.5,1340.0,5620150
2021-05-19,1342.0,1357.45,1333.25,1337.0,4435878
2021-05-20,1348.4,1349.1,1335.0,1339.3,4490092
2021-05-21,1347.5,1357.5,1346.35,1354.5,4969733
2021-05-24,1356.65,1363.0,1345.1,1348.05,4225371
2021-05-25,1358.0,1368.0,1354.45,1361.6,4099340
2021-05-26,1367.9,1400.0,1362.05,1397.25,6850024
2021-05-27,1404.2,1416.25,1391.7,1402.25,15365391
2021-05-28,1409.75,1414.0,1396.1,1405.05,4261312
2021-05-31,1401.5,1401.5,1383.0,1393.75,4429904
2021-06-01,1400.0,1401.0,1378.65,1387.2,4791325
2021-06-02,1380.75,1391.95,1365.0,1378.65,9272276
2021-06-03,1388.1,1399.0,1377.05,1389.65,5115645
2021-06-04,1393.95,1396.9,1377.65,1385.65,4194328
2021-06-07,1391.0,1392.0,1377.3,1389.65,5154576
2021-06-08,1396.0,1421.75,1395.55,1412.95,7360630
2021-06-09,1413.4,1425.0,1404.6,1415.3,5394317
2021-06-10,1424.0,1429.0,1419.0,1424.3,3496575
2021-06-11,1430.1,1451.6,1429.45,1446.9,6140828
2021-06-14,1471.0,1477.0,1453.45,1461.8,7132294
2021-06-15,1464.0,1476.0,1463.0,1473.9,5403104
2021-06-16,1472.7,1489.45,1467.5,1480.6,7661710
2021-06-17,1475.1,1502.65,1475.1,1495.3,7677951
2021-06-18,1509.0,1515.8,1487.4,1503.3,13533974
2021-06-21,1493.0,1505.8,1484.2,1500.3,5454052
2021-06-22,1509.7,1521.45,1502.1,1511.85,6427862
2021-06-23,1525.0,1525.0,1498.65,1503.15,5529809
2021-06-24,1517.0,1568.75,1511.2,1559.2,10785137
2021-06-28,1572.9,1580.15,1560.6,1571.8,5019178
2021-06-29,1561.0,1573.65,1559.2,1563.05,5913567
2021-06-30,1572.05,1591.0,1572.05,1580.8,6058722
2021-07-01,1576.85,1576.85,1559.05,1560.4,4814317
2021-07-02,1558.95,1569.45,1542.6,1567.8,5166064
2021-07-05,1569.15,1585.0,1561.05,1578.95,4058338
2021-07-06,1573.7,1586.75,1557.1,1562.2,4089574
2021-07-07,1566.05,1570.55,1544.65,1564.6,4797120
2021-07-08,1568.0,1576.0,1549.0,1560.75,3326813
2021-07-09,1556.0,1569.9,1551.0,1562.9,3436594
2021-07-12,1570.55,1578.0,1533.75,1547.85,4588982
2021-07-13,1556.4,1556.4,1536.3,1544.95,4456160
2021-07-14,1554.0,1582.8,1538.1,1576.9,5657716
2021-07-15,1557.9,1596.85,1556.0,1580.8,10021355
2021-07-16,1573.75,1574.65,1549.6,1555.45,6265593
2021-07-19,1544.7,1552.9,1537.55,1541.7,5669162
2021-07-20,1538.3,1557.7,1538.0,1550.05,5069939
2021-07-22,1561.4,1592.85,1561.4,1590.2,7854575
2021-07-23,1588.55,1598.5,1585.05,1590.45,4179719
2021-07-26,1594.1,1611.65,1594.1,1603.9,4586710
2021-07-27,1605.0,1609.3,1597.9,1602.55,5892859
2021-07-28,1605.1,1607.6,1585.5,1605.6,4686788
2021-07-29,1600.1,1620.0,1600.1,1617.0,4660873
2021-07-30,1610.0,1623.4,1606.15,1610.5,6234257
2021-08-02,1627.45,1634.75,1619.2,1631.55,5553389
2021-08-03,1647.0,1658.65,1635.6,1655.2,5513668
2021-08-04,1669.1,1679.9,1639.05,1649.25,6740391
2021-08-05,1649.5,1666.0,1647.05,1653.55,5420536
2021-08-06,1657.0,1660.65,1644.0,1650.2,3754855
2021-08-09,1661.0,1667.45,1646.4,1663.3,5018477
2021-08-10,1668.0,1680.0,1661.05,1677.25,6846517
2021-08-11,1674.8,1684.0,1668.0,1677.55,4899639
2021-08-12,1679.15,1696.5,1674.0,1689.6,5659579
2021-08-13,1697.0,1722.5,1691.3,1712.2,5612790
2021-08-16,1707.7,1719.95,1690.1,1704.4,4564109
2021-08-17,1703.9,1748.9,1686.55,1741.65,9510390
2021-08-18,1729.0,1755.5,1727.0,1733.45,6686090
2021-08-20,1716.1,1745.0,1716.1,1732.95,6206972
2021-08-23,1735.75,1753.15,1732.0,1738.75,6189051
2021-08-24,1750.0,1757.0,1712.7,1720.85,7602939
2021-08-25,1718.0,1746.9,1718.0,1735.55,6153253
2021-08-26,1734.0,1746.0,1720.0,1727.7,5302248
2021-08-27,1725.0,1727.7,1705.2,1708.8,6698514
2021-08-30,1703.05,1718.65,1690.4,1698.05,6559667
2021-08-31,1700.15,1715.0,1685.85,1706.45,12255438
2021-09-01,1709.5,1709.5,1673.15,1677.75,7801974
2021-09-02,1677.35,1694.3,1662.65,1689.1,6830050
2021-09-03,1696.05,1705.95,1684.4,1700.65,5339139
2021-09-06,1705.15,1732.0,1699.35,1730.4,4876026
2021-09-07,1730.0,1734.9,1704.0,1706.65,3520341
2021-09-08,1700.85,1700.85,1682.95,1693.25,4584896
2021-09-09,1685.9,1694.9,1682.15,1691.6,3331674
2021-09-13,1683.0,1701.5,1675.2,1691.9,4662374
2021-09-14,1695.95,1695.95,1678.6,1686.15,4945167
2021-09-15,1693.25,1715.1,1690.2,1711.45,4062344
2021-09-16,1715.2,1719.25,1691.45,1702.25,3246568
2021-09-17,1697.0,1718.0,1684.45,1691.3,7454864
2021-09-20,1685.0,1707.7,1677.95,1687.85,5660743
2021-09-21,1700.0,1726.75,1684.65,1718.45,4672222
2021-09-22,1717.0,1738.9,1713.05,1716.9,4553892
2021-09-23,1732.0,1745.0,1721.1,1742.55,3826090
2021-09-24,1758.0,1788.0,1752.45,1763.85,8280446
2021-09-27,1768.75,1769.0,1718.1,1721.15,5045337
2021-09-29,1659.25,1701.4,1655.0,1692.25,7792548
2021-09-30,1703.0,1703.0,1670.1,1675.2,6914031
2021-10-01,1665.1,1678.95,1661.25,1665.15,5733906
2021-10-04,1672.5,1688.0,1665.4,1678.75,2947154
2021-10-05,1671.0,1702.95,1663.0,1692.8,4373310
2021-10-06,1702.1,1709.0,1670.0,1673.55,4271698
2021-10-07,1687.0,1704.2,1676.65,1691.0,5476108
2021-10-08,1705.25,1731.5,1698.4,1723.85,4738376
2021-10-12,1677.0,1689.0,1662.0,1685.15,7439300
2021-10-14,1754.0,1783.6,1698.2,1715.75,19655776
2021-10-18,1740.0,1799.0,1740.0,1792.15,13438109
2021-10-21,1814.0,1814.0,1746.85,1753.65,8779629
2021-10-25,1722.05,1729.75,1687.2,1707.55,5905209
2021-10-26,1710.05,1726.6,1695.9,1703.7,5871709
2021-10-27,1709.1,1734.15,1701.15,1728.95,5090259
2021-10-28,1719.35,1724.75,1692.05,1703.9,5329972
2021-10-29,1699.0,1712.6,1661.05,1667.75,5875091
2021-11-03,1709.0,1717.45,1699.0,1702.5,3530713
2021-11-04,1715.0,1717.0,1705.0,1708.7,483407
2021-11-08,1730.0,1741.0,1703.0,1737.5,5245903
2021-11-09,1734.75,1750.0,1726.0,1742.5,4016134
2021-11-10,1726.0,1750.95,1721.95,1740.15,4780368
2021-11-11,1732.95,1739.75,1709.0,1733.3,4731349
2021-11-12,1743.0,1782.85,1738.05,1780.2,5069009
2021-11-15,1782.1,1800.0,1775.5,1787.15,4354074
2021-11-16,1790.0,1808.95,1777.0,1792.3,6034233
2021-11-17,1792.55,1802.0,1780.7,1787.45,4732492
2021-11-18,1781.6,1789.45,1759.0,1779.4,4326924
2021-11-22,1784.0,1785.4,1751.15,1759.4,6621839
2021-11-23,1735.1,1747.25,1710.0,1736.9,8436160
2021-11-24,1740.0,1740.5,1688.0,1696.0,7333061
2021-11-25,1700.0,1726.2,1696.95,1722.4,4476260
2021-11-26,1702.55,1718.35,1684.0,1691.65,4494181
2021-11-29,1691.0,1712.0,1669.15,1696.35,3942776
2021-11-30,1704.55,1729.9,1700.05,1712.65,14808963
2021-12-01,1715.0,1741.9,1713.0,1714.9,5193264
2021-12-02,1715.0,1750.5,1711.35,1748.25,5559574
2021-12-03,1771.1,1786.65,1732.55,1735.55,6754012
2021-12-06,1730.0,1733.95,1691.5,1695.3,3991449
2021-12-07,1701.1,1724.9,1694.0,1711.65,4202122
2021-12-08,1733.0,1759.8,1732.6,1753.35,3029169
2021-12-09,1759.0,1769.4,1742.0,1763.45,2082171
2021-12-10,1760.0,1763.75,1746.0,1759.25,1823469
2021-12-13,1767.05,1771.35,1738.8,1744.65,4040584
2021-12-14,1730.9,1763.0,1710.35,1752.15,4768144
2021-12-15,1745.0,1747.95,1721.2,1734.2,3053149
2021-12-16,1762.65,1777.6,1758.0,1771.6,4481031
2021-12-17,1820.0,1842.0,1806.75,1820.85,18887243
2021-12-21,1801.0,1838.0,1801.0,1811.6,5353584
2021-12-22,1825.0,1829.15,1812.35,1824.7,4156428
2021-12-23,1831.25,1861.6,1827.0,1857.6,4112933
2021-12-24,1872.95,1875.75,1854.0,1863.5,3780347
2021-12-27,1860.0,1874.5,1845.05,1866.15,2647733
2021-12-28,1880.7,1895.9,1878.4,1888.0,3340933
2021-12-29,1883.5,1893.8,1876.4,1885.55,3236635
2021-12-30,1884.5,1909.8,1874.35,1892.85,4584738
2021-12-31,1890.0,1898.35,1871.65,1887.75,4619420
2022-01-03,1887.75,1914.05,1887.75,1898.45,3329616
2022-01-04,1898.45,1906.65,1878.0,1899.15,3921999
2022-01-05,1900.0,1902.9,1840.0,1844.65,6995719
2022-01-06,1828.0,1828.0,1800.0,1817.8,6449205
2022-01-07,1815.45,1836.0,1806.8,1814.3,4834389
2022-01-10,1815.0,1869.9,1813.0,1850.75,7857560
2022-01-12,1868.9,1889.0,1860.0,1877.45,5362535
2022-01-13,1905.0,1912.5,1866.35,1896.8,14277630
2022-01-14,1882.0,1933.0,1881.0,1929.35,7688506
2022-01-17,1938.55,1953.9,1930.5,1939.5,5262464
2022-01-18,1922.1,1945.0,1911.45,1920.75,3690315
2022-01-19,1916.0,1916.0,1862.85,1867.05,5747770
2022-01-20,1844.0,1848.0,1815.5,1823.7,5533463
2022-01-21,1795.0,1808.0,1776.0,1785.7,8252758
2022-01-24,1765.0,1768.65,1728.0,1736.8,7116712
2022-01-25,1726.6,1740.0,1700.5,1722.15,9137653
2022-01-28,1681.0,1727.55,1679.5,1686.2,10998502
2022-01-31,1718.0,1749.5,1715.35,1736.2,8788872
2022-02-01,1766.1,1780.0,1734.7,1772.05,5119935
2022-02-02,1789.0,1792.8,1772.0,1787.1,4253717
2022-02-03,1779.0,1779.0,1734.0,1738.55,3832922
2022-02-04,1732.0,1753.95,1710.15,1741.1,4700077
2022-02-07,1722.2,1732.0,1695.4,1715.0,4310209
2022-02-08,1710.0,1725.0,1696.0,1717.3,6053401
2022-02-09,1735.0,1743.0,1725.0,1737.3,3867244
2022-02-10,1755.65,1773.9,1748.75,1769.6,4334630
2022-02-11,1740.0,1745.95,1713.0,1721.35,7551371
2022-02-14,1690.0,1718.55,1678.25,1682.2,7459637
2022-02-15,1699.0,1746.75,1690.45,1738.25,4669915
2022-02-16,1738.25,1755.45,1726.85,1733.3,5350642
2022-02-17,1744.0,1749.0,1720.3,1724.8,3937950
2022-02-18,1710.0,1722.5,1703.5,1706.95,5602215
2022-02-21,1701.0,1737.3,1691.5,1730.7,5120890
2022-02-22,1699.9,1751.0,1691.05,1734.35,8878515
2022-02-23,1750.0,1758.25,1733.4,1742.85,5478811
2022-02-25,1715.0,1728.15,1677.0,1694.6,9737281
2022-02-28,1682.2,1728.05,1665.0,1715.6,15076542
2022-03-02,1710.0,1714.4,1691.0,1702.8,6771489
2022-03-03,1720.2,1733.9,1705.55,1720.85,7344147
2022-03-04,1695.25,1736.0,1681.0,1723.3,9074499
2022-03-08,1718.45,1800.0,1718.45,1778.2,10984500
2022-03-09,1791.0,1831.6,1791.0,1813.35,10193515
2022-03-10,1844.75,1844.75,1810.2,1825.9,6547182
2022-03-11,1814.0,1831.4,1811.0,1822.0,4758657
2022-03-14,1831.55,1895.0,1831.55,1890.7,10289724
2022-03-15,1888.35,1888.35,1830.0,1839.3,7140443
2022-03-16,1865.0,1893.95,1849.0,1889.4,5233979
2022-03-17,1923.3,1923.3,1833.05,1854.6,17731459
2022-03-21,1861.0,1886.9,1841.1,1853.05,8362085
2022-03-22,1850.0,1890.0,1839.0,1887.4,5709382
2022-03-23,1897.0,1900.0,1857.0,1872.4,6192824
2022-03-24,1856.15,1894.6,1856.15,1886.7,3784303
2022-03-25,1892.0,1894.0,1858.0,1876.55,3438588
2022-03-28,1866.0,1880.9,1852.65,1873.9,4008555
2022-03-29,1873.9,1889.4,1860.55,1886.0,3917785
2022-03-30,1910.0,1919.0,1895.0,1903.95,7795839
2022-03-31,1900.0,1913.0,1894.2,1906.85,5399145
2022-04-01,1886.85,1910.3,1878.3,1903.55,6171518
2022-04-04,1889.75,1893.0,1873.0,1882.95,7364074
2022-04-05,1883.8,1889.6,1857.15,1861.1,5472024
2022-04-06,1855.0,1857.5,1822.15,1828.85,5407453
2022-04-07,1821.05,1828.15,1807.55,1811.0,5797544
2022-04-08,1823.0,1838.0,1808.0,1814.6,5131446
2022-04-11,1814.0,1814.0,1762.55,1766.55,8248407
2022-04-12,1757.5,1757.5,1727.75,1742.45,6456184
2022-04-13,1754.95,1757.5,1732.0,1748.55,6257693
2022-04-18,1605.5,1650.0,1590.0,1621.4,30523965
2022-04-19,1636.65,1636.65,1550.0,1562.0,17044923
2022-04-20,1575.0,1596.3,1563.0,1587.7,10678747
2022-04-21,1595.0,1627.2,1589.25,1618.8,7766514
2022-04-22,1604.35,1610.7,1582.4,1585.45,8134245
2022-04-25,1572.8,1572.8,1554.1,1561.1,7000570
2022-04-26,1577.2,1592.0,1566.55,1581.0,5345435
2022-04-27,1572.75,1572.75,1550.35,1552.8,8819356
2022-04-28,1570.0,1601.8,1557.45,1582.6,9245177
2022-04-29,1590.0,1597.3,1560.8,1567.55,9831395
2022-05-02,1550.9,1552.75,1531.0,1541.0,7072627
2022-05-05,1560.05,1589.4,1557.45,1585.15,6144870
2022-05-06,1550.0,1561.85,1535.05,1542.85,6171472
2022-05-09,1540.0,1586.8,1522.15,1570.35,6832202
2022-05-10,1558.0,1569.15,1546.05,1553.0,6212545
2022-05-11,1549.95,1549.95,1511.6,1526.75,7846080
2022-05-12,1514.0,1527.5,1504.3,1508.8,7034979
2022-05-13,1519.3,1529.25,1498.1,1504.4,6723761
2022-05-16,1510.0,1511.85,1478.65,1489.1,6145331
2022-05-17,1494.9,1525.0,1480.9,1518.45,6516378
2022-05-18,1522.0,1549.7,1505.3,1509.2,6594126
2022-05-19,1481.0,1484.7,1417.65,1427.15,16561140
2022-05-20,1453.0,1466.75,1446.7,1455.15,10488908
2022-05-23,1455.1,1488.0,1450.05,1468.4,5887569
2022-05-24,1468.6,1469.55,1435.25,1441.0,5693167
2022-05-25,1435.0,1442.5,1399.25,1410.45,9630092
2022-05-26,1418.0,1430.0,1407.05,1423.95,13040065
2022-05-27,1443.95,1467.0,1437.4,1461.35,8284860
2022-05-30,1487.0,1530.0,1485.0,1526.8,10904213
2022-05-31,1510.7,1518.0,1488.15,1503.6,16033857
2022-06-01,1513.0,1514.75,1472.1,1478.55,8738508
2022-06-02,1484.0,1513.85,1475.6,1508.0,7205840
2022-06-03,1524.9,1555.0,1518.0,1521.7,9395707
2022-06-06,1516.0,1536.6,1493.0,1530.05,6624883
2022-06-07,1519.85,1519.85,1502.6,1506.7,4904592
2022-06-08,1520.2,1520.2,1492.0,1500.0,4697608
2022-06-09,1485.0,1516.95,1481.5,1515.0,4361061
2022-06-10,1486.1,1493.95,1473.6,1476.8,6516436
2022-06-13,1443.6,1443.6,1411.7,1424.5,6987685
2022-06-14,1410.0,1448.9,1403.15,1440.55,6090247
2022-06-15,1440.2,1446.4,1418.85,1422.2,4651958
2022-06-16,1438.0,1443.75,1392.0,1397.2,6641772
2022-06-17,1391.05,1396.95,1367.15,1387.3,9692047
2022-06-20,1390.05,1422.35,1382.0,1414.15,4595194
2022-06-21,1424.0,1456.0,1422.75,1449.9,6270787
2022-06-22,1436.05,1459.6,1435.0,1437.25,6253366
2022-06-23,1439.8,1458.0,1433.0,1452.45,6254281
2022-06-24,1458.0,1467.5,1428.9,1441.1,6114340
2022-06-27,1468.05,1484.0,1465.15,1474.6,4511097
2022-06-28,1469.0,1488.25,1453.0,1480.15,4412178
2022-06-29,1464.7,1477.0,1457.0,1463.25,5060038
2022-06-30,1465.05,1482.0,1455.0,1461.9,9165177
2022-07-01,1454.0,1485.0,1442.35,1479.4,4651635
2022-07-04,1480.25,1492.25,1462.0,1488.0,4800224
2022-07-05,1498.8,1509.95,1472.0,1475.95,7379669
2022-07-06,1482.2,1500.0,1470.0,1491.65,5209162
2022-07-07,1503.05,1513.95,1495.7,1498.7,3323472
2022-07-08,1515.0,1516.95,1499.95,1514.45,3652582
2022-07-11,1495.0,1499.9,1466.4,1473.15,4702815
2022-07-13,1450.0,1460.0,1438.6,1444.45,5264025
2022-07-14,1451.0,1452.95,1414.0,1428.85,6157606
2022-07-15,1446.0,1446.0,1410.65,1430.35,5620018
2022-07-18,1450.0,1493.6,1448.05,1489.9,5835171
2022-07-19,1471.55,1486.85,1470.1,1484.15,3418540
2022-07-20,1501.25,1525.8,1500.0,1515.3,5079392
2022-07-21,1517.0,1535.45,1503.1,1532.9,5008061
2022-07-22,1534.0,1540.0,1492.15,1506.3,7020642
2022-07-25,1480.1,1517.15,1480.1,1503.6,7859626
2022-07-26,1496.65,1496.65,1445.0,1451.15,7268273
2022-07-27,1451.0,1473.0,1445.0,1471.05,4517285
2022-07-28,1496.4,1524.45,1489.85,1517.4,6636841
2022-07-29,1532.8,1555.7,1528.0,1549.7,7009465
2022-08-01,1564.0,1564.0,1537.9,1551.05,2983249
2022-08-02,1546.55,1547.0,1528.35,1543.6,4374635
2022-08-03,1549.0,1570.0,1539.9,1566.1,6011955
2022-08-04,1587.5,1603.85,1574.95,1599.9,7402209
2022-08-05,1608.4,1625.7,1602.3,1616.65,5361971
2022-08-10,1621.2,1621.2,1588.1,1602.45,4423829
2022-08-11,1630.0,1631.35,1616.0,1619.95,3462090
2022-08-12,1613.3,1614.0,1590.15,1594.1,3562286
2022-08-16,1609.0,1609.0,1591.1,1596.45,3004430
2022-08-17,1596.45,1612.0,1585.0,1606.25,4067324
2022-08-18,1594.1,1598.2,1574.0,1582.95,4635706
2022-08-19,1585.3,1604.9,1585.1,1597.1,4739884
2022-08-22,1586.0,1599.0,1574.0,1575.65,3950555
2022-08-23,1548.0,1554.5,1533.0,1542.4,5551574
2022-08-24,1535.0,1546.0,1531.0,1537.5,2888426
2022-08-25,1548.0,1548.7,1513.75,1518.15,4331088
2022-08-26,1535.15,1544.95,1517.45,1521.55,3079136
2022-08-29,1468.55,1468.55,1450.0,1461.75,8079050
2022-08-30,1473.1,1496.1,1466.0,1492.95,6725875
2022-09-01,1460.05,1468.1,1451.05,1464.2,8140604
2022-09-02,1478.0,1478.0,1448.0,1453.0,5175653
2022-09-05,1451.0,1467.0,1446.35,1461.3,3669352
2022-09-06,1461.3,1470.0,1445.45,1455.1,3428442
2022-09-07,1440.0,1465.75,1438.05,1457.65,3600574
2022-09-08,1475.0,1481.1,1463.6,1475.9,4061475
2022-09-09,1488.0,1520.0,1480.0,1511.65,4816910
2022-09-13,1551.9,1553.0,1541.3,1544.95,4947158
2022-09-14,1497.0,1498.95,1472.0,1475.4,14332197
2022-09-15,1475.0,1475.2,1429.05,1432.8,12784100
2022-09-16,1425.0,1425.0,1368.35,1377.05,20464045
2022-09-19,1392.0,1406.0,1380.6,1390.3,6595241
2022-09-20,1407.95,1413.55,1385.1,1388.55,7219797
2022-09-21,1379.9,1388.8,1368.4,1377.25,7917054
2022-09-22,1366.35,1383.95,1360.0,1367.95,9168498
2022-09-23,1367.5,1394.8,1362.0,1365.45,10426200
2022-09-26,1360.0,1399.45,1355.0,1380.25,9414587
2022-09-27,1393.45,1406.5,1378.0,1393.55,8561254
2022-09-28,1379.0,1405.85,1377.0,1394.7,7022098
2022-09-29,1404.9,1409.85,1393.0,1398.65,6119965
2022-09-30,1388.95,1419.3,1376.0,1413.45,8120130
2022-10-03,1412.0,1412.0,1386.0,1393.75,4943169
2022-10-04,1419.7,1432.25,1414.0,1429.4,6631341
2022-10-06,1445.0,1459.8,1444.1,1455.15,6180672
2022-10-07,1446.35,1457.85,1440.15,1451.2,3994466
2022-10-10,1426.35,1465.0,1426.35,1462.65,5274677
2022-10-11,1462.65,1479.65,1420.1,1423.8,12824774
2022-10-12,1437.0,1441.1,1413.55,1428.7,5481467
2022-10-13,1431.0,1437.95,1415.0,1419.9,4821514
2022-10-14,1485.0,1494.0,1467.25,1474.25,14990688
2022-10-17,1476.9,1495.0,1475.5,1489.95,4286396
2022-10-18,1510.0,1510.95,1497.25,1503.7,4692004
2022-10-19,1504.0,1504.95,1481.3,1485.45,3553171
2022-10-20,1475.0,1504.0,1474.2,1500.9,4583939
2022-10-21,1500.3,1506.0,1491.35,1500.5,3594485
2022-10-25,1528.1,1532.9,1521.05,1526.3,3914341
2022-10-27,1530.8,1534.9,1512.5,1523.95,6760137
2022-10-28,1526.0,1527.95,1507.0,1513.25,3053981
2022-10-31,1530.25,1546.4,1530.25,1537.65,4542336
2022-11-01,1553.05,1575.0,1547.1,1573.0,4542692
2022-11-02,1572.0,1572.75,1545.0,1553.3,2938906
2022-11-03,1538.75,1543.9,1521.65,1530.75,3174027
2022-11-04,1520.45,1520.45,1501.15,1514.0,4509682
2022-11-07,1521.4,1527.9,1491.1,1507.45,4898592
2022-11-09,1529.0,1529.0,1501.1,1511.2,3334755
2022-11-10,1485.0,1512.0,1485.0,1501.95,3435763
2022-11-11,1546.65,1573.5,1546.65,1570.1,7214098
2022-11-14,1575.15,1591.4,1568.45,1585.3,4908813
2022-11-16,1597.15,1609.0,1593.5,1602.8,4497697
2022-11-17,1597.2,1602.8,1582.95,1587.4,3469515
2022-11-18,1591.7,1598.0,1575.5,1593.4,3126064
2022-11-21,1582.1,1587.85,1564.05,1568.2,3071764
2022-11-22,1569.0,1588.0,1562.0,1585.05,3399329
2022-11-23,1588.9,1592.0,1579.3,1583.15,3245067
2022-11-24,1589.0,1636.0,1584.75,1629.8,5282215
2022-11-25,1631.4,1644.0,1613.8,1635.65,4563255
2022-11-28,1628.0,1653.5,1620.0,1623.4,3825766
2022-11-29,1621.2,1638.75,1615.05,1629.05,3131710
2022-11-30,1619.95,1645.75,1613.15,1634.95,11868134
2022-12-01,1656.2,1672.6,1652.3,1657.1,5407928
2022-12-02,1656.0,1661.8,1633.95,1637.9,4283343
2022-12-05,1638.0,1644.85,1623.3,1639.75,3824966
2022-12-06,1625.0,1626.0,1607.55,1612.9,4822398
2022-12-07,1608.0,1623.8,1596.7,1605.5,4898087
2022-12-08,1605.5,1623.9,1598.5,1620.15,4206837
2022-12-09,1628.0,1628.0,1561.1,1569.3,8880658
2022-12-12,1550.0,1565.95,1530.05,1547.2,8037679
2022-12-13,1547.2,1577.5,1541.15,1572.15,6135067
2022-12-14,1582.0,1588.5,1573.0,1579.4,4976020
2022-12-15,1569.3,1570.0,1535.25,1540.5,6443866
2022-12-16,1525.0,1549.5,1512.05,1522.2,9630453
2022-12-19,1507.95,1516.9,1495.05,1507.35,6222740
2022-12-20,1501.0,1516.0,1482.45,1507.3,7396259
2022-12-21,1515.0,1521.0,1502.35,1509.55,6236361
2022-12-22,1521.5,1529.95,1511.75,1522.05,6302640
2022-12-23,1508.7,1509.9,1493.0,1497.1,6283822
2022-12-26,1500.5,1509.9,1496.35,1502.4,4115459
2022-12-27,1509.95,1521.45,1497.5,1514.85,4860076
2022-12-28,1505.1,1524.95,1498.5,1510.15,5029860
2022-12-29,1504.0,1521.3,1501.0,1517.55,4624745
2022-12-30,1528.0,1530.4,1504.05,1508.2,5060544
2023-01-03,1519.85,1532.65,1515.1,1522.55,4551130
2023-01-04,1521.0,1521.0,1491.1,1494.8,7059590
2023-01-05,1505.9,1505.9,1469.25,1475.2,9868404
2023-01-06,1470.0,1475.0,1446.5,1448.5,6443714
2023-01-09,1448.2,1489.35,1448.2,1484.45,11498717
2023-01-10,1482.0,1483.9,1454.05,1469.75,7158624
2023-01-11,1470.0,1494.0,1464.0,1471.25,6173092
2023-01-13,1483.5,1519.4,1468.0,1503.65,11610426
2023-01-16,1510.0,1528.0,1502.3,1525.5,6073063
2023-01-17,1527.0,1542.2,1524.0,1539.5,5922644
2023-01-18,1544.75,1551.85,1539.6,1545.4,5843098
2023-01-19,1539.9,1549.55,1526.15,1538.9,6165284
2023-01-20,1538.0,1545.0,1524.0,1525.55,6496429
2023-01-23,1535.0,1553.3,1528.1,1548.0,4855020
2023-01-24,1560.0,1568.8,1549.75,1551.9,5200802
2023-01-25,1547.0,1556.0,1538.75,1543.0,4158617
2023-01-27,1546.0,1550.95,1507.4,1519.15,6209955
2023-01-30,1528.8,1544.0,1520.0,1538.8,6964719
2023-01-31,1548.9,1548.9,1513.0,1533.75,9448126
2023-02-01,1542.2,1555.05,1528.05,1551.1,6194199
2023-02-02,1552.0,1586.95,1552.0,1583.75,6916834
2023-02-03,1597.5,1604.65,1573.0,1599.4,7040194
2023-02-07,1569.0,1576.05,1555.1,1562.4,4336238
2023-02-08,1565.5,1603.0,1565.5,1590.5,7983338
2023-02-09,1596.2,1619.75,1586.05,1617.0,6904911
2023-02-10,1612.95,1616.3,1596.45,1608.55,4786762
2023-02-13,1597.0,1597.0,1566.0,1567.45,4001199
2023-02-14,1584.7,1596.0,1578.15,1593.25,5043736
2023-02-15,1584.0,1599.0,1576.0,1597.05,3465747
2023-02-16,1600.0,1614.45,1597.85,1601.8,4290289
2023-02-17,1594.0,1595.0,1575.5,1583.8,2857734
2023-02-20,1584.95,1603.0,1582.5,1592.45,2417716
2023-02-21,1598.7,1601.65,1576.0,1579.5,2723288
2023-02-22,1563.0,1575.0,1555.3,1561.8,3656244
2023-02-23,1569.85,1569.85,1548.15,1550.7,4766854
2023-02-24,1560.0,1569.0,1545.0,1550.65,2790986
2023-02-27,1540.0,1540.0,1502.0,1509.3,4920268
2023-02-28,1515.6,1524.0,1481.3,1487.55,9679811
2023-03-01,1492.4,1500.85,1481.5,1496.05,5125043
2023-03-02,1485.0,1488.6,1467.3,1472.15,4644499
2023-03-03,1486.75,1489.8,1473.0,1479.3,4615015
2023-03-06,1494.55,1520.4,1493.15,1507.45,6561742
2023-03-08,1490.55,1496.0,1481.1,1492.7,4137080
2023-03-09,1495.0,1498.35,1474.6,1480.4,5104656
2023-03-10,1460.0,1474.3,1457.65,1471.55,3699580
2023-03-13,1464.2,1478.3,1428.0,1435.1,8798403
2023-03-14,1441.0,1448.35,1411.0,1420.0,7402784
2023-03-15,1438.0,1442.85,1416.85,1419.65,7556182
2023-03-16,1417.8,1417.8,1398.7,1404.1,7323117
2023-03-17,1430.0,1442.9,1411.4,1420.7,9090018
2023-03-20,1419.7,1419.7,1384.85,1403.65,8221829
2023-03-21,1399.0,1405.0,1390.0,1390.7,8536755
2023-03-22,1403.0,1407.25,1382.15,1389.25,8356487
2023-03-23,1383.95,1383.95,1370.0,1374.55,7607718
2023-03-24,1388.0,1398.95,1377.5,1380.65,7559127
2023-03-27,1386.25,1395.75,1374.1,1388.95,4170193
2023-03-28,1392.1,1398.0,1375.85,1377.6,6633366
2023-03-29,1379.0,1389.9,1364.55,1383.55,8813966
2023-03-31,1404.0,1429.95,1393.9,1427.95,8711975
2023-04-03,1435.0,1435.0,1405.15,1410.85,5242764
2023-04-05,1400.0,1427.5,1400.0,1423.55,7506334
2023-04-06,1416.0,1428.4,1410.35,1421.9,6948465
2023-04-10,1423.95,1434.0,1415.0,1427.6,4993788
2023-04-11,1428.9,1433.35,1389.0,1406.15,6942255
2023-04-12,1413.05,1431.5,1400.0,1428.3,5831169
2023-04-13,1409.75,1411.05,1383.0,1389.2,11267238
2023-04-17,1250.3,1261.15,1185.3,1258.3,53171705
2023-04-18,1269.95,1269.95,1253.1,1259.35,12430884
2023-04-19,1254.35,1254.35,1229.4,1232.2,11307230
2023-04-20,1230.7,1237.85,1221.4,1223.4,8621249
2023-04-21,1228.1,1233.25,1220.0,1227.35,8691352
2023-04-24,1228.0,1230.0,1218.0,1226.3,8313774
2023-04-25,1225.95,1235.5,1215.0,1224.9,6808576
2023-04-26,1228.0,1233.0,1220.55,1227.55,5680192
2023-04-27,1230.0,1247.8,1225.4,1246.25,8020704
2023-04-28,1255.7,1259.0,1244.95,1252.75,10118277
2023-05-02,1254.55,1279.75,1254.55,1277.45,8886401
2023-05-03,1266.0,1272.5,1262.1,1269.15,5549783
2023-05-04,1268.95,1275.8,1262.5,1273.55,4505401
2023-05-05,1279.0,1279.0,1254.25,1259.1,5373791
2023-05-08,1262.45,1270.3,1255.2,1265.6,5260842
2023-05-09,1266.0,1272.0,1260.7,1270.7,4969897
2023-05-10,1276.4,1276.4,1259.15,1263.25,6515734
2023-05-12,1253.35,1256.0,1239.05,1245.2,8292212
2023-05-15,1249.9,1268.9,1245.65,1258.35,5534710
2023-05-16,1265.0,1273.95,1262.75,1264.3,5236469
2023-05-17,1260.6,1260.95,1242.45,1246.9,10465667
2023-05-18,1258.6,1259.65,1242.45,1246.0,6948732
2023-05-19,1256.05,1273.3,1252.8,1268.9,11094136
2023-05-22,1272.95,1295.6,1270.25,1292.8,7625947
2023-05-23,1299.2,1314.15,1297.05,1300.05,7436031
2023-05-24,1296.3,1305.0,1291.3,1298.65,4824077
2023-05-25,1294.5,1307.0,1289.25,1304.35,4334121
2023-05-26,1306.0,1323.45,1306.0,1317.45,5521606
2023-05-29,1332.7,1332.7,1309.85,1314.4,4419365
2023-05-30,1315.0,1326.4,1309.15,1323.85,6274719
2023-05-31,1319.85,1331.1,1314.15,1318.3,17800782
2023-06-01,1322.55,1329.5,1318.1,1319.5,4277841
2023-06-02,1309.0,1312.9,1296.05,1299.0,10909311
2023-06-05,1304.0,1309.45,1297.3,1304.5,5002553
2023-06-06,1288.6,1288.6,1273.0,1279.0,10008100
2023-06-07,1290.5,1294.0,1282.5,1288.95,5397578
2023-06-08,1286.2,1292.0,1281.1,1282.8,5034942
2023-06-09,1282.5,1282.5,1264.0,1265.95,5339073
2023-06-12,1273.5,1295.7,1273.0,1291.95,4785588
2023-06-13,1299.9,1306.5,1297.05,1304.85,4846587
2023-06-14,1306.35,1306.7,1293.2,1300.4,3457981
2023-06-15,1293.95,1293.95,1282.65,1286.8,6161155
2023-06-16,1287.0,1301.5,1281.05,1291.65,8536287
2023-06-19,1294.0,1299.5,1287.05,1294.0,4451787
2023-06-20,1294.0,1305.0,1291.1,1303.4,4009180
2023-06-21,1299.95,1303.8,1295.0,1299.35,4041529
2023-06-22,1289.4,1289.4,1273.5,1281.55,6676607
2023-06-23,1276.45,1279.35,1263.35,1265.0,7239467
2023-06-26,1270.25,1274.0,1262.25,1270.35,3403244
2023-06-27,1280.0,1282.0,1274.2,1279.15,3240024
2023-06-28,1290.0,1296.7,1281.4,1293.35,5662358
2023-06-30,1308.2,1338.9,1304.45,1335.5,12821692
2023-07-03,1330.0,1346.0,1328.45,1333.7,7732412
2023-07-04,1344.3,1346.0,1331.4,1345.15,5797775
2023-07-05,1357.85,1357.95,1341.0,1347.3,5414936
2023-07-06,1342.55,1347.45,1337.15,1343.9,5963897
2023-07-07,1334.0,1345.8,1325.35,1330.2,6295647
2023-07-10,1336.55,1341.9,1319.3,1329.15,3940315
2023-07-11,1333.45,1350.9,1327.0,1348.6,6126128
2023-07-12,1351.0,1351.9,1327.0,1333.3,8102770
2023-07-13,1334.9,1376.8,1330.85,1365.1,9977644
2023-07-14,1380.65,1430.0,1380.65,1425.95,12833381
2023-07-17,1425.95,1458.95,1414.3,1422.95,11569884
2023-07-18,1434.0,1477.95,1429.0,1475.2,16743977
2023-07-19,1486.0,1498.8,1460.7,1474.95,13687062
2023-07-20,1471.0,1471.0,1440.7,1449.5,8347221
2023-07-21,1320.2,1350.0,1305.0,1331.6,45548305
2023-07-24,1341.0,1349.9,1334.25,1336.6,8859789
2023-07-25,1337.0,1342.85,1324.25,1334.6,6801982
2023-07-26,1343.0,1350.0,1339.4,1348.85,5528885
2023-07-27,1358.6,1363.8,1347.05,1353.15,9191861
2023-07-28,1353.85,1363.85,1336.0,1340.5,6122735
2023-07-31,1348.75,1357.5,1333.25,1355.7,7902180
2023-08-01,1362.0,1369.0,1357.0,1365.2,6064652
2023-08-02,1369.3,1371.95,1348.45,1356.85,7419145
2023-08-03,1350.0,1366.55,1349.0,1364.3,6503741
2023-08-04,1368.9,1385.9,1362.0,1378.35,5712345
2023-08-07,1387.9,1395.0,1377.0,1393.0,3729093
2023-08-08,1392.85,1393.55,1384.4,1390.2,4161877
2023-08-09,1384.0,1396.0,1382.5,1394.4,4090828
2023-08-10,1391.6,1395.8,1385.6,1389.1,3873025
2023-08-11,1392.0,1396.85,1367.05,1371.85,5783517
2023-08-14,1371.85,1395.0,1365.6,1393.55,4304135
2023-08-16,1410.8,1419.95,1405.4,1418.5,7735313
2023-08-17,1420.0,1420.0,1406.0,1411.55,5618346
2023-08-18,1403.7,1408.7,1386.15,1388.8,5134103
2023-08-21,1389.75,1407.0,1387.15,1405.4,3032722
2023-08-22,1404.7,1406.05,1396.65,1403.75,2890714
2023-08-23,1416.0,1416.6,1405.65,1407.95,2559125
2023-08-24,1421.5,1425.05,1414.45,1423.6,5171963
2023-08-25,1413.0,1422.5,1411.4,1420.1,4307172
2023-08-28,1420.1,1424.8,1411.4,1415.65,3133464
2023-08-29,1424.0,1424.4,1415.3,1417.65,3074444
2023-08-30,1427.0,1436.65,1424.0,1435.15,3070887
2023-08-31,1435.15,1444.9,1428.65,1435.45,9792735
2023-09-01,1430.95,1446.0,1428.2,1443.85,3582133
2023-09-04,1443.0,1470.0,1434.7,1465.1,4609014
2023-09-06,1481.9,1482.9,1463.3,1477.45,5075786
2023-09-07,1470.6,1473.4,1462.05,1466.2,4411743
2023-09-08,1463.5,1474.75,1460.2,1469.6,3125838
2023-09-11,1469.6,1478.05,1464.5,1476.45,4182226
2023-09-12,1482.5,1504.0,1477.1,1501.1,6793161
2023-09-13,1505.0,1505.0,1488.65,1498.35,4804686
2023-09-14,1505.0,1512.55,1499.15,1506.95,6444213
2023-09-15,1518.0,1518.4,1509.0,1511.6,8657816
2023-09-18,1504.9,1504.9,1488.0,1491.8,3991916
2023-09-20,1476.2,1495.1,1476.2,1490.25,4169337
2023-09-21,1486.55,1504.55,1476.0,1501.75,6779195
2023-09-22,1491.9,1506.95,1485.2,1496.15,5455613
2023-09-25,1489.85,1489.85,1471.55,1474.15,4217863
2023-09-26,1479.15,1479.9,1459.0,1460.65,3996528
2023-09-27,1456.0,1469.6,1450.05,1467.0,3863586
2023-09-28,1467.9,1472.6,1435.0,1439.45,5814602
2023-09-29,1432.1,1446.8,1416.0,1435.45,6068968
2023-10-03,1436.05,1437.0,1420.3,1434.0,4181867
2023-10-04,1425.0,1449.95,1418.2,1444.35,4510406
2023-10-05,1452.0,1475.65,1450.2,1463.45,7384621
2023-10-06,1469.5,1484.5,1463.3,1478.7,3598672
2023-10-09,1464.9,1491.0,1462.2,1475.45,3567552
2023-10-10,1483.9,1497.0,1469.1,1495.15,5688951
2023-10-11,1497.0,1518.25,1481.45,1494.4,7220129
2023-10-12,1491.9,1504.4,1452.0,1465.5,11081662
2023-10-13,1405.0,1438.0,1400.0,1431.15,17973439
2023-10-16,1432.1,1443.6,1430.0,1434.15,4850745
2023-10-17,1440.25,1453.35,1438.05,1442.45,3923764
2023-10-18,1442.0,1454.0,1438.35,1440.55,4264837
2023-10-19,1426.1,1439.65,1426.1,1433.65,6795691
2023-10-20,1430.0,1438.5,1425.25,1427.25,3928622
2023-10-23,1425.6,1432.35,1405.25,1408.65,2636516
2023-10-25,1399.0,1402.55,1361.3,1370.05,6940777
2023-10-26,1355.05,1374.0,1353.1,1359.45,6357656
2023-10-30,1380.35,1380.35,1363.1,1377.05,2667696
2023-10-31,1379.95,1381.15,1363.0,1368.4,3451595
2023-11-01,1373.05,1377.45,1351.65,1354.15,3090672
2023-11-02,1370.0,1376.3,1361.65,1370.15,3758060
2023-11-03,1380.05,1392.0,1377.75,1389.05,3349045
2023-11-06,1393.9,1407.25,1390.8,1403.3,2736381
2023-11-08,1405.0,1405.0,1386.45,1391.0,3550635
2023-11-09,1395.9,1397.5,1370.05,1374.8,5498051
2023-11-10,1369.95,1373.15,1361.0,1368.85,2943649
2023-11-13,1379.85,1382.45,1370.85,1373.55,3462092
2023-11-15,1399.0,1414.0,1393.0,1410.5,8551860
2023-11-16,1416.1,1453.4,1410.6,1444.9,6673907
2023-11-17,1441.05,1451.0,1435.05,1437.55,4901251
2023-11-20,1442.0,1452.0,1433.65,1436.6,3584210
2023-11-21,1442.0,1450.0,1436.75,1439.0,3793135
2023-11-22,1436.2,1458.95,1436.2,1457.8,3108786
2023-11-23,1467.9,1467.9,1447.7,1449.25,3186928
2023-11-24,1445.55,1452.65,1433.85,1437.4,2973195
2023-11-28,1444.0,1445.0,1427.05,1442.7,3755373
2023-11-29,1451.1,1460.7,1449.8,1459.6,3875778
2023-11-30,1453.25,1460.65,1449.55,1455.15,10120867
2023-12-01,1459.9,1459.9,1446.15,1452.3,3489187
2023-12-04,1460.45,1471.9,1449.3,1464.35,5511948
2023-12-05,1465.8,1466.9,1442.0,1453.95,5123039
2023-12-06,1456.75,1477.0,1451.05,1474.3,5269178
2023-12-07,1472.85,1472.85,1461.8,1465.9,4424453
2023-12-08,1470.4,1494.7,1466.25,1491.15,6323433
2023-12-11,1490.0,1498.0,1482.0,1488.5,3862018
2023-12-12,1477.5,1490.0,1467.65,1476.05,6103494
2023-12-13,1476.0,1476.05,1433.15,1449.0,8549258
2023-12-14,1463.4,1511.0,1461.35,1501.45,12489858
2023-12-15,1523.05,1588.55,1521.0,1578.4,18395389
2023-12-18,1567.95,1593.0,1560.3,1564.35,6467243
2023-12-19,1570.1,1573.95,1543.25,1558.3,4221721
2023-12-20,1565.05,1583.5,1530.0,1536.4,6592367
2023-12-21,1521.25,1546.65,1521.25,1536.0,5319038
2023-12-22,1534.95,1566.0,1523.0,1562.9,6741060
2023-12-26,1535.0,1548.0,1523.0,1543.95,6878067
2023-12-27,1544.0,1570.0,1544.0,1567.1,4225849
2023-12-28,1568.95,1568.95,1555.0,1562.65,5702253
2023-12-29,1541.05,1559.45,1540.0,1542.9,4388990
2024-01-01,1539.0,1557.0,1535.25,1551.35,2808451
2024-01-02,1546.0,1549.15,1523.0,1534.4,5396313
2024-01-03,1519.95,1519.95,1488.0,1490.0,7550363
2024-01-04,1504.95,1519.75,1492.9,1512.7,7056038
2024-01-05,1506.75,1539.7,1506.25,1532.55,8895403
2024-01-08,1528.95,1536.0,1513.25,1522.8,4440136
2024-01-09,1541.9,1553.0,1525.85,1529.3,4412074
2024-01-10,1524.95,1535.45,1505.0,1519.9,4096845
2024-01-11,1524.9,1525.0,1486.6,1494.2,11296088
2024-01-12,1562.0,1618.0,1555.4,1612.75,26754401
2024-01-15,1644.95,1664.95,1636.0,1652.1,13228305
2024-01-16,1644.8,1648.5,1625.0,1631.55,6500917
2024-01-17,1620.25,1647.5,1620.25,1640.2,9209876
2024-01-18,1642.65,1649.0,1628.25,1642.6,6375464
2024-01-19,1651.6,1665.5,1644.15,1659.2,4522736
2024-01-20,1665.55,1669.25,1645.0,1648.85,1158144
2024-01-23,1650.1,1674.7,1637.7,1642.15,9401255
2024-01-24,1659.9,1680.0,1645.0,1675.4,8999681
2024-01-25,1672.95,1680.55,1658.0,1669.1,8865304
2024-01-29,1665.15,1679.35,1647.6,1656.6,4253785
2024-01-30,1662.45,1690.0,1648.25,1651.45,4995943
2024-01-31,1648.25,1667.25,1638.1,1660.9,6763779
2024-02-01,1659.55,1677.0,1650.35,1657.05,5760011
2024-02-02,1666.05,1718.5,1665.0,1693.35,7858483
2024-02-05,1694.75,1700.75,1681.85,1687.2,3634135
2024-02-06,1686.75,1733.0,1673.95,1729.45,7694265
2024-02-07,1729.0,1729.0,1686.85,1693.75,4613877
2024-02-08,1698.0,1706.35,1682.8,1692.1,5919715
2024-02-09,1684.7,1692.9,1659.8,1669.35,4600004
2024-02-12,1670.35,1692.95,1670.35,1680.1,3555808
2024-02-13,1683.0,1689.1,1663.5,1684.55,2696481
2024-02-14,1660.2,1669.45,1635.5,1666.2,3768579
2024-02-15,1677.0,1687.75,1661.6,1676.35,4834391
2024-02-16,1689.0,1709.0,1687.95,1701.65,4880654
2024-02-19,1705.0,1711.5,1687.7,1699.75,3690993
2024-02-20,1685.0,1694.25,1668.75,1685.25,3706389
2024-02-21,1674.0,1674.0,1645.3,1655.55,4300508
2024-02-22,1665.0,1684.6,1644.4,1681.35,5841277
2024-02-23,1697.0,1698.45,1671.9,1676.85,5373072
2024-02-26,1674.95,1674.95,1645.0,1660.15,2782438
2024-02-27,1661.0,1671.1,1652.8,1663.6,5159088
2024-02-28,1670.0,1687.8,1662.05,1671.25,3188916
2024-02-29,1665.0,1682.25,1653.3,1673.9,7814722
2024-03-01,1669.0,1671.95,1651.0,1654.7,6387291
2024-03-04,1657.85,1664.45,1633.65,1637.2,4445156
2024-03-05,1634.0,1637.35,1602.0,1606.5,4596579
2024-03-06,1602.8,1620.15,1576.0,1617.55,6420684
2024-03-07,1616.6,1628.45,1604.2,1616.45,6348359
2024-03-11,1608.15,1613.8,1588.0,1600.6,6752895
2024-03-12,1600.0,1625.0,1597.65,1612.95,4614222
2024-03-13,1612.9,1624.5,1598.55,1611.4,5688997
2024-03-14,1614.4,1657.75,1608.0,1653.3,8803799
2024-03-15,1641.1,1645.8,1618.35,1634.0,11809997
2024-03-18,1630.0,1632.65,1598.85,1602.65,4958904
2024-03-19,1592.35,1599.0,1558.0,1561.45,6870411
2024-03-20,1563.0,1574.95,1552.35,1554.95,4759059
2024-03-21,1564.0,1576.95,1543.4,1554.7,11062497
2024-03-22,1521.0,1528.9,1498.2,1508.85,14673890
2024-03-27,1496.0,1499.0,1481.55,1483.85,6857402
2024-03-28,1487.15,1511.8,1487.15,1498.05,12499530
2024-04-01,1525.0,1529.95,1492.8,1495.45,6580002
2024-04-02,1484.85,1493.15,1480.85,1482.85,7279400
2024-04-03,1479.0,1495.1,1475.0,1480.65,8736248
2024-04-04,1490.55,1495.65,1468.0,1486.7,11186915
2024-04-05,1480.05,1486.7,1476.05,1479.1,5072482
2024-04-08,1483.0,1490.95,1474.1,1476.7,6610887
2024-04-09,1490.0,1513.8,1487.3,1494.85,9423230
2024-04-10,1500.35,1509.85,1484.55,1506.8,6744595
2024-04-12,1504.0,1506.8,1479.5,1484.75,12275616
2024-04-15,1480.0,1491.95,1461.05,1468.15,8531224
2024-04-16,1451.0,1455.15,1413.05,1414.45,16173541
2024-04-18,1421.1,1444.7,1407.5,1419.25,22107945
2024-04-19,1385.0,1426.85,1378.75,1411.25,20603621
2024-04-22,1419.9,1436.85,1413.05,1432.75,5859087
2024-04-23,1443.0,1446.85,1433.0,1442.4,4856174
2024-04-24,1444.3,1444.3,1427.05,1430.75,4268213
2024-04-25,1420.0,1444.9,1420.0,1438.45,9089398
2024-04-26,1439.7,1445.4,1427.0,1430.25,8062444
2024-04-29,1429.95,1439.8,1428.25,1434.75,5055957
2024-04-30,1434.7,1436.55,1417.55,1420.55,6936588
2024-05-02,1413.0,1424.0,1411.85,1414.45,10076354
2024-05-03,1422.1,1424.8,1403.2,1416.3,8842345
2024-05-06,1420.0,1445.7,1417.1,1425.9,6445422
2024-05-07,1424.95,1443.35,1415.6,1440.95,6080661
2024-05-08,1435.25,1439.75,1425.6,1427.3,6234983
2024-05-09,1427.55,1449.95,1424.85,1439.55,6088406
2024-05-10,1435.05,1435.95,1413.0,1424.9,8777481
2024-05-13,1425.0,1425.0,1411.2,1423.45,3735954
2024-05-14,1426.4,1433.75,1418.05,1424.7,3463230
2024-05-15,1426.0,1431.8,1418.55,1419.95,4327544
2024-05-16,1433.95,1455.75,1427.0,1453.35,9249145
2024-05-17,1457.0,1457.0,1439.25,1444.3,7542860
2024-05-18,1445.0,1450.0,1442.0,1443.65,318277
2024-05-21,1430.0,1444.7,1428.4,1434.15,6752663
2024-05-22,1428.75,1459.95,1428.0,1454.8,7173285
2024-05-23,1454.7,1478.15,1450.0,1472.4,8641428
2024-05-24,1468.25,1475.5,1460.0,1465.1,5277938
2024-05-27,1471.85,1479.6,1460.25,1471.35,5821844
2024-05-28,1475.5,1476.0,1460.3,1467.05,6186922
2024-05-29,1465.4,1465.5,1450.0,1450.95,7401634
2024-05-30,1442.8,1449.85,1421.55,1427.45,9663150
2024-05-31,1409.8,1436.75,1400.0,1406.9,37113815
2024-06-03,1440.0,1440.0,1404.0,1405.9,10589244
2024-06-04,1409.0,1415.0,1358.35,1393.65,13736134
2024-06-05,1400.15,1438.0,1400.15,1430.1,9233424
2024-06-06,1444.95,1474.3,1437.5,1472.25,12660930
2024-06-07,1481.0,1539.7,1477.25,1533.6,24075302
2024-06-10,1525.3,1529.8,1497.3,1499.75,6810606
2024-06-11,1500.05,1506.45,1493.95,1495.75,4853054
2024-06-12,1507.0,1508.75,1482.75,1485.2,9564320
2024-06-13,1495.0,1505.0,1489.35,1493.95,7307565
2024-06-14,1503.7,1503.7,1486.05,1488.9,4237727
2024-06-18,1497.0,1507.0,1495.4,1498.2,5420939
2024-06-19,1505.0,1515.65,1496.7,1511.35,5493456
2024-06-20,1516.3,1517.5,1499.1,1515.4,7927010
2024-06-21,1545.0,1557.75,1523.7,1532.7,17301941
2024-06-24,1524.55,1529.1,1515.4,1527.15,5564989
2024-06-25,1526.0,1543.9,1520.35,1541.95,4551525
2024-06-26,1541.0,1548.85,1535.0,1540.7,4851004
2024-06-27,1538.45,1578.4,1532.05,1573.35,14757754
2024-06-28,1572.55,1588.5,1564.25,1566.75,8197544
2024-07-01,1559.5,1599.9,1559.5,1590.8,6801771
2024-07-02,1596.2,1633.8,1586.5,1621.05,10493173
2024-07-03,1625.0,1636.0,1606.0,1627.4,7269965
2024-07-04,1628.2,1660.0,1628.0,1650.65,8008311
2024-07-05,1651.45,1665.85,1633.35,1647.45,7065022
2024-07-08,1643.1,1666.0,1640.0,1661.65,5880533
2024-07-09,1659.9,1666.75,1651.0,1657.15,5191182
2024-07-10,1657.0,1674.0,1637.55,1648.25,9852770
2024-07-11,1656.0,1665.0,1642.05,1652.7,8857679
2024-07-12,1680.0,1719.75,1666.65,1711.75,17078316
2024-07-15,1726.2,1728.0,1702.65,1707.05,6942230
2024-07-16,1718.6,1737.9,1700.0,1726.05,6886281
2024-07-18,1719.0,1765.4,1719.0,1758.05,11248896
2024-07-19,1844.0,1844.0,1786.45,1792.95,29819116
2024-07-22,1800.15,1823.0,1792.95,1810.85,8462126
2024-07-23,1810.0,1839.95,1783.25,1836.9,7113056
2024-07-24,1837.5,1842.35,1819.6,1833.95,6002845
2024-07-25,1820.0,1830.9,1812.0,1824.85,5815599
2024-07-26,1825.35,1883.0,1825.35,1878.9,11369047
2024-07-29,1893.6,1903.0,1864.0,1871.1,4635931
2024-07-30,1871.1,1879.95,1860.0,1877.15,2721265
2024-07-31,1877.0,1885.15,1865.05,1868.25,5004209
2024-08-01,1856.1,1867.9,1845.1,1852.6,7475014
2024-08-02,1843.0,1859.5,1816.15,1821.2,7400938
2024-08-05,1784.95,1797.5,1718.55,1751.9,10736703
2024-08-06,1760.2,1796.95,1744.85,1751.1,7690163
2024-08-07,1796.0,1797.9,1762.1,1791.65,5094329
2024-08-08,1779.95,1779.95,1727.1,1743.15,6227910
2024-08-09,1771.25,1780.75,1756.0,1770.75,4258524
2024-08-12,1773.05,1803.5,1768.1,1797.4,4315329
2024-08-13,1810.0,1810.0,1789.05,1797.45,4176918
2024-08-14,1802.0,1825.0,1797.45,1823.25,7450718
2024-08-16,1850.0,1861.85,1829.5,1858.95,7335657
2024-08-19,1860.0,1867.55,1849.2,1864.8,2585989
2024-08-20,1880.0,1885.7,1868.2,1872.2,3870333
2024-08-21,1875.1,1879.0,1867.1,1872.7,1966902
2024-08-22,1884.0,1893.65,1869.7,1880.25,4300287
2024-08-23,1878.2,1882.6,1857.0,1862.1,5015935
2024-08-26,1870.0,1888.75,1864.0,1876.15,3728589
2024-08-27,1876.15,1902.75,1873.9,1900.1,3830679
2024-08-28,1906.9,1951.0,1897.4,1939.1,6514531
2024-08-29,1933.0,1950.5,1920.9,1933.35,7228284
2024-08-30,1938.0,1950.0,1928.0,1943.7,13466759
2024-09-02,1943.35,1975.75,1942.8,1964.5,5573739
2024-09-03,1967.0,1967.0,1936.45,1941.25,4694322
2024-09-04,1921.1,1927.2,1900.05,1922.45,4778310
2024-09-05,1926.25,1940.0,1909.6,1933.15,4081810
2024-09-06,1922.0,1936.5,1896.85,1901.85,5848106
2024-09-09,1890.0,1920.85,1889.0,1894.65,4772612
2024-09-10,1904.9,1935.0,1896.0,1912.3,6909600
2024-09-11,1914.7,1926.0,1905.0,1910.15,5312946
2024-09-12,1925.0,1956.4,1910.8,1950.45,8555092
2024-09-13,1950.45,1958.6,1935.65,1944.1,3843127
2024-09-17,1947.75,1958.45,1942.15,1952.55,2793127
2024-09-18,1938.75,1938.75,1881.3,1892.15,6385468
2024-09-19,1910.6,1924.9,1878.8,1894.2,7976570
2024-09-20,1905.0,1915.0,1867.4,1905.75,15242974
2024-09-23,1909.0,1918.9,1878.45,1896.45,3636672
2024-09-24,1888.0,1910.9,1871.4,1898.6,7277616
2024-09-25,1886.35,1901.6,1876.8,1895.3,4268341
2024-09-26,1897.8,1917.95,1893.0,1900.25,8952803
2024-09-27,1932.1,1974.6,1903.3,1906.75,14908931
2024-09-30,1880.0,1901.25,1870.5,1875.6,6986955
2024-10-01,1875.0,1908.95,1875.0,1904.35,4029072
2024-10-03,1889.5,1911.85,1881.0,1893.4,7503887
2024-10-04,1889.55,1954.1,1886.0,1918.15,10001483
2024-10-07,1923.2,1942.0,1916.05,1934.3,6112575
2024-10-08,1937.9,1957.95,1906.35,1948.55,5637391
2024-10-09,1952.55,1977.0,1945.1,1952.75,4857163
2024-10-10,1957.9,1964.0,1914.1,1919.0,4782119
2024-10-11,1918.0,1947.0,1910.1,1935.1,4709431
2024-10-14,1932.15,1969.5,1931.1,1958.9,3751378
2024-10-15,1960.0,1991.45,1951.75,1959.3,5353705
2024-10-16,1955.0,1959.55,1916.35,1920.1,3111512
2024-10-17,1935.2,1978.0,1930.15,1968.1,8162822
2024-10-18,1893.8,1936.85,1869.25,1879.6,10526196
2024-10-21,1891.1,1898.8,1838.0,1852.75,4654601
2024-10-22,1858.2,1877.8,1846.95,1851.6,4125240
2024-10-23,1845.25,1886.0,1844.0,1873.4,4311910
2024-10-24,1861.4,1884.0,1860.0,1863.35,2906475
2024-10-25,1863.45,1876.35,1846.4,1862.05,4689120
2024-10-28,1859.7,1881.9,1857.0,1865.35,7018940
2024-10-29,1846.0,1851.6,1829.0,1839.3,4621252
2024-10-30,1832.0,1839.0,1796.35,1802.1,5919715
2024-10-31,1787.9,1787.9,1746.5,1757.25,7395236
2024-11-04,1724.5,1767.0,1718.0,1763.65,7336722
2024-11-05,1760.0,1768.45,1745.0,1754.2,3160880
2024-11-06,1764.0,1827.2,1762.65,1823.7,10421494
2024-11-07,1812.95,1825.7,1787.0,1803.05,4550965
2024-11-08,1818.0,1840.6,1813.15,1829.95,4210960
2024-11-11,1829.0,1868.0,1822.55,1860.1,3804234
2024-11-12,1871.1,1881.0,1861.0,1868.8,5012450
2024-11-13,1861.1,1873.2,1856.3,1868.4,4257495
2024-11-14,1865.6,1876.0,1856.0,1864.55,4311431
2024-11-19,1825.5,1859.7,1820.55,1824.75,4669769
2024-11-21,1842.0,1867.0,1820.6,1834.05,5436504
2024-11-22,1854.1,1914.05,1834.0,1902.25,6301486
2024-11-25,1916.0,1919.3,1882.0,1889.7,12764638
2024-11-26,1904.95,1938.6,1897.3,1924.15,6850495
2024-11-27,1930.1,1941.4,1911.75,1924.5,4447143
2024-11-28,1914.9,1914.9,1851.65,1856.65,8468790
2024-11-29,1851.1,1877.0,1845.0,1857.85,5244346
2024-12-02,1859.0,1882.8,1835.2,1879.8,2868263
2024-12-03,1887.0,1899.75,1871.15,1892.1,4715792
2024-12-04,1884.0,1913.95,1875.0,1889.25,4705573
2024-12-05,1900.0,1949.9,1888.95,1934.85,9050038
2024-12-06,1932.8,1937.95,1912.4,1922.4,3573331
2024-12-09,1924.2,1930.2,1897.2,1923.65,4274645
2024-12-10,1939.0,1965.6,1932.0,1948.55,6174921
2024-12-11,1955.0,1978.0,1952.0,1974.15,5025612
2024-12-12,1975.2,1998.8,1970.55,1987.0,6462130
2024-12-13,1969.75,2006.45,1953.8,1999.7,5362693
2024-12-16,1995.45,1999.6,1977.6,1980.05,3119221
2024-12-17,1968.0,1982.0,1958.0,1976.6,5811050
2024-12-18,1966.8,1984.95,1961.6,1979.15,3064095
2024-12-19,1934.0,1959.75,1920.0,1946.2,5323592
2024-12-20,1975.15,1979.95,1911.25,1922.15,11056720
2024-12-23,1930.05,1940.0,1909.0,1924.3,2781793
2024-12-24,1927.05,1942.0,1840.0,1909.05,2360544
2024-12-26,1909.05,1919.75,1902.3,1907.4,3623321
2024-12-27,1909.4,1924.15,1903.9,1916.75,3937500
2024-12-30,1915.7,1916.0,1886.5,1906.0,7789055
2024-12-31,1892.3,1897.0,1845.05,1880.0,3613063
2025-01-02,1887.0,1962.65,1885.3,1957.85,7083645
2025-01-03,1952.95,1952.95,1922.0,1938.75,6218003
2025-01-06,1952.0,1973.0,1928.0,1937.85,7164403
2025-01-07,1945.0,1958.55,1923.65,1930.85,4294832
2025-01-08,1930.0,1938.6,1888.75,1933.15,5482050
2025-01-09,1934.05,1951.85,1910.55,1917.3,6833503
2025-01-10,1937.0,1977.8,1932.25,1966.95,8036913
2025-01-13,1956.0,1982.8,1949.0,1962.2,5804152
2025-01-14,1968.85,1971.8,1931.1,1940.05,5792162
2025-01-15,1947.0,1958.05,1937.1,1949.65,2985439
2025-01-16,1965.95,1966.95,1916.85,1928.45,7533579
2025-01-17,1851.0,1858.0,1812.0,1815.45,16409953
2025-01-20,1822.95,1827.95,1793.15,1813.3,4333011
2025-01-22,1807.4,1865.8,1805.15,1856.45,8373913
2025-01-23,1858.0,1879.55,1852.7,1865.45,5907471
2025-01-24,1865.5,1894.9,1864.25,1875.45,4887027
2025-01-27,1848.75,1863.0,1812.0,1822.0,7652371
2025-01-28,1830.0,1863.5,1824.9,1829.75,6999495
2025-01-29,1845.0,1888.65,1840.5,1881.25,5145155
2025-01-30,1873.15,1887.2,1844.0,1859.95,7336056
2025-01-31,1871.0,1897.45,1871.0,1879.8,5820470
2025-02-03,1836.0,1876.55,1832.4,1863.3,4823228
2025-02-04,1889.0,1911.2,1875.0,1898.8,7334787
2025-02-05,1906.0,1919.7,1894.3,1897.05,4996744
2025-02-06,1917.0,1924.0,1900.0,1915.65,4765255
2025-02-07,1919.3,1923.7,1889.45,1903.65,4126260
2025-02-10,1905.0,1905.0,1878.6,1880.3,3828734
2025-02-11,1883.1,1903.0,1870.0,1875.65,4411601
2025-02-12,1885.0,1894.6,1847.0,1863.15,5633947
2025-02-13,1868.5,1873.5,1835.65,1843.25,5237744
2025-02-14,1854.0,1859.3,1828.35,1856.4,5292961
2025-02-17,1838.55,1852.75,1822.15,1842.3,4428956
2025-02-18,1842.3,1861.65,1837.6,1851.95,4365260
2025-02-19,1847.4,1849.2,1805.9,1810.8,4611411
2025-02-20,1805.55,1831.0,1805.55,1825.15,2218020
2025-02-21,1821.8,1829.85,1806.2,1815.0,3379879
2025-02-24,1800.05,1808.0,1750.25,1764.1,7594720
2025-02-25,1745.15,1778.45,1745.15,1767.7,5092963
2025-02-27,1755.2,1775.85,1751.1,1764.3,5757079
2025-02-28,1755.05,1755.1,1682.45,1687.7,12182167
2025-03-03,1692.3,1728.6,1692.3,1708.6,7504969
2025-03-04,1695.0,1699.0,1670.0,1688.3,6759673
2025-03-05,1692.45,1732.95,1692.45,1711.5,8180782
2025-03-06,1715.0,1722.3,1691.1,1715.85,10610547
2025-03-07,1703.1,1705.0,1675.5,1686.0,8019331
2025-03-11,1680.0,1680.0,1637.05,1661.6,12671234
2025-03-12,1636.9,1636.9,1563.8,1590.85,14870008
2025-03-13,1599.25,1606.05,1570.3,1579.85,7822888
2025-03-17,1545.15,1594.0,1545.15,1590.05,7526032
2025-03-18,1597.65,1612.9,1582.35,1609.35,6298054
2025-03-19,1603.0,1603.0,1572.8,1586.55,7387068
2025-03-20,1592.0,1631.9,1592.0,1615.55,7186750
2025-03-21,1577.95,1603.9,1563.65,1592.55,10074677
2025-03-24,1597.95,1607.1,1572.7,1592.75,8857726
2025-03-25,1605.0,1636.15,1605.0,1628.45,9890140
2025-03-26,1626.0,1637.75,1595.0,1599.45,6651302
2025-03-27,1595.55,1619.95,1586.0,1603.55,9426573
2025-03-28,1590.0,1598.45,1560.0,1570.65,6799047
2025-04-01,1539.25,1547.4,1517.85,1526.5,12680733
2025-04-02,1535.2,1555.65,1535.2,1550.15,6193478
2025-04-03,1534.65,1534.65,1485.05,1496.5,10459504
2025-04-04,1460.5,1472.0,1448.0,1451.65,9590254
2025-04-07,1352.0,1405.9,1307.0,1396.75,21715252
2025-04-08,1431.0,1456.5,1415.0,1428.8,12805001
2025-04-09,1405.05,1409.45,1381.9,1403.7,8546854
2025-04-11,1411.25,1438.8,1397.05,1409.45,12567440
2025-04-15,1445.6,1447.7,1409.0,1426.0,10178530
2025-04-16,1425.0,1427.5,1396.8,1413.1,12022740
2025-04-17,1398.0,1429.8,1378.3,1419.5,14264227
2025-04-21,1410.0,1471.8,1410.0,1451.0,15648970
2025-04-22,1440.0,1440.0,1419.3,1422.8,9399738
2025-04-23,1446.0,1487.8,1439.6,1474.9,11136642
2025-04-24,1469.9,1482.9,1461.5,1471.4,7114292
2025-04-25,1475.5,1501.7,1463.5,1480.2,8329979
2025-04-28,1480.2,1489.6,1465.3,1482.1,5886253
2025-04-29,1482.0,1509.8,1474.1,1497.5,8056743
2025-04-30,1496.8,1508.8,1482.6,1500.1,7704183
2025-05-02,1499.7,1523.2,1496.2,1506.8,8733014
2025-05-05,1515.0,1523.0,1502.8,1508.6,4282493
2025-06-20,1619.0,1630.7,1608.9,1622.9,9202821
2025-06-23,1601.0,1601.0,1575.4,1584.0,7943676
2025-06-24,1601.0,1609.0,1576.6,1581.6,8083992
2025-06-25,1590.0,1619.9,1585.1,1614.9,7813533
2025-06-26,1608.8,1624.0,1606.6,1616.0,6519233
2025-06-27,1619.0,1629.6,1602.4,1608.0,8912268
2025-06-30,1615.0,1615.0,1594.1,1601.8,6294505
2025-07-01,1609.0,1617.7,1600.5,1606.8,4178937
2025-07-02,1618.0,1649.0,1603.4,1610.5,8653641
2025-07-03,1618.5,1632.4,1615.0,1618.7,5259695
2025-07-04,1625.0,1643.4,1612.3,1640.7,4411273
2025-07-07,1640.0,1644.0,1623.0,1627.0,3294523
2025-07-08,1628.0,1646.2,1621.5,1638.7,4590681
2025-07-09,1637.8,1638.0,1623.6,1633.7,4580828
2025-07-10,1638.9,1638.9,1607.1,1615.8,5330179
2025-07-11,1579.1,1607.1,1563.0,1594.9,11391755
2025-07-14,1591.8,1591.8,1559.8,1570.3,9173426
2025-07-15,1565.1,1603.6,1564.0,1585.6,7614807
2025-07-16,1579.0,1612.0,1578.5,1607.9,6223491
2025-07-17,1598.0,1610.0,1580.1,1583.5,7374814
2025-07-18,1592.1,1599.3,1580.0,1586.1,5161833
2025-07-21,1580.0,1589.0,1566.8,1584.3,3682661
2025-07-22,1565.0,1585.8,1565.0,1570.9,8473741
2025-07-23,1576.3,1591.9,1550.0,1574.5,8035026
2025-07-24,1580.0,1582.0,1548.2,1552.5,14169664
2025-07-25,1543.4,1549.5,1511.3,1515.7,10851259
2025-07-28,1513.9,1519.3,1482.5,1516.0,6439855
2025-07-29,1512.9,1517.2,1496.1,1513.7,7070448
2025-07-30,1519.9,1521.7,1506.0,1519.0,5719051
2025-07-31,1509.7,1527.1,1497.0,1509.0,6851407
2025-08-01,1493.9,1498.7,1465.5,1469.6,8702978
2025-08-04,1461.5,1482.8,1451.0,1480.5,8610216
2025-08-05,1478.7,1478.7,1455.0,1460.3,10213323
2025-08-07,1430.0,1442.0,1414.2,1436.9,9892020
2025-08-08,1425.0,1433.2,1417.1,1423.1,10048009
2025-08-11,1419.9,1433.4,1414.0,1428.2,6625368
2025-08-12,1428.2,1441.0,1421.0,1424.1,9899184
2025-08-13,1425.0,1434.0,1422.4,1426.6,10318063
2025-08-14,1426.2,1470.0,1426.2,1447.7,12902347
2025-08-18,1464.7,1464.7,1429.6,1435.8,7254561
2025-08-19,1432.7,1449.4,1432.7,1440.0,3986094
2025-08-20,1440.7,1499.0,1440.7,1496.2,10413061
2025-08-21,1508.0,1508.0,1484.3,1496.4,6565539
2025-08-22,1498.1,1504.3,1486.1,1487.5,5543397
2025-08-25,1506.7,1539.0,1506.7,1532.1,10694531
2025-08-26,1523.0,1538.4,1518.6,1529.6,15994798
2025-08-28,1529.6,1529.6,1498.0,1500.1,5443364
2025-08-29,1501.9,1501.9,1467.7,1469.6,8169075
2025-09-01,1476.7,1503.4,1476.2,1499.4,4546057
2025-09-02,1499.4,1512.8,1486.3,1498.7,5218763
2025-09-03,1500.0,1501.9,1473.0,1479.1,4623483
2025-09-04,1484.0,1484.0,1460.1,1463.0,5787724
2025-09-05,1470.0,1472.7,1433.0,1444.6,5466487
2025-09-08,1451.0,1458.0,1428.3,1432.9,3811567
2025-09-09,1481.0,1507.2,1472.5,1504.3,13072640
2025-09-10,1510.1,1534.9,1509.3,1532.6,7281071
2025-09-11,1523.9,1527.5,1506.5,1509.7,8003662
2025-09-12,1537.0,1542.9,1521.1,1525.6,12856963
2025-09-15,1525.6,1527.5,1501.2,1508.4,6167414
2025-09-16,1508.4,1514.0,1503.5,1511.3,8923112
2025-09-17,1516.9,1526.7,1514.0,1522.4,4795698
2025-09-18,1550.0,1555.0,1538.5,1540.6,9331945
2025-09-19,1544.6,1551.3,1520.1,1540.2,12988129
2025-09-22,1482.7,1514.7,1482.0,1499.5,15655204
2025-09-23,1493.0,1513.0,1493.0,1497.5,9832164
2025-09-24,1487.2,1496.7,1482.7,1494.6,4937004
2025-09-25,1489.0,1502.7,1476.5,1484.8,9491867
2025-09-26,1475.0,1478.7,1441.2,1448.9,8597058
2025-09-29,1460.0,1465.0,1436.5,1441.8,10513117
2025-09-30,1443.0,1452.2,1438.1,1441.8,7556305
2025-10-01,1446.0,1449.5,1427.4,1445.8,6250692
2025-10-03,1439.0,1448.3,1433.2,1446.6,6877533
2025-10-06,1446.6,1478.8,1442.3,1476.0,4630590
2025-10-07,1477.7,1482.9,1454.0,1458.5,5570320
2025-10-08,1457.0,1498.0,1455.0,1495.0,4657192
2025-10-09,1502.0,1514.0,1487.0,1509.3,7028753
2025-10-10,1510.0,1521.7,1498.8,1514.9,3738353
2025-10-13,1497.0,1504.7,1483.4,1493.2,5859355
2025-10-14,1499.0,1514.4,1486.5,1489.9,5600789
2025-10-15,1483.9,1488.6,1467.5,1474.4,6986098
2025-10-16,1473.9,1474.5,1460.5,1471.5,8005748
2025-10-17,1454.9,1458.4,1434.0,1441.1,16959378
2025-10-20,1453.7,1467.0,1450.0,1460.9,6994246
2025-10-21,1478.0,1486.0,1470.0,1472.4,1698704
2025-10-23,1510.0,1546.0,1506.0,1528.5,20358624
2025-10-24,1539.5,1543.0,1518.0,1525.4,8652257
2025-10-27,1510.0,1515.3,1498.1,1504.5,7273211
2025-10-28,1499.7,1506.5,1490.5,1500.2,8211019
2025-10-29,1500.2,1520.2,1496.9,1510.4,4884976
2025-10-30,1507.0,1508.2,1489.1,1493.8,5608867
2025-10-31,1490.0,1497.1,1480.7,1482.3,4819814
2025-11-03,1482.3,1491.4,1474.2,1485.5,5470600
2025-11-04,1479.7,1481.9,1462.9,1467.9,8691330
2025-11-06,1478.6,1483.0,1461.9,1466.7,7944752
2025-11-07,1470.0,1480.9,1449.1,1476.8,8765759
2025-11-10,1490.1,1520.0,1490.0,1513.5,9787975
2025-11-11,1525.0,1533.4,1511.1,1530.3,13692989
2025-11-12,1540.0,1559.2,1538.1,1551.7,14635417
2025-11-13,1557.1,1557.5,1530.3,1541.8,19655689
2025-11-14,1520.0,1530.0,1488.8,1502.8,9739549
2025-11-17,1496.0,1510.2,1492.5,1507.6,7910354
2025-11-18,1506.0,1506.0,1483.2,1486.4,7525119
2025-11-19,1490.5,1543.0,1490.5,1541.1,10981126
2025-11-20,1555.0,1555.0,1534.0,1536.5,7387584
2025-11-21,1531.0,1551.5,1526.3,1545.0,9186302
2025-11-24,1563.6,1585.0,1541.0,1548.0,19270381
2025-11-25,1549.0,1550.6,1525.9,1530.6,8107952
2025-11-26,1532.1,1560.3,1532.1,1557.9,7575038
2025-11-27,1564.0,1574.3,1552.2,1566.4,7552252
2025-11-28,1565.0,1568.4,1557.0,1560.1,4453221
2025-12-01,1562.5,1574.0,1556.0,1564.0,5341800
2025-12-02,1567.0,1579.9,1556.1,1561.0,6335969
2025-12-03,1555.1,1586.0,1554.1,1578.7,12895312
2025-12-04,1568.0,1599.0,1568.0,1597.6,12609619
2025-12-05,1610.0,1631.8,1600.0,1616.2,10344725
2025-12-08,1617.1,1630.0,1600.2,1610.8,7550413
2025-12-09,1601.2,1606.9,1582.4,1599.0,6957599
2025-12-10,1608.0,1608.0,1582.8,1584.8,5116140
2025-12-11,1598.0,1607.4,1580.5,1598.0,5159319
2025-12-12,1601.4,1601.8,1582.6,1598.2,4633912
2025-12-15,1585.0,1610.8,1585.0,1606.8,4190558
2025-12-16,1600.0,1603.0,1585.6,1592.9,5499258
2025-12-17,1587.2,1606.9,1586.0,1602.0,4817628
2025-12-18,1610.5,1630.0,1606.7,1626.8,6577293
2025-12-19,1650.0,1654.9,1629.8,1638.7,13149023
2025-12-22,1664.0,1693.2,1664.0,1689.6,23098923
2025-12-23,1679.0,1679.0,1656.4,1668.3,6593060
2025-12-24,1661.0,1667.6,1652.5,1663.4,4271167
2025-12-26,1663.4,1668.8,1651.7,1656.1,2006491
2025-12-29,1658.0,1673.1,1637.1,1644.7,4062817
2025-12-30,1647.0,1647.9,1616.8,1621.6,9395937
2025-12-31,1621.0,1628.6,1609.2,1615.4,6538656
2026-01-01,1615.4,1639.6,1614.1,1629.8,3658165
2026-01-02,1635.9,1643.5,1627.5,1640.4,2524526
2026-01-05,1637.0,1637.0,1583.1,1606.4,5917885
2026-01-06,1600.1,1619.9,1599.0,1612.2,4466729
2026-01-07,1615.0,1642.0,1615.0,1639.0,4508079
2026-01-08,1638.9,1644.3,1608.6,1613.3,3942131
2026-01-09,1610.0,1631.3,1607.0,1614.1,6816681
2026-01-12,1610.1,1613.3,1592.6,1595.9,6985362
2026-01-13,1618.0,1618.0,1586.4,1599.0,8080618
2026-01-14,1588.0,1617.0,1583.1,1599.8,7557157
2026-01-16,1663.7,1694.0,1653.4,1689.8,19335957
2026-01-19,1685.0,1685.0,1666.5,1681.2,5104958
2026-01-20,1673.0,1680.2,1652.9,1658.9,6406503
2026-01-21,1651.0,1657.0,1631.2,1654.4,6224582
2026-01-22,1666.0,1671.2,1653.8,1663.5,6228892
2026-01-23,1667.2,1675.7,1662.2,1670.8,5869137
2026-01-27,1685.8,1689.4,1661.1,1682.7,10673087
2026-01-28,1680.0,1688.8,1650.0,1666.5,8588664
2026-01-29,1658.0,1666.5,1642.1,1659.5,4749582
2026-01-30,1655.0,1655.0,1618.1,1641.0,9207926
2026-02-02,1662.0,1662.0,1618.0,1629.4,6784887
2026-02-03,1727.2,1728.0,1653.0,1656.0,8805868
2026-02-04,1574.0,1584.9,1510.1,1535.8,28828622
2026-02-05,1534.0,1551.0,1515.7,1520.2,10628127
2026-02-06,1522.1,1525.0,1480.0,1507.1,13900866
2026-02-09,1522.1,1528.0,1493.0,1497.2,8294615
2026-02-10,1500.0,1515.9,1491.0,1497.8,8657000
2026-02-11,1501.2,1505.9,1469.0,1471.9,7934411
2026-02-12,1428.9,1435.7,1380.5,1386.0,26048896
2026-02-13,1293.9,1377.3,1281.5,1369.1,45785709
2026-02-16,1373.7,1376.0,1338.3,1365.6,14621891
2026-02-17,1370.0,1431.0,1367.0,1391.2,25347684
2026-02-18,1390.9,1401.0,1345.3,1373.7,20241373
2026-02-19,1385.0,1402.0,1363.2,1370.5,14574228
2026-02-20,1359.2,1365.0,1338.2,1353.2,12633552
2026-02-23,1352.0,1352.0,1318.0,1327.5,12887826
2026-02-24,1301.0,1303.6,1264.1,1275.5,27839061
2026-02-25,1286.2,1323.6,1286.2,1290.1,16669618
2026-02-26,1305.5,1314.0,1286.3,1289.1,11493914
2026-02-27,1326.3,1335.0,1294.2,1300.1,23141724
2026-03-02,1291.0,1298.8,1273.0,1288.9,9700361
2026-03-04,1292.0,1317.0,1292.0,1307.4,15154950
2026-03-05,1320.0,1320.0,1290.1,1305.8,10362147
2026-03-06,1303.0,1327.2,1303.0,1308.4,8724291
2026-03-09,1290.0,1318.0,1282.5,1315.0,10068514
2026-03-10,1320.0,1321.0,1284.1,1295.6,9600171
2026-03-11,1288.0,1299.5,1271.3,1276.3,7868891
2026-03-12,1272.5,1278.6,1258.0,1265.8,7599940
2026-03-13,1251.0,1269.6,1242.6,1248.3,7366098
2026-03-16,1240.2,1254.3,1224.2,1249.8,12314450
2026-03-17,1245.0,1245.0,1215.1,1232.9,11223276
2026-03-18,1238.0,1290.8,1234.9,1267.1,12365381
2026-03-19,1244.2,1255.0,1215.1,1220.8,9156461
2026-03-20,1242.0,1264.8,1229.2,1255.9,27299975
2026-03-23,1238.2,1261.1,1227.4,1256.8,12420293
2026-03-24,1269.0,1297.0,1251.0,1278.3,13613495
2026-03-25,1270.0,1290.6,1257.1,1279.1,10824030
2026-03-27,1285.2,1294.8,1263.2,1269.7,13092541
2026-03-30,1250.0,1265.5,1243.0,1250.6,14108486
2026-04-01,1290.0,1303.0,1269.5,1275.7,8137156
2026-04-02,1260.0,1305.4,1259.8,1300.8,12873492
2026-04-06,1301.4,1320.0,1299.0,1306.2,10208682
2026-04-07,1302.0,1345.1,1293.5,1339.4,15355792
2026-04-08,1349.0,1376.9,1331.0,1346.2,16030133
2026-04-09,1329.9,1337.5,1314.0,1331.6,14894607
2026-04-10,1318.0,1318.9,1283.3,1292.5,19233369
2026-04-13,1272.0,1289.0,1265.7,1276.8,10366082
2026-04-15,1306.3,1322.5,1300.5,1305.3,12098912
2026-04-16,1322.1,1331.0,1309.0,1319.2,18527029
2026-04-17,1313.0,1328.3,1306.1,1318.7,12064048
2026-04-20,1320.0,1324.9,1308.1,1312.6,7172300
2026-04-21,1310.0,1325.0,1299.3,1313.2,10057440
2026-04-22,1295.0,1297.7,1255.9,1268.6,20088378
2026-04-23,1254.0,1265.7,1226.0,1240.6,14792854
2026-04-24,1200.0,1223.9,1152.2,1154.6,42078914
2026-04-27,1154.6,1179.9,1154.5,1170.3,19579883
2026-04-28,1162.7,1169.4,1149.8,1152.1,12720276
2026-04-29,1158.5,1178.2,1156.8,1167.5,8303109
2026-04-30,1167.5,1189.8,1159.6,1181.8,12205669
2026-05-04,1195.0,1195.0,1165.2,1168.4,7735811
2026-05-06,1187.0,1191.5,1164.1,1167.2,9856963
2026-05-07,1173.0,1175.4,1159.2,1162.7,12013987
2026-05-08,1161.0,1183.5,1158.8,1179.2,7582770
2026-05-11,1176.0,1187.0,1172.1,1177.0,7336288
2026-05-12,1162.0,1162.0,1123.0,1140.3,16891948
2026-05-13,1136.6,1142.6,1121.0,1123.1,6664111
2026-05-14,1119.8,1121.9,1089.0,1095.0,16914842
2026-05-15,1102.0,1133.2,1101.6,1119.0,17482450
2026-05-18,1119.0,1146.1,1118.0,1142.5,12096377
2026-05-19,1162.0,1198.4,1162.0,1196.9,32175705
2026-05-20,1187.0,1206.9,1184.9,1193.7,15121010
2026-05-21,1196.1,1201.8,1177.0,1181.2,10021033
2026-05-22,1182.5,1191.8,1172.5,1174.5,8803066
2026-05-25,1183.0,1185.0,1166.1,1168.5,5856136
2026-05-26,1166.3,1180.7,1162.9,1167.7,8005767
2026-05-27,1161.0,1167.3,1155.0,1159.9,6371871
2026-05-29,1182.0,1210.0,1153.6,1160.9,69085430
2026-06-01,1175.0,1217.0,1173.7,1202.5,19439331
2026-06-02,1232.5,1278.9,1232.5,1270.8,36032600
2026-06-03,1242.1,1249.9,1216.0,1222.6,18534303
2026-06-04,1208.0,1215.2,1196.2,1201.3,12755957
2026-06-05,1220.0,1223.8,1194.3,1197.5,8692290
2026-06-08,1177.5,1200.7,1176.5,1187.6,8631711
2026-06-09,1193.6,1193.6,1167.3,1180.3,10984054
2026-06-10,1160.1,1171.4,1143.3,1145.3,8887626
2026-06-11,1129.7,1133.7,1109.0,1114.6,9372176
2026-06-12,1120.0,1123.3,1111.5,1116.4,8075333
2026-06-15,1130.0,1151.0,1123.0,1134.9,7856192
2026-06-16,1136.9,1153.8,1123.2,1143.6,10456090
2026-06-17,1149.0,1162.5,1148.0,1157.7,5995119
2026-06-18,1142.9,1142.9,1125.3,1127.5,16781447
2026-06-19,1062.3,1066.0,1030.0,1051.4,45665442
2026-06-22,1055.0,1080.3,1055.0,1065.4,10178505
2026-06-23,1053.8,1055.3,1026.0,1029.3,19323064
2026-06-24,1040.9,1065.5,1037.7,1056.6,12346266
2026-06-25,1065.0,1068.0,1039.1,1041.2,15866779
2026-06-29,1037.1,1046.6,1029.1,1036.7,15080892
2026-06-30,1030.0,1030.4,996.0,1000.4,24128263
2026-07-01,1006.0,1014.0,982.4,985.3,13037982
2026-07-02,1006.4,1045.0,1006.0,1040.9,18741111
2026-07-03,1063.0,1068.7,1042.0,1047.2,11653534
2026-07-06,1050.1,1053.0,1033.0,1042.2,5559747
2026-07-07,1040.6,1087.5,1040.6,1071.8,18866296
2026-07-08,1071.9,1079.7,1064.4,1069.3,13022221
2026-07-09,1062.7,1062.7,1040.4,1050.8,9003333
2026-07-10,1075.0,1091.3,1064.7,1068.0,9747266
2026-07-13,1057.1,1114.9,1057.1,1102.6,20994760
2026-07-14,1107.8,1113.5,1090.0,1092.9,14819413
2026-07-15,1079.0,1088.1,1073.0,1076.3,8501933
2026-07-16,1082.5,1097.3,1077.9,1082.4,8592146
2026-07-17,1105.0,1116.8,1092.0,1096.5,12547728
2026-07-20,1102.0,1103.8,1083.2,1087.1,6372645
2026-07-21,1080.0,1094.5,1067.2,1073.5,9485229
2026-07-22,1064.0,1069.3,1046.2,1052.1,7517203
2026-07-23,1046.9,1058.5,1032.0,1047.4,13794578
2026-07-24,1028.0,1043.4,1013.9,1040.9,29036900
2026-07-27,1065.0,1082.0,1057.4,1079.2,15956349
2026-07-28,1097.0,1118.5,1097.0,1105.7,28100895
2026-07-29,1147.0,1164.5,1128.4,1155.6,34400369
2026-07-30,1168.0,1187.7,1151.3,1155.1,22630218
2026-07-31,1118.9,1139.3,1107.2,1130.1,14367075
2026-08-03,1145.1,1180.0,1138.1,1180.0,8582270
2026-08-04,1168.0,1175.7,1153.3,1167.5,9243589
2026-08-05,1174.7,1177.5,1162.3,1174.0,9964155
2026-08-07,1160.0,1183.0,1155.6,1175.1,7581410
2026-08-10,1178.1,1195.0,1175.2,1183.0,9377001
2026-08-11,1188.0,1193.5,1182.0,1190.7,10160091
2026-08-12,1185.6,1190.4,1163.3,1176.1,7529777
2026-08-14,1170.4,1174.1,1158.9,1169.2,5844763
2026-08-17,1163.9,1166.5,1129.7,1139.9,5817153
2026-08-18,1124.5,1131.9,1112.5,1115.0,8851110
2026-08-19,1125.6,1134.7,1113.8,1119.8,8408573
2026-08-20,1143.0,1144.7,1125.7,1130.0,8559841
2026-08-21,1133.0,1133.5,1118.0,1121.0,6094967
2026-08-24,1126.5,1144.5,1122.0,1130.0,8565354
2026-08-25,1132.0,1144.0,1119.9,1144.0,8121237
2026-08-26,1142.0,1142.0,1118.3,1120.0,6323984
2026-08-27,1120.0,1130.7,1107.2,1110.8,6933998
2026-08-28,1123.6,1145.0,1123.3,1144.0,9621969
2026-08-31,1138.6,1143.9,1111.1,1133.8,8808120
2026-09-01,1128.0,1156.0,1125.6,1156.0,13516123
2026-09-02,1137.7,1147.8,1118.6,1140.0,8564358
2026-09-03,1144.0,1144.0,1122.5,1130.3,5786250
2026-09-04,1133.0,1146.7,1125.4,1130.0,5881388
2026-09-07,1109.5,1109.9,1085.0,1087.5,7668346
2026-09-08,1095.0,1095.0,1078.9,1082.0,6269037
2026-09-09,1059.0,1059.0,1026.5,1035.0,13530457
2026-09-10,1039.6,1046.6,1027.3,1036.5,8998529
2026-09-11,1032.0,1047.3,1029.7,1037.7,6168088
