Date,Open,High,Low,Close,Volume
2010-06-10,349.0,349.95,341.1,344.15,409669
2010-06-11,344.5,347.5,337.2,338.75,839397
2010-06-14,317.7,349.85,317.7,347.95,875674
2010-06-15,349.0,350.0,328.1,330.2,1315136
2010-06-16,330.2,336.0,325.0,333.6,1155769
2010-06-17,334.0,338.0,330.05,337.25,443655
2010-06-18,340.9,344.4,333.0,334.35,521752
2010-06-21,339.0,339.0,332.55,334.45,330191
2010-06-22,326.15,349.8,326.15,346.35,1449037
2010-06-23,349.85,353.8,347.1,348.3,696620
2010-06-24,350.65,351.8,338.15,341.4,961636
2010-06-25,343.8,390.7,337.0,377.95,10406211
2010-06-28,380.0,417.5,370.0,397.6,15826857
2010-06-29,409.0,409.0,388.15,393.35,5732766
2010-06-30,393.0,407.9,390.0,403.1,9768407
2010-07-01,403.0,407.7,396.9,400.0,5484942
2010-07-02,402.0,409.0,399.25,401.3,3398330
2010-07-05,402.0,403.0,395.65,398.8,1516087
2010-07-06,399.9,401.9,393.05,394.5,1459648
2010-07-07,396.0,398.4,387.0,388.5,1232292
2010-07-08,394.8,401.8,390.6,396.5,2795055
2010-07-09,397.55,406.35,397.55,400.65,2500005
2010-07-12,403.9,404.0,391.05,392.0,1389620
2010-07-13,393.0,397.7,391.3,393.5,1535227
2010-07-14,396.9,397.0,388.05,389.25,1903840
2010-07-15,391.1,391.1,372.25,374.45,2513572
2010-07-16,375.1,381.95,370.45,378.15,1648545
2010-07-19,373.6,382.0,373.6,377.1,644175
2010-07-20,377.1,379.4,370.2,371.3,846809
2010-07-21,373.5,378.45,371.75,374.15,952421
2010-07-22,374.15,377.0,372.05,374.75,568771
2010-07-23,376.0,376.7,370.9,373.25,973671
2010-07-26,373.0,375.0,363.55,364.65,857545
2010-07-27,362.0,368.0,361.75,363.35,819332
2010-07-28,366.9,368.0,361.15,361.55,567612
2010-07-29,362.05,363.75,352.3,354.9,1374376
2010-07-30,355.5,363.8,354.05,362.0,763211
2010-08-02,362.3,364.45,357.1,358.05,671218
2010-08-03,357.0,363.5,356.05,362.1,670673
2010-08-04,362.65,364.45,358.6,359.25,351994
2010-08-05,361.95,363.9,358.0,358.6,720651
2010-08-06,359.0,370.75,357.45,367.0,1106491
2010-08-09,364.75,370.05,364.75,366.3,451641
2010-08-10,369.55,374.5,364.35,372.15,865464
2010-08-11,374.0,381.8,373.0,375.9,1505437
2010-08-12,377.0,385.3,375.2,381.35,1580787
2010-08-13,384.95,386.9,377.2,380.35,1116632
2010-08-16,379.6,384.9,376.0,381.45,739373
2010-08-17,383.0,390.85,382.0,386.55,1529388
2010-08-18,390.0,393.0,386.0,388.5,781622
2010-08-19,390.0,391.9,387.15,389.15,467062
2010-08-20,390.15,397.55,388.9,392.45,1244231
2010-08-23,394.0,413.9,392.2,404.35,3511937
2010-08-24,407.3,413.5,404.5,407.9,2441660
2010-08-25,408.45,412.65,399.6,401.15,1267351
2010-08-26,404.8,407.0,401.3,404.0,1087896
2010-08-27,406.0,416.7,403.5,410.25,2890592
2010-08-30,415.0,415.75,410.0,411.6,730947
2010-08-31,410.8,414.9,406.05,411.15,1481319
2010-09-01,414.5,428.0,411.25,423.95,1992806
2010-09-02,430.0,434.85,423.0,424.3,1030053
2010-09-03,425.0,429.9,421.45,424.75,674353
2010-09-06,435.0,438.0,423.0,425.3,1537122
2010-09-07,428.95,429.3,424.4,426.3,1399803
2010-09-08,414.0,417.25,410.7,413.75,1497543
2010-09-09,416.0,417.0,409.05,410.15,1121776
2010-09-13,418.0,420.0,411.5,418.8,1509462
2010-09-14,418.6,442.0,415.1,438.45,3158890
2010-09-15,442.0,448.9,436.0,437.0,1704637
2010-09-16,439.2,444.95,427.15,430.4,1456523
2010-09-17,434.0,436.0,425.2,428.5,1897935
2010-09-20,430.0,442.5,428.5,441.1,1923797
2010-09-21,450.0,450.0,436.1,438.35,1777293
2010-09-22,439.0,441.8,429.4,434.65,1072327
2010-09-23,436.7,438.0,432.25,435.25,624934
2010-09-24,437.35,438.95,432.1,437.65,1097016
2010-09-27,440.0,455.0,437.6,449.75,2437469
2010-09-28,449.0,456.9,443.05,445.35,1373862
2010-09-29,444.0,447.7,429.35,431.0,1087875
2010-09-30,429.1,430.95,415.0,416.8,1537404
2010-10-01,419.9,426.1,417.05,418.1,999516
2010-10-04,421.0,423.3,411.55,415.65,1388687
2010-10-05,415.65,424.7,415.65,420.6,1118741
2010-10-06,424.0,424.0,418.0,421.7,771336
2010-10-07,421.0,433.7,418.25,424.55,1613984
2010-10-08,426.95,429.25,418.75,422.55,518899
2010-10-11,425.0,425.3,414.0,415.1,677211
2010-10-12,417.4,419.85,411.05,414.9,909196
2010-10-13,416.0,420.0,414.0,417.65,848878
2010-10-14,419.9,423.1,408.0,409.35,1272005
2010-10-15,409.8,414.0,399.15,401.85,1691176
2010-10-18,408.0,411.95,404.0,406.0,854471
2010-10-19,409.5,412.0,401.6,403.35,1196117
2010-10-20,403.95,410.8,403.35,409.2,623912
2010-10-21,410.0,416.35,407.45,414.8,540264
2010-10-22,416.55,429.7,415.65,428.1,1390287
2010-10-25,435.0,435.0,425.0,430.5,858459
2010-10-26,432.5,432.5,424.05,424.7,502292
2010-10-27,420.8,426.75,412.1,419.9,454773
2010-10-28,419.9,429.8,418.15,420.95,1208813
2010-10-29,419.0,429.0,411.0,418.05,596274
2010-11-01,420.0,427.9,419.95,422.9,647753
2010-11-02,424.0,427.0,421.1,422.85,600571
2010-11-03,423.1,427.0,422.0,423.45,355336
2010-11-04,424.8,424.8,414.65,415.4,708416
2010-11-05,408.2,420.3,408.2,419.25,72923
2010-11-08,420.2,420.55,405.6,408.9,1082551
2010-11-09,410.5,414.25,410.0,412.4,495950
2010-11-10,410.0,419.4,410.0,413.1,577405
2010-11-11,416.0,418.3,406.5,407.8,305210
2010-11-12,410.0,411.8,400.05,402.55,480823
2010-11-15,411.0,413.8,396.0,398.95,824179
2010-11-16,401.0,401.0,385.0,389.9,732513
2010-11-18,392.05,399.9,388.3,397.95,860712
2010-11-19,399.5,402.0,390.25,392.8,579513
2010-11-22,397.0,397.0,383.6,385.7,482798
2010-11-23,386.1,389.2,359.5,366.4,1696482
2010-11-24,370.8,371.8,360.25,362.15,1059147
2010-11-25,364.0,368.7,326.5,337.3,2067586
2010-11-26,345.0,347.9,330.0,344.2,1399197
2010-11-29,346.6,349.5,334.0,344.55,516000
2010-11-30,347.6,349.8,339.1,346.65,1018018
2010-12-01,349.0,395.65,345.05,384.55,5113439
2010-12-02,390.0,407.2,385.0,385.7,2126201
2010-12-03,387.0,389.65,377.7,385.75,909983
2010-12-06,387.9,388.5,374.3,376.6,1362383
2010-12-07,377.8,377.8,366.75,369.15,489676
2010-12-08,370.0,382.5,369.0,372.15,1094303
2010-12-09,377.0,382.25,350.0,356.75,1345031
2010-12-10,357.1,369.3,351.7,366.6,609070
2010-12-13,365.0,370.0,360.1,366.65,441570
2010-12-14,371.0,380.9,370.0,375.5,744042
2010-12-15,389.0,391.5,378.5,380.5,1570109
2010-12-16,384.9,384.9,374.15,379.35,475406
2010-12-20,379.35,379.7,366.05,367.65,658329
2010-12-21,367.65,370.7,361.15,363.95,550538
2010-12-22,365.0,371.5,363.25,366.45,1713135
2010-12-23,355.5,369.85,355.5,362.55,496249
2010-12-24,360.3,362.0,353.1,354.8,523812
2010-12-27,360.0,360.05,352.25,354.3,416783
2010-12-28,354.3,357.7,346.6,347.65,824388
2010-12-29,350.0,353.3,345.85,348.45,1033660
2010-12-30,346.0,346.0,335.15,337.3,1462811
2010-12-31,340.1,346.0,337.5,342.4,888339
2011-01-03,344.0,354.7,344.0,353.6,896344
2011-01-04,355.0,355.0,346.1,348.8,608854
2011-01-05,350.0,355.45,347.5,349.5,868178
2011-01-06,353.8,353.8,340.55,341.55,1006657
2011-01-07,341.85,347.8,338.25,343.75,542696
2011-01-10,345.0,345.65,333.05,335.2,711802
2011-01-11,335.2,339.0,325.25,328.3,805105
2011-01-12,301.25,334.9,301.25,319.55,1346318
2011-01-13,319.0,322.1,310.0,310.35,1041600
2011-01-14,309.85,314.75,305.25,309.8,1159204
2011-01-17,312.7,321.65,312.6,314.25,941197
2011-01-18,312.5,317.9,309.2,314.0,810495
2011-01-19,314.85,317.4,310.0,313.65,495343
2011-01-20,308.0,315.9,308.0,312.95,1734351
2011-01-21,310.1,329.9,309.15,327.8,1662879
2011-01-24,327.8,334.6,325.25,329.85,1228802
2011-01-25,333.1,340.95,331.3,336.8,1583679
2011-01-27,340.2,344.85,325.15,328.7,1143890
2011-01-28,327.0,337.0,322.3,334.25,869779
2011-01-31,325.05,339.8,318.55,336.95,749807
2011-02-01,336.0,336.0,321.6,324.8,408599
2011-02-02,327.3,333.7,320.15,325.85,892925
2011-02-03,321.1,328.0,319.0,320.5,599163
2011-02-04,321.0,328.65,315.65,319.0,371595
2011-02-07,323.25,333.0,319.6,322.4,746318
2011-02-08,325.95,330.2,320.5,321.9,499757
2011-02-09,321.9,325.3,310.0,315.7,604808
2011-02-10,313.8,319.65,307.1,311.55,857970
2011-02-11,314.75,317.4,307.4,314.45,810525
2011-02-14,318.5,330.0,316.55,328.15,540756
2011-02-15,330.1,334.95,326.0,332.85,517424
2011-02-16,320.0,337.5,320.0,331.55,304171
2011-02-17,330.0,331.55,324.0,328.65,455999
2011-02-18,329.95,333.0,321.15,323.0,458963
2011-02-21,320.1,325.0,314.1,317.6,625868
2011-02-22,314.0,314.0,303.35,305.05,987037
2011-02-23,304.5,305.75,300.0,303.5,522134
2011-02-24,302.8,302.8,290.35,294.5,1418931
2011-02-25,299.75,303.0,290.1,293.05,664218
2011-03-01,301.0,311.65,301.0,310.9,737471
2011-03-03,300.55,315.7,300.55,312.35,842301
2011-03-04,318.5,318.5,310.05,314.6,1071373
2011-03-07,300.1,310.0,300.1,307.05,567000
2011-03-08,305.0,312.0,305.0,309.9,381165
2011-03-09,315.0,315.0,302.5,307.8,731586
2011-03-10,305.0,306.0,302.6,304.45,305758
2011-03-11,305.3,307.0,301.0,305.35,988150
2011-03-14,308.0,311.0,307.0,309.85,702049
2011-03-15,306.95,310.7,301.5,302.85,971461
2011-03-16,309.15,311.5,306.5,310.7,912123
2011-03-17,309.9,309.9,305.0,306.2,576877
2011-03-18,304.95,304.95,298.25,303.5,723693
2011-03-21,300.1,302.8,298.3,300.85,535663
2011-03-22,301.0,302.0,298.5,298.95,280298
2011-03-23,295.0,303.35,295.0,302.15,368323
2011-03-24,299.05,305.8,299.05,305.05,327258
2011-03-25,305.5,312.0,305.0,311.05,432561
2011-03-28,312.0,316.5,309.5,315.6,366015
2011-03-29,315.0,327.0,314.0,324.05,729092
2011-03-30,327.0,342.0,325.0,339.3,958112
2011-03-31,339.0,342.0,330.0,332.85,771289
2011-04-01,330.0,334.5,325.3,332.85,250289
2011-04-04,329.2,332.3,327.0,327.95,351758
2011-04-05,327.0,332.45,323.0,324.9,496280
2011-04-06,327.95,329.1,323.7,326.45,428914
2011-04-07,329.0,337.0,325.35,335.65,546454
2011-04-08,332.95,338.5,327.15,334.2,651936
2011-04-11,330.0,331.0,325.0,325.25,228760
2011-04-13,327.25,335.6,327.15,332.35,447562
2011-04-15,330.8,331.7,326.8,329.6,221138
2011-04-18,334.0,334.0,320.6,322.15,294411
2011-04-19,322.75,333.4,321.05,331.95,355298
2011-04-20,332.0,335.4,330.05,333.85,617298
2011-04-21,330.85,333.5,330.0,331.35,278058
2011-04-25,328.9,338.0,326.5,332.75,286537
2011-04-26,335.4,339.75,331.0,332.1,638266
2011-04-27,334.7,339.85,332.35,338.75,630377
2011-04-28,339.8,341.25,335.1,338.35,485368
2011-04-29,338.35,344.0,338.35,339.85,440950
2011-05-02,341.35,346.5,335.05,343.3,747168
2011-05-03,345.3,347.7,337.7,342.15,667966
2011-05-04,346.95,354.5,339.4,347.85,1844678
2011-05-05,350.25,354.35,343.0,344.55,708068
2011-05-06,350.25,358.15,349.15,352.85,1730684
2011-05-09,355.7,356.2,342.5,344.2,479537
2011-05-10,347.85,351.95,339.25,343.55,875872
2011-05-11,341.0,351.4,338.2,348.85,642546
2011-05-12,348.0,352.65,347.5,348.95,728678
2011-05-13,350.25,357.5,341.7,343.6,724640
2011-05-16,349.9,359.7,339.05,340.9,1050980
2011-05-17,343.9,343.9,334.0,335.8,537854
2011-05-18,338.5,338.5,319.65,320.95,516538
2011-05-19,320.5,324.4,316.2,317.45,398163
2011-05-20,320.0,322.5,315.5,319.05,455617
2011-05-23,318.95,320.9,312.05,317.05,549394
2011-05-24,318.45,318.5,310.6,313.65,310967
2011-05-25,306.0,315.0,301.6,303.15,453309
2011-05-26,303.05,310.0,297.5,307.75,1003992
2011-05-27,310.05,321.8,309.95,320.4,1132679
2011-05-30,322.0,324.0,315.05,319.6,739141
2011-05-31,324.0,330.9,320.0,328.3,647855
2011-06-01,326.5,330.55,325.5,328.3,448914
2011-06-02,326.4,333.5,326.0,331.55,538878
2011-06-03,333.0,334.0,323.55,324.25,320054
2011-06-06,323.0,325.0,316.1,319.65,301257
2011-06-07,320.05,322.2,317.05,319.15,300572
2011-06-08,319.4,323.0,317.65,322.1,353108
2011-06-09,321.4,321.4,315.35,319.0,429795
2011-06-10,319.0,319.95,312.5,313.65,239447
2011-06-13,316.9,324.0,315.2,323.25,493069
2011-06-14,325.1,325.85,321.05,323.0,437542
2011-06-15,324.5,331.55,323.0,330.6,591136
2011-06-16,332.0,334.0,326.1,327.9,276051
2011-06-17,327.0,336.0,324.55,334.5,1075601
2011-06-20,335.35,336.9,316.0,325.75,502871
2011-06-21,327.35,328.75,322.5,323.5,236142
2011-06-22,325.1,327.3,319.0,319.95,249080
2011-06-23,321.8,331.85,319.0,328.8,643378
2011-06-24,334.0,339.8,330.55,336.9,1101426
2011-06-27,348.0,358.0,345.0,347.7,2428559
2011-06-28,349.8,350.5,339.6,341.3,468692
2011-06-29,341.25,344.05,336.0,339.45,515207
2011-06-30,337.85,343.9,333.8,336.85,1331595
2011-07-01,338.05,340.95,336.65,337.9,514309
2011-07-04,338.75,341.4,336.7,337.95,354561
2011-07-05,344.0,344.0,334.1,339.25,906682
2011-07-06,337.25,338.85,332.1,336.8,418196
2011-07-07,325.2,343.45,325.2,342.4,331019
2011-07-08,338.0,343.85,335.55,338.55,487919
2011-07-11,340.85,341.6,335.2,338.4,173588
2011-07-12,342.0,343.0,337.6,339.5,455439
2011-07-13,341.0,343.1,339.0,341.95,346729
2011-07-14,339.8,341.7,336.6,337.65,685823
2011-07-15,339.95,341.7,335.5,336.85,471751
2011-07-18,337.0,339.4,336.0,337.35,141409
2011-07-19,338.0,339.4,335.0,336.4,271630
2011-07-20,337.05,337.35,332.5,333.25,274365
2011-07-21,333.9,333.9,325.85,326.75,307918
2011-07-22,327.0,328.85,324.3,326.45,695300
2011-07-25,327.15,328.95,326.0,326.6,235914
2011-07-26,327.75,327.75,317.85,319.35,759118
2011-07-27,330.0,330.0,320.25,322.2,251022
2011-07-28,324.9,324.9,315.0,318.05,578736
2011-07-29,317.1,320.85,313.55,315.05,245367
2011-08-01,316.55,319.0,310.0,311.6,526656
2011-08-02,312.05,314.1,311.25,312.45,429458
2011-08-03,310.95,318.95,310.9,318.0,510265
2011-08-04,319.95,331.45,319.0,329.4,973499
2011-08-05,330.0,338.0,326.6,333.05,1948651
2011-08-08,334.0,343.0,328.95,339.45,1715110
2011-08-09,340.0,344.85,335.65,337.8,1872920
2011-08-10,338.0,339.0,323.2,326.05,971337
2011-08-11,327.55,328.95,323.45,324.25,319067
2011-08-12,324.5,325.85,320.7,323.7,227366
2011-08-16,323.9,328.8,320.0,321.4,236502
2011-08-17,322.65,323.4,312.5,313.5,517541
2011-08-18,314.0,315.9,309.55,311.15,271288
2011-08-19,311.15,319.45,311.15,315.25,495138
2011-08-22,314.95,322.0,312.0,320.05,389375
2011-08-23,320.15,321.7,315.0,317.75,166380
2011-08-24,317.0,321.3,315.75,317.4,349359
2011-08-25,318.8,319.35,305.6,308.05,429613
2011-08-26,307.0,310.95,302.9,304.65,231918
2011-08-29,306.15,312.0,305.3,309.25,164287
2011-08-30,305.3,310.8,305.15,306.1,242632
2011-09-02,307.85,319.9,306.7,319.0,441071
2011-09-05,319.05,324.0,315.1,315.95,246751
2011-09-06,319.1,322.0,315.3,316.35,138232
2011-09-07,318.0,320.0,315.95,317.1,227467
2011-09-08,314.3,318.85,312.55,316.45,210374
2011-09-09,317.2,318.0,311.0,312.6,368127
2011-09-12,315.5,317.2,312.0,316.1,335056
2011-09-13,315.1,319.0,315.0,316.95,264148
2011-09-14,318.55,321.0,317.5,320.25,440279
2011-09-15,321.5,321.5,312.8,316.6,468510
2011-09-16,321.95,326.95,307.05,309.45,1568878
2011-09-19,309.5,313.7,308.2,310.15,416614
2011-09-20,310.55,313.45,308.35,309.45,250413
2011-09-21,310.0,312.1,306.3,308.05,428527
2011-09-22,307.1,313.4,305.15,310.2,561034
2011-09-23,313.0,313.9,309.2,313.1,1036806
2011-09-26,313.25,314.1,308.55,310.0,537751
2011-09-27,310.95,315.9,310.95,314.5,202643
2011-09-28,314.45,314.45,311.55,312.5,210630
2011-09-29,311.95,314.25,310.5,313.1,367494
2011-09-30,313.0,314.35,307.55,311.45,158754
2011-10-03,313.0,320.0,309.2,318.25,526724
2011-10-04,320.0,323.8,314.1,318.95,712099
2011-10-05,320.95,321.95,314.2,316.7,271235
2011-10-07,305.3,320.0,305.3,319.35,268497
2011-10-10,317.6,319.0,312.1,313.45,434927
2011-10-11,313.95,316.4,308.25,309.2,611530
2011-10-12,312.7,312.7,307.1,308.7,526725
2011-10-13,309.8,310.75,306.05,307.9,450613
2011-10-14,309.05,309.5,303.2,305.05,548137
2011-10-17,306.0,307.0,291.3,292.85,942490
2011-10-18,290.6,297.3,290.6,292.2,982818
2011-10-19,294.0,295.5,292.2,294.8,989892
2011-10-20,295.0,295.0,288.6,290.95,882047
2011-10-21,291.0,293.4,289.95,290.75,608713
2011-10-24,291.0,293.8,286.95,292.15,469193
2011-10-25,291.0,298.2,288.0,295.9,428268
2011-10-26,299.65,299.65,293.3,296.8,59070
2011-10-28,296.8,304.0,294.0,294.95,994876
2011-10-31,297.45,298.7,290.1,291.0,302261
2011-11-01,291.9,296.0,290.5,295.0,430575
2011-11-02,297.25,298.25,294.4,295.9,663531
2011-11-03,296.05,301.15,295.1,300.2,706723
2011-11-04,305.0,308.0,298.1,300.3,510865
2011-11-08,298.0,300.5,294.1,299.3,645844
2011-11-09,298.55,300.0,287.2,287.9,799999
2011-11-11,286.5,286.5,275.0,280.95,1005097
2011-11-14,281.25,283.0,275.4,277.15,668308
2011-11-15,276.0,277.85,271.5,275.55,476330
2011-11-16,275.0,275.0,263.6,267.9,932934
2011-11-17,268.8,269.9,261.75,264.3,514566
2011-11-18,265.95,275.0,256.1,271.95,906315
2011-11-21,281.0,284.0,265.3,268.15,442577
2011-11-22,265.05,274.05,265.05,272.15,326337
2011-11-23,271.05,271.05,260.0,263.1,292171
2011-11-24,264.85,266.35,254.7,261.55,937276
2011-11-25,260.0,266.6,258.1,264.95,445576
2011-11-28,266.05,270.3,260.25,269.0,447747
2011-11-29,265.0,269.0,261.5,262.35,351038
2011-11-30,259.3,263.25,258.1,261.95,423286
2011-12-01,263.0,267.9,257.1,258.65,716757
2011-12-02,257.65,270.7,257.0,267.7,541490
2011-12-05,264.0,270.15,264.0,268.05,254585
2011-12-07,269.0,270.35,263.0,267.5,323973
2011-12-08,266.0,268.9,263.9,266.5,414404
2011-12-09,266.0,272.9,264.0,270.1,507221
2011-12-12,272.0,273.9,266.65,269.1,310737
2011-12-13,268.45,278.0,265.4,276.85,832852
2011-12-14,276.5,278.0,268.1,269.65,714903
2011-12-15,271.0,274.3,266.1,268.6,418376
2011-12-16,270.0,273.5,262.7,266.95,444975
2011-12-19,265.75,266.95,261.75,265.45,300239
2011-12-20,265.15,266.85,260.75,265.35,381512
2011-12-21,266.1,271.4,263.55,269.5,327170
2011-12-22,268.95,274.95,267.1,273.95,212399
2011-12-23,274.3,274.65,270.65,273.15,201797
2011-12-26,273.2,275.0,254.9,269.5,92747
2011-12-27,270.05,270.5,260.05,260.85,584776
2011-12-28,257.85,259.4,252.1,253.05,437676
2011-12-29,252.1,256.15,248.5,252.55,766662
2011-12-30,253.0,257.1,251.05,253.75,389482
2012-01-02,256.0,258.0,252.0,252.65,340619
2012-01-03,252.0,252.0,247.55,250.75,297199
2012-01-04,251.95,253.5,247.9,252.6,411065
2012-01-05,252.0,254.85,250.7,253.15,389544
2012-01-06,252.4,257.95,251.6,255.75,418636
2012-01-09,250.0,256.9,250.0,255.2,91024
2012-01-10,255.6,260.5,255.5,258.7,124848
2012-01-11,257.0,266.4,256.0,264.7,294279
2012-01-12,265.95,268.4,264.1,266.85,220155
2012-01-13,267.75,271.15,266.2,267.3,268633
2012-01-16,267.0,267.0,262.5,263.6,122603
2012-01-17,263.55,270.0,263.55,269.4,163673
2012-01-18,269.4,275.0,269.1,271.8,250808
2012-01-19,271.0,277.0,270.5,272.4,164959
2012-01-20,273.85,276.8,272.45,274.65,319688
2012-01-23,274.9,279.0,274.0,278.15,323390
2012-01-24,278.0,282.8,276.0,278.05,468157
2012-01-25,279.75,285.15,278.0,283.4,466520
2012-01-27,283.6,290.6,283.6,289.25,269160
2012-01-30,289.1,291.55,279.35,281.0,190905
2012-01-31,280.8,290.95,280.35,288.8,157737
2012-02-01,289.0,290.35,268.1,271.5,1105051
2012-02-02,271.6,276.0,270.0,274.1,768000
2012-02-03,274.85,277.0,271.05,272.0,484009
2012-02-06,272.7,278.4,272.05,274.85,906460
2012-02-07,275.25,278.4,270.2,271.2,622523
2012-02-08,274.0,274.0,269.45,272.55,487593
2012-02-09,272.0,273.2,269.1,271.75,665461
2012-02-10,276.0,282.8,274.55,275.7,696485
2012-02-13,277.4,279.8,274.35,275.75,481973
2012-02-14,280.1,282.8,272.15,273.95,487044
2012-02-15,275.0,278.2,274.6,276.65,382740
2012-02-16,275.15,278.5,268.25,269.45,704947
2012-02-17,273.9,275.4,270.1,270.8,431284
2012-02-21,271.0,274.6,268.0,272.8,489368
2012-02-22,273.9,281.9,270.8,277.05,868150
2012-02-23,275.0,285.45,275.0,283.55,1067706
2012-02-24,285.0,291.65,275.0,276.5,970573
2012-02-27,278.0,282.0,270.1,273.5,946365
2012-02-28,273.0,278.8,270.15,275.85,296781
2012-02-29,278.9,285.0,275.8,283.8,640117
2012-03-01,285.0,287.3,265.4,277.65,650552
2012-03-02,279.5,282.55,276.6,277.7,353846
2012-03-05,286.05,288.75,266.1,277.2,637996
2012-03-06,281.0,285.8,277.3,280.1,515977
2012-03-07,277.0,278.9,270.5,272.9,535069
2012-03-09,277.35,277.95,273.0,275.9,304099
2012-03-12,277.9,279.0,275.0,275.5,226085
2012-03-13,276.15,278.8,274.9,276.05,464630
2012-03-14,277.75,278.0,275.0,275.7,562520
2012-03-15,275.05,277.0,271.1,272.75,338023
2012-03-16,273.0,279.9,271.1,273.45,692685
2012-03-19,266.05,274.7,266.05,269.35,260081
2012-03-20,271.8,272.45,268.1,270.1,551400
2012-03-21,268.1,273.5,268.1,270.7,490529
2012-03-22,271.75,272.75,265.05,266.5,364805
2012-03-23,271.0,272.0,265.45,267.7,245354
2012-03-26,268.0,269.05,262.0,262.85,235712
2012-03-27,262.85,265.7,260.05,261.55,482403
2012-03-28,262.4,264.8,258.25,259.75,236919
2012-03-29,258.0,261.35,252.0,254.0,1406602
2012-03-30,255.75,263.85,254.6,262.7,1105898
2012-04-02,261.9,265.9,258.5,260.4,605280
2012-04-03,261.4,267.4,261.05,266.4,552274
2012-04-04,265.0,265.45,261.45,262.85,171583
2012-04-09,259.9,261.7,255.85,256.5,248323
2012-04-10,258.35,258.7,250.4,251.05,364818
2012-04-11,251.0,255.0,248.2,251.05,243059
2012-04-12,251.0,254.4,251.0,252.8,141428
2012-04-13,253.2,256.0,250.3,251.6,209179
2012-04-16,252.55,253.7,250.3,252.55,111374
2012-04-17,253.7,257.0,252.05,256.2,197386
2012-04-18,258.2,264.2,257.65,262.6,596047
2012-04-19,262.05,264.0,259.1,261.65,212164
2012-04-20,262.0,268.0,260.1,263.55,448104
2012-04-23,264.5,265.8,257.7,259.55,341988
2012-04-24,258.2,266.6,257.2,263.8,654227
2012-04-25,265.1,268.7,258.5,260.05,461842
2012-04-26,262.0,262.0,253.25,255.6,638018
2012-04-27,255.0,260.9,255.0,259.2,305694
2012-04-30,261.35,267.4,260.3,265.55,350624
2012-05-02,265.0,267.75,258.5,259.25,385984
2012-05-03,258.1,261.0,258.1,258.8,136847
2012-05-04,255.3,259.8,255.3,257.4,298983
2012-05-07,258.4,266.7,256.5,265.1,430622
2012-05-08,265.0,266.75,262.0,265.1,439606
2012-05-09,262.25,270.0,262.25,266.95,350962
2012-05-10,267.0,269.35,264.2,265.8,387897
2012-05-11,265.8,268.0,260.55,262.2,219712
2012-05-14,264.65,265.0,260.05,263.6,261927
2012-05-15,263.1,268.0,262.3,266.25,287549
2012-05-16,265.0,273.0,265.0,267.45,700417
2012-05-17,269.0,274.2,266.5,268.55,561622
2012-05-18,266.95,275.4,265.05,271.1,431683
2012-05-21,272.3,278.0,269.0,270.05,449517
2012-05-22,272.45,274.45,270.3,271.55,300792
2012-05-23,273.5,275.85,271.6,273.2,278299
2012-05-24,281.4,289.9,269.05,270.2,1448424
2012-05-25,235.35,271.2,235.35,265.75,497212
2012-05-28,267.0,271.0,264.25,265.85,1271843
2012-05-29,266.5,268.7,260.0,260.5,513146
2012-05-30,259.0,259.0,253.1,253.75,384370
2012-05-31,251.05,258.0,248.5,255.6,555440
2012-06-01,255.6,257.95,253.55,256.15,284032
2012-06-04,255.05,261.5,254.1,259.85,401446
2012-06-05,259.8,261.2,256.05,257.25,228961
2012-06-06,258.0,259.9,252.7,253.95,442458
2012-06-07,254.15,255.85,249.6,249.95,551483
2012-06-08,249.0,251.0,248.05,248.45,635885
2012-06-11,249.1,250.95,246.7,247.25,488475
2012-06-12,247.0,249.4,246.5,247.2,303683
2012-06-13,247.55,249.9,244.25,245.65,397687
2012-06-14,245.15,246.9,242.3,243.25,461285
2012-06-15,246.5,246.5,239.6,240.1,719918
2012-06-18,242.1,244.5,240.3,241.3,481864
2012-06-19,241.5,251.5,240.55,250.1,1354129
2012-06-20,252.0,255.35,250.35,254.35,683187
2012-06-21,255.5,268.7,255.35,261.75,1630710
2012-06-22,266.0,267.0,261.0,261.85,618751
2012-06-25,263.0,265.25,258.7,259.9,535841
2012-06-26,259.25,261.9,257.5,260.2,375823
2012-06-27,261.0,261.8,257.15,258.75,272573
2012-06-28,258.45,258.55,251.5,253.1,1036725
2012-06-29,253.05,256.4,251.5,255.75,444012
2012-07-02,255.1,258.95,252.65,255.85,266658
2012-07-03,256.0,267.0,255.35,265.95,653545
2012-07-04,264.95,266.7,262.0,264.05,611622
2012-07-05,264.95,267.8,262.65,265.45,222975
2012-07-06,267.0,271.2,265.2,269.85,622599
2012-07-09,272.0,272.95,264.35,265.65,375151
2012-07-10,268.0,268.0,264.3,266.3,311843
2012-07-11,262.2,269.0,262.2,267.35,227606
2012-07-12,267.2,274.2,266.9,272.45,463065
2012-07-13,272.5,276.15,270.15,271.25,269513
2012-07-16,272.6,272.6,268.25,271.0,239863
2012-07-17,271.75,274.0,269.1,271.7,264944
2012-07-18,272.25,273.15,268.25,269.25,426536
2012-07-19,272.05,275.0,270.0,274.15,238104
2012-07-20,275.0,275.0,270.2,270.85,130044
2012-07-23,272.3,272.3,268.0,270.45,297445
2012-07-24,272.5,272.7,269.0,269.8,337474
2012-07-25,268.3,269.4,266.5,267.4,208257
2012-07-26,267.4,269.35,258.55,261.15,541819
2012-07-27,262.35,265.55,258.6,260.65,260257
2012-07-30,260.4,266.65,258.6,265.4,369253
2012-07-31,265.4,272.95,261.35,269.9,519865
2012-08-01,269.0,271.7,266.25,267.5,266306
2012-08-02,267.55,267.55,263.4,263.9,152504
2012-08-03,264.0,264.1,259.3,262.6,182247
2012-08-06,263.15,264.0,256.8,257.7,321937
2012-08-07,258.0,258.0,248.65,255.1,567659
2012-08-08,256.5,259.0,254.95,256.1,361575
2012-08-09,255.15,258.55,248.0,251.6,686408
2012-08-10,249.8,252.4,243.6,250.35,821982
2012-08-13,250.1,255.4,249.0,254.5,241144
2012-08-14,254.95,256.85,252.6,254.9,216115
2012-08-16,254.35,254.35,249.8,250.5,313365
2012-08-17,252.4,253.5,251.05,252.05,150777
2012-08-21,252.55,255.25,250.5,251.95,232328
2012-08-22,251.45,257.7,250.55,256.05,598358
2012-08-23,254.75,255.7,251.7,252.85,204501
2012-08-24,255.0,255.0,248.6,249.6,368396
2012-08-27,250.0,251.0,247.3,248.45,126350
2012-08-28,247.65,249.0,246.5,247.15,145613
2012-08-29,248.4,248.55,243.4,244.05,157728
2012-08-30,244.75,249.05,242.65,246.25,991392
2012-08-31,246.05,247.2,242.1,242.55,248762
2012-09-03,244.55,244.55,240.1,242.8,233560
2012-09-04,242.7,245.85,242.25,243.95,263721
2012-09-05,243.5,247.7,239.25,245.5,547279
2012-09-06,247.0,248.5,245.0,247.45,295502
2012-09-07,250.5,252.4,242.2,248.3,688117
2012-09-10,250.05,253.0,248.15,252.25,313329
2012-09-11,255.0,256.75,251.55,253.55,413538
2012-09-12,250.0,255.0,250.0,253.05,165187
2012-09-13,255.0,256.35,253.5,254.6,211129
2012-09-14,268.0,268.0,248.1,248.8,1605099
2012-09-17,250.3,253.95,247.0,247.8,431231
2012-09-18,248.05,249.9,247.1,248.35,286053
2012-09-20,238.2,250.9,238.2,248.15,594784
2012-09-21,248.3,255.0,245.25,252.7,910356
2012-09-24,253.0,257.0,253.0,256.2,379334
2012-09-25,254.9,258.0,252.2,254.15,241917
2012-09-26,253.5,256.65,253.5,254.6,168648
2012-09-27,255.9,256.6,247.2,248.8,875361
2012-09-28,248.8,253.4,248.8,250.5,428277
2012-10-01,251.2,254.0,250.6,252.95,269032
2012-10-03,254.25,255.9,253.0,254.1,351877
2012-10-04,256.65,265.9,255.55,260.3,1626637
2012-10-05,260.95,261.9,256.0,259.15,346135
2012-10-08,260.15,264.0,258.9,260.05,401497
2012-10-09,259.05,263.0,257.05,258.6,309149
2012-10-10,257.5,259.5,255.8,258.45,211328
2012-10-11,259.75,261.0,256.35,258.85,256260
2012-10-12,260.4,260.4,256.1,257.3,253884
2012-10-15,256.5,257.95,255.0,255.7,153464
2012-10-16,260.0,270.0,253.05,254.5,242123
2012-10-17,255.0,260.0,254.25,256.75,180640
2012-10-18,258.05,259.3,255.2,257.9,325607
2012-10-19,256.1,260.0,256.1,259.4,342660
2012-10-22,259.95,260.4,257.1,259.75,211488
2012-10-23,257.8,261.25,257.8,260.15,361435
2012-10-25,262.0,262.9,258.75,260.2,1242371
2012-10-26,259.0,261.8,259.0,260.7,169578
2012-10-29,260.7,261.9,259.5,260.3,142508
2012-10-30,260.45,261.25,258.75,259.8,153529
2012-10-31,258.55,262.0,252.0,260.5,717163
2012-11-01,261.95,262.9,259.3,260.1,174838
2012-11-02,260.0,264.0,259.85,262.5,261067
2012-11-05,263.0,265.0,259.85,260.6,325048
2012-11-06,262.6,264.8,259.6,262.15,248753
2012-11-07,261.55,263.9,260.4,263.5,441097
2012-11-08,262.2,266.3,261.75,265.5,361745
2012-11-09,266.25,267.5,261.35,262.1,449972
2012-11-12,263.05,264.7,261.35,261.5,672768
2012-11-13,262.9,295.0,262.8,264.1,96917
2012-11-15,258.7,263.35,257.85,258.5,604791
2012-11-16,258.0,263.3,257.0,258.0,202797
2012-11-19,254.4,258.0,254.4,255.85,445453
2012-11-20,256.85,259.0,254.65,258.1,233810
2012-11-21,258.3,259.75,256.1,258.9,360284
2012-11-22,259.05,259.05,256.5,257.5,69570
2012-11-23,259.8,259.8,256.35,259.05,108265
2012-11-26,259.05,260.75,258.05,259.45,140650
2012-11-27,264.0,264.0,258.85,260.35,413120
2012-11-29,269.0,274.9,259.55,261.8,830841
2012-11-30,264.0,265.0,261.75,263.75,248939
2012-12-03,263.55,264.8,260.1,261.85,273937
2012-12-04,261.15,264.4,261.15,262.4,318059
2012-12-05,262.75,263.7,260.6,262.7,256821
2012-12-06,264.0,265.0,260.65,264.15,308752
2012-12-07,264.9,267.9,263.0,264.25,374111
2012-12-10,267.0,267.0,261.6,264.85,315619
2012-12-11,265.0,265.8,261.0,263.6,237691
2012-12-12,262.35,263.0,260.1,260.7,96623
2012-12-13,260.95,265.55,259.5,260.6,1014157
2012-12-14,261.9,261.9,259.0,261.0,152607
2012-12-17,261.4,263.4,260.05,261.3,99032
2012-12-18,261.65,262.4,259.8,261.15,142477
2012-12-19,260.15,263.0,259.5,261.8,233655
2012-12-20,261.1,261.9,258.1,259.85,139970
2012-12-21,258.1,261.0,257.0,259.7,574802
2012-12-24,259.75,260.7,256.55,257.4,403166
2012-12-26,257.4,260.0,257.05,259.2,223510
2012-12-27,257.15,262.4,257.1,261.0,606144
2012-12-28,262.8,269.9,261.5,268.85,833950
2012-12-31,269.9,271.8,266.0,269.9,344615
2013-01-01,270.95,270.95,264.7,266.65,229193
2013-01-02,267.0,272.5,266.95,272.0,322732
2013-01-03,273.95,273.95,269.3,271.55,191051
2013-01-04,272.1,288.8,271.55,281.15,1668420
2013-01-07,272.25,289.85,272.25,281.25,1813573
2013-01-08,285.05,286.3,278.85,281.35,545350
2013-01-09,285.6,294.5,280.6,286.35,1339629
2013-01-10,290.0,297.9,282.75,286.15,1956605
2013-01-11,287.1,288.2,281.8,284.75,297482
2013-01-14,282.4,289.1,281.0,288.1,531447
2013-01-15,289.05,299.4,285.85,297.55,1488679
2013-01-16,302.0,305.9,295.0,296.95,620940
2013-01-17,298.05,322.2,294.75,315.9,5272186
2013-01-18,320.0,374.0,319.2,349.3,9826663
2013-01-21,349.95,357.45,338.5,344.6,3766520
2013-01-22,344.0,348.4,329.5,333.4,1937283
2013-01-23,331.0,335.5,320.35,325.95,1683751
2013-01-24,326.9,330.35,312.6,313.85,1159305
2013-01-25,314.0,324.9,312.5,323.55,1299605
2013-01-28,323.5,326.25,315.2,318.6,954775
2013-01-29,318.6,323.4,309.2,310.45,1278422
2013-01-30,315.85,318.95,310.05,313.65,1542677
2013-01-31,316.9,330.0,312.2,327.3,2367317
2013-02-01,329.0,338.9,325.6,336.85,1648281
2013-02-04,336.85,341.45,326.7,328.6,877366
2013-02-05,328.6,333.9,324.85,332.45,798288
2013-02-06,332.4,335.45,330.5,332.8,1177737
2013-02-07,335.6,335.6,322.0,326.2,1310113
2013-02-08,325.7,327.35,313.4,315.2,933170
2013-02-11,314.85,317.75,311.0,312.4,861818
2013-02-12,313.0,319.0,312.95,317.05,844416
2013-02-13,317.05,323.8,317.05,320.2,1000261
2013-02-14,325.9,339.8,313.5,316.55,1481624
2013-02-15,318.05,320.75,308.1,314.8,1343602
2013-02-18,323.65,324.5,311.4,312.55,669562
2013-02-19,314.6,315.5,309.7,314.45,414562
2013-02-20,317.45,320.9,313.65,317.9,764208
2013-02-21,317.85,320.3,313.25,314.2,841999
2013-02-22,315.5,317.5,310.55,312.35,714399
2013-02-25,312.35,313.65,305.0,306.6,408919
2013-02-26,305.95,308.45,292.8,293.95,686601
2013-02-27,294.7,313.0,293.1,306.4,1165231
2013-02-28,307.0,314.5,288.6,292.7,1591398
2013-03-01,293.0,302.4,291.0,298.85,578798
2013-03-04,303.9,305.0,299.25,303.8,670688
2013-03-05,304.0,309.0,298.1,308.1,645986
2013-03-06,308.95,309.9,305.35,307.05,304842
2013-03-07,310.0,315.0,304.15,307.2,286011
2013-03-08,308.55,314.7,307.35,311.95,580708
2013-03-11,310.95,316.75,310.05,313.8,366042
2013-03-12,314.2,315.0,306.65,310.5,329591
2013-03-13,312.0,312.5,306.3,308.7,415148
2013-03-14,308.5,313.4,305.2,309.8,571978
2013-03-15,310.2,320.05,310.2,317.55,1456385
2013-03-18,314.25,317.55,306.3,310.7,488746
2013-03-19,310.25,313.2,302.65,305.2,556538
2013-03-20,305.2,308.85,297.0,300.0,991767
2013-03-21,298.15,306.9,297.25,299.2,520101
2013-03-22,296.15,298.9,285.15,290.05,561516
2013-03-25,301.0,302.95,277.25,279.45,1052815
2013-03-26,284.0,284.0,271.8,273.3,240342
2013-03-28,273.35,283.9,269.95,281.6,465444
2013-04-01,281.45,283.25,278.95,281.4,280421
2013-04-02,278.95,286.85,278.1,284.75,290726
2013-04-03,282.0,293.0,282.0,289.8,732450
2013-04-04,290.2,292.15,280.25,282.85,363846
2013-04-05,284.0,290.5,282.8,288.4,667868
2013-04-08,290.5,292.0,287.4,290.25,322070
2013-04-09,287.35,294.25,285.4,286.95,355984
2013-04-10,285.0,289.75,285.0,287.55,286054
2013-04-11,288.05,290.65,286.85,288.8,211008
2013-04-12,286.0,292.5,285.85,290.7,305964
2013-04-15,294.7,304.75,293.3,301.7,885241
2013-04-16,304.0,308.85,300.6,303.05,744250
2013-04-17,303.0,306.7,296.95,301.35,496345
2013-04-18,303.05,307.7,302.05,303.0,428009
2013-04-22,300.0,308.0,300.0,303.75,244765
2013-04-23,304.7,309.0,300.0,307.35,345976
2013-04-25,305.0,307.8,302.85,303.8,419708
2013-04-26,303.8,305.65,300.0,301.1,241537
2013-04-29,299.3,304.2,299.3,301.9,273419
2013-04-30,300.15,303.9,291.5,299.4,665836
2013-05-02,302.0,306.0,299.55,302.85,479928
2013-05-03,301.0,301.65,291.5,292.35,344407
2013-05-06,293.3,296.1,290.0,294.55,222472
2013-05-07,293.7,296.75,291.55,293.95,286991
2013-05-08,293.95,294.85,288.65,291.8,475483
2013-05-09,290.7,295.6,289.15,294.6,468792
2013-05-10,297.0,307.0,295.75,305.6,1110424
2013-05-13,307.05,309.85,299.0,299.75,338142
2013-05-14,301.0,306.55,300.25,303.3,426235
2013-05-15,303.8,311.0,303.25,310.15,893446
2013-05-16,306.05,320.6,306.05,311.45,832685
2013-05-17,309.1,313.9,308.55,311.35,299934
2013-05-20,308.0,312.0,302.55,303.15,409602
2013-05-21,302.0,307.0,301.0,304.8,255810
2013-05-22,305.0,305.8,290.1,293.05,1264129
2013-05-23,289.1,296.0,285.8,286.6,841397
2013-05-24,285.0,291.65,285.0,289.25,417164
2013-05-27,290.7,293.5,287.0,289.1,202131
2013-05-28,287.2,293.85,287.2,293.35,188255
2013-05-29,293.2,294.55,290.5,292.0,330438
2013-05-30,293.5,299.9,292.0,294.5,883025
2013-05-31,297.95,298.6,285.0,285.85,813244
2013-06-03,288.1,290.7,283.55,284.35,376546
2013-06-04,283.7,287.0,283.05,283.75,222281
2013-06-05,284.95,285.95,281.5,282.0,277091
2013-06-06,279.05,281.95,276.05,276.55,843120
2013-06-07,275.0,276.9,268.5,270.05,605489
2013-06-10,269.2,270.0,265.25,266.45,401621
2013-06-11,265.95,265.95,256.6,260.45,510611
2013-06-12,261.0,264.35,259.0,260.15,308741
2013-06-13,260.0,260.9,248.0,250.7,430429
2013-06-14,251.05,255.7,250.8,251.85,513944
2013-06-17,255.0,255.0,250.0,253.0,651189
2013-06-18,251.55,253.35,247.5,248.3,448710
2013-06-19,247.0,247.05,240.0,240.65,794717
2013-06-20,238.2,243.3,233.05,240.65,1093016
2013-06-21,240.9,243.2,233.2,234.9,823707
2013-06-24,235.0,236.9,218.5,219.05,940238
2013-06-25,218.8,226.5,218.8,222.6,490786
2013-06-26,223.25,225.7,220.15,221.8,174317
2013-06-27,221.35,225.75,220.0,223.45,388591
2013-06-28,225.65,235.9,225.65,234.75,450373
2013-07-01,237.8,237.8,232.0,236.6,310764
2013-07-02,239.0,241.5,235.15,236.6,394053
2013-07-03,231.0,232.8,224.1,225.7,366336
2013-07-04,225.0,227.6,222.55,224.4,313909
2013-07-05,225.5,227.7,224.5,225.25,147006
2013-07-08,223.75,223.75,216.5,217.0,712768
2013-07-09,220.0,220.5,217.0,219.5,474799
2013-07-10,220.95,220.95,218.5,219.15,287208
2013-07-11,219.6,223.5,219.6,222.25,209379
2013-07-12,222.0,224.7,222.0,223.7,178548
2013-07-15,225.0,228.9,224.2,227.35,378483
2013-07-16,225.5,231.4,224.95,229.45,297529
2013-07-17,227.45,230.6,224.0,225.15,514130
2013-07-18,225.0,229.7,224.5,228.75,174765
2013-07-19,228.0,230.0,222.0,225.35,226174
2013-07-22,225.35,226.0,222.1,224.75,151313
2013-07-23,226.4,228.5,224.3,225.7,438786
2013-07-24,228.0,228.0,222.3,223.2,337989
2013-07-25,220.3,223.0,218.0,220.25,1932573
2013-07-26,220.0,224.5,220.0,223.35,145899
2013-07-29,225.0,225.5,212.0,213.0,201054
2013-07-30,212.95,212.95,194.05,195.45,676710
2013-07-31,193.0,208.0,186.0,204.9,1217259
2013-08-01,210.0,210.0,190.15,195.55,669971
2013-08-02,190.8,195.4,187.5,193.05,798712
2013-08-05,191.75,195.95,187.95,194.35,333253
2013-08-06,190.55,198.35,190.0,192.9,635120
2013-08-07,192.0,197.35,191.25,195.45,346860
2013-08-08,195.6,196.5,192.25,195.5,158049
2013-08-12,197.0,203.0,194.85,200.25,273137
2013-08-13,200.0,202.85,195.1,200.8,385647
2013-08-14,201.0,217.5,200.85,214.85,747351
2013-08-16,212.55,215.5,208.0,210.45,636313
2013-08-19,208.0,213.85,203.95,208.05,346742
2013-08-20,206.1,213.5,202.0,210.3,455774
2013-08-21,214.9,217.0,207.5,211.15,566118
2013-08-22,207.0,210.8,202.1,209.7,382325
2013-08-23,209.7,214.95,208.05,213.25,352275
2013-08-26,213.8,217.7,209.15,214.7,493709
2013-08-27,215.0,215.0,207.0,208.1,314098
2013-08-28,198.4,214.8,195.4,207.75,594666
2013-08-29,212.9,214.0,208.5,209.7,824345
2013-09-03,213.0,213.0,206.05,206.85,455686
2013-09-04,206.1,211.4,204.3,210.75,295028
2013-09-05,212.5,225.3,211.3,222.4,437910
2013-09-06,225.0,235.45,220.15,232.05,881224
2013-09-10,235.0,235.0,222.0,223.5,481719
2013-09-11,223.0,231.7,223.0,229.25,1121335
2013-09-12,230.1,232.5,225.65,228.55,577330
2013-09-13,226.25,234.7,225.3,232.95,638584
2013-09-16,233.1,236.5,227.95,231.85,1529978
2013-09-17,229.55,234.5,229.55,233.3,810567
2013-09-18,232.0,234.5,229.55,230.2,232670
2013-09-19,232.5,238.4,232.0,234.05,773086
2013-09-20,234.0,235.8,219.0,223.7,1676692
2013-09-23,222.0,227.3,215.65,221.2,743600
2013-09-24,218.95,222.35,217.95,219.55,190422
2013-09-25,218.95,221.0,214.0,215.95,379876
2013-09-26,212.9,215.15,205.7,206.95,676162
2013-09-27,207.05,217.35,207.05,211.25,700816
2013-09-30,208.65,213.0,206.3,207.85,603912
2013-10-01,206.0,209.2,200.0,204.65,623218
2013-10-03,207.6,209.5,203.6,207.75,461637
2013-10-04,207.2,214.0,207.05,211.55,472663
2013-10-07,210.0,213.0,207.05,212.45,305472
2013-10-08,212.45,214.15,209.2,210.45,306849
2013-10-09,208.25,209.75,207.15,207.75,365259
2013-10-10,207.75,211.0,206.6,208.05,357977
2013-10-11,211.0,211.0,205.2,205.95,273014
2013-10-14,205.0,206.0,201.5,202.4,272666
2013-10-15,203.0,205.0,198.8,200.65,532421
2013-10-17,201.0,203.9,196.35,198.05,617683
2013-10-18,202.0,202.0,199.0,199.85,722566
2013-10-21,200.0,202.1,198.35,199.1,438947
2013-10-22,201.0,204.8,199.5,203.25,625181
2013-10-23,205.2,206.0,201.1,202.25,411986
2013-10-24,202.35,204.8,198.5,199.2,669422
2013-10-25,199.2,201.0,198.95,199.2,404948
2013-10-28,201.0,201.0,199.5,199.95,284851
2013-10-29,199.95,202.9,198.0,198.7,727545
2013-10-30,200.05,201.7,199.1,200.2,338104
2013-10-31,202.9,203.25,200.95,202.05,898735
2013-11-01,202.8,207.45,202.1,205.9,620004
2013-11-05,211.8,218.1,209.2,216.05,1229331
2013-11-06,217.4,221.4,215.25,216.15,840313
2013-11-07,217.0,218.3,207.2,210.1,450691
2013-11-08,208.95,217.0,208.35,213.3,779856
2013-11-11,208.25,209.65,202.45,203.1,447840
2013-11-12,204.0,204.9,197.7,198.95,431730
2013-11-13,198.45,199.2,196.05,197.6,307510
2013-11-14,199.0,202.2,197.7,198.1,231264
2013-11-18,201.3,203.4,199.4,203.05,289066
2013-11-19,202.75,205.65,202.7,204.8,303759
2013-11-20,203.5,207.45,200.2,201.3,316841
2013-11-21,201.0,203.9,198.2,198.8,284145
2013-11-22,199.2,201.7,199.2,200.6,214623
2013-11-25,204.65,207.5,204.15,205.85,562294
2013-11-26,206.1,207.8,200.2,201.0,199121
2013-11-27,201.0,202.0,198.3,199.65,453751
2013-11-28,198.25,201.7,198.25,200.1,468487
2013-11-29,200.25,202.7,199.55,201.05,689355
2013-12-02,203.9,204.0,202.05,203.55,243156
2013-12-03,202.0,203.5,201.0,202.25,170365
2013-12-04,202.0,205.3,200.75,202.35,285540
2013-12-05,203.05,206.5,203.05,205.35,415082
2013-12-06,204.0,209.0,201.0,205.25,539192
2013-12-09,210.0,211.0,206.35,208.65,449198
2013-12-10,208.65,210.0,203.5,204.35,359088
2013-12-11,204.4,208.4,203.1,206.05,460840
2013-12-12,204.1,205.35,202.15,202.6,221545
2013-12-13,202.05,204.55,198.5,199.25,532070
2013-12-16,200.7,200.7,197.1,197.7,265505
2013-12-17,199.0,199.9,196.6,197.0,187288
2013-12-18,196.05,203.9,196.05,202.6,302792
2013-12-19,203.0,203.55,198.1,199.95,370520
2013-12-20,198.55,205.0,198.55,204.25,492328
2013-12-23,203.95,209.9,203.25,208.05,765647
2013-12-24,210.1,212.4,207.0,211.7,528179
2013-12-26,213.0,216.8,212.5,213.25,940588
2013-12-27,214.9,214.9,211.95,213.05,285927
2013-12-30,215.0,215.0,210.85,211.9,161079
2013-12-31,211.5,215.75,211.0,214.15,518660
2014-01-01,212.6,214.8,207.5,208.55,434131
2014-01-02,210.9,212.2,205.1,205.8,925310
2014-01-03,205.8,207.25,202.6,203.45,304665
2014-01-06,205.5,206.5,203.0,204.55,1005131
2014-01-07,204.0,205.0,198.1,199.75,922477
2014-01-08,199.75,202.35,195.0,195.5,1240027
2014-01-09,196.7,200.75,193.75,198.85,1024051
2014-01-10,200.4,203.6,199.55,200.7,874603
2014-01-13,201.9,208.9,201.6,207.35,778592
2014-01-14,205.5,208.4,203.85,206.1,416467
2014-01-15,205.15,210.0,205.15,209.55,390233
2014-01-16,210.05,213.0,209.35,212.25,485614
2014-01-17,214.0,227.9,214.0,225.1,3298324
2014-01-20,224.0,226.15,220.2,224.75,884380
2014-01-21,225.0,227.9,222.8,225.1,377422
2014-01-22,226.5,229.9,225.5,228.75,381172
2014-01-23,228.55,230.6,226.65,227.95,464583
2014-01-24,227.0,229.1,225.1,227.85,334388
2014-01-27,225.0,227.2,221.5,223.6,412891
2014-01-28,224.0,225.5,221.05,223.7,313361
2014-01-29,224.0,239.5,223.6,235.6,1286601
2014-01-30,234.0,238.85,231.5,236.9,1263079
2014-01-31,239.7,247.0,233.7,245.35,841386
2014-02-03,245.0,248.9,239.9,245.1,479607
2014-02-04,245.65,245.65,241.1,242.8,327683
2014-02-05,241.5,244.0,235.8,238.1,366974
2014-02-06,239.9,248.0,236.0,246.4,735368
2014-02-07,248.0,249.65,244.05,246.05,387141
2014-02-10,246.0,250.75,243.5,249.55,332745
2014-02-11,250.95,259.45,247.25,258.4,901554
2014-02-12,260.0,260.05,251.2,257.05,746365
2014-02-13,259.65,259.65,242.6,244.5,316851
2014-02-14,240.1,244.0,238.4,240.1,571620
2014-02-17,241.0,243.7,238.0,240.85,408216
2014-02-18,241.0,245.25,236.7,238.3,366949
2014-02-19,238.0,242.0,233.2,241.0,460837
2014-02-20,239.95,243.15,236.45,237.8,285929
2014-02-21,238.0,244.7,237.15,243.05,736359
2014-02-24,243.1,250.45,242.9,244.05,550712
2014-02-25,244.0,248.95,244.0,247.45,428073
2014-02-26,247.5,253.1,241.25,248.0,700516
2014-02-28,247.3,253.0,245.0,248.35,751573
2014-03-03,248.15,252.8,244.8,250.65,454867
2014-03-04,250.0,254.95,247.05,253.05,730947
2014-03-05,253.3,257.6,253.0,255.2,268598
2014-03-06,257.0,266.15,247.9,264.45,2270824
2014-03-07,265.0,270.8,260.1,267.25,844606
2014-03-10,267.0,273.45,266.0,268.75,835533
2014-03-11,270.0,275.0,269.0,269.9,752580
2014-03-12,269.05,269.05,261.0,264.8,288389
2014-03-13,264.0,289.5,260.0,276.0,2007190
2014-03-14,276.0,282.0,265.35,269.0,1029559
2014-03-18,270.5,275.0,266.85,268.3,556520
2014-03-19,270.0,271.7,259.05,261.25,892092
2014-03-20,255.0,258.8,249.1,253.1,1491910
2014-03-21,250.5,253.0,241.0,242.1,1638115
2014-03-24,245.35,256.0,243.75,255.15,1503471
2014-03-25,255.0,263.6,251.55,261.75,1616275
2014-03-26,261.75,267.7,260.6,263.15,576046
2014-03-27,260.9,274.4,260.5,270.0,1364135
2014-03-28,271.9,278.0,270.0,275.05,391189
2014-03-31,276.0,285.0,275.05,281.65,511510
2014-04-01,280.7,283.9,272.65,273.95,464186
2014-04-02,274.3,279.45,273.65,276.9,459902
2014-04-03,277.0,278.75,270.0,273.45,798130
2014-04-04,268.1,284.75,264.3,281.6,4201817
2014-04-07,283.0,286.0,272.1,274.25,850960
2014-04-09,275.0,282.2,275.0,280.9,767963
2014-04-10,281.05,282.4,274.1,277.2,1255849
2014-04-11,277.1,280.7,271.05,272.1,693144
2014-04-15,272.15,274.15,264.05,266.35,788325
2014-04-16,265.0,266.85,260.0,261.1,657706
2014-04-17,263.0,265.8,258.7,264.05,692188
2014-04-21,266.75,268.65,262.0,266.25,817058
2014-04-22,267.6,279.5,265.05,275.7,1231430
2014-04-23,277.0,279.9,269.0,270.6,1944178
2014-04-25,271.0,273.7,262.25,263.55,589654
2014-04-28,260.75,270.0,260.75,264.95,654597
2014-04-29,266.95,268.4,263.3,266.25,389778
2014-04-30,266.5,270.7,258.15,263.45,1008775
2014-05-02,266.2,270.0,263.85,267.7,390622
2014-05-05,269.75,274.4,268.15,269.2,597690
2014-05-06,268.25,273.5,268.25,271.0,370859
2014-05-07,272.0,277.8,270.55,274.35,644043
2014-05-08,275.0,279.0,274.75,278.6,720299
2014-05-09,279.85,288.7,276.25,286.55,1121982
2014-05-12,285.75,303.45,285.75,302.0,2460938
2014-05-13,309.0,319.4,305.8,312.3,2671311
2014-05-14,312.3,314.95,305.3,307.65,631193
2014-05-15,307.65,311.9,303.35,308.45,855224
2014-05-16,330.0,343.55,318.45,327.6,4376180
2014-05-19,330.0,364.65,330.0,357.7,3099699
2014-05-20,359.0,361.4,342.1,348.5,1573479
2014-05-21,348.5,350.05,340.05,345.9,985266
2014-05-22,347.0,358.0,346.35,355.35,1190605
2014-05-23,357.0,371.6,356.0,363.7,1280269
2014-05-26,364.05,381.45,359.0,371.3,1856236
2014-05-27,375.0,377.0,353.25,361.35,1579598
2014-05-28,363.0,364.9,350.5,358.35,973372
2014-05-29,366.0,370.0,350.25,353.4,2483116
2014-05-30,355.5,365.55,355.0,360.1,1326120
2014-06-02,360.1,368.0,360.0,363.3,1014156
2014-06-03,365.9,369.8,355.4,359.25,1296998
2014-06-04,360.45,363.25,351.6,352.45,985723
2014-06-05,351.1,370.8,351.1,367.5,2676329
2014-06-06,372.75,385.05,366.5,373.15,3677154
2014-06-09,375.0,378.9,363.0,367.3,1164872
2014-06-10,369.5,369.5,358.1,358.85,1313395
2014-06-11,361.0,366.5,350.0,351.3,1097854
2014-06-12,352.0,356.8,350.0,352.3,1335972
2014-06-13,351.0,351.0,318.15,333.3,1980172
2014-06-16,332.95,340.95,323.05,335.7,1547583
2014-06-17,339.1,352.7,335.0,350.4,1235197
2014-06-18,347.35,357.3,335.65,342.4,1161013
2014-06-19,340.1,347.95,330.05,334.0,1044145
2014-06-20,331.0,338.0,319.4,321.8,1295890
2014-06-23,320.45,329.0,320.45,327.4,1352730
2014-06-24,330.0,345.7,330.0,342.0,1926680
2014-06-25,345.0,348.0,340.55,343.2,1169104
2014-06-26,328.55,336.0,324.4,327.9,1414283
2014-06-27,329.25,334.45,326.0,332.8,597474
2014-06-30,333.2,345.95,333.2,344.6,760273
2014-07-01,351.5,355.0,341.1,342.7,1573275
2014-07-02,344.5,347.4,340.1,342.95,1257854
2014-07-03,345.8,349.0,341.25,342.85,727606
2014-07-04,344.8,350.45,341.0,348.95,1059543
2014-07-07,348.65,349.5,340.5,342.25,531911
2014-07-08,342.25,346.7,328.0,332.25,994805
2014-07-09,334.0,345.8,331.05,341.75,811134
2014-07-10,341.8,354.0,332.05,342.7,1171545
2014-07-11,343.1,346.6,332.05,333.8,790225
2014-07-14,334.9,337.8,325.2,327.25,848377
2014-07-15,329.0,334.45,328.35,331.8,635043
2014-07-16,333.95,339.95,333.95,338.15,428883
2014-07-17,336.05,341.4,333.0,340.0,550248
2014-07-18,337.55,337.8,333.0,335.2,512076
2014-07-21,336.0,338.3,328.0,329.0,438351
2014-07-22,328.15,333.4,327.55,331.35,447847
2014-07-23,332.1,337.85,329.9,334.2,484208
2014-07-24,335.5,337.45,330.0,330.9,328926
2014-07-25,331.45,332.9,322.2,325.35,390792
2014-07-28,323.15,326.85,319.55,322.1,344297
2014-07-30,320.75,328.45,320.75,324.05,339076
2014-07-31,324.0,335.0,324.0,331.25,1231170
2014-08-01,330.8,337.8,328.65,329.65,523284
2014-08-04,332.0,347.4,332.0,343.55,906292
2014-08-05,344.95,346.0,335.2,336.25,643189
2014-08-06,336.25,338.5,328.35,329.45,553716
2014-08-07,330.45,340.0,330.45,338.6,689059
2014-08-08,332.45,334.7,323.5,324.3,1296114
2014-08-11,325.7,332.0,325.7,329.2,292485
2014-08-12,329.95,343.45,329.95,341.05,1207402
2014-08-13,343.45,351.85,342.55,344.45,1219134
2014-08-14,336.5,339.6,332.6,338.2,565948
2014-08-18,336.3,359.9,336.3,352.35,2013463
2014-08-19,358.7,363.4,355.5,358.3,1852202
2014-08-20,360.0,363.8,353.8,355.15,902476
2014-08-21,354.05,371.05,354.05,368.75,1486156
2014-08-22,370.55,373.5,360.2,362.3,1535557
2014-08-25,362.6,365.9,357.0,357.8,935946
2014-08-26,357.9,361.35,345.55,352.45,980684
2014-08-27,352.95,357.3,352.55,355.4,1084844
2014-08-28,355.35,363.3,355.35,359.4,1853978
2014-09-01,360.9,381.8,360.5,380.65,2366569
2014-09-02,383.0,387.7,381.0,384.7,1553891
2014-09-03,393.9,398.5,388.0,391.0,2599685
2014-09-04,389.6,391.85,377.3,384.5,702907
2014-09-05,386.95,395.45,383.8,387.4,758812
2014-09-08,393.8,402.7,387.8,400.7,1157286
2014-09-09,404.0,405.0,391.35,397.65,1005389
2014-09-10,396.0,397.9,389.5,390.85,665804
2014-09-11,391.95,398.35,389.6,397.05,851381
2014-09-12,400.5,411.2,398.5,400.2,2879146
2014-09-15,400.0,405.5,397.45,399.0,957676
2014-09-16,400.0,400.85,372.1,375.1,1740139
2014-09-17,376.95,380.0,364.5,368.7,947540
2014-09-18,367.2,379.4,364.55,378.1,1025384
2014-09-19,379.8,382.45,370.0,371.1,616039
2014-09-22,370.05,376.9,367.9,373.4,683690
2014-09-23,373.9,376.0,355.3,357.45,1138221
2014-09-24,355.25,359.95,344.15,355.55,1540973
2014-09-25,352.0,358.5,341.35,343.55,1260893
2014-09-26,340.1,354.9,334.05,351.4,1044766
2014-09-29,349.2,356.95,341.0,345.4,876943
2014-09-30,342.55,364.7,340.8,362.4,1846821
2014-10-01,367.2,370.85,360.0,362.7,923884
2014-10-07,363.2,368.1,355.0,357.5,672229
2014-10-08,356.6,385.95,356.6,382.0,2317385
2014-10-09,384.35,387.6,375.3,378.45,1303852
2014-10-10,381.35,390.0,373.5,375.4,997109
2014-10-13,374.5,384.0,365.55,379.65,955301
2014-10-14,380.45,380.9,366.15,367.35,1074841
2014-10-16,370.0,377.8,354.9,359.25,2437972
2014-10-17,360.0,370.8,358.25,365.6,917939
2014-10-20,390.0,394.0,376.95,379.5,3489694
2014-10-21,379.95,379.95,368.5,369.7,963747
2014-10-22,371.9,374.0,360.5,361.95,1739949
2014-10-23,363.95,365.0,362.5,364.05,159932
2014-10-27,364.95,365.75,351.55,353.1,811046
2014-10-28,354.0,359.8,352.3,356.9,1235966
2014-10-29,358.0,361.7,354.0,355.9,1187246
2014-10-30,355.1,359.0,353.05,357.05,1399034
2014-10-31,358.1,367.2,358.1,364.15,1415287
2014-11-03,364.15,370.5,363.9,364.8,1213404
2014-11-05,368.95,375.5,367.55,369.3,1989471
2014-11-07,368.55,379.4,368.0,375.2,3553364
2014-11-10,376.9,382.0,373.25,378.3,1815617
2014-11-11,380.9,386.0,374.65,376.45,1719106
2014-11-12,377.1,380.0,361.0,362.3,1733752
2014-11-13,362.95,364.45,343.25,346.25,2824622
2014-11-14,348.45,358.5,342.2,356.8,2322439
2014-11-17,356.9,358.7,349.4,357.35,1076718
2014-11-18,356.05,360.9,351.05,353.65,1023322
2014-11-19,352.75,357.5,342.8,343.75,1574817
2014-11-20,342.55,346.45,336.7,344.75,882375
2014-11-21,342.5,348.0,342.5,345.8,906314
2014-11-24,346.0,347.5,341.55,344.15,916540
2014-11-25,343.0,348.25,338.5,339.9,1078541
2014-11-26,341.6,344.95,338.5,343.0,523675
2014-11-27,343.0,351.8,342.0,349.05,1510571
2014-11-28,358.0,375.3,356.4,364.95,3455084
2014-12-01,372.2,372.2,358.05,360.3,1279903
2014-12-02,358.35,359.9,348.35,351.85,843003
2014-12-03,353.0,353.2,344.55,345.35,1066167
2014-12-04,346.0,350.2,345.35,347.0,667340
2014-12-05,348.05,349.8,343.55,345.4,483701
2014-12-08,345.95,351.9,342.1,343.9,1067804
2014-12-09,344.95,354.0,344.95,347.85,1503732
2014-12-10,347.85,349.7,344.0,345.2,1203653
2014-12-11,347.95,350.4,344.3,346.15,866223
2014-12-12,348.0,348.7,340.15,341.0,954414
2014-12-15,339.0,342.6,327.55,329.5,966106
2014-12-16,328.05,334.85,325.0,326.8,1422336
2014-12-17,324.15,331.25,316.35,323.1,1718158
2014-12-18,325.6,332.9,325.6,330.0,989288
2014-12-19,331.75,336.0,331.45,334.95,902736
2014-12-22,334.55,337.0,333.0,335.65,640175
2014-12-23,336.45,338.35,332.6,335.05,544497
2014-12-24,333.8,335.8,325.35,326.85,2421510
2014-12-26,328.65,330.05,323.75,327.75,637059
2014-12-29,328.45,335.5,327.1,331.95,731827
2014-12-30,334.4,336.6,328.75,332.5,688485
2014-12-31,332.5,335.7,329.6,332.25,957811
2015-01-01,332.75,338.85,330.75,336.45,394952
2015-01-02,337.95,339.45,333.75,334.6,429389
2015-01-05,335.35,341.9,333.9,338.2,601606
2015-01-06,339.5,340.65,331.7,334.45,1115911
2015-01-07,334.1,337.6,329.6,335.05,838946
2015-01-08,335.95,345.45,333.2,343.5,1150578
2015-01-09,345.7,347.0,337.65,341.7,995989
2015-01-12,341.1,343.0,338.05,339.5,561944
2015-01-13,341.0,344.8,339.0,340.15,525820
2015-01-14,338.55,341.45,335.05,335.7,1042001
2015-01-15,336.25,339.95,331.3,336.05,856657
2015-01-16,335.0,339.3,331.7,336.5,534171
2015-01-19,335.05,338.85,333.55,336.8,446749
2015-01-20,339.6,339.75,335.4,336.75,1149029
2015-01-21,335.5,336.0,328.3,330.05,1205760
2015-01-22,330.05,334.4,328.75,331.65,703038
2015-01-23,332.9,333.45,326.65,331.0,1166620
2015-01-27,331.0,336.5,328.8,331.1,737831
2015-01-28,332.0,339.25,329.6,338.15,827885
2015-01-29,337.55,349.4,337.35,348.35,1528925
2015-01-30,350.0,355.0,343.45,347.3,1260653
2015-02-02,347.0,347.0,336.2,339.95,667359
2015-02-03,339.7,340.9,330.0,330.75,749786
2015-02-04,330.6,339.15,328.7,335.2,616478
2015-02-05,335.95,347.45,331.4,334.65,1021713
2015-02-06,333.0,335.95,325.1,327.55,567830
2015-02-09,324.95,325.95,318.0,319.55,441968
2015-02-10,318.85,322.4,307.0,310.95,740392
2015-02-11,311.85,319.8,311.05,318.05,581660
2015-02-12,319.85,322.25,313.5,315.4,530119
2015-02-13,315.55,320.75,306.75,310.25,3068010
2015-02-16,310.0,322.5,309.95,317.95,1587521
2015-02-18,318.95,333.9,313.05,332.15,1396247
2015-02-19,333.25,346.25,332.0,343.2,1361921
2015-02-20,342.05,343.3,332.15,333.05,570782
2015-02-23,335.0,338.45,331.05,337.9,825901
2015-02-24,340.0,340.3,328.05,328.8,663910
2015-02-25,330.1,332.5,326.4,327.2,403674
2015-02-26,329.45,329.45,324.05,327.65,985029
2015-02-27,328.15,334.8,325.6,333.65,646163
2015-03-02,338.8,355.85,337.0,350.7,2403549
2015-03-03,349.3,359.1,344.65,356.4,1157159
2015-03-04,358.0,358.8,338.0,341.1,670183
2015-03-05,341.0,349.8,339.1,348.7,908191
2015-03-09,349.5,351.5,343.4,349.95,816120
2015-03-10,348.0,348.8,340.4,346.05,617315
2015-03-11,345.65,349.7,338.05,341.05,718763
2015-03-12,339.5,347.8,339.3,345.8,668127
2015-03-13,347.55,348.45,337.85,339.05,530489
2015-03-16,341.0,346.05,339.75,341.45,530837
2015-03-17,344.7,351.5,341.35,347.05,1210734
2015-03-18,349.95,353.9,347.3,349.7,1976092
2015-03-19,351.0,355.95,347.2,350.4,1047718
2015-03-20,350.05,352.4,342.0,344.1,688411
2015-03-23,344.45,345.55,341.0,341.95,269610
2015-03-24,343.0,350.8,341.25,347.25,540688
2015-03-25,348.0,353.3,346.6,351.85,585546
2015-03-26,351.05,356.0,347.2,349.55,1169999
2015-03-27,349.5,353.0,340.4,346.5,625549
2015-03-30,348.95,356.0,347.0,354.5,492154
2015-03-31,355.45,375.4,355.45,368.65,2317136
2015-04-01,369.75,374.7,368.5,370.6,846543
2015-04-06,369.55,375.5,368.55,374.0,630017
2015-04-07,374.2,374.9,370.15,372.2,1130827
2015-04-08,372.0,386.0,370.25,377.15,2749856
2015-04-09,379.75,383.0,372.55,375.0,952355
2015-04-10,376.0,379.8,372.0,375.05,784444
2015-04-13,372.0,382.0,372.0,376.95,706863
2015-04-15,375.05,380.75,371.0,372.95,708832
2015-04-16,370.0,373.6,358.4,363.9,633348
2015-04-17,364.0,368.15,358.4,359.4,519546
2015-04-20,357.35,364.0,355.2,359.45,935471
2015-04-21,357.4,362.15,353.45,355.25,427833
2015-04-22,356.95,366.3,355.15,363.45,999368
2015-04-23,366.45,371.6,363.6,368.5,1183125
2015-04-24,367.55,371.0,354.15,355.8,1022638
2015-04-27,357.3,357.95,345.35,349.6,537745
2015-04-28,351.45,357.65,346.55,351.45,1116029
2015-04-29,352.0,356.3,348.05,349.85,738807
2015-04-30,350.0,364.7,347.55,361.2,1112443
2015-05-04,368.45,369.2,358.15,364.75,703741
2015-05-05,365.4,366.95,358.2,364.2,612064
2015-05-06,362.8,362.8,335.05,336.3,1767081
2015-05-07,339.0,340.0,326.5,330.85,1234189
2015-05-08,333.45,340.7,332.55,335.35,684909
2015-05-11,336.95,339.6,334.9,338.95,616705
2015-05-12,341.95,341.95,326.1,332.35,1195427
2015-05-13,330.55,336.4,323.4,335.0,1593475
2015-05-14,336.0,336.0,327.1,333.95,1006003
2015-05-15,333.55,339.7,332.7,336.65,536843
2015-05-18,338.7,345.8,338.35,343.4,909065
2015-05-19,344.0,347.85,341.55,344.75,434787
2015-05-20,346.95,347.35,342.1,343.6,389559
2015-05-21,344.95,349.8,341.55,348.9,570042
2015-05-22,349.0,350.8,345.45,348.45,562819
2015-05-25,349.95,353.6,346.05,348.85,458218
2015-05-26,349.05,349.75,343.2,347.65,369295
2015-05-27,346.55,359.95,345.85,358.65,692448
2015-05-28,359.95,363.0,356.1,360.65,977447
2015-05-29,362.0,374.65,354.0,356.2,3149915
2015-06-01,357.0,360.65,352.9,354.75,927732
2015-06-02,355.0,356.15,347.5,349.1,629472
2015-06-03,350.0,351.0,336.2,338.9,795150
2015-06-04,340.0,352.0,340.0,350.5,1422269
2015-06-05,350.25,357.0,346.4,355.0,955888
2015-06-08,354.4,354.7,349.0,350.9,382225
2015-06-09,349.0,352.5,348.2,349.7,1027047
2015-06-10,349.0,354.0,345.5,346.5,563562
2015-06-11,349.5,349.5,338.55,339.85,858622
2015-06-12,342.0,351.9,341.7,350.8,1219023
2015-06-15,352.0,358.0,350.5,353.3,621460
2015-06-16,353.5,361.8,350.2,356.8,854268
2015-06-17,356.45,359.95,350.3,351.65,520359
2015-06-18,354.45,376.4,353.55,374.5,2481567
2015-06-19,376.9,385.0,372.1,382.45,2720280
2015-06-22,382.6,384.75,380.35,382.95,981838
2015-06-23,382.2,399.9,379.2,398.0,1938583
2015-06-24,398.05,401.85,387.05,389.85,1239392
2015-06-25,388.0,390.75,384.0,388.5,2006169
2015-06-26,388.9,389.9,380.95,384.5,997302
2015-06-29,375.6,393.75,375.0,384.75,1723453
2015-06-30,385.5,389.8,383.5,385.4,1182396
2015-07-01,383.0,396.0,383.0,391.65,2023596
2015-07-02,393.0,415.0,393.0,412.4,3376138
2015-07-03,413.5,419.2,407.65,417.2,2557946
2015-07-06,419.8,427.95,418.1,426.4,2517091
2015-07-07,430.0,433.5,422.0,427.1,2023539
2015-07-08,426.9,438.4,425.0,429.35,2358193
2015-07-09,430.1,430.5,413.85,418.4,2524710
2015-07-10,415.15,425.5,412.65,420.3,2000909
2015-07-13,421.0,429.75,420.3,424.7,1424488
2015-07-14,424.4,440.8,422.6,438.85,2344202
2015-07-15,440.0,440.75,430.15,432.8,1605552
2015-07-16,431.05,449.5,431.05,441.95,2413580
2015-07-17,442.1,446.9,437.9,439.0,1676466
2015-07-20,443.75,449.55,440.75,445.1,1942126
2015-07-21,449.0,449.0,437.05,438.65,713037
2015-07-22,441.0,452.2,438.3,447.8,2570786
2015-07-23,449.9,459.2,449.0,454.65,1952790
2015-07-24,457.0,465.9,454.0,457.45,2053478
2015-07-27,457.85,465.0,453.55,455.7,1153094
2015-07-28,460.0,460.7,443.2,446.0,1784461
2015-07-29,445.3,456.0,442.5,448.1,1378523
2015-07-30,449.1,451.75,443.45,445.9,2591532
2015-07-31,446.2,446.95,428.1,431.35,2020971
2015-08-03,437.15,439.9,420.5,425.05,3506627
2015-08-04,429.95,433.0,421.15,425.1,1743267
2015-08-05,426.2,431.65,421.5,423.3,1284759
2015-08-06,424.95,429.3,415.8,418.95,1400439
2015-08-07,422.95,432.45,415.55,426.4,3814951
2015-08-10,430.2,441.05,426.7,429.75,2851417
2015-08-11,430.0,436.7,416.7,418.65,1917596
2015-08-12,423.45,423.45,379.35,388.4,3715890
2015-08-13,385.6,402.0,377.95,394.9,5600920
2015-08-14,396.95,396.95,385.35,389.65,2085694
2015-08-17,392.15,395.5,381.7,384.95,1579778
2015-08-18,387.95,403.5,387.0,400.05,2787153
2015-08-19,398.95,404.8,395.0,397.95,1430416
2015-08-20,402.0,406.25,392.8,397.7,2079204
2015-08-21,395.85,396.95,383.4,394.85,1878692
2015-08-24,382.0,386.7,375.25,378.1,16516604
2015-08-25,374.0,434.3,366.0,394.85,11679979
2015-08-26,393.75,414.0,387.05,393.9,5961274
2015-08-27,402.65,414.5,399.55,409.85,6301139
2015-08-28,410.4,413.55,395.7,405.25,3196442
2015-08-31,405.8,416.4,403.2,414.45,3624865
2015-09-01,410.15,422.0,401.35,405.95,11483946
2015-09-02,414.8,414.8,393.55,395.15,3179488
2015-09-03,396.0,405.85,396.0,399.75,2389565
2015-09-04,394.95,411.65,387.0,408.85,7312284
2015-09-07,405.45,409.95,389.5,394.4,1503510
2015-09-08,395.7,398.6,389.2,392.35,2010591
2015-09-09,397.0,405.5,396.0,402.6,2950409
2015-09-10,399.0,406.35,395.1,398.8,1821310
2015-09-11,401.0,402.9,397.15,399.3,1183691
2015-09-14,403.0,408.9,401.1,401.85,1928956
2015-09-15,404.0,405.45,396.6,398.9,1264232
2015-09-16,404.0,404.0,389.85,395.05,942500
2015-09-18,399.0,402.9,386.75,390.05,3008399
2015-09-21,389.65,390.9,384.0,386.45,1662794
2015-09-22,389.9,395.9,386.75,390.65,1582197
2015-09-23,390.0,397.3,387.95,395.6,985932
2015-09-24,396.9,398.7,391.7,394.25,2684572
2015-09-28,395.2,401.0,394.25,398.85,784322
2015-09-29,393.0,397.8,387.25,394.65,1022253
2015-09-30,397.95,404.5,396.5,402.2,1582976
2015-10-01,402.95,405.65,399.85,401.25,807142
2015-10-05,404.8,405.0,400.05,402.15,1134267
2015-10-06,404.0,407.0,402.1,403.25,1457213
2015-10-07,402.0,404.1,396.8,397.9,877147
2015-10-08,400.0,402.4,398.1,399.9,739834
2015-10-09,401.0,402.0,395.1,399.3,700678
2015-10-12,400.55,401.0,396.5,399.2,687448
2015-10-13,402.0,403.65,397.0,399.95,659629
2015-10-14,401.95,402.5,398.7,399.95,657916
2015-10-15,400.1,404.9,398.2,403.1,1399149
2015-10-16,407.0,408.0,402.55,405.55,2566179
2015-10-19,408.0,410.5,405.2,405.95,1630219
2015-10-20,409.3,409.95,401.55,402.45,2820144
2015-10-21,404.7,404.7,396.0,397.3,994447
2015-10-23,401.2,401.25,397.9,399.8,1230809
2015-10-26,400.8,400.9,391.5,393.05,693173
2015-10-27,392.05,399.9,391.5,398.95,859373
2015-10-28,402.0,402.0,397.5,399.85,1023558
2015-10-29,400.0,400.65,391.1,392.5,2285431
2015-10-30,393.4,402.5,393.0,399.75,1209303
2015-11-02,401.6,401.6,394.4,397.35,902735
2015-11-03,396.6,403.9,387.0,401.3,5239182
2015-11-04,401.5,411.95,397.55,410.1,3375944
2015-11-05,408.0,412.9,407.25,408.95,1553511
2015-11-06,409.0,414.6,408.1,411.75,1408230
2015-11-09,403.0,414.6,402.8,413.2,1233973
2015-11-10,412.05,416.1,394.3,399.0,2504787
2015-11-11,400.05,410.0,400.05,408.1,291593
2015-11-13,405.25,408.7,401.1,407.8,1136759
2015-11-16,405.25,413.0,400.9,402.3,1320980
2015-11-17,405.0,408.15,397.05,399.85,840816
2015-11-18,401.0,406.4,399.2,403.7,681918
2015-11-19,403.3,408.65,400.4,407.1,1774252
2015-11-20,405.25,414.95,404.55,411.5,2084944
2015-11-23,411.0,414.0,408.75,411.8,1572233
2015-11-24,412.0,423.85,410.9,418.4,2721016
2015-11-26,418.4,428.25,416.05,421.05,2685133
2015-11-27,424.0,425.15,415.25,419.45,1574855
2015-11-30,422.25,424.9,419.35,421.05,1418251
2015-12-01,423.6,434.8,423.2,433.35,2705179
2015-12-02,435.0,436.85,430.0,431.45,1280648
2015-12-03,432.6,436.5,428.65,430.55,2280932
2015-12-04,428.5,433.2,426.95,428.3,763024
2015-12-07,430.1,436.9,427.05,428.7,1574121
2015-12-08,430.0,432.8,420.8,422.6,973992
2015-12-09,422.75,424.45,410.5,413.1,1103718
2015-12-10,414.9,417.6,409.7,415.8,1633617
2015-12-11,415.8,421.8,413.35,415.4,1274338
2015-12-14,415.0,420.6,412.0,414.0,736275
2015-12-15,414.9,420.3,414.5,418.25,836351
2015-12-16,421.0,431.6,421.0,425.75,1373164
2015-12-17,428.15,431.25,426.25,430.05,1848808
2015-12-18,432.9,435.65,424.25,425.6,1553632
2015-12-21,432.0,439.6,426.0,435.45,947524
2015-12-22,436.5,438.0,430.6,432.65,824279
2015-12-23,432.0,436.8,431.55,433.1,763446
2015-12-24,430.8,435.0,430.8,433.6,486665
2015-12-28,433.5,437.95,430.0,430.9,563143
2015-12-29,432.95,434.0,428.15,430.4,883208
2015-12-30,428.5,430.2,425.0,425.85,337019
2015-12-31,425.55,433.2,424.25,428.55,5253564
2016-01-01,428.1,434.7,428.0,433.25,625734
2016-01-04,433.0,433.25,422.0,426.45,1002958
2016-01-05,427.85,446.0,426.5,442.65,1321074
2016-01-06,444.9,456.0,441.0,450.85,2421177
2016-01-07,444.4,452.35,435.3,441.55,2252684
2016-01-08,441.25,451.0,441.25,446.8,1441127
2016-01-11,445.0,448.7,438.45,442.9,1091832
2016-01-12,444.4,449.0,438.35,440.0,1320122
2016-01-13,444.8,446.25,429.55,439.2,951563
2016-01-14,435.15,441.9,432.5,435.4,1385054
2016-01-15,438.9,441.7,424.25,426.65,1134027
2016-01-18,426.5,434.35,415.05,416.9,1216661
2016-01-19,420.0,420.0,410.3,415.0,780098
2016-01-20,412.5,414.7,398.25,403.2,1328658
2016-01-21,406.15,412.4,393.25,396.15,926582
2016-01-22,399.7,410.4,396.05,406.4,1143609
2016-01-25,407.0,409.45,390.7,395.5,992503
2016-01-27,397.5,404.0,393.85,397.0,1202502
2016-01-28,396.3,407.35,393.95,398.55,2843588
2016-01-29,399.0,407.0,398.8,402.3,1928498
2016-02-01,405.0,406.1,394.0,403.75,1498848
2016-02-02,403.0,405.6,397.25,398.6,712131
2016-02-03,397.0,402.3,392.0,396.35,1163500
2016-02-04,401.0,401.0,385.25,389.45,896673
2016-02-05,390.0,398.95,383.25,394.55,850725
2016-02-08,398.0,399.55,388.05,390.35,709652
2016-02-09,385.0,393.45,385.0,388.4,514628
2016-02-10,386.1,390.0,377.75,384.05,702853
2016-02-11,387.95,387.95,366.45,372.2,1170549
2016-02-12,372.0,377.9,344.9,364.55,2109644
2016-02-17,381.0,385.15,375.5,382.5,1233248
2016-02-18,385.0,392.2,383.85,391.25,983721
2016-02-19,388.5,389.9,371.25,373.25,1173690
2016-02-22,376.0,380.0,372.0,378.4,827319
2016-02-23,372.4,375.75,360.05,362.7,869612
2016-02-24,365.0,372.2,363.05,370.85,1219238
2016-02-25,371.35,375.0,358.45,364.1,2599979
2016-02-26,366.5,370.7,362.15,364.3,1226783
2016-02-29,364.8,379.9,357.0,367.65,1958013
2016-03-01,372.9,389.1,371.0,386.0,2053068
2016-03-02,389.9,397.5,385.1,389.1,1704332
2016-03-03,390.0,397.0,386.2,394.5,1667645
2016-03-04,392.6,398.85,386.5,389.0,1581343
2016-03-08,387.0,403.5,385.0,398.1,1321707
2016-03-09,399.0,401.55,386.45,389.75,2132175
2016-03-10,390.2,394.7,385.0,386.1,633312
2016-03-11,384.5,392.45,384.5,385.9,851187
2016-03-14,387.0,391.0,381.7,385.2,524943
2016-03-15,385.7,394.25,385.7,392.2,908054
2016-03-16,393.0,394.5,386.7,388.6,612548
2016-03-17,393.4,405.0,393.4,398.55,1887943
2016-03-18,399.2,402.65,389.3,391.05,1609915
2016-03-21,393.7,398.8,392.5,394.55,1395213
2016-03-22,395.05,401.0,392.4,393.75,744254
2016-03-23,396.0,397.65,390.95,393.1,1071188
2016-03-28,392.05,396.55,390.8,392.0,808157
2016-03-29,393.35,396.6,391.0,394.25,911969
2016-03-30,394.75,403.65,394.0,400.0,1152318
2016-03-31,403.4,408.6,391.5,393.6,2615096
2016-04-01,395.65,396.8,391.6,393.05,539428
2016-04-04,396.95,403.75,394.0,401.55,1066073
2016-04-05,408.0,412.0,399.0,402.15,1173946
2016-04-06,407.1,415.75,396.4,410.7,2106669
2016-04-07,412.0,415.75,407.2,411.15,1593059
2016-04-08,411.0,413.7,407.25,412.65,829048
2016-04-11,412.0,417.5,405.75,416.0,1047510
2016-04-12,417.0,420.0,412.15,414.95,726396
2016-04-13,417.0,419.45,414.3,416.4,1483351
2016-04-18,418.4,431.2,418.4,429.1,1378428
2016-04-20,429.65,429.65,418.1,423.6,1013145
2016-04-21,424.8,430.55,421.2,424.95,841361
2016-04-22,423.6,429.9,423.6,428.5,864289
2016-04-25,424.55,430.0,422.4,428.95,580219
2016-04-26,430.0,435.0,427.05,434.15,1398201
2016-04-27,431.0,439.7,429.55,437.15,489659
2016-04-28,435.6,437.8,421.65,424.0,1152524
2016-04-29,425.9,434.7,422.85,433.25,710023
2016-05-02,434.5,436.0,425.1,426.25,705473
2016-05-03,423.0,427.1,417.75,419.7,729975
2016-05-04,417.5,422.0,410.3,412.75,795558
2016-05-05,412.4,412.9,404.05,410.15,821505
2016-05-06,410.0,418.35,408.35,416.0,539712
2016-05-09,416.5,421.4,412.05,419.4,695036
2016-05-10,420.05,422.45,412.3,413.7,528165
2016-05-11,413.45,416.0,408.6,409.7,532454
2016-05-12,409.5,416.4,406.7,414.8,644800
2016-05-13,415.0,417.6,410.45,414.4,809066
2016-05-16,414.95,420.0,408.0,409.5,761839
2016-05-17,411.95,416.2,406.0,407.65,1449271
2016-05-18,408.2,412.4,404.05,406.6,915231
2016-05-19,407.5,417.6,405.15,411.95,1342504
2016-05-20,413.35,415.0,408.5,409.5,266399
2016-05-23,410.45,413.3,403.2,404.4,329415
2016-05-24,404.5,406.0,392.55,396.85,760740
2016-05-25,397.95,405.0,397.1,403.15,810058
2016-05-26,404.45,405.5,398.0,402.15,1494641
2016-05-27,408.0,435.9,405.35,412.95,8121573
2016-05-30,412.0,412.8,402.05,403.0,1980440
2016-05-31,400.3,417.95,400.3,416.1,3880436
2016-06-01,418.0,424.8,417.2,420.6,3053513
2016-06-02,420.0,423.45,415.2,420.1,1246590
2016-06-03,421.1,427.0,421.1,424.0,2538870
2016-06-06,422.05,424.5,416.0,418.3,811622
2016-06-07,420.35,421.7,415.35,418.85,1119060
2016-06-08,418.5,421.65,413.4,415.1,1309096
2016-06-09,414.95,419.55,413.55,415.4,709027
2016-06-10,414.4,418.9,408.65,410.05,940721
2016-06-13,409.65,417.95,407.55,416.1,1064529
2016-06-14,416.45,417.6,412.75,414.05,541013
2016-06-15,415.0,419.3,415.0,417.4,1266171
2016-06-16,418.0,419.85,412.65,415.6,594622
2016-06-17,416.95,419.25,411.65,413.15,1005356
2016-06-20,412.55,413.5,409.0,410.5,1119514
2016-06-21,411.95,414.25,409.6,412.7,907113
2016-06-22,413.0,416.9,410.5,415.4,1130056
2016-06-23,417.0,423.0,414.05,421.8,1365389
2016-06-24,415.7,420.8,409.0,419.05,994417
2016-06-27,416.1,428.5,416.1,421.05,1397796
2016-06-28,425.1,436.0,424.2,434.95,2343743
2016-06-29,435.25,443.2,430.5,441.35,2339106
2016-06-30,440.55,445.0,438.0,441.0,2245638
2016-07-01,442.1,478.0,442.0,474.3,6702099
2016-07-04,475.0,484.95,474.9,480.8,2865105
2016-07-05,482.0,488.05,475.0,477.3,2251254
2016-07-07,477.0,486.0,471.1,473.35,1875083
2016-07-08,472.3,478.2,465.15,468.4,1786431
2016-07-11,475.0,482.15,471.25,477.75,1544141
2016-07-12,478.4,486.2,474.2,476.65,2281236
2016-07-13,480.0,484.9,471.2,478.95,1803310
2016-07-14,479.95,484.0,478.5,481.6,788694
2016-07-15,480.6,482.75,476.1,478.35,843955
2016-07-18,479.0,488.35,471.35,472.65,1653921
2016-07-19,472.0,496.2,472.0,493.55,3856626
2016-07-20,498.95,515.0,497.1,512.85,7084567
2016-07-21,521.5,531.8,516.15,521.4,4745334
2016-07-22,522.15,524.65,513.1,522.3,3211028
2016-07-25,528.0,549.9,525.6,537.0,4227889
2016-07-26,542.15,545.35,530.15,532.8,2488569
2016-07-27,533.0,543.65,532.05,535.95,2470392
2016-07-28,538.7,541.35,530.05,532.3,2280266
2016-07-29,537.1,548.4,533.1,544.4,4532183
2016-08-01,548.95,552.0,535.25,542.0,2177441
2016-08-02,546.1,559.45,544.1,555.3,5813726
2016-08-03,553.05,563.6,548.5,552.15,4793812
2016-08-04,553.0,556.4,540.45,545.8,2489954
2016-08-05,550.45,582.9,550.0,575.95,3313263
2016-08-08,580.0,593.35,573.8,582.5,3848758
2016-08-09,584.0,584.95,564.0,565.55,2138689
2016-08-10,567.0,570.75,536.0,539.0,4762108
2016-08-11,540.45,553.3,531.35,544.35,3560150
2016-08-12,544.0,546.7,534.7,538.2,2434415
2016-08-16,537.0,551.95,535.05,544.55,2254541
2016-08-17,546.55,553.85,542.0,544.95,2154642
2016-08-18,546.5,563.9,544.8,562.0,1802087
2016-08-19,563.0,568.2,555.15,566.2,1573848
2016-08-22,570.25,574.3,558.0,559.8,1669528
2016-08-23,565.0,565.0,539.2,543.95,2733819
2016-08-24,546.0,569.5,542.55,564.15,4409740
2016-08-25,569.75,572.9,558.35,570.1,3206571
2016-08-26,571.95,577.9,570.25,573.55,1881745
2016-08-29,576.3,582.9,564.3,571.75,6393562
2016-08-30,580.0,581.0,569.0,573.55,3879326
2016-08-31,576.95,579.95,572.4,575.4,3211499
2016-09-01,580.0,582.3,571.5,575.65,1775824
2016-09-02,568.6,576.0,565.2,573.45,1468848
2016-09-06,575.95,578.0,571.25,573.2,1611774
2016-09-07,573.95,577.1,566.0,567.55,1712103
2016-09-08,566.2,572.0,561.1,563.85,1627218
2016-09-09,563.8,570.15,560.8,563.65,2328278
2016-09-12,557.0,562.25,550.3,552.95,1834075
2016-09-14,556.7,569.45,554.9,565.6,2516021
2016-09-15,567.0,567.0,557.7,558.8,1924658
2016-09-16,563.95,573.45,559.5,570.2,4717996
2016-09-19,572.45,576.65,570.0,571.15,1972288
2016-09-20,571.95,575.9,569.65,570.5,1883990
2016-09-21,571.0,579.4,570.1,571.8,2150808
2016-09-22,576.45,581.0,573.5,579.3,1409474
2016-09-23,579.7,587.9,577.0,583.3,2291620
2016-09-26,586.0,599.45,582.5,592.2,3620842
2016-09-27,595.0,599.3,583.5,585.65,1686911
2016-09-28,587.5,594.45,586.0,591.75,3352708
2016-09-29,592.95,599.4,571.1,573.5,5627759
2016-09-30,572.05,585.0,570.95,582.5,1796525
2016-10-03,587.85,606.75,585.35,603.7,2600226
2016-10-04,606.8,617.95,606.0,612.65,2784681
2016-10-05,612.0,619.7,606.0,617.7,2370199
2016-10-06,620.4,660.65,619.9,650.2,6016154
2016-10-07,656.0,666.6,636.7,640.9,3497022
2016-10-10,645.95,649.1,630.0,634.2,1841773
2016-10-13,631.5,642.75,621.0,626.65,3988572
2016-10-14,631.0,646.9,631.0,643.0,4680348
2016-10-17,648.8,650.55,638.5,642.3,5430501
2016-10-18,323.0,324.4,317.4,321.7,3730647
2016-10-19,324.0,327.6,322.0,326.55,3757374
2016-10-20,328.0,328.0,318.65,321.3,2962053
2016-10-21,323.8,325.25,321.05,324.3,2789673
2016-10-24,325.0,328.45,323.3,327.25,3347611
2016-10-25,328.4,328.65,323.65,326.9,2502881
2016-10-26,326.9,328.0,319.75,321.5,2881258
2016-10-27,321.85,324.5,311.45,312.95,5006940
2016-10-28,316.5,324.45,313.05,323.5,2847157
2016-11-01,326.9,327.8,323.5,325.15,2442662
2016-11-02,323.0,323.0,315.0,316.1,1529758
2016-11-03,316.55,319.9,309.0,309.75,2049492
2016-11-04,310.0,311.15,294.2,306.0,3232656
2016-11-07,310.85,319.0,309.95,315.75,3168580
2016-11-08,316.35,319.25,313.05,318.45,1618064
2016-11-09,296.0,318.9,289.1,316.3,2878900
2016-11-10,319.0,324.75,319.0,320.3,2223020
2016-11-11,315.0,317.9,308.35,310.25,2950239
2016-11-15,307.75,307.85,281.95,285.8,8405509
2016-11-16,287.1,292.0,281.7,288.5,4471527
2016-11-17,288.95,297.75,287.75,293.45,4268585
2016-11-18,294.45,302.4,293.15,300.7,4071714
2016-11-21,301.5,302.4,290.5,291.85,2018347
2016-11-22,294.1,298.3,289.8,296.5,2818074
2016-11-23,298.5,300.0,291.8,298.4,3089414
2016-11-24,297.55,297.55,289.7,293.95,7166269
2016-11-25,294.95,299.0,294.95,296.5,2395650
2016-11-28,296.6,306.45,295.6,300.15,3784729
2016-11-29,300.0,306.0,297.8,298.7,2433363
2016-11-30,301.4,308.9,299.8,306.7,4817837
2016-12-01,306.9,306.9,296.1,297.85,3243061
2016-12-02,296.7,297.75,291.55,294.95,3902836
2016-12-05,293.5,296.2,290.2,290.95,2332861
2016-12-06,292.55,298.9,290.95,295.65,2154054
2016-12-07,296.4,304.6,296.4,303.6,4385241
2016-12-08,306.5,308.9,305.45,306.65,2826135
2016-12-09,305.0,305.35,298.0,302.6,3082078
2016-12-12,299.95,301.15,294.7,295.5,1233273
2016-12-13,296.3,302.3,294.05,301.0,2053021
2016-12-14,301.45,304.6,298.05,299.15,3413902
2016-12-15,299.45,306.35,294.55,297.8,5536542
2016-12-16,295.1,299.3,294.0,296.35,3267535
2016-12-19,303.0,306.5,299.2,305.05,5206207
2016-12-20,305.05,306.0,301.15,302.3,2374048
2016-12-21,303.75,309.9,300.45,308.95,4775231
2016-12-22,308.95,313.45,305.6,306.3,3390292
2016-12-23,307.0,315.45,304.1,313.25,4493160
2016-12-26,312.5,313.5,307.05,307.95,1639608
2016-12-27,308.0,318.35,307.7,317.3,5581452
2016-12-28,319.05,321.35,315.55,316.2,4585020
2016-12-29,316.5,325.15,316.5,322.95,8858890
2016-12-30,322.95,326.95,320.9,325.05,2764695
2017-01-02,327.8,330.0,325.95,327.45,2131446
2017-01-03,327.2,348.9,327.0,345.25,6186583
2017-01-04,345.0,352.0,339.1,342.95,5130720
2017-01-05,345.0,353.8,344.8,352.55,4222570
2017-01-06,351.5,355.2,344.7,346.35,2357852
2017-01-09,348.0,349.0,341.75,342.8,2596295
2017-01-10,345.4,352.2,345.4,346.7,4977510
2017-01-11,349.9,351.4,346.5,349.1,6694422
2017-01-12,352.0,360.0,352.0,354.75,4949955
2017-01-13,355.0,355.0,347.05,351.45,3025409
2017-01-16,354.45,357.9,351.55,352.85,3275012
2017-01-17,354.8,356.55,350.35,351.1,2854036
2017-01-18,352.3,352.95,347.1,348.6,3880988
2017-01-19,348.6,360.6,348.1,359.75,7316089
2017-01-20,359.75,360.45,350.6,352.35,2984395
2017-01-23,352.15,360.0,351.0,357.75,3627627
2017-01-24,357.85,368.15,357.85,366.8,3807310
2017-01-25,368.0,386.7,365.1,380.3,11134953
2017-01-27,378.5,392.5,378.0,384.05,5448609
2017-01-30,384.0,388.7,373.0,377.8,3044146
2017-01-31,377.5,379.75,351.1,366.4,23147846
2017-02-01,370.0,380.9,366.85,375.45,7326586
2017-02-02,376.0,387.3,376.0,382.6,5783462
2017-02-03,384.9,390.75,383.0,387.35,4473313
2017-02-06,391.1,397.95,390.0,396.5,3687778
2017-02-07,397.9,404.0,389.5,391.75,6365232
2017-02-08,395.0,399.4,393.45,395.75,2559885
2017-02-09,386.7,389.0,385.05,387.45,4352625
2017-02-10,385.0,385.2,371.5,380.05,6755175
2017-02-13,380.35,381.65,374.0,379.9,4304074
2017-02-14,381.65,382.2,370.15,374.4,3924839
2017-02-15,374.0,380.5,363.35,369.2,3498210
2017-02-16,371.05,377.0,366.05,375.95,2406188
2017-02-17,382.7,386.55,380.7,385.25,5454533
2017-02-20,387.4,388.4,382.5,385.5,2301618
2017-02-21,388.0,393.0,386.0,391.3,2706786
2017-02-22,393.0,395.25,388.0,390.05,2879880
2017-02-23,390.45,392.2,383.45,385.1,9270487
2017-02-27,378.0,387.75,376.25,385.9,4700826
2017-02-28,386.4,387.4,382.7,385.05,5864607
2017-03-01,385.95,387.45,377.1,381.7,4726693
2017-03-02,383.75,387.35,375.0,376.7,5143636
2017-03-03,376.55,379.0,368.45,375.05,4044710
2017-03-06,376.8,380.9,376.5,379.15,2594485
2017-03-07,380.75,381.2,376.15,378.7,3206001
2017-03-08,379.4,380.45,372.1,374.75,3072776
2017-03-09,377.75,378.55,373.6,374.75,1079361
2017-03-10,377.5,377.8,370.5,372.45,1779723
2017-03-14,379.0,379.1,372.3,374.0,3495195
2017-03-15,374.15,374.5,368.6,369.75,4816081
2017-03-16,374.0,377.0,371.0,376.15,3362186
2017-03-17,379.0,379.4,374.5,375.85,3301585
2017-03-20,374.0,375.15,369.45,370.95,5034092
2017-03-21,371.25,374.55,371.05,372.1,3275266
2017-03-22,370.0,376.5,367.55,372.75,3251372
2017-03-23,380.05,384.0,374.95,376.8,6650864
2017-03-24,374.7,374.7,370.7,372.7,3040984
2017-03-27,372.05,375.5,369.75,370.9,2127352
2017-03-28,373.65,373.65,366.2,369.05,3417995
2017-03-29,369.1,371.45,366.35,370.15,4394594
2017-03-30,371.95,380.0,370.25,376.8,18628317
2017-03-31,379.85,391.5,376.85,387.05,9327115
2017-04-03,387.05,387.05,378.75,381.15,3291241
2017-04-05,383.2,385.1,380.1,381.35,2641206
2017-04-06,381.15,386.95,379.55,385.75,2397257
2017-04-07,385.95,399.9,385.5,397.35,7427336
2017-04-10,405.0,413.8,402.35,411.25,7620683
2017-04-11,413.0,414.8,408.15,409.5,4785832
2017-04-12,411.75,414.35,405.5,409.25,4057966
2017-04-13,409.3,428.75,408.25,422.4,7701671
2017-04-17,426.7,431.65,418.3,424.45,7506670
2017-04-18,427.0,439.0,426.1,430.85,6293523
2017-04-19,427.65,437.25,426.1,435.25,4391726
2017-04-20,438.25,438.25,424.05,427.3,4993819
2017-04-21,431.7,433.6,423.1,424.75,2623830
2017-04-24,426.75,426.75,416.7,421.9,3286139
2017-04-25,423.0,437.85,423.0,436.5,4503007
2017-04-26,439.95,440.45,427.4,433.75,3609150
2017-04-27,433.75,445.0,430.25,443.3,4747962
2017-04-28,447.0,447.4,433.0,440.05,3947494
2017-05-02,441.0,448.3,439.7,443.05,2484715
2017-05-03,445.25,450.25,436.85,441.9,2884773
2017-05-04,444.5,444.5,434.3,435.65,2485349
2017-05-05,441.1,444.8,429.85,433.1,3422739
2017-05-08,434.4,438.6,427.05,428.5,2510734
2017-05-09,432.45,442.95,430.15,440.75,4476640
2017-05-10,443.5,444.75,435.7,441.45,2234472
2017-05-11,444.5,444.5,431.0,432.05,4490656
2017-05-12,434.0,437.0,428.2,434.9,2182537
2017-05-15,437.85,443.55,433.85,442.1,2539479
2017-05-16,444.0,450.9,442.95,446.6,5201774
2017-05-17,447.15,449.9,442.1,444.25,3665629
2017-05-18,444.3,445.75,439.15,439.9,2724845
2017-05-19,439.5,446.9,433.45,435.4,3458809
2017-05-22,436.3,437.0,423.75,425.35,3236957
2017-05-23,428.0,430.95,418.75,424.25,4187364
2017-05-24,426.5,437.75,421.6,430.55,4247142
2017-05-25,431.45,443.5,423.5,438.95,10044217
2017-05-26,429.0,433.5,416.0,426.05,8573880
2017-05-29,427.4,432.9,416.0,419.25,4826446
2017-05-30,418.7,429.2,418.5,419.55,7086540
2017-05-31,422.8,434.5,421.3,429.45,66923743
2017-06-01,428.4,428.4,411.05,413.85,6857292
2017-06-02,417.0,419.7,411.35,414.8,3938871
2017-06-05,417.85,423.65,416.15,422.05,3567888
2017-06-06,425.0,429.9,420.1,424.6,3514494
2017-06-07,428.7,429.0,422.2,427.35,2807500
2017-06-08,428.0,430.65,418.15,418.75,3396980
2017-06-09,419.0,423.9,416.15,420.05,2737353
2017-06-12,421.8,424.8,418.15,423.65,3167837
2017-06-13,423.95,425.3,418.1,419.75,2892768
2017-06-14,417.3,424.3,417.3,420.7,4320363
2017-06-15,422.4,423.3,404.5,407.05,4522835
2017-06-16,409.7,419.5,402.75,404.6,8001501
2017-06-19,409.4,409.4,404.3,407.2,2144105
2017-06-20,410.2,414.65,408.05,411.7,2863130
2017-06-21,412.0,412.95,407.55,408.25,2310598
2017-06-22,406.0,410.1,392.3,393.5,4289950
2017-06-23,394.0,395.0,378.05,383.4,8525902
2017-06-27,385.0,391.1,376.2,390.4,4300410
2017-06-28,387.2,399.8,385.85,387.15,4919086
2017-06-29,388.85,391.9,381.9,386.85,4792349
2017-06-30,384.0,390.0,381.7,385.2,2331384
2017-07-03,385.2,389.6,382.4,386.9,1635470
2017-07-04,388.0,392.2,380.8,381.85,2414539
2017-07-05,383.0,387.0,380.05,385.7,1997006
2017-07-06,385.7,386.0,380.7,381.6,2541533
2017-07-07,382.0,383.35,377.15,382.25,1964013
2017-07-10,387.0,390.15,379.5,383.45,410854
2017-07-11,386.4,388.75,380.6,387.5,3454486
2017-07-12,390.0,398.6,390.0,392.6,4215427
2017-07-13,393.9,396.0,377.6,380.95,7539938
2017-07-14,383.9,383.9,371.2,373.1,6254871
2017-07-17,374.7,376.6,369.0,373.55,4861299
2017-07-18,374.0,378.15,370.45,372.15,6419003
2017-07-19,373.5,377.9,372.25,375.15,4329845
2017-07-20,374.0,377.8,372.0,374.55,2980365
2017-07-21,375.0,382.7,373.8,380.9,5513446
2017-07-24,380.95,382.95,377.55,378.15,3999279
2017-07-25,379.05,380.0,373.55,374.8,3483082
2017-07-26,375.0,376.05,372.0,373.65,2672524
2017-07-27,376.0,376.0,367.2,368.9,6013713
2017-07-28,368.0,370.0,364.1,367.8,3392587
2017-07-31,368.6,373.7,366.5,367.65,2537096
2017-08-01,372.0,375.5,369.1,370.35,4757745
2017-08-02,372.0,373.25,366.1,370.1,4288360
2017-08-03,372.0,395.0,371.0,387.05,17149615
2017-08-04,395.0,426.8,393.0,418.95,15608306
2017-08-07,420.0,433.45,414.45,431.2,8854820
2017-08-08,431.0,431.0,408.4,413.25,5164968
2017-08-09,404.95,425.8,403.5,414.05,6253452
2017-08-10,411.9,420.95,403.4,410.3,4239237
2017-08-11,406.8,415.5,403.55,411.8,3768327
2017-08-14,413.4,424.25,410.15,419.45,2988060
2017-08-16,423.0,428.0,420.55,422.3,3852377
2017-08-17,426.0,429.6,423.05,426.3,3013849
2017-08-18,427.0,436.0,423.85,427.35,5647900
2017-08-21,433.9,438.0,411.35,413.2,5343565
2017-08-22,415.45,429.4,415.15,423.2,5702775
2017-08-23,426.9,433.25,425.0,426.85,2656918
2017-08-24,428.3,432.8,426.0,428.2,3949307
2017-08-28,429.5,442.5,428.4,440.7,6117189
2017-08-29,441.0,446.5,432.0,434.5,5179416
2017-08-30,439.5,454.9,437.8,452.85,8748458
2017-08-31,454.7,462.95,448.05,454.7,11525950
2017-09-01,458.5,458.5,447.1,448.3,4349979
2017-09-04,440.0,444.7,427.5,429.05,6489494
2017-09-05,431.9,436.9,428.2,431.85,3946462
2017-09-06,431.3,435.6,426.0,428.25,3592755
2017-09-07,432.9,434.95,426.4,432.2,4173046
2017-09-08,433.5,438.5,425.5,429.15,3873569
2017-09-11,433.0,435.95,427.9,429.05,2454178
2017-09-12,432.85,436.8,430.0,434.9,2796903
2017-09-13,437.95,441.6,408.0,415.95,11369669
2017-09-14,431.0,434.5,413.4,419.7,8827336
2017-09-15,420.0,425.0,413.3,415.65,5198923
2017-09-18,420.85,421.0,414.8,415.65,2771207
2017-09-19,416.5,422.65,412.1,418.3,3078675
2017-09-20,418.8,419.45,412.0,413.95,2328980
2017-09-21,413.95,419.9,411.35,413.25,3597595
2017-09-22,413.8,414.0,399.25,408.4,5288065
2017-09-25,407.9,407.9,397.0,399.0,4852849
2017-09-26,401.0,403.7,385.0,399.65,6541371
2017-09-27,401.55,408.0,392.1,395.65,4185272
2017-09-28,392.95,400.7,374.5,397.4,7506730
2017-09-29,398.0,405.5,393.65,400.5,4049718
2017-10-03,405.1,410.8,398.1,406.55,2511084
2017-10-04,418.75,419.0,407.0,408.75,5068619
2017-10-05,408.5,409.15,401.2,406.75,2245378
2017-10-06,406.5,417.5,404.85,415.45,5360750
2017-10-09,415.0,420.9,411.85,414.15,4268036
2017-10-10,411.55,416.55,409.4,410.85,3089696
2017-10-11,412.0,424.4,411.25,418.1,5434124
2017-10-12,420.0,421.8,414.45,414.9,2947644
2017-10-13,416.0,420.3,413.95,414.6,2593123
2017-10-16,416.0,419.8,412.7,413.55,3397350
2017-10-17,412.0,421.4,412.0,413.9,2912868
2017-10-18,415.45,417.5,410.0,411.6,2715988
2017-10-19,412.4,414.45,408.2,409.65,295685
2017-10-23,411.2,414.95,403.5,404.45,3632874
2017-10-24,406.0,413.9,404.7,407.7,4939313
2017-10-25,410.5,418.55,409.45,417.25,4870376
2017-10-26,419.05,440.0,418.55,436.5,11628274
2017-10-27,442.0,442.0,410.4,414.95,14332256
2017-10-30,417.0,421.2,413.4,416.25,5202838
2017-10-31,416.05,422.85,413.15,415.5,4611961
2017-11-01,417.0,420.0,415.35,416.8,3519435
2017-11-02,419.4,421.0,413.95,414.95,2165949
2017-11-03,415.4,417.25,411.1,413.25,2038771
2017-11-06,410.45,414.0,406.5,410.65,5031985
2017-11-07,410.9,411.55,393.9,400.2,6797029
2017-11-08,400.3,402.0,392.5,397.0,6537236
2017-11-09,400.0,401.35,392.0,394.6,4750481
2017-11-10,394.0,396.7,390.5,394.85,2392801
2017-11-13,394.0,400.15,385.2,396.85,4039610
2017-11-14,398.0,398.15,386.0,386.95,3533682
2017-11-15,389.9,394.8,387.9,389.5,3074917
2017-11-16,391.7,394.5,389.4,393.0,2152443
2017-11-17,396.8,399.0,391.55,395.15,3535909
2017-11-20,395.0,397.0,389.1,392.95,1401719
2017-11-21,394.0,397.75,391.05,396.15,2671538
2017-11-22,398.8,398.9,391.9,396.0,4103726
2017-11-23,394.5,399.2,392.5,394.75,1511490
2017-11-24,396.0,397.0,392.1,395.4,2781607
2017-11-27,393.8,395.75,388.6,392.6,2050805
2017-11-28,391.0,392.6,387.2,390.6,3853052
2017-11-29,391.6,395.1,389.7,393.7,2681338
2017-11-30,392.0,397.75,388.0,393.5,14978098
2017-12-01,393.0,393.2,387.25,387.85,2517124
2017-12-04,388.0,391.9,382.0,390.55,2120792
2017-12-05,389.9,391.4,385.5,390.5,1479964
2017-12-06,388.45,391.5,387.1,388.75,3419105
2017-12-07,389.9,394.5,386.5,391.5,1957197
2017-12-08,393.5,406.8,391.5,404.85,3418301
2017-12-11,409.8,409.8,401.6,404.4,2726956
2017-12-12,405.0,405.85,392.1,395.1,4094816
2017-12-13,394.0,404.35,393.0,402.2,3836608
2017-12-14,404.0,411.0,400.65,410.0,3286944
2017-12-15,412.5,417.0,409.0,413.15,4944792
2017-12-18,412.7,414.0,400.8,409.6,3672482
2017-12-19,411.9,413.5,406.5,409.9,3356274
2017-12-20,411.4,413.3,408.1,410.1,2437155
2017-12-21,410.55,413.85,408.6,410.95,2316114
2017-12-22,411.1,412.5,409.15,410.25,1557118
2017-12-26,410.3,415.0,405.65,409.95,4027883
2017-12-27,408.0,408.95,400.2,401.5,3141170
2017-12-28,402.0,404.8,390.6,392.0,6570423
2017-12-29,394.0,395.0,387.35,388.55,4865438
2018-01-01,390.0,392.5,388.5,389.95,2218462
2018-01-02,391.4,392.8,383.7,386.4,2521578
2018-01-03,387.9,389.9,385.1,386.3,2613904
2018-01-04,387.0,388.35,384.4,387.3,4367569
2018-01-05,387.0,388.9,382.0,383.85,3073155
2018-01-08,384.5,390.25,384.5,388.55,3732287
2018-01-09,389.0,394.0,386.0,392.4,3255923
2018-01-10,392.0,395.5,387.25,389.55,4019016
2018-01-11,389.5,391.85,387.0,388.9,1315655
2018-01-12,389.0,395.4,388.25,389.05,3398876
2018-01-15,389.7,396.2,389.7,390.85,4154420
2018-01-16,390.0,391.5,383.4,384.15,2903042
2018-01-17,383.9,387.75,374.25,384.05,3946015
2018-01-18,386.0,386.0,377.5,378.05,5348803
2018-01-19,379.9,389.0,375.8,385.95,4136950
2018-01-22,388.0,388.5,379.25,382.5,1696363
2018-01-23,394.7,394.7,387.65,389.4,6610514
2018-01-24,391.9,392.6,387.65,390.3,3229267
2018-01-25,392.0,395.0,389.0,392.3,7028482
2018-01-29,394.0,400.65,392.6,399.65,3058457
2018-01-30,404.85,422.3,399.4,416.25,25628953
2018-01-31,421.9,427.4,414.5,417.6,13503235
2018-02-01,419.6,422.2,410.4,417.9,5851539
2018-02-02,415.0,416.35,407.5,408.65,4844239
2018-02-05,408.0,411.4,403.0,409.0,6571394
2018-02-06,401.9,406.35,400.0,401.3,6888685
2018-02-07,406.0,409.75,403.5,404.75,8710380
2018-02-08,388.85,391.9,385.0,385.6,7736486
2018-02-09,383.0,383.0,375.95,378.65,4405890
2018-02-12,384.5,384.75,375.6,379.05,3116035
2018-02-14,380.8,381.75,375.6,377.35,3806473
2018-02-15,378.8,380.6,374.3,376.8,3819270
2018-02-16,378.0,379.5,374.5,375.05,2501186
2018-02-19,376.0,376.9,367.1,369.65,2490995
2018-02-20,370.0,371.25,365.6,366.6,1803682
2018-02-21,368.6,371.8,362.5,368.5,4396885
2018-02-22,367.35,367.35,360.65,363.2,10219350
2018-02-23,363.0,369.4,362.5,368.4,2608100
2018-02-26,371.15,381.8,370.1,376.7,3474466
2018-02-27,379.7,382.9,375.1,377.45,3906960
2018-02-28,376.6,381.2,373.5,379.3,2103575
2018-03-01,379.0,382.75,377.65,381.5,3630009
2018-03-05,384.0,384.8,377.1,379.25,6535934
2018-03-06,381.5,392.8,380.2,382.2,7917497
2018-03-07,382.65,384.45,378.8,379.4,5554096
2018-03-08,382.95,384.75,377.6,382.1,4560731
2018-03-09,383.45,386.5,380.6,385.5,5655780
2018-03-12,389.5,403.05,387.5,400.65,13848992
2018-03-13,402.0,412.9,402.0,407.85,18612673
2018-03-14,408.0,410.9,393.75,395.05,16701307
2018-03-15,191.0,193.25,189.25,192.05,26369935
2018-03-16,192.5,192.5,183.5,184.75,18690374
2018-03-19,184.7,184.7,176.0,177.9,19625875
2018-03-20,177.2,177.7,172.6,173.85,14209418
2018-03-21,174.4,177.3,170.5,172.45,11840058
2018-03-22,173.95,173.95,169.5,170.1,9690093
2018-03-23,165.0,169.7,165.0,168.85,8890932
2018-03-26,168.0,169.0,164.35,167.2,13271876
2018-03-27,169.9,175.75,168.8,174.85,10299533
2018-03-28,173.45,178.55,171.75,176.6,17742434
2018-04-02,177.9,178.5,169.7,170.45,14001109
2018-04-03,171.9,174.6,171.75,174.15,8435498
2018-04-04,174.9,174.9,170.15,171.15,5753755
2018-04-05,172.9,174.15,171.7,173.55,4094041
2018-04-06,176.0,176.75,173.6,174.25,7938351
2018-04-09,175.0,180.95,174.6,179.8,12237671
2018-04-10,181.3,181.3,177.0,179.3,5146627
2018-04-11,177.0,177.5,165.65,167.35,28352223
2018-04-12,163.0,170.4,159.0,168.25,28397376
2018-04-13,169.6,169.9,164.55,165.35,11452443
2018-04-16,164.4,166.45,162.75,165.0,12701567
2018-04-17,165.5,167.75,164.65,167.2,8389084
2018-04-18,167.5,167.6,164.5,164.95,5236513
2018-04-19,161.0,161.95,157.0,157.95,16984152
2018-04-20,157.6,161.0,156.75,160.1,11402029
2018-04-23,161.5,163.9,160.3,161.7,11318168
2018-04-24,161.05,164.4,160.0,163.05,7313214
2018-04-25,163.05,165.2,159.7,160.6,9312047
2018-04-26,160.9,161.9,158.25,161.15,9718844
2018-04-27,161.9,163.7,160.25,162.9,6923570
2018-04-30,164.9,164.9,161.0,162.3,4585201
2018-05-02,163.4,163.4,160.1,161.15,7334801
2018-05-03,159.9,162.3,159.8,161.7,4626662
2018-05-04,161.9,162.5,159.8,161.5,4862633
2018-05-07,160.5,165.3,159.1,164.3,7348792
2018-05-08,162.65,166.85,161.5,166.55,12126899
2018-05-09,162.15,167.9,160.75,167.2,13486684
2018-05-10,166.1,168.2,165.0,167.95,8198772
2018-05-11,168.8,173.1,168.45,169.1,14928136
2018-05-14,170.5,173.7,167.55,168.4,11036302
2018-05-15,169.0,170.0,165.6,167.2,14647165
2018-05-16,166.5,167.05,163.0,165.95,8435930
2018-05-17,166.0,167.5,163.65,164.75,9962469
2018-05-18,164.0,166.15,161.65,163.7,10159287
2018-05-21,164.0,165.75,162.8,165.15,6378755
2018-05-22,166.8,166.95,157.85,160.5,18878835
2018-05-23,159.2,160.0,152.65,153.5,14317531
2018-05-24,155.0,156.75,151.1,155.9,12335067
2018-05-25,156.6,164.5,156.6,163.45,16641836
2018-05-28,170.0,177.0,169.3,170.45,23786239
2018-05-29,171.95,174.0,169.35,172.45,10905026
2018-05-30,170.0,171.95,168.8,170.8,7970875
2018-05-31,170.0,175.7,169.05,174.1,32872156
2018-06-01,174.1,175.65,171.2,172.35,7345661
2018-06-04,173.1,175.15,170.5,173.8,6514084
2018-06-05,173.5,174.35,171.6,173.95,4952657
2018-06-06,173.2,175.4,172.05,174.9,3655986
2018-06-07,174.9,176.45,172.8,174.8,8518733
2018-06-08,173.5,175.5,172.0,175.0,5311197
2018-06-11,173.75,176.5,172.7,173.1,9812557
2018-06-12,174.0,175.8,173.0,174.15,7232206
2018-06-13,174.7,175.5,172.9,175.1,4976427
2018-06-14,175.0,175.0,171.0,171.55,6988054
2018-06-15,171.5,171.65,167.2,167.75,10962278
2018-06-18,170.5,177.2,170.1,173.9,14477349
2018-06-19,173.5,173.55,168.0,168.6,9426151
2018-06-20,168.8,169.95,165.0,165.4,8942761
2018-06-21,166.35,172.4,163.65,170.25,9990246
2018-06-22,171.0,173.0,168.7,170.0,13172666
2018-06-25,169.95,170.25,165.4,167.35,9083645
2018-06-26,166.1,170.45,165.35,166.8,9846198
2018-06-27,164.9,165.0,154.6,155.65,14124648
2018-06-28,152.4,160.5,150.0,154.35,16810724
2018-06-29,155.5,158.2,153.8,156.0,8675702
2018-07-02,156.2,157.75,152.2,153.7,8556183
2018-07-03,153.7,155.8,153.0,155.3,8148192
2018-07-04,154.95,156.35,154.1,155.25,5945840
2018-07-05,153.65,157.3,153.65,155.0,8994632
2018-07-06,156.2,159.9,155.95,156.7,9866027
2018-07-09,156.95,158.8,156.55,157.3,4165195
2018-07-10,157.0,157.4,154.75,155.25,4409292
2018-07-11,156.0,156.4,151.2,154.55,9578663
2018-07-12,160.5,164.0,156.25,156.85,20040131
2018-07-13,160.0,160.35,155.75,159.1,13690389
2018-07-16,158.95,160.0,157.05,157.5,5899204
2018-07-17,161.45,165.85,160.1,164.45,17102464
2018-07-18,165.0,168.2,165.0,167.2,9065714
2018-07-19,166.8,166.8,162.7,165.8,3935205
2018-07-20,164.25,164.25,160.5,161.05,4733720
2018-07-23,162.5,165.35,162.05,162.5,4552151
2018-07-24,163.7,165.4,162.0,164.95,3692596
2018-07-25,163.6,163.7,160.15,163.1,5276840
2018-07-26,162.0,164.0,157.6,158.8,17358562
2018-07-27,159.6,166.2,159.6,165.4,7780612
2018-07-30,165.4,169.1,164.6,166.45,7573298
2018-07-31,164.5,166.1,163.5,164.35,5825420
2018-08-01,166.2,169.0,166.0,168.0,10422701
2018-08-02,170.0,171.8,168.05,168.7,8159282
2018-08-03,167.4,169.8,166.75,168.55,3642134
2018-08-06,169.9,169.9,167.2,168.15,3279101
2018-08-07,166.85,168.75,166.25,166.65,2534166
2018-08-08,166.65,168.0,165.4,165.9,2793529
2018-08-09,168.55,169.2,164.8,165.4,5341459
2018-08-10,166.05,168.8,163.3,166.35,6391554
2018-08-13,168.0,168.0,160.0,160.65,10569341
2018-08-14,161.7,162.3,159.0,160.7,6120922
2018-08-16,161.6,162.0,158.15,158.5,7751572
2018-08-17,159.0,160.0,158.65,159.55,3422494
2018-08-20,159.5,160.35,158.1,158.65,6048047
2018-08-21,158.25,159.8,157.5,157.7,5851590
2018-08-23,157.5,157.6,151.8,153.4,11472744
2018-08-24,153.65,155.4,151.5,154.25,8881220
2018-08-27,155.0,156.8,154.65,156.1,4403507
2018-08-28,156.5,157.4,154.65,155.55,4438707
2018-08-29,156.1,156.95,155.3,156.5,3540359
2018-08-30,155.7,155.95,153.9,154.25,6850784
2018-08-31,154.15,156.3,153.05,155.55,5240824
2018-09-03,157.0,157.0,154.6,155.0,4167775
2018-09-04,154.9,154.9,152.1,152.45,4350544
2018-09-05,152.0,153.5,150.0,152.8,6771082
2018-09-06,153.95,154.4,151.6,153.6,5735872
2018-09-07,154.3,154.4,152.5,153.4,6117229
2018-09-11,151.1,152.85,150.15,150.7,7963226
2018-09-14,151.5,156.0,151.05,155.25,8910097
2018-09-17,154.1,158.85,153.1,156.55,11622274
2018-09-18,157.4,157.7,152.0,152.6,5269201
2018-09-19,152.6,155.3,151.55,153.55,5819078
2018-09-21,155.9,159.3,154.5,158.15,19078869
2018-09-24,157.65,160.2,154.0,154.95,7021959
2018-09-25,152.4,155.85,151.0,154.15,6688716
2018-09-26,156.0,156.2,152.3,154.45,4795841
2018-09-27,154.75,155.0,152.0,152.65,9068384
2018-09-28,153.0,154.7,151.35,153.35,4977135
2018-10-01,153.0,155.0,150.0,153.95,6344801
2018-10-03,151.5,159.1,151.1,158.4,8151662
2018-10-04,157.9,158.35,126.75,140.3,15592520
2018-10-05,126.3,126.3,105.25,118.05,80885401
2018-10-08,122.0,125.7,117.6,124.85,30726195
2018-10-09,125.95,126.7,120.3,122.65,11260171
2018-10-10,123.0,128.2,122.05,124.0,10735967
2018-10-11,122.9,133.95,120.5,131.0,27978739
2018-10-12,135.35,136.75,133.15,133.9,14166649
2018-10-15,135.0,135.8,129.6,135.05,9010926
2018-10-16,135.55,136.95,133.3,135.45,8759088
2018-10-17,136.0,136.5,131.75,132.3,6507467
2018-10-19,134.9,134.9,131.7,133.15,10476750
2018-10-22,134.7,134.8,129.1,129.75,7167556
2018-10-23,128.0,131.3,125.0,130.0,10590075
2018-10-24,134.0,139.25,132.9,137.55,17261345
2018-10-25,136.15,141.55,135.3,140.1,20846952
2018-10-26,139.25,139.9,135.1,137.65,9714145
2018-10-29,137.75,141.85,135.8,141.45,5438158
2018-10-30,140.0,140.5,135.65,136.3,6910360
2018-10-31,137.0,138.95,135.05,138.45,6364735
2018-11-01,139.75,142.95,139.0,141.85,13189131
2018-11-02,146.2,151.4,145.2,148.25,16785626
2018-11-05,146.5,146.5,139.4,140.3,13295509
2018-11-06,141.0,141.45,136.5,137.35,10164542
2018-11-07,139.0,139.4,138.35,138.95,1173971
2018-11-09,140.5,142.7,140.4,141.65,8628411
2018-11-12,141.6,141.6,134.25,135.05,10438326
2018-11-13,137.05,142.3,137.0,141.4,14884569
2018-11-14,146.0,155.5,144.2,145.4,28107114
2018-11-15,146.0,148.7,142.75,146.65,7801533
2018-11-16,144.6,145.7,141.25,143.35,8661035
2018-11-19,144.0,144.65,140.0,142.55,7056119
2018-11-20,143.8,144.9,138.0,139.05,10075993
2018-11-21,145.4,148.5,141.1,141.6,17200761
2018-11-22,141.95,142.3,138.0,138.25,8924144
2018-11-26,142.5,143.0,136.05,136.95,19288794
2018-11-27,136.45,139.65,135.25,138.45,18224941
2018-11-28,137.3,138.25,133.45,134.05,20450770
2018-11-29,136.5,136.5,132.1,134.85,25538361
2018-11-30,135.5,135.9,132.4,134.6,30122132
2018-12-03,133.7,134.3,132.4,132.8,11101159
2018-12-04,132.5,136.25,132.2,135.65,9410020
2018-12-05,135.45,138.2,132.55,134.3,10988473
2018-12-06,133.0,133.25,129.65,130.75,9198267
2018-12-07,132.75,133.6,128.7,129.75,13748101
2018-12-10,129.5,135.7,127.5,134.35,50610060
2018-12-11,134.0,134.0,129.55,131.95,21799139
2018-12-12,132.0,136.9,131.65,136.1,18708955
2018-12-13,138.45,138.9,136.35,137.4,17570018
2018-12-14,141.15,142.5,140.1,141.25,39439207
2018-12-17,142.6,143.1,141.3,142.9,18481348
2018-12-18,143.7,145.0,143.0,144.75,20050465
2018-12-19,147.0,147.75,145.55,145.95,18132865
2018-12-20,145.55,148.25,144.9,147.85,21555488
2018-12-21,141.8,142.8,139.1,139.75,34680959
2018-12-24,140.5,140.9,134.3,135.05,14877792
2018-12-26,136.3,137.2,134.3,134.65,18564231
2018-12-27,134.6,135.2,131.0,133.9,46704031
2018-12-28,134.6,138.7,134.2,138.2,16519862
2018-12-31,138.6,139.0,136.55,137.05,7360454
2019-01-01,137.2,138.0,136.3,137.7,4059229
2019-01-02,137.3,138.2,134.1,137.25,11509773
2019-01-03,137.2,137.2,132.15,132.65,13059163
2019-01-04,132.65,134.95,132.5,133.95,7277203
2019-01-07,134.5,134.75,132.5,133.45,10623470
2019-01-08,133.6,134.2,132.7,134.0,6870682
2019-01-09,133.75,134.3,131.6,132.0,8349450
2019-01-10,131.1,131.8,129.45,129.9,10687270
2019-01-11,130.5,131.55,130.35,131.2,7589370
2019-01-14,133.0,133.15,131.0,132.3,8986002
2019-01-15,132.6,134.75,132.55,134.55,6386411
2019-01-16,135.0,136.0,134.15,135.8,6605251
2019-01-17,136.0,138.3,135.3,137.65,11644105
2019-01-18,137.5,138.7,137.15,137.85,7023754
2019-01-21,137.0,137.8,135.45,135.65,5191531
2019-01-22,135.95,137.3,135.35,135.95,7120979
2019-01-23,136.5,136.8,135.1,136.1,5367900
2019-01-24,136.25,138.2,136.1,136.8,6161313
2019-01-25,136.8,138.8,136.8,137.75,6255229
2019-01-28,137.2,138.35,136.4,138.05,5570306
2019-01-29,138.0,139.55,136.5,137.35,8366609
2019-01-30,137.15,138.0,132.65,134.55,16613250
2019-01-31,133.0,138.3,132.25,136.85,32332758
2019-02-01,137.35,138.5,136.15,137.2,5092724
2019-02-04,136.5,138.25,135.1,135.9,4992704
2019-02-05,135.95,136.2,133.3,133.75,3435563
2019-02-06,133.5,138.25,133.5,137.85,4483438
2019-02-07,137.85,138.55,136.65,138.05,3429101
2019-02-08,138.15,138.2,133.1,133.8,3582567
2019-02-11,133.9,137.55,130.6,135.85,11300239
2019-02-12,137.0,137.9,133.9,134.75,9587846
2019-02-13,135.0,135.5,129.35,129.9,9757587
2019-02-14,129.5,129.65,123.55,124.65,24830679
2019-02-15,126.95,127.0,120.95,125.45,16601313
2019-02-18,125.85,126.75,124.2,124.95,5920366
2019-02-19,125.0,128.15,125.0,125.6,6131943
2019-02-20,126.5,130.7,125.9,129.3,7962818
2019-02-21,129.0,131.45,128.3,131.1,5912967
2019-02-22,131.75,138.0,131.7,137.2,24995422
2019-02-25,137.9,139.5,134.55,138.6,17046470
2019-02-26,137.0,143.25,136.65,142.25,18210608
2019-02-27,143.0,144.25,139.05,140.9,11495038
2019-02-28,142.5,146.8,141.55,144.6,66681103
2019-03-01,144.9,148.95,143.25,148.05,8671002
2019-03-05,146.8,154.25,146.7,153.65,13842965
2019-03-06,155.0,157.25,153.5,154.9,11217264
2019-03-07,155.45,157.2,149.15,150.2,11340915
2019-03-08,150.0,150.9,144.7,148.7,16049350
2019-03-11,150.0,155.35,149.35,153.7,12346239
2019-03-12,155.0,156.45,153.0,154.1,11740554
2019-03-13,152.0,152.7,146.85,148.75,20116619
2019-03-14,149.5,152.15,149.15,151.1,11582969
2019-03-15,152.7,159.2,150.7,157.35,29634224
2019-03-18,159.95,166.2,157.85,162.8,41482126
2019-03-19,166.0,166.0,161.75,162.7,30403832
2019-03-20,162.75,162.75,155.7,159.0,36067181
2019-03-22,158.8,161.25,155.1,157.05,31011781
2019-03-25,157.0,165.9,155.0,164.35,23685632
2019-03-26,165.1,169.75,160.5,161.8,26397138
2019-03-27,162.0,163.7,160.4,161.45,10666251
2019-03-28,162.0,164.1,160.35,161.3,29432533
2019-03-29,163.0,165.1,162.2,162.85,24363007
2019-04-01,163.1,163.8,156.8,158.7,20174629
2019-04-02,158.0,159.9,157.05,158.15,10903166
2019-04-03,158.0,159.65,153.0,153.45,10570399
2019-04-04,154.5,156.1,153.35,155.2,9365107
2019-04-05,155.75,159.0,155.4,158.45,8951614
2019-04-08,157.4,157.4,151.7,152.05,12708062
2019-04-09,149.0,156.0,148.8,155.4,15095801
2019-04-10,154.75,158.35,153.45,156.6,8883968
2019-04-11,156.6,161.8,156.15,157.95,15119968
2019-04-12,158.85,159.7,155.05,155.35,14343500
2019-04-15,156.8,158.0,153.3,154.0,9738383
2019-04-16,155.6,158.5,153.75,155.7,11692744
2019-04-18,157.45,157.45,154.15,156.1,9175855
2019-04-22,152.5,152.75,148.85,149.75,12552321
2019-04-23,149.4,150.9,146.85,149.4,8417128
2019-04-24,151.0,154.15,150.45,153.8,11867517
2019-04-25,153.6,155.45,151.85,152.7,28773110
2019-04-26,153.9,157.1,151.5,152.85,11983996
2019-04-30,155.0,159.0,153.65,158.05,14156261
2019-05-02,159.0,160.3,156.2,158.1,11858590
2019-05-03,159.95,160.0,155.7,156.15,6920322
2019-05-06,157.5,158.4,155.15,156.7,7947973
2019-05-07,156.7,156.7,152.2,153.45,8413961
2019-05-08,154.0,155.2,151.7,152.2,5788594
2019-05-09,152.2,152.95,150.0,150.6,4834865
2019-05-10,149.9,150.25,147.05,147.6,7220841
2019-05-13,146.2,147.85,142.0,142.6,9712869
2019-05-14,142.6,144.85,141.5,143.6,9252786
2019-05-15,145.0,147.15,143.8,145.75,12492965
2019-05-16,144.3,152.3,143.0,151.15,11507435
2019-05-17,150.0,152.65,146.85,149.6,22762517
2019-05-20,155.0,158.85,151.1,157.65,12544327
2019-05-21,158.0,159.25,152.4,153.5,8646559
2019-05-22,155.0,156.75,152.25,155.45,8699597
2019-05-23,158.5,160.2,153.4,154.2,14440150
2019-05-24,159.0,159.85,154.3,156.8,16976732
2019-05-27,156.0,162.85,155.4,162.2,12472892
2019-05-28,162.0,164.0,160.1,163.45,16148042
2019-05-29,164.6,164.9,159.4,160.35,8732638
2019-05-30,160.5,163.4,159.4,161.95,21433409
2019-05-31,164.0,168.8,162.95,165.55,21171057
2019-06-03,167.8,170.75,167.05,169.7,18448513
2019-06-04,170.0,170.0,164.7,165.35,9515155
2019-06-06,167.3,168.75,161.75,163.55,10111320
2019-06-07,163.0,164.75,161.65,163.8,6316945
2019-06-10,163.4,163.5,159.15,160.65,6905925
2019-06-11,161.1,162.95,159.3,162.5,5443668
2019-06-12,163.0,163.4,161.1,162.55,4710283
2019-06-13,163.2,163.5,158.05,160.7,7870399
2019-06-14,160.1,161.55,158.7,159.8,4456656
2019-06-17,159.65,159.7,154.55,155.3,4676014
2019-06-18,154.8,158.0,153.9,157.65,4915688
2019-06-19,155.95,157.55,152.8,154.4,4788995
2019-06-20,154.4,157.25,154.4,156.75,4719691
2019-06-21,153.95,156.35,153.3,153.85,12256650
2019-06-24,153.1,154.0,150.8,152.05,5588771
2019-06-25,152.05,155.0,151.75,154.6,5768459
2019-06-26,153.1,155.65,152.55,154.95,6276777
2019-06-27,154.75,157.35,154.5,156.6,17955015
2019-06-28,157.3,158.0,155.55,155.9,6998831
2019-07-01,155.9,156.2,149.3,151.65,12534939
2019-07-02,152.55,154.95,151.5,154.7,7110384
2019-07-03,155.95,157.2,155.2,156.15,7300662
2019-07-04,155.5,157.1,155.3,156.55,3433538
2019-07-05,157.5,157.5,148.95,152.2,13934319
2019-07-08,150.9,151.35,143.45,144.05,11965521
2019-07-09,144.0,152.7,143.8,151.4,32532552
2019-07-10,150.5,151.85,144.6,148.15,12575054
2019-07-11,147.5,148.8,145.75,147.9,11238050
2019-07-12,147.0,147.9,144.2,146.85,33350342
2019-07-15,145.85,147.35,144.5,145.4,8158174
2019-07-16,146.0,148.0,145.45,147.05,7987718
2019-07-17,149.25,149.25,145.7,146.85,7908922
2019-07-18,146.85,148.85,145.2,147.6,8934708
2019-07-19,148.6,149.95,144.6,146.5,14030710
2019-07-22,145.0,151.3,144.95,147.95,39717229
2019-07-23,147.65,148.7,145.1,147.35,46671319
2019-07-24,146.8,148.75,145.0,147.95,41373022
2019-07-25,148.0,148.0,145.35,146.65,49924633
2019-07-26,146.25,146.35,141.1,141.8,13556114
2019-07-29,143.0,143.0,136.45,138.25,21413290
2019-07-30,139.0,139.0,133.05,133.5,16988505
2019-07-31,132.0,140.4,132.0,139.3,20572104
2019-08-01,137.95,141.9,135.1,136.95,10582005
2019-08-02,137.8,139.0,133.35,135.25,12930441
2019-08-05,134.0,134.7,131.25,132.25,10240058
2019-08-06,131.85,133.85,130.45,132.4,12555118
2019-08-07,133.5,133.5,128.5,129.0,15967560
2019-08-08,130.4,131.2,127.65,130.85,10341685
2019-08-09,130.6,131.3,129.05,130.5,11774730
2019-08-13,130.3,131.85,125.05,125.9,12546335
2019-08-14,125.9,128.4,124.2,126.45,8302056
2019-08-16,127.0,127.4,125.25,126.25,8055593
2019-08-19,126.35,127.4,125.3,125.8,4774896
2019-08-20,126.0,126.1,123.4,124.2,6521249
2019-08-21,123.9,124.2,120.4,121.05,11145804
2019-08-22,121.05,121.5,116.4,117.8,9252625
2019-08-23,117.0,124.15,116.25,122.8,8058075
2019-08-26,124.1,126.2,119.65,125.5,12876902
2019-08-27,126.45,128.0,125.0,125.75,16833528
2019-08-28,125.9,126.9,121.7,122.9,12405115
2019-08-29,123.2,128.2,121.55,123.65,38895602
2019-08-30,124.2,124.45,120.0,122.45,10241556
2019-09-03,117.75,119.35,116.25,117.25,13533847
2019-09-04,118.4,120.95,116.8,120.35,9544996
2019-09-05,120.6,129.2,120.6,124.7,25213247
2019-09-06,125.15,127.75,123.5,126.95,12641145
2019-09-09,127.05,127.75,125.55,126.65,5791185
2019-09-11,126.0,128.4,125.3,126.05,7651186
2019-09-12,126.7,129.0,124.0,124.4,11296341
2019-09-13,125.3,131.0,123.75,130.1,25526748
2019-09-16,126.0,129.55,124.65,128.55,22675512
2019-09-17,127.75,128.3,124.75,125.2,11912112
2019-09-18,127.6,128.6,125.3,128.15,12151518
2019-09-19,128.3,128.75,125.4,126.2,7291236
2019-09-20,125.95,136.55,123.5,132.55,28147135
2019-09-23,134.5,144.55,134.5,142.65,22725150
2019-09-24,142.5,142.5,136.85,138.7,16785533
2019-09-25,138.25,142.8,137.0,140.7,15364520
2019-09-26,141.95,149.45,141.4,144.55,37604518
2019-09-27,146.6,147.8,144.15,145.55,13782651
2019-09-30,146.45,148.0,143.0,147.4,16069288
2019-10-01,149.8,156.0,145.15,148.55,27392972
2019-10-03,150.9,153.95,149.55,151.75,25503112
2019-10-04,153.25,153.8,147.3,151.05,18259486
2019-10-07,149.9,150.95,146.8,148.7,14942849
2019-10-09,147.55,150.0,147.0,148.2,16990515
2019-10-10,148.2,149.65,146.6,148.2,14129514
2019-10-11,147.2,147.85,140.65,143.4,11999248
2019-10-14,144.0,147.4,144.0,144.75,11156890
2019-10-15,145.0,148.35,145.0,146.45,9841005
2019-10-16,147.25,149.0,145.0,145.55,13185854
2019-10-17,145.9,147.0,143.75,146.4,9554558
2019-10-18,146.1,148.2,144.75,145.6,13907954
2019-10-22,147.1,148.1,145.55,146.45,11908068
2019-10-23,145.45,147.55,144.1,144.5,7145255
2019-10-24,144.65,144.95,141.0,141.3,7913928
2019-10-25,142.5,144.4,140.05,142.1,9777982
2019-10-29,143.25,146.25,143.2,144.35,9527101
2019-10-30,146.5,148.95,145.55,147.15,11020054
2019-10-31,148.0,148.75,143.65,146.8,14450893
2019-11-01,141.0,144.0,140.25,142.65,18291841
2019-11-04,142.65,142.7,138.1,138.7,11549826
2019-11-05,138.0,139.5,136.2,137.0,8989792
2019-11-06,137.35,138.15,135.3,135.6,10621064
2019-11-07,136.7,136.8,135.1,135.85,6545946
2019-11-08,135.95,135.95,133.7,134.05,6571737
2019-11-11,134.3,135.95,133.7,135.6,6224647
2019-11-13,135.6,135.6,133.15,133.85,5808305
2019-11-14,133.2,140.0,131.4,136.85,15719623
2019-11-15,136.85,136.9,131.2,131.7,11256676
2019-11-18,132.0,133.2,131.2,132.55,7987701
2019-11-19,132.4,133.6,131.75,133.0,5956180
2019-11-20,133.7,134.25,129.8,130.9,18009295
2019-11-21,131.4,131.8,128.4,128.9,9151096
2019-11-22,128.65,130.4,128.35,129.8,6729096
2019-11-25,129.8,131.7,129.15,130.85,5433980
2019-11-26,130.7,132.7,128.75,129.3,13821749
2019-11-27,129.35,131.65,129.05,131.1,6228951
2019-11-28,130.95,132.9,130.1,132.55,9785746
2019-11-29,133.0,133.7,130.7,131.4,6325190
2019-12-02,131.5,131.6,128.0,128.65,6852070
2019-12-03,128.95,129.5,127.65,128.5,5156477
2019-12-04,127.95,129.4,126.5,126.85,5662088
2019-12-05,126.45,128.95,125.8,125.95,8707119
2019-12-06,125.9,126.9,123.85,124.4,6177505
2019-12-09,124.4,126.35,124.4,125.5,4614040
2019-12-10,125.5,126.5,121.85,122.55,5361196
2019-12-11,123.05,126.1,122.65,125.55,8295789
2019-12-12,126.5,128.4,125.3,128.1,5822460
2019-12-13,128.65,129.7,127.6,128.25,5428475
2019-12-16,128.45,128.45,125.8,126.15,3777025
2019-12-17,125.6,126.75,124.85,125.65,5134197
2019-12-18,125.0,126.35,124.55,126.05,4645660
2019-12-19,126.4,127.7,125.3,127.4,4293765
2019-12-20,127.05,129.1,127.0,127.4,6729124
2019-12-23,127.45,129.0,126.05,126.45,8134964
2019-12-24,127.0,128.6,126.2,127.4,6255705
2019-12-26,127.0,127.5,124.6,125.1,11883534
2019-12-27,125.9,127.6,125.05,127.3,5251041
2019-12-30,127.3,127.6,126.15,126.6,3646497
2019-12-31,126.55,127.5,125.0,125.55,5049594
2020-01-01,125.95,126.75,125.75,125.95,2127492
2020-01-02,126.2,127.2,126.0,127.0,2559180
2020-01-03,126.5,127.5,126.15,126.85,8852105
2020-01-06,126.5,126.5,124.5,124.9,12631499
2020-01-07,125.3,127.45,124.1,124.55,8451693
2020-01-08,123.05,123.9,121.5,121.85,8885759
2020-01-09,124.9,125.5,122.85,124.5,9218835
2020-01-10,125.0,125.75,124.05,125.45,8377343
2020-01-13,125.9,127.6,125.3,126.95,5747384
2020-01-14,127.6,128.2,126.65,126.9,4488135
2020-01-15,126.95,127.0,125.0,125.7,4768492
2020-01-16,126.05,126.5,124.0,124.15,7051795
2020-01-17,124.15,124.25,122.3,122.65,7715842
2020-01-20,117.95,119.7,113.7,117.5,45262474
2020-01-21,118.0,118.45,114.25,114.8,46511802
2020-01-22,116.65,116.9,111.95,113.65,71728557
2020-01-23,115.1,120.9,115.05,118.35,209929135
2020-01-24,121.5,121.65,119.1,119.65,26158995
2020-01-27,119.25,120.2,117.0,117.45,13598855
2020-01-28,118.15,119.6,116.35,117.9,21276548
2020-01-29,118.8,119.95,117.8,118.3,21334647
2020-01-30,119.9,119.95,116.2,117.15,28004675
2020-01-31,118.55,118.55,112.6,113.45,36742641
2020-02-03,110.05,112.4,107.55,108.05,25072213
2020-02-04,110.0,114.2,109.5,113.8,21018948
2020-02-05,114.85,115.85,113.9,114.7,15743983
2020-02-06,115.5,117.5,115.4,117.05,13080297
2020-02-07,116.7,117.75,115.0,117.5,10836941
2020-02-10,117.4,118.35,115.25,115.8,13771283
2020-02-11,116.0,117.4,115.7,116.05,10333935
2020-02-12,116.05,116.95,114.65,115.1,11943767
2020-02-13,114.95,115.75,114.25,114.75,9028140
2020-02-14,114.7,115.7,113.7,115.1,11808749
2020-02-17,115.0,115.3,111.25,111.8,9671741
2020-02-18,111.9,115.1,110.45,112.65,14517328
2020-02-19,113.8,114.5,112.65,114.2,8021126
2020-02-20,113.55,114.45,112.0,112.3,10958877
2020-02-24,112.8,113.1,110.15,110.55,7926996
2020-02-25,111.9,112.95,110.1,110.45,11212323
2020-02-26,110.2,111.3,108.0,108.35,11476899
2020-02-27,108.35,108.35,105.0,105.65,17657965
2020-02-28,103.8,107.4,100.9,105.75,24217885
2020-03-02,108.45,112.9,103.1,103.95,14580876
2020-03-03,105.5,107.8,104.3,106.65,13272595
2020-03-04,106.8,108.75,105.75,106.6,13611167
2020-03-05,107.55,108.4,104.45,104.8,10165175
2020-03-06,101.8,101.8,99.3,100.8,24683806
2020-03-09,102.3,105.25,98.0,99.4,33011189
2020-03-11,100.05,100.1,95.05,96.9,20255316
2020-03-12,93.0,93.65,87.25,87.9,28174778
2020-03-13,80.3,93.25,76.0,92.25,41589406
2020-03-16,90.4,92.6,87.65,89.7,29823600
2020-03-17,90.0,93.5,88.95,89.4,17242692
2020-03-18,90.25,91.35,86.45,87.6,18144753
2020-03-19,84.45,90.8,82.4,87.95,21202946
2020-03-20,89.0,92.95,88.1,90.6,20032128
2020-03-23,82.0,87.25,80.0,80.75,14024553
2020-03-24,82.9,84.0,77.65,79.7,15678126
2020-03-25,77.8,80.95,77.0,77.85,18088609
2020-03-26,78.0,78.5,74.65,78.0,18316505
2020-03-27,78.5,80.15,76.05,76.9,13442836
2020-03-30,75.0,78.3,74.45,76.8,11491396
2020-03-31,78.0,82.5,77.05,81.65,24278037
2020-04-01,81.65,82.2,78.0,78.95,10479535
2020-04-03,81.0,82.1,76.6,79.5,17006294
2020-04-07,82.0,83.7,80.0,83.0,16078424
2020-04-08,82.85,86.0,81.1,81.75,20433621
2020-04-09,82.7,84.2,81.85,83.4,13585658
2020-04-13,84.5,84.5,81.8,83.15,9679851
2020-04-15,84.0,86.3,82.8,83.2,13661968
2020-04-16,83.25,85.8,82.55,84.7,11993071
2020-04-17,86.05,86.8,85.0,86.0,9160107
2020-04-20,87.75,89.5,85.75,87.55,17688009
2020-04-21,86.8,86.8,82.5,83.0,13638140
2020-04-22,82.95,83.75,79.15,83.0,15316400
2020-04-23,83.4,85.0,82.8,83.1,9180558
2020-04-24,82.25,84.4,81.1,81.5,10417195
2020-04-27,82.4,83.05,81.3,81.5,6320557
2020-04-28,82.1,82.5,79.3,79.65,18484160
2020-04-29,80.0,81.15,79.8,80.5,12216675
2020-04-30,81.55,84.5,81.3,84.2,21193860
2020-05-04,82.65,82.7,79.5,79.75,12277492
2020-05-05,81.0,82.0,78.4,78.7,13552151
2020-05-06,76.8,77.3,72.8,76.55,26298393
2020-05-07,76.85,77.0,75.6,75.75,13425918
2020-05-08,76.1,77.0,74.05,74.35,14534653
2020-05-11,75.55,76.3,74.8,75.35,12903300
2020-05-12,75.85,76.7,74.6,74.9,16302858
2020-05-13,77.9,77.9,75.75,76.0,18240702
2020-05-14,76.0,76.45,75.0,75.15,9059402
2020-05-15,75.75,76.4,75.2,75.5,15818086
2020-05-18,75.55,75.8,71.15,71.55,17698491
2020-05-19,72.85,73.4,71.8,72.05,12402582
2020-05-20,72.35,74.5,71.9,74.1,12925558
2020-05-21,74.1,74.95,73.0,74.45,10240766
2020-05-22,73.75,75.9,72.8,75.5,14476537
2020-05-26,76.6,77.85,76.15,77.15,15486146
2020-05-27,77.2,77.95,76.0,77.55,14315336
2020-05-28,77.4,78.8,77.2,77.7,9978005
2020-05-29,77.7,84.7,77.2,83.2,34572984
2020-06-01,85.3,87.25,84.5,86.15,29796065
2020-06-02,86.6,86.85,84.75,85.8,17989429
2020-06-03,86.3,88.9,86.1,87.0,19472942
2020-06-04,86.05,86.65,84.1,85.9,29273591
2020-06-05,86.6,90.05,86.2,89.4,24128677
2020-06-08,92.9,96.4,92.1,93.1,39389102
2020-06-09,93.35,93.6,90.1,90.65,16781255
2020-06-10,90.6,91.95,89.1,89.95,13668132
2020-06-11,90.1,93.35,87.9,88.35,29700148
2020-06-12,85.0,88.55,85.0,88.3,21617576
2020-06-15,88.15,88.2,85.9,86.2,35101481
2020-06-16,87.35,88.25,83.85,84.85,18620672
2020-06-17,84.5,85.85,83.85,84.35,12560184
2020-06-18,84.3,85.5,83.75,84.85,14843028
2020-06-19,86.0,86.1,84.7,85.3,21537953
2020-06-22,85.85,88.3,85.5,88.05,22605365
2020-06-23,88.8,90.5,88.15,89.35,31797103
2020-06-24,90.5,90.5,86.05,87.1,29648026
2020-06-25,85.2,88.1,84.7,85.05,25734149
2020-06-26,85.9,89.95,85.75,89.15,46496322
2020-06-29,89.5,90.7,86.5,87.1,21451435
2020-06-30,88.3,88.45,84.75,85.35,16344707
2020-07-01,85.65,86.15,84.3,85.65,14331346
2020-07-02,86.5,88.9,85.95,88.35,23312656
2020-07-03,88.4,89.1,87.2,87.85,9989790
2020-07-06,88.05,89.35,87.0,87.95,13522961
2020-07-07,88.0,88.05,85.9,86.15,12790857
2020-07-08,86.25,88.9,86.05,86.95,16678756
2020-07-09,87.45,88.45,86.0,86.5,15305046
2020-07-10,86.45,86.55,85.4,86.15,11091008
2020-07-14,86.75,87.8,85.9,86.4,15345709
2020-07-15,86.8,87.0,85.1,85.65,16532721
2020-07-16,85.45,85.55,82.5,84.25,22609832
2020-07-17,84.65,87.7,83.55,86.9,51152122
2020-07-20,86.95,88.5,86.15,88.3,20607847
2020-07-21,88.3,94.7,87.7,93.45,93905218
2020-07-22,93.55,94.2,91.5,92.0,30482054
2020-07-23,91.75,95.45,91.2,94.3,44920975
2020-07-24,93.9,94.6,91.8,92.8,22611546
2020-07-27,93.6,95.65,91.4,93.75,39139215
2020-07-28,93.75,95.25,92.65,93.4,24585687
2020-07-29,92.3,93.7,92.05,92.6,14883656
2020-07-30,92.0,92.5,87.6,88.55,43622365
2020-07-31,89.3,89.95,87.25,88.45,41414494
2020-08-03,88.35,88.35,85.4,86.2,31446437
2020-08-04,86.3,87.45,85.8,86.95,25498635
2020-08-05,87.0,88.05,86.3,86.6,21667810
2020-08-06,86.8,88.2,86.3,87.2,19663459
2020-08-07,87.7,88.4,85.65,86.4,22270182
2020-08-10,86.6,87.7,86.2,87.1,16255605
2020-08-11,87.2,88.2,86.9,87.05,16717030
2020-08-12,87.05,87.25,85.7,85.85,21486470
2020-08-13,86.4,87.05,85.95,86.85,11778434
2020-08-14,87.5,87.5,84.55,84.8,19898132
2020-08-17,85.25,87.75,85.15,87.55,19481634
2020-08-18,87.1,87.9,86.65,87.0,13545170
2020-08-19,87.1,89.0,87.1,88.0,24451316
2020-08-20,87.9,89.7,87.1,89.05,32146698
2020-08-21,89.95,90.45,88.6,88.85,19035208
2020-08-24,88.95,89.4,88.1,88.35,9740352
2020-08-25,88.35,89.05,87.6,88.3,19552892
2020-08-26,88.8,88.85,87.6,87.9,16122996
2020-08-27,88.15,88.4,87.05,87.2,15445049
2020-08-28,87.8,89.0,87.4,87.8,17611779
2020-08-31,88.5,91.75,85.35,85.8,70850231
2020-09-01,85.8,86.6,83.5,84.65,27777356
2020-09-02,85.4,85.65,84.55,85.3,12523696
2020-09-03,85.7,86.55,84.45,85.1,14027426
2020-09-04,84.0,84.85,82.75,83.9,12703543
2020-09-07,84.5,84.95,81.8,83.8,14902298
2020-09-08,83.95,84.4,82.55,82.75,16168962
2020-09-09,82.7,82.85,79.3,80.55,24388612
2020-09-10,80.7,83.95,80.7,83.55,29432278
2020-09-11,83.3,84.0,82.05,83.1,17860255
2020-09-14,83.2,83.8,82.35,82.7,11874116
2020-09-15,82.7,83.4,81.8,82.25,11709315
2020-09-16,82.25,83.05,81.45,82.7,12791146
2020-09-17,82.4,82.8,81.4,81.8,12883226
2020-09-18,82.6,82.85,80.25,80.7,21035497
2020-09-21,80.8,81.0,77.0,77.7,22523202
2020-09-22,78.1,78.4,75.4,76.15,20539323
2020-09-23,76.5,77.2,75.35,75.95,19123948
2020-09-24,75.0,75.2,71.65,72.0,24558526
2020-09-25,72.35,74.4,71.85,74.1,24753598
2020-09-28,75.0,76.6,74.3,75.65,16096156
2020-09-29,76.0,76.25,74.05,74.85,14878350
2020-09-30,74.85,75.45,73.0,73.9,18970112
2020-10-01,73.95,75.0,73.45,74.1,14256817
2020-10-05,74.5,76.15,73.8,75.55,16171232
2020-10-06,76.15,76.25,74.7,75.35,16092167
2020-10-07,75.15,75.55,74.3,75.2,15157502
2020-10-08,75.1,75.8,74.3,75.5,13210777
2020-10-09,74.6,77.5,74.6,76.5,18028904
2020-10-12,76.5,77.45,75.1,75.7,11846163
2020-10-13,75.55,76.35,74.55,76.1,12907922
2020-10-14,75.2,75.9,73.75,74.65,19604295
2020-10-15,74.65,75.8,74.0,74.55,17815860
2020-10-16,74.6,75.2,73.85,74.2,23227741
2020-10-19,74.6,77.4,74.6,76.8,23207536
2020-10-20,76.6,76.7,74.9,75.05,18691246
2020-10-21,75.75,76.75,75.4,76.0,28080425
2020-10-22,75.85,78.25,75.5,77.7,21947260
2020-10-23,77.7,79.25,77.7,78.25,13735592
2020-10-26,78.25,79.2,78.0,78.1,12517768
2020-10-27,77.55,78.5,76.1,78.1,15157667
2020-10-28,78.1,78.35,77.1,78.05,11414392
2020-10-29,76.7,78.9,76.2,78.4,18997747
2020-10-30,80.0,81.9,79.0,79.55,54768803
2020-11-02,80.05,80.5,77.55,78.2,19197735
2020-11-03,78.05,79.1,77.4,78.0,15275353
2020-11-04,78.0,78.5,76.85,77.95,10731410
2020-11-05,78.7,80.2,78.25,79.8,19673077
2020-11-06,80.0,80.9,79.7,80.25,15044571
2020-11-09,80.45,81.45,80.1,81.2,15987537
2020-11-10,81.1,84.45,81.1,84.25,21976849
2020-11-11,84.25,85.2,83.15,85.0,18399868
2020-11-12,85.0,85.5,83.95,85.3,13700138
2020-11-13,84.0,85.15,83.7,84.75,11108758
2020-11-17,87.0,87.0,84.5,84.95,25035014
2020-11-18,84.5,85.45,84.2,85.25,12869418
2020-11-19,85.25,86.6,84.5,84.7,15420472
2020-11-20,84.75,85.75,83.4,84.85,15609165
2020-11-23,85.5,86.65,84.05,86.45,21750853
2020-11-24,87.0,87.35,85.75,86.15,17836449
2020-11-25,86.5,87.1,85.5,85.75,17102078
2020-11-26,85.9,86.25,84.55,85.6,15122856
2020-11-27,85.6,86.2,84.0,84.6,31877290
2020-12-01,85.0,86.0,84.1,85.85,14386967
2020-12-02,85.85,89.35,85.6,88.4,44728000
2020-12-03,89.45,90.1,87.6,89.9,39317570
2020-12-04,90.3,91.45,89.0,90.4,24856327
2020-12-07,90.5,92.2,90.4,91.7,21338652
2020-12-08,92.0,92.3,90.05,91.05,17122770
2020-12-09,91.4,94.25,91.1,93.95,34467763
2020-12-10,93.9,93.9,91.15,92.45,22243189
2020-12-11,93.55,96.1,93.05,93.85,55197152
2020-12-14,95.0,96.8,94.6,96.2,34961172
2020-12-15,96.25,96.25,94.35,95.45,20959935
2020-12-16,96.5,97.5,95.8,96.35,22630689
2020-12-17,96.5,97.0,95.0,95.4,16645932
2020-12-18,95.4,95.75,93.3,93.95,24364590
2020-12-21,93.4,93.4,84.6,87.1,49215350
2020-12-22,86.0,88.5,84.2,87.95,34029323
2020-12-23,88.2,88.6,86.75,88.15,21048766
2020-12-24,88.25,91.25,88.25,90.25,21997837
2020-12-28,91.0,92.0,90.9,91.7,13213126
2020-12-29,92.0,92.5,90.4,91.2,14705538
2020-12-30,91.35,91.7,90.0,90.9,13421049
2020-12-31,90.5,91.65,90.2,90.95,15177511
2021-01-01,91.3,91.75,91.1,91.5,7144142
2021-01-04,92.0,94.05,92.0,93.85,20940906
2021-01-05,93.0,93.25,91.8,93.0,18715045
2021-01-06,93.35,95.6,93.2,94.1,24710986
2021-01-07,95.0,95.45,93.8,94.5,18143241
2021-01-08,95.1,96.4,94.65,96.15,22542041
2021-01-11,96.2,96.95,94.6,96.0,16225411
2021-01-12,95.6,99.35,95.2,97.95,31941540
2021-01-13,98.45,102.75,98.2,100.95,55937686
2021-01-14,101.75,103.6,100.3,103.2,30720438
2021-01-15,103.35,103.9,100.5,101.3,27838004
2021-01-18,101.55,101.85,97.5,98.3,28599856
2021-01-19,99.0,100.3,98.0,98.55,24415735
2021-01-20,98.9,99.8,97.75,98.3,18930532
2021-01-21,98.2,99.6,96.2,96.7,25634853
2021-01-22,96.5,97.35,95.25,95.7,22504208
2021-01-25,97.0,97.5,93.15,93.45,22533235
2021-01-27,93.0,93.8,90.25,91.4,27493562
2021-01-28,90.45,92.95,90.25,92.6,24137903
2021-01-29,93.8,96.3,92.8,93.25,74195476
2021-02-01,95.8,96.4,93.4,95.8,53177517
2021-02-02,97.55,99.2,96.75,98.8,38641408
2021-02-03,100.6,102.4,99.9,101.85,58158800
2021-02-04,102.8,104.35,102.5,103.6,51171418
2021-02-05,104.5,104.6,102.05,102.4,31422905
2021-02-08,104.0,104.4,102.45,104.1,37924977
2021-02-09,99.8,99.8,97.0,97.7,47911877
2021-02-10,98.1,98.75,96.1,96.75,22672022
2021-02-11,96.1,97.5,95.9,96.5,19512564
2021-02-12,96.55,97.1,94.6,95.1,19038734
2021-02-15,95.55,96.1,94.0,94.15,14796024
2021-02-16,94.15,96.5,94.0,95.6,24869144
2021-02-17,95.55,95.7,94.65,95.0,16459093
2021-02-18,95.3,99.85,95.3,99.0,54055390
2021-02-19,99.2,100.5,96.1,97.55,42193351
2021-02-22,97.5,98.5,95.1,95.65,19487082
2021-02-23,96.4,99.1,96.0,97.65,35512683
2021-02-24,98.4,99.9,97.0,97.95,19784111
2021-02-25,99.4,101.95,98.85,100.9,62750445
2021-02-26,99.5,101.95,97.2,98.05,45723160
2021-03-01,101.0,101.5,99.8,100.7,30046249
2021-03-02,102.25,104.1,101.75,102.2,45720247
2021-03-03,103.0,104.0,101.4,102.6,30023276
2021-03-04,101.5,103.1,101.15,101.45,16870409
2021-03-05,101.7,102.85,100.85,101.45,40145177
2021-03-08,102.25,105.0,102.1,103.6,49732782
2021-03-09,102.45,102.9,99.2,100.55,29925269
2021-03-10,101.9,101.9,98.7,98.85,21160710
2021-03-12,100.25,102.3,100.2,101.3,34987666
2021-03-15,101.65,102.7,100.0,101.05,21098400
2021-03-16,102.1,102.6,99.95,100.4,27527510
2021-03-17,101.25,101.25,98.0,98.2,20922333
2021-03-18,98.9,99.5,96.5,97.25,21413768
2021-03-19,96.95,99.6,95.4,98.75,34445364
2021-03-22,99.65,99.8,98.25,99.15,21252461
2021-03-23,97.2,97.5,96.4,96.75,22153320
2021-03-24,96.0,96.75,94.25,94.55,19041669
2021-03-25,94.35,94.7,90.45,90.9,27910375
2021-03-26,91.8,92.2,90.6,90.9,18974850
2021-03-30,91.0,91.95,90.1,91.55,20591828
2021-03-31,91.55,92.3,90.95,91.85,13495181
2021-04-01,92.0,93.35,91.2,93.15,14843941
2021-04-05,93.0,93.0,90.05,90.75,17182715
2021-04-06,90.9,91.85,90.45,91.15,11040294
2021-04-07,91.15,92.9,91.15,92.7,13742822
2021-04-08,93.0,93.7,92.5,92.95,12783404
2021-04-09,92.8,92.95,91.3,91.7,10297316
2021-04-12,90.1,90.45,86.75,87.0,19962491
2021-04-13,87.2,89.25,87.1,88.8,15976037
2021-04-15,88.2,90.35,88.1,90.1,15727499
2021-04-16,89.15,91.15,89.15,90.15,10290317
2021-04-19,87.95,88.8,86.85,88.1,15268241
2021-04-20,88.35,90.0,87.35,87.8,10866044
2021-04-22,88.0,88.3,87.35,87.85,9490190
2021-04-23,87.65,88.55,87.4,88.05,8003678
2021-04-26,88.7,88.8,87.75,88.2,7066681
2021-04-27,88.2,89.1,88.2,88.85,8752415
2021-04-28,89.2,89.55,89.0,89.4,6336704
2021-04-29,90.25,90.5,88.7,88.9,8957163
2021-04-30,88.6,93.1,88.0,90.85,29815698
2021-05-03,89.85,91.9,89.55,91.45,13655785
2021-05-04,92.5,93.5,91.1,91.4,14855641
2021-05-05,92.8,93.45,91.8,92.2,22976074
2021-05-06,92.85,93.15,92.0,92.6,14722752
2021-05-07,92.9,95.25,92.2,94.7,18508502
2021-05-10,95.3,99.55,95.2,99.15,36970751
2021-05-11,98.6,104.4,97.8,103.7,76907792
2021-05-12,103.9,106.6,102.3,102.8,39084460
2021-05-14,102.8,103.65,100.0,101.05,21825753
2021-05-17,101.65,102.25,100.1,102.0,19693910
2021-05-18,103.1,105.9,102.45,105.55,35764247
2021-05-19,104.5,108.95,104.1,107.2,74174684
2021-05-20,109.7,109.7,104.5,104.7,56482450
2021-05-21,105.8,106.9,103.55,104.3,38579179
2021-05-24,105.0,109.9,105.0,109.45,83199043
2021-05-25,110.4,111.9,109.6,110.3,40720179
2021-05-26,110.1,112.8,109.25,112.0,36991909
2021-05-27,112.7,113.7,109.95,110.25,34323489
2021-05-28,111.5,112.0,108.45,109.85,30246118
2021-05-31,110.0,110.5,108.35,109.25,18219003
2021-06-01,109.5,110.95,109.05,109.9,17108041
2021-06-02,109.8,111.4,109.55,110.85,17386308
2021-06-03,110.15,112.95,110.15,112.45,20956249
2021-06-04,112.5,114.95,112.4,114.6,28329820
2021-06-07,114.85,115.75,114.3,114.7,19210364
2021-06-08,115.15,117.5,113.35,116.7,22786086
2021-06-09,117.1,117.85,114.5,114.95,21013561
2021-06-10,115.5,116.5,115.2,115.95,12975319
2021-06-11,116.4,117.35,114.4,115.1,15096011
2021-06-14,115.25,115.7,112.5,114.75,10651393
2021-06-15,114.55,116.4,114.55,115.75,12477524
2021-06-16,115.75,117.15,115.5,115.9,11893517
2021-06-17,114.95,116.3,114.05,114.6,9555157
2021-06-18,115.2,115.6,111.0,112.3,16211302
2021-06-21,111.5,113.5,110.65,112.65,15093435
2021-06-22,113.6,114.85,113.0,113.85,12121307
2021-06-23,114.5,114.5,112.7,112.9,5465048
2021-06-24,113.0,113.6,111.05,111.45,7991737
2021-06-28,111.9,111.95,110.7,110.85,6517463
2021-06-29,110.85,111.9,107.8,108.15,15190047
2021-06-30,108.25,109.9,107.6,107.9,11404351
2021-07-01,107.9,108.95,107.35,107.55,8810812
2021-07-02,107.75,109.75,107.75,108.45,11938563
2021-07-05,109.45,109.45,108.45,108.8,6203719
2021-07-06,108.7,109.4,108.2,108.4,6200880
2021-07-07,107.65,108.4,107.15,107.95,7451336
2021-07-08,107.95,109.1,107.35,107.55,9531909
2021-07-09,107.55,107.6,106.55,107.3,7282932
2021-07-12,107.35,108.3,106.85,107.2,6292486
2021-07-13,107.35,108.1,106.85,107.8,7484958
2021-07-14,107.55,108.15,106.65,107.1,6079860
2021-07-15,107.0,107.25,106.15,106.3,7634493
2021-07-16,106.05,107.4,105.45,106.1,7862388
2021-07-19,105.75,107.9,105.1,105.95,11688575
2021-07-20,106.1,106.8,104.55,105.6,12829211
2021-07-22,106.5,107.0,105.2,106.7,10839232
2021-07-23,106.7,107.2,105.45,106.0,7331144
2021-07-26,106.0,106.25,104.5,104.65,7291715
2021-07-27,104.75,105.35,103.25,103.95,7727582
2021-07-28,104.0,104.75,103.1,104.0,9155891
2021-07-29,104.25,104.5,103.2,103.9,10093200
2021-07-30,104.25,106.3,102.9,103.15,26245260
2021-08-02,104.5,105.85,103.65,105.5,13312605
2021-08-03,106.0,106.5,105.3,106.15,10106484
2021-08-04,106.5,107.5,104.9,105.3,11584493
2021-08-05,104.5,104.8,102.55,103.95,13497599
2021-08-06,103.95,106.25,103.8,105.9,9202543
2021-08-09,106.2,106.45,103.95,104.4,8306815
2021-08-10,104.9,104.9,101.9,102.25,8212403
2021-08-11,102.8,104.95,102.3,104.65,10858036
2021-08-12,104.65,105.5,103.75,104.1,8961763
2021-08-13,104.0,105.0,103.75,104.65,6700217
2021-08-16,104.75,107.45,104.3,107.2,21879419
2021-08-17,107.3,108.25,104.7,105.7,17129194
2021-08-18,106.4,106.5,104.7,106.2,12592530
2021-08-20,105.45,105.5,103.0,103.5,10490839
2021-08-23,104.9,104.9,102.2,103.0,6954749
2021-08-24,103.9,106.2,103.65,105.9,11898392
2021-08-25,106.5,106.95,105.4,106.1,7541658
2021-08-26,105.9,106.05,104.7,105.6,7953133
2021-08-27,105.75,106.45,105.3,105.95,5570805
2021-08-30,106.4,108.2,106.1,107.35,12826846
2021-08-31,108.0,111.3,107.4,110.85,22323605
2021-09-01,111.0,111.7,109.6,110.75,11800119
2021-09-02,109.8,110.35,109.0,110.15,11510399
2021-09-03,110.7,113.5,110.1,113.1,15271194
2021-09-06,113.75,113.8,111.25,111.6,7535291
2021-09-07,111.6,112.45,110.7,111.85,7583149
2021-09-08,111.1,112.9,111.1,112.6,8331481
2021-09-09,112.65,114.65,112.4,112.8,13322585
2021-09-13,112.8,114.25,112.5,114.0,8755616
2021-09-14,114.0,115.9,114.0,115.25,9235074
2021-09-15,115.45,116.85,115.2,116.4,12683906
2021-09-16,116.7,119.0,116.15,118.35,14086068
2021-09-17,118.7,119.45,116.1,118.25,34694650
2021-09-20,116.5,117.7,114.4,114.6,9170924
2021-09-21,114.55,115.65,113.35,115.0,9380594
2021-09-22,115.05,116.8,115.05,116.45,7834585
2021-09-23,117.0,118.65,116.8,118.0,8928265
2021-09-24,118.0,118.95,116.0,117.25,7922579
2021-09-27,118.15,118.85,117.5,118.65,9939220
2021-09-29,122.25,128.0,122.0,127.45,19848536
2021-09-30,127.45,128.5,124.35,125.3,11997043
2021-10-01,125.65,128.85,125.0,127.4,13390167
2021-10-04,127.8,128.35,125.5,126.25,7563511
2021-10-05,126.25,130.6,126.25,129.9,20207254
2021-10-06,130.9,134.9,129.35,130.1,25424490
2021-10-07,130.5,132.9,129.85,132.25,12699622
2021-10-08,133.55,134.45,130.85,131.8,9093264
2021-10-12,131.85,132.55,129.3,131.25,9992741
2021-10-14,132.0,135.5,131.0,134.4,14040736
2021-10-18,140.0,140.0,135.7,136.35,14763816
2021-10-21,132.05,135.5,130.7,131.65,18346637
2021-10-25,131.6,132.4,128.45,130.45,10037225
2021-10-26,131.0,132.4,130.05,131.5,10132403
2021-10-27,131.75,133.0,130.25,130.8,8941463
2021-10-28,130.8,131.4,127.75,128.65,9267487
2021-10-29,128.0,130.0,126.45,127.95,8408925
2021-11-03,130.8,135.0,130.4,132.55,20760692
2021-11-04,134.95,135.0,133.55,134.65,3324144
2021-11-08,135.0,140.9,134.25,140.45,24833133
2021-11-09,141.45,141.5,138.95,139.7,12921755
2021-11-10,139.4,141.3,138.7,139.45,10244603
2021-11-11,134.15,135.6,132.6,133.3,12699644
2021-11-12,134.0,134.8,132.05,132.95,9503361
2021-11-15,133.25,134.15,132.0,132.85,5872665
2021-11-16,133.4,133.5,130.65,131.0,6492595
2021-11-17,130.9,131.4,128.15,128.45,6220901
2021-11-18,128.45,130.25,127.6,129.35,7260896
2021-11-22,129.55,129.9,124.05,124.5,7749576
2021-11-23,124.0,126.85,123.75,126.15,12297812
2021-11-24,126.7,129.3,126.4,127.6,8101605
2021-11-25,127.6,128.0,124.5,125.65,6387962
2021-11-26,125.6,125.6,120.5,120.95,7725288
2021-11-29,119.55,120.95,117.85,118.8,10535707
2021-11-30,119.0,120.9,117.85,118.95,18375929
2021-12-01,119.65,119.95,116.5,117.7,13247777
2021-12-02,118.0,121.1,117.9,120.65,13790719
2021-12-03,121.0,122.85,120.75,122.2,9910726
2021-12-06,122.45,123.1,120.5,120.95,6252846
2021-12-07,121.8,123.35,120.25,120.6,9643120
2021-12-08,121.65,122.55,120.0,120.4,9800225
2021-12-09,121.0,121.5,119.45,119.7,12864956
2021-12-10,120.0,121.3,119.6,120.05,13554843
2021-12-13,121.0,121.3,117.85,118.3,13574697
2021-12-14,119.0,119.2,117.15,117.9,11614836
2021-12-15,117.7,118.4,115.5,115.7,11957959
2021-12-16,116.7,117.15,115.45,115.75,10633707
2021-12-17,115.95,116.0,112.35,112.85,11765814
2021-12-21,109.5,110.3,108.65,109.5,8388306
2021-12-22,110.05,110.05,108.25,109.05,10895989
2021-12-23,109.9,112.45,109.7,112.15,10285091
2021-12-24,113.45,113.5,109.8,110.25,11602146
2021-12-27,110.2,111.0,109.05,110.75,4459963
2021-12-28,111.25,112.5,111.2,112.3,5650460
2021-12-29,112.4,112.5,111.0,111.5,4221956
2021-12-30,111.5,111.75,109.9,110.55,5512955
2021-12-31,110.6,112.6,110.6,111.5,5811981
2022-01-03,111.5,113.3,111.35,112.95,6684375
2022-01-04,113.7,114.9,113.25,114.05,5548059
2022-01-05,114.05,117.45,113.8,117.25,14249336
2022-01-06,117.3,117.65,113.05,117.25,7197038
2022-01-07,117.65,119.2,116.95,118.5,7535679
2022-01-10,119.0,120.15,118.3,119.7,6615734
2022-01-12,119.2,120.0,118.35,119.15,7165590
2022-01-13,119.65,121.5,118.85,121.15,8373086
2022-01-14,121.5,124.4,121.35,123.3,14954005
2022-01-17,125.0,125.0,123.2,123.75,9699015
2022-01-18,124.2,125.55,123.35,123.95,14263853
2022-01-19,123.6,125.6,123.0,125.1,9913407
2022-01-20,125.1,125.95,124.35,125.5,6671672
2022-01-21,124.0,125.5,120.75,121.7,9818888
2022-01-24,121.0,122.45,119.9,120.35,13110559
2022-01-25,120.2,121.7,119.3,121.45,6434320
2022-01-28,123.3,127.05,123.3,124.1,9996713
2022-01-31,126.7,128.0,124.2,125.2,13191388
2022-02-01,126.0,126.0,119.5,121.75,23085078
2022-02-02,122.5,124.95,122.2,124.45,9832796
2022-02-03,125.4,125.85,124.15,124.65,8744759
2022-02-04,124.9,125.35,123.7,124.15,7149068
2022-02-07,124.5,124.6,122.5,122.9,8968249
2022-02-08,123.1,123.55,120.0,121.35,15697108
2022-02-09,118.5,121.7,117.75,121.05,11720982
2022-02-10,121.1,121.45,119.65,119.95,12080112
2022-02-11,119.5,122.65,119.05,122.05,17657900
2022-02-14,121.0,121.0,116.15,116.55,10975847
2022-02-15,117.0,119.0,114.5,118.75,8652149
2022-02-16,119.25,122.2,119.25,121.5,11782127
2022-02-17,122.85,123.95,120.5,121.4,11183068
2022-02-18,121.4,122.3,120.6,121.15,5319044
2022-02-21,120.0,121.15,118.6,119.2,5730295
2022-02-22,117.0,118.65,116.5,117.1,7606407
2022-02-23,117.8,118.3,116.5,117.15,5683477
2022-02-25,113.0,118.5,111.0,112.35,18699142
2022-02-28,112.8,116.2,110.6,115.0,16521199
2022-03-02,113.75,116.4,111.45,112.25,14926831
2022-03-03,115.0,116.5,113.0,114.65,18861056
2022-03-04,114.95,115.4,112.8,113.25,16670574
2022-03-08,112.0,117.75,111.6,117.05,22322573
2022-03-09,118.9,118.9,115.8,116.95,15650703
2022-03-10,119.05,121.4,117.7,120.95,18394923
2022-03-11,120.8,124.4,120.4,123.7,12398829
2022-03-14,124.85,124.85,120.05,120.8,14878543
2022-03-15,120.8,121.05,118.2,119.0,11001228
2022-03-16,120.3,122.6,119.45,121.95,10117835
2022-03-17,122.4,122.9,120.1,121.35,27800074
2022-03-21,121.8,121.8,117.8,118.0,12111014
2022-03-22,119.0,121.85,118.5,120.65,20619526
2022-03-23,121.85,123.0,120.65,121.7,16847442
2022-03-24,121.8,122.15,120.35,120.6,8251754
2022-03-25,120.05,120.85,118.6,118.8,8158981
2022-03-28,119.4,120.7,117.7,119.95,10228584
2022-03-29,120.3,121.3,118.0,118.3,9751383
2022-03-30,119.7,119.7,116.1,117.2,106426898
2022-03-31,118.0,120.95,118.0,118.95,21134412
2022-04-01,119.1,122.45,119.0,122.1,10701784
2022-04-04,122.1,123.0,121.7,122.3,9396800
2022-04-05,122.8,123.5,122.35,122.65,8714130
2022-04-06,122.45,126.4,121.5,126.05,15720227
2022-04-07,124.3,126.75,123.25,123.55,20159190
2022-04-08,124.9,127.5,124.05,126.95,14466488
2022-04-11,126.9,129.45,126.6,128.85,12758301
2022-04-12,128.45,128.8,125.2,126.05,9722449
2022-04-13,126.05,129.0,125.65,127.9,11783874
2022-04-18,127.7,128.5,126.5,128.1,11647900
2022-04-19,129.3,133.0,128.5,130.3,20122110
2022-04-20,131.0,134.3,130.65,133.4,19126711
2022-04-21,134.45,135.4,133.4,135.05,14769541
2022-04-22,134.9,136.05,133.85,134.35,9118742
2022-04-25,132.8,132.95,127.4,127.75,11069540
2022-04-26,129.4,130.0,127.75,129.05,9422276
2022-04-27,127.6,129.0,125.1,127.35,9978492
2022-04-28,129.5,130.25,127.6,129.95,10515726
2022-04-29,131.4,131.4,125.6,126.0,8675536
2022-05-02,125.95,127.3,124.0,126.65,5749158
2022-05-05,127.0,128.15,125.2,125.7,5343427
2022-05-06,125.0,127.75,122.6,126.25,9120449
2022-05-09,125.65,125.65,121.35,124.0,8241164
2022-05-10,124.4,126.3,121.25,122.0,10375582
2022-05-11,123.4,124.4,118.85,120.45,9743582
2022-05-12,120.45,124.0,119.55,122.1,20411762
2022-05-13,125.0,125.25,120.7,121.3,15067646
2022-05-16,124.0,124.0,120.65,122.1,8377926
2022-05-17,126.0,126.0,121.6,124.4,18261022
2022-05-18,124.0,124.4,117.75,118.05,43268313
2022-05-19,117.0,118.4,115.5,117.25,14576700
2022-05-20,119.0,119.2,116.15,116.95,16158630
2022-05-23,117.6,118.6,116.7,117.7,11658604
2022-05-24,117.7,119.6,117.2,118.7,12302782
2022-05-25,119.3,119.45,114.2,114.8,11544857
2022-05-26,115.0,115.8,111.85,114.2,15855279
2022-05-27,115.4,115.55,113.15,114.15,7744647
2022-05-30,115.25,116.25,114.05,116.1,8148419
2022-05-31,115.7,117.5,115.5,116.0,13283897
2022-06-01,117.0,119.05,116.75,118.2,11124014
2022-06-02,118.85,119.25,116.0,117.65,10849768
2022-06-03,118.05,119.0,117.85,118.3,9043106
2022-06-06,118.3,118.6,116.45,117.55,8108561
2022-06-07,117.35,119.5,116.65,118.2,9867341
2022-06-08,118.65,119.15,117.65,118.0,8635359
2022-06-09,118.0,120.7,116.9,118.3,21408262
2022-06-10,117.9,118.0,116.5,117.25,10782311
2022-06-13,116.3,116.3,113.05,113.6,10082086
2022-06-14,113.55,114.0,110.05,110.25,15682933
2022-06-15,111.0,111.0,108.3,109.2,9591153
2022-06-16,110.55,110.7,107.5,108.15,9931675
2022-06-17,108.0,108.0,103.55,104.2,15767609
2022-06-20,105.1,105.45,101.55,103.05,12775588
2022-06-21,104.05,106.25,103.55,105.75,9446372
2022-06-22,105.95,106.6,103.6,105.55,12427782
2022-06-23,106.0,107.6,105.15,107.3,11052835
2022-06-24,107.6,108.65,107.3,108.5,7871986
2022-06-27,110.0,110.85,108.8,109.55,11887157
2022-06-28,109.5,110.65,107.55,108.3,15087448
2022-06-29,108.6,110.05,108.0,109.8,12602600
2022-06-30,73.95,76.0,73.7,74.25,34424950
2022-07-01,75.0,75.15,72.85,74.55,22029311
2022-07-04,74.7,74.7,73.3,74.35,12798384
2022-07-05,74.5,74.5,73.4,73.6,17464685
2022-07-06,74.0,74.6,72.25,72.6,21856830
2022-07-07,73.3,73.3,72.15,72.7,17846046
2022-07-08,73.0,73.25,72.2,72.7,11692575
2022-07-11,72.7,72.85,72.05,72.55,11548617
2022-07-13,70.65,70.95,70.25,70.4,13704386
2022-07-14,70.4,71.0,70.2,70.75,8917897
2022-07-15,70.7,71.1,70.0,70.35,7310057
2022-07-18,70.7,71.25,70.35,71.15,6697658
2022-07-19,71.25,72.15,71.0,72.0,7585011
2022-07-20,73.0,73.1,72.2,72.35,10590222
2022-07-21,72.35,72.75,71.35,72.55,9537111
2022-07-22,72.9,72.95,72.0,72.15,8740051
2022-07-25,72.2,72.35,71.25,72.1,10124538
2022-07-26,72.1,72.15,71.45,71.65,8202210
2022-07-27,71.75,72.3,71.4,72.1,8726504
2022-07-28,72.05,72.65,71.9,72.05,11715079
2022-07-29,72.5,73.25,72.25,72.95,16983013
2022-08-01,72.5,72.5,70.8,71.1,30168751
2022-08-02,71.4,72.1,71.25,71.95,15655719
2022-08-03,72.3,72.4,70.75,71.0,18893830
2022-08-04,71.5,71.6,70.55,71.2,25024630
2022-08-05,71.45,73.3,70.9,73.1,48935830
2022-08-10,73.65,73.7,72.4,72.5,29085499
2022-08-11,71.35,71.35,70.6,70.95,16670568
2022-08-12,70.95,71.7,70.8,71.55,12294928
2022-08-16,71.75,73.25,71.25,73.15,26772067
2022-08-17,73.3,73.8,73.2,73.35,18542371
2022-08-18,73.5,73.65,72.45,72.65,18850835
2022-08-19,72.65,72.75,71.8,72.15,13357442
2022-08-22,72.1,72.15,70.9,71.3,13714233
2022-08-23,70.8,71.6,70.75,71.05,11581331
2022-08-24,71.25,71.45,70.25,70.55,19584234
2022-08-25,70.9,71.95,70.8,71.45,13090152
2022-08-26,71.85,72.3,71.7,71.9,10546886
2022-08-29,71.15,71.45,70.35,71.05,14387511
2022-08-30,71.45,71.85,71.35,71.5,14284488
2022-09-01,71.0,71.5,70.8,71.15,17854146
2022-09-02,71.45,71.55,70.85,71.3,13349456
2022-09-05,71.5,71.65,70.85,70.95,11658725
2022-09-06,71.15,71.2,70.6,70.7,10545363
2022-09-07,70.8,71.55,70.7,71.4,19254652
2022-09-08,71.9,73.75,71.8,73.05,24401527
2022-09-09,73.3,73.4,72.35,72.55,9906299
2022-09-13,73.05,73.1,72.0,72.25,11555561
2022-09-14,71.95,72.25,71.6,71.8,9024753
2022-09-15,72.0,72.2,71.3,71.55,9985561
2022-09-16,71.55,71.7,69.5,69.95,25993505
2022-09-19,70.25,70.4,69.6,69.65,13595148
2022-09-20,70.0,70.15,69.05,69.1,20693245
2022-09-21,69.3,69.3,68.2,68.45,24710729
2022-09-22,68.2,68.25,67.5,67.8,15775504
2022-09-23,67.8,67.95,67.2,67.45,13578280
2022-09-26,67.2,67.4,65.9,66.05,19194238
2022-09-27,66.4,67.1,66.1,66.75,14140070
2022-09-28,66.4,66.4,65.55,65.75,15974881
2022-09-29,66.1,67.3,65.2,65.9,24560255
2022-09-30,65.95,67.2,65.5,66.95,16041026
2022-10-03,67.25,68.05,66.55,66.7,13288633
2022-10-04,68.0,68.0,67.1,67.3,10513995
2022-10-06,67.95,68.1,67.35,67.75,13000167
2022-10-07,67.65,67.85,67.05,67.45,14879891
2022-10-10,67.0,67.7,66.85,67.55,9042660
2022-10-11,67.7,67.7,65.8,65.95,14905741
2022-10-12,66.0,67.85,65.95,67.25,14459865
2022-10-13,67.3,67.75,66.45,66.85,9890714
2022-10-14,68.0,68.0,66.2,66.3,10119406
2022-10-17,66.5,66.7,65.55,66.05,10841451
2022-10-18,66.4,66.8,66.1,66.7,8153819
2022-10-19,66.8,67.25,66.45,67.0,7157066
2022-10-20,66.65,68.2,66.55,67.85,19426605
2022-10-21,67.4,68.05,67.2,67.5,9542021
2022-10-25,67.85,68.25,67.2,67.9,12609170
2022-10-27,67.9,68.5,67.85,68.3,10404151
2022-10-28,68.5,69.2,68.05,68.45,9586976
2022-10-31,68.5,68.8,68.1,68.25,10549071
2022-11-01,68.4,68.65,68.15,68.5,7840600
2022-11-02,68.55,69.05,68.35,68.6,6785578
2022-11-03,68.5,69.15,68.5,68.7,6466688
2022-11-04,68.65,69.0,68.3,68.5,8971834
2022-11-07,68.85,70.3,68.7,70.1,13032194
2022-11-09,70.35,70.5,69.4,69.55,10410493
2022-11-10,69.45,69.85,69.4,69.6,5974147
2022-11-11,69.95,70.0,69.4,69.75,8792244
2022-11-14,70.0,70.15,68.85,69.45,10222979
2022-11-16,69.65,69.7,69.05,69.3,5638631
2022-11-17,69.45,69.7,69.0,69.1,5264089
2022-11-18,69.35,69.5,68.75,69.25,6231903
2022-11-21,69.35,70.4,69.15,70.05,14820946
2022-11-22,70.05,70.2,69.45,70.0,13456815
2022-11-23,70.05,70.3,69.7,69.9,7949141
2022-11-24,70.15,72.7,70.15,72.05,29444796
2022-11-25,72.2,73.95,71.65,73.35,22422462
2022-11-28,73.9,76.45,73.9,76.2,40695313
2022-11-29,76.45,76.7,75.0,75.3,17421133
2022-11-30,74.5,77.0,74.45,76.65,29122442
2022-12-01,77.0,77.15,76.0,76.2,15072561
2022-12-02,76.2,77.2,76.0,77.0,18220281
2022-12-05,77.05,77.7,76.7,77.05,10947250
2022-12-06,77.0,77.4,75.65,75.8,10369691
2022-12-07,76.75,77.8,76.15,76.7,20909569
2022-12-08,77.45,77.5,76.5,76.75,11996025
2022-12-09,77.5,78.35,76.7,77.0,24702723
2022-12-12,77.0,79.05,76.8,78.9,20455051
2022-12-13,79.2,79.25,77.45,77.75,16409283
2022-12-14,77.9,78.7,77.55,78.15,16268873
2022-12-15,78.15,78.5,77.8,78.1,9555282
2022-12-16,78.25,78.95,76.65,76.95,18672807
2022-12-19,77.2,78.15,76.6,77.95,12681354
2022-12-20,77.95,78.15,77.05,77.8,9368946
2022-12-21,77.8,78.15,76.15,76.4,8618706
2022-12-22,76.4,76.75,74.65,75.1,15215404
2022-12-23,74.6,75.1,72.8,73.0,15286836
2022-12-26,73.0,74.6,72.35,74.4,9571856
2022-12-27,74.9,75.2,74.35,75.1,5815217
2022-12-28,74.85,75.15,74.45,74.8,6599386
2022-12-29,74.8,75.15,74.1,74.75,10191269
2022-12-30,75.2,77.5,75.2,76.5,15567911
2023-01-03,78.0,78.9,77.7,78.5,11509540
2023-01-04,78.9,79.5,77.4,78.1,11974831
2023-01-05,78.75,79.25,78.35,79.1,14449439
2023-01-06,79.3,80.8,79.0,80.05,19075518
2023-01-09,80.85,81.0,79.65,80.1,16438468
2023-01-10,80.55,80.8,79.7,80.6,11953196
2023-01-11,80.85,84.05,80.6,83.55,44099830
2023-01-13,81.55,82.45,81.1,82.3,8018070
2023-01-16,82.45,82.7,81.75,82.25,9367702
2023-01-17,82.3,82.7,81.0,81.6,8776414
2023-01-18,81.45,82.9,81.25,82.15,7980164
2023-01-19,82.15,83.4,81.9,83.25,9857262
2023-01-20,83.2,83.55,82.75,82.9,9411562
2023-01-23,83.15,83.6,82.6,83.45,6972772
2023-01-24,83.8,83.8,82.7,83.15,7069973
2023-01-25,82.9,83.4,82.3,82.5,8188678
2023-01-27,82.55,83.05,80.0,81.0,10838959
2023-01-30,81.0,82.5,80.4,81.75,10783051
2023-01-31,82.5,83.3,81.15,81.75,21752061
2023-02-01,81.7,81.95,78.35,79.8,20031377
2023-02-02,79.6,80.0,78.15,78.55,10817457
2023-02-03,78.9,78.9,76.9,78.45,11116563
2023-02-07,79.25,79.75,78.65,79.05,6876198
2023-02-08,79.0,79.4,78.3,79.25,6093832
2023-02-09,79.2,80.7,78.9,79.6,8609974
2023-02-10,79.65,80.45,79.5,79.8,6286269
2023-02-13,80.0,80.25,79.25,79.5,6470826
2023-02-14,79.45,79.85,78.65,79.15,5013825
2023-02-15,78.45,79.75,78.45,79.5,3686045
2023-02-16,79.85,80.05,79.2,79.8,8603036
2023-02-17,79.9,81.05,79.6,80.55,9145422
2023-02-20,80.7,80.95,79.3,79.55,6867570
2023-02-21,80.0,80.25,79.0,79.2,4633296
2023-02-22,78.65,78.8,77.1,77.3,9878001
2023-02-23,77.7,77.9,76.75,77.2,6290065
2023-02-24,77.5,77.65,77.1,77.35,6103178
2023-02-27,77.35,77.4,76.2,76.85,6945215
2023-02-28,76.9,77.05,75.8,76.05,10000095
2023-03-01,76.0,77.2,75.85,76.95,6694749
2023-03-02,77.0,78.15,76.8,77.9,5273986
2023-03-03,78.15,78.45,77.7,78.2,5522499
2023-03-06,78.3,79.8,78.05,79.25,8582554
2023-03-08,78.75,79.35,78.5,79.2,5969771
2023-03-09,79.3,79.45,78.55,78.7,6135751
2023-03-10,78.5,79.25,77.5,78.9,6305111
2023-03-13,78.5,78.9,77.65,77.8,7151999
2023-03-14,77.85,78.1,77.25,77.7,8316642
2023-03-15,78.25,79.05,78.0,78.6,8183051
2023-03-16,79.0,80.45,78.75,79.9,27348566
2023-03-17,80.6,80.85,78.85,79.3,22904016
2023-03-20,79.2,80.7,78.7,80.6,18090005
2023-03-21,80.8,81.15,79.3,79.55,9942587
2023-03-22,79.8,79.95,79.1,79.6,8162089
2023-03-23,79.35,79.6,78.8,79.0,7065528
2023-03-24,78.85,79.2,78.0,78.4,10269895
2023-03-27,78.0,78.4,76.75,77.1,4845906
2023-03-28,76.9,77.4,75.75,76.9,7446988
2023-03-29,76.85,77.55,76.65,76.9,9921198
2023-03-31,77.3,78.35,77.2,77.9,9748505
2023-04-03,77.25,78.25,76.9,77.5,11416090
2023-04-05,78.05,78.25,77.0,77.15,6867318
2023-04-06,77.15,77.85,76.9,77.7,5063531
2023-04-10,77.7,78.2,77.4,77.8,5706517
2023-04-11,77.8,78.1,77.65,77.9,2998570
2023-04-12,77.9,78.2,77.55,78.0,4182972
2023-04-13,78.0,78.15,77.0,77.2,6411454
2023-04-17,77.2,77.45,76.8,77.25,7736935
2023-04-18,77.2,78.1,77.2,78.0,5096362
2023-04-19,77.95,78.75,77.7,78.55,7940271
2023-04-20,78.9,79.1,78.1,78.2,7789377
2023-04-21,78.75,78.75,77.85,78.25,5001767
2023-04-24,78.3,78.6,77.95,78.25,7060879
2023-04-25,78.25,78.85,78.05,78.45,4656411
2023-04-26,78.35,78.85,78.15,78.45,5090493
2023-04-27,78.55,80.75,78.55,80.45,17036886
2023-04-28,80.95,81.55,80.4,81.4,11996476
2023-05-02,81.75,82.7,81.4,82.15,11768608
2023-05-03,82.45,83.6,82.45,82.7,12067736
2023-05-04,83.1,84.5,82.9,83.3,15811123
2023-05-05,83.3,83.45,82.4,82.8,5895640
2023-05-08,83.0,83.45,82.4,83.25,6051050
2023-05-09,83.75,84.3,83.5,84.0,7286472
2023-05-10,84.5,84.6,83.85,84.25,7349573
2023-05-12,83.85,84.15,83.35,83.55,4700410
2023-05-15,83.8,84.55,83.55,84.2,7167177
2023-05-16,85.4,87.65,85.0,87.0,44298431
2023-05-17,87.8,88.6,87.3,87.55,20861152
2023-05-18,87.6,87.75,85.8,86.0,16119484
2023-05-19,86.0,86.25,84.8,86.05,11201198
2023-05-22,86.05,87.3,85.3,87.15,9226502
2023-05-23,87.45,89.9,86.75,89.0,27392800
2023-05-24,89.1,89.9,88.75,89.65,19866440
2023-05-25,89.85,89.85,88.6,89.15,9684940
2023-05-26,89.2,90.3,89.0,90.2,9846321
2023-05-29,90.3,90.45,89.4,90.05,6891927
2023-05-30,90.0,90.95,89.8,90.3,9269698
2023-05-31,90.4,91.4,89.55,90.0,17157711
2023-06-01,90.5,91.15,89.9,90.5,11770478
2023-06-02,90.5,90.9,89.7,89.8,7123634
2023-06-05,89.9,90.0,88.65,89.25,9227005
2023-06-06,89.4,89.8,88.85,89.4,5740801
2023-06-07,89.55,91.1,89.5,90.85,11403972
2023-06-08,90.75,90.85,89.7,90.05,10809055
2023-06-09,90.2,91.65,90.15,90.3,9921823
2023-06-12,90.7,92.0,90.2,91.85,10813997
2023-06-13,92.85,93.1,91.7,91.9,19796495
2023-06-14,92.2,93.5,92.0,93.15,19246845
2023-06-15,93.3,93.7,92.6,92.9,8742159
2023-06-16,93.0,93.2,91.9,92.15,15146569
2023-06-19,92.15,92.85,91.65,91.9,6800507
2023-06-20,91.9,92.6,91.3,91.9,9394894
2023-06-21,91.95,92.85,91.7,92.0,9499893
2023-06-22,92.0,92.85,91.75,92.0,9694937
2023-06-23,92.3,92.4,88.85,89.3,18134295
2023-06-26,89.3,89.95,88.7,89.55,10963542
2023-06-27,89.75,90.5,88.9,89.35,10668117
2023-06-28,89.7,91.15,89.0,90.65,14388441
2023-06-30,90.95,91.95,90.65,91.3,12595671
2023-07-03,91.6,96.1,91.3,95.25,32972732
2023-07-04,96.0,96.4,94.35,94.65,11918401
2023-07-05,95.15,95.7,93.4,95.5,14283796
2023-07-06,96.0,98.8,96.0,98.6,32778334
2023-07-07,99.45,101.25,98.8,99.2,37546405
2023-07-10,101.0,101.45,97.1,97.4,24042759
2023-07-11,97.8,98.9,96.9,98.1,17508261
2023-07-12,98.25,99.35,97.7,97.9,14979586
2023-07-13,98.4,98.7,96.0,96.2,11491737
2023-07-14,96.5,97.65,95.8,96.6,24048036
2023-07-17,97.4,97.9,96.9,97.35,19126927
2023-07-18,98.05,98.4,97.2,97.6,9527821
2023-07-19,98.0,99.05,97.7,98.25,15283446
2023-07-20,98.7,99.3,98.45,98.75,8940131
2023-07-21,98.85,99.85,98.6,99.35,18598910
2023-07-24,99.8,100.7,99.5,99.85,19073238
2023-07-25,99.95,100.25,98.7,99.0,11983867
2023-07-26,99.85,100.2,98.85,99.6,14912431
2023-07-27,100.4,100.45,98.1,98.6,16349608
2023-07-28,96.2,96.6,94.25,95.25,27278447
2023-07-31,96.0,96.2,93.0,93.75,25418124
2023-08-01,93.8,94.75,93.3,94.0,16132927
2023-08-02,94.4,94.65,93.0,93.85,16780965
2023-08-03,93.9,94.2,93.15,93.5,8703991
2023-08-04,93.55,93.9,92.05,92.3,10743670
2023-08-07,92.45,93.0,92.0,92.85,6947500
2023-08-08,93.0,93.45,91.95,92.35,14652588
2023-08-09,92.45,94.05,92.2,93.9,9339961
2023-08-10,93.9,94.3,93.5,93.85,6480305
2023-08-11,94.0,94.3,93.35,93.5,9294868
2023-08-14,93.5,93.55,91.5,92.6,6762888
2023-08-16,92.6,93.45,92.05,93.3,7026509
2023-08-17,93.3,93.5,92.0,92.25,6856243
2023-08-18,92.15,92.35,91.1,91.4,7603578
2023-08-21,91.3,92.15,90.75,92.0,7450923
2023-08-22,92.4,92.4,91.65,91.85,5274379
2023-08-23,91.85,92.0,91.2,91.3,6805550
2023-08-24,91.7,93.25,91.55,92.25,9936618
2023-08-25,91.95,93.2,91.65,91.8,7021529
2023-08-28,92.25,92.5,91.7,91.9,6866040
2023-08-29,92.05,92.4,91.6,91.9,6510089
2023-08-30,91.5,91.5,90.6,90.75,10926964
2023-08-31,90.75,91.55,88.95,89.1,15918998
2023-09-01,89.35,90.0,88.75,89.05,14735373
2023-09-04,89.3,90.5,89.3,90.05,13063008
2023-09-06,91.45,91.7,90.5,91.35,8805552
2023-09-07,91.45,91.9,91.05,91.7,7697172
2023-09-08,92.2,94.95,91.55,94.0,29294769
2023-09-11,95.5,96.0,94.1,95.2,23997873
2023-09-12,95.9,95.9,91.35,91.55,21373206
2023-09-13,91.9,93.5,91.35,93.1,11716054
2023-09-14,93.6,95.1,93.15,94.65,16430876
2023-09-15,94.35,94.55,91.75,91.95,35184771
2023-09-18,92.8,93.4,91.8,92.6,17302409
2023-09-20,92.45,92.95,91.4,91.85,18228395
2023-09-21,91.9,93.15,91.8,92.75,15173388
2023-09-22,92.8,93.35,92.0,92.25,10983768
2023-09-25,92.5,92.6,91.8,91.95,10885789
2023-09-26,92.2,92.8,91.9,92.0,8786944
2023-09-27,92.05,92.4,90.1,90.4,17576586
2023-09-28,90.8,91.4,89.5,89.8,17116633
2023-09-29,90.6,91.15,90.25,90.95,7353379
2023-10-03,91.4,91.4,89.8,90.0,12491467
2023-10-04,90.0,90.15,88.7,89.1,10554372
2023-10-05,90.45,90.75,89.2,89.65,9293183
2023-10-06,90.0,90.0,89.35,89.75,8500414
2023-10-09,88.45,88.6,87.0,87.45,10345543
2023-10-10,87.45,88.55,87.3,88.35,9460129
2023-10-11,89.0,90.25,88.65,89.7,12124613
2023-10-12,89.85,90.7,89.85,90.3,9922340
2023-10-13,90.3,91.25,90.05,90.85,12881848
2023-10-16,91.0,91.15,90.2,90.9,8631278
2023-10-17,91.0,92.3,90.75,91.85,13355267
2023-10-18,92.5,92.5,90.5,90.75,11466227
2023-10-19,90.15,90.9,90.1,90.65,6724121
2023-10-20,90.55,90.85,89.5,90.3,8772287
2023-10-23,90.3,90.3,87.65,87.95,9592121
2023-10-25,88.45,89.2,86.8,87.6,9057651
2023-10-26,87.55,87.8,85.5,86.2,10108394
2023-10-30,87.45,88.6,86.75,88.25,10175983
2023-10-31,89.0,90.0,87.65,89.7,29025469
2023-11-01,92.0,93.0,90.45,92.45,54027867
2023-11-02,93.85,96.5,93.3,95.05,63995437
2023-11-03,96.5,96.75,95.4,95.9,34490201
2023-11-06,97.0,100.5,96.6,99.0,63500708
2023-11-08,105.4,106.9,103.05,103.45,69412828
2023-11-09,104.1,104.5,102.5,102.95,32091128
2023-11-10,97.85,98.85,97.4,98.05,28403392
2023-11-13,98.3,99.25,97.55,99.0,23502134
2023-11-15,100.0,102.0,99.15,101.7,35721107
2023-11-16,102.0,105.15,101.7,104.1,43421272
2023-11-17,105.0,106.3,101.5,102.7,50796419
2023-11-20,103.0,103.95,102.0,102.85,16980763
2023-11-21,103.0,103.2,100.85,101.05,20429383
2023-11-22,101.0,102.7,100.35,101.25,16652996
2023-11-23,102.0,104.2,100.75,103.8,18589035
2023-11-24,104.1,105.3,103.0,103.45,26009963
2023-11-28,104.7,108.6,104.1,108.2,61127565
2023-11-29,108.7,109.75,107.45,108.55,36828919
2023-11-30,108.55,112.5,107.1,111.75,46269884
2023-12-01,112.85,113.95,110.6,111.25,24131009
2023-12-04,114.5,118.15,113.1,115.9,50645500
2023-12-05,120.0,120.0,115.6,117.7,47272168
2023-12-06,118.8,119.95,117.4,119.3,31094949
2023-12-07,120.3,122.5,119.55,121.35,38173544
2023-12-08,122.15,122.45,117.35,118.8,22610433
2023-12-11,119.9,121.0,116.6,117.5,28917089
2023-12-12,118.0,118.9,116.9,117.55,15735665
2023-12-13,118.5,119.85,118.05,119.65,23660687
2023-12-14,120.5,120.5,119.35,120.1,20038925
2023-12-15,120.3,124.95,119.65,123.8,43200717
2023-12-18,124.45,125.8,123.2,124.35,19345644
2023-12-19,125.0,125.95,124.2,124.7,22074723
2023-12-20,125.6,126.4,119.0,120.05,27660494
2023-12-21,118.0,124.5,117.35,124.15,20805929
2023-12-22,124.25,125.0,122.1,123.7,12915880
2023-12-26,123.9,128.5,123.6,128.05,30770511
2023-12-27,128.4,128.9,125.45,126.6,16455934
2023-12-28,127.0,133.95,126.5,133.25,54672874
2023-12-29,129.7,132.05,128.3,129.85,30650133
2024-01-01,132.1,132.5,130.0,130.3,18629028
2024-01-02,131.0,131.45,128.6,130.55,17271309
2024-01-03,130.55,133.85,130.3,132.7,24221613
2024-01-04,132.0,132.0,128.8,131.2,23880980
2024-01-05,132.8,134.6,131.55,132.7,21903222
2024-01-08,134.0,136.1,132.25,132.65,26199907
2024-01-09,134.9,134.9,131.55,131.9,15051378
2024-01-10,130.95,131.0,128.5,130.55,17547639
2024-01-11,131.35,133.9,131.1,133.25,21653666
2024-01-12,133.45,135.85,132.75,135.3,24471509
2024-01-15,136.45,138.0,135.2,137.65,22824583
2024-01-16,138.25,144.35,137.5,143.6,54350562
2024-01-17,143.0,145.4,141.55,144.1,43031636
2024-01-18,143.8,145.65,139.9,144.5,26958686
2024-01-19,145.1,149.3,143.8,148.65,23970656
2024-01-20,149.9,150.4,147.6,148.05,16429974
2024-01-23,151.5,151.8,137.85,138.95,38167576
2024-01-24,138.95,145.25,138.05,143.45,40122151
2024-01-25,145.9,145.9,142.0,143.7,38252600
2024-01-29,143.7,148.4,143.5,146.7,28420760
2024-01-30,148.4,152.2,146.5,147.7,41378967
2024-01-31,147.8,150.1,146.1,146.95,27393172
2024-02-01,148.5,150.7,147.05,149.75,27883335
2024-02-02,151.9,166.8,151.05,162.9,94675914
2024-02-05,167.95,177.2,164.7,173.95,101043319
2024-02-06,176.55,186.0,171.35,184.5,97077698
2024-02-07,188.2,192.65,185.05,186.45,82890137
2024-02-08,187.9,196.8,186.75,192.4,83103687
2024-02-09,193.4,193.85,177.75,182.5,84137345
2024-02-12,182.5,184.35,173.15,175.4,54071070
2024-02-13,174.95,177.45,172.35,174.45,37121416
2024-02-14,173.0,184.35,170.9,183.55,52764452
2024-02-15,185.0,191.35,183.5,189.85,70678699
2024-02-16,190.0,194.1,186.15,187.0,54056644
2024-02-19,188.6,190.9,186.4,188.5,30664067
2024-02-20,187.5,189.7,183.8,188.75,34936800
2024-02-21,189.6,190.7,181.1,182.3,22131487
2024-02-22,181.5,181.5,175.4,179.7,39618423
2024-02-23,179.7,180.7,175.05,175.85,31342100
2024-02-26,175.9,178.8,172.55,177.5,36264939
2024-02-27,177.5,178.35,172.1,173.25,27603342
2024-02-28,172.5,173.45,166.7,167.4,35971734
2024-02-29,167.4,168.45,164.35,165.55,52797150
2024-03-01,167.95,171.8,167.4,169.4,33401242
2024-03-04,172.2,176.45,170.5,175.25,28643745
2024-03-05,176.45,177.3,174.55,175.85,21719198
2024-03-06,176.2,178.2,172.1,177.35,37730619
2024-03-07,177.35,178.35,174.0,174.6,17880714
2024-03-11,173.95,177.5,172.1,174.25,22843402
2024-03-12,175.0,175.9,171.45,172.9,20208400
2024-03-13,173.0,173.9,161.75,163.35,26725350
2024-03-14,161.25,171.4,160.6,170.35,25912125
2024-03-15,166.0,168.7,153.6,161.0,108719847
2024-03-18,162.55,163.25,160.15,160.8,22670787
2024-03-19,158.9,158.9,154.25,155.25,50547948
2024-03-20,156.0,158.55,155.0,158.25,23956154
2024-03-21,161.0,164.75,159.8,164.5,26756447
2024-03-22,165.7,167.15,163.55,165.15,25141774
2024-03-27,169.0,171.45,165.35,166.2,31466480
2024-03-28,166.75,169.5,166.7,167.75,17007401
2024-04-01,169.95,171.25,168.75,169.25,14548989
2024-04-02,169.4,174.5,169.3,174.2,29081495
2024-04-03,174.2,175.2,173.15,173.7,18996701
2024-04-04,174.0,174.95,169.05,169.65,17913673
2024-04-05,168.8,168.85,164.6,168.0,26551221
2024-04-08,169.0,171.85,168.75,170.3,14541348
2024-04-09,170.5,170.85,168.0,168.9,10074537
2024-04-10,169.0,174.2,168.9,173.05,26458888
2024-04-12,172.95,173.45,169.75,170.15,23635268
2024-04-15,166.8,169.95,162.65,166.4,30165832
2024-04-16,166.4,170.8,165.5,169.0,19347109
2024-04-18,172.3,175.1,168.05,169.0,29756025
2024-04-19,163.5,167.5,162.2,166.65,28613815
2024-04-22,169.95,172.2,168.5,170.9,19022799
2024-04-23,173.7,173.7,167.95,168.1,19730937
2024-04-24,169.4,170.6,167.55,168.75,17496649
2024-04-25,169.45,171.0,168.75,170.2,14757776
2024-04-26,170.7,172.6,169.85,171.55,17306072
2024-04-29,173.0,178.0,172.2,176.75,40527426
2024-04-30,179.5,179.8,167.85,168.85,67530236
2024-05-02,172.0,174.6,168.25,173.4,60555113
2024-05-03,174.8,174.9,169.4,170.75,30968452
2024-05-06,171.85,172.0,165.1,166.25,28686100
2024-05-07,167.5,168.2,159.5,160.0,40995072
2024-05-08,161.5,164.3,159.65,163.15,28458714
2024-05-09,163.0,163.0,156.05,156.6,27225782
2024-05-10,158.5,160.15,155.55,158.95,24021566
2024-05-13,159.85,160.7,154.75,158.2,28720880
2024-05-14,158.2,160.7,157.05,159.35,17592865
2024-05-15,160.6,162.6,159.75,161.8,17906679
2024-05-16,163.05,164.4,161.15,162.85,23017120
2024-05-17,162.85,164.6,162.65,164.05,13305287
2024-05-18,164.4,165.4,164.2,164.9,2610681
2024-05-21,165.0,168.4,163.55,166.9,26148240
2024-05-22,168.2,168.2,164.25,166.95,20053145
2024-05-23,167.5,169.35,166.7,167.95,17423296
2024-05-24,167.9,170.45,167.3,168.8,17579600
2024-05-27,169.1,170.45,166.8,168.9,14367479
2024-05-28,169.1,169.8,165.8,167.05,12934677
2024-05-29,166.0,166.9,164.5,165.05,12374782
2024-05-30,164.7,165.25,161.35,161.95,13980050
2024-05-31,163.4,163.75,161.05,162.4,34520338
2024-06-03,170.8,176.4,168.0,175.3,62214295
2024-06-04,177.0,177.0,149.0,154.5,88989411
2024-06-05,158.5,159.9,147.8,159.25,36919071
2024-06-06,164.0,168.1,162.15,163.6,35722401
2024-06-07,163.7,164.55,161.4,164.2,33444357
2024-06-10,165.7,166.4,164.1,165.21,19825323
2024-06-11,165.9,169.0,164.3,167.68,28559865
2024-06-12,169.0,171.24,168.51,168.84,28047986
2024-06-13,170.0,170.2,168.05,168.95,17279580
2024-06-14,169.2,172.1,169.16,170.36,22000973
2024-06-18,171.9,171.9,169.0,169.59,17723479
2024-06-19,170.0,170.3,166.05,166.75,18053095
2024-06-20,167.35,169.72,166.1,168.97,15794096
2024-06-21,169.19,169.5,166.26,166.62,19269862
2024-06-24,166.62,167.69,164.71,166.3,13445384
2024-06-25,166.98,167.14,164.05,164.37,14775324
2024-06-26,165.15,165.24,164.0,164.27,10441389
2024-06-27,164.5,164.88,162.18,163.58,24654739
2024-06-28,163.9,166.64,163.8,165.63,15335579
2024-07-01,166.0,167.95,165.62,167.66,19014104
2024-07-02,168.0,169.71,167.01,168.3,31012683
2024-07-03,169.4,169.8,167.75,169.31,20184032
2024-07-04,170.1,171.3,169.18,170.17,26156046
2024-07-05,170.9,171.94,169.71,171.28,26431264
2024-07-08,172.21,172.81,169.75,170.07,30322381
2024-07-09,171.29,172.7,170.5,171.67,28600182
2024-07-10,172.3,172.49,167.2,171.9,34673112
2024-07-11,172.9,175.8,172.25,174.44,55143055
2024-07-12,168.49,169.25,166.11,167.04,35355791
2024-07-15,167.5,170.32,166.4,169.7,32915517
2024-07-16,169.5,172.3,169.25,170.74,33837471
2024-07-18,170.0,171.66,168.66,169.61,22673600
2024-07-19,170.9,170.9,165.15,165.49,26361146
2024-07-22,165.49,169.0,163.88,168.19,17140562
2024-07-23,169.35,169.35,160.66,165.82,21714840
2024-07-24,165.82,169.25,165.56,168.79,16076455
2024-07-25,166.89,177.56,166.54,176.85,75894556
2024-07-26,178.34,178.92,175.55,176.55,27261949
2024-07-29,178.0,181.7,178.0,180.39,42913186
2024-07-30,180.0,185.97,178.31,182.95,75819147
2024-07-31,183.5,184.85,180.08,181.67,32726809
2024-08-01,182.0,182.49,177.87,179.73,26184112
2024-08-02,178.0,179.29,174.64,177.29,27097002
2024-08-05,172.0,174.88,166.99,170.59,37579908
2024-08-06,172.0,174.4,166.28,167.01,18084781
2024-08-07,171.24,172.5,169.07,172.22,15591095
2024-08-08,171.99,172.12,169.2,170.23,14932165
2024-08-09,172.1,173.0,168.8,169.09,14137851
2024-08-12,168.0,171.0,167.79,169.16,11563339
2024-08-13,168.31,168.69,163.01,164.12,16620160
2024-08-14,165.01,165.64,163.1,163.74,14369897
2024-08-16,165.25,167.45,164.85,167.17,10622879
2024-08-19,170.0,170.81,169.32,170.08,11457875
2024-08-20,171.99,173.4,171.03,172.23,15526789
2024-08-21,173.0,174.85,172.11,173.89,15640289
2024-08-22,174.88,175.49,173.4,173.79,11809546
2024-08-23,173.6,175.49,172.67,173.13,13815705
2024-08-26,174.0,174.37,172.4,173.46,8952470
2024-08-27,172.8,174.63,171.75,173.25,11132430
2024-08-28,173.25,176.5,173.23,173.75,14449023
2024-08-29,173.89,177.3,173.16,176.84,21375638
2024-08-30,178.0,178.78,176.12,176.97,22288432
2024-09-02,179.25,181.2,177.01,178.73,26940504
2024-09-03,178.6,178.91,175.6,176.13,11874065
2024-09-04,177.0,179.7,176.11,177.03,23923887
2024-09-05,178.65,184.0,177.91,181.34,46162315
2024-09-06,181.09,181.29,174.7,176.64,31875186
2024-09-09,175.5,177.21,173.65,175.34,15121584
2024-09-10,176.11,176.74,174.55,175.55,14875095
2024-09-11,176.99,177.89,169.09,169.74,29731172
2024-09-12,171.49,173.7,170.07,173.26,18368650
2024-09-13,173.25,176.0,172.45,173.19,15061240
2024-09-17,171.32,171.95,170.05,170.51,6417946
2024-09-18,170.6,171.06,167.6,168.45,10726650
2024-09-19,168.89,169.94,162.19,165.04,19197503
2024-09-20,165.4,167.75,165.0,167.05,20652037
2024-09-23,167.55,170.2,167.0,169.73,9393577
2024-09-24,169.17,170.95,168.8,169.89,10027795
2024-09-25,169.6,170.94,168.5,169.82,8749024
2024-09-26,170.21,171.9,168.61,171.36,11349547
2024-09-27,171.6,180.75,171.5,180.01,52095985
2024-09-30,179.71,182.46,176.17,180.15,33375167
2024-10-01,180.0,181.34,177.27,179.06,17390545
2024-10-03,173.22,176.2,170.73,171.33,25392543
2024-10-04,169.5,170.49,165.6,168.65,25223563
2024-10-07,170.79,170.79,162.1,162.74,19798152
2024-10-08,162.05,165.0,160.76,164.24,14948163
2024-10-09,167.79,169.24,164.46,164.74,20278252
2024-10-10,165.17,167.2,164.01,164.39,10145184
2024-10-11,164.39,164.74,162.6,163.15,8750905
2024-10-14,164.15,166.01,162.85,165.47,14345120
2024-10-15,168.0,169.65,166.5,167.93,22551022
2024-10-16,168.25,171.65,167.61,168.39,21433632
2024-10-17,168.0,168.6,164.0,164.28,13215492
2024-10-18,163.3,165.97,161.74,165.35,11701011
2024-10-21,165.1,166.68,159.75,160.12,20627025
2024-10-22,160.0,160.74,154.86,155.31,15190259
2024-10-23,154.9,155.54,150.15,152.94,16503290
2024-10-24,152.94,154.34,152.52,153.27,8648491
2024-10-25,153.5,153.95,145.45,146.31,20505003
2024-10-28,148.6,149.73,145.0,147.02,21349891
2024-10-29,141.01,145.1,140.56,144.12,35275184
2024-10-30,143.6,145.44,142.25,143.4,17388536
2024-10-31,143.4,144.4,141.6,142.62,18657930
2024-11-04,144.58,144.58,136.36,138.93,46651179
2024-11-05,137.99,141.1,137.67,140.8,18594095
2024-11-06,141.61,145.14,141.37,144.61,18107864
2024-11-07,144.66,145.74,143.12,144.15,14637973
2024-11-08,143.81,144.39,140.0,140.34,15316464
2024-11-11,138.8,140.7,137.67,139.43,17669364
2024-11-12,139.6,141.96,138.5,138.79,10561738
2024-11-13,138.24,139.3,135.5,135.99,12503679
2024-11-14,135.5,136.84,133.75,134.76,17425507
2024-11-19,134.86,136.68,132.65,133.12,12696762
2024-11-21,133.12,133.4,129.5,130.71,15787410
2024-11-22,131.49,133.1,130.73,132.61,12070416
2024-11-25,135.77,137.96,135.18,136.4,22201129
2024-11-26,137.3,137.75,136.14,136.96,9265539
2024-11-27,138.14,139.75,135.25,139.0,18242345
2024-11-28,139.2,141.1,137.25,137.75,17331637
2024-11-29,137.0,139.26,136.87,138.63,14012364
2024-12-02,138.22,138.65,136.88,137.65,16069119
2024-12-03,138.0,139.75,137.92,139.51,13089770
2024-12-04,139.51,141.1,139.15,139.86,12745610
2024-12-05,140.39,140.39,138.06,139.44,14056789
2024-12-06,140.65,143.54,140.3,141.96,20687458
2024-12-09,141.96,143.15,141.31,142.33,16119047
2024-12-10,142.1,144.44,141.93,143.54,13694082
2024-12-11,143.49,144.44,142.94,143.19,9714837
2024-12-12,142.25,143.19,140.87,141.48,14929334
2024-12-13,144.74,145.1,140.88,144.24,36825429
2024-12-16,144.32,144.95,142.2,143.16,12428446
2024-12-17,143.0,143.2,140.0,140.32,11896291
2024-12-18,139.15,140.69,136.33,136.71,12013629
2024-12-19,134.0,140.3,133.54,139.62,18879012
2024-12-20,139.68,141.65,136.6,137.08,19545043
2024-12-23,138.08,139.8,137.27,137.78,12517478
2024-12-24,137.91,139.46,137.41,138.27,7802858
2024-12-26,138.3,139.62,137.11,137.85,8620779
2024-12-27,138.05,138.79,136.1,136.25,6146307
2024-12-30,136.25,136.83,134.1,134.61,29229520
2024-12-31,134.52,137.24,134.22,136.41,8243910
2025-01-02,136.41,138.21,135.65,137.96,10625223
2025-01-03,137.72,139.83,137.13,138.14,14567050
2025-01-06,138.14,138.48,132.05,132.88,19711596
2025-01-07,133.49,136.28,133.2,134.33,13658286
2025-01-08,134.15,135.5,133.09,134.6,14259056
2025-01-09,134.64,134.8,132.0,132.2,9734279
2025-01-10,132.2,133.0,129.75,130.28,12948066
2025-01-13,128.03,128.39,121.16,121.99,30291583
2025-01-14,123.0,127.2,122.72,126.63,17430438
2025-01-15,128.26,128.87,126.22,126.95,11472116
2025-01-16,127.95,128.27,126.55,127.1,11843193
2025-01-17,127.0,128.49,126.3,128.07,24617689
2025-01-20,128.85,131.18,126.81,130.5,8234561
2025-01-22,132.2,132.6,128.44,130.52,9202153
2025-01-23,130.4,130.69,128.84,129.83,7058477
2025-01-24,130.99,132.75,127.9,128.26,12630632
2025-01-27,127.97,127.97,122.5,124.17,18934026
2025-01-28,124.17,125.85,121.84,122.58,19861475
2025-01-29,123.19,124.39,122.9,123.64,12017314
2025-01-30,124.4,128.5,123.86,127.12,17776744
2025-01-31,127.12,128.85,126.15,128.49,9686000
2025-02-03,124.11,124.2,120.1,120.96,26047332
2025-02-04,122.7,124.68,122.5,124.46,14405748
2025-02-05,125.49,128.48,125.46,126.43,11469878
2025-02-06,128.05,128.22,125.32,126.02,9804040
2025-02-07,126.03,126.75,124.43,125.11,8892600
2025-02-10,125.0,126.62,122.86,123.18,12773729
2025-02-11,123.18,123.74,120.0,120.47,14532810
2025-02-12,120.69,121.2,117.28,120.42,14799271
2025-02-13,121.0,122.0,119.95,120.08,10136689
2025-02-14,120.5,121.24,116.0,117.25,12351973
2025-02-17,117.25,118.8,114.4,118.45,12518983
2025-02-18,118.45,119.25,116.31,119.0,8678689
2025-02-19,118.11,120.17,117.9,119.87,9158990
2025-02-20,119.84,122.95,118.98,122.79,9940851
2025-02-21,122.0,123.71,120.83,121.33,9657933
2025-02-24,120.25,121.31,119.4,120.22,8764985
2025-02-25,120.22,120.71,118.4,118.65,7607411
2025-02-27,118.26,119.0,116.09,116.42,10709253
2025-02-28,116.0,116.21,112.92,113.49,24161878
2025-03-03,114.7,115.35,110.72,114.56,18881646
2025-03-04,113.1,118.45,111.91,118.04,14145658
2025-03-05,118.04,122.58,117.75,122.25,19577861
2025-03-06,124.6,126.88,123.95,125.84,19384187
2025-03-07,125.75,126.3,123.7,124.84,14763396
2025-03-11,121.19,125.25,120.34,124.82,18090217
2025-03-12,125.0,127.8,124.18,125.29,14079943
2025-03-13,125.0,126.47,124.33,125.67,10882226
2025-03-17,125.43,126.0,123.15,124.11,13126163
2025-03-18,124.5,125.5,123.68,125.15,8940367
2025-03-19,125.31,127.9,125.31,127.75,11273526
2025-03-20,128.4,131.0,127.42,129.21,13947925
2025-03-21,129.26,133.45,128.75,131.51,42928510
2025-03-24,133.0,134.33,131.37,133.67,13965745
2025-03-25,134.0,134.23,130.45,131.03,12380949
2025-03-26,130.9,133.3,128.9,129.09,16379725
2025-03-27,129.05,130.95,128.52,130.36,13141045
2025-03-28,130.0,131.27,127.5,127.7,15396398
2025-04-01,128.0,131.5,127.25,131.24,12740476
2025-04-02,130.82,131.5,128.0,131.31,8531198
2025-04-03,130.1,133.2,129.88,131.06,9909642
2025-04-04,132.91,134.25,128.88,130.14,21497796
2025-04-07,122.45,129.61,122.35,128.09,24739154
2025-04-08,129.48,131.72,128.2,130.98,12634136
2025-04-09,132.0,132.5,128.78,131.62,14769184
2025-04-11,132.5,132.6,131.06,131.83,10020795
2025-04-15,133.4,133.4,132.0,132.87,10142685
2025-04-16,132.99,134.15,132.31,133.83,9200167
2025-04-17,133.5,134.8,132.9,134.3,10404917
2025-04-21,135.17,139.7,134.31,138.68,20249817
2025-04-22,139.15,139.43,137.2,138.31,12648948
2025-04-23,138.95,139.18,135.77,137.65,12689457
2025-04-24,137.65,139.33,137.31,138.39,8177419
2025-04-25,138.4,139.5,132.82,134.65,14663542
2025-04-28,133.81,137.35,133.65,136.49,10943944
2025-04-29,137.3,138.25,135.53,135.78,15222917
2025-04-30,136.5,139.9,136.45,137.86,39902398
2025-05-02,139.79,144.09,138.11,143.28,51965473
2025-05-05,145.0,149.74,144.75,148.56,47549493
2025-06-20,138.29,139.16,137.0,138.65,33690253
2025-06-23,137.0,140.17,136.4,139.92,14001242
2025-06-24,144.4,145.3,142.16,142.84,25393037
2025-06-25,143.31,144.0,141.67,141.98,15297425
2025-06-26,142.1,146.95,142.01,146.28,24194161
2025-06-27,146.28,148.3,146.0,147.22,19189378
2025-06-30,147.26,149.5,146.42,146.96,10645295
2025-07-01,146.51,148.2,146.19,147.14,9899904
2025-07-02,148.0,148.95,147.02,147.91,7881728
2025-07-03,147.99,148.75,147.5,147.87,8006482
2025-07-04,149.7,151.99,147.86,151.62,22612766
2025-07-07,152.02,154.9,151.81,153.75,24354631
2025-07-08,154.8,154.97,152.83,153.82,13876094
2025-07-09,153.46,153.73,150.09,150.25,12440150
2025-07-10,150.75,152.65,150.0,152.33,14545796
2025-07-11,155.0,155.0,150.26,150.65,12767735
2025-07-14,150.65,151.6,149.62,150.1,8021902
2025-07-15,150.55,151.9,150.54,151.4,4853043
2025-07-16,151.2,152.68,150.63,152.04,7218210
2025-07-17,152.37,152.47,150.62,150.96,6727858
2025-07-18,150.51,151.61,148.6,150.06,9017783
2025-07-21,149.52,151.2,149.07,151.07,5030900
2025-07-22,151.3,152.44,150.65,151.98,11381024
2025-07-23,152.01,152.6,150.72,152.35,7597121
2025-07-24,152.02,152.75,150.71,151.22,5879844
2025-07-25,151.0,151.74,146.58,146.96,11646131
2025-07-28,146.96,148.64,146.7,147.56,6023438
2025-07-29,146.5,148.2,146.5,147.94,4240012
2025-07-30,147.5,150.19,146.25,149.04,9331773
2025-07-31,146.55,147.2,144.32,145.62,11960546
2025-08-01,145.33,146.29,140.66,141.03,8981850
2025-08-04,141.72,142.9,139.72,142.38,8163596
2025-08-05,142.52,143.0,139.4,141.27,11034758
2025-08-07,141.01,143.0,140.0,141.67,8365458
2025-08-08,139.99,142.0,139.31,139.91,9551412
2025-08-11,141.6,142.95,139.35,141.41,11260944
2025-08-12,141.11,143.85,140.86,142.65,12858483
2025-08-13,142.65,143.4,141.7,142.43,4990372
2025-08-14,143.0,143.16,139.86,140.13,11453732
2025-08-18,142.0,142.6,139.25,140.31,11766741
2025-08-19,140.4,142.13,138.8,142.01,8913748
2025-08-20,142.01,142.7,141.21,141.44,5531826
2025-08-21,141.65,142.9,141.28,141.44,8746473
2025-08-22,141.4,141.8,139.45,139.95,5874783
2025-08-25,139.95,140.37,139.19,139.96,8282860
2025-08-26,139.5,140.42,138.55,138.96,10846493
2025-08-28,139.0,139.93,138.1,138.49,8420916
2025-08-29,138.49,139.49,136.46,136.62,10577763
2025-09-01,137.0,139.74,136.76,139.56,6229505
2025-09-02,139.56,140.66,139.1,139.62,3714758
2025-09-03,139.6,141.4,139.51,140.49,4902101
2025-09-04,141.18,141.7,139.35,139.68,4768126
2025-09-05,139.45,140.7,138.47,139.65,4533550
2025-09-08,140.0,141.89,140.0,140.9,5069174
2025-09-09,141.14,142.1,140.5,140.94,3636766
2025-09-10,141.26,141.71,140.81,141.14,4302236
2025-09-11,141.05,145.39,140.87,143.93,15031791
2025-09-12,144.98,145.2,142.42,142.61,9001678
2025-09-15,142.74,144.19,142.31,143.99,8158591
2025-09-16,144.05,145.14,143.82,144.98,6389632
2025-09-17,145.04,147.24,144.92,145.94,9549049
2025-09-18,146.05,147.27,145.51,147.15,8002633
2025-09-19,146.99,149.95,146.73,148.5,14995288
2025-09-22,148.5,149.1,147.26,148.3,9720233
2025-09-23,148.09,149.14,147.55,148.24,7296186
2025-09-24,148.03,148.89,146.51,146.77,6288775
2025-09-25,146.02,148.13,145.74,146.22,8605676
2025-09-26,146.02,146.22,143.8,145.04,11925305
2025-09-29,145.04,149.95,145.04,149.31,16918652
2025-09-30,150.04,151.25,149.0,149.79,13201863
2025-10-01,150.4,151.98,149.01,149.7,7658596
2025-10-03,150.0,150.84,148.64,150.39,5989839
2025-10-06,150.98,155.29,150.52,154.84,18473741
2025-10-07,154.76,155.75,153.8,154.37,11389659
2025-10-08,154.0,156.28,153.38,153.57,9953844
2025-10-09,154.02,157.2,153.33,155.25,13999206
2025-10-10,155.51,156.99,153.7,154.11,7992863
2025-10-13,153.71,155.7,152.12,155.26,11375913
2025-10-14,155.74,156.78,152.6,152.81,5976061
2025-10-15,153.24,154.95,152.83,153.69,19147599
2025-10-16,153.9,154.5,152.1,153.67,7119984
2025-10-17,153.75,154.6,152.03,152.91,7126668
2025-10-20,153.3,154.35,152.71,153.85,5564426
2025-10-21,153.9,155.0,153.7,154.13,1188949
2025-10-23,154.0,154.0,149.81,150.12,13612250
2025-10-24,150.0,151.29,149.15,150.37,8519673
2025-10-27,151.3,155.37,151.13,155.2,16809115
2025-10-28,156.4,157.48,153.45,154.52,22709449
2025-10-29,155.0,163.73,155.0,163.09,58449093
2025-10-30,163.09,167.1,162.15,163.51,33405636
2025-10-31,163.51,166.91,163.09,165.9,25385134
2025-11-03,167.0,168.7,165.9,167.73,19190570
2025-11-04,168.0,170.15,167.13,169.25,23469790
2025-11-06,170.02,170.03,167.35,168.37,19729771
2025-11-07,167.21,169.55,166.1,169.16,12104934
2025-11-10,169.14,171.39,168.5,169.39,12402893
2025-11-11,168.9,173.49,167.32,172.44,20113006
2025-11-12,172.7,174.5,171.51,172.3,16003745
2025-11-13,172.69,174.45,171.45,172.45,11618468
2025-11-14,172.4,174.21,170.4,171.25,11051895
2025-11-17,171.16,174.4,171.16,173.12,13233156
2025-11-18,173.5,174.0,169.8,171.59,17543851
2025-11-19,171.51,172.23,168.85,169.33,10315121
2025-11-20,170.1,170.7,168.14,168.7,9529662
2025-11-21,168.0,168.61,166.2,167.35,9261908
2025-11-24,167.0,167.81,165.05,165.69,16397744
2025-11-25,164.9,165.4,163.09,164.12,9625540
2025-11-26,164.12,166.0,163.57,165.59,5855993
2025-11-27,165.59,166.0,162.55,163.81,4631417
2025-11-28,163.5,163.7,161.5,161.75,5937318
2025-12-01,162.03,164.44,162.03,162.97,10208196
2025-12-02,163.51,165.12,161.73,162.34,13247668
2025-12-03,162.2,164.56,161.0,164.11,11250522
2025-12-04,164.0,164.7,162.01,162.76,6382061
2025-12-05,162.71,163.84,161.9,163.66,6124074
2025-12-08,163.66,164.42,161.0,162.1,8744916
2025-12-09,162.2,163.33,160.33,163.01,10272407
2025-12-10,163.25,166.49,162.45,163.07,12155035
2025-12-11,163.27,164.0,160.5,161.75,8829634
2025-12-12,162.35,164.9,162.06,163.67,13492656
2025-12-15,165.17,169.0,162.45,168.55,33661881
2025-12-16,169.51,169.71,166.01,167.74,26675256
2025-12-17,168.64,169.4,167.25,168.16,17416464
2025-12-18,162.0,163.8,161.28,161.75,10014354
2025-12-19,161.2,162.9,160.41,162.6,14335462
2025-12-22,162.6,164.4,162.12,163.66,9224512
2025-12-23,163.65,165.5,162.66,163.27,8439146
2025-12-24,163.3,163.41,161.0,161.17,7879339
2025-12-26,161.1,161.94,159.61,160.3,7762050
2025-12-29,159.56,162.8,159.53,161.98,8219066
2025-12-30,162.0,162.89,160.98,161.57,8132881
2025-12-31,161.57,167.33,161.43,166.46,24383706
2026-01-01,167.0,168.2,164.92,165.88,9679405
2026-01-02,166.7,167.35,164.91,166.79,9638213
2026-01-05,166.8,168.79,163.6,165.01,9692902
2026-01-06,164.7,164.89,161.3,164.0,11514726
2026-01-07,164.1,165.0,162.0,162.67,10582454
2026-01-08,162.67,162.7,155.8,156.37,13567688
2026-01-09,155.2,158.42,155.11,157.61,10896400
2026-01-12,157.0,158.61,154.77,158.24,6011542
2026-01-13,158.7,159.4,155.75,157.4,7763679
2026-01-14,157.0,159.59,156.09,159.16,10309941
2026-01-16,160.0,162.15,159.85,161.32,15011308
2026-01-19,161.0,162.25,159.34,160.9,8651736
2026-01-20,160.9,161.35,158.0,158.43,10243937
2026-01-21,158.43,160.44,156.61,158.82,11797545
2026-01-22,159.8,161.95,158.06,159.05,8809678
2026-01-23,159.09,160.4,155.61,156.03,9542103
2026-01-27,156.7,159.9,155.64,158.9,11148012
2026-01-28,159.0,164.0,158.54,162.85,15795631
2026-01-29,162.72,164.65,161.77,163.09,16100725
2026-01-30,163.0,163.82,160.83,163.24,11627532
2026-02-02,160.5,165.4,159.05,164.61,14590517
2026-02-03,168.5,168.69,164.4,167.58,14585846
2026-02-04,167.0,173.7,166.32,172.78,28164545
2026-02-05,174.24,177.9,172.42,175.77,34830200
2026-02-06,176.99,180.9,173.28,175.2,34240417
2026-02-09,175.95,177.29,175.0,176.16,12380924
2026-02-10,176.79,178.9,175.2,178.21,21506950
2026-02-11,178.0,181.6,176.82,181.31,25578553
2026-02-12,182.25,182.25,175.3,178.11,24014261
2026-02-13,177.28,177.9,176.04,176.77,9835632
2026-02-16,175.9,175.9,173.45,175.15,6184219
2026-02-17,174.95,176.15,172.17,175.81,5249228
2026-02-18,175.86,179.0,175.86,178.74,8191312
2026-02-19,177.71,177.99,173.39,174.3,13677449
2026-02-20,173.6,174.44,172.3,173.79,8935995
2026-02-23,174.89,177.3,173.67,176.46,11422407
2026-02-24,176.99,181.0,176.51,180.19,22691029
2026-02-25,181.0,183.8,180.51,183.03,24353791
2026-02-26,183.5,186.8,182.43,186.47,17206460
2026-02-27,187.11,188.96,185.77,187.47,24422609
2026-03-02,181.31,182.4,176.85,179.11,31464579
2026-03-04,175.0,176.17,169.21,170.44,27718538
2026-03-05,171.0,175.42,169.28,171.54,32355154
2026-03-06,172.06,172.94,168.05,168.68,20979104
2026-03-09,158.0,162.15,156.3,161.22,40458725
2026-03-10,164.44,166.86,159.12,159.94,26772223
2026-03-11,160.5,162.99,159.66,160.63,22703344
2026-03-12,157.4,162.25,154.06,160.16,21636039
2026-03-13,158.99,160.34,155.8,156.54,11958819
2026-03-16,153.01,154.6,146.88,148.96,35687077
2026-03-17,149.0,149.8,145.51,146.68,19101788
2026-03-18,146.8,149.08,145.96,148.27,20318430
2026-03-19,145.89,146.63,142.05,142.73,20076945
2026-03-20,143.6,148.13,143.6,144.6,34636614
2026-03-23,141.49,142.69,137.75,138.11,21048472
2026-03-24,141.58,142.5,137.02,138.7,30509694
2026-03-25,141.32,141.69,139.0,140.52,22848464
2026-03-27,142.99,144.37,137.35,137.76,29985724
2026-03-30,135.38,138.63,134.04,135.4,28375902
2026-04-01,140.0,140.0,134.5,135.72,26367709
2026-04-02,134.2,134.67,130.22,134.13,22834708
2026-04-06,134.13,134.8,130.51,134.05,25356388
2026-04-07,132.3,134.85,131.7,134.44,20626751
2026-04-08,143.0,144.3,141.1,143.35,45807508
2026-04-09,142.89,142.89,140.5,141.67,22052191
2026-04-10,142.26,144.1,141.91,142.96,13681094
2026-04-13,139.1,141.4,137.56,141.08,21941388
2026-04-15,144.95,145.67,144.1,145.22,16020870
2026-04-16,146.0,146.43,143.5,144.19,13154143
2026-04-17,144.4,146.33,143.41,145.88,11855228
2026-04-20,145.01,147.87,144.3,146.87,14174808
2026-04-21,147.06,148.34,147.0,147.31,8952350
2026-04-22,146.44,147.9,146.1,147.36,7680576
2026-04-23,146.4,147.35,145.1,145.48,11146793
2026-04-24,145.0,145.6,142.9,143.47,8204012
2026-04-27,144.0,146.6,143.69,146.26,8409968
2026-04-28,146.15,146.19,144.31,145.39,11294936
2026-04-29,146.11,147.29,143.94,144.19,12575213
2026-04-30,142.5,143.4,141.12,142.25,16384926
2026-05-04,143.5,144.42,142.0,142.26,9094894
2026-05-06,143.5,148.75,143.22,148.21,16440452
2026-05-07,148.9,149.3,145.13,146.89,17332587
2026-05-08,145.8,146.3,144.19,144.69,9904272
2026-05-11,143.0,143.0,140.04,140.37,11542960
2026-05-12,139.39,139.76,137.25,137.65,13482227
2026-05-13,138.0,142.6,137.84,141.69,15901973
2026-05-14,143.0,143.0,139.1,140.26,14516032
2026-05-15,140.5,141.2,134.04,134.48,30353032
2026-05-18,134.0,134.0,130.53,131.81,15772188
2026-05-19,134.1,136.19,133.34,135.0,22333093
2026-05-20,134.67,138.52,133.0,138.04,24216502
2026-05-21,139.6,141.0,138.24,140.53,26345901
2026-05-22,140.53,140.56,138.03,139.47,12077225
2026-05-25,144.06,145.3,143.15,143.95,24525241
2026-05-26,143.7,144.11,141.57,142.38,9355269
2026-05-27,142.09,144.85,141.42,143.94,10981894
2026-05-29,146.0,147.0,139.63,140.24,36212028
2026-06-01,140.5,141.48,138.6,138.8,13055381
2026-06-02,137.99,139.64,137.31,138.83,9425916
2026-06-03,138.19,138.33,136.6,137.38,14280727
2026-06-04,137.69,139.99,136.8,138.95,10664527
2026-06-05,139.0,139.39,137.64,138.26,10644029
2026-06-08,136.74,136.99,135.25,135.6,9213602
2026-06-09,137.0,138.44,136.35,138.13,12417792
2026-06-10,138.13,139.72,136.5,136.88,10347575
2026-06-11,135.0,135.65,133.55,134.24,11817601
2026-06-12,137.0,141.45,136.73,140.94,18813847
2026-06-15,147.0,148.47,144.21,144.49,23010555
2026-06-16,144.95,145.45,143.73,145.11,10255674
2026-06-17,147.0,147.47,144.95,145.42,14039760
2026-06-18,145.8,147.25,145.18,146.11,10920308
2026-06-19,144.98,145.74,142.67,143.43,15764700
2026-06-22,145.43,145.43,143.54,144.38,10482678
2026-06-23,145.0,145.95,142.8,143.17,14059612
2026-06-24,143.99,146.8,143.25,146.3,17387166
2026-06-25,148.0,148.24,143.38,143.89,14235354
2026-06-29,143.3,143.41,138.9,139.18,14942414
2026-06-30,139.51,140.23,138.38,139.38,19013315
2026-07-01,139.7,140.32,138.42,139.83,10736348
2026-07-02,140.3,143.77,140.3,141.62,23991977
2026-07-03,142.32,142.32,141.01,141.56,5661461
2026-07-06,141.6,143.75,140.92,141.68,8310545
2026-07-07,142.75,144.11,141.8,142.18,16961635
2026-07-08,139.7,140.35,136.6,137.63,33976686
2026-07-09,137.63,138.69,136.6,138.26,14352065
2026-07-10,139.38,140.55,138.7,138.96,8402022
2026-07-13,137.0,140.17,136.62,139.95,11620086
2026-07-14,137.99,138.69,136.7,137.05,14151551
2026-07-15,137.9,140.5,137.16,140.24,21309498
2026-07-16,140.5,143.39,139.34,141.8,22023161
2026-07-17,141.7,142.3,140.19,141.69,11266555
2026-07-20,140.19,143.15,139.77,142.41,13180933
2026-07-21,142.99,143.99,142.23,143.3,12235450
2026-07-22,142.45,143.17,141.07,142.03,9024642
2026-07-23,140.2,142.33,138.84,139.92,9748345
2026-07-24,138.85,138.89,136.78,138.47,11902268
2026-07-27,140.5,142.0,139.91,141.52,8260417
2026-07-28,142.0,142.95,141.03,141.28,5767618
2026-07-29,141.35,141.77,139.55,140.11,7526333
2026-07-30,140.0,140.89,139.38,139.94,6997658
2026-07-31,140.2,140.69,138.86,140.17,9626379
2026-08-03,142.52,145.2,142.38,143.7,17986947
2026-08-04,143.47,143.82,141.6,141.6,7539898
2026-08-05,143.89,144.6,142.94,144.0,8582513
2026-08-07,141.99,143.4,141.81,143.38,5173696
2026-08-10,143.0,143.01,141.5,142.0,4186115
2026-08-11,141.5,141.6,139.4,140.0,13163732
2026-08-12,140.63,142.05,139.29,140.6,10106894
2026-08-14,140.85,140.85,138.82,139.4,9237608
2026-08-17,139.2,139.8,138.12,138.61,8148346
2026-08-18,138.12,139.2,137.75,137.8,8312830
2026-08-19,137.5,138.1,136.25,136.3,8404311
2026-08-20,137.0,137.12,135.28,135.9,7026471
2026-08-21,135.5,136.58,135.27,135.9,6642882
2026-08-24,136.0,138.5,135.95,138.5,9432799
2026-08-25,138.0,139.0,137.0,139.0,7676722
2026-08-26,140.0,141.15,138.5,139.48,6514034
2026-08-27,139.37,139.48,136.69,137.57,6190652
2026-08-28,137.57,137.57,136.23,137.1,4050844
2026-08-31,136.11,139.13,134.32,139.13,14038943
2026-09-01,136.34,137.9,135.15,136.53,9536764
2026-09-02,135.0,137.0,134.35,137.0,8229119
2026-09-03,136.3,137.8,136.25,137.8,4941277
2026-09-04,137.0,137.76,136.87,137.6,4277697
2026-09-07,137.0,137.5,135.15,135.15,5955660
2026-09-08,134.88,135.65,133.02,134.35,6954986
2026-09-09,133.3,136.14,133.06,135.6,5297849
2026-09-10,134.31,136.15,134.31,134.94,6629384
2026-09-11,134.0,136.16,133.25,135.11,7203039
