Date,Open,High,Low,Close,Volume
2010-06-10,279.0,281.75,275.2,280.05,3522663
2010-06-11,289.0,289.0,280.65,281.55,2820966
2010-06-14,282.7,286.8,281.6,286.1,2806420
2010-06-15,286.0,292.7,285.1,291.7,3126009
2010-06-16,294.7,294.7,288.15,290.9,3940914
2010-06-17,291.0,296.9,289.15,293.9,4442412
2010-06-18,295.0,299.3,292.7,294.9,5196746
2010-06-21,296.7,300.0,292.0,299.1,4631354
2010-06-22,298.0,303.75,297.25,301.8,3127754
2010-06-23,300.0,304.2,299.25,302.85,3094124
2010-06-24,303.0,307.9,300.1,305.75,6904721
2010-06-25,305.65,307.9,300.2,301.45,2633022
2010-06-28,301.0,303.5,297.0,297.65,2150891
2010-06-29,298.6,299.0,294.05,296.35,1679467
2010-06-30,293.0,306.2,293.0,305.45,4617332
2010-07-01,304.8,304.8,300.25,303.0,1704951
2010-07-02,305.0,305.95,301.8,302.55,1395862
2010-07-05,302.4,304.5,300.0,302.15,1433119
2010-07-06,302.2,303.3,301.1,302.9,1512395
2010-07-07,303.1,303.45,300.0,302.0,2013487
2010-07-08,304.0,305.35,301.9,303.15,1864509
2010-07-09,303.15,304.8,299.25,300.35,1989710
2010-07-12,302.0,302.0,299.3,299.95,2325594
2010-07-13,299.95,301.4,295.3,299.1,4677628
2010-07-14,300.15,302.15,297.65,298.5,4636889
2010-07-15,298.5,301.0,298.25,300.1,3056905
2010-07-16,300.5,300.55,296.6,298.35,3855349
2010-07-19,297.4,299.95,290.0,291.35,3262949
2010-07-20,292.0,293.4,290.1,291.45,1433917
2010-07-21,292.85,296.0,290.85,292.35,3854795
2010-07-22,266.4,298.55,266.4,297.7,7264178
2010-07-23,300.0,302.7,298.25,301.65,6549108
2010-07-26,302.0,303.2,299.95,302.7,2263751
2010-07-27,307.0,307.0,303.0,304.25,1788042
2010-07-28,305.5,308.25,303.2,307.35,3382650
2010-07-29,307.0,311.9,306.05,310.1,3880640
2010-07-30,309.75,311.85,306.0,308.75,3696763
2010-08-02,309.1,313.45,309.0,312.8,5554310
2010-08-03,158.7,158.7,153.75,154.4,5645411
2010-08-04,154.0,157.0,151.55,155.3,5409603
2010-08-05,155.7,157.2,154.35,155.8,3978747
2010-08-06,156.0,160.0,155.8,158.75,3986597
2010-08-09,159.0,160.2,157.9,158.95,2664676
2010-08-10,159.45,159.45,155.85,157.25,4740900
2010-08-11,156.0,157.0,154.35,154.95,3262755
2010-08-12,152.5,155.85,152.05,152.95,4857708
2010-08-13,153.0,157.0,152.95,156.25,4813496
2010-08-16,157.6,159.0,156.0,158.25,2908717
2010-08-17,159.0,160.3,156.75,159.55,5525480
2010-08-18,161.5,163.0,159.05,162.5,8211065
2010-08-19,162.5,166.3,162.5,165.3,8309779
2010-08-20,165.1,165.5,162.05,162.7,5938410
2010-08-23,162.0,162.7,159.1,159.5,3806268
2010-08-24,159.55,161.3,158.6,159.85,3463036
2010-08-25,159.9,161.25,159.85,160.5,4403129
2010-08-26,161.0,165.15,161.0,163.9,10854028
2010-08-27,164.1,165.35,160.35,161.2,3651956
2010-08-30,163.0,163.35,158.6,159.3,3051332
2010-08-31,160.3,164.0,158.5,163.15,8795298
2010-09-01,164.25,164.3,161.8,163.15,4826181
2010-09-02,163.8,165.85,163.15,165.45,4908257
2010-09-03,165.7,165.7,162.35,164.0,4061121
2010-09-06,164.85,167.3,163.8,165.8,7069493
2010-09-07,166.0,167.25,164.8,166.2,5696688
2010-09-08,165.15,165.9,163.25,164.3,4014223
2010-09-09,165.6,165.6,161.4,162.35,4935465
2010-09-13,163.35,164.8,162.1,163.2,4359597
2010-09-14,162.9,166.2,161.8,165.2,7518209
2010-09-15,164.35,168.0,163.5,167.65,6914668
2010-09-16,167.0,169.4,166.55,167.4,4589211
2010-09-17,167.85,169.25,166.35,168.35,7586926
2010-09-20,169.0,178.0,168.0,176.65,13855370
2010-09-21,177.85,179.3,171.4,172.65,16142882
2010-09-22,171.35,175.8,171.35,174.7,7299247
2010-09-23,174.95,177.95,172.9,176.5,6357374
2010-09-24,177.75,180.85,176.7,179.25,8878708
2010-09-27,180.4,180.6,177.3,178.4,7896324
2010-09-28,178.9,180.0,176.3,178.4,7267234
2010-09-29,178.5,180.3,173.0,173.6,6696905
2010-09-30,173.8,180.0,171.9,178.3,16308988
2010-10-01,178.9,180.0,176.3,178.65,10252470
2010-10-04,180.0,181.8,174.9,175.25,8643669
2010-10-05,176.0,176.9,173.5,173.8,8322664
2010-10-06,176.15,176.95,170.8,172.9,7193381
2010-10-07,173.8,174.4,171.2,171.9,7859108
2010-10-08,172.0,173.35,169.6,172.45,7527508
2010-10-11,173.85,174.45,171.35,172.95,4981583
2010-10-12,171.9,172.8,169.15,170.95,5122208
2010-10-13,173.0,175.85,170.5,175.1,10706881
2010-10-14,176.7,176.85,173.85,175.05,4710270
2010-10-15,176.0,176.0,171.35,171.95,4472048
2010-10-18,172.0,172.85,167.1,171.55,8515278
2010-10-19,171.7,173.25,169.1,170.5,5910414
2010-10-20,169.25,171.3,167.5,168.0,5783816
2010-10-21,169.85,175.0,167.3,174.35,4437142
2010-10-22,174.1,174.5,170.2,171.2,3363206
2010-10-25,173.25,173.4,168.6,169.15,6851677
2010-10-26,170.35,173.35,169.1,171.75,6117586
2010-10-27,171.75,171.9,167.2,167.85,4973579
2010-10-28,169.15,171.7,165.0,167.05,23103659
2010-10-29,169.1,171.9,165.7,171.2,18395915
2010-11-01,172.5,173.5,170.85,171.85,8534363
2010-11-02,172.2,174.0,171.0,173.4,4629525
2010-11-03,174.0,177.1,174.0,175.55,9611124
2010-11-04,177.35,177.5,175.05,177.0,5878121
2010-11-05,178.0,178.5,176.2,177.15,1118075
2010-11-08,179.4,179.4,174.6,175.65,4636255
2010-11-09,176.0,178.45,174.1,177.8,4557030
2010-11-10,177.5,178.4,176.4,177.0,3636209
2010-11-11,177.5,178.0,174.65,175.35,2502472
2010-11-12,175.9,177.0,172.4,173.85,4145763
2010-11-15,173.4,175.5,171.25,175.15,2651305
2010-11-16,175.95,176.45,168.55,169.95,5736360
2010-11-18,175.75,175.75,168.5,171.95,8229574
2010-11-19,172.25,173.0,169.6,170.95,5889282
2010-11-22,171.25,176.4,170.4,175.9,8165708
2010-11-23,175.25,176.0,169.55,172.5,8523861
2010-11-24,173.95,174.25,171.7,173.7,6132583
2010-11-25,172.6,173.45,168.1,169.7,8978460
2010-11-26,170.25,170.8,166.05,167.65,9839032
2010-11-29,168.0,169.75,164.0,168.6,12736585
2010-11-30,167.55,173.0,166.0,171.9,13222808
2010-12-01,172.5,172.5,169.85,171.4,4726387
2010-12-02,172.15,172.9,169.75,170.9,8483442
2010-12-03,167.5,172.0,165.0,171.3,9458308
2010-12-06,171.0,171.0,168.5,169.05,3997804
2010-12-07,168.6,169.7,166.3,168.2,6653798
2010-12-08,168.0,170.0,166.25,166.75,6505391
2010-12-09,167.45,168.5,165.8,167.3,7392179
2010-12-10,167.9,170.9,167.0,170.3,4181753
2010-12-13,170.75,171.0,165.5,167.15,5996732
2010-12-14,168.0,169.6,167.1,168.4,4783122
2010-12-15,166.7,168.8,166.5,167.0,5303809
2010-12-16,168.45,168.45,164.15,168.05,4760235
2010-12-20,168.25,168.25,165.6,166.95,3904035
2010-12-21,167.0,167.5,165.8,167.15,3428820
2010-12-22,168.7,168.7,166.2,167.4,3435466
2010-12-23,168.4,168.4,166.15,166.9,2918706
2010-12-24,165.7,170.4,165.7,169.9,4962529
2010-12-27,169.75,171.25,169.05,169.75,4616790
2010-12-28,169.75,171.8,169.75,171.2,2876490
2010-12-29,171.2,174.6,171.15,174.2,6807380
2010-12-30,173.3,176.35,172.65,174.55,19663873
2010-12-31,173.85,175.95,173.65,174.65,6940466
2011-01-03,175.95,175.95,173.9,174.8,2328100
2011-01-04,175.0,178.1,175.0,177.5,9959940
2011-01-05,177.4,180.2,175.8,179.8,8526889
2011-01-06,180.35,181.0,175.85,178.9,5937832
2011-01-07,178.05,180.0,170.6,172.5,7202862
2011-01-10,172.2,172.4,168.55,170.6,8269682
2011-01-11,170.2,174.0,168.05,170.1,7929657
2011-01-12,172.15,174.4,168.6,173.75,5116233
2011-01-13,173.05,174.7,171.4,173.15,7542589
2011-01-14,172.6,177.15,169.1,170.55,5992790
2011-01-17,170.1,174.9,167.65,171.95,9449949
2011-01-18,172.4,176.75,172.1,176.15,6407596
2011-01-19,176.5,178.3,173.6,175.45,9397039
2011-01-20,174.35,175.9,170.65,171.65,7343420
2011-01-21,171.2,172.55,168.4,168.9,9015413
2011-01-24,169.95,170.45,168.0,169.1,5123983
2011-01-25,169.2,170.35,167.5,168.0,5217141
2011-01-27,168.85,169.75,167.0,167.8,7810956
2011-01-28,168.85,170.25,165.6,168.15,10673548
2011-01-31,167.1,167.9,160.95,162.6,11340586
2011-02-01,163.65,163.8,156.2,159.6,14164030
2011-02-02,160.75,161.7,158.0,159.0,6424256
2011-02-03,158.4,161.2,157.6,159.45,4724395
2011-02-04,159.6,160.75,151.7,153.0,9752502
2011-02-07,155.8,158.75,153.3,157.1,9777809
2011-02-08,157.5,158.25,156.0,156.1,6232570
2011-02-09,156.0,156.5,152.75,153.9,8450351
2011-02-10,154.2,158.95,154.2,156.15,7148916
2011-02-11,156.85,157.1,154.0,155.1,5769577
2011-02-14,154.7,159.8,154.7,157.5,6673546
2011-02-15,158.65,158.7,154.6,157.1,4353658
2011-02-16,156.2,158.85,156.2,156.9,3655463
2011-02-17,157.5,158.9,154.85,158.45,6898957
2011-02-18,158.35,160.15,155.0,155.75,4761320
2011-02-21,155.75,158.85,154.6,158.2,2602539
2011-02-22,157.9,157.9,155.5,156.7,4560136
2011-02-23,157.0,157.5,155.1,155.6,3495833
2011-02-24,154.35,156.2,149.0,150.65,17813977
2011-02-25,152.7,156.9,151.5,156.3,9117557
2011-03-01,170.8,174.0,170.6,173.6,14636645
2011-03-03,172.0,176.0,171.2,173.55,13318259
2011-03-04,174.55,174.8,172.0,172.4,8281544
2011-03-07,171.25,173.8,168.05,172.65,6731348
2011-03-08,173.7,173.9,171.15,171.95,5713198
2011-03-09,172.4,173.15,170.6,171.75,4216081
2011-03-10,171.45,171.95,169.3,171.3,4426826
2011-03-11,170.75,173.0,169.55,171.35,3983495
2011-03-14,171.75,173.9,170.5,173.45,4499572
2011-03-15,171.05,172.8,167.7,170.1,6938352
2011-03-16,170.65,172.35,170.65,171.2,3295515
2011-03-17,169.5,170.9,167.3,168.05,7809038
2011-03-18,169.6,169.85,165.6,167.95,6477866
2011-03-21,168.65,169.9,167.5,167.9,4098066
2011-03-22,168.6,170.9,167.5,170.05,4098669
2011-03-23,170.0,172.45,169.15,171.95,5693602
2011-03-24,173.0,173.6,171.9,173.0,5421895
2011-03-25,175.0,178.0,173.5,177.45,11706955
2011-03-28,176.5,179.6,176.35,178.7,8758699
2011-03-29,179.5,180.0,178.15,179.25,8379252
2011-03-30,179.9,181.35,176.75,177.6,10641408
2011-03-31,178.25,184.0,178.25,182.1,22010415
2011-04-01,182.05,184.95,181.4,182.5,11065471
2011-04-04,183.45,185.0,182.8,184.85,6449143
2011-04-05,184.75,185.7,183.25,184.2,5453305
2011-04-06,183.35,184.65,180.8,182.95,3628428
2011-04-07,183.0,183.5,181.35,182.55,3745089
2011-04-08,182.9,185.5,181.85,183.75,6901328
2011-04-11,184.1,188.0,183.65,185.0,8241935
2011-04-13,185.0,191.3,183.75,190.1,10478570
2011-04-15,190.1,192.65,188.65,191.5,11102959
2011-04-18,191.65,194.75,187.5,190.2,8753906
2011-04-19,189.0,191.0,186.9,187.5,7986627
2011-04-20,188.75,191.3,187.5,190.6,5679295
2011-04-21,192.95,192.95,189.5,190.15,9487361
2011-04-25,190.0,192.7,189.75,190.25,2856751
2011-04-26,190.55,192.4,185.1,191.65,7802065
2011-04-27,192.0,194.0,191.25,193.65,5521386
2011-04-28,194.3,194.8,191.05,191.85,8045005
2011-04-29,190.35,194.8,190.35,192.35,10338560
2011-05-02,193.0,194.0,190.5,191.15,5177704
2011-05-03,190.5,191.0,185.65,186.85,5150840
2011-05-04,187.8,188.3,183.5,186.8,5481309
2011-05-05,187.0,187.4,181.65,182.5,6054850
2011-05-06,183.0,184.0,177.55,183.6,7017587
2011-05-09,183.95,186.8,182.1,184.45,5601444
2011-05-10,185.0,188.5,184.35,185.6,4096120
2011-05-11,185.6,186.75,184.4,186.35,2112486
2011-05-12,185.35,187.75,183.4,183.8,2789286
2011-05-13,183.75,191.9,182.45,189.0,7068209
2011-05-16,190.0,190.7,185.55,186.1,7697214
2011-05-17,186.5,190.0,185.7,187.85,5823047
2011-05-18,187.8,190.6,187.8,188.95,4518100
2011-05-19,190.1,191.8,188.15,189.05,7886646
2011-05-20,190.45,191.5,183.75,186.55,26209592
2011-05-23,186.95,190.7,186.2,190.2,9143101
2011-05-24,190.65,190.9,186.2,186.95,5954668
2011-05-25,186.65,189.75,185.35,189.1,6440432
2011-05-26,189.0,189.0,186.0,187.0,9888954
2011-05-27,187.5,189.8,187.35,188.95,6093051
2011-05-30,188.95,189.6,186.35,187.6,5949820
2011-05-31,188.0,193.85,188.0,193.35,9111688
2011-06-01,195.0,195.0,192.5,193.85,5582213
2011-06-02,192.75,197.9,192.4,195.3,7064837
2011-06-03,195.3,196.95,193.0,193.45,3850157
2011-06-06,193.5,194.5,191.25,192.8,2928508
2011-06-07,192.0,194.4,191.5,193.55,2116797
2011-06-08,193.5,196.35,193.0,194.95,6050391
2011-06-09,194.5,195.75,193.25,195.0,3919661
2011-06-10,191.5,193.3,190.5,191.65,8849905
2011-06-13,191.3,192.35,189.95,190.9,4070609
2011-06-14,190.9,194.4,190.9,193.85,4116388
2011-06-15,193.95,195.15,193.05,194.15,5411253
2011-06-16,194.5,195.3,193.0,194.0,4458012
2011-06-17,194.1,195.8,191.3,191.75,4918104
2011-06-20,192.9,192.9,184.3,186.45,8151059
2011-06-21,187.5,188.9,184.25,184.85,4537795
2011-06-22,185.4,186.75,182.0,185.2,5940702
2011-06-23,185.6,191.75,184.35,191.45,7714517
2011-06-24,191.75,196.5,191.75,195.1,11121836
2011-06-27,193.1,195.8,192.5,193.6,6264268
2011-06-28,194.2,194.45,190.5,193.85,4452306
2011-06-29,194.25,199.95,194.25,199.55,7674511
2011-06-30,199.65,204.0,199.55,202.95,11635720
2011-07-01,206.5,206.5,200.1,201.55,7228489
2011-07-04,203.1,204.1,198.25,198.75,5927595
2011-07-05,199.85,199.85,195.25,195.65,8333419
2011-07-06,195.5,197.65,194.3,196.7,6024480
2011-07-07,197.1,203.95,197.1,203.4,8000123
2011-07-08,203.75,205.1,199.65,200.55,6489098
2011-07-11,200.85,203.8,200.5,202.6,4637514
2011-07-12,201.5,205.0,200.25,201.65,5459728
2011-07-13,201.9,205.0,201.9,204.0,6540552
2011-07-14,203.95,205.0,200.35,203.0,8487469
2011-07-15,202.55,203.6,201.05,201.75,2815675
2011-07-18,202.5,202.9,200.65,201.65,1959166
2011-07-19,202.5,204.95,201.6,204.1,4087975
2011-07-20,204.0,207.35,203.5,205.75,8409884
2011-07-21,204.5,207.8,204.5,207.1,4932724
2011-07-22,208.5,209.2,206.6,207.4,9159652
2011-07-25,207.0,207.3,203.15,205.4,9312170
2011-07-26,205.0,206.65,199.65,200.9,6321844
2011-07-27,202.25,202.45,198.55,200.9,5153621
2011-07-28,198.35,207.0,198.35,206.25,16270594
2011-07-29,205.5,211.25,205.25,208.35,13288551
2011-08-01,210.0,211.25,208.1,208.9,7104094
2011-08-02,207.7,208.35,202.85,204.75,7645467
2011-08-03,203.35,208.2,202.65,206.85,6657936
2011-08-04,204.9,206.75,199.2,199.95,10501999
2011-08-05,195.0,198.0,190.5,196.4,13424736
2011-08-08,193.9,197.8,189.65,195.0,9002509
2011-08-09,190.25,202.1,190.1,199.75,19202643
2011-08-10,202.0,202.85,196.0,197.1,9274996
2011-08-11,196.0,200.0,195.55,198.75,6364553
2011-08-12,199.7,200.95,195.5,198.0,8213040
2011-08-16,201.25,201.95,198.0,200.5,6498252
2011-08-17,200.0,205.0,199.5,204.25,9695022
2011-08-18,204.5,206.0,202.75,203.85,7169975
2011-08-19,202.0,204.75,198.15,199.2,12977760
2011-08-22,198.3,202.8,196.55,202.0,6102639
2011-08-23,202.0,204.2,199.0,203.2,11882633
2011-08-24,202.85,204.3,199.3,201.95,4978708
2011-08-25,202.15,203.8,201.0,202.35,8607605
2011-08-26,202.9,203.2,194.75,196.85,6212302
2011-08-29,198.0,203.0,195.0,201.95,7913001
2011-08-30,204.0,204.0,199.0,200.0,6993560
2011-09-02,206.0,206.5,196.65,203.25,12873770
2011-09-05,203.0,203.85,200.2,202.75,8134559
2011-09-06,202.0,203.35,200.3,202.8,8105606
2011-09-07,203.0,203.55,199.5,200.05,7186851
2011-09-08,200.35,201.55,198.1,199.15,4697198
2011-09-09,199.7,200.75,196.5,197.65,8053638
2011-09-12,196.2,198.25,194.7,196.2,5085621
2011-09-13,196.65,199.45,195.7,197.05,5227576
2011-09-14,197.4,200.0,194.1,199.45,5270088
2011-09-15,201.85,201.85,196.05,199.4,5202587
2011-09-16,200.0,200.85,197.35,197.95,8977302
2011-09-19,198.0,198.2,194.85,195.35,4952996
2011-09-20,195.8,199.2,195.2,198.5,5466072
2011-09-21,198.95,199.65,196.55,197.6,2925874
2011-09-22,196.35,196.8,190.05,190.95,7567956
2011-09-23,190.1,194.4,189.05,191.65,8347260
2011-09-26,192.9,192.9,185.0,188.5,6475192
2011-09-27,190.0,193.95,189.75,193.45,6300232
2011-09-28,193.9,197.5,192.75,197.1,13051348
2011-09-29,195.75,202.95,195.75,202.25,12124695
2011-09-30,202.0,202.0,197.15,198.0,6871774
2011-10-03,195.3,197.1,193.35,194.35,5126890
2011-10-04,193.75,195.2,188.6,191.65,12250236
2011-10-05,192.1,197.4,192.1,194.1,12678478
2011-10-07,197.75,200.25,194.0,199.15,22819406
2011-10-10,198.0,201.4,197.55,200.1,6958449
2011-10-11,201.5,202.4,199.15,199.55,5038553
2011-10-12,200.0,204.5,199.6,204.0,6456444
2011-10-13,202.5,205.4,201.05,201.9,4071514
2011-10-14,201.35,205.9,201.35,205.2,5726529
2011-10-17,204.65,206.2,203.5,205.75,4572075
2011-10-18,204.35,205.8,203.1,204.25,2837956
2011-10-19,205.2,207.75,203.8,207.1,4596436
2011-10-20,205.75,206.5,204.15,205.05,5179615
2011-10-21,205.75,206.65,203.35,204.0,5739319
2011-10-24,204.0,208.0,204.0,206.95,9255280
2011-10-25,207.9,213.0,206.0,211.05,11489544
2011-10-26,212.0,213.2,210.85,212.2,1680808
2011-10-28,214.7,216.2,212.9,215.5,12172416
2011-10-31,215.35,215.5,211.8,213.15,6628295
2011-11-01,211.5,212.5,207.7,208.3,10632810
2011-11-02,208.0,210.9,207.5,209.35,5064388
2011-11-03,208.35,210.8,208.0,210.2,4285172
2011-11-04,211.25,211.75,209.8,210.35,4755556
2011-11-08,210.1,212.1,208.5,210.8,4773131
2011-11-09,210.65,214.5,210.0,212.0,7397499
2011-11-11,211.6,215.0,210.35,212.65,7112891
2011-11-14,213.35,215.3,210.65,211.5,4980933
2011-11-15,210.8,213.65,209.75,210.65,5177991
2011-11-16,210.0,213.9,208.25,212.6,5681374
2011-11-17,212.25,212.25,206.1,207.75,5493817
2011-11-18,206.25,207.4,200.1,201.8,8037347
2011-11-21,200.65,202.2,198.1,199.45,9639606
2011-11-22,202.35,202.65,195.2,196.2,9206715
2011-11-23,196.2,196.2,189.3,193.3,8951160
2011-11-24,193.45,195.9,189.65,192.3,10922165
2011-11-25,191.8,193.4,191.4,192.25,5310368
2011-11-28,194.95,198.75,193.15,196.45,4584344
2011-11-29,197.5,198.4,195.5,197.9,6359530
2011-11-30,197.05,201.5,196.35,200.7,10228066
2011-12-01,204.0,205.9,203.2,203.65,6568463
2011-12-02,203.55,207.0,202.5,206.5,4895968
2011-12-05,206.0,207.6,202.65,204.15,3883198
2011-12-07,205.0,208.0,203.55,204.95,7551668
2011-12-08,204.95,206.2,197.5,199.0,6767541
2011-12-09,197.1,198.6,194.7,197.15,5583387
2011-12-12,198.85,199.35,194.8,196.0,6771532
2011-12-13,195.5,198.0,195.05,197.35,4924999
2011-12-14,197.35,201.5,197.0,199.85,10786330
2011-12-15,199.0,201.5,197.45,199.6,9704156
2011-12-16,199.05,203.35,194.0,195.8,6701633
2011-12-19,194.7,198.0,192.3,197.5,7277520
2011-12-20,199.0,200.75,198.15,199.4,8652581
2011-12-21,201.3,202.95,199.55,202.25,6973913
2011-12-22,200.9,204.0,200.5,203.75,6294512
2011-12-23,204.4,205.0,202.25,204.0,5517744
2011-12-26,203.4,205.85,202.8,204.95,3847514
2011-12-27,204.9,206.0,202.3,205.05,4659202
2011-12-28,205.6,205.7,201.5,202.05,3133062
2011-12-29,201.25,203.4,200.0,200.7,6464160
2011-12-30,200.65,203.0,200.25,201.3,2311607
2012-01-02,201.85,201.85,197.9,198.65,1907226
2012-01-03,199.85,201.55,199.3,200.35,4043727
2012-01-04,201.5,201.7,198.5,199.55,7916722
2012-01-05,199.05,200.0,197.6,199.8,7576326
2012-01-06,199.05,203.1,198.35,202.1,5858808
2012-01-09,201.65,202.3,199.7,202.0,4938828
2012-01-10,202.2,205.75,202.2,205.15,3608264
2012-01-11,205.15,205.6,202.5,203.3,5409346
2012-01-12,203.0,205.4,202.75,204.95,4928446
2012-01-13,204.9,207.7,204.3,207.05,7659686
2012-01-16,206.85,209.7,206.5,209.1,6266184
2012-01-17,209.0,210.2,206.8,208.4,6819914
2012-01-18,207.35,210.7,207.0,209.8,6663762
2012-01-19,210.35,211.0,208.25,209.2,6212887
2012-01-20,209.95,211.3,199.8,201.3,17214445
2012-01-23,201.65,205.0,198.4,204.6,8841886
2012-01-24,205.1,207.25,204.2,205.95,6226383
2012-01-25,206.5,207.0,204.75,206.05,6942848
2012-01-27,207.5,207.5,199.7,201.8,10222210
2012-01-30,202.0,203.65,199.65,200.85,8274991
2012-01-31,202.9,204.8,201.3,203.95,7740553
2012-02-01,203.35,203.4,200.3,201.6,5807833
2012-02-02,202.05,202.25,198.4,199.05,7334867
2012-02-03,199.0,201.25,197.0,200.65,8618287
2012-02-06,202.0,202.9,200.25,202.4,7062320
2012-02-07,204.4,205.9,202.1,205.55,8022551
2012-02-08,205.95,207.45,202.0,204.45,7568941
2012-02-09,203.55,204.9,202.0,203.9,5069955
2012-02-10,203.85,204.8,202.0,203.8,6842829
2012-02-13,203.8,204.75,202.15,202.8,4725635
2012-02-14,202.6,203.7,202.0,202.55,4253995
2012-02-15,203.1,204.0,202.1,203.15,10361166
2012-02-16,203.5,204.6,202.1,203.95,9189449
2012-02-17,204.15,205.9,203.1,205.45,11001504
2012-02-21,205.45,208.7,205.45,207.4,10273757
2012-02-22,207.0,209.4,206.1,208.55,8611052
2012-02-23,208.85,210.1,205.65,208.6,10898786
2012-02-24,208.6,210.95,208.3,209.4,6058192
2012-02-27,210.0,212.9,208.5,212.3,11607765
2012-02-28,212.15,213.5,210.05,210.7,8765810
2012-02-29,211.0,213.0,206.65,207.65,8858532
2012-03-01,207.6,209.9,204.8,206.85,5070835
2012-03-02,207.1,207.55,203.4,205.25,5706546
2012-03-05,205.1,207.95,203.7,207.0,8038320
2012-03-06,206.65,211.7,205.2,210.4,10048671
2012-03-07,210.0,211.0,208.1,209.95,5248773
2012-03-09,211.15,212.75,207.55,208.25,9885548
2012-03-12,210.4,210.4,206.1,206.8,3826603
2012-03-13,207.0,209.5,207.0,209.05,5823384
2012-03-14,210.0,213.35,210.0,212.5,6543945
2012-03-15,212.0,213.1,207.8,208.9,10388513
2012-03-16,208.25,225.0,208.25,216.15,43904777
2012-03-19,217.0,223.7,215.45,220.5,23669325
2012-03-20,220.45,224.5,219.1,223.6,10724442
2012-03-21,223.6,224.9,220.85,223.85,10739660
2012-03-22,223.7,226.7,218.15,219.7,11018175
2012-03-23,221.4,224.75,219.75,222.45,7854104
2012-03-26,223.0,224.3,221.0,222.7,6889026
2012-03-27,223.85,227.25,222.0,226.05,7574034
2012-03-28,226.0,227.9,224.6,226.8,5893088
2012-03-29,224.0,227.35,221.75,224.55,11150899
2012-03-30,224.6,227.85,224.45,226.9,9142238
2012-04-02,227.4,228.35,225.65,226.95,9730938
2012-04-03,228.15,228.35,226.55,227.1,5878860
2012-04-04,226.5,228.9,225.6,227.4,4768324
2012-04-09,225.6,227.05,223.25,224.05,3459734
2012-04-10,224.2,230.0,223.25,229.35,5486262
2012-04-11,228.9,230.1,226.4,229.75,6314618
2012-04-12,228.65,235.0,228.65,234.75,13035281
2012-04-13,234.75,240.85,232.8,236.25,9700711
2012-04-16,235.75,242.0,234.65,241.05,3966776
2012-04-17,245.6,247.5,239.55,246.2,5438647
2012-04-18,246.3,248.05,240.7,241.75,8680740
2012-04-19,242.7,244.8,238.75,244.05,6366771
2012-04-20,243.6,247.4,242.65,245.2,4222144
2012-04-23,245.5,247.7,244.05,244.75,6591577
2012-04-24,245.15,245.75,237.85,245.05,6259594
2012-04-25,245.4,246.8,242.55,245.95,4195082
2012-04-26,246.4,249.9,244.5,249.05,7036330
2012-04-27,248.7,252.85,244.95,245.8,6188196
2012-04-30,248.0,249.3,245.1,245.5,3186520
2012-05-02,245.55,247.85,243.5,244.6,4783847
2012-05-03,245.4,245.95,241.0,241.7,3768087
2012-05-04,241.4,244.95,237.35,238.15,6393528
2012-05-07,235.0,239.0,233.35,236.35,5053478
2012-05-08,237.0,241.9,223.85,226.9,11351753
2012-05-09,230.0,241.0,227.1,239.9,13316581
2012-05-10,241.4,243.4,236.35,239.25,6516503
2012-05-11,237.7,238.2,231.35,234.25,5214383
2012-05-14,234.0,236.0,232.0,234.5,3316949
2012-05-15,232.5,235.6,230.1,230.85,5076912
2012-05-16,229.0,231.0,226.4,227.3,5100247
2012-05-17,229.0,236.65,229.0,234.75,10132389
2012-05-18,232.25,241.0,230.0,239.55,8376408
2012-05-21,239.65,240.95,234.0,234.85,4147271
2012-05-22,237.3,239.2,230.1,232.75,6833783
2012-05-23,231.05,233.0,230.0,231.7,4361984
2012-05-24,231.7,234.7,231.0,233.35,5786777
2012-05-25,233.0,236.0,230.8,231.85,9135830
2012-05-28,233.0,236.0,232.1,235.05,3536502
2012-05-29,235.75,235.95,230.0,230.9,5275557
2012-05-30,230.9,234.35,230.5,231.9,5435779
2012-05-31,229.2,232.5,227.5,229.35,20579899
2012-06-01,228.9,234.7,228.9,233.85,6754409
2012-06-04,232.4,234.25,229.35,230.1,4022984
2012-06-05,230.75,232.7,225.0,225.9,5072006
2012-06-06,225.9,237.0,225.9,234.55,10266138
2012-06-07,235.6,239.3,232.6,236.35,6597661
2012-06-08,236.75,241.3,234.75,239.2,4720584
2012-06-11,237.8,241.0,236.5,239.75,3310194
2012-06-12,237.15,244.25,235.55,243.05,4341850
2012-06-13,242.35,244.9,242.15,244.05,3729201
2012-06-14,243.05,248.65,243.05,244.7,5868434
2012-06-15,244.95,248.8,244.0,248.0,6962696
2012-06-18,247.5,250.0,242.5,243.2,3409362
2012-06-19,242.7,250.0,242.7,249.4,6222137
2012-06-20,249.4,249.65,244.85,246.05,4184010
2012-06-21,245.6,252.0,245.5,251.4,4643149
2012-06-22,250.0,253.0,246.75,250.5,2632991
2012-06-25,250.0,253.9,249.1,250.05,3491733
2012-06-26,249.35,249.85,246.3,247.05,4086689
2012-06-27,248.3,249.6,247.25,247.8,3367526
2012-06-28,248.0,252.7,247.15,251.3,8441909
2012-06-29,251.65,260.0,251.65,258.9,9116860
2012-07-02,259.15,260.4,247.45,250.05,9828658
2012-07-03,250.0,250.25,245.45,246.5,10050841
2012-07-04,248.8,248.9,244.5,246.15,5702745
2012-07-05,247.0,251.0,246.3,250.6,3746049
2012-07-06,251.0,253.5,248.7,252.75,4607010
2012-07-09,250.65,254.9,250.5,251.65,4455308
2012-07-10,251.75,259.2,249.1,258.4,6037205
2012-07-11,256.85,257.8,252.7,253.3,4905913
2012-07-12,253.5,256.8,251.15,251.7,3173065
2012-07-13,251.35,254.45,250.35,253.55,2332777
2012-07-16,252.7,254.6,250.95,252.05,1700430
2012-07-17,253.45,256.0,252.7,255.5,3134623
2012-07-18,256.4,256.7,253.75,254.95,3299169
2012-07-19,254.6,256.05,252.7,254.1,2952452
2012-07-20,252.9,254.95,252.3,252.85,1897773
2012-07-23,251.4,251.6,248.55,249.55,2564581
2012-07-24,250.75,252.4,248.6,250.3,3523594
2012-07-25,250.5,255.3,248.5,254.75,5294792
2012-07-26,255.8,257.0,248.1,249.45,14053507
2012-07-27,254.65,255.6,251.8,254.95,6425121
2012-07-30,255.85,258.8,254.5,258.2,5424570
2012-07-31,258.5,260.8,255.65,258.15,5853043
2012-08-01,257.95,259.5,256.3,259.05,1914309
2012-08-02,260.0,262.0,259.0,261.45,3503093
2012-08-03,259.85,260.9,257.65,259.35,2484190
2012-08-06,260.6,261.95,257.5,258.4,1919476
2012-08-07,258.55,261.85,257.1,261.3,3394754
2012-08-08,261.0,263.55,259.4,261.55,4620862
2012-08-09,261.4,266.85,261.4,265.6,5041705
2012-08-10,264.5,269.0,264.3,267.75,5519671
2012-08-13,267.35,268.95,264.2,266.9,4807226
2012-08-14,266.9,269.4,264.7,267.8,3546695
2012-08-16,267.35,268.5,257.5,258.35,9763728
2012-08-17,258.1,263.4,258.1,262.1,5204134
2012-08-21,262.1,262.2,259.35,260.75,6380700
2012-08-22,260.15,263.1,259.35,261.65,2962236
2012-08-23,262.2,264.95,261.5,264.25,5044463
2012-08-24,263.7,266.3,262.1,265.15,7159925
2012-08-27,265.05,266.25,264.0,265.35,1712032
2012-08-28,265.35,268.5,265.35,268.15,3874821
2012-08-29,268.9,269.8,266.75,269.35,3891527
2012-08-30,268.9,273.25,266.1,270.6,15972645
2012-08-31,270.0,270.5,266.3,267.65,5229181
2012-09-03,269.0,269.85,266.35,267.6,3984823
2012-09-04,267.1,268.85,265.65,266.5,2600147
2012-09-05,266.0,269.3,266.0,267.75,4262062
2012-09-06,267.05,267.45,260.1,260.45,4601346
2012-09-07,263.0,263.7,260.4,262.75,6861301
2012-09-10,263.9,265.5,262.25,264.65,4251022
2012-09-11,264.6,267.85,263.1,267.3,2494651
2012-09-12,267.75,270.0,266.8,269.3,3695109
2012-09-13,269.15,270.3,267.95,269.65,3610159
2012-09-14,271.6,272.8,266.85,268.25,11011070
2012-09-17,268.55,268.85,251.1,253.5,18981403
2012-09-18,253.95,258.25,251.8,254.2,8772491
2012-09-20,254.7,257.3,253.6,256.45,7238664
2012-09-21,258.0,264.55,256.85,261.6,12013351
2012-09-24,261.5,261.6,254.05,255.85,7543812
2012-09-25,255.9,261.8,255.0,260.8,7134213
2012-09-26,262.7,264.6,260.45,263.8,10257591
2012-09-27,264.1,268.0,262.1,266.95,12328842
2012-09-28,266.5,272.85,266.1,272.4,9445974
2012-10-01,271.5,275.0,270.6,273.25,5045243
2012-10-03,273.5,273.75,267.6,270.25,8556989
2012-10-04,270.3,276.45,270.3,275.3,6600035
2012-10-05,276.5,280.0,220.25,275.65,8159728
2012-10-08,275.7,279.4,274.05,277.75,5735266
2012-10-09,278.5,281.25,277.8,280.05,3854194
2012-10-10,279.5,281.8,278.0,281.0,3997687
2012-10-11,279.05,284.65,276.35,283.5,5862228
2012-10-12,284.75,285.2,281.6,283.5,3255431
2012-10-15,283.1,287.55,280.1,286.75,3434852
2012-10-16,285.0,288.4,284.1,286.45,4555464
2012-10-17,286.25,289.35,285.1,288.25,2918718
2012-10-18,288.5,292.0,286.15,291.6,8473427
2012-10-19,291.4,299.0,290.2,297.5,13483135
2012-10-22,298.0,298.3,291.15,294.0,7326831
2012-10-23,294.85,294.85,288.5,290.0,3533580
2012-10-25,291.3,294.0,288.65,292.05,7943265
2012-10-26,291.1,291.9,285.15,285.85,4169834
2012-10-29,286.0,290.0,285.75,288.25,2960959
2012-10-30,287.15,288.4,283.6,284.1,3451572
2012-10-31,284.95,285.55,281.35,282.55,3800762
2012-11-01,282.05,282.8,277.2,279.3,4381688
2012-11-02,281.5,286.8,281.4,283.2,7118308
2012-11-05,284.05,289.0,282.85,288.65,3891272
2012-11-06,288.9,291.2,285.95,289.15,3877186
2012-11-07,289.85,290.75,287.05,289.95,4212776
2012-11-08,288.0,291.45,287.45,289.0,2497493
2012-11-09,288.05,290.4,286.6,288.15,2539220
2012-11-12,287.9,290.0,283.2,283.8,3554514
2012-11-13,285.8,285.85,283.0,283.9,670322
2012-11-15,282.85,282.85,275.55,276.45,8138285
2012-11-16,277.5,281.05,273.15,274.65,5472290
2012-11-19,274.05,282.7,273.0,281.7,5485112
2012-11-20,283.5,284.75,279.2,280.55,4478960
2012-11-21,280.55,287.25,278.6,286.1,5518418
2012-11-22,287.45,289.25,284.6,289.0,4088348
2012-11-23,288.95,288.95,282.9,286.6,2534456
2012-11-26,287.75,288.0,285.0,287.1,1428684
2012-11-27,287.1,295.0,287.0,294.25,6230479
2012-11-29,294.05,299.95,293.65,298.0,10348828
2012-11-30,296.15,299.0,293.8,298.5,5711107
2012-12-03,297.5,298.3,294.15,296.15,3659035
2012-12-04,294.75,296.2,293.0,295.15,3084313
2012-12-05,294.6,298.95,294.6,297.9,5943262
2012-12-06,298.45,302.2,295.0,301.35,5905472
2012-12-07,300.75,303.0,298.85,301.5,3417322
2012-12-10,300.6,302.65,298.0,301.95,2708031
2012-12-11,301.95,305.7,301.05,303.3,5700698
2012-12-12,303.4,306.5,303.35,305.95,4651978
2012-12-13,305.1,305.4,292.3,295.25,12277781
2012-12-14,292.65,296.9,290.25,295.95,4475190
2012-12-17,293.55,295.0,291.75,293.05,3785415
2012-12-18,293.6,296.0,290.1,293.1,4238187
2012-12-19,292.35,295.4,288.75,290.1,10130678
2012-12-20,289.95,290.1,286.05,287.1,7645246
2012-12-21,285.65,289.45,281.5,287.05,23694547
2012-12-24,289.4,290.75,286.4,287.05,4884793
2012-12-26,287.5,291.0,285.65,290.5,4318582
2012-12-27,292.5,292.75,287.5,288.4,7102115
2012-12-28,287.2,290.0,287.2,289.4,3384156
2012-12-31,288.1,289.45,286.0,286.8,2282626
2013-01-01,287.35,289.2,286.65,287.25,2654710
2013-01-02,288.0,289.55,284.5,285.4,6530222
2013-01-03,286.1,286.5,282.8,283.55,4349607
2013-01-04,284.8,284.8,280.1,282.4,6028307
2013-01-07,284.3,285.0,278.5,279.05,8111536
2013-01-08,279.15,286.2,279.15,285.7,8956377
2013-01-09,284.75,285.7,278.7,279.5,7112736
2013-01-10,280.05,282.0,278.5,281.0,8346603
2013-01-11,279.75,280.7,272.1,273.4,9274103
2013-01-14,273.55,278.5,273.55,277.9,6851229
2013-01-15,278.25,285.2,274.75,284.1,11871856
2013-01-16,284.95,285.85,282.45,284.0,5954235
2013-01-17,283.1,286.85,281.5,285.3,8139815
2013-01-18,286.7,289.85,284.65,287.45,16371818
2013-01-21,289.0,292.0,286.3,291.55,13437747
2013-01-22,291.6,291.75,288.0,289.15,8426761
2013-01-23,289.5,293.45,288.75,292.75,7814553
2013-01-24,293.0,298.6,292.85,297.45,13410763
2013-01-25,299.0,300.5,297.15,299.75,13767523
2013-01-28,300.0,301.2,298.4,300.75,5563596
2013-01-29,299.1,306.75,299.1,305.15,9553814
2013-01-30,304.8,306.95,300.0,304.2,7425791
2013-01-31,305.65,309.4,303.1,307.65,9193860
2013-02-01,307.75,309.95,304.55,309.4,6604401
2013-02-04,309.4,310.9,306.25,307.25,7740240
2013-02-05,305.0,306.7,302.0,302.45,5320204
2013-02-06,303.35,305.9,301.1,304.85,8220670
2013-02-07,303.05,305.4,302.0,304.05,4317794
2013-02-08,302.0,306.35,299.2,301.75,7527034
2013-02-11,303.0,303.5,296.55,299.15,5367804
2013-02-12,298.5,300.95,298.0,300.05,4417834
2013-02-13,301.0,304.5,299.2,300.35,7062985
2013-02-14,300.35,301.95,299.1,300.75,7707259
2013-02-15,299.5,301.95,299.35,300.6,4672264
2013-02-18,300.45,300.9,298.75,300.3,7468036
2013-02-19,300.0,302.55,298.5,301.65,3725684
2013-02-20,302.95,305.7,299.35,300.0,7385108
2013-02-21,299.5,300.5,294.75,296.6,10319177
2013-02-22,296.0,298.25,290.6,292.0,6519834
2013-02-25,292.9,294.85,289.1,292.65,5501384
2013-02-26,293.0,298.35,288.8,290.85,7081567
2013-02-27,292.0,297.4,291.25,294.8,10635227
2013-02-28,295.85,303.9,291.2,294.8,32229072
2013-03-01,295.0,297.7,289.0,291.25,11240589
2013-03-04,291.25,294.05,284.6,292.5,9152001
2013-03-05,293.7,297.7,290.0,292.6,10150019
2013-03-06,295.85,295.85,286.35,287.05,9602286
2013-03-07,286.15,294.8,285.25,292.35,10555961
2013-03-08,294.45,299.0,292.45,297.7,6016545
2013-03-11,298.0,299.5,296.5,297.55,4420167
2013-03-12,296.9,300.45,295.2,298.85,4024090
2013-03-13,298.0,302.75,298.0,301.65,7471694
2013-03-14,301.65,303.9,300.0,301.9,5520146
2013-03-15,302.05,303.0,301.15,301.9,6291305
2013-03-18,300.8,305.4,300.55,304.25,4040194
2013-03-19,307.0,307.5,303.65,306.3,8507906
2013-03-20,305.0,308.0,304.15,307.2,10151931
2013-03-21,307.25,307.9,304.2,305.0,9374171
2013-03-22,306.4,307.0,303.15,305.6,5132982
2013-03-25,306.15,308.0,301.25,302.4,6132976
2013-03-26,303.0,308.0,302.0,306.35,5984483
2013-03-28,307.7,310.0,304.6,309.45,8318697
2013-04-01,309.0,309.9,305.7,307.2,2706255
2013-04-02,306.6,308.6,304.4,307.15,4086708
2013-04-03,306.95,309.4,304.35,307.6,4825343
2013-04-04,306.9,307.35,298.6,299.55,4439413
2013-04-05,299.45,299.45,290.0,291.3,7040787
2013-04-08,292.45,293.8,285.6,292.85,5037655
2013-04-09,293.25,295.45,285.95,287.2,6210128
2013-04-10,291.0,291.0,281.15,284.85,8947326
2013-04-11,287.6,288.85,283.35,285.3,10185412
2013-04-12,287.85,295.65,286.0,292.9,8627781
2013-04-15,292.0,300.9,289.2,299.95,7499915
2013-04-16,299.85,308.9,297.7,307.95,6720732
2013-04-17,308.0,314.0,307.1,313.1,7515981
2013-04-18,311.1,316.5,310.3,315.3,5883913
2013-04-22,313.65,318.0,313.05,317.0,4549448
2013-04-23,317.5,318.0,314.05,317.6,2913880
2013-04-25,315.35,323.25,315.2,319.85,12373961
2013-04-26,317.5,319.85,316.7,318.9,4303756
2013-04-29,318.1,325.0,316.65,324.65,4136213
2013-04-30,326.0,335.6,326.0,328.85,8543608
2013-05-02,327.55,334.95,325.2,333.55,6126302
2013-05-03,333.15,333.4,328.9,330.7,5787002
2013-05-06,330.0,332.5,325.4,326.2,2638519
2013-05-07,326.1,336.0,326.1,335.3,5113019
2013-05-08,336.75,344.8,334.35,342.8,4755335
2013-05-09,344.45,345.95,341.65,344.5,4002818
2013-05-10,343.6,354.15,342.0,353.15,6600921
2013-05-13,354.0,354.0,334.35,335.8,10946142
2013-05-14,338.9,339.85,333.05,335.85,6802112
2013-05-15,338.05,343.95,336.0,342.45,8269645
2013-05-16,341.15,343.5,332.65,337.0,7384778
2013-05-17,338.65,341.45,333.1,334.9,16268209
2013-05-20,335.0,342.1,334.0,334.65,7388736
2013-05-21,334.0,335.4,328.85,331.0,5137873
2013-05-22,329.15,337.0,329.15,335.55,6504976
2013-05-23,333.4,335.95,330.35,332.5,5150685
2013-05-24,334.0,334.15,328.7,329.9,7076620
2013-05-27,330.0,334.6,329.5,333.9,5338990
2013-05-28,332.65,341.85,332.6,340.0,5465004
2013-05-29,341.0,343.15,337.45,342.65,4557875
2013-05-30,342.4,355.9,341.9,354.3,11260356
2013-05-31,351.5,351.5,338.6,339.9,7417539
2013-06-03,340.65,341.9,333.2,336.05,4852028
2013-06-04,335.85,338.7,335.1,337.3,6169519
2013-06-05,335.5,336.95,330.35,334.0,5576750
2013-06-06,334.0,336.75,330.1,334.9,4263312
2013-06-07,333.0,338.5,331.15,333.85,4348636
2013-06-10,334.05,338.0,333.85,337.0,3183654
2013-06-11,334.8,337.25,333.0,334.35,6580738
2013-06-12,332.8,333.95,328.05,331.0,6736751
2013-06-13,329.15,330.35,323.5,327.0,8235001
2013-06-14,329.4,333.0,326.25,331.75,5404732
2013-06-17,332.8,332.8,326.1,331.85,3405978
2013-06-18,330.55,332.1,328.3,330.15,5402891
2013-06-19,329.95,330.7,327.2,329.9,4539898
2013-06-20,327.85,327.9,319.0,322.7,10413929
2013-06-21,322.0,324.8,317.5,322.35,6720737
2013-06-24,320.35,325.6,311.35,314.4,8457233
2013-06-25,316.5,321.5,311.0,319.7,8305881
2013-06-26,321.75,326.9,318.7,322.95,8792232
2013-06-27,325.9,326.9,317.05,321.7,10298617
2013-06-28,322.6,330.0,321.25,324.35,9213091
2013-07-01,325.0,326.8,322.5,325.95,8862614
2013-07-02,325.0,326.55,322.5,324.85,6020681
2013-07-03,323.8,327.5,320.15,326.35,6757167
2013-07-04,326.5,339.8,326.35,338.85,6430499
2013-07-05,342.0,345.0,340.6,342.6,4543364
2013-07-08,341.2,348.6,338.75,346.7,5301608
2013-07-09,345.45,349.85,345.45,347.45,4627103
2013-07-10,348.9,348.9,343.1,345.55,4479649
2013-07-11,351.85,354.4,345.8,353.4,4610238
2013-07-12,353.25,353.25,347.6,350.6,4262734
2013-07-15,352.35,353.35,347.8,352.6,4437940
2013-07-16,348.0,362.0,348.0,360.05,6508461
2013-07-17,361.0,370.4,360.75,368.35,11976820
2013-07-18,368.25,371.9,364.8,368.65,7624346
2013-07-19,368.5,371.9,365.2,369.05,5402611
2013-07-22,367.25,370.5,366.45,368.8,3966342
2013-07-23,370.35,376.1,369.45,375.75,4941858
2013-07-24,375.5,380.0,368.9,375.8,7124437
2013-07-25,373.9,374.0,355.75,358.9,14156936
2013-07-26,360.65,372.75,349.65,368.15,11707588
2013-07-29,365.0,367.7,355.6,357.95,5309626
2013-07-30,355.6,358.6,349.0,350.6,3723519
2013-07-31,350.0,354.9,336.05,341.7,13309639
2013-08-01,343.5,349.05,337.05,339.4,6364561
2013-08-02,340.0,344.0,329.65,332.95,6029395
2013-08-05,333.25,340.95,332.15,335.4,5757217
2013-08-06,335.35,335.8,329.0,330.25,7406514
2013-08-07,331.0,332.75,318.5,322.1,7891046
2013-08-08,322.1,327.2,320.4,325.35,6077246
2013-08-12,329.9,337.5,325.0,335.65,12230810
2013-08-13,337.4,339.2,332.6,334.2,9939901
2013-08-14,333.15,337.0,329.1,334.85,6426309
2013-08-16,334.0,338.0,317.5,320.4,12001384
2013-08-19,320.4,321.85,310.0,313.9,8253112
2013-08-20,312.2,322.7,303.0,315.3,12472322
2013-08-21,320.0,320.9,296.15,300.85,9948091
2013-08-22,301.0,310.7,290.0,307.95,13410043
2013-08-23,308.7,309.85,301.05,308.5,9826090
2013-08-26,310.25,312.65,306.05,307.5,5797628
2013-08-27,306.25,306.75,290.65,297.9,11537477
2013-08-28,296.0,304.8,285.2,298.2,13807514
2013-08-29,299.7,309.0,295.0,305.55,11572348
2013-09-03,321.4,323.65,295.6,300.7,13470348
2013-09-04,305.0,305.0,293.6,299.85,13970751
2013-09-05,307.75,316.4,307.5,312.15,9083009
2013-09-06,313.0,318.8,310.3,316.4,7355729
2013-09-10,320.0,338.4,319.0,335.9,12107821
2013-09-11,336.0,337.0,327.05,329.95,7535273
2013-09-12,331.75,338.9,329.25,336.5,10804306
2013-09-13,337.85,338.9,329.95,331.35,7337256
2013-09-16,335.05,339.0,330.35,333.95,7098592
2013-09-17,332.1,339.8,331.55,338.7,4386077
2013-09-18,341.0,345.0,339.2,343.55,6755202
2013-09-19,348.4,356.5,348.25,355.45,9855864
2013-09-20,354.9,358.0,346.3,355.3,8564501
2013-09-23,351.1,357.0,346.65,349.85,5245948
2013-09-24,347.3,353.65,345.2,348.95,8400923
2013-09-25,349.5,350.0,336.85,344.75,7236484
2013-09-26,343.3,350.0,341.0,349.3,7898853
2013-09-27,350.9,350.9,345.05,347.9,5520702
2013-09-30,345.35,346.5,338.35,340.4,5554621
2013-10-01,340.35,343.5,338.0,343.0,4267096
2013-10-03,346.0,346.0,337.0,338.75,7716355
2013-10-04,338.75,341.75,335.35,339.85,4442193
2013-10-07,338.9,340.95,332.0,340.05,5227506
2013-10-08,342.25,348.65,339.6,347.65,5593942
2013-10-09,347.5,350.5,343.55,348.55,5189570
2013-10-10,346.7,350.8,344.7,347.15,3419759
2013-10-11,348.6,349.95,340.7,342.2,3563579
2013-10-14,343.5,343.5,338.65,339.8,2679961
2013-10-15,339.0,342.8,333.35,340.0,5010249
2013-10-17,340.0,346.5,339.2,345.5,4494607
2013-10-18,347.7,356.1,345.15,354.55,7835375
2013-10-21,355.0,356.0,343.0,344.7,6513644
2013-10-22,342.4,344.8,340.5,341.55,4351363
2013-10-23,342.15,344.5,338.5,341.6,4730794
2013-10-24,342.4,348.35,340.2,342.75,6440262
2013-10-25,344.9,347.0,336.0,340.05,5868246
2013-10-28,338.0,338.0,326.3,327.95,13467540
2013-10-29,327.3,332.05,323.0,327.9,11374021
2013-10-30,329.5,333.5,325.55,333.1,10468837
2013-10-31,331.35,336.5,330.35,335.0,10967902
2013-11-01,333.15,334.0,327.0,328.05,6893687
2013-11-05,329.1,329.9,318.1,319.0,13008599
2013-11-06,320.0,322.55,317.2,318.7,6070192
2013-11-07,319.05,323.8,315.0,320.45,7213051
2013-11-08,320.85,323.7,317.2,319.55,4441330
2013-11-11,317.9,321.9,313.1,316.65,6277164
2013-11-12,318.0,320.9,316.8,319.9,4258430
2013-11-13,320.0,320.0,313.5,314.15,4931211
2013-11-14,312.0,318.0,312.0,314.45,4288662
2013-11-18,316.0,327.0,316.0,326.1,8351863
2013-11-19,326.9,327.65,322.5,323.5,4789359
2013-11-20,323.35,325.85,320.0,320.75,7505059
2013-11-21,319.3,320.0,311.1,312.95,6659725
2013-11-22,314.95,315.9,307.75,308.7,5967855
2013-11-25,311.35,316.9,311.0,316.2,4344498
2013-11-26,315.25,316.2,309.05,310.75,6813002
2013-11-27,309.05,315.2,309.05,314.15,4909498
2013-11-28,316.0,316.8,312.0,313.5,6782276
2013-11-29,313.05,321.0,313.05,320.4,4983168
2013-12-02,320.95,323.7,318.65,321.5,3390483
2013-12-03,321.95,321.95,317.45,319.2,3714111
2013-12-04,319.0,319.4,311.85,312.85,4393057
2013-12-05,316.0,318.45,307.55,308.75,10274873
2013-12-06,309.75,312.35,308.45,311.05,8480192
2013-12-09,316.0,317.6,310.65,313.05,6250295
2013-12-10,313.25,318.5,313.0,317.9,10737774
2013-12-11,317.0,321.75,317.0,320.85,7004858
2013-12-12,320.85,322.0,315.7,316.8,4168489
2013-12-13,315.6,317.5,312.35,315.3,4770146
2013-12-16,314.35,315.0,310.7,312.8,4261986
2013-12-17,314.85,315.85,312.1,315.3,5447174
2013-12-18,315.3,317.65,312.8,315.55,7984472
2013-12-19,317.0,317.5,311.1,313.65,7483344
2013-12-20,314.0,315.9,310.35,315.2,10017177
2013-12-23,315.2,319.9,314.85,319.2,5825148
2013-12-24,319.75,320.0,317.5,319.05,4400950
2013-12-26,319.1,321.4,317.7,320.25,10307447
2013-12-27,321.0,323.65,320.0,322.45,5454443
2013-12-30,322.0,324.0,320.0,322.4,3839331
2013-12-31,323.0,324.0,320.3,321.85,3471184
2014-01-01,322.3,323.4,321.1,322.4,1239519
2014-01-02,322.35,325.0,314.3,314.95,4523191
2014-01-03,315.0,316.0,310.35,314.75,7999918
2014-01-06,315.0,316.7,313.5,315.65,5436752
2014-01-07,316.5,317.4,312.75,316.7,5186092
2014-01-08,317.5,318.0,313.75,316.85,4983658
2014-01-09,316.7,316.7,312.65,315.6,5109246
2014-01-10,317.7,324.5,314.0,322.6,6124872
2014-01-13,323.6,326.3,322.6,325.45,4238931
2014-01-14,326.0,330.0,323.85,324.45,5045534
2014-01-15,325.1,329.5,321.35,328.85,5899190
2014-01-16,329.0,330.9,323.65,325.5,3163725
2014-01-17,326.0,328.0,322.5,324.85,7518595
2014-01-20,324.5,330.5,323.1,330.2,5738121
2014-01-21,330.25,332.35,328.5,329.05,4650020
2014-01-22,328.5,328.75,322.8,327.35,7578940
2014-01-23,326.35,330.0,325.3,328.95,4195413
2014-01-24,327.9,330.4,323.4,324.25,3418348
2014-01-27,320.5,325.5,318.65,324.2,6162652
2014-01-28,324.15,327.95,318.9,326.65,8743040
2014-01-29,327.3,328.5,324.2,325.0,6083587
2014-01-30,321.55,325.7,318.0,324.6,10228302
2014-01-31,324.9,325.7,322.1,325.1,6254388
2014-02-03,322.65,324.75,319.7,320.3,4410235
2014-02-04,318.5,325.75,315.9,324.9,8587629
2014-02-05,322.5,324.75,317.5,318.95,6082648
2014-02-06,320.0,325.3,316.5,324.55,7733999
2014-02-07,327.0,327.0,320.2,323.45,7953386
2014-02-10,322.55,325.35,321.0,325.0,4546761
2014-02-11,324.1,326.25,322.55,325.1,5051779
2014-02-12,325.5,327.0,319.0,320.55,6080660
2014-02-13,320.7,323.0,315.25,316.9,2762835
2014-02-14,318.1,320.3,314.7,319.8,3872073
2014-02-17,321.0,322.25,317.55,320.1,3300648
2014-02-18,320.0,321.55,316.15,316.9,3899317
2014-02-19,317.8,318.85,316.1,316.65,2156544
2014-02-20,316.0,316.95,311.4,311.85,4543177
2014-02-21,313.5,317.85,312.6,317.6,4587503
2014-02-24,316.0,320.5,316.0,320.05,2766261
2014-02-25,319.1,322.4,319.1,321.95,3569371
2014-02-26,322.8,329.85,322.5,328.75,7954645
2014-02-28,324.95,332.0,324.95,327.65,7939096
2014-03-03,327.8,330.95,326.05,329.2,6264761
2014-03-04,330.4,334.0,328.2,331.65,6195328
2014-03-05,331.75,333.95,329.45,333.3,4046876
2014-03-06,332.7,335.15,330.35,334.55,3787234
2014-03-07,332.1,339.4,331.0,338.15,13365837
2014-03-10,336.0,338.0,334.25,335.6,6000250
2014-03-11,335.4,336.3,328.8,334.0,6005198
2014-03-12,334.3,343.0,334.25,341.0,6885987
2014-03-13,341.35,346.8,341.3,343.4,4016811
2014-03-14,342.1,348.15,340.0,347.2,4427770
2014-03-18,350.0,357.0,347.65,355.9,8826161
2014-03-19,356.0,360.0,355.55,359.7,5674963
2014-03-20,358.55,358.55,352.3,355.8,7363060
2014-03-21,356.5,358.7,352.55,357.7,7185771
2014-03-24,356.05,363.3,355.35,360.65,7028349
2014-03-25,359.0,365.0,358.7,362.8,5782709
2014-03-26,363.0,363.55,353.75,359.05,9724988
2014-03-27,359.0,362.7,356.05,359.9,16985803
2014-03-28,361.5,361.5,354.0,358.45,6248530
2014-03-31,359.15,361.0,349.65,352.85,7999584
2014-04-01,353.5,353.6,345.85,351.95,6583391
2014-04-02,352.6,353.0,340.35,344.35,16744268
2014-04-03,344.6,347.65,340.75,345.9,6907418
2014-04-04,346.9,348.8,342.3,344.75,6873702
2014-04-07,344.75,346.8,340.65,345.45,7542128
2014-04-09,345.6,349.5,343.0,347.95,6034878
2014-04-10,348.2,349.7,343.0,343.85,7082516
2014-04-11,342.8,344.8,340.35,343.5,7788062
2014-04-15,342.7,343.95,336.7,340.95,4622474
2014-04-16,340.95,347.65,340.95,346.05,4357004
2014-04-17,347.2,353.75,344.0,353.25,5474177
2014-04-21,352.4,355.7,349.1,353.4,4417056
2014-04-22,352.9,354.05,349.05,350.75,3304165
2014-04-23,352.0,355.0,348.55,353.2,7548941
2014-04-25,353.7,356.0,342.5,343.45,4573557
2014-04-28,345.45,345.45,340.0,342.0,4857464
2014-04-29,341.0,342.9,338.5,340.3,4288868
2014-04-30,340.3,344.95,338.6,340.75,4303806
2014-05-02,341.1,342.5,340.0,340.25,2895562
2014-05-05,340.5,345.5,340.5,344.7,4373250
2014-05-06,346.0,351.0,345.3,347.95,4992019
2014-05-07,348.0,350.4,345.5,346.65,4691029
2014-05-08,347.0,347.85,340.6,342.15,5542843
2014-05-09,342.8,349.2,341.25,345.55,5270985
2014-05-12,345.35,360.0,345.0,359.15,7407664
2014-05-13,360.0,364.85,358.0,360.85,7361466
2014-05-14,361.3,369.0,361.3,365.65,6874921
2014-05-15,365.65,369.7,364.15,368.15,6374832
2014-05-16,369.8,387.5,352.5,356.95,25898026
2014-05-19,360.0,361.0,336.5,338.1,16155904
2014-05-20,342.0,355.0,334.55,340.85,6161017
2014-05-21,339.55,342.9,338.7,341.65,7106832
2014-05-22,343.0,347.5,340.35,345.8,7018001
2014-05-23,349.0,349.2,340.7,343.1,6656730
2014-05-26,345.8,347.8,340.15,344.65,8221422
2014-05-27,345.0,347.6,342.2,343.8,4565283
2014-05-28,344.0,344.2,340.6,342.85,4166923
2014-05-29,345.0,348.0,340.4,342.5,10209747
2014-05-30,344.8,344.8,336.15,341.75,7364585
2014-06-02,342.0,343.1,335.4,336.65,7241553
2014-06-03,333.3,335.5,331.0,333.4,7185339
2014-06-04,332.5,333.8,328.75,330.95,10049249
2014-06-05,331.05,335.9,326.0,333.75,14125139
2014-06-06,335.0,338.85,333.05,336.7,10286671
2014-06-09,338.6,340.85,335.3,337.95,8031826
2014-06-10,339.0,339.95,334.55,337.35,5656789
2014-06-11,339.0,339.7,330.5,333.3,11292614
2014-06-12,334.0,336.2,331.15,334.1,6544450
2014-06-13,336.85,336.85,331.85,332.6,5402951
2014-06-16,334.25,337.4,332.8,336.2,6515172
2014-06-17,335.95,338.15,334.35,336.05,3914930
2014-06-18,336.45,336.8,332.25,332.95,4407293
2014-06-19,334.85,336.9,333.2,336.25,5641759
2014-06-20,336.5,338.25,333.4,335.7,4487474
2014-06-23,335.0,335.0,312.5,314.95,21425863
2014-06-24,315.0,322.7,315.0,320.5,11604987
2014-06-25,319.1,319.7,315.5,316.05,8713838
2014-06-26,315.0,317.85,313.5,316.25,8768921
2014-06-27,317.0,320.95,316.1,319.75,7343796
2014-06-30,320.6,327.4,320.55,325.05,14324372
2014-07-01,327.6,327.6,324.0,325.2,9605245
2014-07-02,326.15,330.2,325.5,329.35,5973944
2014-07-03,329.5,332.65,328.8,331.35,6493870
2014-07-04,332.2,335.1,329.95,333.4,6874136
2014-07-07,333.4,336.0,329.7,334.8,10930630
2014-07-08,334.0,337.45,331.5,335.8,10145138
2014-07-09,336.5,343.0,335.7,341.5,16858133
2014-07-10,340.55,349.0,337.0,342.15,27237863
2014-07-11,345.0,350.5,343.0,345.9,9268069
2014-07-14,347.25,349.3,341.3,344.95,4437537
2014-07-15,345.5,347.95,341.4,342.35,3790052
2014-07-16,341.7,345.2,340.0,344.2,5519531
2014-07-17,343.1,346.0,342.6,344.25,3663523
2014-07-18,343.0,347.0,341.7,344.1,3916193
2014-07-21,345.0,350.0,344.1,349.85,5249391
2014-07-22,351.0,353.85,349.7,352.9,5231054
2014-07-23,353.5,355.0,349.15,353.65,5164384
2014-07-24,354.0,357.1,352.5,356.45,4030148
2014-07-25,357.0,359.2,352.4,357.3,5453933
2014-07-28,355.25,358.25,354.6,357.2,2886310
2014-07-30,360.4,364.5,357.9,359.25,7606328
2014-07-31,358.0,360.0,354.0,356.05,6586299
2014-08-01,356.0,357.95,348.15,349.55,6127731
2014-08-04,354.0,355.0,349.3,354.5,4156704
2014-08-05,356.0,357.2,348.55,356.0,3191510
2014-08-06,354.4,355.35,344.1,346.05,4911463
2014-08-07,346.35,350.65,343.45,346.25,3158829
2014-08-08,345.25,349.5,343.2,348.55,2817009
2014-08-11,350.5,351.85,346.05,347.7,3591674
2014-08-12,349.7,349.7,343.5,347.05,2791476
2014-08-13,349.5,358.0,347.5,357.3,6926531
2014-08-14,356.85,361.85,355.0,356.85,4415547
2014-08-18,354.6,355.0,346.55,350.65,4638198
2014-08-19,351.0,352.35,347.35,348.6,5169402
2014-08-20,351.0,351.0,343.9,344.95,4557477
2014-08-21,344.95,348.0,344.25,346.15,4002974
2014-08-22,346.25,347.85,341.55,343.65,4573144
2014-08-25,346.7,350.0,343.6,349.3,2703105
2014-08-26,349.95,353.8,349.55,352.45,3958776
2014-08-27,353.65,354.9,351.35,352.35,4761453
2014-08-28,352.0,357.0,351.85,355.3,8409155
2014-09-01,358.0,358.0,349.65,350.55,4712322
2014-09-02,350.5,356.2,349.0,354.7,4890327
2014-09-03,355.3,355.7,348.3,348.9,6550532
2014-09-04,349.6,352.85,349.1,350.4,5859623
2014-09-05,350.6,352.0,348.35,350.8,4873614
2014-09-08,353.0,355.0,350.25,353.95,4213391
2014-09-09,351.0,359.6,351.0,358.2,3862825
2014-09-10,357.0,357.0,350.75,351.05,6739816
2014-09-11,351.05,352.95,349.5,351.2,5874927
2014-09-12,351.2,357.95,351.15,355.65,5432415
2014-09-15,354.45,355.0,350.0,351.7,4231329
2014-09-16,351.6,355.3,350.0,353.15,5196740
2014-09-17,353.5,358.5,351.8,354.75,6222870
2014-09-18,355.1,359.0,353.2,358.7,4233348
2014-09-19,358.0,360.8,354.2,359.4,5550639
2014-09-22,359.0,372.0,357.4,370.75,8419434
2014-09-23,370.0,374.9,367.8,370.8,9116969
2014-09-24,370.6,379.0,370.4,377.2,6745747
2014-09-25,377.5,379.9,372.3,376.65,8744361
2014-09-26,374.55,376.45,368.6,371.7,6787820
2014-09-29,370.7,372.9,364.5,366.1,2008487
2014-09-30,364.4,372.4,363.0,370.2,6544791
2014-10-01,370.0,370.0,363.35,364.1,2626431
2014-10-07,362.7,366.4,358.1,362.75,6477940
2014-10-08,363.0,367.95,362.25,365.7,5559900
2014-10-09,366.05,368.3,363.85,365.5,3985673
2014-10-10,364.6,365.3,352.35,353.1,3444527
2014-10-13,352.9,352.9,347.2,350.55,3670298
2014-10-14,350.55,352.0,343.5,347.0,5203355
2014-10-16,345.0,353.5,343.45,352.45,8503082
2014-10-17,351.9,359.9,351.35,353.95,7516764
2014-10-20,355.0,357.85,350.8,352.0,5357888
2014-10-21,352.1,352.9,348.0,351.35,4317938
2014-10-22,352.45,353.0,348.5,349.0,5425608
2014-10-23,350.1,351.3,349.15,350.4,469272
2014-10-27,351.25,351.4,348.0,349.55,3739849
2014-10-28,351.25,351.8,348.85,350.15,3275137
2014-10-29,352.9,355.0,350.3,354.45,4595462
2014-10-30,353.1,357.75,351.5,354.9,9903102
2014-10-31,356.85,360.0,352.25,355.2,9849506
2014-11-03,356.9,357.65,353.2,355.45,4960915
2014-11-05,355.7,359.8,355.5,359.15,5061240
2014-11-07,358.35,360.5,353.0,355.65,6223477
2014-11-10,356.0,372.5,355.7,371.7,15722909
2014-11-11,370.3,372.2,362.55,364.1,4810325
2014-11-12,364.25,370.0,364.15,369.5,4430801
2014-11-13,370.85,370.85,366.35,368.35,3234646
2014-11-14,368.1,370.65,367.35,369.2,4986636
2014-11-17,369.0,371.45,364.6,370.2,3992053
2014-11-18,369.25,371.7,367.5,370.25,6357811
2014-11-19,370.25,377.25,366.6,367.85,8479276
2014-11-20,369.0,371.4,368.1,370.05,3375416
2014-11-21,370.15,376.7,369.55,376.15,4430991
2014-11-24,372.0,375.95,372.0,374.95,5716266
2014-11-25,374.2,378.8,348.65,355.4,16808769
2014-11-26,358.5,366.3,358.1,363.4,14294417
2014-11-27,362.15,363.45,355.25,360.6,10650366
2014-11-28,360.6,366.0,360.0,363.15,6975664
2014-12-01,362.15,366.95,362.15,364.6,5477924
2014-12-02,364.4,366.9,363.6,365.8,5728959
2014-12-03,366.0,366.0,357.1,363.25,5241220
2014-12-04,373.05,384.0,373.05,383.15,17783568
2014-12-05,383.0,392.0,382.65,391.35,10854436
2014-12-08,393.2,399.7,392.3,397.8,10054410
2014-12-09,398.5,400.0,391.8,394.35,9253845
2014-12-10,395.75,396.5,386.35,395.0,6194545
2014-12-11,395.0,398.95,390.5,396.6,7205820
2014-12-12,396.0,400.3,393.0,395.7,5804398
2014-12-15,395.0,399.7,391.45,392.55,5714519
2014-12-16,389.0,390.0,377.9,380.6,9033696
2014-12-17,377.55,384.7,366.6,371.8,10429075
2014-12-18,378.5,378.5,365.0,374.85,4172895
2014-12-19,375.95,375.95,367.5,368.8,6283709
2014-12-22,369.6,378.2,369.0,374.1,11194504
2014-12-23,373.95,377.5,372.8,374.65,3378211
2014-12-24,374.5,378.45,367.25,371.4,13749805
2014-12-26,372.9,372.9,366.4,367.95,1942578
2014-12-29,367.1,371.45,367.0,369.85,2204137
2014-12-30,370.25,371.45,367.3,368.3,2107626
2014-12-31,368.95,370.6,367.5,368.7,2455033
2015-01-01,367.6,368.9,366.0,367.15,1692652
2015-01-02,367.25,370.15,367.25,368.3,4399784
2015-01-05,368.7,371.8,367.55,369.75,5492658
2015-01-06,368.65,369.4,359.0,360.25,8728693
2015-01-07,357.0,364.0,353.0,353.55,7973720
2015-01-08,355.45,363.35,355.45,362.4,5632776
2015-01-09,363.1,365.85,353.1,356.9,7205675
2015-01-12,357.45,361.35,356.1,357.85,6579300
2015-01-13,358.4,361.7,357.3,360.1,7749002
2015-01-14,359.7,359.7,346.1,347.8,10816568
2015-01-15,353.1,359.9,350.9,357.9,10698478
2015-01-16,358.45,361.95,354.35,360.1,7209059
2015-01-19,360.0,361.75,356.0,358.8,4568823
2015-01-20,359.1,371.85,358.1,371.1,8009782
2015-01-21,372.95,372.95,349.2,352.7,21632143
2015-01-22,353.0,359.8,348.85,350.65,19751717
2015-01-23,353.45,355.95,348.8,349.45,11164999
2015-01-27,350.0,361.0,349.35,360.15,16837241
2015-01-28,360.0,363.45,357.55,362.3,8211866
2015-01-29,363.0,372.0,360.0,370.2,14062512
2015-01-30,370.0,372.0,363.65,368.55,9278105
2015-02-02,367.0,369.2,359.4,360.65,5662574
2015-02-03,361.45,367.0,361.45,366.05,4199272
2015-02-04,367.5,370.5,365.35,367.6,3871473
2015-02-05,365.9,372.1,363.7,368.9,6318791
2015-02-06,366.1,374.4,366.1,373.5,4883250
2015-02-09,371.15,373.85,366.7,367.9,4792005
2015-02-10,368.1,372.0,366.9,369.9,5341166
2015-02-11,371.05,372.9,367.85,371.15,3030315
2015-02-12,372.0,372.0,364.65,370.4,3529483
2015-02-13,371.2,379.25,370.05,378.05,6017353
2015-02-16,378.4,391.0,378.0,389.6,7737649
2015-02-18,385.0,402.0,385.0,393.25,9112881
2015-02-19,392.95,393.7,383.6,389.25,4653457
2015-02-20,387.5,397.9,384.35,396.05,5954272
2015-02-23,395.0,398.8,389.25,390.25,3901485
2015-02-24,392.0,398.0,388.65,395.7,5492521
2015-02-25,397.6,400.0,393.45,399.7,10501201
2015-02-26,397.9,401.4,391.95,395.65,7801698
2015-02-27,394.8,396.65,384.05,393.7,22944759
2015-03-02,358.0,358.0,342.0,343.25,33815118
2015-03-03,343.5,345.5,339.0,341.55,29996013
2015-03-04,345.0,350.8,342.9,344.25,21447975
2015-03-05,347.0,349.1,341.7,346.25,13666265
2015-03-09,343.7,344.9,337.25,338.35,10867944
2015-03-10,340.0,342.7,335.1,338.55,8691256
2015-03-11,340.35,340.7,337.55,338.2,8468469
2015-03-12,339.05,348.25,338.8,346.65,18215419
2015-03-13,348.3,350.0,336.7,339.4,10434348
2015-03-16,341.0,341.6,335.0,335.4,5730165
2015-03-17,339.5,340.65,336.25,340.0,7293674
2015-03-18,341.25,341.25,336.0,336.65,5838059
2015-03-19,338.5,340.85,331.5,333.35,6974900
2015-03-20,333.7,333.7,326.4,327.45,7048608
2015-03-23,326.35,329.8,325.0,327.4,7595698
2015-03-24,327.1,329.8,326.0,326.55,7143657
2015-03-25,328.65,328.65,326.0,326.75,4833171
2015-03-26,326.0,328.95,320.6,322.4,16128731
2015-03-27,324.0,325.25,315.1,317.5,14268835
2015-03-30,319.65,329.5,319.65,327.55,11011178
2015-03-31,328.8,328.8,324.0,325.85,8186377
2015-04-01,325.85,333.0,324.15,332.45,7226519
2015-04-06,329.35,341.65,329.1,341.0,12877285
2015-04-07,341.1,343.0,337.0,340.6,7033050
2015-04-08,342.0,346.95,341.5,346.25,8254426
2015-04-09,346.9,348.95,344.0,347.15,5111691
2015-04-10,347.0,347.6,342.25,346.65,3728914
2015-04-13,347.0,352.4,344.85,351.5,7261102
2015-04-15,354.0,358.6,351.4,354.95,11661496
2015-04-16,352.85,356.4,346.65,350.1,5243825
2015-04-17,350.5,353.25,347.7,351.85,5871559
2015-04-20,352.1,352.1,340.6,341.9,7517021
2015-04-21,341.85,348.7,341.0,341.95,7260219
2015-04-22,340.0,345.0,338.55,343.4,7179010
2015-04-23,343.4,346.5,338.3,342.1,5949753
2015-04-24,342.0,349.95,341.15,347.95,11545879
2015-04-27,348.9,351.8,344.2,344.85,6247926
2015-04-28,344.9,345.0,333.6,337.55,7124405
2015-04-29,335.05,336.0,327.3,328.15,6727361
2015-04-30,327.8,328.4,321.2,322.35,13358444
2015-05-04,323.4,330.9,320.1,330.2,4806248
2015-05-05,328.6,329.0,323.6,326.25,8972029
2015-05-06,326.0,327.85,316.2,318.35,13474574
2015-05-07,318.5,323.7,315.6,322.55,7067920
2015-05-08,325.55,329.3,322.65,328.0,8104600
2015-05-11,330.0,330.75,324.4,326.45,5863983
2015-05-12,327.5,328.0,323.1,324.25,9530851
2015-05-13,326.85,329.8,321.0,327.85,7085304
2015-05-14,327.0,327.0,322.4,324.7,5358865
2015-05-15,325.1,327.9,324.85,326.4,3632794
2015-05-18,327.3,333.9,326.25,333.0,4606380
2015-05-19,331.75,335.9,330.75,332.55,5713959
2015-05-20,332.5,334.2,330.5,331.95,3441367
2015-05-21,333.0,333.4,326.0,327.4,4787885
2015-05-22,329.0,333.25,325.45,329.15,8321097
2015-05-25,321.45,324.5,316.4,316.8,15619894
2015-05-26,317.5,317.5,312.75,314.0,7349088
2015-05-27,315.0,318.75,314.0,317.7,6089123
2015-05-28,318.1,322.45,316.5,321.45,13330144
2015-05-29,322.0,329.95,318.65,327.1,13200568
2015-06-01,325.5,333.75,325.5,332.05,6707044
2015-06-02,328.9,329.3,317.6,318.65,7232445
2015-06-03,313.8,313.85,300.6,304.4,13782613
2015-06-04,305.0,306.65,298.2,301.6,7336809
2015-06-05,301.45,307.9,295.0,304.3,11301561
2015-06-08,307.0,308.25,302.25,304.35,6861965
2015-06-09,301.9,303.0,299.7,300.6,6607234
2015-06-10,300.6,303.4,298.6,301.1,6330452
2015-06-11,302.0,302.0,295.2,297.05,7395690
2015-06-12,296.8,300.15,295.0,297.55,5554762
2015-06-15,297.0,302.75,294.0,298.5,5572344
2015-06-16,298.0,300.15,295.25,298.95,5283926
2015-06-17,298.5,303.1,297.25,301.1,6985540
2015-06-18,301.2,304.4,300.2,301.9,7251487
2015-06-19,302.8,305.45,302.4,305.0,5621552
2015-06-22,306.2,312.15,304.7,310.4,4620394
2015-06-23,310.4,315.0,307.6,314.55,4869887
2015-06-24,315.2,318.1,311.05,313.65,4730322
2015-06-25,310.6,315.45,309.75,312.35,6987843
2015-06-26,312.35,312.35,307.05,307.95,3535578
2015-06-29,305.2,310.95,303.75,309.95,6239223
2015-06-30,310.2,316.85,308.05,315.15,7472142
2015-07-01,315.25,316.4,312.5,313.6,5681727
2015-07-02,314.1,317.3,313.5,315.05,4212550
2015-07-03,314.3,316.9,312.35,315.6,3288163
2015-07-06,312.9,318.65,312.0,318.4,2836965
2015-07-07,318.65,319.3,316.1,317.35,4876062
2015-07-08,315.15,316.0,309.4,312.95,7454128
2015-07-09,312.8,314.9,309.85,310.6,4308670
2015-07-10,309.0,311.7,306.55,309.9,4810724
2015-07-13,313.0,316.4,308.95,314.6,4252075
2015-07-14,313.95,316.5,310.65,312.3,3508433
2015-07-15,311.35,315.2,311.35,314.0,3651266
2015-07-16,314.8,319.9,312.3,317.95,3747998
2015-07-17,318.55,323.9,317.65,322.3,3937439
2015-07-20,321.8,323.45,319.2,320.5,3175322
2015-07-21,320.5,322.45,312.5,313.4,4538382
2015-07-22,312.1,317.95,310.7,314.5,5174239
2015-07-23,315.1,317.45,312.0,315.1,3614786
2015-07-24,315.0,315.6,312.5,314.55,2695820
2015-07-27,311.5,313.35,309.8,311.65,3412265
2015-07-28,311.95,313.9,309.55,311.2,4362388
2015-07-29,311.0,312.0,300.6,304.0,6238636
2015-07-30,304.0,317.85,300.0,315.95,13316491
2015-07-31,317.95,327.4,315.3,326.0,10880274
2015-08-03,326.0,333.5,325.1,331.55,9568727
2015-08-04,331.45,331.55,324.55,329.9,6623519
2015-08-05,329.9,333.05,326.6,331.8,3806659
2015-08-06,330.55,331.0,324.0,326.25,5640131
2015-08-07,324.0,325.6,322.0,324.45,2981227
2015-08-10,324.5,327.25,319.35,320.95,3723233
2015-08-11,320.1,321.9,316.35,320.1,3543765
2015-08-12,320.0,320.0,316.0,316.75,7951124
2015-08-13,317.4,319.7,303.0,316.35,4429818
2015-08-14,317.5,320.25,314.6,318.15,5065216
2015-08-17,319.3,319.8,315.5,316.9,2885946
2015-08-18,316.5,318.6,312.6,314.85,6053233
2015-08-19,314.0,318.0,309.0,316.9,4915931
2015-08-20,318.1,330.35,316.35,329.35,12005601
2015-08-21,328.95,331.3,322.75,330.75,11845505
2015-08-24,321.05,329.5,315.6,320.2,10990093
2015-08-25,322.05,326.15,312.5,319.9,14183478
2015-08-26,317.6,320.85,313.6,317.65,10770459
2015-08-27,323.5,327.55,316.35,325.7,13359223
2015-08-28,329.35,329.35,324.7,327.0,6483548
2015-08-31,324.75,328.5,321.6,325.15,6423122
2015-09-01,322.5,323.9,314.3,315.45,6313910
2015-09-02,318.9,323.05,315.15,320.1,8676453
2015-09-03,319.35,324.7,319.1,320.0,6725632
2015-09-04,320.0,321.5,314.75,317.1,10477731
2015-09-07,316.3,319.5,311.15,313.45,4741551
2015-09-08,313.1,315.6,310.3,312.9,6827044
2015-09-09,315.25,316.4,312.85,314.4,4082138
2015-09-10,311.0,315.8,310.35,313.35,5978850
2015-09-11,314.7,316.15,312.15,313.75,4474881
2015-09-14,313.75,315.2,311.6,313.65,4982944
2015-09-15,313.0,317.9,312.5,317.4,3449903
2015-09-16,318.65,322.85,317.2,322.15,3726390
2015-09-18,325.0,328.0,314.75,318.0,8552170
2015-09-21,316.4,317.3,313.4,314.25,4532332
2015-09-22,315.9,318.25,310.0,312.15,9959005
2015-09-23,307.0,319.05,307.0,316.1,7770002
2015-09-24,314.8,323.35,314.5,322.55,9414169
2015-09-28,323.15,325.0,318.4,319.25,4238898
2015-09-29,318.95,325.0,317.0,320.4,5532382
2015-09-30,322.0,329.85,320.0,328.8,8975548
2015-10-01,327.05,333.85,327.05,328.75,4137831
2015-10-05,330.0,331.5,326.8,329.5,6214114
2015-10-06,332.0,343.65,328.8,342.85,7147005
2015-10-07,343.95,350.0,342.3,347.25,7138337
2015-10-08,346.75,346.75,335.4,339.1,6245542
2015-10-09,340.9,344.8,340.2,343.45,3689809
2015-10-12,343.05,348.4,338.85,340.75,4045612
2015-10-13,340.0,345.9,339.65,344.05,4670156
2015-10-14,344.2,345.65,342.5,344.1,6055079
2015-10-15,344.0,352.4,343.65,349.4,6330365
2015-10-16,348.05,350.0,343.5,348.8,6424590
2015-10-19,348.0,352.0,345.2,351.0,7458475
2015-10-20,350.5,351.25,347.8,348.65,4924451
2015-10-21,349.1,350.0,347.65,348.55,3643858
2015-10-23,350.1,358.95,350.1,358.35,5816505
2015-10-26,358.85,359.8,355.0,356.5,5264353
2015-10-27,354.7,356.95,353.25,356.0,9960082
2015-10-28,354.35,358.95,354.0,355.2,6474972
2015-10-29,355.1,356.0,347.1,350.0,5092444
2015-10-30,351.45,351.45,330.9,334.65,18518698
2015-11-02,333.0,339.7,329.95,337.2,6884021
2015-11-03,336.8,338.9,332.8,334.85,2607387
2015-11-04,336.85,338.2,334.0,335.7,3320058
2015-11-05,334.0,339.2,333.25,337.15,3592068
2015-11-06,335.65,339.45,335.0,337.7,2975532
2015-11-09,331.5,344.0,330.35,343.05,7999916
2015-11-10,340.8,345.05,335.15,336.75,4819164
2015-11-11,338.9,339.0,333.1,334.25,528693
2015-11-13,330.4,333.8,327.1,329.8,12420613
2015-11-16,330.0,339.0,329.6,338.3,5849166
2015-11-17,342.2,350.25,339.1,349.1,7715258
2015-11-18,351.0,351.15,344.1,347.85,6644147
2015-11-19,350.0,353.0,348.8,352.05,11291847
2015-11-20,352.25,352.25,343.1,344.45,6572094
2015-11-23,343.35,344.85,336.25,337.25,5993134
2015-11-24,339.15,339.6,332.3,335.9,8724234
2015-11-26,336.15,345.0,334.85,342.8,6276983
2015-11-27,344.4,345.0,338.85,344.35,3784751
2015-11-30,343.2,346.8,340.55,342.55,11503443
2015-12-01,345.2,347.0,341.0,346.25,6751283
2015-12-02,346.0,349.75,342.4,349.4,3090011
2015-12-03,346.1,347.9,342.3,343.35,3729477
2015-12-04,341.3,341.75,335.0,335.95,9082549
2015-12-07,335.0,335.9,310.55,313.55,33913618
2015-12-08,311.0,318.2,310.6,314.75,12669492
2015-12-09,319.5,319.5,315.25,317.4,10049633
2015-12-10,317.5,321.75,317.0,321.25,5552200
2015-12-11,321.0,322.45,315.4,321.0,6007484
2015-12-14,320.0,322.4,317.15,320.1,4861457
2015-12-15,320.0,323.9,318.0,322.95,6726379
2015-12-16,323.0,324.65,318.1,319.25,5199131
2015-12-17,319.7,321.75,316.3,320.5,5789219
2015-12-18,320.9,323.0,316.4,317.1,9484202
2015-12-21,320.0,327.45,317.05,326.55,5361756
2015-12-22,325.05,325.5,319.5,320.25,4061480
2015-12-23,322.0,324.0,320.0,321.5,3515014
2015-12-24,323.0,324.75,320.6,323.7,2438817
2015-12-28,322.7,327.05,322.45,326.2,6054907
2015-12-29,326.45,328.0,323.35,324.85,2956884
2015-12-30,326.5,327.5,324.25,326.55,3199804
2015-12-31,325.5,330.0,323.35,327.8,5355352
2016-01-01,327.6,329.0,325.65,327.5,986305
2016-01-04,325.5,326.1,321.55,325.1,3937630
2016-01-05,325.1,326.4,324.05,324.85,3877655
2016-01-06,327.0,327.0,314.55,315.1,10156320
2016-01-07,313.8,313.8,308.65,309.6,7872807
2016-01-08,311.2,317.0,309.75,313.65,6560224
2016-01-11,310.0,316.8,309.75,316.05,4584482
2016-01-12,315.25,316.9,312.5,315.15,4636511
2016-01-13,317.35,320.4,314.65,315.75,4575057
2016-01-14,313.65,318.75,312.25,317.25,7660816
2016-01-15,315.1,317.4,312.3,313.9,5319830
2016-01-18,313.9,318.65,313.25,315.4,7886674
2016-01-19,315.25,317.5,311.95,314.05,4557407
2016-01-20,310.4,320.0,305.0,308.95,6429138
2016-01-21,311.65,311.65,303.65,306.4,8372840
2016-01-22,309.0,312.75,302.6,308.75,10160985
2016-01-25,305.35,311.85,304.05,309.4,6219629
2016-01-27,309.45,314.2,306.95,312.95,5674287
2016-01-28,312.7,321.85,311.65,318.55,9260353
2016-01-29,322.85,326.0,316.85,320.2,8330821
2016-02-01,318.65,325.0,314.85,324.75,4901035
2016-02-02,323.9,325.9,321.45,324.25,4711218
2016-02-03,321.75,324.25,319.6,321.95,3281195
2016-02-04,322.4,324.6,321.0,321.8,2124513
2016-02-05,323.0,325.95,322.0,323.95,4336061
2016-02-08,324.8,324.9,314.25,315.25,4178590
2016-02-09,313.25,313.75,309.75,312.4,7648866
2016-02-10,312.1,312.95,307.0,309.0,5243771
2016-02-11,310.7,310.7,297.45,298.55,9359960
2016-02-12,299.2,305.15,298.85,300.1,8797023
2016-02-17,296.5,301.8,289.05,299.85,8729597
2016-02-18,301.5,306.7,300.85,305.45,6259671
2016-02-19,305.0,306.1,301.0,304.55,4618192
2016-02-22,302.65,302.65,293.4,299.85,9802856
2016-02-23,297.95,297.95,292.65,293.8,5904620
2016-02-24,293.0,295.4,286.0,287.6,9213935
2016-02-25,284.6,290.3,284.0,286.2,9712012
2016-02-26,289.0,292.0,285.15,290.95,8004124
2016-02-29,290.0,301.65,268.0,295.65,50990820
2016-03-01,305.0,327.0,305.0,325.35,43268307
2016-03-02,328.0,333.9,318.45,319.55,15843544
2016-03-03,323.0,325.0,316.75,318.15,6565522
2016-03-04,320.0,321.75,314.75,315.2,7586791
2016-03-08,316.0,324.0,316.0,320.25,8415752
2016-03-09,317.0,320.7,312.7,319.9,13418972
2016-03-10,319.75,321.8,312.85,316.1,8933222
2016-03-11,316.1,322.0,315.0,321.3,7799610
2016-03-14,322.5,326.0,322.0,325.05,4948566
2016-03-15,326.0,326.0,315.0,316.5,10405850
2016-03-16,316.55,323.4,316.0,322.05,6245124
2016-03-17,323.25,325.0,321.5,323.65,8368065
2016-03-18,325.4,326.8,322.0,324.75,9233673
2016-03-21,326.75,336.2,326.25,331.45,10773036
2016-03-22,328.5,330.8,322.25,323.15,12698921
2016-03-23,325.0,325.1,320.35,324.25,10280939
2016-03-28,327.0,329.8,320.3,322.45,10959972
2016-03-29,321.15,327.05,319.0,320.0,12005375
2016-03-30,320.6,329.25,320.6,327.35,9266660
2016-03-31,325.8,332.5,324.9,328.25,18314074
2016-04-01,326.1,336.8,325.5,336.05,9533340
2016-04-04,327.0,333.0,326.05,330.7,9121614
2016-04-05,328.1,330.35,324.2,326.45,5754435
2016-04-06,326.85,328.9,325.0,325.9,4424605
2016-04-07,327.0,327.0,319.0,319.45,6684459
2016-04-08,319.5,322.45,319.0,321.2,3200573
2016-04-11,322.0,328.3,317.0,327.25,9222035
2016-04-12,325.0,325.65,321.0,322.4,3972174
2016-04-13,325.0,332.7,324.5,331.25,7958567
2016-04-18,335.0,338.35,331.05,335.4,9466343
2016-04-20,335.35,338.3,332.6,335.5,5999348
2016-04-21,335.6,336.5,327.6,329.95,4629838
2016-04-22,325.95,331.15,324.45,325.8,4182316
2016-04-25,321.3,325.5,320.4,320.95,4059991
2016-04-26,313.2,328.35,312.5,327.4,9644115
2016-04-27,326.05,334.5,326.05,333.55,6212472
2016-04-28,330.0,332.0,321.55,322.9,12983331
2016-04-29,323.15,326.1,320.1,324.95,6887624
2016-05-02,323.25,324.0,319.4,321.15,2175031
2016-05-03,321.6,323.45,314.0,316.05,7141138
2016-05-04,315.0,319.5,310.15,312.65,4110152
2016-05-05,312.0,320.3,311.6,317.65,4221695
2016-05-06,312.95,319.4,306.0,317.7,10389150
2016-05-09,320.0,325.9,319.5,324.8,5685999
2016-05-10,325.0,326.0,321.7,323.5,5497814
2016-05-11,320.0,321.75,316.1,318.0,7160664
2016-05-12,319.05,321.1,315.1,318.2,3712319
2016-05-13,318.0,321.7,315.15,319.35,6293941
2016-05-16,318.3,330.0,317.1,329.4,8646780
2016-05-17,330.0,333.45,328.7,330.5,7988538
2016-05-18,327.6,334.8,325.8,332.7,5076929
2016-05-19,334.0,334.0,322.5,324.85,5725184
2016-05-20,326.75,338.7,324.8,330.35,13509419
2016-05-23,349.65,354.5,339.5,346.85,35212403
2016-05-24,348.0,351.8,346.65,348.05,10445702
2016-05-25,350.4,357.45,349.85,356.05,6636995
2016-05-26,356.0,364.0,353.6,362.45,8392945
2016-05-27,362.95,363.9,356.2,359.3,7013490
2016-05-30,353.4,358.5,352.8,356.5,4908369
2016-05-31,356.0,359.45,349.25,351.05,9664358
2016-06-01,353.0,362.2,353.0,361.4,7966216
2016-06-02,359.85,360.5,353.2,358.0,8799928
2016-06-03,359.85,359.85,352.55,353.9,4738325
2016-06-06,353.7,356.95,351.35,355.6,4939666
2016-06-07,357.0,363.75,357.0,362.75,7066536
2016-06-08,364.0,365.0,360.7,362.8,4886342
2016-06-09,362.6,362.95,352.6,354.1,7745113
2016-06-10,353.05,358.65,350.05,350.7,7166263
2016-06-13,348.6,353.55,345.65,349.9,7821927
2016-06-14,350.9,354.0,347.8,353.3,5038876
2016-06-15,354.0,360.0,353.75,359.55,6348858
2016-06-16,359.4,359.4,351.1,354.9,5814562
2016-06-17,355.35,360.7,355.35,359.85,5986903
2016-06-20,360.5,361.0,355.1,358.05,5790809
2016-06-21,357.5,359.7,355.5,358.5,4438259
2016-06-22,355.95,359.15,352.55,354.7,5941357
2016-06-23,355.0,361.5,355.0,360.25,5771843
2016-06-24,352.55,360.1,350.2,354.1,8031589
2016-06-27,354.1,361.4,354.1,358.95,6830017
2016-06-28,360.0,369.15,358.95,368.5,10464373
2016-06-29,369.95,369.95,364.0,366.3,7703211
2016-06-30,368.0,371.7,366.15,368.4,13934634
2016-07-01,243.3,259.75,242.6,252.35,27944232
2016-07-04,254.0,254.0,244.0,244.9,13996866
2016-07-05,245.85,247.0,242.2,243.55,8989659
2016-07-07,244.5,248.65,243.9,247.0,8960871
2016-07-08,247.4,247.4,242.5,245.85,6899736
2016-07-11,248.3,251.6,246.75,249.15,7268008
2016-07-12,250.95,251.95,247.0,248.4,4143359
2016-07-13,248.45,249.2,246.0,247.1,4343149
2016-07-14,247.0,251.0,245.1,248.7,6091985
2016-07-15,249.0,252.55,247.55,248.85,9345945
2016-07-18,249.05,249.95,247.6,248.9,6825393
2016-07-19,249.0,250.0,245.6,249.05,6721210
2016-07-20,249.05,252.0,247.95,250.25,9312596
2016-07-21,253.0,253.5,246.5,250.6,11716926
2016-07-22,253.15,256.2,247.15,249.85,15780372
2016-07-25,249.5,252.0,249.0,251.75,8870687
2016-07-26,251.65,253.55,250.5,251.75,6817790
2016-07-27,251.0,253.7,246.3,247.4,8898401
2016-07-28,249.4,255.4,248.25,254.3,11350187
2016-07-29,254.2,256.5,251.4,252.45,12129756
2016-08-01,252.0,255.2,249.55,250.6,9557988
2016-08-02,251.0,262.0,251.0,260.8,16779344
2016-08-03,260.0,260.0,251.25,252.7,10985767
2016-08-04,254.0,254.85,250.2,252.1,8661776
2016-08-05,252.15,256.5,251.1,252.55,4365077
2016-08-08,253.0,254.75,249.5,249.95,8415212
2016-08-09,250.0,250.0,246.1,247.65,9358418
2016-08-10,248.0,248.4,245.8,246.5,5255295
2016-08-11,247.0,252.8,246.55,251.65,10744356
2016-08-12,250.55,255.5,250.3,254.1,8284563
2016-08-16,254.25,258.0,253.45,255.1,10293289
2016-08-17,254.55,256.75,252.2,253.7,8328306
2016-08-18,254.4,255.4,251.5,252.15,6682090
2016-08-19,252.0,252.4,249.75,250.95,5326232
2016-08-22,251.65,254.75,251.5,254.1,4184797
2016-08-23,254.4,255.0,250.3,251.4,6446460
2016-08-24,251.2,252.0,249.1,250.25,5382879
2016-08-25,252.1,255.0,250.25,253.45,9518272
2016-08-26,253.35,254.9,252.05,253.8,4753304
2016-08-29,253.0,253.95,251.05,252.8,4272618
2016-08-30,253.7,257.9,253.05,257.3,7692800
2016-08-31,258.3,261.5,256.4,260.05,12773632
2016-09-01,261.0,263.0,259.1,261.0,8373128
2016-09-02,262.0,263.7,260.25,262.9,9154358
2016-09-06,263.0,265.9,261.1,262.6,9166823
2016-09-07,264.0,264.95,262.0,262.8,6409700
2016-09-08,263.5,265.55,262.7,264.9,8324999
2016-09-09,263.0,264.45,257.05,258.3,9755948
2016-09-12,255.95,256.7,251.75,252.25,7344276
2016-09-14,251.0,253.1,249.55,251.85,12537688
2016-09-15,252.5,257.9,252.5,255.9,7778214
2016-09-16,256.0,262.2,255.4,260.35,14038158
2016-09-19,261.5,262.6,258.25,258.85,6474978
2016-09-20,259.2,259.25,255.25,256.95,6686674
2016-09-21,256.7,258.8,253.0,253.65,8800312
2016-09-22,255.45,257.2,253.75,255.25,7692200
2016-09-23,255.0,257.0,251.8,253.45,4952284
2016-09-26,253.0,253.25,247.5,248.05,9687011
2016-09-27,248.65,249.25,245.0,245.85,6644898
2016-09-28,246.3,249.4,245.5,246.95,7362899
2016-09-29,248.1,249.3,241.0,245.7,17433461
2016-09-30,245.65,246.95,240.5,241.35,9545123
2016-10-03,244.2,244.2,241.55,242.3,6465942
2016-10-04,243.0,243.95,240.35,241.2,7705953
2016-10-05,241.8,243.25,239.2,240.2,6230512
2016-10-06,242.0,242.0,235.65,237.4,8652862
2016-10-07,237.9,240.25,236.75,238.95,4010140
2016-10-10,242.0,242.6,239.55,240.1,5046890
2016-10-13,240.1,241.45,236.95,238.95,10678038
2016-10-14,239.0,240.5,238.05,239.9,9223856
2016-10-17,239.9,241.75,238.5,240.6,6143393
2016-10-18,241.0,246.55,240.3,245.95,11780776
2016-10-19,245.65,245.65,238.4,239.45,8410637
2016-10-20,241.0,241.35,238.1,239.35,4402661
2016-10-21,239.0,241.15,238.75,240.15,10592011
2016-10-24,241.0,242.0,239.7,241.35,9575846
2016-10-25,242.9,242.9,238.15,238.75,5948249
2016-10-26,239.85,242.5,233.5,238.75,23931286
2016-10-27,241.2,244.8,239.65,243.1,15352545
2016-10-28,244.3,244.3,239.5,243.1,9315645
2016-11-01,242.8,242.8,239.15,239.95,5517915
2016-11-02,237.0,238.95,235.1,237.3,4687370
2016-11-03,237.05,242.3,236.0,240.3,8868972
2016-11-04,251.5,256.4,247.05,249.05,35263032
2016-11-07,253.8,259.65,247.0,256.5,24268097
2016-11-08,256.5,257.4,252.2,255.6,9935323
2016-11-09,239.15,255.0,238.55,248.15,23027306
2016-11-10,252.85,253.0,245.55,251.05,11567186
2016-11-11,248.0,248.95,241.0,242.95,12741988
2016-11-15,241.95,246.9,235.8,237.5,21196400
2016-11-16,237.95,239.1,228.05,230.9,30665889
2016-11-17,228.45,234.0,228.4,231.5,9283059
2016-11-18,230.0,231.4,227.1,227.85,8257422
2016-11-21,228.2,228.6,223.6,224.2,7585897
2016-11-22,225.0,228.1,223.5,226.1,9215388
2016-11-23,227.25,227.8,223.5,224.65,10322937
2016-11-24,225.0,225.25,222.1,223.5,18004034
2016-11-25,224.5,230.45,223.05,228.8,7597501
2016-11-28,228.4,234.2,227.3,233.7,9120749
2016-11-29,233.05,235.65,230.25,231.05,8613611
2016-11-30,232.0,234.4,229.15,232.5,11081186
2016-12-01,232.8,235.0,231.05,233.5,5160029
2016-12-02,233.0,233.0,228.0,228.5,8371200
2016-12-05,228.9,233.2,227.45,232.55,5123051
2016-12-06,233.0,233.0,229.15,230.2,4911337
2016-12-07,231.5,231.5,226.5,227.2,8107530
2016-12-08,229.05,235.3,228.3,233.3,7365288
2016-12-09,234.05,239.6,232.55,236.15,8328221
2016-12-12,234.2,234.7,231.95,232.3,3038619
2016-12-13,234.8,236.9,232.2,235.65,7440621
2016-12-14,236.0,236.5,232.0,233.15,6313305
2016-12-15,232.0,234.4,228.5,229.7,5332924
2016-12-16,230.8,230.8,226.0,226.35,12925203
2016-12-19,225.35,229.0,225.35,227.0,5455325
2016-12-20,228.5,230.8,227.5,229.95,5917510
2016-12-21,229.0,229.8,225.5,226.3,12883058
2016-12-22,225.25,228.4,224.25,227.55,6420828
2016-12-23,227.5,227.5,223.8,224.7,10763084
2016-12-26,224.9,225.85,222.0,225.0,8735299
2016-12-27,226.0,234.9,224.35,234.05,15605810
2016-12-28,232.7,236.4,232.7,235.45,14166131
2016-12-29,235.3,237.0,232.3,236.0,14052730
2016-12-30,237.45,242.4,236.3,241.65,10420088
2017-01-02,242.0,242.25,238.6,240.95,4887504
2017-01-03,240.9,245.7,239.25,243.35,7508925
2017-01-04,242.85,247.0,240.1,245.45,9310104
2017-01-05,244.5,247.85,244.1,246.75,9178665
2017-01-06,247.0,249.0,242.2,242.7,8093288
2017-01-09,242.85,246.6,242.1,245.85,4854672
2017-01-10,246.0,249.85,245.7,248.95,11977335
2017-01-11,249.8,250.5,246.6,247.55,7637281
2017-01-12,247.7,247.7,244.15,244.65,5601066
2017-01-13,246.0,251.0,242.5,249.65,4384819
2017-01-16,249.25,250.85,247.1,248.8,4635410
2017-01-17,248.8,252.3,248.8,251.95,4811618
2017-01-18,251.6,254.3,249.8,250.85,7254738
2017-01-19,249.75,254.75,249.55,254.15,9184429
2017-01-20,254.25,256.3,253.7,255.4,10843902
2017-01-23,255.1,260.15,255.05,259.65,10690194
2017-01-24,259.6,260.75,257.35,259.85,8031785
2017-01-25,259.95,266.4,259.6,265.5,17451497
2017-01-27,263.5,266.95,256.1,257.4,24497031
2017-01-30,258.4,261.0,255.5,256.1,8910592
2017-01-31,256.2,259.95,254.6,258.1,9995686
2017-02-01,260.0,270.1,258.5,269.7,33840797
2017-02-02,271.0,279.9,269.5,274.3,29722686
2017-02-03,274.0,275.5,270.5,273.05,9009906
2017-02-06,274.9,279.0,274.1,276.8,8221552
2017-02-07,278.6,292.15,275.6,277.1,24315156
2017-02-08,275.5,279.0,272.0,274.8,10702679
2017-02-09,276.0,278.4,272.65,277.65,4882374
2017-02-10,278.7,279.1,271.55,273.35,7680000
2017-02-13,275.4,276.35,268.6,270.6,8967548
2017-02-14,270.0,273.5,269.15,270.8,6655626
2017-02-15,271.2,275.5,271.2,273.4,7537315
2017-02-16,270.05,271.5,265.7,266.65,10575410
2017-02-17,267.35,268.9,264.0,268.15,9341064
2017-02-20,266.0,267.45,265.55,266.05,5714329
2017-02-21,266.0,266.25,260.8,263.15,9871075
2017-02-22,264.4,266.25,261.65,263.45,8488101
2017-02-23,264.0,268.2,261.6,265.65,12361234
2017-02-27,265.55,266.0,257.85,264.6,5075088
2017-02-28,263.0,264.6,260.9,262.2,8240790
2017-03-01,262.4,269.7,262.4,268.5,14578413
2017-03-02,268.5,270.25,263.5,264.75,10066049
2017-03-03,262.0,263.4,258.15,261.55,9987225
2017-03-06,262.7,265.05,261.55,264.1,9559221
2017-03-07,264.3,265.0,261.15,264.25,6917130
2017-03-08,264.45,265.5,263.5,264.15,5771334
2017-03-09,266.1,266.3,262.3,264.95,9481938
2017-03-10,264.95,265.05,262.65,263.45,5662302
2017-03-14,266.2,271.65,265.2,267.1,17821655
2017-03-15,265.2,270.7,265.2,268.2,13938663
2017-03-16,270.25,271.25,267.5,268.45,8685534
2017-03-17,276.8,288.9,276.8,281.25,52012274
2017-03-20,282.9,284.2,277.8,281.9,15897260
2017-03-21,283.2,288.6,283.0,287.9,13225065
2017-03-22,285.0,287.85,278.6,279.85,12397015
2017-03-23,277.5,282.5,275.1,277.6,16897153
2017-03-24,278.85,283.0,278.75,281.0,7123953
2017-03-27,280.45,282.9,276.3,281.6,12154973
2017-03-28,281.6,282.2,280.05,280.5,6289874
2017-03-29,280.2,283.7,280.2,283.2,8500724
2017-03-30,284.0,284.65,280.05,282.75,14394053
2017-03-31,281.0,283.0,278.75,280.3,9561098
2017-04-03,282.8,283.6,278.65,281.55,7228785
2017-04-05,283.2,283.5,277.7,278.95,10288783
2017-04-06,278.2,279.15,273.2,274.1,15641571
2017-04-07,273.0,274.15,270.9,272.65,9128592
2017-04-10,275.0,275.0,272.1,273.55,5476450
2017-04-11,273.1,282.6,271.8,282.05,10934606
2017-04-12,281.7,284.8,279.55,281.9,7229006
2017-04-13,281.9,282.0,277.5,279.15,3934247
2017-04-17,276.55,282.5,275.55,279.1,4831017
2017-04-18,280.2,284.0,278.1,279.05,4330981
2017-04-19,281.15,281.5,277.85,278.7,4952956
2017-04-20,279.7,281.5,278.35,279.5,4237611
2017-04-21,282.0,282.0,272.7,274.35,8706432
2017-04-24,276.4,277.55,271.15,276.75,7118774
2017-04-25,278.0,282.0,273.9,281.3,12721177
2017-04-26,283.3,292.9,282.0,290.9,18942043
2017-04-27,291.4,291.9,284.5,285.8,13553616
2017-04-28,285.8,286.5,277.35,278.0,12374841
2017-05-02,280.5,281.3,276.5,279.2,7028028
2017-05-03,279.5,279.5,275.5,277.25,6039290
2017-05-04,277.9,282.2,276.15,281.2,7771540
2017-05-05,280.95,280.95,276.4,277.15,4036786
2017-05-08,277.55,278.5,272.55,272.95,10629552
2017-05-09,273.5,276.65,271.0,271.5,6748832
2017-05-10,272.2,275.7,272.0,273.95,4578228
2017-05-11,275.5,279.15,274.0,276.65,9415397
2017-05-12,277.3,277.3,274.05,274.95,4499390
2017-05-15,275.9,278.9,275.5,277.95,5462855
2017-05-16,278.5,284.3,278.0,283.45,11204308
2017-05-17,284.1,284.4,279.25,281.65,8297700
2017-05-18,278.0,281.05,277.05,277.9,7924261
2017-05-19,282.25,295.65,281.95,286.2,35724128
2017-05-22,292.45,304.8,291.3,303.6,35939315
2017-05-23,301.9,303.9,298.25,300.15,19784738
2017-05-24,300.0,301.95,297.9,299.9,9457848
2017-05-25,300.0,304.7,295.35,300.05,22769975
2017-05-26,302.0,313.8,299.55,309.1,21742467
2017-05-29,304.0,319.85,303.5,315.85,19665146
2017-05-30,312.9,315.2,310.05,311.45,8547146
2017-05-31,311.45,313.4,307.0,311.8,12308066
2017-06-01,312.0,316.75,310.8,314.2,8253042
2017-06-02,316.1,319.9,315.2,319.2,11073749
2017-06-05,315.0,318.25,313.3,317.45,9482413
2017-06-06,317.5,319.0,309.3,311.05,9841205
2017-06-07,311.3,314.75,310.35,312.25,11534375
2017-06-08,313.0,313.25,309.4,311.6,7781415
2017-06-09,310.75,312.6,304.7,306.0,10065468
2017-06-12,307.0,307.5,302.5,304.4,6266299
2017-06-13,305.05,306.0,302.2,305.25,5107002
2017-06-14,304.95,306.0,299.15,299.85,14574048
2017-06-15,302.95,302.95,299.5,301.9,7427656
2017-06-16,302.5,309.6,302.5,306.8,12323676
2017-06-19,309.0,311.85,308.1,310.9,6982651
2017-06-20,312.0,312.2,308.1,308.7,8260929
2017-06-21,309.4,311.0,307.2,308.95,8279767
2017-06-22,308.65,314.2,308.2,311.3,8944754
2017-06-23,310.0,312.9,308.6,311.0,7176861
2017-06-27,311.75,316.5,311.0,312.35,9688675
2017-06-28,311.6,311.6,307.1,308.35,7919072
2017-06-29,309.1,313.25,308.6,311.6,9929212
2017-06-30,310.25,324.7,310.25,323.65,23196959
2017-07-03,346.0,354.8,340.3,342.5,47079622
2017-07-04,342.8,343.45,336.25,337.25,11232007
2017-07-05,337.25,337.85,330.25,331.05,11978317
2017-07-06,334.3,338.75,331.3,337.1,13429462
2017-07-07,338.0,338.2,333.05,334.3,9919790
2017-07-10,341.0,367.7,324.3,333.3,1427399
2017-07-11,335.0,335.05,330.0,330.4,8336685
2017-07-12,328.4,333.6,327.4,328.85,10249263
2017-07-13,332.0,339.5,331.0,338.75,17491942
2017-07-14,339.95,339.95,334.8,337.15,5586611
2017-07-17,335.0,335.0,320.7,325.15,20320210
2017-07-18,292.65,292.65,276.4,284.55,149479681
2017-07-19,287.8,292.9,286.2,291.45,39134264
2017-07-20,294.0,294.9,288.4,289.5,15306864
2017-07-21,291.5,291.75,286.55,288.9,13174402
2017-07-24,290.0,295.35,288.1,293.25,17794337
2017-07-25,295.0,295.15,290.85,291.4,9559657
2017-07-26,292.0,294.25,291.5,293.65,9209593
2017-07-27,294.7,295.4,286.75,288.55,18892800
2017-07-28,294.3,294.75,287.15,291.55,18494629
2017-07-31,289.5,290.3,284.5,285.25,21247233
2017-08-01,285.3,288.55,285.0,287.85,13542016
2017-08-02,289.8,289.9,284.3,285.45,9867353
2017-08-03,285.0,285.4,280.65,281.4,10199231
2017-08-04,280.4,284.4,279.65,280.75,11283020
2017-08-07,281.6,283.0,279.45,279.85,8451267
2017-08-08,280.1,281.4,273.5,274.15,12741118
2017-08-09,274.0,275.4,270.4,272.85,9910187
2017-08-10,272.65,274.65,270.75,273.1,9995867
2017-08-11,271.0,274.45,270.1,271.5,14409594
2017-08-14,274.4,274.4,270.5,271.25,9693041
2017-08-16,272.0,281.75,271.35,279.2,18692336
2017-08-17,281.85,282.9,277.9,280.0,13703999
2017-08-18,279.25,284.0,276.8,281.85,14869905
2017-08-21,282.35,285.0,280.95,281.6,13088154
2017-08-22,282.0,285.0,280.35,282.9,11956919
2017-08-23,283.5,285.6,281.6,282.55,8747634
2017-08-24,282.0,283.5,281.1,281.45,10819303
2017-08-28,282.1,283.0,279.3,282.45,9974428
2017-08-29,282.35,282.9,279.4,280.25,6141239
2017-08-30,281.15,282.9,280.6,282.0,6534233
2017-08-31,283.0,283.15,280.4,282.25,11221831
2017-09-01,282.2,284.35,280.7,283.6,7247857
2017-09-04,283.45,283.85,282.0,283.1,8480587
2017-09-05,282.65,283.9,281.6,282.85,7820187
2017-09-06,280.5,281.0,275.25,275.7,14165258
2017-09-07,277.0,277.55,269.55,270.4,19218142
2017-09-08,271.15,273.3,270.0,272.35,9716093
2017-09-11,272.4,274.4,271.5,273.6,9314031
2017-09-12,275.5,278.25,274.6,277.65,11464781
2017-09-13,277.4,277.5,270.95,271.5,12126147
2017-09-14,272.3,272.5,270.4,272.0,7041114
2017-09-15,272.0,272.75,268.2,269.3,13147594
2017-09-18,271.0,271.7,266.25,267.0,10152294
2017-09-19,268.0,270.0,264.1,267.85,33882424
2017-09-20,269.4,272.0,267.75,271.55,9604767
2017-09-21,272.0,272.4,267.1,269.55,7759828
2017-09-22,269.5,270.95,267.05,268.45,6877525
2017-09-25,268.5,269.65,260.9,262.25,17583222
2017-09-26,263.3,263.75,261.05,262.45,9581360
2017-09-27,265.1,265.5,256.8,258.5,17533620
2017-09-28,260.4,263.4,259.1,261.55,21604711
2017-09-29,262.8,262.9,257.45,258.3,12172012
2017-10-03,262.5,262.75,258.5,261.4,11497927
2017-10-04,264.1,268.5,263.15,267.4,10779322
2017-10-05,267.4,269.4,264.4,265.25,6937298
2017-10-06,265.8,267.5,264.65,266.15,7856190
2017-10-09,268.0,269.15,266.4,268.0,6088623
2017-10-10,267.1,267.9,265.15,266.2,5472538
2017-10-11,266.5,267.75,264.45,265.4,7664687
2017-10-12,265.55,269.2,264.0,267.0,9165813
2017-10-13,266.25,267.6,264.2,265.95,12040762
2017-10-16,266.0,269.95,265.5,267.5,9152244
2017-10-17,268.0,268.7,265.95,267.25,10628854
2017-10-18,268.0,270.75,267.1,270.35,7229879
2017-10-19,271.0,271.3,269.0,269.65,1235750
2017-10-23,270.0,272.75,265.8,267.05,9768072
2017-10-24,268.45,268.45,266.1,267.0,8400196
2017-10-25,268.4,271.5,268.2,269.25,5940597
2017-10-26,270.8,270.8,267.15,268.4,9260157
2017-10-27,270.6,276.0,267.45,269.35,22968176
2017-10-30,269.0,270.6,263.45,265.15,17589111
2017-10-31,266.05,266.95,263.9,265.7,8139444
2017-11-01,267.0,271.2,266.3,269.85,7237682
2017-11-02,269.7,269.95,265.3,265.65,9683859
2017-11-03,267.0,267.9,264.9,265.4,5980143
2017-11-06,266.25,267.9,264.3,264.9,9020725
2017-11-07,265.7,267.7,263.65,265.3,9506715
2017-11-08,265.35,266.5,264.7,265.4,5957114
2017-11-09,266.4,266.5,259.3,260.05,20246351
2017-11-10,260.55,265.2,259.4,261.7,16792035
2017-11-13,263.0,263.3,258.0,258.3,7396182
2017-11-14,258.5,260.85,256.0,256.55,8335504
2017-11-15,257.0,257.35,250.4,253.3,17011726
2017-11-16,254.7,255.6,252.4,255.1,9959845
2017-11-17,256.5,259.0,256.0,258.0,9998498
2017-11-20,258.6,260.7,257.25,259.2,7916268
2017-11-21,259.5,259.5,255.2,255.8,16626216
2017-11-22,256.0,258.65,255.6,258.15,8609960
2017-11-23,258.35,260.7,256.4,258.15,7524346
2017-11-24,258.5,261.45,258.05,260.75,7347756
2017-11-27,260.0,260.5,257.3,259.25,4836535
2017-11-28,259.1,259.2,256.0,257.0,17508901
2017-11-29,258.0,258.7,257.0,258.05,8697821
2017-11-30,257.9,258.2,254.65,256.05,22116235
2017-12-01,256.95,259.6,254.65,255.2,6593537
2017-12-04,256.0,256.3,253.55,255.1,6111791
2017-12-05,255.0,255.35,252.5,253.85,8991412
2017-12-06,253.25,253.25,250.85,251.6,8244499
2017-12-07,250.0,254.1,250.0,253.35,5426456
2017-12-08,253.75,263.2,253.4,262.2,13132943
2017-12-11,264.65,267.5,263.3,266.25,17181015
2017-12-12,264.5,265.2,260.5,261.55,9243049
2017-12-13,259.6,262.4,257.6,259.0,8653465
2017-12-14,260.9,266.15,257.55,264.25,8043427
2017-12-15,266.0,267.05,263.45,264.6,12269517
2017-12-18,265.5,265.5,259.05,263.2,9293059
2017-12-19,263.4,265.4,263.1,264.25,5881181
2017-12-20,264.7,264.7,262.7,263.3,7441512
2017-12-21,265.9,265.9,261.6,263.05,6771408
2017-12-22,263.5,264.2,262.15,263.1,6405364
2017-12-26,263.25,265.0,262.65,264.15,9549857
2017-12-27,264.2,264.3,261.65,262.15,6091016
2017-12-28,263.4,264.05,261.05,261.85,15889965
2017-12-29,262.5,264.0,262.25,263.25,6565616
2018-01-01,263.25,266.3,261.25,262.3,10461011
2018-01-02,262.6,264.2,260.45,260.75,5688384
2018-01-03,261.3,262.65,260.6,261.15,11018996
2018-01-04,260.95,262.75,260.6,261.55,9368913
2018-01-05,261.9,263.5,261.9,262.9,9211954
2018-01-08,264.0,266.8,263.25,265.6,14433239
2018-01-09,265.5,272.0,264.75,270.55,25737663
2018-01-10,273.45,274.0,269.05,269.4,16441299
2018-01-11,269.5,271.0,268.1,269.8,11287447
2018-01-12,270.25,271.35,266.15,267.55,8179762
2018-01-15,268.0,271.1,267.0,267.6,10538330
2018-01-16,268.2,268.7,260.8,261.7,12935712
2018-01-17,262.0,267.0,259.55,266.05,16375659
2018-01-18,268.0,275.25,266.65,273.4,26442702
2018-01-19,276.0,277.5,271.1,274.55,25710521
2018-01-22,275.0,275.5,271.7,273.65,8339156
2018-01-23,274.0,277.25,273.55,276.6,18244388
2018-01-24,276.65,282.0,276.05,281.45,17305234
2018-01-25,281.0,283.2,278.6,281.25,13124518
2018-01-29,281.15,283.3,275.0,275.65,9569723
2018-01-30,275.0,276.45,271.95,275.2,13057276
2018-01-31,273.9,276.0,269.85,271.4,18945945
2018-02-01,272.0,290.3,267.4,275.3,59362154
2018-02-02,274.4,285.65,270.8,275.35,35008302
2018-02-05,273.55,281.7,271.85,279.25,19706340
2018-02-06,269.95,277.3,268.15,273.5,15822723
2018-02-07,278.0,278.75,274.0,275.15,12956103
2018-02-08,275.7,276.9,272.65,274.1,9779911
2018-02-09,271.0,272.5,267.8,271.35,14204123
2018-02-12,272.45,273.85,269.3,269.85,6713679
2018-02-14,270.0,271.0,265.1,266.5,11303222
2018-02-15,266.5,269.9,264.8,268.1,11736246
2018-02-16,269.85,270.75,265.6,266.45,6164187
2018-02-19,266.0,267.8,262.5,264.1,6069585
2018-02-20,264.0,265.8,262.15,263.25,9301017
2018-02-21,264.0,268.95,263.45,268.2,10555155
2018-02-22,267.2,269.0,265.45,267.1,19118686
2018-02-23,267.45,270.0,266.1,269.05,6529253
2018-02-26,268.55,269.5,266.0,266.55,8378818
2018-02-27,268.0,268.2,265.5,266.4,7429924
2018-02-28,265.0,266.3,263.05,265.05,13451146
2018-03-01,264.2,266.1,262.85,264.0,7781553
2018-03-05,263.3,263.3,260.0,260.25,6623613
2018-03-06,261.05,262.4,255.5,256.5,8180373
2018-03-07,256.5,260.5,253.55,259.9,15153219
2018-03-08,260.3,261.9,257.75,258.85,6027032
2018-03-09,259.0,260.9,258.25,259.25,6110339
2018-03-12,264.0,270.85,262.95,270.1,19900387
2018-03-13,269.65,272.0,267.2,269.45,8326884
2018-03-14,268.05,269.05,265.3,268.05,7907101
2018-03-15,267.0,269.9,265.2,265.55,5557668
2018-03-16,266.4,266.4,258.85,260.5,20680532
2018-03-19,260.55,262.2,258.3,259.15,12926158
2018-03-20,258.15,259.95,257.5,259.2,7481088
2018-03-21,260.05,261.65,258.7,259.05,12920867
2018-03-22,260.0,261.45,257.85,258.3,8011131
2018-03-23,256.0,258.8,254.75,256.0,11185677
2018-03-26,252.9,260.0,252.5,258.1,12499724
2018-03-27,258.8,260.5,256.9,258.9,8769415
2018-03-28,258.0,258.95,254.35,255.5,12270479
2018-04-02,257.0,258.95,255.45,258.25,7029064
2018-04-03,258.0,260.0,257.5,258.5,5098212
2018-04-04,259.5,259.8,257.1,258.6,8392947
2018-04-05,255.5,260.0,255.5,259.65,9113610
2018-04-06,260.5,262.0,260.05,260.85,6098959
2018-04-09,261.15,266.6,260.9,265.8,9217475
2018-04-10,266.35,268.7,265.1,266.7,14682547
2018-04-11,266.9,267.55,263.4,265.15,5232228
2018-04-12,265.1,265.15,261.4,261.95,6125006
2018-04-13,263.0,263.5,260.0,260.75,4991314
2018-04-16,260.5,264.9,260.0,264.45,5212182
2018-04-17,265.4,268.4,262.7,267.6,13207767
2018-04-18,268.7,278.9,268.0,275.35,23815794
2018-04-19,277.25,280.0,275.25,277.35,12823460
2018-04-20,276.0,279.25,273.5,276.2,10790554
2018-04-23,276.0,277.2,275.0,275.5,11746220
2018-04-24,276.0,278.85,274.65,276.0,8449353
2018-04-25,275.5,276.3,272.7,274.1,4928817
2018-04-26,274.55,279.1,273.0,278.25,20282977
2018-04-27,279.6,280.95,278.4,279.4,9732842
2018-04-30,279.6,283.85,279.6,281.45,5918966
2018-05-02,282.1,288.7,280.25,287.25,16071685
2018-05-03,287.5,289.7,283.05,285.0,9366444
2018-05-04,287.0,287.0,275.85,277.15,10904195
2018-05-07,278.3,283.4,276.9,282.25,6475767
2018-05-08,283.15,285.95,282.0,282.7,6588906
2018-05-09,281.5,284.0,281.5,282.3,4214376
2018-05-10,282.95,283.95,277.3,280.15,5672203
2018-05-11,281.9,284.0,279.75,283.65,3892106
2018-05-14,283.0,287.3,282.0,284.8,6479302
2018-05-15,284.85,286.0,280.7,281.85,7777542
2018-05-16,279.95,288.8,279.55,285.85,18062869
2018-05-17,288.0,288.7,278.45,278.95,10755084
2018-05-18,278.55,285.55,276.0,282.3,15422138
2018-05-21,282.3,284.0,278.5,282.35,8579200
2018-05-22,282.0,283.1,278.05,278.75,4730984
2018-05-23,279.0,279.4,272.95,273.45,7891899
2018-05-24,274.0,276.8,271.75,274.85,6282351
2018-05-25,272.4,275.0,268.75,272.3,9244273
2018-05-28,274.0,277.5,272.4,275.3,6997081
2018-05-29,274.8,277.75,272.45,274.05,8830998
2018-05-30,272.5,273.7,270.65,271.9,8005601
2018-05-31,272.2,272.7,269.6,271.65,13212672
2018-06-01,271.15,271.7,269.1,269.95,6607768
2018-06-04,270.25,271.95,267.5,268.9,7984112
2018-06-05,269.0,269.85,266.85,267.5,5788321
2018-06-06,268.0,271.15,267.8,270.4,7296797
2018-06-07,270.5,272.3,270.1,271.05,6797792
2018-06-08,271.1,271.5,267.0,267.9,6769606
2018-06-11,268.5,271.9,268.15,269.25,8572974
2018-06-12,269.3,274.6,269.25,270.25,8449515
2018-06-13,271.5,271.8,267.2,267.85,7817856
2018-06-14,266.5,268.9,266.0,267.25,9169601
2018-06-15,267.5,267.75,263.6,264.5,10814596
2018-06-18,264.45,265.5,263.5,264.55,6281093
2018-06-19,264.9,267.15,262.65,266.05,7336092
2018-06-20,266.45,267.0,263.05,263.75,9540207
2018-06-21,264.4,264.8,260.4,260.85,7137481
2018-06-22,260.55,266.8,260.0,265.15,16820667
2018-06-25,265.15,265.4,259.75,262.6,13617718
2018-06-26,262.45,266.15,262.15,264.8,10087090
2018-06-27,264.9,265.0,261.5,262.75,10036967
2018-06-28,262.0,264.0,259.0,260.5,14637010
2018-06-29,261.8,267.55,260.3,266.2,10907020
2018-07-02,267.0,267.1,260.05,263.05,18097981
2018-07-03,263.5,266.75,261.15,265.45,10385004
2018-07-04,266.3,266.3,262.2,264.4,7881279
2018-07-05,264.6,273.8,263.5,272.5,15473199
2018-07-06,272.75,274.75,270.15,272.65,12936762
2018-07-09,275.0,276.0,272.2,274.4,9782072
2018-07-10,275.5,277.5,273.1,277.05,11486223
2018-07-11,276.85,280.3,273.75,275.75,11362662
2018-07-12,275.75,278.15,273.3,277.2,9902834
2018-07-13,278.0,278.3,269.2,270.4,18590126
2018-07-16,270.3,273.3,269.7,271.6,10281018
2018-07-17,271.05,273.0,269.3,269.85,10033333
2018-07-18,271.1,271.3,267.6,268.55,7050253
2018-07-19,268.9,274.6,266.25,273.3,8956760
2018-07-20,273.25,274.8,270.65,274.0,6572535
2018-07-23,279.5,286.65,277.15,284.15,26056261
2018-07-24,284.5,287.0,283.55,285.65,12111542
2018-07-25,284.25,286.95,283.2,286.15,13301823
2018-07-26,287.0,291.15,284.2,287.2,20698478
2018-07-27,300.0,307.15,295.0,302.55,75862167
2018-07-30,302.0,303.6,300.0,301.05,17080727
2018-07-31,300.75,301.35,295.55,297.7,14563274
2018-08-01,298.05,302.95,296.1,301.6,14624672
2018-08-02,300.5,303.5,297.3,299.2,9847568
2018-08-03,300.0,305.4,298.15,303.95,12470372
2018-08-06,305.0,306.9,300.0,301.8,7683950
2018-08-07,302.95,304.2,299.75,301.1,7188877
2018-08-08,300.25,302.4,300.0,300.95,6442258
2018-08-09,301.75,304.6,300.05,302.5,9221385
2018-08-10,302.0,306.9,301.15,304.8,14777932
2018-08-13,304.0,307.8,303.15,305.95,9957591
2018-08-14,307.0,310.2,306.85,307.9,12315926
2018-08-16,307.9,308.5,305.1,307.45,18674289
2018-08-17,307.8,315.3,307.8,313.75,25413745
2018-08-20,314.2,315.0,311.3,313.3,19218118
2018-08-21,314.5,317.0,312.0,312.9,13618791
2018-08-23,314.0,316.4,307.35,312.0,11309613
2018-08-24,311.0,312.0,307.0,310.4,5445848
2018-08-27,311.2,314.85,310.5,313.4,5278766
2018-08-28,314.0,315.8,311.0,311.65,6609740
2018-08-29,311.7,315.45,310.0,312.8,10349504
2018-08-30,313.5,320.6,313.5,319.85,24973007
2018-08-31,322.0,322.6,317.2,319.85,18084699
2018-09-03,322.95,322.95,311.05,313.2,9112998
2018-09-04,312.0,312.2,307.0,309.6,11184441
2018-09-05,310.4,314.45,309.25,310.25,10139205
2018-09-06,311.4,311.75,308.05,310.8,7609714
2018-09-07,311.6,313.2,308.1,310.45,7188478
2018-09-11,306.65,306.75,295.55,297.2,26006624
2018-09-14,307.0,308.65,305.05,307.15,12823479
2018-09-17,305.0,306.1,301.5,302.0,5825628
2018-09-18,302.2,304.9,299.3,303.25,8199623
2018-09-19,304.5,305.65,298.0,299.65,6150336
2018-09-21,300.4,306.6,300.4,303.95,16337218
2018-09-24,305.0,306.35,292.5,297.95,14452668
2018-09-25,296.9,302.35,292.35,301.15,13273933
2018-09-26,303.0,303.0,289.75,293.15,19891787
2018-09-27,293.5,295.1,289.5,293.3,12084852
2018-09-28,295.0,300.0,291.8,297.75,24606864
2018-10-01,300.85,302.95,293.4,297.1,9025533
2018-10-03,297.0,300.0,294.65,295.2,7570160
2018-10-04,293.85,295.7,285.15,287.1,8105763
2018-10-05,285.5,286.0,275.1,276.5,17622969
2018-10-08,279.0,279.4,269.15,273.2,16430487
2018-10-09,275.5,275.5,267.75,268.5,10540674
2018-10-10,269.9,271.15,267.2,270.1,11479650
2018-10-11,265.0,269.3,263.65,265.2,10609934
2018-10-12,267.5,277.65,267.3,275.2,13425871
2018-10-15,278.95,283.6,276.0,282.5,17933322
2018-10-16,283.0,283.75,276.35,282.65,11867994
2018-10-17,283.9,291.65,281.55,286.45,15307324
2018-10-19,285.0,291.55,284.75,289.45,8032126
2018-10-22,292.0,293.1,287.3,288.5,12484871
2018-10-23,286.0,291.2,283.55,286.0,10843970
2018-10-24,288.7,289.65,286.35,287.75,8690022
2018-10-25,286.0,289.5,284.5,287.55,9584217
2018-10-26,289.7,289.8,276.0,280.9,21475541
2018-10-29,281.9,285.25,278.95,283.5,11342580
2018-10-30,283.25,283.85,278.0,278.95,6847149
2018-10-31,279.55,281.0,272.85,280.1,13501859
2018-11-01,280.0,281.8,274.8,277.4,9452718
2018-11-02,278.3,285.95,278.3,283.25,11644681
2018-11-05,285.25,285.25,278.4,279.6,7381232
2018-11-06,281.1,281.85,276.1,277.3,9766345
2018-11-07,281.0,281.0,278.8,280.05,957139
2018-11-09,279.0,279.7,275.9,277.25,15034793
2018-11-12,277.8,278.2,273.25,273.85,7047500
2018-11-13,273.95,277.9,273.15,276.85,6700755
2018-11-14,278.1,278.4,274.65,276.45,6915975
2018-11-15,276.85,279.25,273.5,274.5,12153864
2018-11-16,275.8,278.3,275.25,276.55,12635521
2018-11-19,277.35,285.0,276.5,284.5,16720100
2018-11-20,285.0,286.65,281.8,283.85,7796633
2018-11-21,284.5,284.8,280.0,281.75,5650063
2018-11-22,282.0,284.5,279.6,280.5,6680354
2018-11-26,281.25,286.35,280.7,285.65,8948042
2018-11-27,286.1,286.45,282.8,284.85,6881741
2018-11-28,285.4,287.95,280.8,282.2,8856761
2018-11-29,283.65,289.3,283.45,287.55,13657479
2018-11-30,289.5,290.0,284.8,285.8,8639876
2018-12-03,287.25,289.5,282.55,282.95,8565591
2018-12-04,281.0,283.3,280.95,281.85,6305882
2018-12-05,281.0,281.8,274.2,275.35,11453283
2018-12-06,274.5,274.9,271.5,273.05,9682118
2018-12-07,274.95,276.2,273.3,274.05,8103784
2018-12-10,272.0,272.3,269.15,270.45,6683094
2018-12-11,268.4,276.05,268.2,274.7,10238800
2018-12-12,275.7,277.7,272.6,276.05,10084682
2018-12-13,279.0,279.4,273.5,275.3,15821425
2018-12-14,274.35,277.25,273.9,275.75,8594764
2018-12-17,277.0,281.4,275.9,279.85,12232198
2018-12-18,279.05,280.6,277.0,278.15,8832786
2018-12-19,279.0,284.0,278.5,283.45,13133469
2018-12-20,281.0,284.4,281.0,282.65,4964496
2018-12-21,283.0,284.0,276.05,276.75,6816618
2018-12-24,278.85,280.7,275.25,276.0,8540575
2018-12-26,276.35,278.8,274.8,276.65,8494118
2018-12-27,279.0,281.65,277.3,280.75,11441104
2018-12-28,279.15,284.0,279.15,282.25,13194286
2018-12-31,282.8,283.85,281.1,281.65,5452405
2019-01-01,282.2,283.55,279.8,282.7,2490548
2019-01-02,282.25,283.25,277.55,280.6,9934187
2019-01-03,280.6,282.45,277.75,278.85,6114946
2019-01-04,279.15,282.95,279.15,280.95,7805148
2019-01-07,284.3,285.25,281.0,281.65,9757529
2019-01-08,282.0,285.5,281.35,284.25,7480522
2019-01-09,285.6,291.7,284.6,290.4,12182118
2019-01-10,290.75,293.7,288.9,289.6,10288580
2019-01-11,291.9,296.0,291.5,295.35,16773035
2019-01-14,294.5,294.8,290.0,294.3,6400147
2019-01-15,295.25,297.4,294.0,296.55,7213165
2019-01-16,296.0,296.55,291.7,294.05,7784035
2019-01-17,294.1,295.6,290.15,293.95,10601100
2019-01-18,293.25,295.1,290.65,291.45,10994807
2019-01-21,292.85,293.2,288.7,289.9,8203333
2019-01-22,289.85,291.0,285.15,289.75,10329563
2019-01-23,291.5,294.4,275.0,277.3,40188183
2019-01-24,279.3,283.35,277.85,278.9,28026449
2019-01-25,280.0,282.7,278.5,279.2,8897906
2019-01-28,278.9,279.45,274.2,274.75,8992136
2019-01-29,275.3,279.0,274.75,278.45,6998389
2019-01-30,280.1,280.2,274.2,275.5,10449713
2019-01-31,276.5,279.6,273.6,278.65,15346406
2019-02-01,280.65,285.2,279.1,280.85,18353829
2019-02-04,281.9,281.9,276.05,277.1,6056619
2019-02-05,277.35,277.8,272.5,274.15,9827060
2019-02-06,275.0,278.4,274.55,277.7,8097580
2019-02-07,277.9,281.0,277.0,280.3,5947966
2019-02-08,279.5,281.2,274.6,275.5,4405887
2019-02-11,275.8,278.2,268.45,277.1,9952322
2019-02-12,277.05,280.5,274.6,275.3,7341352
2019-02-13,280.05,283.9,275.2,276.85,15344186
2019-02-14,277.0,280.2,277.0,277.9,9993785
2019-02-15,279.0,280.95,275.4,280.1,37552143
2019-02-18,278.8,282.45,273.9,274.7,40666405
2019-02-19,274.0,279.2,274.0,275.9,34451117
2019-02-20,277.25,277.5,274.25,275.85,5977880
2019-02-21,275.9,276.75,274.2,275.05,6995026
2019-02-22,275.6,275.95,273.1,274.3,8763445
2019-02-25,274.5,277.15,273.0,276.7,30047503
2019-02-26,274.95,277.0,274.05,275.5,11779606
2019-02-27,276.0,278.9,273.9,275.1,13128412
2019-02-28,277.3,277.3,274.25,276.05,43208896
2019-03-01,276.45,279.0,276.25,278.2,8830848
2019-03-05,280.0,284.0,276.05,282.55,13580306
2019-03-06,285.0,289.2,284.75,285.75,20045621
2019-03-07,286.7,291.0,285.85,290.1,14287507
2019-03-08,290.3,293.0,288.4,292.0,12681454
2019-03-11,293.0,294.9,291.1,292.95,14720968
2019-03-12,294.0,295.65,293.15,294.5,14142103
2019-03-13,295.0,297.0,294.15,294.9,11070294
2019-03-14,295.4,296.0,290.45,295.5,10113962
2019-03-15,295.95,296.55,289.35,290.8,21395473
2019-03-18,292.0,294.2,291.3,293.75,9166882
2019-03-19,294.6,300.0,293.35,299.45,15756420
2019-03-20,300.0,301.95,296.6,298.9,15619922
2019-03-22,300.0,300.0,296.55,298.2,8067384
2019-03-25,297.0,297.0,293.2,295.05,8015871
2019-03-26,295.0,296.35,291.05,293.4,10763629
2019-03-27,294.0,296.7,291.6,293.1,8432517
2019-03-28,294.1,302.0,293.0,300.0,17752380
2019-03-29,302.0,303.0,295.45,297.25,11913335
2019-04-01,297.0,299.2,296.55,297.25,6203276
2019-04-02,297.4,300.0,294.65,297.9,9849417
2019-04-03,298.0,299.0,295.15,296.15,9064767
2019-04-04,296.0,297.3,293.75,294.8,6965053
2019-04-05,295.05,296.4,292.65,294.55,7806991
2019-04-08,294.65,295.0,291.7,292.75,5288853
2019-04-09,292.5,296.7,292.25,296.3,6175672
2019-04-10,296.05,296.55,293.5,294.7,5334642
2019-04-11,294.55,297.45,293.0,296.4,10764968
2019-04-12,296.65,307.4,295.6,305.75,21818291
2019-04-15,307.9,310.0,304.35,305.5,12612414
2019-04-16,306.8,309.95,306.15,307.2,9746168
2019-04-18,308.25,308.25,303.55,304.4,8838122
2019-04-22,303.85,305.5,301.05,301.8,6672456
2019-04-23,302.15,304.8,301.55,303.4,7496038
2019-04-24,303.4,307.2,298.5,306.45,11447878
2019-04-25,307.25,309.8,302.0,304.15,23240675
2019-04-26,304.6,306.4,302.55,304.55,4654775
2019-04-30,304.55,307.55,299.5,301.35,11163210
2019-05-02,301.1,306.5,300.6,305.0,7493271
2019-05-03,304.25,307.45,303.3,304.25,5885895
2019-05-06,304.0,307.5,300.75,307.0,6737627
2019-05-07,308.25,309.5,300.85,301.9,8655871
2019-05-08,300.0,303.4,298.65,300.65,7876031
2019-05-09,299.4,301.3,296.35,299.85,10223616
2019-05-10,300.0,300.45,296.9,297.75,6904657
2019-05-13,295.1,303.5,287.7,289.3,35880558
2019-05-14,291.0,298.25,288.85,294.35,21145245
2019-05-15,297.55,299.3,292.0,297.05,17894032
2019-05-16,297.0,297.0,293.25,294.75,7354375
2019-05-17,295.1,302.35,295.1,301.4,11194900
2019-05-20,306.85,307.55,302.1,307.0,11013451
2019-05-21,307.0,310.0,305.3,305.9,10518883
2019-05-22,302.15,302.8,296.8,299.75,13737694
2019-05-23,305.0,305.6,287.0,288.2,31380501
2019-05-24,291.5,291.65,287.3,290.45,10879657
2019-05-27,291.25,293.55,289.05,290.85,9024193
2019-05-28,291.8,292.0,288.1,288.9,15598601
2019-05-29,288.8,291.7,287.6,288.1,7255516
2019-05-30,289.0,291.05,288.3,288.65,8656311
2019-05-31,289.35,291.5,277.45,278.55,26281811
2019-06-03,281.4,281.5,275.3,278.55,19569620
2019-06-04,279.25,282.15,278.8,279.25,13850737
2019-06-06,280.4,280.4,275.3,275.75,10660963
2019-06-07,276.8,276.8,274.2,275.25,7699206
2019-06-10,278.3,280.55,276.9,279.4,8615348
2019-06-11,280.9,281.4,279.2,279.85,8461371
2019-06-12,281.4,281.4,278.25,279.95,8247867
2019-06-13,278.9,281.35,278.55,280.6,7198584
2019-06-14,280.5,280.5,277.15,278.05,7908039
2019-06-17,278.85,278.85,274.45,275.0,10013278
2019-06-18,276.15,277.85,274.0,275.1,13845733
2019-06-19,275.7,278.9,275.6,277.2,9046515
2019-06-20,277.0,277.95,275.35,277.0,10566110
2019-06-21,276.65,276.65,273.25,274.25,18595809
2019-06-24,274.25,277.5,274.25,276.25,8935066
2019-06-25,275.05,280.0,274.25,278.5,12379897
2019-06-26,278.45,278.7,276.35,277.4,7421269
2019-06-27,277.95,278.2,272.8,273.5,23308215
2019-06-28,274.1,275.45,272.5,273.85,8449727
2019-07-01,274.4,276.25,274.15,274.95,5042447
2019-07-02,275.35,275.65,273.2,273.85,9976439
2019-07-03,274.3,277.55,272.15,276.7,18120809
2019-07-04,277.45,278.25,275.2,277.65,9697597
2019-07-05,277.65,281.85,268.0,279.45,37047327
2019-07-08,280.15,282.9,275.8,277.45,12169249
2019-07-09,276.95,277.55,272.15,273.1,7706490
2019-07-10,273.55,275.25,270.75,273.15,8162744
2019-07-11,274.0,276.9,273.6,275.65,8403695
2019-07-12,275.4,276.45,273.1,275.05,10468936
2019-07-15,275.0,275.6,270.55,270.95,8536705
2019-07-16,271.0,272.75,270.6,271.95,6357525
2019-07-17,272.45,273.15,270.7,272.9,6294203
2019-07-18,272.95,275.1,272.3,273.0,9096757
2019-07-19,274.1,274.25,268.0,268.3,7986847
2019-07-22,268.0,268.2,264.0,264.4,13516960
2019-07-23,265.5,271.7,265.0,270.65,14396986
2019-07-24,270.3,273.35,267.9,270.85,12072603
2019-07-25,271.0,272.5,266.9,267.85,17669912
2019-07-26,268.75,271.0,266.9,270.4,4788040
2019-07-29,270.0,271.15,266.5,267.75,5525308
2019-07-30,268.0,270.1,266.55,268.9,13233351
2019-07-31,268.6,271.1,266.0,270.2,13649764
2019-08-01,270.45,270.7,266.5,267.55,5925611
2019-08-02,267.2,267.2,263.1,264.5,8890911
2019-08-05,264.4,264.5,257.65,259.8,11556743
2019-08-06,258.75,261.5,258.15,258.9,9408544
2019-08-07,259.05,259.35,253.1,253.65,8489812
2019-08-08,255.0,258.7,253.0,257.75,6370866
2019-08-09,258.85,258.85,253.5,254.2,9927337
2019-08-13,253.8,254.0,244.0,246.3,20992894
2019-08-14,246.3,253.6,244.05,248.75,13809031
2019-08-16,248.75,253.4,247.4,253.0,10337358
2019-08-19,253.5,257.3,250.95,251.55,12524627
2019-08-20,251.6,251.95,245.45,246.5,15000271
2019-08-21,246.7,246.9,240.85,241.45,14736226
2019-08-22,242.2,246.0,239.0,240.05,10513066
2019-08-23,239.0,239.45,234.65,236.1,16440329
2019-08-26,240.7,243.45,234.95,242.5,12857092
2019-08-27,243.95,246.3,242.7,245.5,14529777
2019-08-28,246.15,247.65,243.1,245.95,8894489
2019-08-29,243.95,245.45,240.15,241.2,11105245
2019-08-30,242.75,247.2,239.05,245.65,11772247
2019-09-03,244.45,244.45,240.65,241.55,9546229
2019-09-04,241.6,244.55,241.3,243.25,7032392
2019-09-05,242.0,246.9,242.0,244.25,8451611
2019-09-06,244.3,245.85,243.25,243.9,8704669
2019-09-09,244.65,246.5,243.2,245.5,9085228
2019-09-11,244.6,245.45,243.0,243.75,8968683
2019-09-12,244.3,245.0,240.0,240.75,8083759
2019-09-13,241.0,242.45,238.6,239.9,14031943
2019-09-16,239.5,240.85,238.3,239.4,7084644
2019-09-17,239.8,240.1,236.8,237.2,10672279
2019-09-18,237.7,242.3,234.05,239.25,19956339
2019-09-19,239.95,239.95,236.1,236.7,8483309
2019-09-20,237.0,248.5,234.3,238.05,63568127
2019-09-23,250.0,260.5,249.9,254.85,52040316
2019-09-24,255.0,258.0,253.8,256.0,17167257
2019-09-25,255.1,256.25,242.7,247.55,20597095
2019-09-26,247.3,251.4,246.25,250.4,17847616
2019-09-27,250.0,258.0,250.0,252.95,17535666
2019-09-30,254.75,260.8,249.4,259.85,20588289
2019-10-01,259.1,262.45,255.0,255.9,15440899
2019-10-03,257.7,262.15,256.05,261.65,12356337
2019-10-04,263.0,263.9,255.2,257.25,18085064
2019-10-07,257.5,258.0,250.7,251.9,21263568
2019-10-09,251.3,252.2,246.3,247.1,21503869
2019-10-10,247.0,247.65,242.65,243.2,24294966
2019-10-11,243.2,246.2,241.1,243.95,25072193
2019-10-14,245.45,246.4,243.0,244.1,14713799
2019-10-15,245.05,249.2,245.05,247.6,9989191
2019-10-16,247.4,247.6,242.15,243.65,16063295
2019-10-17,244.0,246.7,243.85,245.85,13649598
2019-10-18,246.0,247.8,245.1,246.5,12833554
2019-10-22,245.0,251.1,244.95,248.9,18275636
2019-10-23,250.4,251.95,249.05,251.05,12831461
2019-10-24,252.6,254.0,247.95,249.05,16791340
2019-10-25,256.9,257.2,247.0,247.7,32591192
2019-10-29,250.95,255.1,249.55,253.25,11937562
2019-10-30,256.0,264.0,254.3,259.4,34291157
2019-10-31,260.0,262.85,256.2,257.65,16654994
2019-11-01,259.35,263.0,258.75,261.3,12571588
2019-11-04,262.95,264.95,260.05,260.75,7895272
2019-11-05,261.0,264.0,258.6,262.9,10278362
2019-11-06,262.95,263.8,260.0,261.35,8857419
2019-11-07,262.9,266.3,262.0,265.85,14782434
2019-11-08,264.85,265.45,260.0,260.5,11899353
2019-11-11,260.6,262.35,258.8,259.45,7245151
2019-11-13,258.9,259.25,253.15,253.85,10269356
2019-11-14,254.1,255.9,253.25,253.9,8880734
2019-11-15,254.25,255.75,250.0,250.65,16741465
2019-11-18,251.45,252.25,248.75,250.75,7864919
2019-11-19,251.75,251.8,248.8,249.3,12152981
2019-11-20,249.3,251.3,246.7,250.7,9978073
2019-11-21,251.4,251.4,245.05,245.7,10393219
2019-11-22,247.15,252.65,246.65,247.65,16370384
2019-11-25,247.75,248.4,246.25,247.75,10586688
2019-11-26,248.65,250.4,247.7,249.15,19778030
2019-11-27,249.75,250.05,246.6,246.95,8841620
2019-11-28,247.3,247.95,245.65,246.7,10992718
2019-11-29,246.75,247.4,245.0,246.4,9807979
2019-12-02,246.0,246.9,244.55,244.95,9972664
2019-12-03,244.95,245.8,242.65,244.05,8129241
2019-12-04,243.5,244.05,242.0,243.15,11946661
2019-12-05,243.15,247.5,243.1,246.95,11265857
2019-12-06,247.0,247.15,242.5,243.35,10374270
2019-12-09,243.0,243.3,241.0,241.45,6722758
2019-12-10,241.6,241.7,235.0,235.6,15380232
2019-12-11,235.6,238.8,235.6,237.6,13799825
2019-12-12,238.05,240.2,237.6,238.55,10307052
2019-12-13,240.0,242.5,239.2,241.6,8205457
2019-12-16,243.0,243.4,236.35,236.9,12014269
2019-12-17,237.5,241.7,237.5,241.05,15921196
2019-12-18,240.6,247.35,239.75,245.15,17134732
2019-12-19,246.05,247.9,243.25,244.35,9339714
2019-12-20,244.35,245.1,240.15,241.15,13958336
2019-12-23,242.0,242.8,238.65,238.9,19082124
2019-12-24,239.0,240.2,238.2,238.75,7896150
2019-12-26,238.9,239.4,236.35,236.8,14460325
2019-12-27,237.5,238.45,236.45,236.9,8712539
2019-12-30,238.0,240.9,237.5,238.2,13173134
2019-12-31,238.55,238.95,237.4,237.7,7142051
2020-01-01,238.6,238.6,237.1,238.1,4208837
2020-01-02,238.2,240.95,238.1,239.85,8402979
2020-01-03,241.0,241.0,238.0,238.5,9284478
2020-01-06,237.5,238.3,235.0,235.1,7636617
2020-01-07,236.05,237.9,234.6,235.35,8416741
2020-01-08,234.0,235.8,233.25,234.2,7043211
2020-01-09,235.6,236.6,235.05,235.8,9452653
2020-01-10,237.6,238.75,236.8,238.0,9973746
2020-01-13,238.5,240.5,238.25,239.25,12243639
2020-01-14,240.25,243.8,238.3,243.25,11843444
2020-01-15,242.55,243.0,241.1,242.4,5476729
2020-01-16,242.5,243.9,240.1,240.75,9369668
2020-01-17,240.75,242.1,239.4,239.95,7392403
2020-01-20,240.05,243.25,240.05,241.9,8020816
2020-01-21,241.45,241.45,238.0,238.45,9571070
2020-01-22,239.6,239.6,237.1,238.05,7654918
2020-01-23,238.1,238.75,236.9,237.9,6120434
2020-01-24,237.4,239.1,237.0,238.15,6801874
2020-01-27,237.0,237.4,234.3,234.6,6837613
2020-01-28,234.75,235.9,230.5,230.75,14582907
2020-01-29,231.5,237.65,231.15,236.65,20469708
2020-01-30,236.95,237.0,233.0,234.05,10394149
2020-01-31,235.75,238.4,234.05,235.15,18455880
2020-02-03,215.0,216.9,205.0,207.6,79764370
2020-02-04,210.8,217.6,209.15,215.65,35767812
2020-02-05,216.3,217.5,211.5,216.45,21253607
2020-02-06,218.0,219.9,211.8,213.55,27388582
2020-02-07,213.8,215.7,212.75,213.4,17133407
2020-02-10,214.0,214.05,210.05,210.55,9617387
2020-02-11,216.5,216.95,211.8,212.6,29803784
2020-02-12,213.4,214.8,211.8,213.05,9928416
2020-02-13,213.05,213.45,211.2,211.9,9153131
2020-02-14,212.25,212.9,206.8,207.7,13731692
2020-02-17,208.0,208.65,204.0,204.8,15561953
2020-02-18,204.55,204.6,200.5,203.85,20934864
2020-02-19,205.25,207.15,203.85,206.7,9054560
2020-02-20,207.0,208.55,205.45,207.45,15592846
2020-02-24,207.0,207.45,201.8,203.0,16594046
2020-02-25,203.8,205.4,201.5,201.8,15313516
2020-02-26,200.65,201.95,196.3,198.6,17869240
2020-02-27,198.4,199.15,195.9,197.55,17271066
2020-02-28,195.0,199.9,192.05,197.55,32628444
2020-03-02,199.5,203.45,193.65,195.3,18560049
2020-03-03,197.0,197.45,192.55,193.85,17947416
2020-03-04,194.95,195.55,186.55,187.5,27664076
2020-03-05,187.55,191.2,186.55,188.05,20025924
2020-03-06,184.85,184.85,179.75,181.75,26764504
2020-03-09,179.0,179.0,174.5,177.2,21795899
2020-03-11,174.0,176.75,172.35,175.65,27957737
2020-03-12,169.0,169.15,150.55,155.8,52040944
2020-03-13,150.0,164.0,134.6,162.25,61592332
2020-03-16,158.0,158.1,145.25,147.25,33255085
2020-03-17,148.0,155.8,146.05,149.15,47658462
2020-03-18,152.1,154.65,147.35,150.7,50248786
2020-03-19,150.7,163.55,144.75,161.85,89753683
2020-03-20,165.1,176.5,165.1,175.5,61997991
2020-03-23,158.0,162.0,149.2,154.3,51354135
2020-03-24,162.95,163.7,147.4,149.7,52569242
2020-03-25,151.0,152.0,139.0,147.35,62506221
2020-03-26,150.0,159.4,143.25,156.4,58443502
2020-03-27,162.0,166.0,155.0,163.2,32636891
2020-03-30,156.05,164.9,156.05,159.2,28120394
2020-03-31,164.0,173.85,161.55,171.7,42630922
2020-04-01,171.7,172.75,164.55,166.4,18142049
2020-04-03,167.9,182.75,167.0,177.9,62868085
2020-04-07,185.7,185.7,173.65,181.55,36119016
2020-04-08,180.85,184.0,176.65,178.65,37561322
2020-04-09,184.0,186.25,180.0,185.25,42643743
2020-04-13,184.5,186.65,181.05,181.6,17744825
2020-04-15,184.05,193.75,182.7,189.35,49092959
2020-04-16,189.65,191.2,185.45,186.35,27082646
2020-04-17,190.45,191.4,186.95,188.1,26669272
2020-04-20,189.95,189.95,179.5,180.7,35767070
2020-04-21,178.0,184.3,176.05,179.6,23334550
2020-04-22,179.0,183.55,176.0,182.25,25164099
2020-04-23,182.95,184.0,179.65,180.55,32968241
2020-04-24,181.0,182.8,179.3,180.05,18050148
2020-04-27,180.25,182.3,179.3,179.85,13086773
2020-04-28,180.0,180.8,178.05,179.45,17802711
2020-04-29,180.5,182.9,179.65,182.15,21461158
2020-04-30,184.9,184.9,180.45,182.05,30169126
2020-05-04,181.75,181.75,170.65,174.05,30298058
2020-05-05,175.0,177.45,172.0,173.9,17709577
2020-05-06,171.4,171.4,160.5,163.9,65586753
2020-05-07,164.0,165.85,160.5,161.0,24249898
2020-05-08,163.95,164.15,157.1,158.25,25307551
2020-05-11,160.0,163.5,158.0,158.45,18095693
2020-05-12,158.45,165.9,157.5,165.05,21387983
2020-05-13,173.4,173.6,164.5,165.4,20018552
2020-05-14,164.5,168.25,161.95,163.8,14949993
2020-05-15,162.2,165.5,161.15,164.65,14950688
2020-05-18,166.0,167.3,163.15,164.75,20802365
2020-05-19,166.5,171.65,165.1,170.75,20142194
2020-05-20,171.95,177.0,171.0,175.75,25320952
2020-05-21,175.6,190.45,172.65,188.95,58382988
2020-05-22,188.0,191.9,184.6,186.35,39013806
2020-05-26,190.0,194.95,187.8,191.7,53235758
2020-05-27,192.5,193.9,186.9,192.15,24546312
2020-05-28,192.3,192.9,189.0,190.65,24579385
2020-05-29,190.45,198.0,189.0,197.35,35836696
2020-06-01,201.0,205.25,199.0,200.55,28509025
2020-06-02,201.9,201.9,196.7,197.25,22631743
2020-06-03,200.0,200.9,195.6,196.7,18979339
2020-06-04,197.75,202.5,195.0,200.15,21999875
2020-06-05,201.8,202.0,198.65,200.0,14632889
2020-06-08,202.9,203.65,197.0,197.65,19555380
2020-06-09,198.25,206.2,197.65,198.5,39914936
2020-06-10,199.45,203.15,198.3,199.05,27204677
2020-06-11,200.0,201.25,193.6,194.25,19847762
2020-06-12,188.95,195.2,187.85,193.9,22562987
2020-06-15,193.9,193.95,186.3,187.2,24463651
2020-06-16,190.8,190.95,181.9,185.0,27637395
2020-06-17,184.0,185.0,180.7,181.2,24028372
2020-06-18,181.2,187.5,180.7,186.6,28887658
2020-06-19,187.1,187.95,183.6,184.05,30531484
2020-06-22,186.5,187.5,183.15,185.0,31396392
2020-06-23,185.4,187.5,184.75,185.85,26547403
2020-06-24,187.4,194.7,186.15,191.85,54653037
2020-06-25,192.25,203.5,191.65,202.1,75575878
2020-06-26,206.0,209.4,193.3,195.2,71957460
2020-06-29,202.5,203.0,196.2,197.25,91504651
2020-06-30,199.4,199.4,194.0,194.65,41216021
2020-07-01,194.65,203.85,194.65,202.9,44298379
2020-07-02,204.45,206.75,202.55,205.85,39321517
2020-07-03,208.0,208.5,206.0,207.55,37896333
2020-07-06,200.35,201.95,198.95,199.8,34710608
2020-07-07,200.0,200.5,194.0,194.25,31282844
2020-07-08,194.25,197.95,194.25,196.3,21276389
2020-07-09,196.9,197.0,194.15,195.45,18769881
2020-07-10,195.15,196.5,194.0,194.35,16192017
2020-07-14,197.4,199.5,192.75,195.9,18476313
2020-07-15,196.35,200.0,194.5,198.7,23777901
2020-07-16,198.7,198.85,192.0,193.85,22144753
2020-07-17,193.3,195.4,193.0,194.05,14882855
2020-07-20,195.0,195.35,192.35,192.7,18918931
2020-07-21,192.1,194.2,191.5,192.25,28010738
2020-07-22,193.0,197.9,192.5,196.55,32572721
2020-07-23,197.65,201.5,196.8,200.7,31488140
2020-07-24,201.0,201.7,197.3,199.6,60185503
2020-07-27,200.5,200.5,195.15,196.4,22645709
2020-07-28,197.0,198.65,195.05,195.4,19287262
2020-07-29,193.45,198.2,193.4,196.7,14831635
2020-07-30,198.4,198.4,192.5,193.35,16315232
2020-07-31,193.5,196.95,193.5,194.15,16653836
2020-08-03,194.0,194.0,191.9,192.6,13265435
2020-08-04,192.6,195.8,192.6,193.65,17189317
2020-08-05,194.5,194.6,191.7,192.8,48768468
2020-08-06,194.2,195.6,193.1,195.35,17886231
2020-08-07,195.5,197.0,194.15,196.05,20913956
2020-08-10,196.4,199.65,196.4,198.85,16474715
2020-08-11,200.0,207.7,200.0,203.05,55143098
2020-08-12,202.5,204.9,200.4,204.2,21287300
2020-08-13,203.5,204.2,197.1,201.45,22698994
2020-08-14,201.6,203.35,195.5,196.4,28752399
2020-08-17,198.05,199.5,196.85,198.75,11741074
2020-08-18,199.9,199.9,197.25,198.55,12488479
2020-08-19,198.6,201.7,198.1,198.45,15474846
2020-08-20,197.0,197.2,194.55,195.8,16910657
2020-08-21,198.0,199.2,196.3,196.8,17234086
2020-08-24,197.25,199.0,196.35,196.7,14737758
2020-08-25,197.25,198.3,195.1,195.4,15199285
2020-08-26,196.5,196.55,193.65,194.95,22631585
2020-08-27,198.5,198.9,193.9,194.25,47213462
2020-08-28,194.6,196.3,194.05,195.55,34645794
2020-08-31,199.0,199.0,190.0,191.1,96998374
2020-09-01,191.1,192.35,188.25,190.2,39779316
2020-09-02,191.3,193.0,189.65,191.35,20585664
2020-09-03,191.4,193.25,190.0,191.6,15692484
2020-09-04,190.0,190.0,185.7,186.7,41389121
2020-09-07,187.25,190.5,180.8,189.1,32663990
2020-09-08,189.6,190.55,184.6,188.15,25591395
2020-09-09,185.5,186.25,182.3,183.8,27830197
2020-09-10,184.1,185.7,183.2,184.9,17785076
2020-09-11,184.9,186.5,182.75,183.95,19256801
2020-09-14,185.8,185.85,183.0,183.35,30993032
2020-09-15,184.0,184.2,180.8,181.8,30772104
2020-09-16,181.85,183.5,180.05,180.65,50645681
2020-09-17,180.8,181.5,177.8,178.6,33936149
2020-09-18,179.55,179.85,177.0,179.1,29783208
2020-09-21,180.0,180.6,175.05,175.75,23892510
2020-09-22,175.75,176.75,173.75,174.2,18532637
2020-09-23,174.95,177.55,171.7,172.5,61785758
2020-09-24,171.7,171.75,166.15,166.55,31486886
2020-09-25,168.9,171.2,167.0,170.75,26627778
2020-09-28,171.0,174.8,170.5,173.3,23194739
2020-09-29,174.75,174.75,169.0,169.4,25617617
2020-09-30,170.0,172.1,168.7,171.7,18482053
2020-10-01,174.5,174.6,170.1,170.85,19758300
2020-10-05,171.1,172.8,168.75,169.25,24301177
2020-10-06,169.5,171.6,168.1,169.9,21886300
2020-10-07,170.0,170.9,169.0,169.5,16286695
2020-10-08,170.1,170.4,166.9,167.15,25503975
2020-10-09,167.5,168.9,166.35,167.85,22373477
2020-10-12,170.5,175.2,170.0,172.2,66250654
2020-10-13,172.85,174.85,169.5,170.15,35685353
2020-10-14,170.55,171.0,167.05,167.8,38219096
2020-10-15,167.7,167.8,164.55,165.05,27116959
2020-10-16,165.5,166.8,163.8,165.7,20227113
2020-10-19,166.8,168.9,166.15,168.25,19016841
2020-10-20,168.0,168.3,166.7,167.45,16149041
2020-10-21,168.15,168.9,166.6,167.65,16479194
2020-10-22,167.55,169.1,167.0,168.55,22044453
2020-10-23,168.95,171.0,167.75,170.75,20147370
2020-10-26,171.5,171.6,168.25,168.55,16081502
2020-10-27,168.5,169.3,166.75,167.2,45885935
2020-10-28,168.5,168.5,165.0,165.5,16820839
2020-10-29,165.0,165.95,163.45,163.85,21008755
2020-10-30,164.0,166.8,163.35,165.25,16347510
2020-11-02,166.8,167.2,164.45,166.75,14370649
2020-11-03,167.2,170.75,167.1,170.1,22602903
2020-11-04,170.05,171.8,168.2,169.8,18808819
2020-11-05,171.25,175.0,170.2,174.75,26997641
2020-11-06,176.5,177.2,173.4,173.95,34252005
2020-11-09,173.95,177.3,171.85,172.8,35286484
2020-11-10,175.0,179.55,171.85,178.35,57459436
2020-11-11,179.6,185.9,178.6,185.3,63318644
2020-11-12,185.2,188.75,183.85,188.0,46367792
2020-11-13,187.2,188.8,185.55,187.1,28198725
2020-11-17,189.0,189.4,186.4,187.35,20950589
2020-11-18,186.8,188.45,182.75,184.05,26595992
2020-11-19,182.8,191.8,182.7,187.9,48984610
2020-11-20,188.8,192.0,186.05,191.7,45307312
2020-11-23,192.0,192.5,188.65,190.85,23180456
2020-11-24,190.6,196.45,190.6,195.55,45411815
2020-11-25,196.0,197.95,192.5,193.85,41659179
2020-11-26,195.1,195.85,192.55,194.8,24222956
2020-11-27,194.45,195.75,193.2,193.65,31385396
2020-12-01,195.0,196.35,192.4,194.4,15893346
2020-12-02,195.0,198.75,193.55,195.95,28425948
2020-12-03,197.2,197.2,194.55,196.2,28009042
2020-12-04,196.85,199.35,196.5,198.2,22152332
2020-12-07,198.2,203.75,197.6,203.15,35693450
2020-12-08,203.9,204.7,199.55,202.45,30853963
2020-12-09,205.0,207.8,204.65,205.4,39684395
2020-12-10,206.65,213.65,203.15,212.7,65227495
2020-12-11,214.45,217.95,213.35,216.3,60322445
2020-12-14,217.95,218.6,215.0,215.9,26990063
2020-12-15,215.25,216.4,211.6,213.55,23255609
2020-12-16,213.75,215.55,213.5,214.0,19551630
2020-12-17,214.2,215.1,211.25,213.05,22386185
2020-12-18,213.1,215.95,209.75,214.5,23775053
2020-12-21,214.5,214.7,199.15,202.95,41834797
2020-12-22,203.1,206.25,196.9,203.4,40986353
2020-12-23,203.0,208.25,202.0,207.75,23695667
2020-12-24,210.0,210.65,205.6,208.6,22768284
2020-12-28,209.0,210.2,207.85,209.5,15741000
2020-12-29,210.5,213.5,210.1,211.55,26546469
2020-12-30,212.7,213.5,209.55,211.15,18925262
2020-12-31,210.55,211.3,208.55,209.0,18245270
2021-01-01,209.9,214.2,209.3,213.85,19527333
2021-01-04,214.0,216.0,212.1,213.4,26891799
2021-01-05,212.45,213.25,210.6,211.45,18024083
2021-01-06,211.45,211.5,204.5,205.4,49067837
2021-01-07,206.1,207.6,202.1,202.8,34952401
2021-01-08,204.35,206.0,200.25,201.5,56427360
2021-01-11,204.0,206.1,201.25,202.5,42970983
2021-01-12,203.0,206.9,201.6,206.45,35617404
2021-01-13,207.45,213.0,205.25,211.25,63925996
2021-01-14,212.0,216.5,211.6,214.15,48304263
2021-01-15,214.9,218.5,211.2,217.85,58321158
2021-01-18,218.4,222.0,214.6,219.75,67607822
2021-01-19,221.0,221.7,217.5,218.85,31785089
2021-01-20,218.5,219.0,215.7,217.65,44672447
2021-01-21,219.0,219.5,212.2,213.7,28999164
2021-01-22,214.0,214.75,209.15,210.7,24712182
2021-01-25,212.0,212.5,206.85,207.8,24967899
2021-01-27,208.0,212.65,207.1,210.65,48471357
2021-01-28,209.25,211.0,205.75,206.6,22131983
2021-01-29,208.55,208.8,202.35,203.25,23764654
2021-02-01,204.0,217.95,201.8,215.95,57744414
2021-02-02,220.0,223.5,217.0,218.2,48457781
2021-02-03,221.5,222.0,215.7,216.75,53643263
2021-02-04,216.1,231.4,216.0,229.95,105818897
2021-02-05,232.15,238.85,227.25,234.35,125490301
2021-02-08,237.5,238.05,231.5,233.1,41495834
2021-02-09,234.6,239.2,228.2,229.0,70655961
2021-02-10,229.0,231.1,223.1,227.55,47283127
2021-02-11,229.0,229.3,224.5,226.45,43631374
2021-02-12,225.75,225.75,215.8,217.45,110568108
2021-02-15,218.45,221.0,217.5,218.6,31776555
2021-02-16,219.05,221.8,217.25,218.25,29148891
2021-02-17,217.6,218.4,216.55,217.75,19850516
2021-02-18,218.2,220.6,217.9,218.85,24070563
2021-02-19,218.85,218.9,214.0,215.95,28125203
2021-02-22,212.0,212.0,206.0,207.05,51546288
2021-02-23,208.0,210.55,207.0,208.5,26675953
2021-02-24,209.1,209.8,206.5,208.85,13160617
2021-02-25,209.5,211.2,208.8,209.15,25954142
2021-02-26,207.25,208.0,203.0,203.85,43429293
2021-03-01,205.45,207.75,204.05,206.9,16225536
2021-03-02,207.0,210.8,206.5,209.9,25604169
2021-03-03,212.0,212.0,208.8,209.95,20846117
2021-03-04,208.8,211.3,207.6,209.7,24899212
2021-03-05,208.0,210.0,207.2,208.55,17323590
2021-03-08,209.7,210.8,207.7,208.0,22988740
2021-03-09,208.7,209.75,204.75,207.8,22593086
2021-03-10,209.1,209.2,205.8,206.5,19603214
2021-03-12,208.0,208.0,203.5,205.2,30787960
2021-03-15,205.85,206.0,201.6,205.45,41115906
2021-03-16,206.4,208.9,204.95,207.85,48763187
2021-03-17,212.2,213.9,208.55,210.6,78578698
2021-03-18,213.0,219.1,211.9,217.65,91993104
2021-03-19,219.0,226.15,215.55,222.95,134184994
2021-03-22,223.3,226.4,221.5,226.0,46050245
2021-03-23,225.0,228.1,221.3,222.2,41564683
2021-03-24,221.0,222.8,215.25,215.95,27609243
2021-03-25,215.15,215.95,209.05,211.6,40681282
2021-03-26,214.25,214.45,210.35,210.9,26079435
2021-03-30,213.25,215.0,210.4,214.55,27792437
2021-03-31,214.05,219.3,212.7,218.5,36485322
2021-04-01,220.0,220.6,217.3,220.05,29062762
2021-04-05,217.6,220.0,210.5,212.55,31378045
2021-04-06,213.8,214.95,210.15,212.65,25674227
2021-04-07,212.7,215.2,212.45,213.8,15204883
2021-04-08,214.85,216.1,212.85,213.25,14116874
2021-04-09,213.75,215.95,212.55,213.1,16364247
2021-04-12,210.0,211.0,205.0,205.3,34511670
2021-04-13,207.0,209.7,206.0,208.7,20247639
2021-04-15,209.0,210.45,206.0,206.7,17530742
2021-04-16,208.0,209.25,206.5,207.95,13311926
2021-04-19,205.0,206.1,203.75,205.6,15792299
2021-04-20,206.2,207.0,202.5,203.55,21364882
2021-04-22,202.0,206.3,200.55,205.9,23139735
2021-04-23,204.25,207.0,204.25,205.35,19625381
2021-04-26,205.8,206.75,204.7,205.3,19886214
2021-04-27,205.3,206.95,205.05,205.4,11444814
2021-04-28,206.0,206.5,205.3,205.5,12708021
2021-04-29,207.1,207.55,204.05,204.3,13096755
2021-04-30,203.9,205.7,202.0,202.6,16495657
2021-05-03,201.2,201.85,200.0,200.95,20611626
2021-05-04,201.2,202.35,199.1,199.6,18259282
2021-05-05,201.45,202.0,199.5,201.4,13862655
2021-05-06,202.3,205.95,202.1,202.75,14320889
2021-05-07,202.95,206.45,202.95,205.35,19463495
2021-05-10,207.15,207.45,205.0,205.55,16295368
2021-05-11,203.9,206.5,203.75,204.0,13747541
2021-05-12,203.9,205.25,202.85,203.25,16537612
2021-05-14,205.0,213.2,204.0,212.25,61647120
2021-05-17,216.8,217.0,211.65,212.6,38001828
2021-05-18,214.1,214.6,209.65,210.05,30479551
2021-05-19,210.05,211.4,207.55,207.75,24405319
2021-05-20,208.45,209.3,206.8,207.0,20884367
2021-05-21,207.6,209.85,207.4,209.05,22638020
2021-05-24,209.5,212.05,207.75,211.5,28865798
2021-05-25,213.0,213.4,210.25,210.9,25334878
2021-05-26,211.8,212.45,210.3,210.6,17576137
2021-05-27,211.0,214.15,210.3,211.15,47554219
2021-05-28,212.5,213.5,211.55,212.9,25597550
2021-05-31,215.0,217.9,214.4,216.6,73039531
2021-06-01,218.0,219.4,214.25,215.25,38755111
2021-06-02,210.5,212.45,208.6,209.0,96654991
2021-06-03,210.75,210.75,208.7,209.05,46657520
2021-06-04,209.5,209.7,208.0,208.75,30126021
2021-06-07,210.4,212.4,210.2,211.45,31433280
2021-06-08,212.2,214.25,211.2,213.65,21261361
2021-06-09,214.0,214.75,211.5,212.5,24887924
2021-06-10,208.7,211.4,207.5,209.3,30719587
2021-06-11,210.3,210.45,207.75,207.9,21424291
2021-06-14,207.95,208.45,205.2,207.3,17677889
2021-06-15,207.55,208.4,207.0,207.05,14854294
2021-06-16,207.05,209.35,207.05,207.85,20104244
2021-06-17,206.95,208.0,205.0,205.65,21476893
2021-06-18,206.0,206.45,202.5,204.55,23567549
2021-06-21,203.1,206.0,202.4,204.45,19074685
2021-06-22,206.1,206.25,204.35,205.1,18042675
2021-06-23,205.65,205.85,203.6,203.95,12575210
2021-06-24,204.45,204.65,202.55,203.25,22435272
2021-06-28,205.9,205.9,203.35,203.6,14627153
2021-06-29,203.6,205.3,203.15,203.3,13326068
2021-06-30,204.3,204.4,202.55,202.7,15942408
2021-07-01,202.9,203.8,202.15,203.0,10191296
2021-07-02,203.3,203.7,202.25,202.4,12698779
2021-07-05,203.0,204.1,202.7,203.65,10248249
2021-07-06,203.25,203.8,202.25,202.5,11088659
2021-07-07,202.5,205.2,202.3,203.75,17879443
2021-07-08,203.5,204.5,201.8,202.0,20925008
2021-07-09,202.0,202.35,200.9,201.35,11834045
2021-07-12,202.0,202.55,200.95,201.1,13085323
2021-07-13,202.0,202.2,201.35,201.85,10830411
2021-07-14,201.85,205.15,201.7,204.1,20480406
2021-07-15,204.4,208.5,202.9,206.25,28852257
2021-07-16,207.7,209.65,207.2,207.9,29019824
2021-07-19,206.8,209.5,206.35,207.75,16464973
2021-07-20,208.2,209.3,206.4,206.8,23656813
2021-07-22,207.0,208.25,205.85,207.0,18311537
2021-07-23,207.0,213.6,206.5,212.4,44526781
2021-07-26,214.0,215.35,210.8,211.15,47263771
2021-07-27,212.0,213.0,207.95,208.65,24436949
2021-07-28,208.3,210.0,207.45,209.1,14736840
2021-07-29,209.1,210.2,205.65,206.05,15603733
2021-07-30,206.1,207.1,204.6,204.95,14940336
2021-08-02,206.45,207.5,205.45,207.3,9674128
2021-08-03,207.5,210.9,206.45,209.9,18468527
2021-08-04,210.9,211.1,208.1,208.6,10998260
2021-08-05,208.6,216.75,206.9,215.25,47178466
2021-08-06,215.4,216.0,212.6,214.25,23581637
2021-08-09,215.0,217.15,212.7,213.8,20358146
2021-08-10,214.0,214.45,208.55,209.85,18155926
2021-08-11,209.85,210.6,207.45,208.65,15418634
2021-08-12,210.25,214.2,208.35,208.9,27692208
2021-08-13,209.85,212.3,209.2,211.45,18850939
2021-08-16,211.4,213.25,210.5,210.9,11190075
2021-08-17,210.8,211.5,208.8,209.2,7858486
2021-08-18,209.6,211.5,208.35,208.95,10735658
2021-08-20,207.0,210.7,206.7,208.9,19421004
2021-08-23,209.5,210.2,206.0,206.3,9936365
2021-08-24,207.0,207.0,204.7,205.75,12490094
2021-08-25,206.4,207.9,206.0,206.4,10586894
2021-08-26,206.4,206.85,204.35,204.6,14836173
2021-08-27,205.0,206.85,204.9,205.9,10476384
2021-08-30,206.0,208.2,206.0,208.0,12084844
2021-08-31,208.05,211.6,207.25,211.3,25808430
2021-09-01,211.0,212.3,209.3,209.5,16241960
2021-09-02,209.0,211.5,209.0,209.75,14321164
2021-09-03,209.75,211.25,209.75,210.6,10228853
2021-09-06,211.0,211.2,209.05,209.3,10632156
2021-09-07,210.9,214.35,210.15,211.75,37489544
2021-09-08,212.25,213.0,209.7,211.25,17233315
2021-09-09,211.05,213.9,210.55,212.65,19051252
2021-09-13,213.35,215.15,211.8,214.15,16043896
2021-09-14,214.9,217.25,214.2,216.1,19621849
2021-09-15,217.1,217.2,215.3,216.0,20248758
2021-09-16,216.95,233.65,216.3,230.75,149238901
2021-09-17,233.0,237.3,229.1,231.15,79501805
2021-09-20,231.0,239.35,230.25,233.75,70390969
2021-09-21,234.95,242.45,231.7,241.5,56671832
2021-09-22,243.5,245.8,240.7,243.5,52621868
2021-09-23,245.0,245.6,241.7,242.5,21791090
2021-09-24,244.0,244.0,237.7,238.45,24823291
2021-09-27,239.8,241.85,235.5,238.7,22890540
2021-09-29,236.0,241.4,235.7,238.1,15450046
2021-09-30,239.9,240.4,235.25,236.15,16357902
2021-10-01,235.2,237.0,232.9,235.35,15956143
2021-10-04,236.0,238.35,235.4,236.6,10686552
2021-10-05,236.4,237.45,234.5,234.7,9223597
2021-10-06,234.8,236.4,230.6,231.25,17505160
2021-10-07,233.0,234.95,232.3,232.95,10371535
2021-10-08,234.75,234.8,231.2,231.7,9739240
2021-10-12,238.6,243.0,238.0,241.3,29222028
2021-10-14,253.25,261.85,250.35,256.55,85406902
2021-10-18,261.0,265.3,257.35,262.55,60292901
2021-10-21,248.0,248.35,243.1,244.7,22518727
2021-10-25,234.1,236.65,230.5,233.4,22333919
2021-10-26,234.1,239.0,232.6,236.7,18934170
2021-10-27,240.25,241.3,236.2,238.45,25911499
2021-10-28,235.1,235.95,224.15,225.1,46282465
2021-10-29,225.0,228.25,222.3,223.2,26642108
2021-11-03,226.0,226.85,221.7,222.45,17843327
2021-11-04,224.85,227.3,224.0,226.55,7024796
2021-11-08,229.7,230.7,225.7,229.8,20270558
2021-11-09,229.85,230.9,227.85,228.75,11520817
2021-11-10,227.45,232.85,227.2,230.85,13431108
2021-11-11,230.4,231.5,228.55,230.0,8134962
2021-11-12,231.2,233.95,229.15,232.9,11855531
2021-11-15,233.95,239.0,233.1,238.1,38755267
2021-11-16,239.05,239.65,235.0,235.45,14675969
2021-11-17,236.0,245.25,235.65,239.5,46697822
2021-11-18,240.0,243.0,236.3,237.5,20226071
2021-11-22,237.9,240.75,229.55,230.9,22574227
2021-11-23,229.15,232.7,229.15,231.6,13433385
2021-11-24,232.45,232.7,226.95,227.7,14139854
2021-11-25,227.0,232.2,225.75,231.3,23904846
2021-11-26,228.9,230.05,223.1,224.0,27027022
2021-11-29,222.0,223.65,220.2,221.5,22132952
2021-11-30,222.0,225.2,220.0,221.15,23503453
2021-12-01,222.0,223.3,220.6,221.9,12995800
2021-12-02,221.9,226.15,221.3,225.45,15904846
2021-12-03,225.0,226.2,221.35,221.65,13794647
2021-12-06,221.65,222.2,217.5,217.9,13138355
2021-12-07,218.9,221.95,218.1,220.65,8903842
2021-12-08,221.0,225.65,221.0,224.95,9861847
2021-12-09,223.0,236.45,223.0,235.4,38241864
2021-12-10,236.2,238.95,233.75,236.1,35162889
2021-12-13,238.0,238.75,234.15,234.6,22054342
2021-12-14,235.0,237.1,227.55,228.6,37508445
2021-12-15,230.0,232.2,223.4,224.05,34653042
2021-12-16,226.0,226.15,220.8,222.9,24199205
2021-12-17,222.8,222.85,216.75,217.95,29683982
2021-12-21,214.0,215.45,211.05,212.5,19395604
2021-12-22,214.0,214.2,211.1,212.0,17239484
2021-12-23,213.9,218.45,213.2,217.3,22209720
2021-12-24,218.0,220.45,216.45,218.0,16581585
2021-12-27,218.4,218.45,215.65,217.55,8153106
2021-12-28,218.0,220.6,218.0,220.05,11568803
2021-12-29,220.0,220.3,216.3,216.75,11480954
2021-12-30,216.6,217.9,215.5,216.0,9741198
2021-12-31,216.9,218.8,216.15,218.05,7583815
2022-01-03,218.05,219.85,217.05,219.1,7765495
2022-01-04,219.5,221.7,219.05,220.25,9050253
2022-01-05,219.65,221.5,218.65,220.55,11230588
2022-01-06,219.0,220.4,218.2,218.7,8950589
2022-01-07,219.8,220.65,217.5,218.4,8855041
2022-01-10,219.9,224.7,218.9,223.3,15841299
2022-01-12,222.5,223.65,221.6,222.75,13158894
2022-01-13,223.9,225.8,222.75,223.95,11501088
2022-01-14,223.95,224.8,222.3,222.6,10569725
2022-01-17,222.6,225.6,221.35,224.6,12318313
2022-01-18,224.6,227.3,220.3,220.75,14394097
2022-01-19,220.75,222.4,218.7,220.35,11473796
2022-01-20,220.55,222.15,218.0,218.75,17329896
2022-01-21,218.5,220.5,216.0,217.05,16586264
2022-01-24,217.05,217.75,210.9,211.8,17354942
2022-01-25,212.0,214.7,209.55,214.3,18322935
2022-01-28,215.1,219.25,215.1,217.6,15276991
2022-01-31,218.5,220.75,217.1,220.2,15039006
2022-02-01,221.0,228.8,219.15,227.75,43207074
2022-02-02,230.0,233.3,229.0,232.15,41130638
2022-02-03,232.15,235.2,231.8,234.45,27845963
2022-02-04,237.25,238.5,231.55,234.3,56705951
2022-02-07,234.0,234.75,228.5,230.2,24171083
2022-02-08,230.3,232.3,229.05,231.25,16201280
2022-02-09,232.3,233.0,228.75,230.15,11893807
2022-02-10,228.7,233.4,227.75,232.25,19563580
2022-02-11,232.0,233.3,229.8,232.45,18096561
2022-02-14,226.0,226.0,218.5,219.45,22745228
2022-02-15,221.0,223.5,218.55,223.0,12875311
2022-02-16,223.8,224.7,221.85,222.75,11231596
2022-02-17,223.05,224.35,220.85,222.65,14024149
2022-02-18,222.65,223.45,221.5,221.9,8670947
2022-02-21,220.3,221.3,217.15,218.0,16129017
2022-02-22,215.0,216.9,213.0,214.85,25749340
2022-02-23,216.8,217.5,215.05,215.95,11014283
2022-02-25,211.5,216.5,210.55,213.95,23633656
2022-02-28,213.2,216.45,210.8,215.85,20034633
2022-03-02,214.4,216.6,212.45,215.3,19295994
2022-03-03,216.05,220.2,216.0,219.4,28532668
2022-03-04,217.7,227.4,217.0,225.5,66835736
2022-03-08,223.9,228.45,223.75,226.9,36036336
2022-03-09,227.7,231.4,226.1,229.25,42294906
2022-03-10,231.0,232.5,227.85,232.0,36132245
2022-03-11,231.9,237.1,230.15,236.35,41699184
2022-03-14,236.25,239.45,235.3,239.0,35113638
2022-03-15,239.0,241.4,235.9,237.85,32998305
2022-03-16,240.0,243.0,239.1,242.6,21629521
2022-03-17,245.25,245.4,242.7,244.9,34223740
2022-03-21,245.9,247.75,243.8,244.5,27975134
2022-03-22,244.55,250.75,243.55,249.75,36945426
2022-03-23,251.45,253.7,248.5,252.0,40491633
2022-03-24,251.95,256.5,251.45,254.85,38239419
2022-03-25,255.3,255.75,249.25,253.35,29284643
2022-03-28,254.0,258.0,252.55,257.05,24916402
2022-03-29,257.05,257.5,253.75,254.6,18122714
2022-03-30,255.1,256.4,248.65,249.2,17603827
2022-03-31,249.6,254.35,249.5,250.65,25656796
2022-04-01,250.0,255.35,248.8,253.3,14305709
2022-04-04,253.1,257.9,251.1,255.45,15907398
2022-04-05,256.05,261.85,255.1,259.45,27183142
2022-04-06,257.5,263.35,257.3,259.6,19597941
2022-04-07,258.0,262.2,255.8,256.65,16061089
2022-04-08,258.0,268.85,256.0,267.8,37826800
2022-04-11,268.75,273.15,266.0,267.5,46147653
2022-04-12,266.9,268.65,263.1,264.8,23553762
2022-04-13,265.3,270.6,263.65,269.55,21414383
2022-04-18,268.0,272.5,267.25,270.1,24399444
2022-04-19,272.0,272.5,258.8,261.55,23380138
2022-04-20,262.9,265.45,257.55,259.55,24510612
2022-04-21,259.7,264.45,259.6,260.4,23412279
2022-04-22,260.0,263.0,258.55,261.1,15671273
2022-04-25,258.8,259.0,252.5,255.25,24208645
2022-04-26,256.6,260.7,256.25,258.95,20536714
2022-04-27,256.2,258.5,255.75,257.5,16580824
2022-04-28,259.5,263.7,258.15,261.1,27924384
2022-04-29,263.0,263.0,258.5,259.55,20419904
2022-05-02,258.0,264.5,257.05,263.15,18965820
2022-05-05,262.0,265.2,260.4,262.05,17932895
2022-05-06,259.0,267.35,258.9,266.65,34490123
2022-05-09,266.15,266.15,260.55,262.95,21403710
2022-05-10,262.0,266.8,259.1,259.75,18033260
2022-05-11,259.0,262.2,251.75,255.65,17344099
2022-05-12,255.0,256.4,249.15,252.9,20044726
2022-05-13,254.95,260.85,254.5,258.6,11921627
2022-05-16,259.95,259.95,253.0,254.1,8186859
2022-05-17,255.0,265.5,254.8,264.7,17797974
2022-05-18,266.0,267.8,263.15,266.8,20200332
2022-05-19,262.6,279.25,262.6,275.65,78287713
2022-05-20,277.0,282.35,277.0,280.0,32370771
2022-05-23,280.0,280.45,273.05,274.5,21700165
2022-05-24,275.0,275.0,270.0,270.85,15547968
2022-05-25,272.95,273.9,270.5,272.7,15288648
2022-05-26,268.25,268.25,263.85,266.7,18420159
2022-05-27,269.0,270.7,265.05,269.2,13468067
2022-05-30,270.5,271.0,267.6,269.05,11819102
2022-05-31,269.05,274.5,266.4,270.65,23208345
2022-06-01,270.65,274.1,270.2,271.85,14699792
2022-06-02,270.7,274.45,267.85,273.5,14240994
2022-06-03,275.0,275.7,271.6,272.7,12487862
2022-06-06,272.4,275.8,269.7,274.8,10925182
2022-06-07,273.2,275.0,272.25,273.9,10828539
2022-06-08,273.95,274.4,266.2,267.9,14361969
2022-06-09,267.8,271.7,265.75,270.85,9860194
2022-06-10,269.05,271.0,268.75,270.15,8371061
2022-06-13,266.4,269.1,263.0,264.65,11092690
2022-06-14,263.2,267.45,263.05,265.45,7422193
2022-06-15,266.0,267.3,263.05,263.4,5059474
2022-06-16,267.0,267.9,259.5,260.7,14293357
2022-06-17,259.0,264.15,258.55,263.3,16654660
2022-06-20,263.3,266.15,261.35,264.1,17081136
2022-06-21,265.0,270.85,264.1,269.9,13883034
2022-06-22,267.0,270.3,264.9,265.3,11320918
2022-06-23,265.5,267.25,262.4,265.5,9067252
2022-06-24,266.1,268.35,265.2,265.85,7013132
2022-06-27,267.0,270.65,266.5,269.95,8172964
2022-06-28,268.9,272.25,268.55,271.85,11240154
2022-06-29,269.25,275.0,269.15,274.05,16018449
2022-06-30,273.95,274.7,272.0,273.5,19262054
2022-07-01,273.5,285.0,271.2,284.35,35165665
2022-07-04,285.65,293.3,284.8,291.9,39881736
2022-07-05,293.0,293.0,285.75,286.9,18568655
2022-07-06,286.1,290.0,285.3,289.3,18292925
2022-07-07,291.0,293.15,288.5,291.95,13794991
2022-07-08,292.9,294.45,290.4,293.05,11110418
2022-07-11,293.0,296.95,292.05,295.0,12352667
2022-07-13,293.0,294.8,292.7,294.05,9277570
2022-07-14,294.3,296.35,289.15,290.85,13414357
2022-07-15,292.0,294.0,289.5,293.55,11025420
2022-07-18,295.0,296.3,293.75,295.3,11315876
2022-07-19,295.0,295.6,292.7,294.6,9188419
2022-07-20,294.9,299.5,293.6,298.2,15789281
2022-07-21,299.0,302.2,298.0,299.55,16042840
2022-07-22,300.0,302.5,298.1,300.55,9967545
2022-07-25,299.0,302.95,298.8,301.1,10640727
2022-07-26,301.0,303.75,300.45,302.45,9739177
2022-07-27,302.85,305.0,300.6,304.15,9346146
2022-07-28,304.9,305.2,302.4,303.45,10839070
2022-07-29,305.0,305.9,301.35,303.05,16932743
2022-08-01,304.0,308.8,303.1,307.5,15889556
2022-08-02,310.0,316.65,308.2,309.95,38982557
2022-08-03,310.9,310.9,303.65,308.15,17695228
2022-08-04,308.0,310.35,307.15,309.5,15901918
2022-08-05,309.5,311.8,309.1,310.85,10088723
2022-08-10,313.15,314.1,310.75,311.2,8923568
2022-08-11,313.0,313.45,305.3,306.25,10885990
2022-08-12,306.25,309.4,304.5,308.55,6422504
2022-08-16,308.55,311.5,308.55,310.55,8609864
2022-08-17,311.7,313.25,311.0,312.55,7975854
2022-08-18,313.0,316.0,312.6,315.65,9883851
2022-08-19,316.15,316.15,311.2,312.0,10422413
2022-08-22,311.2,317.0,311.0,314.4,11355837
2022-08-23,312.95,316.0,312.1,315.9,9338887
2022-08-24,315.75,319.45,313.05,314.1,11346892
2022-08-25,315.45,316.4,311.6,312.35,7759104
2022-08-26,314.75,315.4,312.0,312.9,6956588
2022-08-29,310.0,314.95,308.85,313.55,11361400
2022-08-30,314.25,321.4,314.25,320.5,17829428
2022-09-01,319.5,321.9,316.0,317.6,13254985
2022-09-02,318.7,324.25,318.05,323.15,25758860
2022-09-05,325.0,329.6,323.75,328.85,17471906
2022-09-06,330.0,330.0,326.4,327.15,11970750
2022-09-07,326.0,328.3,325.25,326.1,8085824
2022-09-08,329.0,330.6,327.5,329.9,10911130
2022-09-09,330.6,333.3,330.0,330.5,9408098
2022-09-13,331.7,335.0,330.6,334.4,10520207
2022-09-14,331.0,339.0,330.95,335.35,12267025
2022-09-15,336.4,337.05,332.9,334.1,8418672
2022-09-16,332.35,334.6,329.7,331.3,12492851
2022-09-19,329.1,336.9,329.1,335.6,14365461
2022-09-20,338.75,339.6,335.0,336.0,9526068
2022-09-21,336.0,345.2,335.5,340.95,20992080
2022-09-22,341.0,348.75,340.9,345.05,24179987
2022-09-23,347.5,349.55,343.3,346.4,22838807
2022-09-26,344.85,345.95,331.75,332.6,16205789
2022-09-27,335.0,339.55,334.0,334.85,9991052
2022-09-28,331.95,333.3,324.3,324.95,15552911
2022-09-29,329.0,334.9,327.75,333.05,18281337
2022-09-30,333.05,335.75,330.15,332.2,12427919
2022-10-03,332.9,333.0,323.25,324.4,9111289
2022-10-04,328.7,334.0,328.0,332.85,8803255
2022-10-06,335.0,339.3,332.55,336.65,22235092
2022-10-07,336.8,336.85,331.3,334.1,10506078
2022-10-10,330.0,331.45,326.05,327.85,9388996
2022-10-11,329.0,330.45,325.1,326.3,10609956
2022-10-12,327.95,331.45,324.75,330.1,10337544
2022-10-13,329.95,331.3,328.0,328.65,7266724
2022-10-14,332.3,333.9,330.85,332.1,6424915
2022-10-17,331.1,334.75,329.6,332.25,6929063
2022-10-18,333.95,341.0,333.55,340.3,20887417
2022-10-19,343.1,347.45,339.8,346.35,16296080
2022-10-20,347.0,350.95,344.8,349.7,18474706
2022-10-21,353.2,353.2,344.5,345.6,27372160
2022-10-25,349.45,349.5,343.65,346.3,17242211
2022-10-27,346.65,348.35,343.85,345.8,18558597
2022-10-28,347.55,348.6,345.1,345.8,13069167
2022-10-31,348.0,350.5,344.75,348.7,13825970
2022-11-01,349.25,350.5,347.2,349.5,19665200
2022-11-02,348.5,356.25,348.5,354.65,16781507
2022-11-03,354.0,358.5,353.0,353.7,10736155
2022-11-04,354.0,356.0,352.5,353.6,8386849
2022-11-07,355.0,356.35,350.0,353.5,10050303
2022-11-09,353.5,361.45,353.2,360.7,20611075
2022-11-10,359.0,359.9,354.1,356.0,19327625
2022-11-11,360.0,360.95,354.65,356.35,10950902
2022-11-14,356.35,356.95,346.6,347.2,17639889
2022-11-16,345.7,346.85,341.65,344.1,7604924
2022-11-17,344.1,347.45,342.6,343.7,9994270
2022-11-18,343.7,344.75,339.8,341.05,7838297
2022-11-21,339.1,340.0,334.4,337.2,9198816
2022-11-22,337.0,341.0,335.7,340.25,6495845
2022-11-23,342.0,342.0,337.5,339.8,7768291
2022-11-24,339.8,342.5,337.55,340.75,8140857
2022-11-25,341.0,341.9,337.8,340.3,6933254
2022-11-28,340.0,341.75,338.75,340.05,9902739
2022-11-29,340.0,345.0,340.0,342.3,10189855
2022-11-30,341.25,344.15,339.0,340.0,22556502
2022-12-01,341.7,341.7,336.8,339.55,16630417
2022-12-02,339.35,340.8,336.75,337.15,8388835
2022-12-05,337.65,338.85,334.15,336.75,9716390
2022-12-06,334.1,338.2,334.1,337.3,6327430
2022-12-07,338.5,341.5,336.65,340.1,9813208
2022-12-08,340.2,342.15,337.5,338.4,6200447
2022-12-09,339.75,342.5,338.0,341.4,8132228
2022-12-12,341.0,344.0,340.1,343.2,11214662
2022-12-13,344.5,346.0,342.4,345.6,10693426
2022-12-14,346.0,347.35,343.75,345.4,7379878
2022-12-15,344.75,346.1,338.0,338.85,8154931
2022-12-16,337.5,338.9,331.3,335.1,12429280
2022-12-19,336.8,342.35,335.35,340.5,7812801
2022-12-20,340.05,340.95,336.75,340.15,5482218
2022-12-21,341.0,341.25,334.5,335.15,7045201
2022-12-22,335.65,337.4,329.9,332.45,6584445
2022-12-23,330.9,331.9,325.35,326.7,10073884
2022-12-26,326.5,335.1,325.5,334.6,9566210
2022-12-27,335.6,336.4,330.15,333.15,6727343
2022-12-28,332.85,335.0,331.5,334.4,7737562
2022-12-29,334.35,335.75,331.55,335.35,8105359
2022-12-30,335.4,336.75,330.5,331.55,6960264
2023-01-03,331.5,333.35,330.25,331.1,5997051
2023-01-04,331.85,332.5,326.0,327.0,6689769
2023-01-05,328.65,333.9,328.2,333.45,8171437
2023-01-06,334.7,337.55,333.1,335.05,8284135
2023-01-09,336.95,341.3,336.15,338.05,10618786
2023-01-10,337.9,338.4,332.55,333.4,6949605
2023-01-11,335.1,335.1,331.3,331.8,4584293
2023-01-13,329.85,332.25,326.4,328.75,14412671
2023-01-16,330.35,332.2,327.55,330.2,8253942
2023-01-17,330.2,333.5,329.1,332.25,13712537
2023-01-18,334.0,336.55,332.4,334.65,12555527
2023-01-19,334.0,335.65,331.65,332.15,8346130
2023-01-20,332.0,335.2,329.25,334.6,13103664
2023-01-23,336.0,338.15,333.05,337.75,7124807
2023-01-24,337.8,340.75,337.6,338.95,12302874
2023-01-25,338.9,341.0,335.25,339.25,12497542
2023-01-27,341.8,348.85,341.5,346.0,21040139
2023-01-30,346.9,351.75,341.85,344.8,14091519
2023-01-31,346.0,355.0,341.05,352.35,17134291
2023-02-01,353.0,365.7,329.1,361.4,64518967
2023-02-02,361.6,384.7,360.4,378.6,55745171
2023-02-03,381.9,382.25,372.0,380.65,22295321
2023-02-07,383.9,383.9,368.45,373.25,20643707
2023-02-08,374.75,377.3,371.55,375.55,10420462
2023-02-09,374.0,380.0,372.15,374.25,11861196
2023-02-10,372.2,376.95,370.3,371.35,10278597
2023-02-13,373.0,375.15,370.0,374.2,9901148
2023-02-14,375.0,387.65,373.75,386.45,29125052
2023-02-15,381.75,382.85,378.55,382.2,12209350
2023-02-16,382.0,385.25,381.0,382.55,9775280
2023-02-17,381.05,384.55,379.25,383.4,7672135
2023-02-20,384.7,387.5,381.3,384.05,7804976
2023-02-21,385.0,385.9,381.7,382.25,8259574
2023-02-22,382.0,384.9,380.0,383.85,8961077
2023-02-23,384.45,394.0,383.1,387.6,18830592
2023-02-24,389.0,389.0,381.0,385.1,12910220
2023-02-27,385.1,386.8,378.1,382.2,8142319
2023-02-28,382.5,384.25,375.0,376.7,16367477
2023-03-01,374.25,380.4,373.6,378.7,7766667
2023-03-02,379.5,379.75,374.7,375.55,5019603
2023-03-03,377.0,385.4,376.1,384.95,8180709
2023-03-06,385.9,392.5,385.25,388.15,10714339
2023-03-08,388.0,393.15,385.1,392.4,8917699
2023-03-09,392.1,393.6,385.65,387.5,9634283
2023-03-10,386.95,390.2,383.5,388.0,8362265
2023-03-13,389.2,390.9,382.5,383.65,8791872
2023-03-14,385.7,386.45,377.2,379.7,10229766
2023-03-15,381.0,384.3,378.0,379.4,8423692
2023-03-16,380.6,382.35,376.85,381.45,15710094
2023-03-17,385.0,385.0,369.65,375.55,48904254
2023-03-20,373.3,379.35,372.0,378.8,10122167
2023-03-21,378.8,378.8,374.05,376.95,11610832
2023-03-22,376.95,378.85,374.2,377.75,4774867
2023-03-23,377.0,382.75,374.4,380.65,9752326
2023-03-24,381.5,383.0,378.0,378.7,9934501
2023-03-27,377.95,384.4,376.35,380.2,10816352
2023-03-28,380.2,382.35,378.15,379.75,9170535
2023-03-29,380.2,384.0,377.15,382.75,10160322
2023-03-31,382.0,384.5,380.0,383.5,9511189
2023-04-03,384.0,384.0,378.5,378.9,7059200
2023-04-05,378.9,387.05,378.9,386.4,11608424
2023-04-06,386.65,390.3,384.2,387.35,12897667
2023-04-10,387.35,390.0,384.75,388.55,6783022
2023-04-11,388.55,398.1,388.0,396.0,18237451
2023-04-12,397.75,397.8,392.1,393.55,9747526
2023-04-13,395.5,396.6,393.7,395.6,6059044
2023-04-17,392.9,402.0,392.9,400.15,11041243
2023-04-18,400.0,402.0,397.0,398.5,9494641
2023-04-19,396.05,401.35,396.0,398.75,9744202
2023-04-20,400.0,402.65,397.7,400.3,6667781
2023-04-21,400.3,409.0,399.05,408.25,14252204
2023-04-24,410.0,410.0,404.2,408.7,5981760
2023-04-25,408.7,413.55,407.4,411.55,8840188
2023-04-26,412.0,413.0,409.05,412.25,7620723
2023-04-27,412.2,417.4,411.0,416.0,12614263
2023-04-28,418.0,428.25,413.7,425.55,12718721
2023-05-02,426.0,427.0,421.2,424.45,10253527
2023-05-03,424.0,428.5,422.05,427.15,7325483
2023-05-04,425.3,427.0,424.0,424.6,7984933
2023-05-05,425.95,431.9,424.35,428.75,12412416
2023-05-08,431.0,433.45,429.35,431.45,7243636
2023-05-09,432.8,433.15,421.5,423.8,9992962
2023-05-10,423.95,426.35,422.2,425.35,9754485
2023-05-12,420.4,422.7,416.05,420.45,11135894
2023-05-15,420.0,428.7,419.05,427.8,9151102
2023-05-16,430.0,430.0,423.5,423.95,7994197
2023-05-17,424.15,428.95,422.6,427.6,9479691
2023-05-18,430.0,432.45,418.1,419.7,23995166
2023-05-19,420.95,423.1,411.35,419.85,25767521
2023-05-22,421.95,425.75,419.1,424.75,15421680
2023-05-23,426.0,431.2,424.2,429.15,8732608
2023-05-24,428.3,434.75,427.0,433.5,11479706
2023-05-25,436.95,442.45,434.8,441.15,18204464
2023-05-26,443.4,444.75,439.5,443.6,12995706
2023-05-29,445.0,451.8,444.1,449.1,19826254
2023-05-30,441.0,451.45,441.0,449.9,18900002
2023-05-31,449.3,452.0,442.45,445.5,14272292
2023-06-01,447.0,447.0,439.0,439.7,8803137
2023-06-02,440.0,444.9,439.8,443.4,9203842
2023-06-05,445.0,446.85,440.1,440.65,7152179
2023-06-06,440.8,443.6,440.4,442.8,6454486
2023-06-07,444.0,445.65,442.75,443.95,7543432
2023-06-08,445.7,445.75,441.9,442.9,7024424
2023-06-09,435.15,444.7,435.15,438.45,7057843
2023-06-12,440.0,440.95,433.85,436.95,8719176
2023-06-13,441.0,446.4,438.3,445.4,16111860
2023-06-14,446.25,447.75,443.75,444.5,8704178
2023-06-15,445.0,448.75,444.75,448.1,7498727
2023-06-16,449.0,455.6,447.9,453.1,11729681
2023-06-19,454.75,455.9,452.25,453.6,4189180
2023-06-20,454.8,454.8,450.15,452.85,4472119
2023-06-21,452.0,454.2,445.05,447.05,6059504
2023-06-22,448.0,449.65,445.85,447.65,6637099
2023-06-23,447.5,447.65,442.7,444.75,6090901
2023-06-26,446.9,451.4,444.0,445.7,5477339
2023-06-27,446.1,447.2,443.15,445.1,4865596
2023-06-28,445.0,450.6,444.5,449.35,12082753
2023-06-30,450.0,451.95,446.6,451.6,9106074
2023-07-03,451.6,465.95,450.05,463.25,10699143
2023-07-04,465.0,468.0,459.8,466.35,7725081
2023-07-05,466.35,480.65,464.3,475.1,16252992
2023-07-06,477.35,477.4,470.5,473.9,9471054
2023-07-07,473.0,475.5,467.6,468.4,7323451
2023-07-10,470.0,470.9,463.7,465.85,6521300
2023-07-11,466.0,474.55,466.0,473.15,8457557
2023-07-12,477.75,477.75,470.45,472.3,12340934
2023-07-13,473.9,476.75,471.0,472.0,7909757
2023-07-14,473.0,475.0,471.35,472.9,5081391
2023-07-17,474.5,475.8,470.6,472.35,6090738
2023-07-18,472.55,474.2,471.0,472.5,5352283
2023-07-19,472.75,480.45,468.1,478.85,13867323
2023-07-20,479.9,493.7,476.3,492.15,20250206
2023-07-21,491.8,497.7,487.0,490.45,13971982
2023-07-24,493.45,499.7,468.15,471.35,38976815
2023-07-25,467.9,468.5,455.4,462.3,43534718
2023-07-26,464.9,473.0,462.05,472.25,18143422
2023-07-27,474.4,475.15,461.1,465.05,13989457
2023-07-28,467.7,469.45,463.4,468.45,9978231
2023-07-31,469.0,469.7,463.5,465.7,8194797
2023-08-01,466.0,468.85,463.8,464.8,6438221
2023-08-02,464.6,464.8,458.0,460.1,10318220
2023-08-03,460.1,463.75,454.3,456.05,10617897
2023-08-04,456.3,461.4,454.25,454.95,6834401
2023-08-07,454.1,456.55,450.95,454.9,9161131
2023-08-08,457.0,457.0,451.05,452.35,6392488
2023-08-09,452.35,459.9,446.9,458.65,9758343
2023-08-10,458.9,459.3,449.0,451.75,13194170
2023-08-11,453.9,453.9,444.75,448.75,11582326
2023-08-14,448.75,451.25,445.05,449.2,7562808
2023-08-16,451.0,457.4,448.2,450.25,14920272
2023-08-17,450.0,450.0,440.0,441.0,16269569
2023-08-18,441.0,443.35,438.5,441.65,19324262
2023-08-21,442.0,448.5,441.35,447.8,9572041
2023-08-22,449.0,455.15,447.0,454.25,9854945
2023-08-23,455.6,455.65,448.6,450.45,8445029
2023-08-24,450.6,453.5,449.3,450.9,6088274
2023-08-25,450.9,451.0,442.05,443.35,9270988
2023-08-28,445.0,446.85,441.0,441.4,6910750
2023-08-29,442.95,444.0,439.2,440.1,9480003
2023-08-30,441.0,444.0,440.5,442.8,7364924
2023-08-31,443.0,444.9,436.1,439.7,19900312
2023-09-01,440.0,445.0,438.3,441.05,11438624
2023-09-04,443.35,443.35,436.65,437.5,13604608
2023-09-06,443.95,448.5,442.0,447.45,12863039
2023-09-07,448.8,449.0,444.6,445.9,8090369
2023-09-08,447.9,447.9,441.85,442.65,9939517
2023-09-11,446.0,448.1,442.65,447.2,9320577
2023-09-12,448.9,454.3,445.6,451.15,14406441
2023-09-13,452.2,457.0,451.1,453.5,11813170
2023-09-14,455.9,455.9,447.15,449.95,14430930
2023-09-15,448.05,452.1,447.0,448.35,15077136
2023-09-18,448.35,454.0,446.2,452.05,8197425
2023-09-20,451.7,455.1,449.55,452.95,9959649
2023-09-21,452.8,453.55,444.5,447.5,10719470
2023-09-22,447.5,448.4,442.25,443.1,7506309
2023-09-25,443.1,444.8,438.35,442.6,5782955
2023-09-26,443.6,444.5,439.7,442.45,5327833
2023-09-27,442.45,449.8,438.8,449.15,10490786
2023-09-28,449.95,449.95,439.6,440.75,10216736
2023-09-29,442.0,445.6,439.2,444.4,8160058
2023-10-03,441.0,442.9,439.25,439.75,7481883
2023-10-04,439.75,441.7,433.3,436.1,13396709
2023-10-05,440.0,440.5,435.05,436.05,10030257
2023-10-06,437.85,443.6,436.65,442.15,8418580
2023-10-09,440.95,443.2,437.25,440.45,5611154
2023-10-10,440.45,444.85,440.45,444.4,5014758
2023-10-11,447.2,449.45,444.8,448.25,7651513
2023-10-12,449.65,452.5,446.15,450.7,11774487
2023-10-13,449.85,451.8,447.0,448.35,7632483
2023-10-16,448.0,451.0,446.2,448.95,4214958
2023-10-17,449.8,454.5,449.0,453.45,6936218
2023-10-18,454.25,458.2,451.0,451.65,6894947
2023-10-19,449.75,454.9,446.85,450.4,9465463
2023-10-20,445.0,449.0,437.35,438.3,13020371
2023-10-23,438.0,439.95,433.1,435.9,7275471
2023-10-25,436.9,438.0,427.05,432.7,10889221
2023-10-26,429.55,436.6,429.55,434.35,18801214
2023-10-30,434.55,437.15,428.35,430.45,7618033
2023-10-31,430.0,433.35,427.9,428.4,8620154
2023-11-01,430.0,431.1,425.5,428.1,7990245
2023-11-02,430.05,432.7,428.65,431.15,8152031
2023-11-03,432.8,434.4,431.1,433.25,13802600
2023-11-06,433.5,436.8,432.55,435.35,7308229
2023-11-08,433.15,437.5,432.3,436.95,6979849
2023-11-09,437.8,438.0,433.9,434.4,7785767
2023-11-10,434.4,438.0,432.5,436.55,4079205
2023-11-13,438.4,438.4,435.0,436.0,3744754
2023-11-15,438.1,442.5,437.5,441.95,7436428
2023-11-16,441.95,444.5,437.6,438.65,10857863
2023-11-17,439.25,441.5,438.3,439.25,6655278
2023-11-20,439.85,440.3,434.5,436.8,4335388
2023-11-21,437.15,439.3,435.5,436.25,5997810
2023-11-22,437.0,440.4,434.8,439.7,4886687
2023-11-23,440.95,442.25,438.25,440.35,6366606
2023-11-24,441.0,442.25,436.85,437.8,6821878
2023-11-28,438.0,439.0,434.9,435.25,8745691
2023-11-29,436.0,438.5,434.15,437.2,13785216
2023-11-30,436.7,438.45,434.5,435.8,15127505
2023-12-01,437.9,450.95,437.4,449.8,19336856
2023-12-04,455.0,456.4,451.0,454.05,12800220
2023-12-05,455.0,457.8,450.1,451.75,12136292
2023-12-06,453.9,464.5,452.1,463.25,20417559
2023-12-07,464.75,464.8,457.4,458.1,11310918
2023-12-08,459.95,461.6,448.5,449.15,18667895
2023-12-11,451.5,453.6,449.3,452.45,6599973
2023-12-12,454.2,460.0,452.35,453.1,10158101
2023-12-13,456.3,458.85,453.1,455.65,11283868
2023-12-14,460.0,461.0,449.45,460.1,14370803
2023-12-15,461.9,462.95,455.0,458.2,15789845
2023-12-18,455.0,456.0,450.35,451.65,12027620
2023-12-19,453.35,458.0,452.05,456.1,10268755
2023-12-20,459.0,459.25,449.3,451.0,10367665
2023-12-21,449.0,453.75,444.45,451.45,11154625
2023-12-22,453.0,455.9,450.55,455.2,11026317
2023-12-26,456.05,458.9,454.7,456.45,5871301
2023-12-27,457.0,458.5,453.75,457.1,7543383
2023-12-28,457.2,464.7,456.1,464.1,20696101
2023-12-29,464.1,467.9,461.35,462.1,12888266
2024-01-01,463.5,469.95,462.65,468.05,9346277
2024-01-02,470.0,471.35,463.6,470.35,10519771
2024-01-03,470.25,480.7,469.35,477.25,24036012
2024-01-04,480.0,481.45,474.2,476.4,11786959
2024-01-05,479.4,479.4,472.0,473.95,9209405
2024-01-08,475.0,475.5,464.55,465.5,8003177
2024-01-09,467.5,469.95,463.65,464.55,5696780
2024-01-10,464.55,466.75,460.05,463.3,5896123
2024-01-11,464.1,466.55,461.1,462.65,6534775
2024-01-12,463.25,467.7,460.35,466.7,9354326
2024-01-15,470.0,470.5,466.1,467.6,6902156
2024-01-16,467.8,475.0,464.25,472.3,12066347
2024-01-17,471.4,477.0,465.2,466.6,11108698
2024-01-18,465.25,467.85,454.55,465.5,9143784
2024-01-19,468.55,473.0,466.4,471.5,12203322
2024-01-20,473.4,475.0,468.0,468.4,3296407
2024-01-23,473.75,473.75,456.4,459.3,8404513
2024-01-24,460.1,467.4,458.1,463.6,21626183
2024-01-25,463.55,464.95,452.1,455.65,19677700
2024-01-29,455.9,457.25,447.5,449.8,17869152
2024-01-30,447.0,453.7,437.4,438.05,43514448
2024-01-31,440.0,442.5,438.7,441.55,19882944
2024-02-01,442.0,447.75,439.3,442.9,19165409
2024-02-02,445.0,447.2,439.5,440.1,17156021
2024-02-05,442.0,443.65,436.55,438.05,12041897
2024-02-06,440.0,440.9,429.5,431.4,18764371
2024-02-07,435.0,435.0,430.8,431.8,12880824
2024-02-08,429.0,429.1,408.6,414.55,48183882
2024-02-09,410.1,424.2,408.6,415.5,32283965
2024-02-12,417.55,418.0,406.05,406.85,10906914
2024-02-13,406.9,410.8,403.3,406.75,15606705
2024-02-14,406.0,412.25,404.4,411.55,12150077
2024-02-15,413.0,414.55,403.15,403.9,20383983
2024-02-16,405.0,409.55,399.4,404.6,37518847
2024-02-19,405.0,412.75,404.6,409.25,16949793
2024-02-20,410.45,410.45,404.3,406.1,14084218
2024-02-21,407.0,410.1,401.3,403.35,19414653
2024-02-22,406.9,415.15,403.45,414.45,18604659
2024-02-23,415.9,415.9,410.5,411.4,11147636
2024-02-26,411.1,413.05,407.3,409.2,7982145
2024-02-27,410.0,412.75,408.55,411.15,7783743
2024-02-28,411.15,412.35,406.8,408.3,8617768
2024-02-29,409.0,411.05,404.5,406.3,14895144
2024-03-01,408.9,413.15,407.5,409.5,12395632
2024-03-04,412.25,412.95,408.45,409.1,6840352
2024-03-05,409.65,411.4,403.95,406.15,9733507
2024-03-06,406.5,409.95,400.7,407.85,11106855
2024-03-07,407.85,414.95,403.65,413.55,23020545
2024-03-11,416.8,418.3,408.0,409.4,17620081
2024-03-12,406.5,406.5,399.35,404.45,34882639
2024-03-13,435.0,438.0,421.15,422.45,101612428
2024-03-14,421.95,425.5,418.0,419.65,30764728
2024-03-15,417.2,428.55,415.25,419.1,73253754
2024-03-18,419.0,420.7,416.9,417.45,15933704
2024-03-19,418.0,419.55,408.7,409.55,20994563
2024-03-20,410.0,416.65,409.55,415.7,19609321
2024-03-21,419.0,422.0,416.2,421.25,19227982
2024-03-22,421.25,429.65,421.25,428.6,38861818
2024-03-27,427.0,428.9,426.45,428.0,12227545
2024-03-28,428.0,433.25,427.0,428.35,27933211
2024-04-01,429.1,431.35,425.75,426.7,9382308
2024-04-02,428.7,428.7,424.6,425.85,8853678
2024-04-03,426.0,428.8,421.0,425.2,12664520
2024-04-04,425.55,427.35,419.9,422.75,18358410
2024-04-05,422.5,431.7,419.95,427.55,16147032
2024-04-08,428.3,431.4,427.75,429.1,8516632
2024-04-09,430.45,431.5,425.55,426.35,6708894
2024-04-10,428.3,437.8,425.75,436.95,14008124
2024-04-12,435.0,435.75,428.3,430.1,18088372
2024-04-15,428.0,429.15,422.9,425.9,8746243
2024-04-16,423.25,427.0,423.2,425.9,9973638
2024-04-18,426.0,426.9,417.65,418.85,21312388
2024-04-19,418.0,426.25,416.0,424.75,16582634
2024-04-22,427.0,427.6,423.35,425.3,7112139
2024-04-23,425.3,430.5,425.1,429.2,12021404
2024-04-24,429.25,430.8,428.3,428.9,5845170
2024-04-25,431.0,438.3,429.0,437.55,29211997
2024-04-26,439.25,443.3,436.4,440.0,14773975
2024-04-29,442.0,442.45,434.6,438.2,11627882
2024-04-30,439.95,440.5,435.1,435.65,12064043
2024-05-02,436.0,442.6,434.85,439.0,23228909
2024-05-03,440.05,440.05,431.35,436.45,22904276
2024-05-06,438.0,440.45,433.35,434.75,10355056
2024-05-07,436.9,446.0,435.2,440.35,25968921
2024-05-08,441.25,444.7,438.2,441.0,10511646
2024-05-09,440.05,441.5,423.35,425.1,23412609
2024-05-10,426.5,436.35,426.5,433.35,13985963
2024-05-13,433.25,435.45,429.5,431.85,7302959
2024-05-14,430.5,433.3,428.55,429.7,11000103
2024-05-15,430.75,433.25,426.75,427.8,7565080
2024-05-16,430.0,432.6,422.9,431.45,23025186
2024-05-17,432.4,437.5,428.9,436.3,11453714
2024-05-18,437.0,437.65,435.2,436.65,713859
2024-05-21,436.0,437.1,433.2,434.8,10760726
2024-05-22,437.35,441.95,435.4,439.9,10627595
2024-05-23,441.4,444.9,436.55,441.35,26234369
2024-05-24,441.0,442.45,435.3,436.2,12761457
2024-05-27,438.8,438.9,430.7,431.5,11827050
2024-05-28,432.1,432.5,428.25,429.0,9310198
2024-05-29,425.5,432.4,425.5,430.95,10430363
2024-05-30,428.5,430.95,422.35,423.85,20524428
2024-05-31,426.75,429.55,424.25,426.45,28214102
2024-06-03,434.0,434.9,428.65,430.35,15519148
2024-06-04,426.0,426.3,402.85,415.2,46019632
2024-06-05,422.0,436.0,418.05,430.3,27151351
2024-06-06,436.0,437.7,431.1,435.4,31119999
2024-06-07,431.4,441.65,431.1,439.15,28448041
2024-06-10,440.0,441.0,435.85,436.9,11432393
2024-06-11,437.0,437.8,432.25,433.0,12670589
2024-06-12,430.55,434.4,430.2,432.3,10352936
2024-06-13,436.9,436.9,429.75,430.3,9283802
2024-06-14,431.0,431.9,429.05,431.15,9217804
2024-06-18,433.0,434.2,428.2,428.75,14098178
2024-06-19,430.0,430.75,423.05,423.65,10909803
2024-06-20,424.05,426.5,421.5,423.3,14585806
2024-06-21,425.0,425.3,418.55,419.6,25205627
2024-06-24,420.0,423.95,420.0,423.3,9362433
2024-06-25,423.0,424.0,419.75,423.3,10260449
2024-06-26,423.0,426.4,422.05,423.95,11084805
2024-06-27,423.95,427.25,421.1,425.6,37012589
2024-06-28,425.5,428.0,423.5,424.9,17866326
2024-07-01,426.3,430.25,424.65,429.05,12894747
2024-07-02,430.0,430.65,422.55,425.5,10763335
2024-07-03,426.1,429.65,425.5,428.3,7159756
2024-07-04,430.0,431.5,427.05,429.05,9127340
2024-07-05,429.0,434.0,427.6,433.65,12929586
2024-07-08,435.15,444.55,433.65,443.6,20521107
2024-07-09,447.6,455.0,444.0,452.6,26470260
2024-07-10,453.7,455.35,446.5,451.45,11618210
2024-07-11,450.0,459.5,448.7,458.65,18831345
2024-07-12,458.65,463.25,455.85,459.05,18962800
2024-07-15,459.05,466.45,457.2,463.4,16251032
2024-07-16,463.45,466.75,461.4,465.55,12996711
2024-07-18,463.0,470.9,462.65,470.25,21094737
2024-07-19,471.0,479.4,469.4,474.55,24977373
2024-07-22,474.6,479.45,465.85,466.55,18066586
2024-07-23,466.55,497.4,466.4,492.2,54044423
2024-07-24,496.0,510.65,490.65,494.05,42073323
2024-07-25,490.0,496.0,484.65,489.95,17878994
2024-07-26,494.05,506.4,487.4,502.2,20736094
2024-07-29,505.5,506.2,494.05,496.05,12496895
2024-07-30,496.3,497.8,488.65,489.9,13375906
2024-07-31,492.45,497.95,490.5,495.35,11538215
2024-08-01,495.95,496.75,490.95,493.7,11665529
2024-08-02,484.8,499.45,484.8,489.1,21320064
2024-08-05,480.05,491.9,479.55,486.0,24094139
2024-08-06,486.25,491.7,484.05,486.3,13722855
2024-08-07,490.0,495.6,488.1,492.65,10900585
2024-08-08,494.0,498.0,492.5,494.75,20558134
2024-08-09,498.0,498.0,493.1,495.9,9201793
2024-08-12,492.0,500.0,492.0,494.6,9076097
2024-08-13,495.95,497.85,488.25,490.0,7757706
2024-08-14,491.95,499.0,489.9,492.2,9253598
2024-08-16,494.5,504.2,492.65,502.65,13137392
2024-08-19,504.75,509.3,499.6,501.45,10198725
2024-08-20,501.0,503.4,497.7,498.8,6633171
2024-08-21,500.0,509.0,499.05,505.4,8474830
2024-08-22,507.85,508.5,501.45,504.55,8364290
2024-08-23,505.05,506.95,499.95,505.8,7891446
2024-08-26,506.0,508.0,502.0,505.7,7825037
2024-08-27,507.55,507.6,500.0,500.6,7954114
2024-08-28,500.4,502.3,496.5,497.3,7782216
2024-08-29,498.0,507.7,497.35,505.1,18670632
2024-08-30,501.95,509.15,500.2,501.9,14947670
2024-09-02,504.0,512.9,503.3,510.05,15885469
2024-09-03,510.05,515.95,507.9,509.4,12018677
2024-09-04,500.0,510.05,499.95,506.35,8414967
2024-09-05,508.35,511.9,507.05,511.2,10898888
2024-09-06,512.0,512.0,497.15,501.7,13716752
2024-09-09,502.0,512.65,500.35,511.75,13736044
2024-09-10,511.9,515.0,508.75,513.6,10911995
2024-09-11,513.0,519.5,511.95,514.35,14922832
2024-09-12,515.1,520.5,508.55,519.5,18377550
2024-09-13,519.5,520.0,512.0,513.85,8825193
2024-09-17,511.05,513.55,506.25,507.75,10486015
2024-09-18,507.85,512.4,505.1,507.35,5429619
2024-09-19,510.0,514.8,507.5,508.25,13925311
2024-09-20,512.0,517.35,508.0,514.4,23808194
2024-09-23,515.45,519.45,513.6,516.95,7804918
2024-09-24,517.0,517.8,514.15,515.25,6755320
2024-09-25,515.5,519.3,512.3,517.55,8476223
2024-09-26,517.65,523.75,517.0,522.75,15489991
2024-09-27,520.25,528.5,520.25,522.7,17251962
2024-09-30,520.6,524.35,514.05,518.15,10531347
2024-10-01,518.15,519.75,514.0,516.2,5089315
2024-10-03,508.55,515.7,508.1,512.75,15870147
2024-10-04,510.0,517.35,501.55,503.55,18228912
2024-10-07,507.0,514.95,506.75,510.2,16479772
2024-10-08,510.0,512.55,506.0,507.95,9502367
2024-10-09,509.8,509.8,490.55,491.7,23952459
2024-10-10,495.35,495.65,489.45,492.05,12799333
2024-10-11,493.0,493.95,487.4,488.2,14394986
2024-10-14,491.0,499.0,488.65,496.95,6712103
2024-10-15,498.0,499.4,494.5,498.55,8037662
2024-10-16,496.0,498.85,492.35,493.2,6682083
2024-10-17,495.0,495.0,488.0,488.9,7385299
2024-10-18,488.75,491.55,478.4,486.7,21778099
2024-10-21,486.7,487.6,477.35,483.65,7395274
2024-10-22,483.65,488.4,480.8,481.8,12299288
2024-10-23,481.0,483.3,479.5,480.35,10162570
2024-10-24,482.0,482.4,470.0,471.7,13092399
2024-10-25,475.8,493.5,474.2,482.3,30961625
2024-10-28,481.95,485.9,476.0,484.15,8614446
2024-10-29,485.0,489.2,481.3,487.95,6866704
2024-10-30,487.95,493.25,486.5,491.55,6393835
2024-10-31,492.0,493.0,484.7,488.8,7810874
2024-11-04,493.45,493.45,479.55,484.6,8429731
2024-11-05,482.95,485.05,476.95,480.2,7327830
2024-11-06,480.2,484.4,478.0,481.1,11313985
2024-11-07,481.75,482.7,476.1,477.9,8924280
2024-11-08,477.9,480.7,474.6,478.05,6090462
2024-11-11,478.05,481.5,474.1,476.95,5488948
2024-11-12,477.6,477.95,471.15,472.85,5041916
2024-11-13,470.05,474.7,468.25,472.2,11120381
2024-11-14,471.2,472.95,462.25,465.95,11639562
2024-11-19,468.0,473.75,466.25,467.35,6857374
2024-11-21,461.0,464.05,455.4,457.15,19559847
2024-11-22,456.2,476.5,455.5,474.65,19464568
2024-11-25,479.0,482.2,472.4,476.8,13891991
2024-11-26,480.0,482.65,474.1,477.0,6539846
2024-11-27,477.5,480.1,473.0,476.95,7067013
2024-11-28,477.0,483.8,470.55,474.9,14412539
2024-11-29,473.2,478.9,472.6,476.75,8346687
2024-12-02,476.0,479.3,473.4,477.2,5478598
2024-12-03,466.0,473.4,462.75,472.55,22218251
2024-12-04,474.4,478.2,466.4,467.1,13439484
2024-12-05,467.55,472.75,462.5,467.5,26415053
2024-12-06,470.0,474.95,467.7,471.15,7551407
2024-12-09,471.5,472.0,462.95,464.95,11703384
2024-12-10,465.35,466.45,462.6,465.45,8823805
2024-12-11,467.2,468.2,464.7,465.25,6745816
2024-12-12,465.5,467.9,459.15,460.6,12884401
2024-12-13,460.0,474.4,451.65,470.0,31753858
2024-12-16,470.25,474.4,468.0,470.1,9007264
2024-12-17,470.0,475.8,463.05,469.55,19844152
2024-12-18,472.7,473.8,466.9,470.5,12365167
2024-12-19,469.0,474.35,465.3,466.55,14599270
2024-12-20,466.5,467.45,459.3,464.65,19481288
2024-12-23,471.2,477.7,467.6,474.25,18837469
2024-12-24,474.9,480.25,472.65,478.45,11564497
2024-12-26,480.55,481.85,476.0,476.95,8848065
2024-12-27,479.75,481.9,476.0,478.6,16279450
2024-12-30,480.75,481.45,476.0,477.0,13074810
2024-12-31,478.45,484.65,474.55,483.65,13276195
2025-01-02,485.35,490.0,482.3,489.05,26124980
2025-01-03,490.25,491.0,479.85,481.6,37072992
2025-01-06,455.6,461.75,441.25,442.65,22009958
2025-01-07,445.5,447.6,440.15,441.1,14294780
2025-01-08,443.0,452.05,437.1,449.55,13482926
2025-01-09,449.4,460.65,446.05,450.1,19732649
2025-01-10,449.95,452.0,442.5,444.9,9145729
2025-01-13,435.0,444.0,435.0,439.05,17799607
2025-01-14,441.0,441.5,435.85,436.6,18048459
2025-01-15,436.6,441.8,435.35,437.35,9786805
2025-01-16,438.05,439.45,431.1,432.85,15774070
2025-01-17,433.0,441.8,432.5,440.2,11270061
2025-01-20,439.0,441.2,436.0,437.7,8742771
2025-01-22,439.9,441.95,436.55,437.0,9619648
2025-01-23,435.0,441.85,434.1,440.2,8888248
2025-01-24,439.4,445.0,439.05,441.6,9665384
2025-01-27,440.8,445.0,436.55,440.1,10480203
2025-01-28,440.0,441.8,434.5,435.45,20813072
2025-01-29,435.95,437.5,430.1,433.35,15158510
2025-01-30,433.0,438.0,431.45,436.2,22496695
2025-01-31,436.5,448.2,435.1,447.5,13546181
2025-02-03,462.0,465.2,452.3,454.35,16991730
2025-02-04,458.0,460.35,448.75,455.15,18923681
2025-02-05,455.15,455.85,446.5,448.15,12836283
2025-02-06,450.0,450.0,438.2,441.1,17469129
2025-02-07,440.0,445.5,428.4,430.85,18875982
2025-02-10,427.0,433.3,426.5,427.2,12227140
2025-02-11,428.8,430.55,417.5,418.3,14288751
2025-02-12,413.15,413.8,407.6,409.9,13884574
2025-02-13,409.95,413.95,409.0,409.7,12989029
2025-02-14,411.75,416.2,408.4,410.25,14124236
2025-02-17,409.8,411.4,406.75,408.6,11975265
2025-02-18,408.0,410.85,404.0,405.25,12998403
2025-02-19,404.8,408.8,404.5,406.4,7079032
2025-02-20,399.95,403.9,396.2,402.05,15355585
2025-02-21,402.05,403.25,399.2,400.9,8240986
2025-02-24,400.0,403.4,398.75,401.9,7037625
2025-02-25,402.0,407.0,400.5,404.85,15760891
2025-02-27,404.85,406.5,399.5,401.6,19051003
2025-02-28,399.0,402.5,392.2,395.0,31954776
2025-03-03,395.95,399.0,391.2,397.45,10702826
2025-03-04,395.4,397.2,392.85,394.85,13404774
2025-03-05,394.5,412.75,394.5,405.05,15665018
2025-03-06,409.15,409.7,400.55,405.7,17869996
2025-03-07,403.55,405.85,401.7,403.9,11180761
2025-03-11,401.5,408.4,401.2,406.2,11099475
2025-03-12,406.4,413.3,404.0,412.4,13844306
2025-03-13,413.0,414.4,408.2,412.05,8196569
2025-03-17,413.0,416.25,407.0,407.95,5257859
2025-03-18,410.0,411.95,407.75,409.1,13861897
2025-03-19,410.0,410.75,402.6,403.05,12830387
2025-03-20,405.0,406.65,401.9,403.95,16994037
2025-03-21,405.95,407.5,401.7,405.55,25302035
2025-03-24,407.0,412.85,405.6,410.9,14362572
2025-03-25,412.0,415.25,408.7,409.8,20338110
2025-03-26,410.3,411.2,406.25,407.35,13891436
2025-03-27,408.0,410.7,405.65,409.45,18642328
2025-03-28,410.9,415.6,408.15,409.75,12981873
2025-04-01,409.8,414.4,405.6,406.65,15206240
2025-04-02,407.05,410.0,406.05,409.05,8001323
2025-04-03,407.05,410.2,406.7,409.4,7059566
2025-04-04,407.5,412.8,404.5,409.7,18627592
2025-04-07,390.15,408.1,390.15,406.05,26762866
2025-04-08,411.9,415.8,407.25,412.55,18600796
2025-04-09,413.0,419.05,411.25,416.3,21785572
2025-04-11,420.0,422.45,417.0,421.55,8939356
2025-04-15,429.2,429.2,419.0,420.4,11685880
2025-04-16,418.0,426.05,418.0,424.45,13034594
2025-04-17,425.0,427.85,421.55,427.25,22410217
2025-04-21,428.05,429.1,421.5,422.85,27388236
2025-04-22,425.95,434.8,423.55,433.6,32031936
2025-04-23,436.2,437.45,428.85,430.85,19566317
2025-04-24,431.85,436.05,429.3,430.05,26064089
2025-04-25,430.05,432.7,423.3,427.8,22944377
2025-04-28,426.65,430.5,424.75,428.8,6287095
2025-04-29,428.9,429.6,425.0,426.0,11189930
2025-04-30,427.4,429.3,422.0,425.8,10026546
2025-05-02,424.1,431.5,424.1,430.25,12769461
2025-05-05,430.25,438.5,429.35,436.95,11525305
2025-06-20,416.0,419.5,416.0,418.55,13203184
2025-06-23,417.0,417.5,411.75,413.9,14839890
2025-06-24,416.9,420.65,413.75,414.35,16690068
2025-06-25,416.4,418.15,415.1,416.35,9946718
2025-06-26,417.2,420.9,416.25,420.3,13703918
2025-06-27,421.0,422.0,417.8,418.65,21409935
2025-06-30,419.8,420.75,415.8,416.45,12317124
2025-07-01,417.0,418.85,414.9,415.1,13670465
2025-07-02,416.9,416.9,411.7,412.95,15990899
2025-07-03,414.0,416.0,411.25,413.35,14185298
2025-07-04,414.9,415.0,411.75,412.55,8256733
2025-07-07,413.0,417.2,412.0,416.15,6845218
2025-07-08,416.15,418.1,414.65,417.2,6807192
2025-07-09,416.2,420.3,415.45,419.45,9930533
2025-07-10,420.3,420.3,416.4,416.85,6220360
2025-07-11,417.0,418.05,415.5,416.8,8578844
2025-07-14,417.05,419.95,416.55,419.4,6896989
2025-07-15,420.9,422.4,419.0,422.1,8532755
2025-07-16,422.1,425.45,420.3,424.6,9780773
2025-07-17,425.8,425.9,423.0,423.95,7240795
2025-07-18,425.2,425.2,420.1,422.75,6730256
2025-07-21,422.0,422.75,418.4,420.1,4822343
2025-07-22,420.1,420.4,415.2,416.0,9869507
2025-07-23,417.1,417.9,414.0,414.95,12196187
2025-07-24,415.85,415.85,409.45,409.95,9005157
2025-07-25,410.0,410.25,407.75,409.4,5824089
2025-07-28,410.8,410.85,408.6,409.9,8123337
2025-07-29,410.0,411.4,408.0,408.45,6811772
2025-07-30,409.0,409.3,405.75,407.6,10915863
2025-07-31,405.95,414.0,405.55,411.95,19364174
2025-08-01,412.4,419.35,411.8,416.45,14324065
2025-08-04,420.2,422.5,415.1,416.85,18352458
2025-08-05,417.2,417.95,413.0,414.15,8495104
2025-08-07,412.0,414.75,411.65,413.6,11514878
2025-08-08,413.9,415.35,412.95,414.5,9814361
2025-08-11,414.5,417.0,414.0,416.85,8514272
2025-08-12,417.0,419.8,415.3,416.35,13635738
2025-08-13,417.2,417.5,413.6,414.1,10874910
2025-08-14,414.25,415.05,411.0,411.45,9580361
2025-08-18,413.0,413.7,404.85,406.3,30950814
2025-08-19,406.35,409.4,404.5,409.1,16681331
2025-08-20,409.1,410.25,405.45,406.05,18188129
2025-08-21,406.05,406.85,403.35,405.55,15028966
2025-08-22,406.0,406.5,397.5,398.3,13087624
2025-08-25,399.0,400.55,396.25,399.35,10440286
2025-08-26,399.3,405.4,398.4,403.35,13715752
2025-08-28,404.5,404.5,400.0,400.9,12471719
2025-08-29,402.0,410.45,401.9,409.75,25255050
2025-09-01,409.75,410.2,405.0,405.85,12268090
2025-09-02,406.55,407.85,404.45,406.75,19808255
2025-09-03,408.5,413.25,407.3,411.75,12936588
2025-09-04,423.95,427.0,415.0,415.9,27274123
2025-09-05,416.9,417.0,404.4,407.35,16000675
2025-09-08,407.45,410.55,406.8,407.55,7419022
2025-09-09,408.5,410.95,407.4,410.05,8825896
2025-09-10,411.0,413.7,408.95,413.05,9252397
2025-09-11,413.05,416.7,412.45,415.05,8274406
2025-09-12,415.35,417.05,412.85,413.75,7803379
2025-09-15,413.05,414.3,411.75,412.65,5707331
2025-09-16,413.2,414.35,412.0,413.1,8239087
2025-09-17,413.95,414.6,408.05,409.3,14113882
2025-09-18,411.35,413.05,410.1,411.55,15647808
2025-09-19,411.55,412.6,408.95,410.65,19505321
2025-09-22,410.65,411.0,406.05,406.95,8930779
2025-09-23,407.1,408.1,402.1,403.2,14936357
2025-09-24,403.2,404.65,400.7,401.0,12380865
2025-09-25,401.45,403.0,398.0,400.1,22006368
2025-09-26,400.1,405.9,399.8,405.1,14414044
2025-09-29,406.9,408.0,403.2,407.25,19717660
2025-09-30,406.75,406.75,400.4,401.55,9465490
2025-10-01,402.35,406.0,399.75,405.6,17643039
2025-10-03,404.9,405.5,402.3,404.3,16987141
2025-10-06,403.0,403.9,399.8,400.75,13989077
2025-10-07,402.5,402.6,399.5,399.8,12298968
2025-10-08,400.0,401.75,398.0,399.75,8402463
2025-10-09,399.0,401.4,398.95,399.9,15656267
2025-10-10,400.45,403.85,399.5,402.8,15085738
2025-10-13,400.0,400.95,398.55,399.25,9508594
2025-10-14,400.0,400.85,396.2,396.8,10291102
2025-10-15,398.0,400.85,397.25,399.9,16043867
2025-10-16,401.0,406.0,399.55,405.15,22962049
2025-10-17,405.35,413.85,405.25,412.15,21071344
2025-10-20,412.55,414.85,411.3,413.05,13083621
2025-10-21,413.5,413.95,412.35,412.85,1142130
2025-10-23,416.0,420.45,413.55,415.95,24305990
2025-10-24,415.95,417.95,413.45,416.8,14935678
2025-10-27,417.0,422.7,416.6,420.65,11603679
2025-10-28,420.5,421.65,415.9,417.9,17163147
2025-10-29,418.2,422.2,416.05,421.6,11470661
2025-10-30,421.6,421.7,416.15,418.75,12938674
2025-10-31,420.5,426.4,418.2,420.35,18599864
2025-11-03,419.95,421.65,413.3,413.95,7635440
2025-11-04,414.0,414.5,408.35,408.9,10085404
2025-11-06,410.0,413.3,406.55,407.5,10095563
2025-11-07,406.05,409.1,403.1,404.05,8411611
2025-11-10,404.05,407.1,403.65,405.55,6650003
2025-11-11,406.0,408.05,404.6,406.85,12005318
2025-11-12,408.0,408.1,405.55,407.0,7987236
2025-11-13,407.0,407.5,404.5,405.7,6617185
2025-11-14,404.7,408.75,400.1,408.15,64020258
2025-11-17,409.75,412.0,406.0,407.1,7855399
2025-11-18,408.25,409.8,404.55,405.85,7661681
2025-11-19,404.85,405.55,402.8,403.55,7882450
2025-11-20,403.55,407.0,403.25,405.45,6693410
2025-11-21,405.0,408.5,404.7,407.85,5808131
2025-11-24,408.4,408.8,402.85,403.55,11037491
2025-11-25,403.55,404.5,400.1,400.8,8199785
2025-11-26,401.0,403.95,400.95,402.3,11443953
2025-11-27,403.5,405.95,402.1,404.3,8679529
2025-11-28,404.3,405.0,402.5,404.25,6883500
2025-12-01,402.8,405.5,398.2,404.25,13442658
2025-12-02,404.25,405.5,400.5,400.95,8093808
2025-12-03,401.7,402.2,398.85,400.5,10772192
2025-12-04,400.1,403.55,399.05,403.05,8057989
2025-12-05,403.05,405.35,402.0,404.95,4419747
2025-12-08,404.95,405.25,400.55,402.3,6056866
2025-12-09,402.0,404.5,400.0,401.05,9426717
2025-12-10,401.1,404.4,401.0,403.15,6969146
2025-12-11,403.15,404.0,401.1,402.9,6980147
2025-12-12,402.9,404.0,399.85,400.1,12407516
2025-12-15,400.1,403.35,399.5,402.3,7756564
2025-12-16,401.4,405.75,401.05,401.7,12347384
2025-12-17,401.0,403.1,399.1,399.8,8087490
2025-12-18,400.0,401.95,399.85,400.4,7227668
2025-12-19,400.25,402.65,400.25,401.05,10654835
2025-12-22,401.6,403.65,401.2,402.7,6847871
2025-12-23,402.5,408.9,401.8,407.35,10081997
2025-12-24,407.95,409.5,405.65,406.6,5777430
2025-12-26,406.5,407.15,403.85,404.15,3152453
2025-12-29,404.1,404.8,401.45,402.6,6647710
2025-12-30,403.0,403.45,400.3,400.6,12340527
2025-12-31,401.1,403.75,400.85,403.0,9945109
2026-01-01,402.7,402.7,362.7,363.85,282626710
2026-01-02,360.0,360.0,345.25,350.05,118790358
2026-01-05,350.2,353.95,346.05,349.7,48358124
2026-01-06,350.25,350.7,337.75,342.45,72582738
2026-01-07,343.0,344.55,339.3,341.25,29440734
2026-01-08,341.5,345.15,339.05,340.9,36706319
2026-01-09,340.9,341.0,336.1,337.15,35193201
2026-01-12,338.25,339.5,335.8,338.4,16156143
2026-01-13,339.0,339.5,333.7,334.7,24922339
2026-01-14,336.0,336.0,333.45,334.75,14913422
2026-01-16,337.5,337.5,328.55,329.2,30526898
2026-01-19,330.0,334.65,327.3,333.2,15507440
2026-01-20,334.05,334.5,325.5,326.3,18771011
2026-01-21,326.0,329.3,324.35,324.75,14177965
2026-01-22,326.1,328.7,321.05,324.85,18622852
2026-01-23,325.55,326.4,322.7,323.4,11950089
2026-01-27,323.6,324.7,317.85,318.65,47847784
2026-01-28,319.95,323.7,319.35,321.15,28400238
2026-01-29,322.6,322.6,318.05,318.6,17719420
2026-01-30,318.8,325.15,316.45,322.15,41975824
2026-02-02,309.45,315.4,302.0,314.7,35227572
2026-02-03,321.2,324.75,311.6,316.65,33168353
2026-02-04,312.5,314.95,311.35,313.85,11196759
2026-02-05,313.95,315.35,309.3,310.2,15816704
2026-02-06,310.0,327.7,308.3,325.8,68057745
2026-02-09,327.95,328.7,321.65,322.8,20059198
2026-02-10,323.0,323.55,320.75,321.4,11489090
2026-02-11,321.95,322.2,316.3,318.25,24843366
2026-02-12,317.3,320.4,316.9,317.45,13294561
2026-02-13,316.0,318.4,313.25,313.75,8730618
2026-02-16,313.75,318.25,313.15,317.95,11693763
2026-02-17,318.45,328.05,318.15,325.45,39360672
2026-02-18,326.0,332.95,324.8,332.45,35473203
2026-02-19,334.05,334.25,325.0,326.0,19911747
2026-02-20,325.05,327.85,325.05,327.0,11282027
2026-02-23,327.0,328.1,324.4,325.4,13486092
2026-02-24,324.0,325.4,322.05,323.5,13135859
2026-02-25,325.5,326.6,318.1,319.75,13492101
2026-02-26,320.0,321.4,317.6,318.3,11270119
2026-02-27,316.0,317.75,312.65,313.6,13892595
2026-03-02,307.0,315.75,307.0,314.9,22194311
2026-03-04,310.6,315.5,310.5,311.95,24165489
2026-03-05,312.2,313.6,308.2,311.5,19938009
2026-03-06,310.05,312.3,309.2,309.7,21288269
2026-03-09,305.0,307.2,303.6,306.0,14084931
2026-03-10,309.0,310.0,303.75,309.05,18352950
2026-03-11,309.05,310.65,307.7,309.0,14842485
2026-03-12,307.05,308.0,302.85,304.1,23319679
2026-03-13,304.0,306.0,300.65,301.45,25659996
2026-03-16,302.55,309.45,302.0,308.25,37472204
2026-03-17,309.95,309.95,304.05,304.85,25649286
2026-03-18,305.9,306.95,303.5,304.05,16702554
2026-03-19,301.5,305.5,297.1,298.0,17851126
2026-03-20,301.05,308.75,298.15,299.95,58679529
2026-03-23,298.9,299.0,289.55,290.45,31788160
2026-03-24,295.95,296.0,288.75,291.25,33335721
2026-03-25,292.7,298.5,292.25,295.7,26184716
2026-03-27,294.7,296.85,291.55,294.7,22179022
2026-03-30,293.6,294.45,287.0,287.7,24586921
2026-04-01,293.0,294.45,290.9,291.7,18604340
2026-04-02,290.25,293.65,288.4,292.85,18082775
2026-04-06,293.0,295.35,290.25,294.85,18047063
2026-04-07,294.15,299.0,292.75,298.45,26963485
2026-04-08,303.9,304.6,301.55,302.45,22310207
2026-04-09,301.5,304.4,301.25,303.0,17691477
2026-04-10,303.0,305.4,302.6,304.25,17744386
2026-04-13,300.0,301.45,298.1,298.65,16522014
2026-04-15,300.7,304.0,300.55,302.05,18701403
2026-04-16,302.95,305.35,301.85,303.4,16512053
2026-04-17,303.85,309.95,303.85,306.8,35111203
2026-04-20,307.0,307.95,304.45,305.0,13540471
2026-04-21,305.0,311.1,304.55,309.65,24411865
2026-04-22,310.0,310.55,305.1,305.5,24500511
2026-04-23,304.0,306.35,303.25,305.3,10701849
2026-04-24,306.65,306.65,301.1,301.6,17011704
2026-04-27,303.65,305.65,302.85,303.85,14382348
2026-04-28,304.4,305.8,302.55,304.45,12907339
2026-04-29,305.1,317.5,305.1,316.25,31199038
2026-04-30,316.25,317.5,313.3,314.9,11541956
2026-05-04,317.9,317.9,310.5,311.1,20245091
2026-05-06,312.8,313.6,309.25,310.7,20287609
2026-05-07,311.45,311.65,307.0,307.4,25718615
2026-05-08,308.9,308.9,305.7,307.45,17739844
2026-05-11,307.0,308.0,305.15,305.85,14968661
2026-05-12,305.35,306.25,300.1,300.7,15968338
2026-05-13,302.0,305.8,301.05,304.45,13024778
2026-05-14,305.0,309.2,304.85,307.2,11113377
2026-05-15,307.2,312.05,306.3,309.45,11954564
2026-05-18,309.45,312.3,306.5,310.15,14422870
2026-05-19,311.95,314.25,308.35,310.3,17519355
2026-05-20,309.0,309.65,306.2,307.55,12127920
2026-05-21,309.85,311.3,305.8,308.05,21868988
2026-05-22,305.9,307.0,301.0,301.7,30751752
2026-05-25,303.95,305.5,302.35,303.95,15734247
2026-05-26,304.35,304.4,301.1,301.65,37560542
2026-05-27,295.65,296.35,291.05,291.95,25446093
2026-05-29,292.0,292.4,285.9,286.9,31930439
2026-06-01,287.8,288.55,278.3,279.65,23477875
2026-06-02,279.5,283.6,277.1,283.25,20206131
2026-06-03,282.35,282.35,275.2,277.0,28001438
2026-06-04,277.0,280.65,275.05,280.3,22017634
2026-06-05,280.0,281.4,277.85,280.7,16065822
2026-06-08,279.0,283.45,276.95,279.45,15779677
2026-06-09,281.7,281.7,277.15,280.0,12302522
2026-06-10,280.0,285.85,278.65,283.65,19823743
2026-06-11,283.0,283.25,281.2,282.4,12603100
2026-06-12,283.55,285.85,283.0,285.1,12893433
2026-06-15,287.0,288.85,286.7,287.9,11194950
2026-06-16,288.15,292.15,287.5,291.65,14467499
2026-06-17,291.95,292.35,290.0,290.75,8626353
2026-06-18,291.05,291.9,288.0,291.15,10409670
2026-06-19,289.8,294.55,288.4,292.5,13874008
2026-06-22,292.8,293.95,290.05,291.25,9947873
2026-06-23,291.25,293.15,289.65,290.0,9410364
2026-06-24,290.0,291.4,289.45,290.35,6218635
2026-06-25,290.35,292.25,289.2,290.0,11230239
2026-06-29,290.45,291.9,289.35,290.7,10110022
2026-06-30,291.5,291.6,285.5,286.95,18180676
2026-07-01,287.85,291.0,287.1,290.3,6551425
2026-07-02,290.7,291.0,287.7,289.9,12722639
2026-07-03,291.3,291.6,289.0,289.95,6517591
2026-07-06,289.95,290.4,287.6,288.25,27126124
2026-07-07,288.3,290.7,286.55,288.75,18491160
2026-07-08,286.9,287.85,280.0,280.65,21593793
2026-07-09,281.25,284.4,281.0,282.05,12512120
2026-07-10,282.85,283.65,280.85,281.75,11774274
2026-07-13,281.35,281.5,279.5,279.65,12559492
2026-07-14,279.25,280.65,275.0,275.55,15018851
2026-07-15,276.65,277.7,275.3,276.65,8523722
2026-07-16,277.0,280.45,276.0,279.35,11220653
2026-07-17,279.35,281.95,277.8,280.7,15215868
2026-07-20,280.7,283.7,279.5,282.7,9913943
2026-07-21,283.0,283.95,278.8,281.0,9858768
2026-07-22,280.5,282.2,278.5,280.8,12995017
2026-07-23,279.95,284.0,279.65,281.3,21143589
2026-07-24,279.55,284.85,279.55,283.45,24954082
2026-07-27,287.75,287.9,285.5,285.85,19312804
2026-07-28,284.9,287.95,282.3,284.65,14843878
2026-07-29,285.6,289.05,284.15,286.25,19030590
2026-07-30,286.1,288.4,283.75,285.05,18283697
2026-07-31,285.55,285.8,280.05,281.0,16833813
2026-08-03,284.45,292.55,283.0,287.0,45392755
2026-08-04,286.05,289.0,284.7,289.0,12689243
2026-08-05,288.25,288.5,285.0,286.95,11771241
2026-08-07,285.0,286.1,284.4,286.1,6128841
2026-08-10,286.1,286.1,281.4,282.65,9347929
2026-08-11,282.0,282.6,278.0,279.0,13053722
2026-08-12,279.0,279.55,275.4,276.15,12630816
2026-08-14,278.35,278.35,275.95,278.2,7338537
2026-08-17,278.2,278.2,273.0,273.05,12795275
2026-08-18,273.05,273.65,269.15,270.0,14561572
2026-08-19,270.0,270.95,265.85,267.05,13821291
2026-08-20,268.2,271.65,265.0,271.65,28272797
2026-08-21,271.6,271.6,269.0,269.4,8312928
2026-08-24,270.6,270.6,267.0,269.7,8518400
2026-08-25,269.7,271.4,267.65,271.4,8414719
2026-08-26,271.85,273.95,270.25,270.25,11693367
2026-08-27,269.5,271.25,268.0,269.0,8834890
2026-08-28,269.0,269.0,264.8,266.0,15200847
2026-08-31,266.0,266.55,255.5,255.5,24575845
2026-09-01,261.5,268.2,261.5,266.6,31258553
2026-09-02,266.0,269.0,262.8,266.3,14643482
2026-09-03,266.5,267.6,262.35,263.0,17813663
2026-09-04,264.0,266.25,262.65,264.1,9519153
2026-09-07,264.1,264.95,262.95,263.5,6688002
2026-09-08,263.5,265.9,262.7,263.5,7406617
2026-09-09,263.65,264.5,260.2,260.8,10065188
2026-09-10,261.0,263.9,259.1,259.3,17541602
2026-09-11,258.0,261.65,257.7,259.85,11116049
