Date,Open,High,Low,Close,Volume
2010-06-10,739.0,746.65,732.75,744.1,431826
2010-06-11,753.8,766.5,745.0,759.35,548466
2010-06-14,762.0,772.0,759.35,770.0,365084
2010-06-15,773.7,774.95,764.0,770.65,272968
2010-06-16,773.0,775.3,758.9,764.75,396283
2010-06-17,759.75,775.95,753.1,772.8,568162
2010-06-18,774.0,780.0,765.25,773.05,380470
2010-06-21,777.0,799.2,777.0,793.4,658388
2010-06-22,789.8,807.0,787.25,793.35,1028712
2010-06-23,781.5,803.85,781.0,784.1,498460
2010-06-24,775.0,775.0,750.0,756.1,18782983
2010-06-25,758.7,763.45,749.0,750.7,728489
2010-06-28,750.0,767.0,750.0,762.95,847734
2010-06-29,766.0,766.0,741.6,744.55,691236
2010-06-30,744.0,773.4,744.0,770.95,2375570
2010-07-01,769.9,776.4,756.5,770.15,678480
2010-07-02,772.2,775.9,756.7,759.45,445884
2010-07-05,761.0,765.0,751.25,763.1,261129
2010-07-06,764.0,769.5,757.05,765.55,332291
2010-07-07,766.9,766.9,745.1,751.5,355390
2010-07-08,760.0,765.0,755.7,760.05,340117
2010-07-09,761.0,772.75,756.95,763.6,368039
2010-07-12,765.5,771.6,758.1,759.85,588352
2010-07-13,759.0,764.2,752.1,761.3,567198
2010-07-14,763.1,773.1,752.0,754.9,894138
2010-07-15,758.0,767.5,753.4,760.75,991327
2010-07-16,763.0,785.8,761.5,783.45,1167823
2010-07-19,785.0,797.0,780.0,792.25,1178327
2010-07-20,792.1,797.5,773.4,782.25,606479
2010-07-21,790.5,790.5,762.05,784.95,2374274
2010-07-22,790.0,790.0,762.75,769.5,1582740
2010-07-23,778.0,778.0,765.1,769.75,816338
2010-07-26,774.9,774.9,761.2,763.7,395946
2010-07-27,770.0,772.7,762.0,766.85,483117
2010-07-28,770.8,773.75,760.15,765.6,399207
2010-07-29,767.8,770.95,761.4,764.9,783863
2010-07-30,763.0,780.95,763.0,771.25,583749
2010-08-02,776.0,788.0,772.45,783.45,723702
2010-08-03,788.0,805.95,783.15,801.3,1244156
2010-08-04,805.05,826.5,801.2,824.2,1547393
2010-08-05,825.0,839.45,820.1,824.55,1514415
2010-08-06,820.0,827.0,808.35,811.55,513789
2010-08-09,812.2,824.0,810.3,823.25,372119
2010-08-10,826.5,838.95,805.2,809.5,722447
2010-08-11,807.0,817.0,799.1,809.05,728839
2010-08-12,809.05,816.55,796.1,803.65,634520
2010-08-13,808.0,833.0,807.0,829.3,1051886
2010-08-16,832.0,845.9,824.8,829.7,1169683
2010-08-17,834.85,844.6,823.0,833.25,762726
2010-08-18,838.9,844.85,829.05,840.5,551758
2010-08-19,844.0,864.0,834.05,859.05,1093688
2010-08-20,854.95,869.0,852.0,862.7,902836
2010-08-23,861.3,873.7,860.0,868.35,367479
2010-08-24,870.0,878.0,852.35,858.05,841725
2010-08-25,858.0,862.0,835.6,838.85,635515
2010-08-26,845.75,846.6,827.05,839.9,1088122
2010-08-27,835.0,847.2,832.35,838.3,500453
2010-08-30,847.85,859.9,840.0,846.45,403883
2010-08-31,847.8,849.0,818.55,828.55,548429
2010-09-01,835.65,835.65,815.3,830.0,591835
2010-09-02,845.65,845.65,810.6,815.85,806916
2010-09-03,820.0,833.0,817.5,827.95,629728
2010-09-06,833.7,838.8,828.4,835.95,618607
2010-09-07,839.2,856.35,835.95,848.8,971300
2010-09-08,850.05,853.9,840.0,846.55,736774
2010-09-09,849.5,867.5,849.5,864.6,1141001
2010-09-13,437.55,459.8,435.3,454.7,1936801
2010-09-14,454.0,490.95,454.0,475.65,3911134
2010-09-15,479.0,506.0,470.15,473.85,4834804
2010-09-16,478.8,484.9,463.05,466.55,3027176
2010-09-17,470.55,478.0,468.1,473.25,1660072
2010-09-20,476.0,482.7,471.05,474.75,1420480
2010-09-21,477.0,496.4,476.05,488.15,3306944
2010-09-22,491.1,495.9,483.45,491.45,1664425
2010-09-23,492.1,494.95,480.0,482.65,1189283
2010-09-24,478.0,487.9,478.0,484.0,1289756
2010-09-27,484.0,494.9,483.55,486.45,1280807
2010-09-28,489.0,490.0,481.5,487.8,1051422
2010-09-29,493.0,493.2,480.0,484.1,783086
2010-09-30,481.5,485.0,471.15,476.3,2167504
2010-10-01,479.7,502.9,477.8,496.55,1717003
2010-10-04,505.65,512.0,502.65,508.5,1230465
2010-10-05,513.0,517.2,507.0,512.65,1067238
2010-10-06,515.25,522.45,512.0,516.95,962274
2010-10-07,516.95,523.2,509.05,512.8,1273490
2010-10-08,512.8,516.25,498.0,503.2,800018
2010-10-11,510.6,524.0,506.65,519.95,1057305
2010-10-12,520.0,523.15,499.2,503.0,2227422
2010-10-13,504.6,524.0,503.05,521.6,1431038
2010-10-14,525.0,526.55,510.6,514.8,1023006
2010-10-15,515.0,516.3,507.0,508.55,940932
2010-10-18,511.0,511.0,497.05,509.1,1129862
2010-10-19,513.4,516.85,501.75,504.95,1318199
2010-10-20,504.95,514.5,497.15,501.6,1416191
2010-10-21,505.0,506.0,490.6,503.0,2606754
2010-10-22,505.0,506.45,492.0,494.45,985015
2010-10-25,497.0,504.0,495.2,502.05,719946
2010-10-26,503.2,503.2,490.7,492.1,1162164
2010-10-27,492.5,493.85,474.15,480.1,1934445
2010-10-28,481.5,490.0,472.6,477.9,2416002
2010-10-29,478.0,480.0,455.0,464.25,1758212
2010-11-01,471.1,474.3,465.1,468.15,1043832
2010-11-02,470.85,477.4,465.5,474.45,1189447
2010-11-03,478.75,489.5,475.1,486.05,1153451
2010-11-04,487.2,495.3,484.5,490.3,1188749
2010-11-05,495.7,495.7,492.0,494.4,236809
2010-11-08,497.0,497.0,480.65,491.95,894175
2010-11-09,493.0,494.9,486.15,492.4,566540
2010-11-10,494.0,494.0,483.25,486.3,802217
2010-11-11,488.0,497.55,485.15,488.65,841816
2010-11-12,483.0,488.95,472.3,478.05,1008742
2010-11-15,478.0,492.9,470.0,482.45,1026408
2010-11-16,485.7,486.6,473.05,482.45,1669358
2010-11-18,482.0,487.8,465.0,482.25,1358698
2010-11-19,479.7,480.85,457.25,461.7,1280664
2010-11-22,468.0,483.6,463.0,481.45,674215
2010-11-23,479.15,481.95,468.3,479.2,896297
2010-11-24,481.9,485.0,472.0,475.8,546183
2010-11-25,475.0,476.0,450.8,458.8,1512654
2010-11-26,460.0,473.5,435.0,461.0,723736
2010-11-29,461.5,468.0,450.05,466.05,550296
2010-11-30,464.95,480.0,455.0,476.7,597808
2010-12-01,474.0,487.0,474.0,480.15,856100
2010-12-02,484.0,492.0,479.05,488.55,967704
2010-12-03,488.55,492.0,482.1,485.85,371735
2010-12-06,485.85,495.0,474.6,480.2,701902
2010-12-07,478.1,481.1,461.55,463.95,1190532
2010-12-08,464.9,469.0,453.7,466.45,899909
2010-12-09,470.0,471.0,439.85,452.75,896944
2010-12-10,452.75,474.0,450.0,472.2,994655
2010-12-13,474.0,475.05,454.55,469.2,674755
2010-12-14,470.0,473.6,460.3,467.55,1093380
2010-12-15,467.0,467.0,444.1,449.85,1506188
2010-12-16,450.5,466.45,447.1,464.25,751432
2010-12-20,478.8,478.8,448.05,449.9,780574
2010-12-21,453.7,459.25,450.0,454.75,933806
2010-12-22,459.0,459.0,451.25,454.45,583371
2010-12-23,454.0,455.7,446.7,449.1,743716
2010-12-24,449.1,453.0,446.1,450.95,812729
2010-12-27,451.5,454.7,444.15,447.45,299888
2010-12-28,449.5,453.0,445.5,449.15,750900
2010-12-29,453.0,453.5,446.5,448.9,700517
2010-12-30,451.05,452.0,442.5,444.95,1108721
2010-12-31,445.0,457.0,445.0,453.65,447707
2011-01-03,457.9,459.95,455.9,457.1,440180
2011-01-04,457.0,464.0,457.0,460.5,632608
2011-01-05,460.0,464.85,446.0,448.9,593505
2011-01-06,450.0,454.9,442.8,445.1,460618
2011-01-07,442.0,449.6,431.9,435.2,885425
2011-01-10,434.0,435.2,402.0,412.9,1526405
2011-01-11,413.85,429.45,405.5,417.9,1274969
2011-01-12,420.1,429.5,415.0,423.75,1011401
2011-01-13,425.0,432.8,402.7,406.65,1041864
2011-01-14,407.0,422.85,393.6,397.7,807245
2011-01-17,400.7,409.9,394.5,403.8,782079
2011-01-18,408.9,414.0,401.5,405.2,838324
2011-01-19,408.45,417.9,403.1,413.7,813350
2011-01-20,414.7,421.0,407.4,418.9,1211124
2011-01-21,418.0,420.9,411.0,413.6,547007
2011-01-24,415.1,422.4,410.15,414.15,601036
2011-01-25,415.9,420.7,403.5,405.1,724966
2011-01-27,408.0,409.0,390.0,392.3,885091
2011-01-28,392.0,394.5,374.25,379.55,970798
2011-01-31,378.9,387.7,369.45,385.25,813831
2011-02-01,385.75,393.35,374.0,376.75,1170666
2011-02-02,377.65,386.95,367.25,372.4,786108
2011-02-03,371.9,381.95,368.55,378.55,416059
2011-02-04,378.05,381.0,356.35,359.75,750798
2011-02-07,361.75,366.5,358.1,359.8,975344
2011-02-08,360.3,364.25,335.05,337.95,1052868
2011-02-09,335.2,362.6,333.0,355.95,2172700
2011-02-10,355.05,370.6,347.15,363.0,1174016
2011-02-11,363.5,382.5,356.0,378.1,911404
2011-02-14,379.1,401.0,379.1,398.15,1028406
2011-02-15,398.0,417.0,392.5,411.35,1502543
2011-02-16,410.9,414.0,400.2,409.4,1608292
2011-02-17,409.0,414.85,405.0,411.85,860033
2011-02-18,414.0,420.6,406.05,408.5,1473699
2011-02-21,408.55,415.0,405.55,412.15,712281
2011-02-22,409.9,414.5,401.05,408.8,939217
2011-02-23,408.05,411.8,405.25,407.95,955620
2011-02-24,404.5,408.5,390.75,402.05,5353573
2011-02-25,402.0,409.9,388.7,404.0,763702
2011-03-01,410.75,419.8,407.3,414.4,1016862
2011-03-03,414.5,426.0,405.0,414.85,1463526
2011-03-04,420.0,427.25,415.1,419.2,991659
2011-03-07,417.0,419.4,406.0,416.25,976913
2011-03-08,413.05,427.0,411.0,423.2,774085
2011-03-09,425.0,436.9,424.9,431.75,1632541
2011-03-10,429.0,430.3,421.5,427.0,749358
2011-03-11,421.0,423.95,412.65,420.25,1112533
2011-03-14,418.0,429.7,415.35,426.1,619781
2011-03-15,415.0,420.0,412.05,416.45,741040
2011-03-16,419.45,425.0,417.0,423.8,349876
2011-03-17,420.0,431.95,416.0,427.1,1042365
2011-03-18,432.9,432.9,420.05,422.65,1153668
2011-03-21,424.0,425.25,417.1,420.75,817791
2011-03-22,420.0,424.0,419.1,421.1,384408
2011-03-23,420.2,434.5,420.2,432.7,2423179
2011-03-24,434.0,449.35,434.0,446.2,886569
2011-03-25,448.6,455.0,441.25,453.35,2283882
2011-03-28,454.0,458.9,449.15,452.55,1015480
2011-03-29,451.9,458.8,451.2,456.2,848017
2011-03-30,457.45,461.6,453.8,459.1,653300
2011-03-31,459.2,463.0,452.35,457.85,1450453
2011-04-01,457.05,462.0,448.1,451.0,508838
2011-04-04,450.0,464.0,446.25,461.15,729317
2011-04-05,465.0,465.0,451.6,456.1,489562
2011-04-06,456.5,459.25,448.15,450.5,682345
2011-04-07,449.7,453.8,442.9,445.55,813512
2011-04-08,444.55,449.0,439.1,442.15,315937
2011-04-11,440.2,447.0,440.2,442.7,688266
2011-04-13,441.0,458.0,439.05,455.9,735695
2011-04-15,453.95,460.7,449.3,451.95,693759
2011-04-18,453.0,454.7,445.0,449.75,1496808
2011-04-19,446.0,448.75,440.0,442.6,442823
2011-04-20,446.25,461.8,443.55,460.35,553514
2011-04-21,460.85,464.55,455.0,461.5,332576
2011-04-25,456.0,472.4,454.2,469.65,508794
2011-04-26,469.0,469.7,453.1,464.05,590237
2011-04-27,464.05,469.4,454.6,458.0,467889
2011-04-28,460.25,464.0,437.25,441.25,850458
2011-04-29,443.0,447.2,421.1,430.1,575881
2011-05-02,434.5,435.05,410.35,413.1,711737
2011-05-03,413.75,423.2,408.35,412.55,1575439
2011-05-04,413.0,420.6,411.3,412.95,1300603
2011-05-05,412.8,424.9,402.8,422.0,2844725
2011-05-06,425.0,434.45,424.05,432.25,821466
2011-05-09,435.0,435.85,422.8,428.9,287413
2011-05-10,430.0,430.9,419.1,422.15,411436
2011-05-11,427.0,427.0,418.0,423.7,527041
2011-05-12,423.65,428.1,410.0,412.4,784095
2011-05-13,412.0,424.0,412.0,419.95,799101
2011-05-16,418.0,422.7,410.1,411.1,280511
2011-05-17,410.0,416.35,407.55,410.35,831028
2011-05-18,410.5,415.75,409.55,410.5,342538
2011-05-19,413.0,415.0,408.95,409.7,680518
2011-05-20,412.0,420.8,410.05,416.95,573563
2011-05-23,413.75,416.0,403.9,409.6,966407
2011-05-24,409.0,417.0,408.0,412.25,577398
2011-05-25,410.2,424.0,410.2,421.5,2720753
2011-05-26,421.65,431.0,419.5,427.9,1249865
2011-05-27,426.0,441.0,426.0,438.1,1428270
2011-05-30,436.5,444.0,431.15,434.5,415052
2011-05-31,436.0,445.0,434.5,441.45,587171
2011-06-01,441.1,446.85,439.0,441.1,164679
2011-06-02,437.8,440.0,429.2,432.05,617786
2011-06-03,432.0,439.45,432.0,435.6,657094
2011-06-06,432.3,443.9,432.3,442.9,1083485
2011-06-07,439.4,449.6,439.0,447.75,1151133
2011-06-08,446.0,452.0,442.3,445.3,860303
2011-06-09,443.05,450.0,437.5,439.55,231715
2011-06-10,440.55,443.3,435.4,440.5,844165
2011-06-13,437.25,447.0,437.25,443.6,745804
2011-06-14,444.15,451.9,444.15,447.95,4716206
2011-06-15,448.15,449.8,437.35,439.15,287237
2011-06-16,430.0,448.65,430.0,440.05,773844
2011-06-17,443.8,447.85,437.0,439.9,3931799
2011-06-20,439.0,446.0,429.3,433.25,1144407
2011-06-21,432.35,443.0,432.35,435.2,501560
2011-06-22,439.5,440.0,428.1,430.45,359821
2011-06-23,431.0,436.5,426.45,434.05,403192
2011-06-24,435.3,449.5,435.3,447.5,1044504
2011-06-27,446.7,457.6,445.0,456.0,1214592
2011-06-28,456.0,464.8,452.05,460.7,1184697
2011-06-29,464.05,467.45,459.2,464.4,568848
2011-06-30,463.0,483.5,462.05,479.35,1545736
2011-07-01,483.0,484.0,471.65,473.4,413790
2011-07-04,478.7,494.9,474.45,488.15,768073
2011-07-05,490.0,490.9,478.55,484.1,422826
2011-07-06,484.0,485.7,476.65,478.8,251465
2011-07-07,478.0,491.0,476.8,488.55,511243
2011-07-08,489.0,491.0,478.0,480.9,672105
2011-07-11,480.0,484.4,477.55,482.5,574046
2011-07-12,475.15,482.25,469.5,475.75,588522
2011-07-13,479.9,493.7,474.75,490.3,3559822
2011-07-14,488.0,501.4,487.5,497.55,5263370
2011-07-15,494.25,496.95,487.4,488.95,581696
2011-07-18,491.9,491.9,482.2,488.45,402699
2011-07-19,487.0,504.9,486.45,500.7,1388278
2011-07-20,503.1,508.95,488.2,490.65,733739
2011-07-21,489.6,492.5,473.1,475.95,1752544
2011-07-22,477.55,489.1,476.1,485.55,778295
2011-07-25,485.9,488.4,476.7,486.8,666869
2011-07-26,488.4,490.0,462.85,466.1,1141831
2011-07-27,469.0,469.95,453.15,463.4,862612
2011-07-28,464.0,467.9,454.0,458.45,1630302
2011-07-29,458.45,458.45,441.35,445.05,1381034
2011-08-01,449.0,459.75,447.35,454.2,776896
2011-08-02,451.3,459.65,446.25,457.9,1706455
2011-08-03,450.55,463.6,450.5,458.6,1171038
2011-08-04,460.65,463.0,450.25,451.75,1008214
2011-08-05,438.0,449.0,432.5,439.75,1564244
2011-08-08,423.25,453.0,423.25,438.25,825940
2011-08-09,429.0,451.0,425.0,448.05,1262010
2011-08-10,459.0,463.55,451.0,459.1,1014799
2011-08-11,454.9,477.1,453.1,470.2,877892
2011-08-12,478.0,478.0,454.2,458.5,520550
2011-08-16,461.0,464.8,440.2,442.5,342491
2011-08-17,445.0,453.75,430.3,445.5,842346
2011-08-18,445.0,449.95,430.1,435.05,795375
2011-08-19,425.55,441.8,424.1,433.4,973385
2011-08-22,432.5,437.55,425.5,430.15,844748
2011-08-23,431.65,439.0,428.0,430.05,662318
2011-08-24,426.0,437.5,426.0,428.85,841052
2011-08-25,433.75,434.0,419.0,422.95,892348
2011-08-26,423.0,427.45,411.0,414.55,973623
2011-08-29,417.0,444.0,415.0,441.3,939442
2011-08-30,449.0,449.0,435.35,442.7,736635
2011-09-02,455.95,458.5,438.1,443.05,870710
2011-09-05,441.7,448.2,438.2,446.2,742654
2011-09-06,442.35,461.9,435.5,458.85,1070129
2011-09-07,463.45,470.2,459.0,468.6,862258
2011-09-08,469.0,474.0,461.0,469.65,588099
2011-09-09,470.35,471.0,457.1,459.7,554690
2011-09-12,452.95,459.75,448.4,453.85,702354
2011-09-13,454.0,469.7,454.0,463.4,1163218
2011-09-14,466.0,468.95,458.3,466.5,567848
2011-09-15,466.5,482.3,466.5,480.0,1840142
2011-09-16,482.0,484.65,468.5,470.65,1329544
2011-09-19,466.3,476.0,465.0,473.65,539995
2011-09-20,472.0,481.4,470.55,479.4,566984
2011-09-21,477.65,485.0,476.45,480.55,561880
2011-09-22,471.0,474.0,454.15,456.9,502904
2011-09-23,454.15,465.9,446.0,454.75,1046910
2011-09-26,455.5,461.35,444.15,457.9,474960
2011-09-27,461.0,470.5,460.5,468.3,583755
2011-09-28,465.25,466.85,454.7,461.75,556193
2011-09-29,458.15,480.0,456.75,476.4,692013
2011-09-30,475.8,475.8,453.25,459.7,516508
2011-10-03,454.8,454.85,442.0,446.25,484194
2011-10-04,445.75,454.0,437.0,441.35,708205
2011-10-05,441.1,447.85,424.6,429.4,831930
2011-10-07,441.0,454.95,441.0,446.75,575842
2011-10-10,443.05,456.9,443.0,454.45,246524
2011-10-11,457.9,463.0,451.35,453.1,446643
2011-10-12,458.5,474.9,454.4,471.15,543003
2011-10-13,474.0,477.95,468.35,473.9,702659
2011-10-14,469.2,479.85,467.2,475.4,7937838
2011-10-17,480.4,480.4,467.5,472.05,360014
2011-10-18,468.9,472.85,462.0,464.7,505148
2011-10-19,468.15,476.0,466.4,475.4,389527
2011-10-20,470.05,473.0,461.9,471.8,334083
2011-10-21,473.85,474.25,464.25,465.85,253206
2011-10-24,469.7,476.9,469.0,470.85,401922
2011-10-25,471.55,503.65,465.0,495.7,2628751
2011-10-26,498.05,499.55,491.2,494.5,119757
2011-10-28,505.05,520.0,499.05,510.4,1433622
2011-10-31,510.45,513.3,502.7,512.4,692404
2011-11-01,506.65,515.1,497.15,504.65,591003
2011-11-02,499.25,507.8,497.55,501.65,640335
2011-11-03,499.4,506.0,492.35,504.7,452776
2011-11-04,506.5,510.0,498.05,502.2,409845
2011-11-08,502.1,505.0,491.4,499.4,511623
2011-11-09,502.1,503.6,491.8,493.9,651208
2011-11-11,490.5,504.0,490.0,500.1,1106187
2011-11-14,505.0,510.75,500.55,502.35,823820
2011-11-15,502.0,506.95,485.75,491.35,376397
2011-11-16,485.1,498.0,481.7,491.25,569775
2011-11-17,492.0,493.35,471.1,477.85,350906
2011-11-18,478.0,478.0,462.8,474.95,368648
2011-11-21,473.0,473.0,458.0,461.6,343529
2011-11-22,461.0,471.7,450.1,451.9,377148
2011-11-23,447.7,453.8,437.7,441.45,1299898
2011-11-24,441.1,448.95,428.15,442.25,1180353
2011-11-25,441.0,452.5,435.8,447.15,694891
2011-11-28,453.0,475.0,450.15,468.25,501524
2011-11-29,472.8,472.8,452.0,455.05,709659
2011-11-30,450.0,469.9,449.0,466.7,850288
2011-12-01,479.1,489.0,472.5,478.8,679513
2011-12-02,482.5,498.0,475.25,495.85,567439
2011-12-05,495.5,496.25,486.5,491.2,504886
2011-12-07,494.0,501.0,489.9,492.3,895625
2011-12-08,491.0,492.5,478.1,484.1,550931
2011-12-09,477.0,493.85,474.2,488.9,543652
2011-12-12,492.0,496.95,479.45,484.5,732307
2011-12-13,479.65,489.9,475.0,486.4,1024727
2011-12-14,486.4,495.4,483.05,488.2,824295
2011-12-15,483.0,488.0,478.1,483.5,522904
2011-12-16,485.85,496.0,470.25,481.55,854763
2011-12-19,478.0,482.0,465.1,467.75,823088
2011-12-20,470.0,472.7,440.0,445.05,1639430
2011-12-21,457.5,477.8,434.3,464.75,1757475
2011-12-22,463.25,467.55,452.3,462.55,982281
2011-12-23,464.0,466.85,452.1,457.05,550747
2011-12-26,460.0,464.8,455.2,463.35,310939
2011-12-27,464.05,465.0,449.85,452.6,333566
2011-12-28,449.95,457.8,442.0,454.3,1026880
2011-12-29,451.1,455.75,442.25,445.95,502001
2011-12-30,448.0,448.0,426.95,430.55,647341
2012-01-02,432.9,433.5,418.1,421.75,482383
2012-01-03,425.5,453.65,425.5,449.95,1076964
2012-01-04,449.0,449.0,436.5,439.35,610159
2012-01-05,440.0,448.0,432.05,445.45,1398035
2012-01-06,441.0,461.0,441.0,453.95,939793
2012-01-09,447.15,456.8,445.15,453.2,660192
2012-01-10,456.0,469.75,455.2,466.5,539628
2012-01-11,466.5,469.95,459.0,465.25,466065
2012-01-12,462.25,478.0,461.5,467.25,1142349
2012-01-13,469.95,475.9,461.0,472.55,669830
2012-01-16,468.85,475.0,457.0,461.35,632500
2012-01-17,464.0,479.25,464.0,476.8,1007120
2012-01-18,477.8,479.8,456.1,462.65,788306
2012-01-19,467.25,475.0,465.0,474.3,781614
2012-01-20,478.0,498.25,470.55,494.3,1646368
2012-01-23,496.9,500.0,474.25,477.3,1322107
2012-01-24,479.2,498.5,472.65,495.8,1369248
2012-01-25,497.9,498.0,482.0,495.55,1062587
2012-01-27,500.5,502.0,483.5,492.95,757532
2012-01-30,486.65,494.15,475.05,478.4,521811
2012-01-31,480.0,500.0,478.8,498.35,526836
2012-02-01,498.0,512.0,492.0,510.95,1371501
2012-02-02,513.0,515.4,498.25,511.05,1457784
2012-02-03,511.25,520.0,499.95,518.7,1045221
2012-02-06,524.0,525.0,513.05,520.3,489638
2012-02-07,522.0,538.5,517.0,535.5,1080790
2012-02-08,534.0,539.0,527.2,533.2,746416
2012-02-09,528.25,555.0,528.25,551.15,1121286
2012-02-10,551.0,559.0,541.25,546.7,2109223
2012-02-13,550.0,570.0,544.5,566.75,966580
2012-02-14,565.3,569.45,557.5,559.85,694325
2012-02-15,564.0,575.85,560.25,573.75,1081883
2012-02-16,570.0,579.4,564.9,574.5,722287
2012-02-17,580.0,584.0,573.05,576.1,877101
2012-02-21,574.85,584.95,569.35,576.4,1821024
2012-02-22,574.95,582.1,563.25,567.4,946289
2012-02-23,564.0,574.0,555.6,567.45,1609851
2012-02-24,568.9,575.7,546.6,551.55,730059
2012-02-27,551.7,551.7,530.25,543.25,649234
2012-02-28,544.0,567.0,544.0,551.2,1230352
2012-02-29,556.0,565.8,541.25,547.75,646878
2012-03-01,543.0,574.0,541.5,554.8,616528
2012-03-02,560.0,576.35,548.25,565.5,966062
2012-03-05,561.4,563.8,555.15,558.7,829261
2012-03-06,556.0,569.0,546.2,550.65,637742
2012-03-07,548.0,557.0,543.5,552.15,464911
2012-03-09,560.5,564.8,551.65,558.45,729443
2012-03-12,571.0,571.0,556.85,561.85,584087
2012-03-13,565.0,575.0,563.05,569.45,780963
2012-03-14,575.5,575.75,565.8,572.35,814752
2012-03-15,571.0,575.9,549.1,558.8,614367
2012-03-16,558.55,566.9,535.25,539.15,677373
2012-03-19,536.0,537.9,525.0,531.5,494027
2012-03-20,529.0,541.6,521.55,538.8,799850
2012-03-21,535.0,546.5,535.0,544.85,781634
2012-03-22,544.9,545.5,512.0,517.65,636613
2012-03-23,522.0,532.6,514.05,525.6,707051
2012-03-26,525.0,538.8,523.1,531.15,908996
2012-03-27,539.9,546.7,530.8,539.3,778881
2012-03-28,538.75,538.75,518.5,521.15,677003
2012-03-29,512.65,536.25,510.5,524.6,961300
2012-03-30,527.8,551.2,524.05,545.35,474911
2012-04-02,546.25,559.8,546.25,556.0,733911
2012-04-03,560.0,563.6,555.45,559.45,847327
2012-04-04,558.4,558.4,548.8,550.9,288828
2012-04-09,544.1,553.9,531.0,534.0,383369
2012-04-10,536.55,549.55,533.55,547.05,575897
2012-04-11,543.5,564.3,537.7,558.35,664890
2012-04-12,561.85,569.9,558.35,567.5,644696
2012-04-13,569.5,583.95,567.55,581.5,1149449
2012-04-16,579.05,589.0,579.05,583.9,489515
2012-04-17,583.5,591.45,572.2,582.1,806011
2012-04-18,586.0,588.95,576.55,579.6,435478
2012-04-19,584.0,599.8,574.5,594.55,457689
2012-04-20,597.7,602.75,585.3,592.1,497240
2012-04-23,595.95,596.35,574.45,580.95,353205
2012-04-24,582.0,588.45,563.3,569.65,915937
2012-04-25,570.1,575.0,557.5,565.15,668285
2012-04-26,565.15,585.95,562.4,582.85,800379
2012-04-27,584.5,591.0,574.0,583.15,373937
2012-04-30,579.55,590.8,579.15,582.8,396480
2012-05-02,583.55,593.9,582.1,586.6,287309
2012-05-03,581.8,591.75,577.75,582.15,1194198
2012-05-04,578.0,578.05,559.35,564.05,860327
2012-05-07,555.0,579.8,553.3,577.1,615887
2012-05-08,581.8,581.8,547.0,555.5,1130679
2012-05-09,546.65,550.0,527.4,533.55,903362
2012-05-10,538.8,553.9,533.7,541.65,661824
2012-05-11,536.0,553.0,531.55,542.15,603125
2012-05-14,540.25,544.85,530.0,541.0,587483
2012-05-15,536.0,548.35,535.6,544.45,533080
2012-05-16,535.0,559.45,534.6,553.2,1361382
2012-05-17,555.0,561.0,537.9,542.4,576138
2012-05-18,535.8,556.25,533.1,551.1,735027
2012-05-21,550.1,568.5,550.1,563.7,733432
2012-05-22,566.5,569.0,547.05,551.15,800984
2012-05-23,547.8,548.9,529.6,532.8,1027524
2012-05-24,534.8,548.0,528.4,545.1,804634
2012-05-25,542.0,549.0,538.0,544.15,365860
2012-05-28,545.3,558.0,542.6,554.85,358021
2012-05-29,556.55,562.85,551.0,559.45,428078
2012-05-30,555.0,556.0,548.2,551.55,338208
2012-05-31,544.9,566.0,541.45,563.5,1040839
2012-06-01,563.5,563.5,541.0,543.05,436907
2012-06-04,538.4,550.0,532.0,547.15,543950
2012-06-05,550.0,555.0,540.5,548.15,482280
2012-06-06,552.05,569.4,551.05,567.45,1214198
2012-06-07,570.25,571.0,561.3,565.3,746518
2012-06-08,564.0,578.0,557.8,574.1,644110
2012-06-11,576.05,582.0,573.4,576.85,657191
2012-06-12,573.0,589.0,572.2,586.6,902981
2012-06-13,586.05,592.95,584.0,585.75,702572
2012-06-14,581.3,586.5,566.0,568.2,585565
2012-06-15,569.15,585.75,569.15,581.1,934502
2012-06-18,586.95,589.3,565.65,569.25,1235366
2012-06-19,568.5,569.1,558.1,565.65,711398
2012-06-20,567.0,572.7,563.0,568.95,578840
2012-06-21,565.0,578.0,563.1,577.1,627139
2012-06-22,571.0,586.9,571.0,585.05,817246
2012-06-25,587.7,588.0,570.6,572.3,568511
2012-06-26,573.55,582.45,572.45,580.45,678049
2012-06-27,584.55,585.0,564.6,570.7,1183432
2012-06-28,572.1,580.0,568.5,575.85,1046824
2012-06-29,576.85,594.4,576.85,592.3,787056
2012-07-02,593.25,602.0,593.25,598.85,584658
2012-07-03,600.5,606.05,595.1,602.55,1326702
2012-07-04,603.25,604.0,593.7,596.35,579036
2012-07-05,595.75,602.0,590.35,600.5,463500
2012-07-06,600.0,607.7,593.7,602.75,822342
2012-07-09,599.0,600.25,591.4,596.55,388289
2012-07-10,596.6,602.0,592.75,599.15,638624
2012-07-11,598.7,612.9,596.5,607.15,1001497
2012-07-12,604.5,606.85,598.85,603.95,353240
2012-07-13,604.55,610.0,600.0,602.8,325985
2012-07-16,601.0,604.9,592.35,594.8,428975
2012-07-17,600.0,601.1,588.0,593.15,360021
2012-07-18,593.85,597.6,585.25,594.2,294667
2012-07-19,600.1,602.95,576.35,580.0,2973768
2012-07-20,574.0,576.0,558.1,563.05,1361860
2012-07-23,558.0,559.95,547.0,551.65,1259909
2012-07-24,553.25,558.65,542.25,544.25,1321339
2012-07-25,540.5,546.0,536.05,538.7,568655
2012-07-26,540.5,545.0,532.25,541.4,1342179
2012-07-27,547.0,551.6,524.1,529.55,1379036
2012-07-30,534.9,539.1,525.0,536.55,1102962
2012-07-31,539.0,540.8,524.55,535.75,1169494
2012-08-01,537.5,557.0,535.05,554.95,1040554
2012-08-02,555.0,558.8,550.0,554.95,1550475
2012-08-03,550.3,555.0,544.05,547.1,1188650
2012-08-06,553.0,565.0,552.25,561.2,1161550
2012-08-07,565.7,567.7,558.35,561.55,907155
2012-08-08,560.0,567.9,557.5,564.9,832322
2012-08-09,566.55,568.65,560.0,565.85,357353
2012-08-10,564.0,584.0,556.75,580.5,1036355
2012-08-13,580.0,587.5,575.3,583.7,1478553
2012-08-14,585.0,589.4,579.1,586.15,916259
2012-08-16,587.0,592.3,582.8,586.05,395475
2012-08-17,586.0,593.5,584.0,589.75,720996
2012-08-21,590.0,590.8,583.0,588.7,750690
2012-08-22,583.5,596.0,583.5,593.8,365237
2012-08-23,598.0,598.0,586.6,590.75,408322
2012-08-24,590.9,590.9,581.25,584.95,1883641
2012-08-27,584.5,586.1,572.15,574.9,768381
2012-08-28,578.65,580.95,568.0,576.45,1083732
2012-08-29,580.0,584.0,575.65,580.5,885411
2012-08-30,579.0,600.0,575.6,592.55,1122573
2012-08-31,590.8,590.8,571.6,574.1,687177
2012-09-03,577.25,581.0,571.5,574.75,642027
2012-09-04,572.5,577.7,568.25,572.85,662758
2012-09-05,571.8,571.8,562.95,569.05,418057
2012-09-06,564.5,576.0,564.25,573.35,228230
2012-09-07,580.55,582.6,574.75,576.7,576882
2012-09-10,576.0,581.0,569.65,571.4,395449
2012-09-11,568.9,586.4,566.5,583.3,309130
2012-09-12,586.0,586.5,577.15,584.65,300422
2012-09-13,584.7,586.7,580.0,584.2,240111
2012-09-14,591.0,610.9,586.95,609.35,1219231
2012-09-17,615.35,621.95,601.9,606.25,1104319
2012-09-18,606.1,610.8,590.5,599.5,475048
2012-09-20,593.0,606.95,591.0,602.65,436405
2012-09-21,605.0,626.0,601.9,622.45,1341852
2012-09-24,622.0,629.0,614.0,623.65,602782
2012-09-25,624.0,644.0,623.75,641.1,945531
2012-09-26,640.0,650.8,638.55,640.95,1140546
2012-09-27,642.15,647.9,640.15,644.65,656898
2012-09-28,648.5,650.9,643.35,648.75,542686
2012-10-01,648.5,652.15,639.3,645.1,264846
2012-10-03,644.25,645.95,635.75,639.35,640056
2012-10-04,641.0,652.5,636.05,639.6,833636
2012-10-05,642.3,650.6,546.9,638.7,1149008
2012-10-08,636.0,638.65,625.15,627.35,380802
2012-10-09,629.25,641.9,629.25,637.0,302078
2012-10-10,632.0,633.0,627.2,628.65,308507
2012-10-11,630.0,636.0,626.25,634.1,754596
2012-10-12,632.0,638.2,625.0,626.95,710704
2012-10-15,626.95,629.8,620.6,628.8,439506
2012-10-16,634.7,635.65,625.25,628.9,313136
2012-10-17,631.0,631.95,620.55,625.55,315349
2012-10-18,630.0,640.3,623.2,637.5,506126
2012-10-19,634.0,636.45,625.6,628.45,371932
2012-10-22,624.5,634.7,621.55,633.5,392721
2012-10-23,632.75,635.0,618.2,620.7,406695
2012-10-25,621.1,627.8,615.1,625.7,1749986
2012-10-26,624.0,624.0,608.05,614.95,398845
2012-10-29,616.45,621.55,608.1,610.1,784681
2012-10-30,611.0,612.6,596.5,598.65,1099104
2012-10-31,600.0,606.0,591.1,603.75,399391
2012-11-01,603.75,614.0,597.1,612.55,426487
2012-11-02,616.0,618.4,610.15,612.3,285320
2012-11-05,612.05,626.7,612.0,625.65,620149
2012-11-06,620.0,628.9,620.0,627.0,383318
2012-11-07,625.0,633.35,624.0,630.0,524994
2012-11-08,625.45,630.0,623.9,627.3,189902
2012-11-09,630.0,631.95,618.1,621.3,213240
2012-11-12,625.4,628.0,621.3,623.85,162675
2012-11-13,621.65,623.15,615.1,618.0,35462
2012-11-15,616.8,639.5,615.1,637.2,751983
2012-11-16,639.0,639.0,616.0,622.85,250348
2012-11-19,624.9,626.0,613.1,622.85,162506
2012-11-20,626.95,632.05,616.9,621.7,465656
2012-11-21,625.45,630.0,620.7,629.3,361849
2012-11-22,631.5,632.75,622.7,627.95,264917
2012-11-23,628.5,631.95,621.5,624.35,207885
2012-11-26,625.5,630.0,621.15,627.35,178057
2012-11-27,628.9,637.0,622.75,635.05,630002
2012-11-29,635.5,657.9,635.5,651.25,868651
2012-11-30,657.0,675.0,649.2,670.45,2029340
2012-12-03,670.0,670.0,658.0,666.15,469368
2012-12-04,667.5,674.5,661.25,671.05,589945
2012-12-05,671.95,673.85,660.05,663.3,580587
2012-12-06,666.7,670.0,652.15,665.3,557842
2012-12-07,668.9,670.95,661.55,664.05,362250
2012-12-10,665.1,676.5,661.85,673.6,411855
2012-12-11,674.5,677.0,658.6,667.0,747405
2012-12-12,668.95,672.9,657.15,660.3,760203
2012-12-13,662.1,663.2,646.15,652.45,687388
2012-12-14,654.25,667.5,652.95,664.75,331028
2012-12-17,664.0,666.3,653.35,661.35,404300
2012-12-18,662.9,666.6,651.8,663.75,414368
2012-12-19,668.0,669.0,658.25,667.75,627889
2012-12-20,664.0,668.0,658.1,662.05,363230
2012-12-21,658.0,661.3,647.0,649.55,383017
2012-12-24,653.4,654.35,641.95,646.65,320579
2012-12-26,646.1,653.6,640.1,648.9,444541
2012-12-27,650.6,654.5,647.45,649.8,909916
2012-12-28,651.95,656.1,646.75,650.95,354162
2012-12-31,649.15,653.55,646.5,650.05,618992
2013-01-01,652.95,656.9,648.75,649.95,666697
2013-01-02,654.0,664.5,652.2,656.9,1219290
2013-01-03,659.95,663.4,652.65,654.9,564955
2013-01-04,657.85,657.85,646.65,650.2,490939
2013-01-07,651.1,653.85,645.4,648.45,657874
2013-01-08,647.45,654.85,643.0,652.75,605087
2013-01-09,650.35,656.15,647.5,649.1,782421
2013-01-10,653.1,661.7,649.35,653.85,750441
2013-01-11,653.25,658.0,627.9,630.0,578269
2013-01-14,631.95,633.0,622.9,628.55,777412
2013-01-15,628.0,636.5,617.45,629.65,1109001
2013-01-16,630.7,633.0,622.1,624.6,605601
2013-01-17,624.0,630.0,620.35,627.9,623305
2013-01-18,626.25,630.5,619.2,629.75,2379997
2013-01-21,627.5,634.8,626.2,630.95,968996
2013-01-22,630.95,647.55,627.25,640.75,2869669
2013-01-23,654.3,654.3,638.45,645.05,838269
2013-01-24,643.0,654.95,642.0,653.05,1011256
2013-01-25,652.65,667.8,648.7,665.2,956361
2013-01-28,668.0,673.0,665.1,668.05,619932
2013-01-29,668.0,678.85,662.35,674.7,2405571
2013-01-30,676.0,684.8,670.3,678.8,2910800
2013-01-31,677.0,683.5,677.0,680.35,1311234
2013-02-01,680.45,685.05,666.9,672.3,648084
2013-02-04,672.25,681.0,668.7,676.7,991111
2013-02-05,672.0,683.0,671.0,680.45,516641
2013-02-06,681.25,697.2,681.1,695.15,1227031
2013-02-07,689.2,695.5,685.05,687.6,507592
2013-02-08,685.0,688.95,674.65,678.35,574211
2013-02-11,681.5,681.5,668.25,671.8,575221
2013-02-12,672.0,674.8,668.1,671.35,302912
2013-02-13,674.0,678.4,665.0,667.75,384646
2013-02-14,668.95,672.95,661.2,665.4,278401
2013-02-15,664.5,674.0,664.1,670.35,137313
2013-02-18,671.8,672.0,662.7,665.8,134275
2013-02-19,665.8,677.0,665.5,674.8,127938
2013-02-20,676.5,679.55,666.25,668.05,299858
2013-02-21,665.8,669.0,658.0,660.3,566397
2013-02-22,659.0,670.45,657.45,665.25,469934
2013-02-25,667.1,667.1,654.0,660.65,454585
2013-02-26,656.1,664.7,656.1,661.35,431978
2013-02-27,663.0,664.5,649.35,653.5,637866
2013-02-28,654.9,664.7,649.0,659.6,2086208
2013-03-01,654.55,659.45,650.55,654.85,1215225
2013-03-04,654.1,657.5,649.05,655.05,1323821
2013-03-05,654.1,661.85,652.4,655.95,1025819
2013-03-06,657.95,657.95,651.3,654.65,1007623
2013-03-07,652.65,657.5,642.9,655.25,380082
2013-03-08,658.95,678.85,650.7,675.3,1100684
2013-03-11,675.0,677.15,665.95,668.9,992541
2013-03-12,668.95,675.0,664.35,668.3,514536
2013-03-13,664.1,667.95,645.15,650.45,174470
2013-03-14,647.0,663.0,636.85,658.25,497690
2013-03-15,659.0,671.75,659.0,664.3,323169
2013-03-18,657.1,665.95,651.0,654.2,465067
2013-03-19,656.0,661.0,636.1,638.3,554614
2013-03-20,637.25,640.0,628.1,633.2,537133
2013-03-21,634.0,650.6,625.1,631.65,634394
2013-03-22,631.65,652.0,627.25,638.6,484599
2013-03-25,643.95,647.65,629.45,631.85,850301
2013-03-26,631.8,642.8,626.35,639.7,594553
2013-03-28,640.0,659.7,637.15,653.0,642905
2013-04-01,655.0,655.95,644.95,652.0,202615
2013-04-02,654.95,660.0,646.9,656.3,315862
2013-04-03,655.95,659.5,646.1,650.85,351681
2013-04-04,646.1,651.0,630.0,632.7,539977
2013-04-05,636.0,640.65,629.2,636.75,573646
2013-04-08,630.7,640.0,623.2,630.1,1361417
2013-04-09,633.0,643.65,615.0,618.75,506796
2013-04-10,619.9,639.9,618.05,638.2,371683
2013-04-11,640.0,640.9,620.0,630.55,642002
2013-04-12,630.0,641.85,630.0,638.35,283778
2013-04-15,638.35,649.0,633.25,640.7,300352
2013-04-16,638.7,658.05,636.65,653.2,369717
2013-04-17,656.05,665.45,647.2,659.75,817281
2013-04-18,654.1,672.0,654.1,668.95,476623
2013-04-22,668.95,680.0,663.3,676.5,316930
2013-04-23,675.95,696.15,670.65,691.9,339210
2013-04-25,693.0,714.9,691.85,710.5,1131977
2013-04-26,710.25,716.5,695.9,712.75,311778
2013-04-29,713.6,713.6,700.0,709.0,494982
2013-04-30,707.1,714.9,696.75,707.1,610319
2013-05-02,704.0,724.9,701.2,717.45,1390497
2013-05-03,715.9,727.8,707.7,723.25,801381
2013-05-06,722.0,722.0,704.9,711.6,352439
2013-05-07,713.05,731.35,713.0,728.45,704980
2013-05-08,730.0,734.8,720.0,728.85,441102
2013-05-09,729.3,730.0,720.65,723.35,248896
2013-05-10,721.25,733.45,716.0,730.45,431886
2013-05-13,736.0,736.65,723.0,725.0,342596
2013-05-14,725.8,732.4,720.75,729.9,328337
2013-05-15,730.0,770.05,726.9,768.25,783688
2013-05-16,763.0,781.5,761.95,777.95,784198
2013-05-17,774.0,799.0,768.7,794.35,571617
2013-05-20,794.5,797.95,778.0,781.75,531866
2013-05-21,781.75,782.8,762.85,765.1,536141
2013-05-22,766.1,773.3,759.35,768.1,317584
2013-05-23,763.0,772.15,752.6,765.55,454729
2013-05-24,767.1,784.25,759.4,781.05,380975
2013-05-27,781.35,793.9,769.25,789.45,616977
2013-05-28,788.0,792.0,772.6,775.4,437100
2013-05-29,775.0,782.0,764.4,777.25,320970
2013-05-30,779.0,807.35,772.3,799.85,770724
2013-05-31,793.0,796.0,776.8,782.95,685913
2013-06-03,781.25,785.7,765.2,770.4,350440
2013-06-04,765.0,776.7,762.65,767.3,403919
2013-06-05,762.0,771.9,758.7,768.45,405044
2013-06-06,766.5,777.95,760.0,774.7,346897
2013-06-07,774.7,775.0,762.0,762.9,403417
2013-06-10,765.5,768.3,743.35,753.65,425989
2013-06-11,748.0,764.9,747.0,749.4,916197
2013-06-12,745.25,754.6,740.65,746.35,746705
2013-06-13,739.0,747.9,738.2,743.4,303286
2013-06-14,752.9,761.95,748.0,756.7,259844
2013-06-17,756.7,761.35,745.3,756.15,410179
2013-06-18,755.5,771.6,750.05,762.8,791149
2013-06-19,762.85,769.5,758.65,766.15,419126
2013-06-20,759.0,760.05,731.35,738.6,597143
2013-06-21,731.0,738.0,720.3,729.5,685225
2013-06-24,725.0,725.0,690.1,693.7,665502
2013-06-25,696.55,724.65,691.65,718.3,1239573
2013-06-26,718.5,720.0,683.0,688.25,1172683
2013-06-27,693.5,710.05,693.0,702.1,1168833
2013-06-28,708.0,727.0,707.5,722.2,1541883
2013-07-01,723.0,735.0,715.2,723.95,460021
2013-07-02,720.1,724.55,713.0,715.75,336173
2013-07-03,711.8,715.05,695.25,698.85,404526
2013-07-04,702.1,710.8,694.5,699.55,409280
2013-07-05,707.75,707.75,698.5,702.65,214995
2013-07-08,697.0,700.95,683.1,692.25,529835
2013-07-09,696.1,719.0,685.65,714.05,557812
2013-07-10,718.0,736.5,717.6,726.35,891919
2013-07-11,730.0,752.0,730.0,745.8,808075
2013-07-12,753.0,761.9,736.65,758.1,591637
2013-07-15,755.8,762.3,746.0,757.45,438713
2013-07-16,730.6,744.9,702.7,712.85,1001330
2013-07-17,715.0,717.2,700.05,711.4,1054975
2013-07-18,715.0,725.0,678.7,711.7,2420750
2013-07-19,711.1,713.8,686.2,690.85,1128976
2013-07-22,685.2,703.5,681.15,700.65,659427
2013-07-23,705.0,733.95,703.0,730.1,613788
2013-07-24,716.9,716.9,680.0,689.45,796558
2013-07-25,688.7,699.0,681.2,685.15,673108
2013-07-26,693.8,695.0,667.5,679.95,915309
2013-07-29,677.0,682.85,657.1,661.9,1293886
2013-07-30,662.3,678.9,646.8,650.35,876443
2013-07-31,648.0,659.7,622.5,652.35,1904788
2013-08-01,655.2,675.0,638.8,666.3,1089814
2013-08-02,662.25,672.3,645.0,653.5,749253
2013-08-05,653.5,665.8,641.0,660.9,522214
2013-08-06,656.7,656.7,630.0,638.15,2772877
2013-08-07,632.0,645.8,632.0,640.9,1004324
2013-08-08,645.0,656.5,638.3,652.75,640414
2013-08-12,653.1,660.5,646.7,650.05,2723397
2013-08-13,650.0,661.8,638.2,659.1,707848
2013-08-14,660.0,669.35,653.9,661.3,1476197
2013-08-16,652.25,660.75,626.9,632.25,1894283
2013-08-19,629.0,635.0,612.15,620.8,659899
2013-08-20,606.35,642.8,602.35,634.2,4764820
2013-08-21,650.1,674.0,618.0,624.55,941669
2013-08-22,621.8,638.5,615.0,630.6,1536748
2013-08-23,636.0,647.2,624.0,642.55,2028549
2013-08-26,649.25,650.0,625.0,633.15,739016
2013-08-27,620.0,622.0,601.0,613.55,1127627
2013-08-28,598.0,623.85,588.0,606.65,1567215
2013-08-29,608.5,659.8,596.25,647.45,2485837
2013-09-03,630.2,640.0,596.0,600.65,1132249
2013-09-04,599.9,624.0,591.0,608.5,1079100
2013-09-05,625.25,675.0,625.25,662.0,1631658
2013-09-06,667.7,681.6,652.75,677.25,1096643
2013-09-10,686.3,714.4,685.1,708.45,952668
2013-09-11,700.0,718.3,689.0,715.2,969907
2013-09-12,715.2,720.85,691.85,700.5,654214
2013-09-13,694.9,722.9,691.2,716.0,972433
2013-09-16,735.0,738.7,703.9,711.1,5671924
2013-09-17,714.0,715.6,701.05,709.25,497966
2013-09-18,710.0,717.0,697.0,714.85,816227
2013-09-19,747.1,779.0,742.0,771.65,1742806
2013-09-20,773.0,775.95,727.4,748.2,1267615
2013-09-23,733.55,740.7,714.05,719.3,761924
2013-09-24,707.0,732.4,707.0,720.1,677507
2013-09-25,721.2,724.75,695.25,709.3,1626527
2013-09-26,709.3,721.5,698.0,703.4,1272973
2013-09-27,707.0,712.85,680.1,682.85,682389
2013-09-30,677.0,689.15,668.4,678.1,653571
2013-10-01,678.4,689.5,667.0,685.1,462834
2013-10-03,690.0,704.85,687.6,700.1,785516
2013-10-04,697.8,707.6,689.8,695.55,777208
2013-10-07,693.25,700.0,677.1,686.75,489727
2013-10-08,705.5,716.75,686.0,694.85,522848
2013-10-09,687.0,723.7,685.35,718.8,594291
2013-10-10,717.0,723.5,700.3,705.7,972688
2013-10-11,715.0,720.05,702.6,705.0,883441
2013-10-14,705.0,714.5,695.5,698.6,713319
2013-10-15,703.0,705.0,678.2,682.9,668611
2013-10-17,684.7,694.5,673.0,676.85,745591
2013-10-18,680.1,704.35,678.6,701.35,1244979
2013-10-21,705.0,723.5,700.25,716.85,1429060
2013-10-22,712.1,719.8,706.0,709.1,947968
2013-10-23,711.0,719.2,705.1,710.1,675853
2013-10-24,705.7,730.5,703.6,707.05,1554694
2013-10-25,706.45,716.8,695.35,704.9,1061537
2013-10-28,709.9,715.8,705.6,708.5,631086
2013-10-29,706.0,735.0,703.75,733.05,1460290
2013-10-30,736.0,744.55,733.1,738.1,636429
2013-10-31,738.7,761.8,729.3,752.45,1146688
2013-11-01,753.0,756.2,745.55,748.5,1172980
2013-11-05,743.4,753.0,734.35,745.4,845503
2013-11-06,745.0,748.15,730.0,731.45,270676
2013-11-07,732.0,746.9,730.0,734.65,411354
2013-11-08,726.15,734.0,717.25,727.4,426365
2013-11-11,716.1,726.7,709.2,712.35,490183
2013-11-12,711.05,729.4,711.05,716.2,332538
2013-11-13,712.9,723.5,710.0,718.25,433177
2013-11-14,725.0,734.75,720.3,725.65,530776
2013-11-18,737.7,745.0,732.4,743.05,605982
2013-11-19,746.0,746.0,732.65,735.35,405211
2013-11-20,735.35,744.8,725.65,732.95,445375
2013-11-21,726.0,728.4,708.0,711.5,639314
2013-11-22,716.1,728.0,713.5,716.6,530898
2013-11-25,722.0,748.0,720.6,745.65,509645
2013-11-26,744.0,749.9,735.1,745.85,1648924
2013-11-27,744.7,749.7,736.7,747.05,250607
2013-11-28,747.0,756.85,740.25,751.9,799712
2013-11-29,758.0,764.7,752.0,756.8,573740
2013-12-02,756.25,774.0,756.25,770.55,475375
2013-12-03,766.65,767.95,754.45,758.7,432877
2013-12-04,753.1,761.4,746.65,749.05,547847
2013-12-05,758.0,771.3,755.0,761.95,758741
2013-12-06,764.3,769.0,751.65,757.85,629218
2013-12-09,785.0,787.9,759.75,763.9,785979
2013-12-10,764.25,776.8,754.55,772.5,762378
2013-12-11,767.15,774.8,760.7,768.95,457344
2013-12-12,762.2,770.7,757.25,765.1,301313
2013-12-13,758.55,762.1,753.9,758.5,369044
2013-12-16,758.4,759.05,747.8,750.8,358169
2013-12-17,756.5,758.55,738.3,740.6,306708
2013-12-18,740.9,763.15,738.5,750.2,1075427
2013-12-19,757.0,757.1,720.0,721.95,680040
2013-12-20,722.7,736.35,715.05,733.15,1089017
2013-12-23,734.9,741.0,729.0,732.55,406416
2013-12-24,734.0,735.0,723.0,728.8,290553
2013-12-26,727.0,735.0,722.05,725.9,925152
2013-12-27,729.7,742.95,727.0,740.05,534567
2013-12-30,740.5,741.1,725.7,731.8,446726
2013-12-31,734.95,735.0,725.5,728.25,180271
2014-01-01,732.0,732.05,720.75,722.55,392768
2014-01-02,722.6,731.45,703.0,707.4,456139
2014-01-03,707.1,716.3,696.6,712.55,572567
2014-01-06,710.0,717.0,705.6,714.1,446715
2014-01-07,712.0,715.0,700.0,708.15,643794
2014-01-08,709.0,717.0,703.65,712.9,312983
2014-01-09,710.5,715.55,706.65,710.15,307583
2014-01-10,704.1,714.8,698.0,700.45,366224
2014-01-13,695.15,724.75,695.15,716.9,472492
2014-01-14,716.0,723.1,707.0,711.3,263826
2014-01-15,714.0,731.15,712.55,729.15,555643
2014-01-16,730.3,735.0,723.0,731.45,551182
2014-01-17,730.5,737.75,720.0,727.1,323149
2014-01-20,725.8,737.5,720.0,728.15,499317
2014-01-21,729.7,732.0,704.0,706.3,1700142
2014-01-22,705.0,718.0,698.2,710.3,1320297
2014-01-23,707.0,711.55,703.2,705.3,337870
2014-01-24,695.0,704.8,681.0,684.75,857803
2014-01-27,678.1,682.5,654.55,658.1,1614766
2014-01-28,657.0,670.0,645.05,659.8,1339459
2014-01-29,667.0,674.95,662.9,664.0,537280
2014-01-30,650.1,660.0,647.75,650.05,842363
2014-01-31,649.5,661.3,648.75,657.05,557033
2014-02-03,651.3,658.0,649.8,654.95,1159223
2014-02-04,648.0,667.85,643.6,665.3,507935
2014-02-05,665.0,671.4,650.35,667.5,831542
2014-02-06,672.0,676.1,652.5,660.5,1090566
2014-02-07,662.0,666.5,652.4,658.85,718389
2014-02-10,661.85,661.85,644.0,647.25,739896
2014-02-11,648.9,652.0,640.65,647.25,491337
2014-02-12,650.0,656.3,644.1,649.55,522187
2014-02-13,649.0,654.1,632.5,636.8,389287
2014-02-14,638.0,653.3,630.5,646.45,802791
2014-02-17,647.2,653.35,643.1,650.75,463833
2014-02-18,651.0,683.0,648.05,680.3,1066159
2014-02-19,680.0,688.4,670.5,685.9,1117922
2014-02-20,681.7,682.9,666.75,669.75,569856
2014-02-21,670.0,677.8,664.5,672.05,476116
2014-02-24,668.1,680.85,662.0,677.6,737179
2014-02-25,680.3,683.4,672.15,675.75,437969
2014-02-26,675.1,690.9,675.1,685.4,755679
2014-02-28,685.4,694.0,675.95,684.5,932185
2014-03-03,682.0,692.65,668.0,669.95,450227
2014-03-04,671.0,678.9,665.45,676.7,689246
2014-03-05,681.0,684.2,670.6,680.8,715217
2014-03-06,683.0,691.45,678.0,687.35,614541
2014-03-07,697.7,717.5,691.35,711.55,1856207
2014-03-10,710.0,755.0,700.35,752.4,1474855
2014-03-11,755.8,757.65,734.5,744.2,722103
2014-03-12,745.25,752.7,735.05,744.85,689681
2014-03-13,745.0,776.65,743.1,764.35,1001207
2014-03-14,756.65,761.4,733.0,755.95,803453
2014-03-18,757.4,775.0,757.4,765.3,831145
2014-03-19,767.65,769.75,756.75,762.4,569588
2014-03-20,765.0,765.0,742.0,747.25,813158
2014-03-21,753.5,755.0,738.35,744.1,1018554
2014-03-24,744.3,769.85,744.3,765.55,913587
2014-03-25,765.0,777.45,765.0,772.65,828786
2014-03-26,775.0,779.9,763.35,771.55,859268
2014-03-27,771.6,779.95,761.0,771.9,1420067
2014-03-28,776.7,788.0,767.0,778.0,1097615
2014-03-31,780.3,784.7,768.3,781.05,762073
2014-04-01,781.5,782.1,752.0,763.7,804588
2014-04-02,768.0,773.3,758.95,769.55,1148295
2014-04-03,771.3,771.8,755.55,759.8,754872
2014-04-04,752.2,761.0,750.0,755.1,509684
2014-04-07,757.0,772.0,752.9,769.45,846392
2014-04-09,774.8,785.0,767.15,784.55,1044819
2014-04-10,782.55,812.0,780.25,803.25,1224427
2014-04-11,795.2,808.0,792.0,805.65,780936
2014-04-15,805.0,805.0,782.55,790.85,576653
2014-04-16,789.9,792.45,773.5,784.25,415763
2014-04-17,784.0,804.0,780.1,800.8,577666
2014-04-21,806.7,809.0,794.7,801.35,1561001
2014-04-22,803.15,806.75,795.55,801.3,471394
2014-04-23,800.0,829.7,797.3,822.4,1293194
2014-04-25,822.0,834.6,805.7,808.5,688906
2014-04-28,808.1,829.9,796.8,823.95,734270
2014-04-29,821.1,824.55,804.4,807.0,476633
2014-04-30,805.0,818.95,795.5,802.6,771049
2014-05-02,803.55,810.6,798.75,802.7,532441
2014-05-05,798.2,811.7,797.75,807.6,345131
2014-05-06,809.6,812.0,800.55,806.95,365964
2014-05-07,800.3,816.3,800.3,810.1,519729
2014-05-08,812.2,820.5,807.35,812.0,912541
2014-05-09,812.8,855.0,810.55,850.75,1066626
2014-05-12,852.2,865.0,847.2,850.7,939514
2014-05-13,855.25,869.0,848.1,861.05,1127551
2014-05-14,859.5,885.0,852.6,859.45,726800
2014-05-15,858.0,875.0,858.0,869.9,773735
2014-05-16,886.0,951.0,886.0,905.65,2070370
2014-05-19,909.4,932.0,906.65,917.0,1002156
2014-05-20,919.7,919.9,898.2,903.05,931968
2014-05-21,902.0,905.7,883.65,896.65,742782
2014-05-22,900.0,909.6,887.4,893.35,693539
2014-05-23,894.2,898.0,872.95,878.35,1068211
2014-05-26,880.0,889.6,851.6,861.15,1240385
2014-05-27,860.0,873.85,850.1,870.6,731357
2014-05-28,870.0,870.0,852.35,858.95,786110
2014-05-29,862.9,872.5,853.7,860.35,1353486
2014-05-30,865.0,876.0,842.05,868.65,1285188
2014-06-02,866.0,891.0,852.7,886.6,526717
2014-06-03,886.95,891.2,865.9,873.2,699196
2014-06-04,872.1,873.0,857.0,861.45,324414
2014-06-05,862.3,873.4,853.0,868.7,872108
2014-06-06,872.7,908.1,865.7,902.75,1783895
2014-06-09,909.9,916.9,896.35,900.2,778081
2014-06-10,902.75,904.0,881.5,900.1,431033
2014-06-11,903.95,934.0,902.05,928.55,1121526
2014-06-12,932.7,940.0,918.0,933.7,537916
2014-06-13,934.95,949.5,914.25,916.95,576908
2014-06-16,920.1,933.0,905.1,930.45,560774
2014-06-17,928.0,941.8,912.05,937.25,625797
2014-06-18,945.0,971.95,945.0,960.25,1608977
2014-06-19,961.7,962.95,919.05,923.65,694126
2014-06-20,926.0,942.0,920.15,930.8,379917
2014-06-23,925.0,926.0,888.55,895.05,813874
2014-06-24,897.5,899.95,873.1,879.1,1705417
2014-06-25,894.7,894.7,875.8,883.75,522823
2014-06-26,884.0,889.85,856.35,865.7,1117033
2014-06-27,870.0,873.0,855.2,866.0,471998
2014-06-30,860.6,886.0,860.6,883.55,433332
2014-07-01,885.6,888.9,879.75,884.35,323954
2014-07-02,887.05,897.0,883.1,893.15,336794
2014-07-03,893.1,901.95,888.0,891.2,411851
2014-07-04,890.1,894.7,877.3,882.2,711050
2014-07-07,878.15,883.7,852.75,870.9,14318527
2014-07-08,882.0,892.7,865.8,872.25,1160197
2014-07-09,873.8,877.8,853.65,864.25,814915
2014-07-10,864.0,887.2,852.7,866.45,1416879
2014-07-11,878.8,883.0,847.2,858.35,2818310
2014-07-14,862.0,863.65,851.6,855.35,1214425
2014-07-15,862.95,874.45,855.4,871.55,1047396
2014-07-16,879.8,887.55,866.1,885.05,2050234
2014-07-17,885.0,918.0,880.65,914.9,3184565
2014-07-18,915.0,948.0,901.5,935.85,2369356
2014-07-21,967.0,967.0,936.15,941.2,2169246
2014-07-22,945.0,953.0,931.8,949.2,718496
2014-07-23,949.2,954.3,930.05,932.8,837821
2014-07-24,931.5,941.0,929.15,938.65,1166167
2014-07-25,938.65,952.6,932.65,944.7,1018484
2014-07-28,945.1,952.0,922.9,941.2,902248
2014-07-30,943.0,977.0,938.7,974.25,1030461
2014-07-31,974.25,979.6,949.1,953.7,1689547
2014-08-01,948.0,953.0,921.5,925.3,1273069
2014-08-04,931.0,941.5,927.55,937.75,663614
2014-08-05,942.6,943.15,927.45,937.95,857290
2014-08-06,934.0,943.0,925.4,932.25,779444
2014-08-07,928.1,949.0,926.25,939.85,827248
2014-08-08,933.0,935.15,919.0,931.6,780664
2014-08-11,935.75,957.8,933.05,950.15,736004
2014-08-12,952.0,969.9,942.65,964.7,589451
2014-08-13,964.7,970.0,951.1,957.1,1076967
2014-08-14,962.95,962.95,945.25,953.35,1019605
2014-08-18,950.0,974.45,945.05,966.85,645732
2014-08-19,970.0,986.0,966.15,980.65,1207958
2014-08-20,984.0,1002.2,975.0,1000.0,1279489
2014-08-21,997.55,1028.0,997.55,1018.6,1822992
2014-08-22,1020.0,1034.9,1018.8,1030.75,1452829
2014-08-25,1030.75,1054.4,1025.55,1044.65,528368
2014-08-26,1044.65,1059.6,1040.1,1054.1,960455
2014-08-27,1056.1,1059.95,1030.6,1040.0,1231170
2014-08-28,1044.0,1049.4,1032.95,1037.55,1484878
2014-09-01,1042.5,1054.5,1041.95,1047.95,454800
2014-09-02,1048.0,1061.95,1035.1,1058.25,483265
2014-09-03,1066.7,1066.7,1048.15,1056.9,570587
2014-09-04,1054.0,1065.7,1046.0,1058.8,666604
2014-09-05,1058.0,1085.85,1054.2,1078.45,633598
2014-09-08,1079.95,1085.55,1061.1,1076.5,502210
2014-09-09,1075.5,1086.6,1070.0,1073.3,325852
2014-09-10,1070.0,1073.65,1060.1,1064.95,661566
2014-09-11,1063.0,1073.5,1057.9,1064.85,940987
2014-09-12,1058.0,1072.05,1057.0,1069.15,1101154
2014-09-15,1065.0,1066.0,1042.4,1046.1,862306
2014-09-16,1050.5,1054.2,1024.15,1027.45,639499
2014-09-17,1030.0,1035.1,1020.0,1021.95,552378
2014-09-18,1018.8,1050.9,1018.8,1047.7,418484
2014-09-19,1047.0,1069.0,1046.0,1063.65,1166064
2014-09-22,1056.0,1060.0,1035.0,1043.85,521518
2014-09-23,1042.0,1053.85,1028.75,1041.15,599904
2014-09-24,1041.1,1048.0,1027.9,1036.3,654536
2014-09-25,1030.3,1056.85,1025.0,1028.5,1816578
2014-09-26,1024.95,1035.8,1011.25,1024.35,1155186
2014-09-29,1024.3,1024.3,996.0,1003.35,364813
2014-09-30,1013.0,1029.2,1006.7,1013.1,863767
2014-10-01,1008.5,1014.7,1001.35,1011.65,1076525
2014-10-07,1007.0,1013.1,996.0,1005.8,1393279
2014-10-08,1007.0,1011.4,997.2,1000.25,1246155
2014-10-09,1003.9,1026.4,1001.9,1023.25,1451301
2014-10-10,1017.0,1019.25,997.2,1002.9,755201
2014-10-13,999.0,1012.75,988.35,1008.5,782065
2014-10-14,1012.5,1021.0,1001.8,1013.15,473374
2014-10-16,1008.0,1009.45,982.45,991.6,913990
2014-10-17,996.9,1004.75,980.35,1000.05,1141398
2014-10-20,1015.1,1032.8,1001.1,1003.85,1166500
2014-10-21,1008.5,1016.9,1000.0,1013.75,1642752
2014-10-22,1021.3,1068.0,1020.0,1063.0,3120529
2014-10-23,1068.1,1070.0,1056.85,1061.55,126638
2014-10-27,1067.0,1091.7,1065.0,1085.0,960146
2014-10-28,1089.0,1093.5,1076.75,1082.8,452285
2014-10-29,1087.0,1087.4,1070.7,1079.95,1154239
2014-10-30,1076.0,1100.45,1074.9,1094.0,841494
2014-10-31,1101.9,1122.25,1094.1,1118.25,613518
2014-11-03,1119.25,1120.9,1098.2,1110.45,744292
2014-11-05,1113.0,1140.0,1103.25,1128.2,922585
2014-11-07,1137.8,1137.8,1104.4,1122.9,1192550
2014-11-10,1125.0,1131.75,1104.6,1108.7,455476
2014-11-11,1109.1,1115.55,1100.0,1107.45,493036
2014-11-12,1111.5,1133.0,1104.25,1126.35,898096
2014-11-13,1128.0,1129.0,1107.0,1111.75,630075
2014-11-14,1110.95,1112.9,1086.3,1093.5,520336
2014-11-17,1095.0,1115.7,1040.5,1108.1,723035
2014-11-18,1110.0,1113.65,1083.2,1085.05,715981
2014-11-19,1086.0,1088.95,1060.0,1077.55,1041578
2014-11-20,1095.0,1163.0,1089.8,1156.7,3634026
2014-11-21,1206.0,1264.7,1183.25,1199.15,6314243
2014-11-24,1204.9,1213.95,1176.0,1199.75,1664978
2014-11-25,1194.0,1202.0,1154.2,1160.55,2223215
2014-11-26,1164.0,1172.25,1147.0,1160.45,1361473
2014-11-27,1166.0,1166.8,1146.1,1157.6,1753892
2014-11-28,1164.5,1207.9,1164.5,1202.5,1191084
2014-12-01,1205.15,1231.55,1195.5,1201.75,1304690
2014-12-02,1190.2,1222.85,1190.2,1215.4,1048119
2014-12-03,1215.6,1228.6,1210.65,1220.7,918374
2014-12-04,1220.8,1233.45,1205.0,1223.85,650450
2014-12-05,1232.0,1249.0,1224.2,1240.4,1034103
2014-12-08,1242.95,1254.35,1229.9,1245.95,749638
2014-12-09,1241.55,1243.9,1224.55,1231.95,640625
2014-12-10,1228.75,1245.0,1226.45,1235.25,555233
2014-12-11,1231.1,1253.0,1231.0,1246.2,1036814
2014-12-12,1250.9,1254.15,1242.0,1247.3,618226
2014-12-15,1242.0,1315.5,1242.0,1308.85,1501711
2014-12-16,1301.05,1306.6,1271.0,1283.5,991343
2014-12-17,1276.0,1276.0,1238.0,1244.65,2264438
2014-12-18,1257.15,1269.5,1240.5,1252.05,861584
2014-12-19,1260.1,1266.15,1232.0,1236.3,1877841
2014-12-22,1240.1,1265.0,1240.1,1257.95,718056
2014-12-23,1264.0,1272.0,1238.05,1244.5,681665
2014-12-24,1241.35,1254.0,1236.25,1245.35,1358819
2014-12-26,1246.9,1258.3,1235.0,1253.05,352473
2014-12-29,1255.5,1260.0,1241.35,1243.55,457610
2014-12-30,1244.0,1250.95,1232.4,1246.65,358995
2014-12-31,1244.2,1273.0,1240.1,1263.9,449072
2015-01-01,1263.8,1265.0,1251.1,1258.6,250998
2015-01-02,1261.0,1279.0,1258.3,1271.55,631815
2015-01-05,1272.1,1278.85,1262.0,1266.45,305115
2015-01-06,1255.0,1262.25,1233.55,1251.35,1134543
2015-01-07,1247.5,1303.95,1247.5,1271.5,1785887
2015-01-08,1300.0,1353.0,1286.4,1340.65,3454883
2015-01-09,1354.4,1370.5,1340.55,1360.95,3218705
2015-01-12,1360.95,1387.0,1348.3,1371.0,843421
2015-01-13,1372.0,1409.85,1367.7,1392.95,960821
2015-01-14,1394.1,1397.5,1377.2,1391.2,759290
2015-01-15,1438.0,1444.0,1392.05,1400.4,1985409
2015-01-16,1387.0,1400.0,1380.0,1395.35,1340300
2015-01-19,1393.2,1399.0,1382.0,1389.45,877538
2015-01-20,1392.0,1401.4,1382.65,1395.7,1891863
2015-01-21,1396.0,1419.0,1385.05,1388.15,1342065
2015-01-22,1386.65,1398.5,1370.15,1387.65,2000008
2015-01-23,1392.1,1395.75,1382.0,1385.3,777406
2015-01-27,1383.4,1393.0,1362.3,1388.35,843366
2015-01-28,1383.1,1390.0,1346.55,1351.15,3720199
2015-01-29,1349.0,1354.85,1324.75,1331.4,2250427
2015-01-30,1340.0,1348.9,1317.35,1322.2,1399250
2015-02-02,1320.0,1360.0,1304.4,1352.35,1656369
2015-02-03,1360.9,1366.0,1300.1,1306.3,1530821
2015-02-04,1308.95,1328.35,1285.0,1291.5,1178329
2015-02-05,1288.0,1309.3,1276.7,1287.9,916400
2015-02-06,1287.9,1288.3,1262.85,1266.9,608270
2015-02-09,1251.0,1283.1,1236.25,1266.25,824236
2015-02-10,1249.0,1299.35,1249.0,1285.75,1425991
2015-02-11,1297.0,1301.95,1280.35,1298.7,561657
2015-02-12,1302.0,1306.0,1278.6,1296.6,1025873
2015-02-13,1300.0,1322.8,1282.8,1309.5,1145896
2015-02-16,1323.0,1323.0,1284.6,1292.45,549110
2015-02-18,1291.9,1312.2,1283.85,1307.8,688087
2015-02-19,1309.5,1316.8,1285.0,1307.25,647915
2015-02-20,1306.9,1315.0,1290.35,1298.25,598341
2015-02-23,1331.9,1334.9,1307.0,1316.85,1778711
2015-02-24,1316.85,1354.0,1313.55,1350.3,3012665
2015-02-25,1356.0,1365.75,1337.5,1342.55,1925131
2015-02-26,1341.4,1349.4,1315.0,1333.35,1928360
2015-02-27,1327.1,1344.15,1320.35,1337.75,626490
2015-03-02,1404.0,1424.95,1398.55,1404.7,1806388
2015-03-03,1409.0,1417.5,1403.65,1408.7,1627970
2015-03-04,1436.0,1457.75,1400.3,1410.25,4013071
2015-03-05,1404.0,1422.0,1402.0,1412.25,1430259
2015-03-09,1404.95,1404.95,1358.7,1364.6,726522
2015-03-10,1367.85,1371.7,1319.0,1347.8,728663
2015-03-11,1343.0,1384.9,1339.7,1375.9,541921
2015-03-12,1387.0,1390.65,1354.85,1370.0,410797
2015-03-13,1390.0,1390.0,1335.4,1341.25,383249
2015-03-16,1337.0,1343.7,1303.95,1314.95,826611
2015-03-17,1325.0,1346.85,1313.1,1339.65,436528
2015-03-18,1339.7,1348.5,1324.15,1342.9,582065
2015-03-19,1350.0,1362.75,1316.35,1325.7,761415
2015-03-20,1321.0,1344.0,1307.0,1339.7,794887
2015-03-23,1341.5,1344.2,1326.5,1335.85,467600
2015-03-24,1326.1,1362.0,1326.1,1340.75,324316
2015-03-25,1338.1,1342.5,1318.05,1326.55,368787
2015-03-26,1314.7,1338.85,1300.0,1305.4,1996369
2015-03-27,1320.0,1324.0,1275.7,1299.15,488569
2015-03-30,1301.4,1319.55,1290.75,1311.85,851656
2015-03-31,1314.95,1324.7,1300.25,1313.25,382251
2015-04-01,1322.9,1368.8,1305.2,1361.05,482614
2015-04-06,1370.0,1404.0,1352.35,1397.6,1107901
2015-04-07,1399.9,1413.1,1370.1,1386.85,1574149
2015-04-08,1386.85,1395.0,1367.3,1371.6,301712
2015-04-09,1379.0,1444.3,1365.9,1430.6,1609223
2015-04-10,1438.0,1438.8,1412.9,1422.4,883286
2015-04-13,1421.95,1453.65,1410.1,1445.6,813198
2015-04-15,1446.9,1475.3,1430.5,1443.9,2520902
2015-04-16,1443.0,1446.35,1408.0,1418.4,728246
2015-04-17,1413.0,1421.35,1372.35,1386.55,585706
2015-04-20,1382.1,1386.95,1360.2,1370.9,1214792
2015-04-21,1370.9,1379.8,1346.45,1353.0,993667
2015-04-22,1354.95,1380.95,1304.05,1362.25,849809
2015-04-23,1369.0,1387.8,1348.45,1377.55,505623
2015-04-24,1376.0,1389.5,1336.05,1368.25,846360
2015-04-27,1368.8,1384.0,1325.0,1336.85,594524
2015-04-28,1332.25,1362.5,1313.0,1342.05,973808
2015-04-29,1339.0,1339.0,1310.1,1329.8,613149
2015-04-30,1320.0,1339.6,1297.3,1332.9,2156534
2015-05-04,1306.35,1341.6,1306.35,1338.8,637716
2015-05-05,1347.85,1429.45,1342.05,1423.25,3340686
2015-05-06,1430.55,1434.9,1342.85,1351.2,2351920
2015-05-07,1352.0,1352.0,1292.0,1308.2,1454642
2015-05-08,1317.0,1351.0,1315.0,1329.5,1087064
2015-05-11,1334.9,1351.2,1324.05,1339.05,709506
2015-05-12,1335.5,1335.5,1308.0,1318.85,685398
2015-05-13,1322.1,1351.25,1311.0,1341.5,909085
2015-05-14,1332.4,1333.8,1315.0,1326.8,846123
2015-05-15,1334.0,1351.8,1328.0,1344.55,781126
2015-05-18,1337.6,1368.4,1335.0,1364.35,524135
2015-05-19,1364.0,1393.55,1362.1,1377.3,784230
2015-05-20,1381.5,1396.0,1379.0,1384.75,533110
2015-05-21,1381.35,1401.0,1368.0,1397.5,541906
2015-05-22,1393.4,1403.25,1378.05,1387.3,443758
2015-05-25,1385.0,1394.4,1358.0,1375.1,618529
2015-05-26,1372.95,1388.8,1362.3,1382.4,380522
2015-05-27,1374.9,1383.1,1368.5,1374.55,651593
2015-05-28,1375.0,1385.05,1364.45,1368.15,1597805
2015-05-29,1357.1,1405.0,1357.1,1399.3,656184
2015-06-01,1400.0,1410.0,1387.0,1392.75,501231
2015-06-02,1390.55,1394.35,1352.35,1359.3,737049
2015-06-03,1363.8,1363.8,1336.0,1345.95,805399
2015-06-04,1350.05,1370.0,1340.0,1365.0,725939
2015-06-05,1357.1,1366.0,1350.1,1356.35,533838
2015-06-08,1360.0,1361.9,1342.1,1352.85,354919
2015-06-09,1349.0,1364.85,1325.35,1330.95,491777
2015-06-10,1330.95,1345.95,1325.05,1334.6,419152
2015-06-11,1338.1,1343.8,1271.0,1280.9,787198
2015-06-12,1272.2,1319.7,1264.2,1311.1,789481
2015-06-15,1312.95,1314.95,1258.0,1289.7,979625
2015-06-16,1267.0,1295.7,1262.2,1289.15,612044
2015-06-17,1296.25,1302.0,1280.5,1295.05,835854
2015-06-18,1298.55,1314.4,1289.5,1307.4,1009112
2015-06-19,1308.5,1338.0,1262.5,1328.15,430072
2015-06-22,1336.95,1373.65,1328.3,1357.9,622738
2015-06-23,1359.4,1384.6,1347.7,1380.45,740000
2015-06-24,1380.0,1395.0,1366.2,1383.8,589068
2015-06-25,1375.0,1414.2,1369.2,1406.6,1336418
2015-06-26,1390.0,1392.0,1373.95,1380.3,505187
2015-06-29,1358.0,1379.45,1342.1,1368.45,532991
2015-06-30,1378.0,1403.5,1374.0,1385.8,939685
2015-07-01,1379.6,1430.0,1377.0,1408.25,922204
2015-07-02,1414.0,1439.35,1402.65,1435.35,838893
2015-07-03,1443.0,1460.9,1418.3,1428.85,1648287
2015-07-06,1440.0,1464.0,1430.0,1443.9,2155953
2015-07-07,1449.95,1459.0,1421.15,1425.6,1173512
2015-07-08,703.85,712.25,693.05,707.1,2341692
2015-07-09,711.0,720.0,701.1,705.2,779560
2015-07-10,707.0,711.5,696.7,709.4,1384925
2015-07-13,712.9,717.8,703.0,715.0,955100
2015-07-14,714.95,715.25,704.0,710.7,1172753
2015-07-15,710.95,715.0,707.5,712.3,893968
2015-07-16,713.95,743.0,712.2,741.25,2218833
2015-07-17,737.0,738.0,727.15,733.15,1157806
2015-07-20,735.2,740.0,725.1,736.6,823832
2015-07-21,735.0,744.8,718.0,720.65,968228
2015-07-22,719.1,733.7,717.5,728.65,657798
2015-07-23,729.0,735.1,718.1,720.35,922877
2015-07-24,720.0,730.0,717.6,724.7,749749
2015-07-27,719.5,724.5,713.1,715.0,786515
2015-07-28,717.9,731.4,717.5,729.4,845718
2015-07-29,731.95,737.3,721.15,725.95,934479
2015-07-30,733.5,733.95,713.8,716.8,2401018
2015-07-31,697.25,708.7,683.8,695.4,4943619
2015-08-03,694.95,705.55,687.15,690.2,1457009
2015-08-04,694.0,699.0,680.15,690.85,1465951
2015-08-05,695.0,695.6,683.35,691.9,1479018
2015-08-06,694.2,710.0,690.8,706.8,1185758
2015-08-07,705.9,712.5,701.35,705.0,877326
2015-08-10,708.0,716.5,702.0,707.3,966468
2015-08-11,706.85,710.95,699.9,704.7,691182
2015-08-12,702.95,704.25,682.55,686.15,786631
2015-08-13,688.0,695.0,683.1,690.75,592486
2015-08-14,692.5,719.5,692.0,717.7,822516
2015-08-17,718.8,724.75,705.5,719.8,762387
2015-08-18,719.85,721.6,699.0,705.1,473957
2015-08-19,704.7,718.7,697.3,712.4,945270
2015-08-20,712.95,715.0,693.0,697.45,815752
2015-08-21,689.6,700.0,680.0,688.0,1230793
2015-08-24,672.0,674.75,630.7,647.6,2496993
2015-08-25,658.0,660.5,621.9,639.45,1764531
2015-08-26,639.45,647.5,623.3,627.25,1274155
2015-08-27,625.0,655.3,625.0,650.4,1949517
2015-08-28,659.0,662.0,641.0,647.45,1217068
2015-08-31,642.0,658.9,637.5,651.7,582636
2015-09-01,646.8,647.4,608.5,613.75,2257583
2015-09-02,617.95,619.0,601.0,608.7,1747255
2015-09-03,609.7,629.95,605.0,627.1,1835581
2015-09-04,623.8,623.8,594.5,606.3,1696206
2015-09-07,605.25,613.25,595.0,600.65,1236366
2015-09-08,604.0,624.5,600.55,620.4,1557330
2015-09-09,628.1,639.2,626.1,634.7,1266193
2015-09-10,623.8,639.8,612.25,635.3,1181160
2015-09-11,633.0,642.0,627.5,631.25,951314
2015-09-14,631.9,649.3,630.35,645.75,951046
2015-09-15,642.65,645.35,635.15,640.0,735590
2015-09-16,643.3,647.0,635.1,641.0,761647
2015-09-18,643.0,668.0,634.6,657.4,2944603
2015-09-21,659.1,669.0,654.0,665.45,1022871
2015-09-22,669.9,670.0,638.55,642.7,1051333
2015-09-23,631.0,662.0,631.0,658.65,920135
2015-09-24,658.0,661.75,642.0,654.45,1813214
2015-09-28,653.05,659.9,638.65,641.1,847600
2015-09-29,631.05,657.0,624.0,651.5,1491149
2015-09-30,653.0,657.75,642.5,648.1,922880
2015-10-01,646.0,654.5,638.0,640.85,961145
2015-10-05,649.9,660.0,637.45,653.05,1276715
2015-10-06,659.0,662.0,642.0,655.75,1058174
2015-10-07,655.25,665.0,651.0,660.5,777099
2015-10-08,663.5,663.75,649.4,653.6,1466553
2015-10-09,655.95,662.0,653.8,659.5,920867
2015-10-12,661.15,669.7,656.3,662.05,606173
2015-10-13,660.6,664.75,651.0,656.05,456531
2015-10-14,656.0,662.5,651.0,652.85,654482
2015-10-15,655.5,664.0,652.15,653.45,849035
2015-10-16,651.5,662.0,645.15,659.3,912296
2015-10-19,659.95,663.0,653.45,658.35,655123
2015-10-20,659.0,661.85,647.0,654.05,964026
2015-10-21,653.95,660.0,650.05,656.6,1116109
2015-10-23,664.0,668.0,660.25,665.2,861832
2015-10-26,668.85,669.0,654.6,661.9,578519
2015-10-27,661.5,666.0,657.3,660.45,600518
2015-10-28,658.7,677.0,657.95,671.45,1506140
2015-10-29,673.0,675.0,660.85,664.0,1849449
2015-10-30,664.9,693.8,661.65,687.65,4415610
2015-11-02,688.0,689.0,680.0,686.5,932811
2015-11-03,688.1,690.0,675.7,683.1,1076363
2015-11-04,687.5,688.95,670.0,672.85,437218
2015-11-05,671.9,671.9,647.9,650.6,931220
2015-11-06,648.5,665.5,647.15,656.5,569044
2015-11-09,643.1,663.7,634.65,660.1,1169502
2015-11-10,653.1,658.05,645.0,646.85,652634
2015-11-11,657.0,659.7,653.75,655.55,155241
2015-11-13,653.4,673.85,647.0,669.6,888356
2015-11-16,666.0,689.5,666.0,679.1,1111593
2015-11-17,680.8,681.0,672.5,677.15,471769
2015-11-18,671.05,682.9,667.65,672.8,702561
2015-11-19,675.95,684.0,670.05,682.1,635557
2015-11-20,680.05,692.65,678.55,682.3,1021787
2015-11-23,688.4,694.0,680.0,684.1,588043
2015-11-24,683.1,685.3,675.3,677.6,458845
2015-11-26,680.1,687.5,676.3,685.2,467400
2015-11-27,685.2,702.95,683.0,698.75,1230913
2015-11-30,697.7,697.7,688.7,692.35,680738
2015-12-01,693.5,695.5,686.6,688.6,435334
2015-12-02,691.0,692.35,677.0,680.45,389654
2015-12-03,676.0,683.5,670.9,674.8,400981
2015-12-04,671.9,675.35,661.0,664.65,1263578
2015-12-07,664.95,673.8,664.0,671.6,451691
2015-12-08,668.0,678.0,667.05,674.0,691564
2015-12-09,672.7,676.6,665.8,668.6,297119
2015-12-10,669.4,680.55,665.0,677.9,616494
2015-12-11,682.0,682.0,663.9,667.7,572988
2015-12-14,663.9,677.5,663.0,674.1,871886
2015-12-15,673.95,688.9,667.5,686.6,1056697
2015-12-16,689.9,697.0,684.0,694.5,1193181
2015-12-17,696.9,705.0,688.4,703.2,1441821
2015-12-18,698.65,706.0,693.05,702.45,1124253
2015-12-21,702.0,708.0,699.0,705.9,834005
2015-12-22,705.8,705.9,694.3,698.2,744406
2015-12-23,701.7,705.0,696.4,702.55,439560
2015-12-24,701.0,704.4,697.0,701.35,484103
2015-12-28,699.05,713.45,698.4,708.0,1050620
2015-12-29,708.0,714.5,705.0,706.2,1091896
2015-12-30,708.0,710.5,704.5,709.15,467293
2015-12-31,706.15,723.85,706.15,720.05,1164210
2016-01-01,720.0,729.85,711.25,727.25,622438
2016-01-04,727.0,727.0,703.85,705.3,1222447
2016-01-05,708.1,712.8,705.0,707.75,689842
2016-01-06,704.0,711.0,697.0,703.6,601664
2016-01-07,697.5,703.0,689.15,691.65,632696
2016-01-08,694.2,704.0,693.55,695.1,446029
2016-01-11,690.0,704.75,681.0,700.85,577659
2016-01-12,699.9,700.7,684.55,692.0,834020
2016-01-13,698.05,700.65,682.25,689.15,673206
2016-01-14,682.0,690.95,673.0,684.1,890445
2016-01-15,679.4,689.1,671.0,675.6,1088741
2016-01-18,676.0,686.8,663.1,667.4,2206808
2016-01-19,670.05,676.0,663.55,668.7,1105205
2016-01-20,660.0,700.0,652.6,662.65,710377
2016-01-21,671.5,677.15,651.0,660.85,850780
2016-01-22,671.0,689.0,664.2,683.05,1001784
2016-01-25,685.0,685.0,674.5,681.0,706865
2016-01-27,680.0,682.4,666.35,674.6,655762
2016-01-28,675.0,680.0,660.25,663.25,1468731
2016-01-29,664.5,686.0,664.5,683.6,1645577
2016-02-01,683.15,691.0,679.5,687.7,592570
2016-02-02,687.0,691.0,671.5,677.15,601307
2016-02-03,672.0,672.0,661.7,665.55,1207032
2016-02-04,670.4,680.8,668.65,676.25,482546
2016-02-05,677.0,697.3,675.45,692.0,1868377
2016-02-08,694.75,694.75,670.3,673.1,573936
2016-02-09,667.95,680.0,662.35,677.05,897961
2016-02-10,677.0,679.95,661.15,667.35,996355
2016-02-11,667.0,667.0,625.0,628.95,1585567
2016-02-12,630.0,637.0,613.7,622.0,1300513
2016-02-17,619.0,629.9,610.0,625.3,955916
2016-02-18,630.0,637.75,624.15,635.55,849665
2016-02-19,632.55,639.9,625.3,631.2,586848
2016-02-22,634.0,642.2,632.15,640.2,444582
2016-02-23,639.0,639.0,620.0,623.0,635282
2016-02-24,620.35,629.95,616.5,618.75,669471
2016-02-25,621.0,621.5,604.5,606.85,1023867
2016-02-26,614.0,621.4,606.6,615.75,586436
2016-02-29,615.0,640.35,585.75,630.4,2099387
2016-03-01,620.0,641.2,620.0,638.45,1980463
2016-03-02,647.25,659.95,641.7,656.3,1243691
2016-03-03,658.0,661.5,649.95,657.65,922424
2016-03-04,658.0,669.85,645.0,665.65,716481
2016-03-08,664.95,665.8,648.05,650.55,663558
2016-03-09,649.95,664.15,647.7,659.9,812862
2016-03-10,670.0,670.0,651.1,654.6,3566707
2016-03-11,657.0,659.1,640.5,642.65,4293624
2016-03-14,649.9,650.1,632.55,636.8,2566102
2016-03-15,637.9,643.0,632.05,639.5,2150997
2016-03-16,636.5,653.35,635.5,651.25,2153716
2016-03-17,655.9,657.25,644.2,651.25,5790597
2016-03-18,650.0,660.95,648.8,658.8,1939198
2016-03-21,660.05,665.0,652.6,663.7,1164363
2016-03-22,660.05,669.85,655.0,666.3,1179559
2016-03-23,666.0,675.8,655.1,659.95,3269570
2016-03-28,664.45,677.9,660.55,669.6,2904848
2016-03-29,670.05,682.0,668.95,671.5,1966330
2016-03-30,675.05,686.5,665.5,683.85,2827418
2016-03-31,677.1,694.9,677.1,680.65,3982132
2016-04-01,682.0,686.65,677.15,679.9,1470326
2016-04-04,681.5,689.3,674.25,687.3,2059957
2016-04-05,684.0,684.75,664.75,668.75,2892523
2016-04-06,669.0,674.3,664.3,668.0,1683758
2016-04-07,667.0,668.0,655.5,662.5,1619424
2016-04-08,658.1,670.4,658.1,665.35,1007741
2016-04-11,670.9,674.95,660.3,671.3,1990818
2016-04-12,669.85,682.05,669.75,677.35,1185688
2016-04-13,687.0,699.95,683.2,692.35,2437798
2016-04-18,691.1,691.1,657.7,683.35,1638201
2016-04-20,687.4,692.0,680.2,687.15,1087651
2016-04-21,689.0,689.6,683.15,686.7,2137424
2016-04-22,680.05,683.75,672.95,676.1,1975006
2016-04-25,671.1,682.85,671.1,680.45,1211689
2016-04-26,679.95,705.0,678.85,700.85,2108459
2016-04-27,702.4,719.8,701.0,712.5,1929112
2016-04-28,715.0,718.4,698.5,701.45,1515244
2016-04-29,699.0,719.35,695.5,717.15,1490141
2016-05-02,714.2,724.75,712.1,718.2,1296560
2016-05-03,719.0,722.95,699.0,707.45,1358193
2016-05-04,706.05,720.6,704.8,712.65,2111368
2016-05-05,713.9,715.25,704.05,709.15,975973
2016-05-06,706.05,710.0,696.1,702.95,667263
2016-05-09,703.0,716.0,702.9,713.85,1885335
2016-05-10,717.75,730.0,711.4,722.85,1576803
2016-05-11,717.8,737.0,714.0,731.55,4117417
2016-05-12,735.7,743.75,721.0,726.75,2785763
2016-05-13,727.0,728.9,707.0,708.25,1429506
2016-05-16,708.1,720.0,703.0,718.25,2438969
2016-05-17,719.0,725.0,708.0,708.9,2471677
2016-05-18,708.0,713.65,700.25,708.9,1147912
2016-05-19,708.25,710.5,701.65,706.05,964151
2016-05-20,709.9,710.7,700.25,702.15,600500
2016-05-23,706.0,710.65,701.0,703.15,1437987
2016-05-24,702.9,702.95,692.5,698.4,2068972
2016-05-25,704.0,715.5,700.5,712.75,2907812
2016-05-26,716.1,739.0,714.35,730.2,1936113
2016-05-27,734.4,744.65,733.1,742.55,1293521
2016-05-30,748.7,754.5,740.05,742.6,729005
2016-05-31,743.3,750.0,739.5,746.55,1167685
2016-06-01,749.75,749.75,740.4,745.35,918251
2016-06-02,749.0,750.0,736.4,746.3,1605981
2016-06-03,750.0,772.45,743.1,769.3,2480775
2016-06-06,770.1,775.0,762.55,765.25,1157650
2016-06-07,770.0,778.85,760.85,772.05,1857761
2016-06-08,768.1,770.0,755.0,759.35,1227612
2016-06-09,761.9,761.9,750.1,752.75,1301396
2016-06-10,751.1,757.5,743.35,750.7,1510634
2016-06-13,746.0,757.45,745.0,755.9,1629842
2016-06-14,758.5,758.5,749.3,752.1,663569
2016-06-15,757.0,768.1,753.0,765.55,887211
2016-06-16,765.9,765.9,746.35,754.45,1079000
2016-06-17,756.0,760.85,748.75,751.1,814258
2016-06-20,741.8,756.8,740.0,751.95,894007
2016-06-21,750.1,753.55,742.8,746.75,702853
2016-06-22,747.0,750.95,733.4,739.35,2686930
2016-06-23,741.0,750.1,738.15,747.25,987665
2016-06-24,730.0,738.05,710.75,733.9,2002188
2016-06-27,723.05,744.6,723.05,739.4,774869
2016-06-28,738.4,747.8,737.7,743.3,761264
2016-06-29,745.0,754.0,742.65,752.8,1477280
2016-06-30,759.9,766.55,754.25,763.35,3334365
2016-07-01,764.0,766.0,750.9,753.4,1565210
2016-07-04,755.5,756.25,741.2,743.95,1172694
2016-07-05,744.45,747.4,738.4,740.4,1125300
2016-07-07,741.0,751.5,739.15,745.9,963213
2016-07-08,745.1,747.7,737.6,743.45,604463
2016-07-11,750.95,763.0,747.1,760.55,1871614
2016-07-12,765.0,766.75,757.95,763.65,1541569
2016-07-13,763.45,776.75,760.45,775.0,2018597
2016-07-14,779.0,784.0,774.4,780.2,1555879
2016-07-15,779.0,781.0,767.65,772.15,2059278
2016-07-18,775.0,782.85,769.35,776.8,2358938
2016-07-19,779.5,781.45,769.4,777.8,1608870
2016-07-20,778.0,784.35,778.0,782.2,1316948
2016-07-21,786.5,787.5,759.0,760.65,3849134
2016-07-22,762.0,764.9,753.25,760.05,1429617
2016-07-25,761.95,773.2,750.0,764.4,3393118
2016-07-26,765.5,766.0,746.35,751.7,1749020
2016-07-27,752.1,760.0,745.5,754.0,1076756
2016-07-28,756.0,760.05,745.65,750.35,3435526
2016-07-29,751.5,766.15,749.3,763.5,1457598
2016-08-01,766.0,769.45,748.0,753.15,1750650
2016-08-02,750.3,763.0,749.9,760.1,1495743
2016-08-03,759.0,764.0,754.8,756.2,1344312
2016-08-04,759.75,761.3,751.0,756.4,1249512
2016-08-05,759.8,776.0,756.6,774.35,2365366
2016-08-08,777.0,781.8,767.95,771.5,1659840
2016-08-09,772.8,772.9,760.1,764.75,877535
2016-08-10,769.7,769.7,758.65,761.25,1093959
2016-08-11,761.0,768.95,759.15,764.65,1006546
2016-08-12,771.9,771.9,760.0,762.9,1128132
2016-08-16,766.5,775.9,762.15,772.8,1826143
2016-08-17,771.0,771.6,761.1,765.65,814886
2016-08-18,766.9,785.95,766.85,784.4,1765760
2016-08-19,785.95,785.95,774.0,778.75,996170
2016-08-22,780.0,782.0,768.8,772.85,612762
2016-08-23,773.35,780.0,771.05,778.35,572986
2016-08-24,779.0,781.9,772.1,777.0,1141719
2016-08-25,778.0,784.0,772.05,780.75,1477112
2016-08-26,782.5,789.0,772.85,780.8,853973
2016-08-29,780.7,788.9,775.15,781.4,762039
2016-08-30,781.9,787.05,780.2,786.15,799025
2016-08-31,795.0,814.95,793.15,806.9,3346444
2016-09-01,813.0,817.45,807.5,810.7,1161928
2016-09-02,812.0,815.75,808.3,813.6,930759
2016-09-06,819.9,822.0,815.0,818.05,1027879
2016-09-07,818.85,823.0,802.45,804.1,1171053
2016-09-08,804.75,822.3,800.25,819.75,1724362
2016-09-09,819.7,825.4,808.6,818.85,1144933
2016-09-12,811.95,815.0,805.0,813.3,741529
2016-09-14,813.9,820.0,803.3,805.95,2041155
2016-09-15,806.95,811.75,803.3,808.6,1182665
2016-09-16,810.9,819.95,804.7,806.6,4352409
2016-09-19,808.4,812.2,799.1,802.85,2257955
2016-09-20,802.0,803.3,791.5,792.75,1557067
2016-09-21,794.1,795.75,786.65,788.4,2317848
2016-09-22,799.0,801.9,791.0,795.15,2111498
2016-09-23,795.7,803.4,793.05,796.15,4190651
2016-09-26,792.15,794.25,784.35,787.75,1117777
2016-09-27,785.25,798.25,782.5,784.45,1427314
2016-09-28,783.0,791.8,778.5,782.3,1955271
2016-09-29,787.5,799.45,769.25,772.6,55058370
2016-09-30,772.0,782.3,766.1,777.0,2432078
2016-10-03,788.95,792.7,783.15,788.05,982792
2016-10-04,790.9,796.6,782.3,791.7,1152157
2016-10-05,794.8,794.8,780.5,782.15,1007548
2016-10-06,782.0,790.0,777.5,783.0,1362633
2016-10-07,782.6,785.0,775.15,782.65,740458
2016-10-10,784.9,785.5,779.0,780.2,749600
2016-10-13,778.0,778.15,765.3,772.35,1764056
2016-10-14,776.0,783.95,770.6,781.75,1033080
2016-10-17,782.9,782.9,764.0,769.25,1920064
2016-10-18,774.9,780.95,769.9,776.95,1627353
2016-10-19,779.0,785.0,772.45,774.0,1057893
2016-10-20,781.9,783.0,770.55,772.35,1661867
2016-10-21,770.05,783.15,768.95,781.5,1767446
2016-10-24,781.9,789.55,777.5,787.35,939931
2016-10-25,789.95,793.0,780.55,786.55,3267465
2016-10-26,783.0,821.0,781.1,811.5,4431744
2016-10-27,812.0,812.0,801.0,806.6,1094848
2016-10-28,806.55,822.0,800.0,819.35,1441990
2016-11-01,819.9,819.9,804.0,805.55,1175512
2016-11-02,799.9,806.15,795.9,804.0,1268772
2016-11-03,803.7,810.95,797.0,806.0,796457
2016-11-04,809.8,812.0,790.1,799.65,1094318
2016-11-07,807.6,807.95,800.0,801.85,996592
2016-11-08,802.8,815.3,794.0,811.8,966350
2016-11-09,778.8,829.4,762.0,822.1,4270134
2016-11-10,828.2,833.45,813.1,819.25,2577155
2016-11-11,813.0,825.5,807.5,815.6,2315638
2016-11-15,818.5,818.5,783.5,789.55,3019854
2016-11-16,796.85,796.85,766.9,770.55,4728488
2016-11-17,766.1,782.2,766.1,776.25,1588701
2016-11-18,780.95,785.0,773.35,779.25,1350361
2016-11-21,780.0,780.95,753.7,762.7,2051821
2016-11-22,765.2,772.5,761.55,769.6,1700599
2016-11-23,772.0,774.0,765.0,766.15,1377635
2016-11-24,760.0,760.0,736.85,742.1,5074907
2016-11-25,747.0,759.65,744.95,752.15,1567193
2016-11-28,744.4,753.0,736.2,750.15,2300878
2016-11-29,748.0,752.5,742.7,745.4,1010013
2016-11-30,746.0,760.0,740.0,755.45,1133785
2016-12-01,755.0,756.45,741.2,744.95,1151007
2016-12-02,740.0,744.0,720.0,723.55,2845037
2016-12-05,726.0,731.9,723.0,729.8,927956
2016-12-06,731.0,737.7,730.25,734.0,496101
2016-12-07,735.55,739.5,724.55,734.35,2132390
2016-12-08,736.1,751.4,736.1,748.65,826615
2016-12-09,749.5,752.5,742.85,745.25,811067
2016-12-12,746.0,746.5,728.6,729.85,395441
2016-12-13,728.0,738.35,723.0,730.95,686064
2016-12-14,730.3,731.55,723.5,727.8,852595
2016-12-15,718.8,734.6,712.0,724.75,1043365
2016-12-16,725.0,727.0,717.2,719.1,3781538
2016-12-19,719.0,721.95,715.4,719.65,1016994
2016-12-20,721.0,723.0,716.9,718.35,916751
2016-12-21,717.1,726.5,717.1,719.8,1074562
2016-12-22,718.5,719.0,711.5,713.15,841012
2016-12-23,705.1,714.0,704.1,711.75,1021690
2016-12-26,711.9,714.0,704.25,711.05,485656
2016-12-27,707.15,716.0,705.6,712.15,1337045
2016-12-28,712.0,718.9,709.1,713.05,1211967
2016-12-29,710.0,715.0,708.35,713.4,1303123
2016-12-30,714.1,722.75,714.1,719.7,990367
2017-01-02,720.0,721.0,708.25,714.8,1206555
2017-01-03,714.95,717.45,707.15,711.75,1381976
2017-01-04,713.0,713.0,692.5,695.6,4258608
2017-01-05,702.85,702.85,696.2,698.95,2180203
2017-01-06,698.0,718.5,693.35,716.85,3664687
2017-01-09,718.0,724.25,707.1,709.25,1540326
2017-01-10,711.1,715.7,710.0,712.65,867005
2017-01-11,715.0,733.8,708.0,728.4,3577518
2017-01-12,732.45,732.45,723.05,727.95,1106785
2017-01-13,731.5,735.6,724.4,727.75,1006051
2017-01-16,726.1,736.2,723.0,731.2,741938
2017-01-17,732.8,735.0,724.3,726.0,681333
2017-01-18,725.1,741.75,725.1,731.1,1125851
2017-01-19,731.0,737.0,727.0,728.2,915362
2017-01-20,732.75,733.15,718.0,723.05,1115048
2017-01-23,722.5,739.9,722.0,732.75,1457199
2017-01-24,737.5,745.0,734.1,743.35,1206679
2017-01-25,747.5,800.9,745.05,795.2,8772524
2017-01-27,798.0,802.1,780.45,785.05,3709367
2017-01-30,786.0,790.0,771.1,775.6,2183478
2017-01-31,777.0,780.3,763.05,774.15,1400680
2017-02-01,777.5,782.95,739.15,777.05,4951867
2017-02-02,779.0,780.45,764.45,770.4,2022953
2017-02-03,769.5,777.2,760.0,765.3,1562576
2017-02-06,770.0,773.75,765.3,766.7,1967556
2017-02-07,769.0,784.95,768.5,773.35,2996111
2017-02-08,774.4,776.2,762.0,767.6,2607668
2017-02-09,769.9,779.5,765.0,769.65,1306279
2017-02-10,771.1,786.3,771.1,778.9,1871296
2017-02-13,779.8,796.0,779.5,793.15,1804668
2017-02-14,793.9,796.35,785.95,790.3,1338969
2017-02-15,791.2,795.0,781.75,784.3,1360744
2017-02-16,785.0,798.5,780.25,792.5,2256205
2017-02-17,805.0,811.0,790.1,796.5,4259173
2017-02-20,801.9,805.0,795.0,797.05,847401
2017-02-21,799.15,800.6,791.1,797.9,632134
2017-02-22,799.8,804.45,793.75,795.85,1106511
2017-02-23,798.5,814.4,792.5,810.95,4575547
2017-02-27,807.5,812.5,795.55,800.5,2381678
2017-02-28,801.9,808.45,798.8,802.1,972189
2017-03-01,802.1,827.2,802.05,824.15,2968583
2017-03-02,827.5,828.7,812.75,816.15,4455373
2017-03-03,816.0,817.0,803.0,809.5,1317035
2017-03-06,812.9,822.2,811.1,818.95,1439574
2017-03-07,820.0,821.0,814.0,817.0,949754
2017-03-08,823.05,838.95,819.2,824.9,3815129
2017-03-09,826.0,827.8,820.0,825.45,1597549
2017-03-10,835.05,838.9,826.15,828.9,1352797
2017-03-14,843.0,851.45,832.0,836.15,3116342
2017-03-15,837.0,848.45,835.15,844.15,1718310
2017-03-16,849.2,856.35,849.2,851.4,1261745
2017-03-17,852.95,854.45,842.55,848.25,4646494
2017-03-20,855.0,862.0,848.0,854.6,1592288
2017-03-21,855.0,861.4,850.95,859.55,1458329
2017-03-22,853.0,864.9,848.5,862.2,9354327
2017-03-23,863.15,873.5,862.05,868.15,1610154
2017-03-24,871.0,886.4,863.9,879.35,2280029
2017-03-27,879.35,880.0,858.7,871.15,1999306
2017-03-28,877.5,879.95,856.0,859.45,3049130
2017-03-29,864.1,864.75,852.55,857.6,2483787
2017-03-30,862.5,871.95,859.35,865.15,3534385
2017-03-31,865.0,880.0,862.05,872.2,2586431
2017-04-03,877.0,879.8,871.0,875.95,1365426
2017-04-05,880.0,896.6,877.6,889.85,2006328
2017-04-06,885.0,897.5,883.7,894.35,1988350
2017-04-07,890.0,893.2,870.0,873.1,1612677
2017-04-10,877.7,879.9,867.5,877.35,945515
2017-04-11,872.7,889.0,871.1,881.05,1400544
2017-04-12,881.0,883.45,873.6,879.4,1088987
2017-04-13,879.0,884.0,872.5,879.5,937868
2017-04-17,885.0,889.75,875.0,887.6,1232806
2017-04-18,890.0,892.7,876.6,881.65,1266297
2017-04-19,879.1,881.6,867.2,875.6,898264
2017-04-20,876.6,891.45,876.1,889.15,998075
2017-04-21,890.0,897.5,878.5,880.4,1260745
2017-04-24,878.0,898.45,876.3,895.75,3128325
2017-04-25,899.0,904.0,885.1,898.0,2496583
2017-04-26,899.7,921.0,895.55,900.35,3611321
2017-04-27,907.95,919.35,890.0,916.65,7060437
2017-04-28,917.5,919.9,901.0,901.95,1236662
2017-05-02,902.05,919.9,901.0,917.9,2570563
2017-05-03,920.05,922.0,913.8,916.95,1012552
2017-05-04,917.25,918.0,900.45,905.45,1503426
2017-05-05,908.95,912.0,900.25,908.3,2195801
2017-05-08,907.5,910.0,900.0,907.35,1067991
2017-05-09,910.0,911.35,905.4,906.85,583372
2017-05-10,911.0,929.65,911.0,927.65,1940601
2017-05-11,933.05,940.5,930.55,936.8,2200001
2017-05-12,940.0,962.0,937.55,954.65,4308505
2017-05-15,955.0,981.45,954.4,973.3,4155827
2017-05-16,973.5,975.0,957.1,959.85,2397324
2017-05-17,962.4,962.4,945.6,951.2,1187031
2017-05-18,947.95,952.9,935.1,942.85,5827141
2017-05-19,945.0,947.5,935.75,937.35,1242128
2017-05-22,942.5,954.0,937.35,941.25,1386033
2017-05-23,941.0,946.1,935.3,940.25,1370650
2017-05-24,938.6,943.4,932.5,936.1,1014349
2017-05-25,936.0,962.5,936.0,956.5,4144290
2017-05-26,960.0,969.55,952.5,965.05,1633378
2017-05-29,965.45,970.6,957.0,968.55,1110399
2017-05-30,966.95,967.25,955.55,961.95,632580
2017-05-31,962.95,971.3,962.5,966.05,1351133
2017-06-01,963.35,968.0,958.9,962.65,757345
2017-06-02,965.5,972.5,963.5,965.25,449924
2017-06-05,965.9,969.0,959.45,967.0,834584
2017-06-06,970.0,970.0,960.1,966.4,1700072
2017-06-07,970.0,970.0,964.0,968.65,663956
2017-06-08,969.95,983.3,965.9,978.85,1509894
2017-06-09,978.75,987.0,975.55,985.1,1383421
2017-06-12,985.85,990.0,972.1,976.7,1192741
2017-06-13,973.2,980.0,971.25,974.2,900426
2017-06-14,970.0,972.15,963.0,968.05,955259
2017-06-15,962.5,969.75,960.2,962.6,1158086
2017-06-16,966.95,990.1,962.35,982.65,4197485
2017-06-19,986.25,991.8,985.0,987.55,917933
2017-06-20,990.0,990.0,980.4,983.05,657768
2017-06-21,982.95,995.0,979.15,991.95,1094255
2017-06-22,990.0,1004.25,990.0,997.9,1745066
2017-06-23,999.0,1004.65,982.75,985.2,1455696
2017-06-27,985.0,992.9,966.45,974.75,1577817
2017-06-28,983.75,983.75,967.85,972.2,1333766
2017-06-29,973.7,976.95,945.0,948.35,2798286
2017-06-30,946.0,961.4,936.0,955.75,1921598
2017-07-03,953.1,955.45,940.2,948.85,1337634
2017-07-04,952.5,961.4,943.25,958.8,1438005
2017-07-05,960.7,963.3,954.1,959.85,1239270
2017-07-06,961.8,962.85,954.05,958.1,804102
2017-07-07,957.0,967.5,954.1,964.7,1223510
2017-07-10,964.0,972.8,960.0,968.0,354368
2017-07-11,969.9,970.95,955.25,958.75,1334899
2017-07-12,960.0,963.0,951.25,956.65,1664448
2017-07-13,960.0,967.8,956.8,962.1,2787244
2017-07-14,968.95,983.45,963.75,977.2,3771140
2017-07-17,983.0,990.0,976.4,979.7,2553254
2017-07-18,981.8,987.0,971.35,977.1,1096403
2017-07-19,982.5,998.0,976.05,994.2,4990375
2017-07-20,1001.95,1016.4,975.5,980.0,10689537
2017-07-21,984.9,1002.5,970.4,999.45,2104019
2017-07-24,1004.6,1008.4,987.55,992.95,2226380
2017-07-25,1000.0,1000.0,983.1,987.95,1300655
2017-07-26,995.5,995.5,982.6,986.55,1816661
2017-07-27,993.5,1005.0,982.5,998.15,2564843
2017-07-28,996.7,1017.5,995.0,1012.7,1304864
2017-07-31,1018.0,1031.7,1012.85,1021.65,2464607
2017-08-01,1024.0,1024.0,1011.0,1015.3,2063948
2017-08-02,1015.8,1023.25,1005.2,1010.9,1119072
2017-08-03,1009.9,1009.9,994.0,996.4,1152115
2017-08-04,999.0,999.6,988.55,996.2,1187275
2017-08-07,1000.15,1001.95,994.3,997.9,619240
2017-08-08,1000.0,1000.0,980.1,987.7,1222642
2017-08-09,989.0,999.7,979.3,992.4,1131399
2017-08-10,994.9,1002.5,983.05,996.8,2495164
2017-08-11,988.9,997.45,973.55,992.2,1421743
2017-08-14,992.5,1000.0,980.25,982.6,2666347
2017-08-16,990.0,1005.0,967.55,1000.55,3147277
2017-08-17,1003.0,1003.0,982.0,989.0,1076077
2017-08-18,983.0,985.15,976.0,983.55,956180
2017-08-21,988.4,991.7,967.5,969.55,845249
2017-08-22,974.9,977.45,966.3,970.8,1206098
2017-08-23,978.0,984.0,964.0,980.1,2354519
2017-08-24,984.9,984.9,966.05,972.1,1336640
2017-08-28,980.0,982.95,972.5,976.05,621906
2017-08-29,975.0,975.9,962.0,964.4,1314765
2017-08-30,970.0,976.35,965.95,971.35,997329
2017-08-31,974.5,980.9,963.55,976.0,2524606
2017-09-01,979.0,998.1,972.5,992.55,1948333
2017-09-04,998.0,998.6,973.2,978.1,703102
2017-09-05,978.1,991.0,975.85,988.4,851521
2017-09-06,987.0,1007.95,980.05,996.15,1738140
2017-09-07,999.0,1004.7,988.2,993.5,1514770
2017-09-08,996.0,1010.8,991.55,1007.55,2076538
2017-09-11,1010.0,1015.0,1001.1,1006.5,1323918
2017-09-12,1012.0,1024.55,1007.15,1021.75,1649509
2017-09-13,1022.0,1025.1,1015.6,1020.15,1110777
2017-09-14,1021.8,1026.45,1002.4,1007.6,1484086
2017-09-15,1007.9,1011.7,997.5,1005.05,5328496
2017-09-18,1007.5,1024.95,1007.5,1017.05,939378
2017-09-19,1020.0,1045.4,1015.6,1034.35,1976618
2017-09-20,1034.5,1036.95,1020.25,1023.2,1971092
2017-09-21,1022.0,1037.0,1020.0,1029.15,923961
2017-09-22,1024.75,1031.0,1019.0,1021.9,1845956
2017-09-25,1021.0,1021.7,995.0,999.5,1856601
2017-09-26,1001.0,1007.5,990.4,994.0,1337633
2017-09-27,997.5,1005.05,977.0,979.6,2040885
2017-09-28,982.5,1014.6,968.0,1005.25,5808078
2017-09-29,1014.0,1015.0,998.4,1002.25,1660433
2017-10-03,1006.1,1010.0,995.15,1006.55,2133107
2017-10-04,1008.6,1037.2,1008.6,1029.45,2255784
2017-10-05,1029.0,1037.25,1020.25,1032.8,1396989
2017-10-06,1032.0,1043.15,1028.65,1039.5,1065953
2017-10-09,1037.1,1053.8,1035.1,1049.95,1546184
2017-10-10,1052.95,1061.0,1044.4,1055.65,1602617
2017-10-11,1056.75,1057.15,1038.2,1043.85,1329360
2017-10-12,1043.3,1062.5,1038.0,1057.6,1176721
2017-10-13,1058.0,1088.8,1052.5,1082.35,1755115
2017-10-16,1082.35,1098.7,1077.9,1082.5,2574204
2017-10-17,1082.5,1087.5,1072.1,1078.6,1678738
2017-10-18,1079.0,1115.05,1077.5,1095.9,2753994
2017-10-19,1094.0,1094.0,1070.6,1077.75,277916
2017-10-23,1080.0,1082.85,1058.05,1061.55,1939538
2017-10-24,1070.45,1076.4,1059.0,1065.7,1305472
2017-10-25,1071.5,1075.0,998.5,1010.55,8250123
2017-10-26,1021.4,1025.55,985.15,1018.9,3679909
2017-10-27,1023.5,1045.0,1022.95,1029.0,2640498
2017-10-30,1028.0,1034.0,1020.5,1028.9,1563715
2017-10-31,1031.0,1035.0,1022.05,1025.05,973983
2017-11-01,1032.0,1037.0,1017.55,1024.35,1657437
2017-11-02,1023.0,1033.4,1017.5,1019.55,1287575
2017-11-03,1027.4,1027.4,1008.65,1015.5,2942419
2017-11-06,1015.0,1019.0,999.5,1009.75,2793501
2017-11-07,1011.0,1025.9,1007.8,1013.3,1850889
2017-11-08,1013.3,1021.0,1007.0,1011.4,1451235
2017-11-09,1011.4,1015.0,1002.6,1005.35,1648408
2017-11-10,1001.1,1008.75,990.0,993.4,1853829
2017-11-13,990.0,999.0,982.55,994.7,2132408
2017-11-14,994.0,1003.2,992.5,999.2,1373565
2017-11-15,998.0,1014.4,997.85,1011.5,1333954
2017-11-16,1010.0,1026.45,1008.05,1017.45,1307144
2017-11-17,1027.5,1030.0,1014.35,1023.2,1842633
2017-11-20,1023.2,1041.9,1016.85,1040.55,1248427
2017-11-21,1042.3,1050.0,1027.25,1029.85,2439933
2017-11-22,1032.5,1035.3,1019.1,1026.25,1545476
2017-11-23,1031.7,1031.7,1016.35,1022.1,1233925
2017-11-24,1025.0,1036.5,1020.95,1030.35,1176564
2017-11-27,1029.9,1041.7,1023.5,1036.45,970817
2017-11-28,1036.0,1040.0,1026.1,1029.85,734677
2017-11-29,1028.9,1032.85,1022.0,1026.25,1414642
2017-11-30,1019.1,1020.4,996.15,1000.3,2800528
2017-12-01,1003.0,1011.75,1001.15,1005.15,2879595
2017-12-04,1006.0,1011.0,992.5,997.95,2224349
2017-12-05,998.5,1005.15,995.15,999.85,1823641
2017-12-06,1000.0,1010.55,996.3,999.65,1775461
2017-12-07,1003.0,1006.0,994.15,1001.6,1027520
2017-12-08,1006.8,1012.0,1003.0,1009.0,1884560
2017-12-11,1009.0,1011.4,1002.05,1008.5,1084771
2017-12-12,1005.0,1006.9,997.7,1000.4,1826210
2017-12-13,1006.0,1027.0,993.05,1014.9,2855676
2017-12-14,1017.0,1027.05,1007.9,1024.65,1461190
2017-12-15,1032.5,1037.0,1020.5,1030.1,9518612
2017-12-18,1028.9,1038.0,999.6,1023.2,1989303
2017-12-19,1024.9,1028.25,1012.5,1021.35,1032586
2017-12-20,1021.35,1022.1,1008.35,1012.7,1980327
2017-12-21,1010.05,1015.0,1006.8,1010.55,2154856
2017-12-22,1014.0,1014.5,1006.2,1010.05,1012136
2017-12-26,1009.9,1020.7,1007.05,1016.25,1632043
2017-12-27,1016.7,1022.0,1010.15,1014.05,560946
2017-12-28,1013.0,1014.7,1002.6,1004.75,1035750
2017-12-29,1003.25,1012.0,1002.5,1010.2,1190422
2018-01-01,1011.85,1012.2,996.8,999.95,1317415
2018-01-02,1001.0,1006.0,992.5,1003.2,1072207
2018-01-03,1002.6,1006.9,998.1,1000.1,884021
2018-01-04,1001.0,1002.9,996.1,1000.4,783950
2018-01-05,1002.5,1006.7,996.6,1003.05,2147402
2018-01-08,1008.85,1013.1,1003.7,1006.1,1780412
2018-01-09,1010.0,1020.65,996.0,1009.75,1242106
2018-01-10,1007.6,1009.45,1000.1,1002.25,676881
2018-01-11,1003.7,1021.0,1001.05,1017.65,2077832
2018-01-12,1022.5,1025.9,1016.1,1023.35,2320796
2018-01-15,1025.0,1041.4,1020.35,1038.35,3511372
2018-01-16,1043.55,1044.0,1027.5,1033.25,1158187
2018-01-17,1028.05,1034.15,1021.8,1027.1,1603465
2018-01-18,1033.0,1050.8,1031.4,1046.5,3648214
2018-01-19,1052.7,1063.9,1043.05,1060.55,4304314
2018-01-22,1061.0,1078.2,1044.0,1074.1,3189930
2018-01-23,1076.95,1083.75,1070.25,1075.45,2458463
2018-01-24,1071.25,1084.0,1070.95,1080.1,1168000
2018-01-25,1076.0,1098.0,1050.1,1092.35,4061319
2018-01-29,1092.0,1119.5,1091.0,1115.1,2215014
2018-01-30,1113.05,1118.0,1083.95,1088.05,2692935
2018-01-31,1084.0,1113.2,1083.15,1108.95,3143011
2018-02-01,1105.1,1131.0,1105.1,1120.95,3856283
2018-02-02,1115.0,1115.0,1077.95,1085.95,2281820
2018-02-05,1075.0,1081.05,1050.8,1062.25,2370531
2018-02-06,1035.65,1049.4,1018.2,1033.8,3334520
2018-02-07,1037.0,1050.0,1031.0,1036.3,3536295
2018-02-08,1036.3,1056.0,1030.6,1051.75,1839297
2018-02-09,1040.0,1045.5,1028.0,1032.0,1898563
2018-02-12,1037.5,1046.0,1032.65,1042.95,772861
2018-02-14,1050.0,1052.35,1036.8,1042.45,1187333
2018-02-15,1043.5,1047.5,1033.0,1042.15,908706
2018-02-16,1043.0,1062.0,1040.85,1050.2,1655606
2018-02-19,1059.0,1059.0,1046.55,1056.2,1188168
2018-02-20,1056.2,1065.4,1041.7,1045.8,835351
2018-02-21,1047.7,1060.8,1042.55,1055.05,3572028
2018-02-22,1052.5,1077.5,1050.65,1072.5,5142330
2018-02-23,1072.5,1083.3,1072.45,1080.85,2272854
2018-02-26,1081.0,1109.6,1081.0,1105.15,1817998
2018-02-27,1105.0,1105.0,1088.1,1093.05,1034120
2018-02-28,1090.0,1095.2,1084.55,1090.55,886902
2018-03-01,1088.1,1103.75,1086.0,1095.7,1480594
2018-03-05,1090.0,1103.85,1080.8,1100.0,2409121
2018-03-06,1105.0,1105.95,1075.3,1082.45,2404151
2018-03-07,1082.2,1097.6,1073.3,1085.1,2965912
2018-03-08,1088.7,1093.1,1074.3,1082.3,1751666
2018-03-09,1085.0,1091.9,1076.65,1082.45,1644991
2018-03-12,1087.5,1105.0,1083.5,1100.6,1255474
2018-03-13,1099.95,1108.5,1078.95,1083.9,1380164
2018-03-14,1080.0,1085.05,1070.0,1081.75,1209100
2018-03-15,1085.0,1091.95,1078.65,1085.65,1368171
2018-03-16,1081.65,1082.0,1056.4,1060.75,2724910
2018-03-19,1064.7,1065.6,1045.25,1049.0,1880023
2018-03-20,1047.9,1051.45,1038.6,1045.3,987156
2018-03-21,1054.8,1061.95,1045.55,1051.1,1741161
2018-03-22,1051.1,1059.5,1048.1,1053.05,1765315
2018-03-23,1040.9,1046.8,1028.4,1038.8,1961492
2018-03-26,1040.0,1040.9,1028.85,1039.35,7817249
2018-03-27,1043.0,1058.0,1043.0,1049.85,2148618
2018-03-28,1044.05,1057.0,1040.6,1047.8,5927388
2018-04-02,1049.05,1100.45,1049.05,1096.55,2666027
2018-04-03,1094.5,1105.1,1087.5,1103.3,1345130
2018-04-04,1108.9,1111.8,1075.0,1078.3,1305078
2018-04-05,1091.9,1121.0,1084.5,1118.3,1987694
2018-04-06,1116.0,1123.0,1102.0,1119.2,1293385
2018-04-09,1119.9,1137.5,1115.0,1118.25,1851094
2018-04-10,1120.0,1134.9,1110.4,1113.65,1198503
2018-04-11,1110.0,1129.0,1110.0,1126.1,883246
2018-04-12,1123.6,1137.35,1113.5,1134.6,1344409
2018-04-13,1138.9,1157.05,1137.1,1151.1,2952078
2018-04-16,1147.5,1175.0,1145.0,1172.1,1625382
2018-04-17,1176.0,1177.5,1160.6,1164.85,912582
2018-04-18,1167.5,1167.5,1151.15,1153.95,889610
2018-04-19,1160.0,1165.6,1151.1,1153.9,660729
2018-04-20,1150.85,1164.0,1145.05,1152.85,1218056
2018-04-23,1158.7,1177.15,1153.25,1169.0,1354154
2018-04-24,1172.45,1172.45,1153.65,1166.0,992352
2018-04-25,1164.0,1170.5,1150.65,1167.85,1251769
2018-04-26,1169.0,1192.75,1161.05,1185.7,3196902
2018-04-27,1190.0,1207.0,1178.45,1188.75,1816266
2018-04-30,1198.95,1218.8,1193.4,1211.1,3430681
2018-05-02,1232.0,1288.4,1223.2,1256.85,8891427
2018-05-03,1255.0,1263.2,1225.85,1233.55,2977641
2018-05-04,1240.2,1240.25,1214.1,1233.45,1914559
2018-05-07,1235.0,1248.7,1229.4,1245.05,2305468
2018-05-08,1247.5,1247.5,1225.8,1241.85,2674288
2018-05-09,1241.7,1255.3,1232.9,1251.15,1671216
2018-05-10,1254.5,1260.0,1242.9,1247.5,984467
2018-05-11,1250.0,1272.4,1248.05,1267.3,1416236
2018-05-14,1268.0,1288.15,1256.25,1271.6,1674393
2018-05-15,1274.0,1304.45,1259.25,1283.85,3979395
2018-05-16,1272.0,1293.05,1265.0,1281.4,1381194
2018-05-17,1285.0,1296.0,1265.0,1270.7,2201571
2018-05-18,1268.0,1297.05,1267.0,1294.4,3368549
2018-05-21,1299.95,1299.95,1269.55,1276.65,1998879
2018-05-22,1276.8,1284.25,1258.65,1262.7,1357645
2018-05-23,1260.0,1264.95,1242.0,1255.35,1512791
2018-05-24,1250.5,1279.55,1246.15,1275.45,1572433
2018-05-25,1277.95,1306.85,1272.5,1295.85,1065643
2018-05-28,1300.0,1309.7,1289.8,1297.15,1527809
2018-05-29,1297.1,1300.9,1278.45,1284.25,1094590
2018-05-30,1276.85,1308.4,1270.3,1303.25,2044432
2018-05-31,1306.9,1400.0,1301.45,1334.6,6684898
2018-06-01,1317.0,1334.0,1307.15,1318.0,2332688
2018-06-04,1334.0,1334.0,1293.0,1303.95,1462047
2018-06-05,1303.95,1312.65,1297.2,1304.7,2085438
2018-06-06,1307.0,1320.95,1300.0,1315.7,1030269
2018-06-07,1324.0,1334.7,1306.5,1310.45,2049203
2018-06-08,1308.0,1324.95,1301.25,1318.35,1848047
2018-06-11,1324.0,1329.85,1319.0,1323.35,1311222
2018-06-12,1329.0,1332.65,1320.1,1329.3,977752
2018-06-13,1331.4,1331.6,1312.65,1325.65,1495398
2018-06-14,1324.95,1338.05,1319.5,1332.65,1584229
2018-06-15,1332.6,1344.5,1322.35,1340.0,1658235
2018-06-18,1340.0,1341.0,1311.75,1315.3,1803688
2018-06-19,1315.3,1322.15,1300.2,1303.25,1616945
2018-06-20,1309.0,1328.4,1299.05,1324.6,1125338
2018-06-21,1332.0,1332.0,1311.1,1313.95,915466
2018-06-22,1318.25,1324.0,1308.45,1321.4,1267210
2018-06-25,1321.0,1335.0,1315.0,1328.0,1051297
2018-06-26,1322.0,1342.1,1320.15,1329.85,1637022
2018-06-27,1332.0,1339.8,1320.1,1324.2,1308470
2018-06-28,1319.0,1349.9,1312.1,1339.1,4308361
2018-06-29,1336.0,1360.0,1335.3,1342.95,2305393
2018-07-02,1348.85,1354.4,1332.0,1337.95,1301687
2018-07-03,1337.0,1357.0,1327.6,1353.15,1487237
2018-07-04,1355.1,1369.9,1346.35,1365.25,1347778
2018-07-05,1373.0,1377.55,1363.5,1365.0,1814111
2018-07-06,1358.2,1376.8,1358.2,1371.2,1042184
2018-07-09,1374.9,1387.75,1367.5,1385.1,1875664
2018-07-10,1386.15,1388.6,1366.2,1372.15,1476023
2018-07-11,1371.85,1389.85,1367.0,1386.95,1447218
2018-07-12,1394.9,1400.5,1382.2,1389.8,1599679
2018-07-13,1385.25,1411.9,1385.25,1404.35,1439199
2018-07-16,1409.8,1417.0,1398.2,1408.45,1505129
2018-07-17,1408.45,1415.75,1393.2,1400.6,1449255
2018-07-18,1404.0,1407.95,1392.2,1398.55,1373015
2018-07-19,1408.0,1408.0,1333.85,1347.4,6013280
2018-07-20,1340.0,1366.55,1331.0,1333.3,3305843
2018-07-23,1330.0,1351.0,1322.3,1337.05,1957666
2018-07-24,1342.0,1348.95,1305.15,1312.25,3125964
2018-07-25,1309.0,1317.5,1294.0,1314.9,3117078
2018-07-26,1311.65,1322.5,1294.35,1311.25,3664497
2018-07-27,1313.05,1327.0,1305.65,1311.1,1885821
2018-07-30,1307.9,1307.9,1285.5,1305.25,1720338
2018-07-31,1303.8,1313.6,1287.15,1306.85,1827739
2018-08-01,1304.85,1326.1,1304.85,1312.7,1684489
2018-08-02,1309.65,1311.0,1276.7,1280.2,2065057
2018-08-03,1297.0,1314.0,1289.35,1309.5,2745749
2018-08-06,1313.95,1314.0,1279.0,1282.8,1895761
2018-08-07,1287.0,1298.9,1274.15,1283.7,1751392
2018-08-08,1288.0,1299.7,1282.55,1288.3,1517072
2018-08-09,1292.0,1292.0,1270.1,1277.25,1422779
2018-08-10,1273.05,1289.9,1272.0,1285.5,1539484
2018-08-13,1275.0,1291.25,1275.0,1287.15,1981311
2018-08-14,1290.0,1298.8,1285.0,1293.0,1605329
2018-08-16,1270.0,1272.0,1242.75,1245.4,5749494
2018-08-17,1252.0,1273.95,1245.0,1263.25,3253970
2018-08-20,1263.25,1280.25,1261.45,1274.75,1054743
2018-08-21,1269.25,1272.6,1260.25,1263.4,1143471
2018-08-23,1264.0,1264.0,1238.0,1247.7,3151993
2018-08-24,1248.9,1263.95,1242.35,1254.5,2214361
2018-08-27,1260.05,1284.95,1258.3,1274.9,2499503
2018-08-28,1279.4,1295.0,1275.15,1285.1,1608796
2018-08-29,1282.15,1295.0,1275.0,1288.6,1473564
2018-08-30,1282.0,1282.0,1263.4,1278.05,2372843
2018-08-31,1275.55,1294.0,1275.55,1287.25,1569633
2018-09-03,1292.0,1295.0,1265.0,1269.1,2076747
2018-09-04,1270.0,1275.3,1251.1,1257.6,2001489
2018-09-05,1257.0,1266.0,1227.6,1238.15,2262546
2018-09-06,1242.0,1264.6,1238.15,1260.9,2947633
2018-09-07,1257.0,1260.0,1238.1,1244.95,1452290
2018-09-11,1227.0,1227.65,1203.75,1206.4,2287373
2018-09-14,1240.0,1244.65,1228.55,1239.55,1921249
2018-09-17,1227.65,1238.9,1221.65,1230.4,1861679
2018-09-18,1227.95,1233.85,1210.5,1215.3,2270665
2018-09-19,1217.0,1234.0,1217.0,1226.9,2077024
2018-09-21,1227.0,1246.0,1143.0,1180.2,4533128
2018-09-24,1180.0,1182.95,1144.3,1148.7,3457790
2018-09-25,1146.0,1191.1,1120.15,1183.35,3776071
2018-09-26,1186.1,1188.65,1161.3,1169.4,2446177
2018-09-27,1172.0,1177.15,1138.95,1142.45,3967316
2018-09-28,1147.0,1163.0,1133.35,1141.6,3421603
2018-10-01,1090.0,1130.8,1002.2,1122.0,10535080
2018-10-03,1116.9,1138.55,1086.1,1098.25,2961974
2018-10-04,1085.0,1094.55,1056.6,1074.5,3439111
2018-10-05,1070.7,1088.95,1040.45,1052.2,3767039
2018-10-08,1050.05,1116.8,1044.15,1104.3,4067810
2018-10-09,1106.0,1126.5,1085.5,1108.45,3114848
2018-10-10,1113.5,1146.6,1112.25,1137.75,3385261
2018-10-11,1100.0,1120.0,1095.0,1115.55,2283217
2018-10-12,1122.0,1173.15,1122.0,1167.15,6276615
2018-10-15,1170.0,1183.8,1157.5,1170.45,3181839
2018-10-16,1171.5,1181.7,1162.75,1175.75,3685402
2018-10-17,1185.0,1188.65,1172.25,1176.0,4792844
2018-10-19,1165.0,1206.0,1160.6,1198.95,3566784
2018-10-22,1205.2,1219.2,1157.5,1164.0,4342603
2018-10-23,1150.0,1179.8,1143.55,1174.45,2237537
2018-10-24,1185.0,1195.05,1153.95,1177.1,4309834
2018-10-25,1173.0,1194.2,1165.0,1185.8,3613893
2018-10-26,1185.0,1193.0,1152.3,1158.6,1842212
2018-10-29,1152.1,1152.9,1098.45,1138.1,3711300
2018-10-30,1140.0,1146.0,1115.3,1123.8,1950633
2018-10-31,1129.1,1135.0,1107.0,1119.15,2764840
2018-11-01,1123.7,1126.75,1101.1,1109.55,2669317
2018-11-02,1118.25,1146.0,1112.5,1133.2,3900710
2018-11-05,1135.0,1135.0,1115.5,1129.45,1403820
2018-11-06,1128.45,1140.0,1121.15,1125.3,2106333
2018-11-07,1134.0,1139.3,1132.35,1134.3,163566
2018-11-09,1132.0,1138.85,1115.75,1135.55,1636807
2018-11-12,1139.0,1161.95,1138.15,1153.7,2287379
2018-11-13,1150.0,1171.4,1140.0,1165.9,2117621
2018-11-14,1170.1,1175.0,1122.4,1129.9,2706898
2018-11-15,1139.0,1166.0,1132.0,1162.25,3049191
2018-11-16,1172.0,1173.0,1152.75,1168.6,1862043
2018-11-19,1175.0,1188.95,1165.0,1175.25,2005694
2018-11-20,1170.0,1178.3,1162.15,1169.95,1805161
2018-11-21,1169.95,1185.0,1169.85,1176.7,1432572
2018-11-22,1171.0,1182.0,1167.6,1170.6,1257089
2018-11-26,1173.15,1180.0,1153.05,1170.55,2456379
2018-11-27,1163.1,1178.95,1163.1,1173.55,1737759
2018-11-28,1172.15,1187.7,1157.6,1160.25,1950956
2018-11-29,1165.5,1219.9,1157.0,1212.95,6607241
2018-11-30,1209.0,1238.4,1197.7,1233.95,3005495
2018-12-03,1240.0,1244.0,1218.4,1226.1,1817913
2018-12-04,1227.0,1236.3,1210.0,1225.3,1565130
2018-12-05,1221.55,1228.4,1203.0,1211.5,2856527
2018-12-06,1205.0,1205.0,1171.15,1180.25,3097300
2018-12-07,1181.0,1345.95,1176.15,1279.65,33807619
2018-12-10,1244.1,1289.9,1188.0,1198.35,18948035
2018-12-11,1189.0,1239.0,1171.0,1218.7,10078591
2018-12-12,1229.4,1261.0,1224.2,1237.15,6563999
2018-12-13,1240.0,1271.8,1228.6,1264.4,4227732
2018-12-14,1264.4,1271.7,1247.1,1255.95,2671529
2018-12-17,1260.0,1266.0,1207.05,1222.45,7385641
2018-12-18,1214.9,1239.65,1214.0,1237.1,3678466
2018-12-19,1238.8,1245.7,1222.1,1225.65,3032003
2018-12-20,1219.8,1239.4,1215.6,1236.3,2300954
2018-12-21,1240.0,1242.9,1223.65,1227.2,2208029
2018-12-24,1230.0,1243.45,1221.0,1238.5,1539829
2018-12-26,1234.5,1250.8,1210.5,1248.15,2379224
2018-12-27,1257.25,1258.65,1235.35,1240.25,2653738
2018-12-28,1244.25,1250.9,1235.05,1241.35,1740134
2018-12-31,1237.0,1262.5,1233.5,1256.5,2324352
2019-01-01,1254.0,1256.0,1242.25,1250.45,1202580
2019-01-02,1247.9,1248.25,1227.0,1240.6,1713677
2019-01-03,1240.0,1251.0,1227.65,1235.25,1825888
2019-01-04,1238.0,1252.0,1230.0,1247.95,1468796
2019-01-07,1250.95,1254.0,1241.0,1246.6,1211456
2019-01-08,1243.0,1244.2,1225.95,1228.9,1661528
2019-01-09,1237.35,1244.0,1228.1,1238.25,1647622
2019-01-10,1239.0,1242.0,1216.35,1219.55,1651443
2019-01-11,1225.0,1229.2,1213.2,1223.2,2129299
2019-01-14,1217.0,1224.45,1206.4,1211.75,1364695
2019-01-15,1217.0,1220.0,1210.3,1213.4,1153871
2019-01-16,1215.7,1216.95,1198.0,1202.75,2374649
2019-01-17,1208.0,1225.05,1200.0,1219.95,3934500
2019-01-18,1220.1,1243.0,1216.5,1240.2,2598572
2019-01-21,1240.7,1275.5,1222.65,1267.6,9785366
2019-01-22,1279.0,1307.95,1273.1,1291.75,9072680
2019-01-23,1298.9,1298.9,1271.05,1276.5,3258582
2019-01-24,1274.0,1276.5,1263.0,1267.75,1459776
2019-01-25,1268.8,1287.7,1258.55,1266.15,1441296
2019-01-28,1269.0,1285.0,1255.0,1260.45,2054592
2019-01-29,1260.0,1273.0,1248.0,1251.4,2591590
2019-01-30,1255.0,1255.5,1217.8,1222.2,2754232
2019-01-31,1222.0,1260.0,1211.4,1255.75,2968660
2019-02-01,1257.05,1270.8,1240.2,1255.7,2189154
2019-02-04,1245.0,1274.7,1245.0,1272.2,1379319
2019-02-05,1276.0,1287.0,1267.5,1279.15,1917782
2019-02-06,1280.0,1288.8,1276.35,1279.5,1158741
2019-02-07,1280.0,1295.0,1275.3,1284.55,1198410
2019-02-08,1284.0,1311.0,1277.3,1299.4,2481433
2019-02-11,1296.0,1315.0,1294.0,1301.55,3144675
2019-02-12,1300.0,1310.0,1295.3,1298.65,1482010
2019-02-13,1305.0,1306.75,1292.8,1298.3,902822
2019-02-14,1302.0,1302.25,1271.55,1286.8,2491111
2019-02-15,1287.8,1290.0,1270.0,1283.65,2006955
2019-02-18,1281.0,1288.0,1273.25,1277.05,1265173
2019-02-19,1277.0,1285.25,1271.85,1280.45,1268328
2019-02-20,1281.3,1292.0,1279.2,1289.75,1350202
2019-02-21,1291.9,1297.6,1283.5,1289.15,1819094
2019-02-22,1251.0,1258.0,1225.0,1237.9,83859904
2019-02-25,1243.4,1246.85,1230.0,1240.95,3735590
2019-02-26,1224.0,1249.7,1220.1,1236.15,5026571
2019-02-27,1238.0,1241.6,1211.1,1216.15,5388722
2019-02-28,1213.2,1225.05,1210.0,1213.1,8722836
2019-03-01,1221.7,1230.5,1217.35,1225.95,2162834
2019-03-05,1223.9,1246.3,1217.8,1240.45,3128451
2019-03-06,1242.1,1247.0,1236.6,1241.3,2306834
2019-03-07,1244.0,1246.0,1235.2,1237.2,1434561
2019-03-08,1237.0,1243.5,1231.7,1238.9,1051433
2019-03-11,1238.0,1254.9,1234.0,1249.55,2065386
2019-03-12,1260.45,1272.0,1253.1,1263.35,3541360
2019-03-13,1263.5,1269.1,1247.05,1261.25,2425470
2019-03-14,1263.0,1277.45,1257.0,1268.95,2497386
2019-03-15,1271.9,1339.35,1270.0,1325.15,10393505
2019-03-18,1340.0,1360.0,1330.8,1343.65,5384740
2019-03-19,1350.0,1355.0,1338.55,1347.75,3117212
2019-03-20,1349.1,1357.9,1331.0,1351.6,3969408
2019-03-22,1354.7,1364.65,1331.0,1336.25,2620049
2019-03-25,1325.95,1330.85,1303.2,1308.65,2869564
2019-03-26,1312.25,1347.95,1310.05,1342.95,2051170
2019-03-27,1349.95,1363.9,1325.05,1332.85,3039458
2019-03-28,1338.0,1352.0,1328.9,1340.75,4616695
2019-03-29,1350.0,1352.0,1329.1,1334.5,2257766
2019-04-01,1336.0,1362.0,1326.05,1339.4,3167512
2019-04-02,1344.0,1344.85,1328.0,1339.45,1775599
2019-04-03,1342.0,1357.45,1331.0,1334.2,2766566
2019-04-04,1337.4,1344.75,1317.05,1322.9,2592949
2019-04-05,1330.0,1340.05,1326.15,1335.95,1743729
2019-04-08,1341.0,1347.5,1333.2,1343.25,1587867
2019-04-09,1339.95,1347.15,1322.1,1341.45,2246843
2019-04-10,1338.05,1367.95,1338.05,1349.9,3031207
2019-04-11,1349.7,1349.95,1333.55,1343.2,1348573
2019-04-12,1343.2,1348.0,1336.55,1343.45,1704832
2019-04-15,1348.0,1378.0,1343.45,1373.85,2879023
2019-04-16,1382.4,1390.45,1370.1,1386.4,2332796
2019-04-18,1386.4,1392.0,1362.85,1369.65,2408936
2019-04-22,1360.0,1365.8,1346.1,1356.7,2419108
2019-04-23,1357.95,1368.55,1351.0,1355.35,1619687
2019-04-24,1355.0,1370.0,1339.65,1366.75,1934411
2019-04-25,1368.9,1377.0,1355.0,1360.4,1807598
2019-04-26,1362.0,1384.4,1342.8,1379.25,2560864
2019-04-30,1382.2,1397.0,1351.05,1386.55,6210573
2019-05-02,1394.0,1421.75,1382.5,1406.35,4780805
2019-05-03,1406.4,1435.75,1400.2,1417.8,4269675
2019-05-06,1400.0,1417.0,1399.7,1410.4,2109507
2019-05-07,1410.0,1425.0,1399.25,1408.15,2786736
2019-05-08,1404.0,1414.9,1388.7,1402.2,2539315
2019-05-09,1394.2,1407.9,1366.3,1385.5,4704782
2019-05-10,1370.0,1406.5,1368.1,1398.15,4149709
2019-05-13,1396.0,1399.75,1380.05,1389.35,1654964
2019-05-14,1388.5,1397.0,1368.6,1382.95,2930296
2019-05-15,1384.0,1403.55,1378.7,1395.8,2122200
2019-05-16,1396.9,1423.45,1378.65,1413.15,1423360
2019-05-17,1416.0,1469.8,1415.4,1460.0,3799219
2019-05-20,1491.0,1505.3,1461.1,1502.55,4668729
2019-05-21,1503.0,1514.8,1483.8,1487.9,3224278
2019-05-22,1493.0,1517.7,1488.7,1495.25,2498663
2019-05-23,1519.0,1555.9,1489.2,1499.75,5796574
2019-05-24,1510.0,1524.0,1490.0,1511.7,2873390
2019-05-27,1506.65,1533.0,1500.0,1529.4,2228063
2019-05-28,1533.0,1533.0,1500.0,1511.0,1993302
2019-05-29,1509.3,1530.0,1502.0,1513.9,1450826
2019-05-30,1513.9,1541.75,1511.9,1535.35,2939419
2019-05-31,1536.0,1544.0,1467.4,1522.15,2760214
2019-06-03,1513.2,1534.8,1506.0,1531.25,1235302
2019-06-04,1530.0,1540.0,1522.2,1531.35,1174433
2019-06-06,1532.55,1540.9,1501.0,1514.25,2044919
2019-06-07,1523.8,1523.8,1487.75,1511.8,1533892
2019-06-10,1503.3,1510.9,1486.6,1502.6,1715150
2019-06-11,1509.3,1514.25,1492.55,1507.7,944811
2019-06-12,1500.0,1502.5,1476.15,1483.5,1768429
2019-06-13,1482.0,1509.0,1476.95,1504.0,2303315
2019-06-14,1504.05,1504.05,1465.6,1473.85,1953510
2019-06-17,1478.0,1478.4,1451.1,1460.35,2366222
2019-06-18,1465.0,1474.5,1455.15,1461.85,2424818
2019-06-19,1473.0,1504.8,1471.9,1497.8,3891330
2019-06-20,1500.5,1520.0,1497.0,1518.35,2567566
2019-06-21,1516.0,1516.0,1483.2,1489.8,1214842
2019-06-24,1489.0,1497.3,1464.35,1470.6,2026531
2019-06-25,1471.85,1491.25,1467.0,1483.9,2052490
2019-06-26,1485.0,1496.0,1475.35,1490.6,2210462
2019-06-27,1500.0,1506.7,1477.5,1481.6,3860539
2019-06-28,1485.0,1486.1,1471.6,1477.1,1814086
2019-07-01,1486.9,1490.9,1469.4,1481.2,1904359
2019-07-02,1483.9,1486.95,1467.05,1471.5,1803732
2019-07-03,1473.95,1482.0,1462.35,1475.0,2647048
2019-07-04,1475.0,1504.85,1475.0,1497.8,3025925
2019-07-05,1504.85,1520.0,1500.05,1517.2,2967320
2019-07-08,1513.4,1513.4,1470.05,1475.3,1792258
2019-07-09,1471.0,1473.0,1440.0,1462.85,2297420
2019-07-10,1463.0,1481.85,1460.85,1475.85,2180732
2019-07-11,1479.0,1493.8,1472.05,1484.95,1598491
2019-07-12,1486.95,1494.5,1475.9,1483.65,2072545
2019-07-15,1489.0,1510.95,1478.6,1508.1,1752154
2019-07-16,1508.0,1511.5,1490.0,1501.45,1351435
2019-07-17,1501.9,1546.85,1497.05,1534.6,6202534
2019-07-18,1531.35,1543.25,1526.2,1538.25,2266820
2019-07-19,1540.0,1540.75,1490.0,1498.9,2094229
2019-07-22,1493.0,1496.95,1442.15,1454.3,3423157
2019-07-23,1460.0,1512.0,1455.25,1494.0,7659628
2019-07-24,1493.0,1510.0,1476.55,1497.2,2938236
2019-07-25,1492.0,1504.0,1479.95,1485.05,2838923
2019-07-26,1490.0,1517.95,1477.05,1511.85,1681353
2019-07-29,1513.75,1524.45,1497.2,1502.5,2099735
2019-07-30,1505.0,1509.6,1484.05,1498.7,1743748
2019-07-31,1490.1,1534.7,1480.75,1519.55,2947808
2019-08-01,1505.95,1519.0,1486.0,1495.8,2257753
2019-08-02,1488.0,1514.95,1470.05,1507.6,3870809
2019-08-05,1495.0,1495.0,1455.05,1460.1,3864546
2019-08-06,1454.3,1493.85,1451.65,1485.3,2830608
2019-08-07,1493.9,1499.6,1465.55,1476.3,2362381
2019-08-08,1485.0,1509.8,1466.95,1502.75,1932121
2019-08-09,1506.0,1535.5,1504.25,1532.1,2445659
2019-08-13,1525.1,1534.0,1505.25,1511.4,2765975
2019-08-14,1515.0,1515.4,1479.45,1491.8,2354908
2019-08-16,1489.0,1506.5,1477.5,1498.95,2169754
2019-08-19,1505.0,1519.5,1490.55,1496.35,1547598
2019-08-20,1490.55,1511.25,1482.65,1505.1,1724609
2019-08-21,1504.0,1517.8,1496.0,1505.75,1484415
2019-08-22,1503.95,1510.0,1472.4,1478.25,1874751
2019-08-23,1479.9,1487.0,1446.1,1470.2,3615793
2019-08-26,1500.0,1519.5,1453.1,1512.8,2187678
2019-08-27,1514.0,1522.75,1494.45,1501.55,2740804
2019-08-28,1499.2,1501.0,1473.35,1483.65,2291006
2019-08-29,1479.5,1479.5,1446.75,1450.85,3931367
2019-08-30,1448.1,1459.6,1423.1,1431.45,4717533
2019-09-03,1429.0,1429.0,1405.05,1414.3,2752565
2019-09-04,1414.1,1438.0,1398.65,1426.45,2419629
2019-09-05,1431.9,1441.85,1405.45,1410.15,2381023
2019-09-06,1412.5,1444.6,1412.5,1441.55,2245219
2019-09-09,1439.0,1474.55,1424.05,1471.3,3212756
2019-09-11,1471.3,1478.9,1459.0,1475.2,2604896
2019-09-12,1480.0,1483.65,1452.0,1457.55,2424954
2019-09-13,1457.0,1486.0,1447.2,1484.25,1768490
2019-09-16,1474.0,1491.85,1465.0,1474.95,1857768
2019-09-17,1471.25,1480.95,1444.0,1448.3,1354586
2019-09-18,1450.0,1478.95,1449.9,1464.75,1854425
2019-09-19,1464.8,1464.8,1445.0,1452.6,1449873
2019-09-20,1455.0,1598.9,1450.5,1538.85,7159489
2019-09-23,1575.0,1652.0,1528.8,1640.6,6854029
2019-09-24,1633.3,1641.7,1590.0,1618.1,3770541
2019-09-25,1617.0,1617.0,1580.5,1601.6,3567544
2019-09-26,1607.0,1683.95,1605.25,1626.85,4308028
2019-09-27,1615.85,1649.4,1605.95,1643.5,2582561
2019-09-30,1635.1,1662.0,1614.3,1644.45,3357859
2019-10-01,1638.8,1657.0,1623.7,1648.2,2925536
2019-10-03,1644.25,1644.25,1607.0,1615.75,2654566
2019-10-04,1630.0,1633.7,1557.3,1563.15,5487681
2019-10-07,1563.0,1593.6,1549.3,1555.65,3045534
2019-10-09,1559.3,1627.75,1547.75,1612.35,2598430
2019-10-10,1599.9,1607.35,1567.0,1584.8,1569421
2019-10-11,1595.2,1625.0,1575.2,1587.75,2425841
2019-10-14,1598.0,1609.0,1576.25,1585.5,2010190
2019-10-15,1595.4,1629.5,1577.5,1615.6,2706471
2019-10-16,1615.0,1623.3,1592.6,1605.55,2686333
2019-10-17,1610.0,1613.6,1586.5,1604.55,2076349
2019-10-18,1603.8,1619.6,1591.0,1615.25,2357607
2019-10-22,1626.85,1643.0,1592.0,1628.85,4895082
2019-10-23,1630.0,1638.7,1603.3,1613.65,3085230
2019-10-24,1619.9,1629.9,1597.55,1613.2,1600001
2019-10-25,1613.85,1613.85,1569.15,1588.6,2867020
2019-10-29,1597.4,1597.4,1568.0,1575.55,3002530
2019-10-30,1579.9,1588.55,1573.8,1578.9,1677269
2019-10-31,1583.95,1605.0,1566.0,1574.5,2481421
2019-11-01,1572.0,1585.95,1563.0,1579.9,2219737
2019-11-04,1584.0,1596.8,1565.0,1571.05,1434393
2019-11-05,1568.6,1569.75,1550.3,1553.9,2263394
2019-11-06,1556.45,1587.95,1541.0,1571.05,2247235
2019-11-07,1577.0,1587.0,1558.95,1584.0,2511912
2019-11-08,1578.9,1606.0,1572.0,1600.25,3913627
2019-11-11,1594.9,1619.4,1592.0,1616.9,2923574
2019-11-13,1617.0,1628.0,1601.1,1605.8,2603834
2019-11-14,1606.0,1610.4,1584.05,1597.6,2639298
2019-11-15,1606.0,1629.0,1602.5,1622.75,2068406
2019-11-18,1626.65,1635.0,1616.55,1627.2,2014974
2019-11-19,1629.9,1631.1,1614.15,1623.8,1596482
2019-11-20,1623.0,1623.8,1596.2,1599.45,1562436
2019-11-21,1603.45,1604.9,1587.5,1595.25,1673814
2019-11-22,1591.95,1593.9,1565.1,1569.1,1862434
2019-11-25,1574.0,1606.0,1570.05,1603.65,2018421
2019-11-26,1601.0,1610.5,1591.3,1604.4,1556808
2019-11-27,1604.95,1624.0,1601.7,1617.9,2040883
2019-11-28,1617.0,1626.1,1607.1,1615.0,2237760
2019-11-29,1610.0,1622.0,1592.3,1615.2,1730478
2019-12-02,1614.5,1636.5,1600.2,1633.0,2289704
2019-12-03,1634.5,1650.0,1631.45,1646.75,2321783
2019-12-04,1643.3,1659.9,1633.2,1651.25,2704079
2019-12-05,1651.25,1660.0,1640.4,1649.3,2936890
2019-12-06,1650.0,1680.0,1643.3,1674.3,3799507
2019-12-09,1677.95,1679.0,1656.5,1659.25,1893740
2019-12-10,1665.0,1665.95,1651.05,1662.4,1413156
2019-12-11,1666.0,1690.85,1659.1,1686.55,2029117
2019-12-12,1690.2,1720.0,1682.0,1715.6,2695588
2019-12-13,1716.2,1719.0,1687.25,1692.75,3527634
2019-12-16,1694.0,1730.0,1694.0,1703.95,3662127
2019-12-17,1716.05,1721.4,1708.6,1713.3,2646882
2019-12-18,1719.0,1725.95,1706.3,1724.35,4592668
2019-12-19,1724.95,1734.8,1715.3,1729.5,2701502
2019-12-20,1723.15,1724.4,1687.3,1692.7,3058679
2019-12-23,1699.0,1711.2,1695.1,1704.9,1745488
2019-12-24,1704.95,1716.5,1700.0,1711.55,1702704
2019-12-26,1711.05,1715.0,1689.7,1694.25,1646970
2019-12-27,1705.0,1705.0,1681.35,1685.6,1529366
2019-12-30,1690.0,1706.8,1685.5,1690.4,1868284
2019-12-31,1690.4,1691.25,1670.35,1684.35,1969679
2020-01-01,1689.0,1696.75,1672.0,1674.05,1475056
2020-01-02,1680.0,1683.5,1664.65,1671.55,1852089
2020-01-03,1670.95,1673.0,1645.55,1657.1,1594089
2020-01-06,1657.1,1657.45,1638.6,1652.55,1480087
2020-01-07,1661.05,1674.75,1650.4,1670.85,2497931
2020-01-08,1654.7,1661.45,1638.0,1654.85,3125931
2020-01-09,1673.5,1673.75,1658.7,1665.05,2668424
2020-01-10,1674.1,1692.0,1671.2,1684.7,2536083
2020-01-13,1692.0,1704.5,1685.55,1691.1,1807958
2020-01-14,1696.0,1696.1,1671.0,1676.8,2136892
2020-01-15,1675.95,1686.6,1665.9,1675.6,2490245
2020-01-16,1678.9,1705.6,1678.9,1701.55,3321282
2020-01-17,1703.9,1705.85,1690.1,1698.1,2295875
2020-01-20,1709.0,1709.0,1611.0,1617.9,8004034
2020-01-21,1605.0,1630.6,1585.2,1625.1,5745469
2020-01-22,1633.2,1637.9,1576.0,1585.5,5479162
2020-01-23,1588.0,1608.4,1581.3,1605.85,3495683
2020-01-24,1605.45,1649.0,1587.0,1642.95,4252937
2020-01-27,1628.7,1629.0,1608.4,1618.35,1874429
2020-01-28,1620.0,1638.0,1610.25,1626.05,1981104
2020-01-29,1633.0,1646.2,1623.05,1640.45,2227493
2020-01-30,1637.8,1640.3,1617.5,1628.25,1590156
2020-01-31,1709.65,1729.0,1683.15,1691.75,9495046
2020-02-03,1645.6,1680.8,1634.0,1676.25,2510294
2020-02-04,1684.05,1702.8,1670.15,1698.3,2070417
2020-02-05,1702.0,1707.45,1677.1,1689.75,2096512
2020-02-06,1693.9,1697.9,1668.0,1674.0,2532618
2020-02-07,1675.75,1677.95,1644.0,1653.05,2290151
2020-02-10,1660.0,1674.6,1645.7,1669.3,1355124
2020-02-11,1682.45,1685.8,1666.55,1677.45,1914766
2020-02-12,1680.1,1720.0,1675.0,1714.9,3010537
2020-02-13,1714.7,1714.7,1682.3,1689.8,2246920
2020-02-14,1696.0,1703.0,1663.6,1680.95,1892157
2020-02-17,1685.0,1699.2,1672.25,1691.1,1812765
2020-02-18,1682.5,1699.8,1678.3,1691.0,2219039
2020-02-19,1740.0,1740.0,1695.4,1701.1,3168534
2020-02-20,1697.3,1699.25,1676.2,1685.95,2099903
2020-02-24,1672.0,1683.75,1662.3,1678.25,1926133
2020-02-25,1676.2,1689.7,1668.35,1675.8,1535555
2020-02-26,1670.1,1677.7,1657.0,1666.5,2585895
2020-02-27,1666.0,1688.9,1660.6,1682.75,2689352
2020-02-28,1654.9,1660.1,1613.75,1620.35,3743312
2020-03-02,1631.0,1637.3,1584.2,1599.0,4762847
2020-03-03,1603.8,1636.35,1587.0,1626.3,2918386
2020-03-04,1632.2,1633.1,1577.6,1607.95,2530221
2020-03-05,1615.0,1676.5,1608.0,1651.35,5060962
2020-03-06,1605.2,1644.0,1598.2,1631.05,3542243
2020-03-09,1595.0,1609.95,1542.6,1578.15,5535703
2020-03-11,1575.95,1604.9,1542.5,1589.3,4714213
2020-03-12,1509.9,1546.45,1350.95,1465.05,7807923
2020-03-13,1400.0,1505.0,1172.05,1470.05,11408950
2020-03-16,1417.0,1444.75,1375.0,1383.7,6580531
2020-03-17,1392.0,1402.95,1303.1,1322.7,4821135
2020-03-18,1326.0,1329.0,1162.1,1171.95,11167547
2020-03-19,1095.05,1253.6,1001.0,1210.85,9917261
2020-03-20,1217.0,1283.6,1146.5,1262.35,10380019
2020-03-23,1137.5,1204.45,1078.15,1098.25,6694405
2020-03-24,1153.15,1185.0,1041.1,1152.9,7371834
2020-03-25,1140.0,1324.0,1125.05,1290.15,6449061
2020-03-26,1300.0,1390.0,1252.8,1372.95,7254949
2020-03-27,1436.0,1450.0,1374.55,1399.1,10225249
2020-03-30,1345.2,1380.0,1275.8,1293.7,5570369
2020-03-31,1328.3,1330.0,1285.0,1296.05,4476861
2020-04-01,1294.9,1294.9,1158.0,1181.65,10838532
2020-04-03,1181.65,1183.0,1087.0,1140.85,10111593
2020-04-07,1221.0,1229.05,1171.0,1198.05,8552666
2020-04-08,1184.8,1242.55,1160.35,1187.65,7405110
2020-04-09,1215.0,1281.2,1190.1,1272.9,8097402
2020-04-13,1250.0,1257.15,1216.0,1250.9,4250597
2020-04-15,1265.85,1270.95,1153.3,1173.75,9045751
2020-04-16,1164.95,1164.95,1114.45,1130.85,11055210
2020-04-17,1187.35,1197.95,1135.0,1186.25,8585462
2020-04-20,1220.0,1224.5,1172.25,1177.75,6560230
2020-04-21,1150.0,1155.0,1125.0,1130.15,4799848
2020-04-22,1127.05,1166.75,1108.2,1152.15,6963697
2020-04-23,1172.0,1255.0,1158.1,1249.65,10558455
2020-04-24,1219.0,1258.0,1213.35,1239.55,6784237
2020-04-27,1251.9,1324.9,1251.9,1303.6,7771419
2020-04-28,1310.1,1336.5,1310.1,1326.65,6678450
2020-04-29,1327.0,1352.0,1315.2,1327.85,6703973
2020-04-30,1340.0,1380.0,1334.05,1357.2,6272569
2020-05-04,1295.0,1305.9,1263.7,1277.8,5096460
2020-05-05,1297.0,1302.9,1225.0,1238.35,5004851
2020-05-06,1231.0,1277.4,1214.25,1245.95,4604274
2020-05-07,1230.5,1240.0,1184.25,1199.8,6843277
2020-05-08,1222.0,1242.95,1211.05,1217.45,3511244
2020-05-11,1240.55,1252.3,1185.0,1188.45,4674247
2020-05-12,1178.0,1178.0,1137.0,1157.2,10268551
2020-05-13,1215.05,1220.0,1172.7,1186.7,11914949
2020-05-14,1178.9,1214.0,1167.15,1173.1,7100070
2020-05-15,1179.85,1189.9,1154.2,1178.3,3864229
2020-05-18,1175.0,1176.0,1110.0,1113.65,6397446
2020-05-19,1150.0,1169.9,1125.3,1130.45,6383233
2020-05-20,1130.0,1178.0,1115.0,1160.1,5254389
2020-05-21,1165.0,1189.55,1144.6,1150.25,5978133
2020-05-22,1140.0,1167.2,1116.5,1160.2,5189775
2020-05-26,1160.0,1175.0,1144.55,1153.2,5470825
2020-05-27,1163.95,1243.0,1161.0,1217.55,11746762
2020-05-28,1224.0,1254.9,1209.6,1229.45,10710015
2020-05-29,1216.5,1229.8,1200.05,1224.0,5497352
2020-06-01,1249.0,1279.2,1238.0,1248.4,6943586
2020-06-02,1323.0,1353.25,1298.05,1342.9,17320032
2020-06-03,1364.0,1428.2,1342.2,1386.55,12344415
2020-06-04,1380.05,1380.05,1330.35,1334.4,6004149
2020-06-05,1344.0,1358.0,1321.0,1337.8,5688226
2020-06-08,1355.0,1365.0,1315.5,1336.75,5302332
2020-06-09,1341.95,1360.0,1299.1,1304.15,5477338
2020-06-10,1304.5,1344.3,1303.6,1332.25,4876381
2020-06-11,1334.0,1334.4,1289.2,1298.7,4376824
2020-06-12,1240.0,1289.7,1231.6,1279.8,8992434
2020-06-15,1270.0,1271.15,1237.2,1248.9,7553579
2020-06-16,1276.0,1295.8,1238.1,1276.8,5266312
2020-06-17,1269.45,1284.95,1236.6,1243.8,5429464
2020-06-18,1240.0,1309.9,1228.35,1303.35,6672822
2020-06-19,1304.0,1315.75,1276.35,1302.5,8492619
2020-06-22,1309.8,1385.0,1295.95,1355.35,7633967
2020-06-23,1355.0,1395.7,1350.05,1389.9,4669833
2020-06-24,1392.0,1398.0,1336.95,1343.9,5332634
2020-06-25,1337.0,1389.75,1325.0,1381.7,9985038
2020-06-26,1380.0,1382.95,1326.95,1340.1,6694715
2020-06-29,1336.1,1366.9,1313.0,1355.65,3819683
2020-06-30,1364.9,1372.9,1345.05,1360.45,4783169
2020-07-01,1319.0,1364.8,1316.0,1356.75,8939592
2020-07-02,1358.15,1371.9,1342.3,1352.0,4993438
2020-07-03,1359.9,1368.7,1350.05,1353.8,2768223
2020-07-06,1370.0,1381.25,1361.0,1367.9,3248093
2020-07-07,1370.0,1374.4,1351.5,1368.25,3574298
2020-07-08,1368.0,1378.85,1348.0,1352.75,3383105
2020-07-09,1355.75,1374.6,1347.75,1368.15,3446020
2020-07-10,1363.4,1375.0,1345.55,1349.35,3017959
2020-07-14,1328.8,1331.4,1293.3,1298.3,2915153
2020-07-15,1306.4,1311.95,1280.0,1290.0,4372736
2020-07-16,1288.6,1327.9,1267.0,1322.65,4204068
2020-07-17,1317.0,1337.9,1301.1,1327.45,4200204
2020-07-20,1330.0,1336.7,1309.0,1319.05,3481861
2020-07-21,1325.1,1363.0,1325.0,1359.0,4404246
2020-07-22,1365.0,1366.35,1330.95,1342.35,4172575
2020-07-23,1340.0,1379.85,1335.3,1374.05,4308774
2020-07-24,1360.0,1365.0,1341.6,1350.0,3112388
2020-07-27,1365.0,1379.5,1310.15,1322.6,7560905
2020-07-28,1330.1,1401.8,1319.4,1384.05,6751892
2020-07-29,1385.0,1397.95,1345.9,1389.45,4067806
2020-07-30,1395.1,1424.7,1376.0,1385.0,6097126
2020-07-31,1375.0,1389.95,1350.35,1365.75,3223070
2020-08-03,1356.0,1356.0,1300.1,1308.55,5241260
2020-08-04,1320.0,1331.35,1302.0,1323.95,4946596
2020-08-05,1332.0,1353.0,1322.0,1334.2,3475603
2020-08-06,1345.0,1367.4,1330.65,1340.1,3677840
2020-08-07,1341.5,1347.8,1323.25,1342.5,2807078
2020-08-10,1349.0,1380.0,1346.2,1360.2,2960057
2020-08-11,1373.0,1385.0,1357.15,1364.6,2502993
2020-08-12,1350.0,1354.85,1333.55,1335.1,3840205
2020-08-13,1341.9,1358.5,1333.95,1336.25,3331333
2020-08-14,1337.55,1346.8,1302.3,1307.45,3331587
2020-08-17,1320.1,1333.55,1312.2,1327.55,2831340
2020-08-18,1318.6,1374.95,1318.0,1369.35,4261949
2020-08-19,1372.35,1380.9,1349.95,1355.6,3397098
2020-08-20,1343.0,1350.0,1330.15,1338.35,2841401
2020-08-21,1342.0,1352.0,1331.05,1339.4,2485266
2020-08-24,1347.6,1396.5,1342.35,1387.25,6029279
2020-08-25,1392.0,1405.0,1380.55,1400.1,4562238
2020-08-26,1410.0,1441.65,1403.2,1436.7,5718774
2020-08-27,1441.0,1445.85,1411.55,1420.0,4283671
2020-08-28,1410.0,1474.0,1401.0,1467.1,10645875
2020-08-31,1488.0,1501.5,1374.0,1401.35,6973853
2020-09-01,1419.85,1442.0,1386.1,1430.65,4258229
2020-09-02,1425.0,1437.5,1407.15,1423.5,3325250
2020-09-03,1433.8,1437.0,1390.0,1396.7,2395159
2020-09-04,1380.0,1394.7,1354.0,1380.05,4101756
2020-09-07,1379.0,1379.0,1356.4,1368.75,2321552
2020-09-08,1371.9,1372.15,1347.7,1350.7,2823919
2020-09-09,1343.0,1350.25,1313.1,1326.15,3443401
2020-09-10,1330.0,1343.05,1315.1,1319.5,3289998
2020-09-11,1317.0,1336.2,1311.0,1330.35,3500326
2020-09-14,1337.0,1347.95,1300.0,1304.7,3891183
2020-09-15,1308.1,1328.85,1289.0,1323.95,5029913
2020-09-16,1324.0,1332.0,1300.55,1325.4,3285937
2020-09-17,1315.0,1326.6,1301.2,1305.1,3309015
2020-09-18,1313.1,1314.0,1262.5,1277.1,6529412
2020-09-21,1276.0,1319.45,1273.15,1287.85,6859866
2020-09-22,1288.05,1301.5,1261.7,1270.55,4238325
2020-09-23,1280.05,1287.45,1265.15,1275.4,2835350
2020-09-24,1267.0,1284.9,1236.0,1246.1,5616236
2020-09-25,1255.05,1258.4,1230.6,1253.05,3640049
2020-09-28,1258.0,1283.95,1253.65,1278.7,1892118
2020-09-29,1286.8,1292.9,1259.1,1263.25,2349689
2020-09-30,1263.25,1276.95,1252.0,1268.2,2950621
2020-10-01,1280.0,1309.8,1278.9,1305.05,3162424
2020-10-05,1310.0,1333.7,1308.6,1314.6,3860011
2020-10-06,1325.0,1342.0,1311.05,1338.25,2632531
2020-10-07,1339.9,1340.0,1321.85,1324.7,2834734
2020-10-08,1326.5,1341.25,1311.25,1320.1,5171263
2020-10-09,1323.0,1338.25,1305.6,1319.85,5312701
2020-10-12,1328.0,1358.2,1307.5,1312.9,5175329
2020-10-13,1319.65,1349.7,1307.2,1344.95,4872154
2020-10-14,1335.25,1358.0,1324.15,1353.35,3358472
2020-10-15,1353.35,1365.95,1301.25,1309.55,3496590
2020-10-16,1308.5,1343.3,1308.5,1336.55,2358054
2020-10-19,1350.0,1380.0,1333.5,1376.7,3971028
2020-10-20,1371.7,1386.0,1355.5,1368.8,3228111
2020-10-21,1375.0,1400.0,1358.65,1393.3,4280457
2020-10-22,1388.0,1405.0,1377.55,1393.05,3610102
2020-10-23,1400.0,1407.7,1378.25,1383.05,2385861
2020-10-26,1399.0,1429.0,1347.35,1416.9,8022562
2020-10-27,1452.5,1602.0,1452.5,1587.65,33167143
2020-10-28,1575.0,1575.0,1541.0,1551.35,7245009
2020-10-29,1532.0,1588.8,1525.0,1570.9,7286144
2020-10-30,1574.0,1574.65,1518.6,1547.4,4201984
2020-11-02,1555.0,1604.8,1534.8,1580.7,5712460
2020-11-03,1581.0,1601.5,1570.2,1593.6,5260618
2020-11-04,1589.0,1635.8,1578.0,1630.7,5088061
2020-11-05,1643.0,1680.0,1632.05,1675.45,6074505
2020-11-06,1660.0,1725.0,1650.0,1718.05,5957659
2020-11-09,1730.0,1751.8,1700.3,1728.15,5210211
2020-11-10,1731.0,1794.45,1725.45,1752.95,8003823
2020-11-11,1774.0,1818.45,1760.0,1807.85,10534339
2020-11-12,1799.0,1799.0,1748.45,1754.75,6775199
2020-11-13,1749.9,1774.8,1720.35,1763.3,6264556
2020-11-17,1771.8,1802.0,1764.5,1796.65,5826745
2020-11-18,1791.5,1849.8,1784.15,1830.6,6175248
2020-11-19,1819.0,1860.7,1816.05,1826.35,8717768
2020-11-20,1820.0,1899.0,1812.1,1889.4,9116266
2020-11-23,1892.4,1905.3,1871.15,1897.85,10443439
2020-11-24,1896.0,1948.4,1890.85,1924.9,8949886
2020-11-25,1939.0,1939.0,1853.1,1862.45,6837169
2020-11-26,1875.0,1900.05,1850.05,1889.1,6864571
2020-11-27,1895.0,1925.15,1846.95,1907.1,78702124
2020-12-01,1930.0,1930.0,1864.55,1875.85,7955798
2020-12-02,1880.0,1883.65,1809.0,1814.2,7458011
2020-12-03,1836.0,1844.0,1811.7,1821.0,4462528
2020-12-04,1828.0,1857.0,1802.4,1846.25,3989431
2020-12-07,1849.45,1856.0,1805.0,1820.55,6032173
2020-12-08,1832.3,1839.0,1817.25,1833.8,3953436
2020-12-09,1836.1,1889.0,1836.1,1883.55,4370644
2020-12-10,1900.0,1919.9,1859.85,1903.3,4695216
2020-12-11,1893.5,1928.7,1893.5,1920.4,5466598
2020-12-14,1934.0,1946.9,1899.0,1939.35,3456971
2020-12-15,1948.0,1958.0,1919.3,1951.15,4141898
2020-12-16,1965.0,1965.0,1936.55,1952.55,2764698
2020-12-17,1965.0,1969.0,1942.55,1965.45,3460370
2020-12-18,1963.8,1963.8,1921.35,1949.35,3371676
2020-12-21,1935.0,1959.0,1907.6,1920.85,3941511
2020-12-22,1930.0,1930.25,1886.1,1902.95,5073744
2020-12-23,1901.0,1924.8,1892.5,1920.75,2340819
2020-12-24,1918.0,1978.0,1917.0,1960.6,3337164
2020-12-28,1963.0,1996.1,1962.1,1988.9,2743069
2020-12-29,1983.0,2017.0,1983.0,1999.3,3152865
2020-12-30,2003.2,2027.0,1999.0,2017.95,2657431
2020-12-31,2016.7,2018.75,1987.0,1995.6,2794829
2021-01-01,1996.9,2007.95,1990.7,1994.05,1106099
2021-01-04,2004.0,2005.95,1955.0,1965.55,3141429
2021-01-05,1959.5,1964.4,1935.0,1959.75,3263230
2021-01-06,1973.9,1979.0,1948.4,1970.4,3452515
2021-01-07,1984.0,1984.0,1947.5,1952.4,3419317
2021-01-08,1972.0,1976.0,1946.25,1970.7,3262897
2021-01-11,1960.0,1966.9,1935.4,1938.15,2995521
2021-01-12,1929.8,1930.1,1895.85,1903.45,6035580
2021-01-13,1911.0,1911.0,1877.0,1882.1,5583130
2021-01-14,1892.0,1905.0,1871.05,1892.65,4803638
2021-01-15,1894.2,1904.0,1854.05,1863.9,2715164
2021-01-18,1870.5,1872.25,1838.85,1846.95,5004628
2021-01-19,1856.1,1892.0,1845.25,1887.0,4805514
2021-01-20,1890.0,1890.0,1869.45,1883.6,3041448
2021-01-21,1900.0,1904.9,1845.75,1857.8,5668862
2021-01-22,1850.0,1875.0,1824.5,1828.0,4298175
2021-01-25,1845.0,1867.4,1775.0,1794.4,6610138
2021-01-27,1798.0,1823.45,1746.35,1764.7,7892319
2021-01-28,1731.0,1764.45,1701.0,1722.85,6035924
2021-01-29,1749.85,1749.85,1704.0,1712.95,5140687
2021-02-01,1730.0,1809.8,1696.05,1801.5,4829210
2021-02-02,1830.0,1879.1,1800.05,1861.3,5871337
2021-02-03,1870.0,1883.15,1820.0,1852.2,4289395
2021-02-04,1839.0,1915.0,1831.0,1910.4,9641674
2021-02-05,1915.0,1998.5,1913.15,1982.7,16268336
2021-02-08,2000.0,2030.0,1951.5,1957.15,4021475
2021-02-09,1960.0,1975.0,1937.85,1949.15,2230923
2021-02-10,1950.0,1962.9,1937.0,1952.05,2860941
2021-02-11,1949.2,1984.75,1941.25,1961.0,2246777
2021-02-12,1960.0,1975.0,1946.0,1951.05,1690753
2021-02-15,1960.0,1999.0,1957.0,1985.95,2930435
2021-02-16,2000.0,2049.0,1998.0,2019.65,5480183
2021-02-17,2015.1,2023.5,1969.15,1989.45,4395224
2021-02-18,1979.15,1984.85,1938.1,1945.45,3538208
2021-02-19,1942.25,1969.85,1925.1,1938.75,2735683
2021-02-22,1938.75,1962.05,1921.6,1949.6,3853276
2021-02-23,1965.0,1965.0,1866.0,1872.95,5572402
2021-02-24,1889.1,1924.0,1852.05,1911.2,3821416
2021-02-25,1927.0,1965.2,1887.55,1895.5,5622516
2021-02-26,1869.0,1869.0,1773.0,1780.35,8400096
2021-03-01,1811.0,1854.9,1801.4,1845.4,3260044
2021-03-02,1845.0,1868.4,1820.1,1844.65,3837149
2021-03-03,1855.0,1908.75,1851.2,1899.5,2875618
2021-03-04,1863.9,1910.4,1850.0,1897.7,4022514
2021-03-05,1875.5,1928.3,1868.0,1922.5,5407986
2021-03-08,1920.0,1947.85,1893.3,1915.85,4698010
2021-03-09,1917.8,1991.0,1917.8,1978.95,7918345
2021-03-10,1983.25,1999.35,1957.2,1963.95,2761470
2021-03-12,1979.0,1980.0,1912.0,1935.15,2620265
2021-03-15,1944.0,1944.0,1893.1,1918.65,2643554
2021-03-16,1925.1,1941.7,1900.0,1903.2,2769224
2021-03-17,1903.2,1917.7,1861.0,1868.35,2694994
2021-03-18,1881.0,1892.9,1825.1,1830.4,2197575
2021-03-19,1818.45,1872.0,1814.05,1834.15,4803016
2021-03-22,1833.0,1849.95,1805.0,1822.65,2434097
2021-03-23,1844.0,1844.0,1798.85,1812.65,4250856
2021-03-24,1800.0,1805.0,1773.35,1782.45,3046161
2021-03-25,1792.9,1798.8,1745.0,1762.9,4113013
2021-03-26,1785.0,1792.4,1762.75,1771.05,3310757
2021-03-30,1782.1,1801.95,1775.0,1781.25,5575571
2021-03-31,1778.8,1779.0,1742.6,1753.0,3798383
2021-04-01,1770.0,1813.25,1750.65,1804.55,3802652
2021-04-05,1786.1,1799.6,1734.4,1759.2,2448241
2021-04-06,1776.0,1781.45,1728.7,1768.3,2873045
2021-04-07,1766.05,1810.7,1745.6,1792.0,3158142
2021-04-08,1796.0,1823.7,1778.7,1783.25,2890290
2021-04-09,1770.0,1806.45,1744.1,1799.25,3139384
2021-04-12,1757.25,1768.0,1723.3,1742.5,3328336
2021-04-13,1745.8,1786.05,1723.45,1775.85,3118742
2021-04-15,1800.0,1809.5,1752.6,1773.25,3546886
2021-04-16,1774.0,1788.15,1760.05,1764.1,2912279
2021-04-19,1720.0,1720.0,1675.0,1700.75,3865423
2021-04-20,1725.0,1733.6,1684.35,1697.7,3317008
2021-04-22,1689.75,1739.75,1669.2,1736.05,3590444
2021-04-23,1733.9,1756.35,1720.25,1734.2,1893450
2021-04-26,1740.0,1783.0,1733.3,1759.65,3253062
2021-04-27,1750.0,1762.6,1724.55,1750.3,4533360
2021-04-28,1762.5,1824.0,1754.0,1811.45,4174599
2021-04-29,1825.1,1845.45,1780.55,1805.0,3960095
2021-04-30,1780.0,1802.0,1739.45,1748.8,2621783
2021-05-03,1735.0,1759.0,1685.0,1725.45,5593869
2021-05-04,1751.0,1764.0,1725.3,1732.65,4255151
2021-05-05,1741.0,1778.0,1721.9,1770.75,2411643
2021-05-06,1781.7,1793.7,1763.2,1788.25,2380255
2021-05-07,1796.0,1813.0,1773.5,1780.35,1610730
2021-05-10,1809.0,1813.25,1790.6,1809.35,1332490
2021-05-11,1776.6,1794.4,1753.25,1755.45,2955976
2021-05-12,1754.0,1754.0,1715.55,1718.85,3181830
2021-05-14,1728.9,1728.9,1701.1,1706.65,2937892
2021-05-17,1717.0,1755.0,1710.0,1744.15,4211441
2021-05-18,1768.0,1770.95,1750.1,1755.1,4658414
2021-05-19,1747.95,1750.35,1727.45,1730.55,2372042
2021-05-20,1732.0,1737.0,1705.1,1708.2,2598038
2021-05-21,1715.5,1764.45,1715.5,1757.65,4293112
2021-05-24,1763.65,1778.9,1742.0,1757.0,3613907
2021-05-25,1770.4,1773.9,1738.0,1750.5,2201625
2021-05-26,1760.05,1761.8,1736.9,1740.65,2845100
2021-05-27,1740.0,1783.45,1725.7,1777.25,5339988
2021-05-28,1786.0,1813.0,1778.25,1800.75,3247009
2021-05-31,1799.0,1811.8,1785.0,1807.7,2310809
2021-06-01,1815.0,1824.0,1788.0,1797.0,2289816
2021-06-02,1793.0,1793.0,1770.0,1783.1,3098849
2021-06-03,1790.0,1827.95,1790.0,1814.2,3444131
2021-06-04,1820.0,1820.95,1797.0,1811.2,1508706
2021-06-07,1825.0,1825.0,1807.0,1814.9,1096139
2021-06-08,1815.0,1816.5,1787.85,1793.55,1331031
2021-06-09,1789.9,1812.0,1775.0,1782.9,2037714
2021-06-10,1787.7,1803.0,1776.0,1799.55,1854489
2021-06-11,1809.0,1810.0,1788.0,1794.35,1621928
2021-06-14,1789.9,1789.9,1759.5,1768.05,2543002
2021-06-15,1775.8,1784.15,1766.0,1770.9,1735824
2021-06-16,1770.85,1780.95,1753.0,1760.6,2845543
2021-06-17,1747.25,1771.8,1736.0,1766.05,2578242
2021-06-18,1774.95,1776.65,1733.25,1760.45,2678789
2021-06-21,1740.0,1777.2,1731.3,1772.05,1279321
2021-06-22,1780.0,1785.0,1754.0,1757.1,1571743
2021-06-23,1764.0,1764.0,1727.25,1736.7,7602349
2021-06-24,1735.0,1742.9,1727.2,1737.9,3595393
2021-06-28,1735.0,1748.0,1722.2,1733.05,3500507
2021-06-29,1737.8,1738.0,1702.0,1705.85,10394662
2021-06-30,1705.85,1743.5,1698.45,1705.85,8822099
2021-07-01,1709.9,1725.2,1706.15,1716.1,2988386
2021-07-02,1727.0,1728.0,1710.0,1715.15,2242551
2021-07-05,1727.0,1739.8,1721.5,1731.1,1887671
2021-07-06,1729.0,1760.0,1727.0,1755.35,3692222
2021-07-07,1756.0,1768.5,1743.15,1761.8,2726182
2021-07-08,1758.0,1763.0,1725.0,1732.3,2208015
2021-07-09,1729.0,1730.0,1714.95,1720.05,1698166
2021-07-12,1732.0,1743.0,1725.15,1731.95,1737065
2021-07-13,1743.0,1752.5,1723.6,1747.15,2066639
2021-07-14,1740.0,1757.95,1735.6,1748.15,2158984
2021-07-15,1757.0,1757.0,1740.0,1750.05,1950556
2021-07-16,1755.5,1762.0,1740.0,1749.5,1838050
2021-07-19,1733.9,1740.0,1712.0,1722.8,2146337
2021-07-20,1722.8,1723.8,1696.0,1702.65,2143859
2021-07-22,1706.55,1721.95,1703.15,1707.2,1858253
2021-07-23,1710.0,1727.3,1694.15,1722.95,1995800
2021-07-26,1711.6,1750.0,1673.35,1740.6,3939095
2021-07-27,1752.0,1753.0,1693.85,1697.95,4301131
2021-07-28,1705.0,1705.8,1646.0,1652.85,5052755
2021-07-29,1664.0,1664.0,1635.1,1641.65,2994265
2021-07-30,1641.65,1669.9,1626.0,1654.8,3222001
2021-08-02,1665.0,1677.3,1657.5,1665.1,2590976
2021-08-03,1665.0,1689.25,1665.0,1685.65,3230140
2021-08-04,1698.7,1753.25,1685.0,1749.95,7004160
2021-08-05,1761.7,1793.0,1752.55,1771.75,6052092
2021-08-06,1769.0,1784.7,1756.15,1777.2,3640469
2021-08-09,1777.2,1789.6,1762.1,1780.9,1596886
2021-08-10,1785.0,1824.9,1779.3,1813.25,4594848
2021-08-11,1820.0,1820.0,1762.15,1780.6,3101903
2021-08-12,1775.1,1791.0,1762.0,1787.7,1641690
2021-08-13,1784.0,1799.0,1773.85,1788.0,1839917
2021-08-16,1784.0,1801.2,1771.75,1782.35,1553661
2021-08-17,1779.0,1795.0,1777.05,1788.35,1419337
2021-08-18,1788.35,1790.55,1745.6,1749.7,2763653
2021-08-20,1732.0,1732.0,1697.0,1703.55,5643242
2021-08-23,1724.55,1724.55,1700.0,1716.85,3093169
2021-08-24,1725.0,1725.0,1691.6,1704.9,4707971
2021-08-25,1705.0,1716.7,1694.0,1697.2,2913810
2021-08-26,1693.8,1716.5,1688.9,1697.5,4382577
2021-08-27,1695.0,1723.8,1695.0,1713.55,3661315
2021-08-30,1715.95,1739.55,1715.95,1735.85,2561253
2021-08-31,1744.05,1759.6,1739.05,1753.7,4492609
2021-09-01,1753.75,1753.85,1738.0,1746.65,7266354
2021-09-02,1752.0,1788.4,1744.0,1776.4,5763844
2021-09-03,1793.0,1811.45,1777.55,1791.85,4845134
2021-09-06,1808.0,1808.0,1770.0,1774.55,1901931
2021-09-07,1774.55,1779.45,1746.0,1764.85,2922837
2021-09-08,1760.1,1828.0,1755.0,1815.35,15249557
2021-09-09,1826.0,1841.7,1806.8,1817.85,3642925
2021-09-13,1828.5,1849.8,1794.75,1840.05,3271615
2021-09-14,1850.0,1879.0,1845.15,1867.75,4168080
2021-09-15,1874.0,1898.45,1858.0,1871.7,4814023
2021-09-16,1877.0,1910.0,1868.0,1906.8,4128783
2021-09-17,1916.0,2017.0,1913.0,2007.95,14638489
2021-09-20,1990.0,2037.2,1981.35,2001.45,5881089
2021-09-21,2017.0,2027.65,1996.1,2010.95,3866888
2021-09-22,2016.5,2022.4,1978.8,1985.55,1911809
2021-09-23,2004.0,2052.0,1990.9,2024.0,2989107
2021-09-24,2030.0,2052.35,2013.9,2028.1,2114888
2021-09-27,2031.2,2058.0,2025.5,2033.35,1830064
2021-09-29,2059.9,2060.0,2020.15,2030.45,3420314
2021-09-30,2025.45,2035.0,1996.8,2005.5,4572748
2021-10-01,1997.0,2010.8,1971.9,1993.55,3373978
2021-10-04,1995.0,2014.9,1988.0,1990.95,2043053
2021-10-05,1994.9,1997.95,1975.5,1982.35,2719807
2021-10-06,1976.05,2005.0,1942.1,1955.75,2979275
2021-10-07,1968.0,1982.25,1949.25,1952.45,2222130
2021-10-08,1950.0,1966.15,1931.0,1936.35,1937834
2021-10-12,1980.0,2004.0,1965.0,1995.1,1890902
2021-10-14,2008.0,2025.5,1985.0,2017.8,1652356
2021-10-18,2017.8,2046.95,2007.95,2011.6,2166779
2021-10-21,2031.0,2155.0,2022.0,2143.75,9495518
2021-10-25,2152.0,2182.95,2115.05,2154.5,6777262
2021-10-26,2154.5,2240.0,2123.7,2210.95,10669001
2021-10-27,2200.0,2253.0,2176.6,2188.25,4550568
2021-10-28,2188.25,2190.0,2090.4,2098.5,3102289
2021-10-29,2077.55,2096.95,2015.0,2031.15,4666345
2021-11-03,2080.0,2111.6,2028.0,2037.55,2067291
2021-11-04,2040.0,2062.0,2039.0,2057.0,205177
2021-11-08,2055.0,2127.6,2055.0,2118.85,2121996
2021-11-09,2120.0,2126.95,2083.3,2097.2,1777573
2021-11-10,2085.0,2091.35,2063.05,2076.05,1445788
2021-11-11,2073.0,2077.7,2047.55,2054.1,1547153
2021-11-12,2068.0,2080.0,2053.05,2074.7,1434428
2021-11-15,2080.1,2108.0,2080.0,2097.3,1819328
2021-11-16,2099.9,2103.85,2070.0,2082.85,1545107
2021-11-17,2070.0,2081.85,2045.5,2053.1,1446763
2021-11-18,2050.0,2062.45,2008.9,2024.45,2793199
2021-11-22,2044.0,2044.0,1941.0,1955.45,2748329
2021-11-23,1938.0,1993.15,1932.7,1982.9,3229625
2021-11-24,1979.55,2024.95,1970.0,2011.4,1947483
2021-11-25,2020.0,2048.0,2013.05,2035.1,3164428
2021-11-26,2002.0,2007.0,1955.1,1964.3,2647553
2021-11-29,1993.0,2045.0,1937.2,2019.6,4171900
2021-11-30,2023.0,2039.6,1946.9,1961.9,4265816
2021-12-01,1979.0,1985.9,1940.0,1953.35,2585693
2021-12-02,1947.55,1980.95,1945.6,1964.25,1932929
2021-12-03,1966.7,1989.9,1905.2,1914.2,3491724
2021-12-06,1920.0,1926.5,1877.0,1885.2,3081336
2021-12-07,1912.0,1963.8,1910.2,1937.15,7344475
2021-12-08,1970.0,1970.0,1915.45,1920.45,5125595
2021-12-09,1926.0,1936.9,1886.1,1916.35,4654453
2021-12-10,1915.0,1920.0,1888.5,1896.75,3054922
2021-12-13,1910.0,1916.0,1862.25,1873.1,4085110
2021-12-14,1873.1,1874.0,1816.05,1840.4,10111252
2021-12-15,1845.6,1881.75,1836.75,1867.4,5305747
2021-12-16,1885.9,1890.95,1850.9,1860.75,3054462
2021-12-17,1855.0,1859.95,1790.0,1793.8,2935126
2021-12-21,1761.05,1768.0,1721.0,1736.55,2264231
2021-12-22,1748.0,1770.0,1733.15,1762.4,3453839
2021-12-23,1784.9,1788.7,1767.35,1775.6,1919649
2021-12-24,1780.0,1780.0,1730.0,1748.4,2271570
2021-12-27,1743.1,1778.95,1721.0,1773.45,1653833
2021-12-28,1785.0,1789.7,1765.55,1774.9,1285671
2021-12-29,1774.0,1780.0,1754.1,1764.2,1411908
2021-12-30,1759.0,1769.95,1743.65,1755.25,2498395
2021-12-31,1762.0,1801.0,1760.05,1796.1,2212892
2022-01-03,1797.0,1828.1,1791.6,1824.45,1985109
2022-01-04,1830.0,1857.0,1815.3,1852.6,2635575
2022-01-05,1857.0,1928.35,1840.1,1922.15,4208167
2022-01-06,1907.1,1915.0,1875.0,1891.9,2258030
2022-01-07,1891.9,1925.4,1883.6,1904.25,2303351
2022-01-10,1904.25,1955.3,1901.35,1947.95,2862087
2022-01-12,1954.8,1976.15,1947.15,1956.6,2149396
2022-01-13,1960.0,1966.9,1922.55,1926.35,1487152
2022-01-14,1909.0,1945.0,1898.0,1938.2,1828762
2022-01-17,1922.0,1952.95,1918.6,1937.45,1676473
2022-01-18,1930.0,1975.0,1930.0,1942.15,2081456
2022-01-19,1945.0,1945.0,1900.1,1905.65,1521702
2022-01-20,1925.0,1925.0,1877.0,1892.6,1489821
2022-01-21,1868.25,1901.0,1849.55,1893.75,1753896
2022-01-24,1884.1,1887.9,1810.0,1830.9,2547434
2022-01-25,1814.7,1873.9,1782.2,1854.65,2569065
2022-01-28,1895.0,1956.9,1888.65,1898.3,4971964
2022-01-31,1920.0,1938.9,1841.0,1857.25,4516625
2022-02-01,1882.0,1905.0,1834.1,1882.3,3097086
2022-02-02,1910.8,1948.0,1896.9,1942.6,2710508
2022-02-03,1939.9,1942.45,1896.05,1909.05,2239713
2022-02-04,1914.0,1918.0,1880.25,1884.2,1771267
2022-02-07,1850.0,1890.0,1820.0,1828.45,2053959
2022-02-08,1835.0,1848.05,1793.1,1817.8,3569370
2022-02-09,1835.6,1847.8,1822.65,1835.0,1624058
2022-02-10,1835.0,1888.9,1830.25,1867.2,2508081
2022-02-11,1854.1,1854.1,1822.0,1828.25,1859755
2022-02-14,1790.05,1823.85,1737.95,1746.85,3026821
2022-02-15,1756.0,1819.0,1746.05,1813.1,2055275
2022-02-16,1815.1,1852.85,1800.0,1830.05,2269756
2022-02-17,1835.0,1844.25,1810.4,1817.3,2810229
2022-02-18,1809.05,1831.0,1805.85,1826.55,1229668
2022-02-21,1808.0,1851.3,1802.1,1827.1,1343911
2022-02-22,1790.0,1849.1,1790.0,1841.75,3022075
2022-02-23,1852.9,1912.85,1852.9,1886.1,6915921
2022-02-25,1820.95,1866.25,1801.05,1856.7,3993886
2022-02-28,1837.0,1852.0,1814.7,1842.75,2712562
2022-03-02,1811.8,1819.35,1775.3,1806.0,2830955
2022-03-03,1812.95,1819.6,1772.6,1792.25,2962143
2022-03-04,1770.0,1785.95,1733.7,1752.15,2549194
2022-03-08,1700.0,1729.5,1672.55,1723.1,5436496
2022-03-09,1723.1,1748.15,1692.0,1739.1,6919461
2022-03-10,1800.0,1813.0,1736.0,1754.35,4188469
2022-03-11,1745.0,1779.9,1736.0,1763.0,2506340
2022-03-14,1745.45,1797.35,1742.0,1788.75,3316649
2022-03-15,1784.0,1789.95,1714.0,1733.75,4807455
2022-03-16,1760.0,1774.8,1752.75,1760.5,2927241
2022-03-17,1790.0,1827.6,1782.55,1820.0,3359007
2022-03-21,1815.65,1830.0,1773.0,1777.1,2397699
2022-03-22,1777.1,1813.6,1755.35,1807.85,3397456
2022-03-23,1815.0,1827.25,1758.0,1769.75,3226340
2022-03-24,1715.0,1728.9,1701.0,1714.15,19710178
2022-03-25,1728.0,1731.8,1712.0,1722.25,3039150
2022-03-28,1728.0,1728.0,1692.05,1725.2,3070204
2022-03-29,1738.0,1740.9,1718.75,1730.0,2585790
2022-03-30,1749.4,1768.85,1736.0,1763.1,3358154
2022-03-31,1755.1,1778.75,1747.0,1753.85,2848408
2022-04-01,1749.3,1780.0,1745.6,1776.65,2373773
2022-04-04,1787.0,1840.0,1735.0,1836.05,3997566
2022-04-05,1836.05,1838.05,1794.2,1802.2,2132871
2022-04-06,1787.5,1793.0,1771.75,1779.4,2349001
2022-04-07,1771.0,1792.0,1763.0,1766.45,4388783
2022-04-08,1775.25,1790.0,1756.1,1784.5,2381671
2022-04-11,1775.0,1806.15,1763.3,1783.45,1917942
2022-04-12,1771.05,1812.65,1770.0,1801.85,2412242
2022-04-13,1807.7,1818.5,1772.75,1779.6,1923692
2022-04-18,1775.6,1775.6,1730.0,1750.4,1960141
2022-04-19,1763.0,1766.7,1687.0,1707.5,2389574
2022-04-20,1713.0,1727.0,1683.4,1721.3,3201545
2022-04-21,1725.0,1773.45,1724.05,1760.85,2730691
2022-04-22,1740.0,1748.9,1721.4,1727.75,2256038
2022-04-25,1702.5,1737.9,1694.0,1728.85,2149394
2022-04-26,1746.1,1748.0,1731.25,1742.7,1454777
2022-04-27,1724.0,1752.0,1724.0,1741.5,2822592
2022-04-28,1749.0,1773.0,1732.4,1765.65,2342497
2022-04-29,1768.95,1810.3,1767.0,1790.75,3688659
2022-05-02,1765.55,1780.45,1750.05,1774.35,1979466
2022-05-05,1801.0,1821.0,1784.3,1797.6,3568047
2022-05-06,1755.15,1794.95,1750.0,1775.3,2847483
2022-05-09,1745.0,1784.0,1743.0,1767.5,2169362
2022-05-10,1770.0,1808.8,1767.5,1797.15,1989854
2022-05-11,1798.0,1818.0,1796.0,1809.95,2621884
2022-05-12,1802.8,1806.6,1757.0,1760.9,4282268
2022-05-13,1785.0,1795.0,1756.0,1779.55,2737022
2022-05-16,1781.0,1825.0,1766.15,1812.85,3039181
2022-05-17,1823.0,1844.9,1817.6,1840.3,3020781
2022-05-18,1846.95,1864.0,1840.85,1846.8,5321784
2022-05-19,1812.0,1827.3,1778.35,1783.4,3108321
2022-05-20,1811.0,1839.9,1794.45,1829.15,2649672
2022-05-23,1852.0,1871.5,1841.25,1854.3,2826078
2022-05-24,1857.95,1890.0,1842.8,1882.6,3421900
2022-05-25,1897.85,1941.5,1886.3,1907.55,6252602
2022-05-26,1914.95,1922.0,1884.05,1908.65,4949829
2022-05-27,1921.0,1950.0,1913.0,1946.2,2440367
2022-05-30,1945.25,1951.75,1895.55,1903.2,3987800
2022-05-31,1891.1,1896.15,1828.35,1846.85,14830306
2022-06-01,1840.0,1874.0,1835.35,1865.1,2382645
2022-06-02,1848.2,1879.0,1846.0,1857.65,2664301
2022-06-03,1879.0,1879.0,1853.1,1858.65,1815375
2022-06-06,1845.0,1877.0,1843.15,1869.3,2588097
2022-06-07,1864.0,1865.0,1832.0,1858.15,1711639
2022-06-08,1860.0,1880.1,1838.75,1845.5,1465616
2022-06-09,1838.75,1872.85,1827.7,1865.2,1280868
2022-06-10,1840.0,1854.2,1784.05,1791.8,2859950
2022-06-13,1743.0,1752.6,1718.65,1737.35,2349445
2022-06-14,1735.6,1748.65,1721.6,1739.7,1551047
2022-06-15,1738.0,1750.0,1728.9,1736.65,1770169
2022-06-16,1742.0,1753.55,1670.0,1675.8,2973292
2022-06-17,1661.0,1683.7,1648.6,1673.6,3163864
2022-06-20,1673.6,1689.85,1652.0,1679.2,1767577
2022-06-21,1690.0,1709.0,1672.55,1681.5,2503603
2022-06-22,1665.0,1675.85,1653.0,1669.7,1771925
2022-06-23,1675.0,1695.0,1648.8,1684.1,2490801
2022-06-24,1700.0,1714.9,1690.15,1698.4,1617721
2022-06-27,1717.2,1719.9,1685.0,1691.55,2128112
2022-06-28,1684.9,1692.35,1664.7,1668.8,2799443
2022-06-29,1650.0,1658.95,1636.7,1642.45,2932830
2022-06-30,1632.0,1676.9,1631.0,1661.1,3982064
2022-07-01,1645.0,1679.5,1636.0,1667.75,2300514
2022-07-04,1666.55,1684.45,1660.05,1670.9,1868781
2022-07-05,1675.0,1694.8,1656.95,1663.05,2642097
2022-07-06,1682.0,1712.4,1671.0,1704.5,5572949
2022-07-07,1718.0,1744.0,1716.05,1738.5,3170065
2022-07-08,1755.0,1756.45,1732.2,1744.75,1778149
2022-07-11,1743.0,1747.0,1728.2,1741.25,1533179
2022-07-13,1724.0,1745.95,1723.4,1742.05,3613468
2022-07-14,1740.0,1777.0,1737.05,1770.05,6570982
2022-07-15,1772.3,1790.0,1770.0,1787.7,2333732
2022-07-18,1800.0,1850.0,1794.25,1845.65,3117038
2022-07-19,1835.0,1852.0,1828.05,1834.95,2895175
2022-07-20,1846.25,1850.0,1818.1,1827.75,2571469
2022-07-21,1825.0,1825.0,1787.8,1800.55,2186674
2022-07-22,1801.0,1842.0,1789.7,1827.1,3349580
2022-07-25,1816.0,1848.8,1785.1,1795.55,1886515
2022-07-26,1791.0,1794.95,1752.0,1761.6,1802447
2022-07-27,1761.15,1761.15,1732.35,1754.1,3479645
2022-07-28,1774.8,1831.85,1765.0,1828.5,2154401
2022-07-29,1837.65,1856.9,1803.65,1810.35,2387998
2022-08-01,1815.0,1862.0,1812.0,1855.75,1655537
2022-08-02,1851.7,1893.0,1834.2,1884.6,3357606
2022-08-03,1875.0,1879.8,1840.0,1851.1,2535679
2022-08-04,1856.6,1859.0,1814.25,1835.55,2361186
2022-08-05,1844.75,1850.0,1822.65,1833.9,1664571
2022-08-10,1848.0,1849.25,1821.05,1828.35,1657327
2022-08-11,1849.0,1856.65,1833.0,1853.5,2778338
2022-08-12,1860.0,1860.0,1836.5,1841.2,1396522
2022-08-16,1850.45,1861.8,1838.55,1846.35,1313624
2022-08-17,1854.0,1854.0,1831.15,1839.7,3383334
2022-08-18,1839.0,1912.0,1832.0,1904.5,3661316
2022-08-19,1919.0,1942.45,1871.0,1877.0,4563906
2022-08-22,1826.95,1838.0,1811.3,1832.05,4162757
2022-08-23,1824.0,1869.0,1820.0,1855.75,2214300
2022-08-24,1851.0,1873.95,1841.4,1867.6,1415625
2022-08-25,1875.1,1905.45,1856.15,1868.75,2204409
2022-08-26,1872.35,1927.0,1868.9,1902.05,3343088
2022-08-29,1858.0,1877.95,1845.0,1850.0,3639673
2022-08-30,1864.85,1920.0,1857.0,1915.45,3885850
2022-09-01,1875.0,1925.5,1875.0,1902.85,4207842
2022-09-02,1916.95,1929.0,1904.4,1918.85,3331376
2022-09-05,1911.0,1957.0,1911.0,1937.9,3806770
2022-09-06,1944.95,1949.95,1910.0,1915.7,2767854
2022-09-07,1900.0,1915.1,1885.7,1908.25,1976258
2022-09-08,1920.1,1938.0,1912.0,1930.05,2412183
2022-09-09,1950.0,1950.7,1916.5,1926.35,2817973
2022-09-13,1933.0,1940.0,1920.15,1923.4,1584581
2022-09-14,1892.0,1977.8,1892.0,1954.7,3742429
2022-09-15,1967.5,1987.2,1923.0,1934.15,3747498
2022-09-16,1926.25,1980.0,1910.1,1930.3,5168822
2022-09-19,1923.1,1940.0,1907.55,1929.5,1675912
2022-09-20,1944.0,1961.7,1933.0,1939.75,1612730
2022-09-21,1927.0,1950.0,1898.4,1918.5,2238276
2022-09-22,1905.55,1924.6,1881.2,1892.75,1857227
2022-09-23,1870.1,1888.7,1841.9,1862.7,2613759
2022-09-26,1836.0,1858.0,1816.65,1829.0,2285176
2022-09-27,1832.2,1834.85,1792.05,1799.3,2740144
2022-09-28,1790.0,1808.0,1775.1,1792.6,1771117
2022-09-29,1802.0,1810.0,1759.75,1765.3,2799627
2022-09-30,1768.0,1826.45,1757.7,1819.2,2804653
2022-10-03,1808.0,1813.0,1773.3,1783.9,2440064
2022-10-04,1808.0,1827.8,1802.0,1822.25,1668922
2022-10-06,1825.0,1840.0,1811.85,1818.9,1748151
2022-10-07,1810.5,1830.0,1802.2,1825.4,1063844
2022-10-10,1801.1,1821.75,1794.55,1808.25,1037722
2022-10-11,1809.85,1809.85,1783.3,1787.9,1496718
2022-10-12,1788.0,1813.0,1780.2,1810.2,1035118
2022-10-13,1805.0,1815.9,1793.0,1801.5,1172979
2022-10-14,1828.0,1858.0,1822.5,1834.0,1670238
2022-10-17,1828.05,1862.2,1820.25,1858.15,1104283
2022-10-18,1867.45,1875.9,1855.1,1859.7,1609858
2022-10-19,1869.0,1877.45,1855.0,1869.35,913286
2022-10-20,1860.0,1882.95,1855.35,1863.55,1591107
2022-10-21,1870.0,1925.0,1866.3,1902.65,3941971
2022-10-25,1911.0,1911.6,1842.0,1846.6,3511650
2022-10-27,1883.7,1888.0,1849.45,1865.0,4593492
2022-10-28,1874.0,1894.85,1871.05,1884.25,3048687
2022-10-31,1899.0,1912.0,1889.0,1901.95,1874348
2022-11-01,1908.0,1941.5,1903.4,1909.2,2545417
2022-11-02,1918.75,1920.0,1897.5,1909.95,1864081
2022-11-03,1904.8,1913.0,1893.6,1900.15,1591871
2022-11-04,1906.0,1908.0,1894.3,1899.95,2081413
2022-11-07,1908.0,1910.0,1871.65,1882.6,2624601
2022-11-09,1898.0,1903.6,1880.7,1893.4,2322634
2022-11-10,1895.0,1915.0,1891.7,1912.15,2510124
2022-11-11,1933.0,1933.9,1890.9,1899.1,3424030
2022-11-14,1902.85,1928.7,1901.0,1922.8,2142267
2022-11-16,1914.0,1968.65,1913.95,1965.9,6437651
2022-11-17,1963.8,1965.0,1943.25,1950.55,2408671
2022-11-18,1960.95,1997.55,1947.9,1959.55,4272040
2022-11-21,1954.55,1954.55,1932.8,1944.1,1192610
2022-11-22,1953.85,1953.85,1930.1,1939.75,1166755
2022-11-23,1950.5,1961.5,1945.65,1953.35,2500563
2022-11-24,1954.5,1956.3,1933.05,1944.85,1400421
2022-11-25,1949.0,1949.0,1920.0,1928.4,2097541
2022-11-28,1916.0,1942.95,1916.0,1928.15,1564504
2022-11-29,1931.6,1939.0,1923.25,1925.55,1363505
2022-11-30,1939.0,1955.0,1916.0,1947.05,2950734
2022-12-01,1955.0,1961.75,1927.85,1934.3,2471005
2022-12-02,1917.1,1934.9,1917.1,1930.8,1590968
2022-12-05,1942.0,1943.95,1920.0,1938.45,1245509
2022-12-06,1920.55,1943.1,1920.55,1935.25,1366698
2022-12-07,1932.5,1932.5,1905.5,1911.45,2362280
2022-12-08,1898.9,1904.8,1877.1,1897.0,12619838
2022-12-09,1914.0,1916.75,1879.25,1888.05,2648455
2022-12-12,1865.0,1879.7,1863.0,1865.75,3281447
2022-12-13,1863.75,1871.75,1858.2,1868.5,6939565
2022-12-14,1871.1,1875.95,1863.75,1873.2,3747141
2022-12-15,1875.55,1881.8,1854.9,1863.2,2041799
2022-12-16,1854.7,1856.95,1835.2,1840.55,2487828
2022-12-19,1840.55,1864.0,1840.5,1858.15,1713647
2022-12-20,1845.0,1861.95,1834.75,1847.1,1410586
2022-12-21,1860.5,1860.95,1809.0,1814.6,2382869
2022-12-22,1826.0,1835.0,1819.0,1826.05,1714093
2022-12-23,1815.95,1839.15,1811.95,1821.95,2102126
2022-12-26,1821.95,1826.1,1794.2,1813.55,4746738
2022-12-27,1822.65,1827.95,1807.0,1820.9,1548286
2022-12-28,1824.4,1831.4,1815.25,1820.1,1904268
2022-12-29,1814.4,1820.0,1801.0,1818.75,2154490
2022-12-30,1825.1,1838.0,1822.3,1827.25,2692688
2023-01-03,1822.25,1836.5,1821.0,1832.85,1663448
2023-01-04,1834.9,1834.9,1813.95,1820.75,1664104
2023-01-05,1820.0,1832.8,1806.15,1820.3,1732618
2023-01-06,1826.0,1826.0,1770.65,1786.8,3799655
2023-01-09,1801.0,1816.0,1789.0,1811.9,3426868
2023-01-10,1808.55,1816.0,1788.9,1795.55,1474131
2023-01-11,1800.0,1804.15,1784.1,1801.85,1603701
2023-01-13,1779.5,1787.3,1759.0,1780.3,3983197
2023-01-16,1787.0,1799.0,1780.0,1784.8,2118161
2023-01-17,1780.0,1801.95,1776.6,1797.65,2132394
2023-01-18,1802.95,1827.0,1796.0,1799.1,2835232
2023-01-19,1803.5,1803.5,1765.0,1767.3,4425644
2023-01-20,1778.9,1778.9,1757.0,1762.9,4270294
2023-01-23,1790.0,1799.65,1770.0,1783.75,7764627
2023-01-24,1792.7,1792.7,1748.75,1760.25,4159188
2023-01-25,1757.0,1760.4,1733.0,1749.8,4280333
2023-01-27,1752.1,1752.1,1704.0,1713.1,7516979
2023-01-30,1713.1,1730.6,1683.85,1726.25,4939556
2023-01-31,1730.5,1738.6,1713.05,1731.0,4385384
2023-02-01,1745.0,1784.0,1720.75,1744.7,3652098
2023-02-02,1720.0,1768.0,1720.0,1761.75,4184470
2023-02-03,1770.6,1783.7,1745.2,1780.3,2675212
2023-02-07,1752.2,1780.0,1747.05,1775.4,3643187
2023-02-08,1778.8,1780.0,1761.1,1765.5,1446690
2023-02-09,1767.95,1775.2,1747.95,1770.9,2163825
2023-02-10,1767.9,1778.65,1765.0,1772.05,1445942
2023-02-13,1775.1,1784.45,1761.65,1773.8,2389142
2023-02-14,1770.0,1777.0,1763.75,1770.35,1614893
2023-02-15,1768.45,1790.0,1760.25,1785.5,2409292
2023-02-16,1794.0,1803.9,1783.55,1787.95,2291602
2023-02-17,1783.1,1791.4,1751.05,1759.25,2587909
2023-02-20,1768.05,1768.05,1730.1,1737.3,3224839
2023-02-21,1745.0,1745.0,1725.05,1730.2,2936934
2023-02-22,1723.95,1726.1,1698.0,1700.55,3539149
2023-02-23,1707.4,1713.75,1687.75,1707.15,2770110
2023-02-24,1713.0,1724.25,1694.0,1697.3,2080363
2023-02-27,1698.3,1729.8,1690.8,1725.95,2343798
2023-02-28,1725.95,1741.4,1721.65,1729.25,4395098
2023-03-01,1729.25,1750.6,1726.0,1744.9,5613386
2023-03-02,1735.6,1746.35,1718.0,1721.7,4119935
2023-03-03,1732.0,1765.0,1719.9,1751.0,3626269
2023-03-06,1756.3,1764.6,1741.45,1751.0,5186846
2023-03-08,1736.0,1744.3,1726.85,1740.2,5202608
2023-03-09,1739.3,1744.55,1713.7,1716.7,6928316
2023-03-10,1707.0,1713.5,1692.0,1699.3,4876144
2023-03-13,1699.0,1723.3,1666.2,1673.9,8978938
2023-03-14,1673.0,1677.55,1643.5,1648.25,14138986
2023-03-15,1668.0,1688.0,1661.6,1665.95,4692363
2023-03-16,1670.0,1678.85,1648.2,1663.55,3632063
2023-03-17,1679.6,1706.2,1671.15,1693.1,8928301
2023-03-20,1687.0,1702.95,1681.05,1699.65,4463937
2023-03-21,1707.55,1711.95,1692.0,1706.85,1805180
2023-03-22,1710.0,1713.2,1692.1,1705.15,3326099
2023-03-23,1699.15,1700.0,1675.0,1679.7,5642151
2023-03-24,1676.05,1708.95,1675.0,1692.15,5480609
2023-03-27,1700.65,1712.85,1693.1,1705.2,2837204
2023-03-28,1708.95,1709.8,1685.45,1698.9,2371652
2023-03-29,1700.1,1727.0,1695.0,1721.05,2821000
2023-03-31,1725.5,1740.65,1721.0,1732.85,3565755
2023-04-03,1734.0,1752.2,1733.2,1745.7,2436866
2023-04-05,1745.0,1759.7,1739.05,1751.9,2526350
2023-04-06,1750.0,1761.45,1739.35,1757.1,1557355
2023-04-10,1757.15,1768.0,1749.65,1759.3,1253171
2023-04-11,1847.2,1859.0,1826.0,1846.5,9293763
2023-04-12,1842.0,1850.95,1831.5,1844.05,3408713
2023-04-13,1838.0,1874.3,1831.0,1869.5,2924116
2023-04-17,1888.95,1913.8,1826.1,1895.15,10354299
2023-04-18,1900.95,1904.6,1885.9,1888.3,2972721
2023-04-19,1888.3,1888.35,1876.15,1884.9,1876656
2023-04-20,1884.3,1903.4,1872.05,1884.0,2322777
2023-04-21,1882.0,1903.65,1877.15,1893.65,1671341
2023-04-24,1890.2,1902.0,1877.55,1897.25,2017406
2023-04-25,1902.0,1907.0,1877.0,1889.3,4738419
2023-04-26,1877.5,1894.4,1863.35,1878.6,3159518
2023-04-27,1876.9,1913.0,1876.85,1908.6,5061293
2023-04-28,1906.0,1943.3,1896.1,1938.05,4367612
2023-05-02,1918.0,1937.45,1890.0,1921.15,4605771
2023-05-03,1919.0,1933.85,1912.7,1930.95,3449007
2023-05-04,1929.95,1951.1,1921.75,1947.6,3451579
2023-05-05,1952.15,1974.0,1915.5,1928.7,3484218
2023-05-08,1935.9,1968.5,1921.0,1958.85,3870941
2023-05-09,1964.85,1970.0,1948.15,1954.3,3623075
2023-05-10,1960.0,1964.0,1931.65,1958.7,3912439
2023-05-12,1954.0,1968.0,1943.65,1960.6,3217081
2023-05-15,1957.05,1977.0,1952.4,1973.0,2971692
2023-05-16,1978.0,1978.0,1938.0,1947.05,4569497
2023-05-17,1949.8,1950.9,1895.55,1909.15,5482017
2023-05-18,1924.0,1933.65,1911.2,1927.4,4145228
2023-05-19,1930.0,1946.85,1923.5,1941.65,3946927
2023-05-22,1945.0,1952.5,1923.65,1940.2,3400880
2023-05-23,1940.2,1940.2,1915.0,1921.5,4335524
2023-05-24,1921.95,1940.0,1897.4,1910.35,3557537
2023-05-25,1918.0,1933.55,1907.55,1929.95,5966757
2023-05-26,1949.95,1949.95,1923.5,1945.05,3295412
2023-05-29,1963.1,1973.3,1948.25,1953.2,3775509
2023-05-30,1957.85,1979.1,1952.35,1974.7,7429705
2023-05-31,1984.95,2064.4,1953.9,2014.35,88598126
2023-06-01,1968.0,1979.15,1925.0,1930.05,5967432
2023-06-02,1944.95,1951.35,1928.0,1938.75,3558072
2023-06-05,1945.0,1951.5,1922.25,1924.9,2405909
2023-06-06,1934.9,1966.4,1930.15,1959.05,4112841
2023-06-07,1972.0,1972.0,1936.0,1939.4,3100414
2023-06-08,1936.9,1936.9,1879.55,1886.5,5491614
2023-06-09,1862.0,1897.7,1860.7,1872.0,14196924
2023-06-12,1874.85,1884.0,1864.45,1879.45,2815173
2023-06-13,1875.35,1883.0,1852.0,1855.95,9561827
2023-06-14,1855.95,1867.95,1846.4,1864.65,5578543
2023-06-15,1867.95,1869.0,1828.7,1833.5,4838188
2023-06-16,1836.95,1861.65,1833.0,1857.4,3197657
2023-06-19,1863.85,1868.45,1818.0,1824.55,7609913
2023-06-20,1820.0,1847.0,1815.3,1844.0,4622905
2023-06-21,1847.05,1849.75,1836.1,1845.55,2399108
2023-06-22,1845.55,1847.3,1830.4,1836.1,3428210
2023-06-23,1833.0,1845.55,1823.9,1828.55,2584063
2023-06-26,1831.95,1831.95,1819.9,1822.95,2213679
2023-06-27,1827.7,1847.0,1820.65,1844.7,2138665
2023-06-28,1846.0,1848.1,1829.4,1840.55,5339982
2023-06-30,1847.9,1850.55,1832.95,1846.55,3934720
2023-07-03,1856.0,1859.0,1838.0,1843.95,3208540
2023-07-04,1850.0,1868.35,1836.05,1861.7,6575587
2023-07-05,1862.8,1867.8,1853.15,1864.85,3119185
2023-07-06,1860.0,1882.85,1859.05,1877.3,3654241
2023-07-07,1872.0,1874.4,1850.5,1853.5,2076544
2023-07-10,1853.0,1874.35,1845.0,1866.9,3437542
2023-07-11,1874.0,1893.8,1863.3,1866.6,4096757
2023-07-12,1874.9,1890.9,1867.9,1878.1,4355083
2023-07-13,1889.0,1901.6,1866.45,1869.7,5265370
2023-07-14,1870.1,1887.35,1860.0,1869.0,7131916
2023-07-17,1871.2,1899.45,1866.65,1897.05,3329856
2023-07-18,1895.35,1908.0,1879.35,1890.85,5795645
2023-07-19,1894.8,1915.0,1891.55,1906.6,3377787
2023-07-20,1901.0,1962.4,1892.9,1956.9,9305585
2023-07-21,1951.9,1987.75,1950.6,1970.2,3849750
2023-07-24,1950.0,1950.0,1888.2,1897.25,7033093
2023-07-25,1901.0,1902.0,1856.45,1875.5,7944916
2023-07-26,1880.0,1897.9,1875.65,1895.3,2462073
2023-07-27,1889.0,1902.6,1862.55,1873.75,6290001
2023-07-28,1869.6,1885.8,1861.1,1876.85,2302033
2023-07-31,1866.0,1875.0,1849.15,1856.55,4025207
2023-08-01,1850.0,1865.75,1844.4,1850.0,4467942
2023-08-02,1840.55,1847.9,1818.05,1823.7,4180451
2023-08-03,1820.1,1833.85,1805.85,1823.25,7015292
2023-08-04,1829.0,1842.8,1811.15,1838.5,5443532
2023-08-07,1845.0,1845.0,1826.4,1831.55,3708310
2023-08-08,1831.5,1842.65,1822.05,1828.0,4089623
2023-08-09,1834.0,1834.0,1816.75,1831.5,2624324
2023-08-10,1825.75,1832.4,1796.0,1800.85,5112099
2023-08-11,1798.0,1800.0,1782.0,1791.45,4265616
2023-08-14,1789.0,1802.35,1785.0,1794.1,3299919
2023-08-16,1787.0,1789.85,1777.5,1786.2,1883940
2023-08-17,1782.0,1787.4,1763.0,1765.7,5131739
2023-08-18,1757.1,1768.4,1746.5,1750.8,4113292
2023-08-21,1751.0,1772.6,1748.85,1760.35,3955468
2023-08-22,1769.0,1772.0,1758.45,1763.1,3328812
2023-08-23,1769.8,1781.9,1754.0,1780.05,3338285
2023-08-24,1789.0,1799.0,1776.25,1780.95,4123791
2023-08-25,1771.2,1789.35,1767.0,1778.85,2043350
2023-08-28,1778.85,1796.6,1774.65,1790.35,1980536
2023-08-29,1796.95,1797.55,1779.0,1783.1,2708692
2023-08-30,1791.0,1792.95,1765.0,1774.9,2595896
2023-08-31,1774.9,1783.8,1754.3,1758.75,8314010
2023-09-01,1763.9,1779.6,1754.35,1771.1,2695210
2023-09-04,1777.4,1789.0,1757.3,1762.2,4697683
2023-09-06,1771.0,1777.0,1760.2,1770.3,6220223
2023-09-07,1775.0,1792.35,1767.3,1789.0,2208089
2023-09-08,1797.0,1805.0,1781.55,1793.2,2386182
2023-09-11,1800.0,1811.5,1795.25,1807.9,2316902
2023-09-12,1819.0,1819.0,1796.4,1811.2,3408966
2023-09-13,1800.6,1836.0,1800.6,1824.6,5931870
2023-09-14,1828.0,1831.75,1814.0,1821.55,2559423
2023-09-15,1816.2,1823.45,1811.0,1813.9,4121540
2023-09-18,1811.0,1812.0,1794.0,1798.35,3970112
2023-09-20,1786.95,1803.45,1775.7,1789.45,5368143
2023-09-21,1784.0,1790.8,1751.0,1755.7,4784751
2023-09-22,1758.0,1769.9,1752.15,1756.45,3710123
2023-09-25,1764.0,1789.3,1756.8,1784.4,2226567
2023-09-26,1776.1,1781.8,1753.7,1764.1,3656167
2023-09-27,1764.0,1771.1,1750.0,1765.15,3004206
2023-09-28,1762.2,1771.9,1729.0,1733.2,8263197
2023-09-29,1744.0,1744.0,1732.95,1735.7,3571729
2023-10-03,1730.0,1735.0,1715.45,1727.05,5534869
2023-10-04,1715.0,1727.0,1709.0,1722.05,6220979
2023-10-05,1730.0,1747.0,1721.15,1734.25,2966801
2023-10-06,1735.3,1747.0,1730.2,1743.9,1992323
2023-10-09,1730.0,1733.8,1717.05,1719.3,1839513
2023-10-10,1727.5,1768.7,1720.6,1756.1,3368982
2023-10-11,1760.05,1779.95,1760.05,1771.4,3499844
2023-10-12,1775.0,1776.9,1761.25,1763.85,2383827
2023-10-13,1755.0,1769.95,1752.15,1762.0,2123927
2023-10-16,1761.0,1762.15,1746.45,1749.75,1579957
2023-10-17,1755.0,1774.8,1750.8,1771.55,3217357
2023-10-18,1773.0,1775.2,1745.1,1753.4,3051680
2023-10-19,1742.0,1753.4,1735.6,1738.45,1993179
2023-10-20,1733.5,1773.2,1732.65,1769.6,4072383
2023-10-23,1769.0,1769.0,1722.45,1740.75,7546442
2023-10-25,1749.0,1761.75,1722.0,1728.05,3512668
2023-10-26,1727.7,1727.7,1689.0,1694.85,6279280
2023-10-30,1702.0,1720.9,1688.4,1717.5,1511563
2023-10-31,1727.7,1747.0,1716.85,1739.4,4839336
2023-11-01,1731.0,1735.95,1717.85,1724.4,2528105
2023-11-02,1735.0,1758.65,1732.1,1737.7,2550558
2023-11-03,1740.0,1744.25,1730.1,1733.25,1558958
2023-11-06,1744.0,1747.0,1732.0,1740.2,1186685
2023-11-08,1753.0,1760.95,1740.0,1746.25,3642837
2023-11-09,1745.9,1756.7,1739.1,1744.95,1943711
2023-11-10,1734.6,1749.25,1734.6,1745.45,1634799
2023-11-13,1751.0,1752.2,1733.5,1748.2,2855277
2023-11-15,1761.0,1772.3,1750.15,1769.5,3432271
2023-11-16,1771.0,1783.4,1765.0,1772.85,2079116
2023-11-17,1760.0,1784.25,1759.3,1764.6,2710870
2023-11-20,1756.0,1775.95,1750.1,1770.55,1923651
2023-11-21,1778.95,1778.95,1760.65,1767.2,2705765
2023-11-22,1758.0,1763.0,1737.5,1745.65,4513732
2023-11-23,1740.05,1748.8,1737.0,1739.3,2836289
2023-11-24,1739.5,1749.5,1733.7,1744.0,2561979
2023-11-28,1745.0,1748.0,1738.0,1742.25,3349292
2023-11-29,1748.5,1759.25,1740.2,1753.45,3473140
2023-11-30,1756.45,1766.0,1745.95,1755.45,6254947
2023-12-01,1760.0,1766.0,1748.25,1750.5,2002378
2023-12-04,1770.0,1825.95,1752.65,1818.55,4579173
2023-12-05,1828.0,1837.0,1808.5,1828.45,5571472
2023-12-06,1832.05,1839.35,1813.15,1821.4,4695880
2023-12-07,1825.0,1836.85,1813.4,1826.85,2500642
2023-12-08,1826.85,1843.0,1820.7,1838.45,2985466
2023-12-11,1845.0,1861.65,1840.3,1844.05,3205833
2023-12-12,1848.0,1853.0,1819.05,1824.35,3814962
2023-12-13,1824.0,1835.75,1813.1,1826.2,3251332
2023-12-14,1844.0,1865.45,1832.45,1853.85,4878863
2023-12-15,1865.0,1865.0,1842.75,1850.6,3877197
2023-12-18,1845.2,1855.9,1840.0,1846.95,3758730
2023-12-19,1849.85,1854.85,1835.7,1846.55,3088923
2023-12-20,1852.15,1864.0,1815.3,1826.5,3968562
2023-12-21,1821.0,1857.45,1805.0,1852.7,2403840
2023-12-22,1854.7,1879.65,1851.0,1860.5,3309295
2023-12-26,1867.0,1899.0,1857.15,1886.85,4350669
2023-12-27,1894.0,1910.0,1883.15,1902.35,3407243
2023-12-28,1911.0,1926.5,1903.1,1921.35,4950014
2023-12-29,1912.1,1917.75,1890.05,1908.1,2446170
2024-01-01,1909.0,1919.0,1893.1,1909.15,1425902
2024-01-02,1908.0,1908.0,1860.1,1865.05,5120796
2024-01-03,1864.0,1870.0,1847.65,1865.9,3781515
2024-01-04,1871.5,1871.5,1860.55,1863.6,2865766
2024-01-05,1865.5,1869.9,1841.4,1847.6,7799341
2024-01-08,1848.0,1851.45,1818.6,1826.1,12253167
2024-01-09,1837.0,1858.0,1821.0,1826.65,4339223
2024-01-10,1820.8,1832.5,1811.6,1820.8,7052758
2024-01-11,1832.0,1841.4,1815.35,1822.85,4170070
2024-01-12,1825.0,1842.55,1814.4,1833.25,2172621
2024-01-15,1843.0,1853.6,1836.25,1851.5,6172312
2024-01-16,1850.55,1860.95,1841.0,1848.0,4650898
2024-01-17,1823.05,1834.65,1776.1,1779.65,10836883
2024-01-18,1770.0,1792.7,1764.6,1777.25,4293450
2024-01-19,1787.05,1799.95,1754.15,1764.3,4560329
2024-01-20,1774.45,1829.45,1758.1,1806.8,5456020
2024-01-23,1801.0,1824.9,1763.9,1784.5,6780824
2024-01-24,1789.0,1803.5,1762.9,1788.6,3268351
2024-01-25,1790.0,1797.6,1752.4,1768.4,6702170
2024-01-29,1785.3,1830.05,1776.0,1822.9,5236148
2024-01-30,1825.0,1839.45,1803.35,1823.6,3829187
2024-01-31,1816.0,1841.45,1788.5,1825.25,8117401
2024-02-01,1830.0,1832.05,1813.2,1822.75,2072168
2024-02-02,1841.8,1850.0,1818.4,1822.95,5049876
2024-02-05,1825.0,1826.95,1799.0,1808.35,3460806
2024-02-06,1814.0,1814.0,1783.15,1787.0,4691897
2024-02-07,1791.0,1809.8,1784.0,1792.6,4592224
2024-02-08,1801.55,1803.8,1727.05,1729.7,4542774
2024-02-09,1730.0,1749.0,1719.0,1742.45,4063976
2024-02-12,1743.0,1749.0,1691.1,1709.55,4506489
2024-02-13,1713.0,1745.1,1709.0,1737.15,4492334
2024-02-14,1723.65,1764.8,1712.15,1748.95,3850323
2024-02-15,1755.0,1757.45,1720.05,1739.25,2541670
2024-02-16,1749.95,1751.0,1732.2,1735.25,1643146
2024-02-19,1744.0,1744.0,1726.15,1731.4,4447954
2024-02-20,1739.7,1768.65,1737.35,1762.5,7611124
2024-02-21,1769.0,1769.0,1740.55,1746.1,4184871
2024-02-22,1744.5,1745.0,1714.2,1724.75,6200760
2024-02-23,1724.5,1732.75,1715.4,1724.0,3453766
2024-02-26,1722.1,1725.4,1701.95,1706.3,5958066
2024-02-27,1713.0,1714.95,1697.0,1706.75,4431652
2024-02-28,1711.0,1712.85,1675.2,1683.6,3076327
2024-02-29,1687.0,1702.25,1667.4,1689.45,6606975
2024-03-01,1695.5,1730.25,1695.0,1727.7,3444150
2024-03-04,1727.95,1741.5,1718.5,1727.2,2777198
2024-03-05,1726.9,1727.2,1708.95,1715.7,3122194
2024-03-06,1722.85,1771.95,1718.4,1759.75,7451712
2024-03-07,1759.75,1764.9,1745.0,1748.05,3139360
2024-03-11,1765.9,1769.85,1724.25,1729.65,3640143
2024-03-12,1734.9,1743.45,1707.35,1720.35,10243298
2024-03-13,1720.35,1742.75,1717.2,1729.55,5816083
2024-03-14,1725.0,1757.85,1719.15,1742.4,4809633
2024-03-15,1735.8,1756.0,1721.2,1738.3,15507454
2024-03-18,1737.4,1744.85,1715.3,1737.9,2314143
2024-03-19,1734.85,1756.9,1730.55,1749.65,4481075
2024-03-20,1751.4,1768.5,1730.8,1765.4,4420886
2024-03-21,1772.1,1790.65,1764.3,1772.15,3783681
2024-03-22,1769.9,1782.5,1765.0,1776.4,7061283
2024-03-27,1758.0,1779.8,1753.9,1775.6,8231130
2024-03-28,1777.95,1803.9,1774.2,1785.5,6630072
2024-04-01,1795.0,1817.65,1786.5,1790.7,2885880
2024-04-02,1793.9,1798.0,1754.45,1757.4,6851190
2024-04-03,1753.5,1756.7,1729.0,1731.15,12683551
2024-04-04,1747.0,1751.7,1723.3,1749.15,13125292
2024-04-05,1749.05,1787.2,1740.1,1785.15,6558023
2024-04-08,1793.8,1801.85,1785.1,1788.4,2634811
2024-04-09,1790.35,1793.0,1775.7,1780.6,2373231
2024-04-10,1788.9,1829.9,1784.0,1825.95,5525818
2024-04-12,1811.0,1818.1,1799.35,1813.05,3966227
2024-04-15,1789.95,1809.7,1780.0,1798.15,4319868
2024-04-16,1778.0,1804.6,1775.65,1792.6,4096778
2024-04-18,1790.05,1813.0,1783.1,1786.75,4250740
2024-04-19,1764.0,1805.0,1763.0,1792.65,3870380
2024-04-22,1813.0,1822.5,1800.0,1809.95,6151139
2024-04-23,1810.0,1829.0,1803.1,1813.05,5956005
2024-04-24,1812.0,1845.5,1807.8,1842.8,3295077
2024-04-25,1665.0,1697.8,1602.0,1642.45,66179079
2024-04-26,1642.45,1655.0,1605.0,1608.5,22146849
2024-04-29,1610.1,1647.25,1609.5,1640.4,11227409
2024-04-30,1640.4,1647.0,1620.0,1623.95,18206448
2024-05-02,1590.0,1594.5,1552.4,1575.65,26640478
2024-05-03,1583.0,1587.9,1543.85,1546.7,16123589
2024-05-06,1605.0,1633.0,1594.0,1624.3,21608211
2024-05-07,1628.7,1647.35,1618.0,1643.9,9866785
2024-05-08,1640.0,1657.45,1636.1,1648.35,9853753
2024-05-09,1648.0,1661.85,1637.0,1643.1,4656044
2024-05-10,1643.0,1653.1,1615.9,1627.95,11769402
2024-05-13,1627.0,1643.65,1616.0,1641.2,5839248
2024-05-14,1642.0,1650.0,1632.5,1646.3,4282026
2024-05-15,1649.7,1654.0,1637.05,1650.8,5260900
2024-05-16,1655.0,1675.0,1647.2,1672.05,6998357
2024-05-17,1674.0,1705.65,1665.0,1696.55,9617451
2024-05-18,1698.0,1704.0,1691.95,1696.95,291295
2024-05-21,1692.0,1715.0,1690.0,1698.25,5810167
2024-05-22,1702.8,1704.95,1681.1,1699.55,6058697
2024-05-23,1700.0,1713.6,1697.05,1709.05,5681295
2024-05-24,1711.0,1717.85,1694.7,1703.45,4936177
2024-05-27,1703.45,1722.0,1702.5,1711.0,3454287
2024-05-28,1712.3,1716.0,1698.0,1703.65,3716141
2024-05-29,1698.0,1710.9,1682.2,1687.85,4952472
2024-05-30,1684.35,1707.6,1683.0,1690.1,5580489
2024-05-31,1703.0,1703.0,1660.55,1680.4,12804476
2024-06-03,1721.45,1738.85,1700.1,1718.05,9801071
2024-06-04,1703.25,1715.5,1602.45,1637.95,15229468
2024-06-05,1662.55,1724.75,1645.0,1718.1,14426318
2024-06-06,1721.0,1738.5,1703.8,1734.7,6359901
2024-06-07,1730.05,1758.65,1722.0,1753.7,4608146
2024-06-10,1750.1,1773.45,1736.15,1745.65,4848044
2024-06-11,1746.6,1747.2,1717.1,1720.0,4105647
2024-06-12,1720.1,1734.0,1712.9,1715.75,5881576
2024-06-13,1731.4,1737.55,1719.0,1726.35,6016145
2024-06-14,1723.0,1734.9,1710.4,1717.2,3153666
2024-06-18,1718.6,1724.65,1703.25,1719.4,5707330
2024-06-19,1729.0,1763.05,1715.0,1746.7,9959798
2024-06-20,1765.0,1789.85,1760.3,1766.25,9243104
2024-06-21,1770.0,1789.0,1745.3,1775.65,19031689
2024-06-24,1757.15,1775.2,1749.75,1772.55,4228888
2024-06-25,1776.55,1798.25,1763.0,1781.9,5933859
2024-06-26,1780.0,1816.0,1776.1,1798.15,6685932
2024-06-27,1791.0,1838.0,1785.0,1830.55,13342769
2024-06-28,1822.2,1847.95,1798.9,1802.5,4969007
2024-07-01,1802.5,1813.15,1790.0,1808.1,2901510
2024-07-02,1820.95,1820.95,1737.1,1769.6,9625017
2024-07-03,1765.8,1815.85,1752.2,1810.7,8981003
2024-07-04,1806.6,1838.55,1801.3,1833.85,5068893
2024-07-05,1820.0,1857.95,1818.45,1852.7,3465653
2024-07-08,1854.0,1857.25,1835.45,1853.2,3861203
2024-07-09,1861.2,1870.0,1830.0,1847.85,3920211
2024-07-10,1843.0,1844.5,1820.2,1829.85,5629789
2024-07-11,1830.85,1852.0,1821.55,1844.5,4615372
2024-07-12,1844.5,1851.0,1826.25,1832.85,4240855
2024-07-15,1839.0,1857.9,1826.65,1843.55,5909996
2024-07-16,1842.1,1849.1,1800.9,1805.3,6542702
2024-07-18,1805.0,1831.2,1793.15,1826.75,7590838
2024-07-19,1818.5,1831.0,1805.95,1821.6,4138865
2024-07-22,1821.0,1821.0,1748.9,1757.55,10742361
2024-07-23,1769.0,1780.5,1739.15,1768.9,6155196
2024-07-24,1767.95,1780.9,1729.05,1746.2,7487207
2024-07-25,1732.0,1779.0,1732.0,1775.15,3096397
2024-07-26,1758.1,1829.85,1758.1,1813.85,5309351
2024-07-29,1824.7,1827.0,1783.5,1793.9,8006367
2024-07-30,1793.9,1806.65,1781.3,1786.1,5679537
2024-07-31,1793.0,1816.0,1773.15,1807.9,5806257
2024-08-01,1807.1,1818.25,1786.25,1792.65,3816044
2024-08-02,1781.1,1810.0,1775.0,1803.45,3242589
2024-08-05,1770.2,1805.6,1768.55,1773.65,4911818
2024-08-06,1785.0,1792.2,1760.0,1770.55,3924022
2024-08-07,1785.0,1786.6,1760.05,1776.55,3537745
2024-08-08,1766.65,1781.8,1762.65,1772.75,2472221
2024-08-09,1785.05,1785.45,1765.0,1769.65,2464443
2024-08-12,1761.0,1791.05,1751.25,1772.55,4544443
2024-08-13,1763.0,1791.5,1746.1,1752.05,3530319
2024-08-14,1755.0,1760.0,1744.55,1747.9,2585649
2024-08-16,1762.0,1785.75,1746.0,1777.3,2961871
2024-08-19,1780.55,1790.0,1771.0,1781.35,2172279
2024-08-20,1783.0,1813.05,1776.25,1805.65,3115486
2024-08-21,1800.0,1817.0,1787.35,1812.95,5717190
2024-08-22,1814.0,1824.3,1805.8,1821.5,3217988
2024-08-23,1821.5,1827.9,1812.7,1818.0,1815186
2024-08-26,1820.0,1822.95,1809.7,1812.5,2356257
2024-08-27,1811.05,1813.1,1791.7,1803.35,4541696
2024-08-28,1796.0,1805.9,1785.85,1791.3,4280796
2024-08-29,1783.25,1798.5,1773.0,1777.25,5531158
2024-08-30,1777.3,1790.0,1774.35,1780.8,7458172
2024-09-02,1782.0,1793.45,1772.7,1780.25,4048520
2024-09-03,1780.05,1786.45,1772.35,1783.8,5196273
2024-09-04,1770.0,1788.3,1763.5,1783.8,3192443
2024-09-05,1781.25,1786.35,1760.0,1777.95,3573005
2024-09-06,1767.55,1781.95,1756.5,1764.15,3254880
2024-09-09,1767.7,1793.95,1758.45,1790.15,3436461
2024-09-10,1798.0,1799.65,1778.05,1791.6,3497612
2024-09-11,1795.0,1805.45,1785.0,1789.25,3733872
2024-09-12,1803.9,1834.15,1795.15,1827.45,6365508
2024-09-13,1837.0,1837.0,1816.75,1820.35,2056720
2024-09-17,1839.4,1853.4,1830.65,1846.65,3674862
2024-09-18,1850.0,1859.45,1835.6,1839.7,6877499
2024-09-19,1849.9,1875.0,1845.1,1871.95,2892430
2024-09-20,1874.0,1926.3,1870.0,1904.5,18849579
2024-09-23,1914.95,1942.0,1908.2,1934.7,3686272
2024-09-24,1935.0,1938.6,1909.6,1914.7,3709386
2024-09-25,1910.05,1922.7,1894.3,1897.95,3307467
2024-09-26,1895.0,1913.3,1884.3,1902.3,4204513
2024-09-27,1900.0,1910.0,1866.3,1872.45,6643112
2024-09-30,1856.7,1884.45,1843.1,1853.95,3246840
2024-10-01,1847.0,1884.75,1847.0,1879.4,4871526
2024-10-03,1857.9,1863.65,1815.8,1822.8,6363232
2024-10-04,1815.5,1850.0,1798.35,1809.0,3734632
2024-10-07,1810.0,1836.4,1769.4,1790.25,7446633
2024-10-08,1800.0,1814.0,1781.85,1803.4,5097103
2024-10-09,1801.0,1820.0,1789.9,1800.8,7078802
2024-10-10,1809.9,1884.0,1805.3,1876.1,5905798
2024-10-11,1872.2,1893.6,1861.15,1882.4,5211580
2024-10-14,1885.05,1916.0,1882.45,1910.8,4391138
2024-10-15,1912.2,1915.35,1887.45,1895.2,4295493
2024-10-16,1884.0,1892.45,1868.15,1876.35,3145556
2024-10-17,1876.35,1878.3,1851.3,1864.05,3541432
2024-10-18,1868.0,1878.5,1848.0,1871.05,3834767
2024-10-21,1850.0,1855.0,1735.0,1789.2,13178137
2024-10-22,1791.95,1795.5,1758.85,1763.15,5494382
2024-10-23,1761.15,1787.05,1758.1,1767.8,2836137
2024-10-24,1766.0,1772.75,1750.3,1762.2,2316820
2024-10-25,1765.0,1786.5,1757.0,1768.85,2829227
2024-10-28,1768.0,1780.65,1745.05,1749.85,3302148
2024-10-29,1743.5,1767.15,1730.7,1760.2,4158119
2024-10-30,1727.0,1760.0,1726.6,1734.6,4385949
2024-10-31,1727.35,1746.6,1723.95,1731.1,2944670
2024-11-04,1744.0,1744.0,1724.25,1729.35,2884830
2024-11-05,1721.5,1760.5,1711.0,1757.15,4028615
2024-11-06,1760.1,1768.45,1746.6,1762.6,3652252
2024-11-07,1763.0,1765.0,1733.0,1746.9,3060984
2024-11-08,1745.0,1764.1,1738.9,1745.8,3646825
2024-11-11,1745.0,1763.3,1737.2,1744.0,3205030
2024-11-12,1744.8,1749.4,1715.2,1721.4,3228390
2024-11-13,1714.0,1728.15,1679.05,1687.85,3593490
2024-11-14,1690.0,1712.6,1689.8,1707.9,3327758
2024-11-19,1729.8,1739.8,1713.5,1727.75,2759663
2024-11-21,1715.1,1740.75,1703.75,1737.1,3294059
2024-11-22,1734.0,1772.2,1732.9,1761.45,3553726
2024-11-25,1782.0,1794.6,1766.9,1790.75,6871432
2024-11-26,1795.0,1795.95,1775.0,1783.6,2312739
2024-11-27,1780.95,1805.5,1779.1,1783.2,3202444
2024-11-28,1783.25,1788.9,1753.5,1759.2,3971395
2024-11-29,1757.0,1773.6,1757.0,1765.25,2987994
2024-12-02,1765.0,1772.6,1746.0,1753.95,4265280
2024-12-03,1760.0,1761.2,1740.0,1749.9,3971650
2024-12-04,1752.0,1767.0,1746.4,1757.5,3186786
2024-12-05,1764.0,1788.65,1748.0,1775.15,5697229
2024-12-06,1773.9,1785.05,1761.0,1776.95,2595882
2024-12-09,1768.1,1804.95,1768.1,1786.25,2554023
2024-12-10,1783.25,1802.8,1783.25,1794.7,1979884
2024-12-11,1796.0,1806.8,1789.95,1794.7,2393428
2024-12-12,1790.0,1796.45,1765.35,1768.7,3488259
2024-12-13,1758.35,1809.0,1748.05,1805.65,3893531
2024-12-16,1803.0,1813.0,1793.85,1804.45,2989393
2024-12-17,1796.1,1806.85,1775.0,1784.05,3592861
2024-12-18,1782.0,1786.7,1770.35,1780.0,3529430
2024-12-19,1763.45,1768.0,1745.4,1762.1,4074080
2024-12-20,1755.0,1768.85,1733.35,1743.55,14685688
2024-12-23,1747.5,1764.2,1740.0,1745.35,2748036
2024-12-24,1742.55,1754.65,1738.05,1749.05,2712625
2024-12-26,1756.8,1769.45,1742.05,1752.8,1132006
2024-12-27,1760.0,1777.2,1754.0,1759.9,2448271
2024-12-30,1765.0,1781.0,1733.5,1740.7,5502772
2024-12-31,1735.05,1796.6,1735.05,1786.05,4731698
2025-01-02,1800.0,1840.2,1796.9,1837.15,5096987
2025-01-03,1851.0,1853.0,1817.1,1838.65,4277149
2025-01-06,1821.0,1825.0,1772.9,1779.65,3992395
2025-01-07,1787.0,1797.45,1769.9,1772.05,4399938
2025-01-08,1780.1,1784.7,1762.45,1768.65,4364679
2025-01-09,1774.0,1808.7,1774.0,1790.2,5469827
2025-01-10,1784.2,1789.65,1753.35,1756.2,3502618
2025-01-13,1732.9,1744.55,1723.75,1738.4,3092388
2025-01-14,1749.6,1768.85,1729.6,1750.6,4948961
2025-01-15,1760.1,1795.0,1760.1,1789.6,3509861
2025-01-16,1795.8,1814.95,1785.35,1805.55,4451534
2025-01-17,1797.0,1805.5,1748.3,1758.6,3521728
2025-01-20,1890.0,1929.9,1866.0,1920.5,13324315
2025-01-22,1899.0,1920.5,1887.05,1917.5,4176669
2025-01-23,1907.1,1923.95,1892.1,1894.85,3161159
2025-01-24,1891.0,1918.5,1873.05,1886.2,4025366
2025-01-27,1875.0,1898.8,1862.75,1881.4,1928503
2025-01-28,1895.0,1905.0,1870.8,1887.75,5157384
2025-01-29,1887.8,1924.7,1885.0,1920.35,2351631
2025-01-30,1920.35,1938.1,1877.45,1901.5,4239181
2025-01-31,1903.05,1908.95,1889.6,1901.3,2333229
2025-02-03,1893.6,1903.8,1881.55,1884.5,3319808
2025-02-04,1891.05,1941.2,1877.2,1928.5,5332618
2025-02-05,1937.8,1938.95,1902.35,1911.75,3427385
2025-02-06,1917.0,1920.0,1896.45,1915.95,3193971
2025-02-07,1921.0,1960.6,1907.9,1929.25,4414174
2025-02-10,1935.3,1965.0,1923.55,1960.15,3569373
2025-02-11,1964.6,1970.5,1906.6,1918.6,3506682
2025-02-12,1923.45,1949.0,1904.95,1943.95,3219004
2025-02-13,1963.0,1992.8,1960.55,1972.8,12678373
2025-02-14,1974.0,1974.0,1933.35,1952.4,2610048
2025-02-17,1955.0,1963.95,1932.65,1945.3,2300119
2025-02-18,1942.05,1966.0,1939.15,1963.35,4344125
2025-02-19,1963.95,1994.9,1962.0,1985.0,3914165
2025-02-20,1982.3,1982.35,1960.0,1970.55,4724372
2025-02-21,1970.55,1978.35,1934.5,1953.05,4008552
2025-02-24,1938.3,1970.0,1933.55,1966.1,2218081
2025-02-25,1969.0,1979.55,1958.6,1967.25,4019894
2025-02-27,1972.0,1975.0,1939.9,1947.55,3708068
2025-02-28,1937.05,1937.05,1893.9,1902.95,6970315
2025-03-03,1905.55,1923.65,1895.2,1914.6,2607790
2025-03-04,1901.15,1916.0,1896.75,1907.8,3172050
2025-03-05,1903.1,1953.65,1895.4,1933.1,3811688
2025-03-06,1944.0,1944.95,1909.85,1921.7,5193093
2025-03-07,1917.0,1940.6,1910.05,1935.4,2780338
2025-03-11,1923.0,1944.0,1904.45,1935.2,3207052
2025-03-12,1940.0,1997.7,1938.0,1982.55,6704494
2025-03-13,1975.7,1993.35,1969.55,1985.1,4925794
2025-03-17,1980.1,1998.85,1974.25,1993.1,3170929
2025-03-18,2000.0,2039.0,1988.6,2034.0,5384288
2025-03-19,2039.25,2051.0,2017.25,2021.55,5338288
2025-03-20,2031.0,2038.9,2016.5,2035.65,2683306
2025-03-21,2040.0,2097.6,2035.0,2079.0,18850808
2025-03-24,2100.0,2184.25,2090.25,2176.15,8508351
2025-03-25,2179.9,2202.5,2160.0,2170.0,7342433
2025-03-26,2175.0,2176.0,2129.9,2144.9,3016916
2025-03-27,2144.0,2151.4,2111.85,2128.65,9421224
2025-03-28,2139.3,2179.9,2139.0,2171.2,3672253
2025-04-01,2174.3,2178.5,2135.9,2145.9,3750939
2025-04-02,2141.0,2160.65,2139.65,2154.6,2132192
2025-04-03,2129.0,2151.7,2127.15,2132.6,1694038
2025-04-04,2130.9,2146.3,2118.15,2131.95,3788403
2025-04-07,2018.7,2083.6,2000.8,2037.85,7139049
2025-04-08,2062.45,2079.9,2038.0,2055.15,4094339
2025-04-09,2054.0,2065.0,2042.1,2052.7,3919578
2025-04-11,2065.0,2139.5,2058.5,2111.2,5594689
2025-04-15,2145.0,2147.0,2099.6,2120.2,5635664
2025-04-16,2120.0,2151.6,2113.3,2123.4,2899779
2025-04-17,2115.0,2193.9,2097.7,2188.1,5388632
2025-04-21,2195.0,2261.2,2175.4,2241.4,4886498
2025-04-22,2249.0,2301.9,2245.4,2268.8,6732983
2025-04-23,2285.0,2290.0,2220.0,2227.0,3523879
2025-04-24,2218.0,2237.9,2213.7,2223.0,4168537
2025-04-25,2220.0,2233.4,2178.2,2204.4,2136003
2025-04-28,2197.0,2231.8,2189.4,2225.6,2438178
2025-04-29,2225.6,2247.0,2198.8,2205.0,3058265
2025-04-30,2213.9,2231.0,2188.2,2208.1,4622917
2025-05-02,2204.0,2223.6,2171.2,2185.2,2679156
2025-05-05,2105.1,2133.8,2058.0,2084.9,8821617
2025-06-20,2145.0,2176.0,2131.3,2169.8,3372636
2025-06-23,2158.1,2189.7,2151.2,2184.1,1720614
2025-06-24,2208.0,2233.6,2191.4,2223.6,5604520
2025-06-25,2223.0,2223.6,2191.0,2198.3,3575429
2025-06-26,2202.4,2210.0,2180.0,2203.9,5670127
2025-06-27,2210.0,2217.3,2182.6,2207.9,9649439
2025-06-30,2207.9,2209.0,2154.5,2163.5,3727657
2025-07-01,2163.5,2186.5,2159.3,2183.6,4025754
2025-07-02,2185.0,2197.2,2161.0,2169.1,1876511
2025-07-03,2139.1,2151.9,2121.9,2126.6,4667399
2025-07-04,2124.0,2137.3,2111.0,2129.8,1686215
2025-07-07,2130.0,2156.8,2121.8,2149.8,2170585
2025-07-08,2185.0,2241.5,2176.2,2224.5,7526291
2025-07-09,2217.0,2234.1,2214.0,2229.3,2020902
2025-07-10,2229.1,2242.7,2186.9,2203.8,5721813
2025-07-11,2201.8,2225.0,2198.6,2220.6,2679166
2025-07-14,2223.9,2227.0,2197.3,2203.8,2395337
2025-07-15,2210.0,2233.6,2181.9,2188.1,2974143
2025-07-16,2184.1,2190.0,2156.0,2179.4,2287703
2025-07-17,2175.0,2191.7,2166.7,2170.8,2179561
2025-07-18,2167.6,2168.0,2131.0,2140.5,2566543
2025-07-21,2138.1,2167.6,2130.2,2165.2,1827099
2025-07-22,2172.0,2175.0,2145.0,2160.2,1564562
2025-07-23,2171.0,2179.8,2156.2,2170.4,2790541
2025-07-24,2165.4,2171.8,2140.0,2142.1,2058400
2025-07-25,2139.1,2149.9,2118.3,2124.6,1745475
2025-07-28,2025.3,2055.3,1960.0,1966.6,13824699
2025-07-29,1967.0,1979.7,1953.0,1972.7,5043934
2025-07-30,1966.1,1980.9,1957.0,1959.7,3589991
2025-07-31,1941.2,1998.6,1935.0,1978.6,4303918
2025-08-01,1983.0,2007.0,1972.1,1992.4,2672373
2025-08-04,1987.0,2007.0,1982.1,1997.0,1543261
2025-08-05,2008.0,2008.0,1994.8,2003.0,2421332
2025-08-07,1981.0,1995.5,1965.0,1992.1,14552199
2025-08-08,1993.9,1999.5,1948.2,1952.7,2185729
2025-08-11,1964.0,2024.0,1956.4,1975.9,2202513
2025-08-12,1975.0,1985.9,1956.4,1959.0,1577824
2025-08-13,1968.0,1996.3,1962.2,1987.7,2746733
2025-08-14,1988.0,1993.5,1975.5,1978.2,1984593
2025-08-18,1997.9,2026.0,1997.1,2001.4,4303944
2025-08-19,1994.0,2032.5,1992.5,2029.9,3111769
2025-08-20,2020.5,2024.2,2005.5,2017.5,2626941
2025-08-21,2039.0,2039.0,2012.9,2017.8,2898787
2025-08-22,2010.2,2018.6,1980.2,1986.6,1791693
2025-08-25,1987.0,1998.8,1976.7,1983.3,2369815
2025-08-26,1978.0,1983.9,1961.2,1965.7,3710138
2025-08-28,1955.0,1968.0,1941.1,1944.7,3597940
2025-08-29,1950.2,1984.9,1950.2,1960.3,3074358
2025-09-01,1960.3,1972.8,1955.2,1968.6,1578322
2025-09-02,1966.0,1975.2,1940.4,1942.5,2583419
2025-09-03,1944.0,1963.8,1931.1,1960.2,4007454
2025-09-04,1961.0,1971.7,1946.5,1949.7,1891459
2025-09-05,1949.7,1957.3,1937.1,1945.5,1981252
2025-09-08,1942.5,1961.5,1931.5,1950.1,2505558
2025-09-09,1956.0,1965.9,1939.8,1960.4,3174784
2025-09-10,1984.9,1988.9,1965.8,1973.3,8520902
2025-09-11,1977.0,1985.0,1963.3,1972.3,2363267
2025-09-12,1973.2,1985.0,1966.0,1972.3,3615457
2025-09-15,1968.0,1981.6,1964.9,1970.8,2619626
2025-09-16,1976.4,2030.5,1973.2,2021.7,4016877
2025-09-17,2029.0,2052.7,2020.3,2050.3,4783438
2025-09-18,2050.0,2061.3,2042.2,2054.6,3484116
2025-09-19,2054.6,2054.6,2027.4,2031.0,4486225
2025-09-22,2032.0,2039.6,2017.4,2021.7,2645982
2025-09-23,2023.0,2053.1,2008.4,2047.7,5085648
2025-09-24,2042.0,2048.1,2029.0,2031.3,3678877
2025-09-25,2032.3,2037.5,2010.0,2013.5,4007855
2025-09-26,2009.0,2019.2,1989.1,1994.8,1919165
2025-09-29,1995.9,2003.7,1970.3,1991.6,5306102
2025-09-30,2004.0,2015.0,1986.1,1992.7,5861937
2025-10-01,1986.0,2072.0,1986.0,2063.3,6115951
2025-10-03,2063.3,2108.0,2062.0,2100.5,4735930
2025-10-06,2114.0,2154.6,2093.0,2146.0,5152836
2025-10-07,2142.0,2153.1,2121.7,2126.9,2472939
2025-10-08,2126.5,2132.5,2112.2,2117.8,880495
2025-10-09,2118.0,2152.0,2101.3,2144.6,3165497
2025-10-10,2145.0,2157.8,2136.6,2150.1,1936242
2025-10-13,2136.0,2156.0,2133.8,2152.1,2120004
2025-10-14,2149.0,2165.0,2141.6,2151.8,1604563
2025-10-15,2155.0,2165.9,2141.2,2149.6,2308107
2025-10-16,2152.9,2214.6,2152.2,2205.4,6738420
2025-10-17,2203.9,2209.9,2190.4,2205.8,3341302
2025-10-20,2214.0,2266.0,2200.2,2213.8,3041417
2025-10-21,2213.8,2219.8,2186.9,2197.0,226804
2025-10-23,2225.0,2244.4,2211.0,2225.6,4299221
2025-10-24,2238.0,2238.0,2168.2,2187.0,3258737
2025-10-27,2172.2,2186.0,2122.0,2148.6,3719940
2025-10-28,2142.0,2168.1,2142.0,2160.8,4660869
2025-10-29,2170.0,2174.3,2146.9,2150.5,1417783
2025-10-30,2150.0,2153.0,2126.4,2137.2,2487693
2025-10-31,2146.9,2146.9,2100.0,2102.2,3786254
2025-11-03,2102.2,2119.2,2087.9,2113.5,1531453
2025-11-04,2116.7,2121.1,2093.0,2096.6,1916377
2025-11-06,2073.0,2103.8,2072.1,2083.2,2380569
2025-11-07,2078.7,2099.3,2059.2,2088.3,1400189
2025-11-10,2081.0,2104.8,2081.0,2092.7,2173296
2025-11-11,2100.0,2103.0,2074.9,2086.9,2162842
2025-11-12,2100.1,2100.1,2080.0,2084.5,1807085
2025-11-13,2089.5,2089.5,2064.6,2075.2,2142306
2025-11-14,2066.0,2085.5,2063.0,2079.7,2440551
2025-11-17,2095.0,2119.9,2092.4,2102.9,5030328
2025-11-18,2090.6,2107.0,2080.0,2093.1,2060068
2025-11-19,2099.5,2110.0,2089.5,2105.9,2492900
2025-11-20,2114.8,2114.8,2093.2,2098.7,7340569
2025-11-21,2100.0,2111.5,2078.5,2087.8,7838842
2025-11-24,2095.0,2104.0,2077.4,2087.3,4984569
2025-11-25,2094.3,2094.3,2066.7,2069.9,3032979
2025-11-26,2075.0,2110.0,2074.1,2103.8,2979343
2025-11-27,2104.0,2130.5,2091.4,2110.2,4029795
2025-11-28,2119.0,2141.8,2102.2,2124.4,3168157
2025-12-01,2134.0,2163.0,2128.1,2147.6,3262032
2025-12-02,2140.0,2160.0,2139.4,2142.4,3658833
2025-12-03,2135.1,2151.7,2119.1,2146.1,2806203
2025-12-04,2146.1,2146.8,2121.5,2135.4,2574328
2025-12-05,2135.0,2166.0,2132.0,2154.9,1931695
2025-12-08,2158.7,2158.9,2126.0,2131.6,2992047
2025-12-09,2120.0,2133.4,2108.9,2127.7,3207510
2025-12-10,2130.0,2155.5,2123.7,2129.5,2188267
2025-12-11,2129.5,2205.0,2119.1,2180.2,4995720
2025-12-12,2181.7,2201.0,2174.7,2176.6,2862549
2025-12-15,2167.1,2185.6,2156.5,2181.3,2755980
2025-12-16,2178.0,2194.0,2171.5,2182.4,1708919
2025-12-17,2188.0,2193.2,2163.5,2173.2,1612144
2025-12-18,2173.2,2178.9,2159.9,2164.6,1126680
2025-12-19,2168.5,2177.5,2156.3,2159.5,2300934
2025-12-22,2170.0,2176.0,2147.1,2149.7,1808226
2025-12-23,2152.5,2170.9,2149.7,2162.7,1614163
2025-12-24,2168.0,2178.2,2161.1,2163.7,1558358
2025-12-26,2162.0,2173.6,2152.9,2164.2,738349
2025-12-29,2170.6,2181.8,2155.4,2158.6,971796
2025-12-30,2159.7,2165.0,2138.9,2152.7,5672138
2025-12-31,2158.0,2205.4,2155.7,2201.1,2856889
2026-01-01,2210.0,2220.9,2189.0,2217.8,1346975
2026-01-02,2217.8,2227.9,2180.5,2195.1,2447694
2026-01-05,2196.9,2206.7,2182.0,2190.9,2182849
2026-01-06,2202.1,2228.0,2135.0,2146.4,5308207
2026-01-07,2146.4,2150.5,2109.2,2144.0,2112263
2026-01-08,2140.1,2143.0,2118.6,2133.0,2296942
2026-01-09,2133.0,2133.0,2116.0,2126.8,2063923
2026-01-12,2126.8,2139.4,2106.0,2133.3,2544087
2026-01-13,2126.9,2144.4,2120.0,2132.6,2543530
2026-01-14,426.0,427.6,418.8,421.0,10818517
2026-01-16,424.0,427.6,417.1,418.2,17993251
2026-01-19,419.0,430.4,415.0,426.9,22228439
2026-01-20,428.0,431.0,422.5,423.8,18805991
2026-01-21,422.1,425.5,416.4,421.6,16386060
2026-01-22,423.8,429.8,420.3,426.0,10087657
2026-01-23,429.0,429.8,420.4,422.8,10548118
2026-01-27,415.0,415.0,400.5,408.7,47613963
2026-01-28,409.3,414.2,406.3,412.4,14823671
2026-01-29,407.0,414.6,407.0,412.4,26085514
2026-01-30,410.0,412.5,405.4,408.0,20681886
2026-02-02,408.7,410.85,405.1,408.2,15422034
2026-02-03,415.0,425.0,410.3,415.8,35396945
2026-02-04,416.7,418.65,410.6,412.35,14948177
2026-02-05,411.0,413.95,404.1,408.75,24814864
2026-02-06,411.0,424.65,410.3,422.35,21228778
2026-02-09,430.0,434.9,424.2,428.8,22538542
2026-02-10,430.8,433.9,428.2,429.3,18428055
2026-02-11,431.7,431.7,427.75,429.55,12299205
2026-02-12,429.4,431.05,425.1,426.25,14003384
2026-02-13,426.0,428.9,419.55,420.65,23233320
2026-02-16,419.0,426.7,418.25,425.6,12403028
2026-02-17,423.65,425.5,420.6,424.45,6427007
2026-02-18,425.7,427.4,421.35,426.35,7333331
2026-02-19,425.7,425.95,415.85,416.4,6473423
2026-02-20,415.0,423.4,415.0,421.35,6603883
2026-02-23,423.0,431.8,420.35,430.7,10399627
2026-02-24,430.9,432.45,425.8,427.7,15016915
2026-02-25,425.5,430.15,421.4,424.95,10192468
2026-02-26,426.7,426.7,421.7,424.55,13417228
2026-02-27,420.5,422.35,414.45,415.2,17806739
2026-03-02,410.0,414.6,407.1,413.1,15236666
2026-03-04,405.0,410.5,402.2,403.35,18393751
2026-03-05,403.6,410.05,402.35,407.3,14963265
2026-03-06,403.7,406.7,399.0,399.8,17512726
2026-03-09,390.0,393.85,385.1,386.35,20275976
2026-03-10,390.5,394.25,387.5,391.85,21346381
2026-03-11,388.85,391.1,379.95,383.2,29991868
2026-03-12,377.0,380.15,374.05,375.3,25048123
2026-03-13,373.0,373.6,363.4,366.85,32179473
2026-03-16,366.85,373.35,364.05,369.85,27927294
2026-03-17,369.85,375.15,368.6,374.2,15176772
2026-03-18,375.0,376.95,371.1,375.4,15235416
2026-03-19,366.15,370.15,363.35,368.15,17308390
2026-03-20,368.6,372.6,365.4,366.75,17077194
2026-03-23,364.85,364.9,355.25,356.55,16980244
2026-03-24,363.0,370.95,361.4,366.85,19990983
2026-03-25,368.95,378.0,363.0,371.1,42442702
2026-03-27,367.55,368.85,362.5,366.15,28928069
2026-03-30,361.0,362.95,351.65,353.4,39762775
2026-04-01,363.8,364.05,355.0,356.05,21245776
2026-04-02,350.3,359.85,345.5,358.0,22056018
2026-04-06,358.0,361.4,350.1,360.55,18320378
2026-04-07,357.0,364.0,357.0,362.95,23655155
2026-04-08,377.0,381.15,369.45,380.15,30162218
2026-04-09,377.0,378.7,369.45,371.9,12422256
2026-04-10,373.5,379.15,372.35,374.55,23751660
2026-04-13,367.95,373.0,365.6,371.9,30027087
2026-04-15,375.5,383.0,375.5,382.4,19100372
2026-04-16,383.15,386.45,378.25,379.15,12060624
2026-04-17,379.3,385.2,376.65,383.6,11626179
2026-04-20,384.1,386.0,378.0,379.2,11146713
2026-04-21,381.45,383.15,378.35,382.15,12323488
2026-04-22,378.1,382.8,376.25,376.85,14471487
2026-04-23,370.05,375.95,367.65,370.4,27628052
2026-04-24,370.6,372.8,367.65,370.85,19678907
2026-04-27,375.0,380.45,373.25,376.8,11559552
2026-04-28,372.0,383.25,372.0,377.95,12852733
2026-04-29,378.0,386.05,377.55,382.0,7913344
2026-04-30,376.6,386.85,375.3,383.3,24812228
2026-05-04,378.9,382.05,363.0,371.65,74467483
2026-05-06,374.0,380.0,365.65,376.6,36195481
2026-05-07,376.1,382.45,374.3,379.4,27286751
2026-05-08,379.0,381.5,374.0,380.8,16183126
2026-05-11,376.1,386.0,374.4,381.05,21347878
2026-05-12,380.2,381.05,374.55,376.0,13065308
2026-05-13,377.9,384.0,376.85,377.65,16267456
2026-05-14,378.0,385.0,375.6,383.2,10652514
2026-05-15,383.2,393.3,380.5,387.05,19461437
2026-05-18,382.0,393.0,380.3,391.8,14575831
2026-05-19,388.5,391.8,380.25,381.95,22567886
2026-05-20,376.3,384.05,376.3,383.2,12342444
2026-05-21,384.7,386.45,377.9,380.85,10133840
2026-05-22,381.0,386.3,381.0,384.15,10348359
2026-05-25,388.3,395.15,387.25,392.85,15571552
2026-05-26,392.85,394.95,387.0,388.65,15059212
2026-05-27,388.55,390.5,386.7,388.7,9326451
2026-05-29,388.85,392.55,381.25,384.2,40109830
2026-06-01,384.15,387.0,375.65,377.4,12335552
2026-06-02,373.0,381.55,372.2,379.05,14834956
2026-06-03,377.6,383.45,375.1,381.0,14844206
2026-06-04,378.5,384.0,377.9,381.5,13889236
2026-06-05,381.5,383.7,374.65,377.45,10129597
2026-06-08,373.0,378.9,372.7,377.1,14460894
2026-06-09,379.7,382.45,377.3,381.7,13987913
2026-06-10,380.5,391.2,380.5,388.1,21427363
2026-06-11,386.0,399.9,384.55,393.35,16135289
2026-06-12,397.75,404.5,394.95,403.3,17227481
2026-06-15,408.0,411.0,402.45,405.75,14269679
2026-06-16,405.75,408.55,404.5,407.85,9079548
2026-06-17,407.85,408.75,402.55,404.5,11654415
2026-06-18,403.95,404.25,399.65,402.95,9342524
2026-06-19,402.5,403.55,398.0,399.25,17504009
2026-06-22,399.25,403.1,398.75,402.15,7158956
2026-06-23,398.0,405.0,398.0,401.65,10077909
2026-06-24,401.65,407.95,400.2,405.95,11768059
2026-06-25,409.5,413.8,407.2,409.0,16587414
2026-06-29,402.5,404.85,394.1,395.5,37210245
2026-06-30,395.5,397.0,389.9,392.25,24824891
2026-07-01,397.35,401.4,393.25,400.45,21723944
2026-07-02,400.45,405.0,397.3,399.3,12980945
2026-07-03,400.0,401.45,394.55,396.75,14747410
2026-07-06,389.75,389.75,380.7,381.3,34164881
2026-07-07,381.5,382.9,378.65,381.7,23216875
2026-07-08,378.5,381.75,369.1,370.1,22517529
2026-07-09,371.5,377.95,368.4,377.15,30720415
2026-07-10,377.45,381.15,376.9,377.6,15468937
2026-07-13,375.8,385.15,375.1,384.65,14167721
2026-07-14,383.5,383.5,376.1,378.65,16237528
2026-07-15,379.35,382.8,376.25,378.4,8082156
2026-07-16,377.5,381.25,376.55,377.15,10889356
2026-07-17,377.5,391.8,375.7,389.95,17847316
2026-07-20,382.0,383.75,376.1,382.05,32539419
2026-07-21,383.0,386.95,381.05,385.95,17152911
2026-07-22,384.3,390.0,378.15,381.15,11688952
2026-07-23,379.7,386.1,378.85,383.35,12720546
2026-07-24,378.6,386.5,378.6,384.75,13308317
2026-07-27,386.0,388.75,383.55,384.65,16710096
2026-07-28,383.05,387.3,383.05,385.3,14247981
2026-07-29,387.0,392.25,385.15,390.2,9190194
2026-07-30,385.7,390.2,385.7,389.4,12205963
2026-07-31,390.2,391.85,388.0,390.3,7014637
2026-08-03,392.0,397.5,391.05,397.5,11247062
2026-08-04,395.5,398.25,392.1,398.0,9131231
2026-08-05,397.0,400.0,393.85,400.0,11842327
2026-08-07,393.0,394.85,387.75,390.75,7315232
2026-08-10,388.0,393.5,386.5,393.5,11662079
2026-08-11,392.1,392.9,388.3,392.9,7853813
2026-08-12,391.0,394.25,387.5,390.5,10733474
2026-08-14,393.1,394.35,389.85,391.15,9519332
2026-08-17,389.0,396.35,389.0,392.7,5105327
2026-08-18,391.0,392.9,387.65,387.65,5653147
2026-08-19,387.0,393.1,386.75,390.25,6704930
2026-08-20,393.6,399.55,393.15,397.35,9258923
2026-08-21,398.9,406.0,398.3,402.8,15670257
2026-08-24,403.5,405.6,398.2,401.45,14932117
2026-08-25,398.3,402.05,398.15,401.6,10154716
2026-08-26,402.5,417.45,401.0,416.7,20168995
2026-08-27,415.75,427.7,415.0,424.2,32914085
2026-08-28,424.6,426.2,421.0,423.7,18952918
2026-08-31,421.0,425.05,419.4,419.4,18992797
2026-09-01,420.8,429.1,420.75,425.0,7669677
2026-09-02,421.9,425.75,418.95,423.5,10022695
2026-09-03,425.0,426.9,421.15,421.15,5991118
2026-09-04,421.65,425.95,421.65,424.5,9408316
2026-09-07,421.8,425.7,421.0,422.1,7148641
2026-09-08,422.3,423.85,419.0,419.25,12406799
2026-09-09,418.2,420.65,413.95,414.0,10886349
2026-09-10,413.7,416.55,412.8,416.55,7755254
2026-09-11,412.6,420.0,409.25,419.0,15197483
