Date,Open,High,Low,Close,Volume
2010-06-10,580.0,599.9,578.0,592.75,1310475
2010-06-11,599.95,616.5,599.95,606.7,2709307
2010-06-14,606.0,618.5,602.25,615.7,1502547
2010-06-15,618.0,618.0,605.0,608.15,1113221
2010-06-16,611.0,635.95,610.5,629.3,3311617
2010-06-17,625.0,641.2,625.0,634.7,3407529
2010-06-18,633.5,643.0,615.0,619.2,2739265
2010-06-21,627.0,640.0,625.0,636.95,1400804
2010-06-22,637.0,645.0,628.4,633.15,1594232
2010-06-23,630.0,636.9,627.1,630.9,1275852
2010-06-24,632.0,637.8,620.1,632.05,1755227
2010-06-25,620.0,635.5,603.1,613.35,1124843
2010-06-28,610.0,627.0,608.0,622.85,1221085
2010-06-29,622.0,625.5,609.0,613.9,826058
2010-06-30,609.0,632.95,609.0,627.35,1736655
2010-07-01,625.0,630.1,613.0,615.15,1051156
2010-07-02,618.9,621.4,601.0,602.35,1571017
2010-07-05,602.0,614.0,598.6,610.1,752326
2010-07-06,610.25,629.25,610.25,627.05,1320812
2010-07-07,629.95,630.0,619.0,621.65,1202358
2010-07-08,622.75,632.9,615.2,622.15,1618083
2010-07-09,625.2,640.9,625.2,638.55,1371573
2010-07-12,642.0,648.0,632.15,637.8,871489
2010-07-13,640.0,641.9,622.4,632.1,1390951
2010-07-14,628.0,641.0,614.0,616.7,1648435
2010-07-15,620.0,620.8,609.3,616.25,1737400
2010-07-16,615.5,622.9,601.8,603.95,2306807
2010-07-19,605.0,613.9,595.0,606.45,1557509
2010-07-20,610.5,615.0,600.0,602.1,1133421
2010-07-21,606.0,620.95,603.5,616.75,2862051
2010-07-22,618.5,634.0,611.0,633.25,1976122
2010-07-23,632.0,641.0,626.0,627.9,986060
2010-07-26,620.0,637.95,618.5,620.5,777722
2010-07-27,625.0,642.65,619.2,639.85,2042294
2010-07-28,641.25,658.0,639.0,648.05,3099372
2010-07-29,646.0,652.2,636.65,643.9,1083336
2010-07-30,641.0,664.9,640.0,661.5,2342977
2010-08-02,668.05,670.0,653.5,661.4,1201713
2010-08-03,664.0,665.0,650.0,651.8,707332
2010-08-04,651.1,660.0,642.6,656.85,1081767
2010-08-05,659.8,659.9,643.2,645.3,926671
2010-08-06,643.0,658.0,642.0,648.75,1137795
2010-08-09,657.7,679.7,622.65,649.3,857519
2010-08-10,650.0,656.8,636.25,641.1,1096371
2010-08-11,645.0,647.0,620.45,626.95,2060215
2010-08-12,620.0,645.0,615.1,633.05,2575802
2010-08-13,636.45,637.65,623.8,627.45,1374664
2010-08-16,628.0,635.45,618.1,625.2,1237302
2010-08-17,625.25,629.8,615.1,620.2,1009808
2010-08-18,624.0,625.0,611.0,618.15,1491777
2010-08-19,621.1,624.35,615.0,616.05,1278363
2010-08-20,612.0,622.0,608.3,617.7,2239149
2010-08-23,625.0,634.5,620.05,624.15,1929049
2010-08-24,627.25,629.8,614.1,616.1,888733
2010-08-25,618.0,619.75,607.3,615.15,1128758
2010-08-26,618.0,624.4,608.9,619.1,1407799
2010-08-27,619.5,620.5,609.0,611.8,1333249
2010-08-30,614.5,619.3,604.25,609.35,773033
2010-08-31,611.0,629.5,605.0,626.7,2160846
2010-09-01,632.0,636.9,625.2,630.15,1717763
2010-09-02,633.7,634.7,624.1,626.25,641271
2010-09-03,627.9,640.8,624.0,630.65,1672218
2010-09-06,633.1,637.8,630.05,634.25,980004
2010-09-07,615.0,639.95,615.0,629.25,1077223
2010-09-08,630.0,638.0,627.5,635.25,1009837
2010-09-09,640.0,658.0,637.45,655.6,2212059
2010-09-13,658.0,668.1,651.65,664.85,1463349
2010-09-14,666.0,678.5,657.45,670.95,1701498
2010-09-15,671.0,685.0,667.0,676.1,1609164
2010-09-16,676.1,683.0,666.0,674.55,1470237
2010-09-17,680.0,686.0,677.2,680.0,1115731
2010-09-20,686.0,694.0,673.9,687.8,1354948
2010-09-21,690.0,706.45,680.0,685.3,1886534
2010-09-22,687.0,701.65,671.5,681.9,2084542
2010-09-23,688.0,694.0,683.1,690.8,1000848
2010-09-24,691.15,694.5,685.1,690.95,1089173
2010-09-27,700.0,704.0,689.6,694.5,1244208
2010-09-28,695.8,716.0,695.8,711.3,1825277
2010-09-29,715.0,720.2,696.3,698.75,1213387
2010-09-30,698.75,704.6,682.1,691.5,2347876
2010-10-01,698.8,719.8,696.3,715.75,1568089
2010-10-04,720.0,743.5,716.0,731.0,1823546
2010-10-05,733.0,749.75,732.5,744.35,1511865
2010-10-06,748.0,759.5,735.8,740.45,1173032
2010-10-07,744.9,747.0,719.0,725.45,1156127
2010-10-08,729.05,732.1,694.1,705.05,2570936
2010-10-11,708.1,719.8,701.0,707.5,1133466
2010-10-12,709.0,718.7,705.0,715.35,1462193
2010-10-13,718.8,739.75,714.2,735.85,1720061
2010-10-14,736.0,744.0,710.0,718.25,1592094
2010-10-15,724.05,726.5,705.55,710.65,1172936
2010-10-18,724.0,724.0,688.0,701.2,2354167
2010-10-19,708.25,711.75,696.1,701.5,2101860
2010-10-20,699.9,709.9,695.0,699.1,1449369
2010-10-21,700.95,715.0,698.1,712.8,2182411
2010-10-22,715.0,718.4,699.1,701.6,912969
2010-10-25,703.5,720.25,701.1,714.7,2027668
2010-10-26,719.2,728.4,715.0,716.95,2211115
2010-10-27,719.9,734.2,716.1,728.95,2008293
2010-10-28,733.0,739.7,721.35,733.05,3230290
2010-10-29,742.35,745.3,705.6,733.7,2819550
2010-11-01,744.0,771.0,739.85,766.5,3629242
2010-11-02,770.0,772.0,750.0,757.6,1505279
2010-11-03,759.35,770.0,753.0,759.9,1742560
2010-11-04,767.05,795.95,765.4,777.5,2621815
2010-11-05,789.2,793.0,785.0,790.9,448917
2010-11-08,798.4,798.4,774.35,776.85,1309593
2010-11-09,798.5,798.5,771.15,781.05,1788285
2010-11-10,785.9,809.85,780.9,806.35,3334959
2010-11-11,807.0,826.7,807.0,813.65,2936560
2010-11-12,813.0,815.0,768.0,773.15,2941205
2010-11-15,773.8,803.8,766.25,799.95,1323340
2010-11-16,799.0,801.9,775.0,778.3,1933039
2010-11-18,787.8,787.8,760.0,780.4,1768838
2010-11-19,786.0,786.0,747.0,753.0,1617790
2010-11-22,756.0,772.0,734.4,766.55,1738756
2010-11-23,770.0,779.5,744.0,762.15,2818349
2010-11-24,770.0,797.85,767.95,784.65,2830549
2010-11-25,789.0,798.8,767.8,780.55,4167018
2010-11-26,786.9,789.5,750.2,757.45,1606603
2010-11-29,760.0,774.8,742.45,770.45,1260451
2010-11-30,774.3,783.5,757.0,765.3,1678558
2010-12-01,772.0,807.9,767.0,802.5,1999445
2010-12-02,810.0,814.8,781.6,789.55,2011484
2010-12-03,794.0,804.0,789.0,799.9,2074963
2010-12-06,805.8,809.5,792.0,794.8,847883
2010-12-07,794.1,805.3,793.0,800.95,1034600
2010-12-08,790.0,797.0,784.0,789.3,1372036
2010-12-09,790.0,793.0,751.0,760.35,1860808
2010-12-10,760.0,784.95,750.0,780.75,2477157
2010-12-13,790.0,790.0,759.3,768.4,2723955
2010-12-14,769.0,769.0,753.05,757.85,2207696
2010-12-15,757.15,769.3,747.1,752.9,2502007
2010-12-16,752.0,752.0,721.0,732.95,5987715
2010-12-20,734.9,754.8,725.0,745.8,1950171
2010-12-21,746.1,757.8,746.1,754.1,865786
2010-12-22,754.0,764.9,752.2,756.2,1067755
2010-12-23,762.5,762.5,744.1,751.35,997976
2010-12-24,750.0,765.0,742.55,761.8,738179
2010-12-27,760.2,766.9,756.0,760.15,400423
2010-12-28,760.0,768.9,751.25,764.35,711724
2010-12-29,760.55,774.9,754.2,773.15,1034128
2010-12-30,777.9,782.7,772.75,776.1,2089722
2010-12-31,774.35,784.9,774.35,778.2,491638
2011-01-03,794.75,801.7,784.2,787.55,1837107
2011-01-04,787.1,792.0,775.2,781.25,1600858
2011-01-05,781.25,789.0,765.2,771.05,1271074
2011-01-06,777.0,778.0,758.0,771.25,1681233
2011-01-07,764.2,765.9,732.05,740.3,2500373
2011-01-10,741.0,750.0,722.05,728.55,1437758
2011-01-11,729.5,742.95,726.0,734.95,1096274
2011-01-12,737.3,753.9,725.0,751.25,1466758
2011-01-13,747.3,759.3,733.75,737.7,1064549
2011-01-14,733.1,753.4,729.7,739.55,1610390
2011-01-17,730.55,746.2,730.55,737.65,1038429
2011-01-18,739.95,751.95,737.4,746.4,1476940
2011-01-19,746.0,765.8,745.5,750.85,2028240
2011-01-20,751.4,764.75,750.0,760.3,2009966
2011-01-21,752.45,775.6,752.45,770.2,2302070
2011-01-24,771.1,796.8,771.1,791.6,2214648
2011-01-25,791.05,798.7,766.5,771.3,1530020
2011-01-27,777.9,777.9,725.5,733.55,3838112
2011-01-28,735.0,735.05,677.0,697.9,5086403
2011-01-31,679.0,717.8,677.0,713.35,2148861
2011-02-01,716.0,718.0,697.15,705.8,1783443
2011-02-02,716.9,719.9,692.5,700.55,1528401
2011-02-03,694.1,711.9,694.1,705.65,1497303
2011-02-04,699.0,704.0,661.0,669.5,2846680
2011-02-07,679.0,681.8,663.3,669.2,1855582
2011-02-08,678.5,678.5,624.15,627.7,3241305
2011-02-09,629.5,666.7,618.9,655.2,6402308
2011-02-10,655.0,661.9,642.4,652.6,1860844
2011-02-11,648.55,669.5,636.35,665.2,2478175
2011-02-14,665.1,689.6,665.1,680.1,2157755
2011-02-15,678.1,679.8,654.7,668.05,1998970
2011-02-16,668.0,668.0,646.55,655.8,1738381
2011-02-17,660.0,673.5,648.55,669.55,2298913
2011-02-18,669.1,677.8,646.15,649.6,1478451
2011-02-21,650.0,654.05,635.0,651.0,1072511
2011-02-22,644.9,645.0,631.05,639.75,1220352
2011-02-23,641.0,648.8,633.5,640.6,1318666
2011-02-24,634.25,640.0,606.05,616.0,3456157
2011-02-25,626.35,627.0,587.2,595.2,2979971
2011-03-01,624.0,670.9,619.8,664.3,6164276
2011-03-03,657.0,676.9,653.45,671.85,3891289
2011-03-04,683.55,692.0,672.2,676.15,3017222
2011-03-07,670.0,670.0,648.15,661.75,1301389
2011-03-08,667.85,670.0,660.4,664.7,957632
2011-03-09,665.35,673.75,664.0,669.1,1561348
2011-03-10,664.9,674.0,662.25,669.85,1458681
2011-03-11,664.5,665.8,651.5,656.3,1078186
2011-03-14,655.25,667.5,652.75,661.45,1099230
2011-03-15,646.2,657.0,635.2,644.4,1810247
2011-03-16,650.0,662.6,647.1,660.0,1112635
2011-03-17,652.1,664.75,652.1,656.2,1075454
2011-03-18,658.0,662.95,624.6,631.1,1928494
2011-03-21,639.4,644.9,627.7,641.1,1180123
2011-03-22,644.0,656.95,640.0,654.1,860140
2011-03-23,655.5,655.5,640.95,646.1,1921987
2011-03-24,650.0,668.45,648.5,665.5,1495645
2011-03-25,684.55,684.55,662.95,673.45,1590568
2011-03-28,678.9,684.45,670.1,677.95,1414138
2011-03-29,679.35,690.0,674.25,686.35,965405
2011-03-30,689.2,712.0,689.2,709.95,2036232
2011-03-31,709.0,716.6,685.05,700.35,3239150
2011-04-01,700.5,716.0,697.15,711.05,1416103
2011-04-04,713.0,748.0,710.05,744.0,2445930
2011-04-05,748.9,748.9,727.1,733.45,1021330
2011-04-06,730.1,741.0,718.65,726.65,922897
2011-04-07,727.5,738.9,721.0,733.3,908222
2011-04-08,733.0,736.5,721.0,729.3,950520
2011-04-11,725.25,725.25,707.65,710.0,1147691
2011-04-13,708.0,732.7,702.95,729.0,1197060
2011-04-15,723.3,734.9,718.2,724.45,1070923
2011-04-18,725.0,739.4,719.25,722.15,1298447
2011-04-19,714.1,735.7,714.1,726.0,1774554
2011-04-20,734.9,770.0,733.0,763.25,3311753
2011-04-21,763.25,774.8,753.6,764.65,2123650
2011-04-25,766.7,778.95,760.0,767.85,1175128
2011-04-26,765.0,768.0,748.05,756.65,1226548
2011-04-27,759.85,775.0,758.0,770.4,1479005
2011-04-28,767.1,774.65,760.6,770.25,1141463
2011-04-29,766.1,771.0,744.25,756.4,1072667
2011-05-02,762.0,765.8,737.4,741.65,1249735
2011-05-03,736.25,739.35,700.6,708.1,2653287
2011-05-04,710.0,712.9,684.3,703.95,1728149
2011-05-05,706.0,714.3,685.0,692.5,1075258
2011-05-06,692.2,721.0,692.2,714.4,1589849
2011-05-09,720.0,724.0,704.5,710.25,1093847
2011-05-10,710.05,716.65,695.2,699.6,1120638
2011-05-11,697.1,704.55,692.3,698.1,1247405
2011-05-12,695.0,705.35,685.0,689.25,1143052
2011-05-13,687.0,699.05,675.8,690.85,1923000
2011-05-16,689.0,689.0,668.9,672.65,1471441
2011-05-17,671.5,683.75,665.05,670.5,1429425
2011-05-18,675.8,675.8,655.9,670.4,1272844
2011-05-19,677.9,682.75,672.0,676.15,853697
2011-05-20,682.0,693.7,673.5,690.85,845370
2011-05-23,680.5,689.8,679.15,686.85,732253
2011-05-24,682.2,690.0,674.5,687.15,815737
2011-05-25,692.0,692.0,678.4,681.25,576575
2011-05-26,682.55,701.0,661.4,684.85,3371549
2011-05-27,681.25,707.9,681.25,704.9,1792470
2011-05-30,707.0,712.45,659.25,663.05,4815101
2011-05-31,667.0,680.0,648.95,672.1,6173712
2011-06-01,673.0,683.45,672.1,675.85,1531251
2011-06-02,669.0,669.65,657.0,661.5,1641293
2011-06-03,663.0,673.45,663.0,669.05,1240502
2011-06-06,663.0,665.0,653.25,657.6,1293013
2011-06-07,655.0,666.7,654.1,664.25,1304519
2011-06-08,655.9,666.95,651.95,664.3,1400981
2011-06-09,660.2,669.35,660.2,665.45,1206647
2011-06-10,665.3,668.25,657.8,662.2,812922
2011-06-13,663.4,670.5,657.95,664.2,1258255
2011-06-14,665.1,675.9,665.1,671.65,1166288
2011-06-15,668.2,679.85,663.1,664.85,884690
2011-06-16,650.6,665.7,650.6,657.1,1463067
2011-06-17,653.3,660.0,641.85,644.1,1754293
2011-06-20,647.0,647.0,616.7,633.25,2271553
2011-06-21,638.6,642.5,632.0,634.45,804645
2011-06-22,639.2,650.55,634.25,648.7,1417503
2011-06-23,644.75,656.0,642.6,653.45,1353839
2011-06-24,657.0,676.25,656.05,673.8,1291651
2011-06-27,669.4,701.6,666.0,693.3,3895477
2011-06-28,692.5,700.9,687.1,694.25,1309178
2011-06-29,696.0,704.8,689.0,691.45,1133833
2011-06-30,693.1,705.0,691.2,701.9,1899913
2011-07-01,711.8,711.8,688.35,691.8,1074044
2011-07-04,702.0,706.95,698.55,703.2,1564065
2011-07-05,705.85,722.8,702.4,717.2,1968355
2011-07-06,717.5,720.0,709.0,715.2,1291511
2011-07-07,717.0,728.0,714.2,726.15,1410214
2011-07-08,724.4,738.45,711.1,717.6,1553465
2011-07-11,717.0,734.8,712.3,726.75,1376552
2011-07-12,716.3,724.8,700.1,703.35,1198754
2011-07-13,704.55,723.4,704.55,718.3,1071141
2011-07-14,710.9,722.9,703.0,715.25,1074228
2011-07-15,713.15,723.8,707.15,721.15,1048866
2011-07-18,717.75,720.1,704.5,706.8,790048
2011-07-19,709.95,717.0,702.5,716.35,768903
2011-07-20,717.6,719.8,704.0,705.65,536069
2011-07-21,702.0,710.55,697.1,702.65,589715
2011-07-22,708.9,726.0,705.5,724.35,718890
2011-07-25,721.0,753.0,721.0,748.3,2044486
2011-07-26,747.7,753.45,713.45,717.75,2050961
2011-07-27,718.0,720.5,708.65,718.3,1197045
2011-07-28,709.0,726.45,702.0,716.1,1537573
2011-07-29,715.0,724.45,708.4,720.75,961291
2011-08-01,724.5,735.6,724.5,730.95,1643959
2011-08-02,726.55,734.75,720.15,723.4,1414365
2011-08-03,715.3,720.0,701.45,708.9,1552260
2011-08-04,706.2,709.7,676.6,679.45,2588861
2011-08-05,660.0,669.0,638.25,653.35,3024155
2011-08-08,640.9,679.9,632.6,668.25,2564829
2011-08-09,636.2,700.0,636.2,693.1,4747917
2011-08-10,710.0,733.5,704.15,730.4,3899834
2011-08-11,719.0,739.4,714.35,728.6,1796271
2011-08-12,733.7,742.9,730.0,739.95,2539135
2011-08-16,743.1,745.6,728.6,732.0,1941795
2011-08-17,726.75,730.0,713.75,719.15,1614704
2011-08-18,719.9,734.8,705.2,717.2,1621345
2011-08-19,703.65,727.55,703.65,718.5,1573527
2011-08-22,719.0,723.5,698.65,713.8,4034477
2011-08-23,715.0,718.85,692.55,709.25,3250061
2011-08-24,702.2,712.5,694.6,697.45,3175792
2011-08-25,704.7,707.4,690.05,697.4,3147019
2011-08-26,695.2,719.8,695.15,704.35,2257013
2011-08-29,707.5,742.0,707.5,733.3,2418110
2011-08-30,740.0,744.6,734.1,738.15,1386693
2011-09-02,748.0,769.9,740.8,765.1,3093863
2011-09-05,762.7,774.7,755.0,769.05,1807156
2011-09-06,762.0,800.0,761.35,797.3,4506192
2011-09-07,800.55,810.65,779.65,785.4,2480050
2011-09-08,792.9,796.95,780.9,790.75,1915074
2011-09-09,791.9,801.9,788.0,791.45,1821141
2011-09-12,779.45,789.0,773.75,783.4,2221533
2011-09-13,785.75,795.4,765.5,781.8,1434609
2011-09-14,785.4,804.4,783.35,793.45,2956127
2011-09-15,800.0,811.0,793.05,805.4,2467011
2011-09-16,810.5,815.4,793.0,796.55,2984175
2011-09-19,795.0,803.35,788.4,799.9,1373203
2011-09-20,802.7,819.5,797.25,814.4,2006225
2011-09-21,816.9,816.9,805.1,814.5,1917878
2011-09-22,803.45,808.25,778.6,783.55,1297357
2011-09-23,777.5,788.0,770.9,775.55,1586862
2011-09-26,780.0,780.45,759.2,771.1,1391340
2011-09-27,780.1,801.55,778.65,797.8,1478169
2011-09-28,803.8,804.0,777.3,790.95,1162819
2011-09-29,787.25,823.9,779.95,813.9,3627289
2011-09-30,811.0,820.0,802.25,804.75,1419157
2011-10-03,800.0,818.35,796.15,810.4,1998497
2011-10-04,804.25,813.0,773.8,776.8,2007211
2011-10-05,778.6,794.9,776.65,784.25,1819625
2011-10-07,797.2,804.8,791.0,796.3,1386008
2011-10-10,792.0,811.0,792.0,806.85,1409193
2011-10-11,815.0,815.0,794.05,798.75,1067770
2011-10-12,799.1,811.15,783.2,807.65,2457053
2011-10-13,815.0,815.0,793.3,798.9,1863660
2011-10-14,793.6,809.05,793.6,805.65,740795
2011-10-17,811.5,819.45,808.2,812.75,895589
2011-10-18,802.1,809.65,796.95,807.5,746163
2011-10-19,810.5,817.5,807.85,810.45,714286
2011-10-20,806.0,815.0,786.5,801.6,1137992
2011-10-21,803.7,810.5,795.0,802.05,594015
2011-10-24,813.4,815.0,808.0,809.85,832041
2011-10-25,814.5,858.55,809.0,853.85,2674852
2011-10-26,852.1,856.05,845.0,849.4,219409
2011-10-28,868.25,877.3,858.55,870.5,1721598
2011-10-31,875.0,875.0,851.15,865.35,905967
2011-11-01,859.2,863.0,831.8,834.05,2051894
2011-11-02,831.5,849.9,829.7,840.55,1247594
2011-11-03,838.7,845.65,827.05,839.7,1152650
2011-11-04,848.8,849.7,831.3,836.35,952259
2011-11-08,840.0,846.5,830.2,835.65,795161
2011-11-09,838.25,840.0,810.0,813.0,946726
2011-11-11,813.0,847.45,805.8,841.4,3247987
2011-11-14,846.0,850.7,782.2,791.05,4755449
2011-11-15,790.8,794.85,752.55,759.25,2493060
2011-11-16,763.25,780.7,755.15,775.25,2142694
2011-11-17,772.9,778.7,754.6,758.45,1483019
2011-11-18,753.0,757.8,722.55,737.95,2535039
2011-11-21,731.0,744.4,712.0,719.2,2077131
2011-11-22,725.1,731.0,703.0,709.65,2288500
2011-11-23,707.0,707.0,681.2,697.05,2053587
2011-11-24,696.1,719.4,686.5,713.25,3606039
2011-11-25,708.0,724.95,696.7,706.25,1852675
2011-11-28,716.1,723.35,702.5,713.65,1594787
2011-11-29,719.9,729.7,708.1,725.6,2337263
2011-11-30,720.8,732.0,703.6,725.2,2313946
2011-12-01,749.5,755.0,725.4,729.9,2704904
2011-12-02,733.65,752.1,721.25,749.85,1766369
2011-12-05,747.0,757.0,742.4,748.9,941954
2011-12-07,752.0,762.95,750.5,757.75,1944248
2011-12-08,757.8,759.7,722.65,729.9,1742723
2011-12-09,715.2,719.85,697.2,703.25,2447462
2011-12-12,707.65,711.8,681.0,683.15,2134102
2011-12-13,679.0,706.0,675.1,701.0,2100930
2011-12-14,698.25,704.5,671.7,676.05,2257993
2011-12-15,665.25,674.5,659.0,664.85,2762610
2011-12-16,663.5,688.5,648.0,660.05,2451460
2011-12-19,658.2,664.4,642.75,652.3,1749310
2011-12-20,656.0,658.4,632.2,649.85,2584294
2011-12-21,662.75,697.0,656.75,690.35,2587608
2011-12-22,672.3,696.0,672.3,692.75,1410825
2011-12-23,706.0,707.25,692.0,696.45,1446420
2011-12-26,693.55,706.0,693.15,701.8,906767
2011-12-27,701.0,711.5,692.95,703.55,1094480
2011-12-28,704.8,708.0,683.35,687.4,1129466
2011-12-29,684.8,696.9,677.35,686.3,1640985
2011-12-30,686.7,694.5,675.35,681.8,1313271
2012-01-02,687.8,692.0,669.8,674.0,1530512
2012-01-03,678.5,680.0,655.55,664.4,3127820
2012-01-04,667.0,667.55,636.1,639.05,3585823
2012-01-05,640.0,651.7,628.1,650.15,4257922
2012-01-06,646.0,659.0,638.6,655.6,2225704
2012-01-09,653.85,655.85,639.45,653.05,1260574
2012-01-10,658.9,694.6,656.65,689.2,2359545
2012-01-11,691.5,692.5,669.1,680.35,2175076
2012-01-12,678.0,688.95,672.0,686.0,1784937
2012-01-13,690.0,698.7,682.0,692.35,1464820
2012-01-16,686.7,690.9,681.8,687.8,1490395
2012-01-17,694.5,709.0,690.0,705.6,2443036
2012-01-18,708.0,709.65,673.0,684.05,2734415
2012-01-19,693.0,696.7,670.4,672.95,3031357
2012-01-20,677.8,678.9,646.05,657.0,4820273
2012-01-23,655.55,666.7,654.2,661.55,2056490
2012-01-24,665.0,689.25,657.0,685.45,2542051
2012-01-25,692.4,692.4,681.35,686.5,1435252
2012-01-27,693.95,704.9,665.0,700.1,2817723
2012-01-30,696.0,699.75,660.5,665.1,2185817
2012-01-31,673.8,679.05,664.1,673.8,2076477
2012-02-01,674.5,700.0,673.5,688.9,6055967
2012-02-02,699.9,711.0,690.8,700.6,5142891
2012-02-03,703.0,717.75,696.6,710.8,4097392
2012-02-06,722.7,723.95,701.6,710.2,2365137
2012-02-07,721.0,721.0,685.3,689.65,4483386
2012-02-08,680.0,697.7,672.0,686.95,4347521
2012-02-09,689.0,707.0,682.0,702.05,2516145
2012-02-10,701.0,712.0,684.3,691.55,2388472
2012-02-13,694.8,708.9,692.15,705.2,1362198
2012-02-14,705.0,720.0,704.0,717.3,2348428
2012-02-15,725.0,750.7,725.0,734.55,4880847
2012-02-16,733.8,736.7,712.6,724.25,2096694
2012-02-17,734.9,752.7,730.0,748.6,3458688
2012-02-21,749.35,769.3,738.25,762.6,2835203
2012-02-22,763.55,766.4,736.0,742.8,2469120
2012-02-23,738.0,745.25,718.0,723.5,2196946
2012-02-24,730.0,739.35,720.1,729.95,1497133
2012-02-27,733.0,733.0,691.2,696.65,1469157
2012-02-28,701.75,711.0,697.5,704.1,2212173
2012-02-29,710.0,717.9,689.0,709.85,1607425
2012-03-01,703.2,708.9,668.75,681.75,3217975
2012-03-02,683.85,689.05,674.2,679.95,3302592
2012-03-05,675.0,683.8,668.65,675.3,2729795
2012-03-06,675.0,691.9,671.0,681.15,2287038
2012-03-07,680.0,682.25,667.25,674.9,2392163
2012-03-09,684.8,684.9,661.0,676.95,2811782
2012-03-12,685.0,685.3,661.5,663.8,2436810
2012-03-13,666.55,668.3,652.55,657.1,2896811
2012-03-14,663.15,682.1,660.3,668.95,3319215
2012-03-15,669.8,669.8,655.75,657.55,1589658
2012-03-16,654.8,697.6,650.0,677.95,6267624
2012-03-19,684.0,697.85,683.2,691.0,3870178
2012-03-20,688.0,698.8,680.4,686.7,3017617
2012-03-21,684.9,701.9,683.8,699.6,1625711
2012-03-22,697.4,705.6,679.0,686.0,3125841
2012-03-23,686.0,695.0,674.85,687.75,1426524
2012-03-26,684.05,688.0,674.1,681.45,2030725
2012-03-27,693.0,693.0,677.55,684.9,1610649
2012-03-28,681.1,693.6,677.05,681.25,1493650
2012-03-29,675.0,683.5,672.5,679.45,2083810
2012-03-30,681.0,705.0,677.0,700.2,1447774
2012-04-02,707.65,713.9,698.05,710.65,1440147
2012-04-03,714.2,715.3,703.05,706.6,956013
2012-04-04,701.0,704.95,694.0,697.8,915396
2012-04-09,692.0,696.6,681.1,683.6,546089
2012-04-10,687.5,695.7,682.0,694.3,922650
2012-04-11,690.0,701.0,686.7,694.45,1713129
2012-04-12,692.6,701.7,690.0,695.35,966248
2012-04-13,698.0,710.75,690.05,691.85,1160694
2012-04-16,689.0,691.8,680.2,686.05,841995
2012-04-17,683.0,692.0,678.6,684.4,1451251
2012-04-18,687.0,694.5,686.25,692.2,1163804
2012-04-19,698.9,709.5,692.5,706.55,1416174
2012-04-20,705.0,729.35,704.75,726.45,3107534
2012-04-23,725.0,733.8,708.05,714.6,1632455
2012-04-24,714.1,719.55,698.65,716.75,1595634
2012-04-25,710.5,715.75,700.2,703.3,881094
2012-04-26,708.8,713.8,700.1,703.85,2036299
2012-04-27,705.5,722.0,705.5,712.65,1415986
2012-04-30,718.7,721.65,702.3,710.05,1469884
2012-05-02,715.0,720.95,711.2,715.5,1753553
2012-05-03,711.8,715.0,701.4,705.65,855005
2012-05-04,698.75,702.45,681.7,687.05,2053454
2012-05-07,680.0,699.0,669.05,690.0,2115905
2012-05-08,694.5,699.0,674.15,676.65,932757
2012-05-09,668.2,672.6,648.0,655.3,1554542
2012-05-10,653.6,677.0,653.05,660.75,2118066
2012-05-11,654.0,662.0,642.0,655.05,1761076
2012-05-14,656.0,669.9,654.6,656.9,1186059
2012-05-15,650.25,659.8,648.45,654.9,1117243
2012-05-16,640.0,659.0,639.85,656.45,1457121
2012-05-17,661.8,664.5,633.15,636.65,1321515
2012-05-18,628.0,649.45,621.1,641.45,1154976
2012-05-21,636.25,653.9,636.25,647.3,429136
2012-05-22,651.15,656.0,635.4,638.45,734090
2012-05-23,638.45,648.2,633.95,644.65,1734558
2012-05-24,648.5,656.8,634.1,652.7,1476621
2012-05-25,650.0,651.4,636.0,638.3,1087946
2012-05-28,640.35,656.0,640.35,653.9,787337
2012-05-29,656.55,660.7,652.3,655.35,883271
2012-05-30,655.0,662.8,647.5,657.5,2510679
2012-05-31,654.6,657.5,648.05,652.6,2201367
2012-06-01,650.0,654.8,639.0,645.15,2239760
2012-06-04,639.9,650.5,636.25,649.85,808379
2012-06-05,652.0,657.9,650.0,654.75,779737
2012-06-06,660.05,676.0,656.6,674.55,1537228
2012-06-07,675.65,691.85,666.0,688.55,1338212
2012-06-08,694.0,694.0,676.8,688.7,1263111
2012-06-11,693.0,696.25,675.9,679.5,731648
2012-06-12,675.0,699.55,674.3,695.55,709231
2012-06-13,690.1,691.25,675.45,683.4,1473721
2012-06-14,684.8,694.0,677.6,680.4,908063
2012-06-15,686.0,700.9,683.1,698.45,1827078
2012-06-18,703.0,709.9,684.25,693.15,1054714
2012-06-19,691.0,700.0,690.05,695.6,913813
2012-06-20,699.0,702.35,692.5,694.15,907487
2012-06-21,689.15,697.0,682.8,694.9,953966
2012-06-22,688.0,703.8,688.0,697.8,909295
2012-06-25,701.4,707.5,686.2,689.05,977185
2012-06-26,688.0,697.0,686.2,692.9,541159
2012-06-27,697.0,700.9,685.35,692.6,695201
2012-06-28,697.0,701.55,685.0,691.6,1548984
2012-06-29,700.0,712.8,699.2,707.25,1342776
2012-07-02,709.0,718.0,701.1,714.9,1208212
2012-07-03,719.0,721.75,713.0,717.9,752593
2012-07-04,720.0,727.7,716.35,718.55,1375696
2012-07-05,717.0,726.0,716.4,722.05,912743
2012-07-06,722.05,733.5,722.05,731.55,1879707
2012-07-09,728.4,736.95,726.5,729.95,1696902
2012-07-10,730.0,737.0,730.0,733.5,1477163
2012-07-11,728.9,738.95,728.0,730.55,1884419
2012-07-12,720.0,723.75,716.0,718.55,1575505
2012-07-13,718.55,725.0,716.6,719.85,634728
2012-07-16,720.0,728.0,716.15,717.7,981620
2012-07-17,721.05,725.15,703.2,708.1,781138
2012-07-18,710.95,712.9,694.0,708.7,790467
2012-07-19,715.0,717.95,706.55,710.15,861542
2012-07-20,707.0,712.3,700.0,703.15,417031
2012-07-23,698.0,706.0,691.0,692.05,450166
2012-07-24,693.5,699.55,683.0,686.0,532132
2012-07-25,686.0,687.2,675.1,681.6,471167
2012-07-26,686.9,686.9,678.25,682.0,1151116
2012-07-27,695.8,695.9,681.85,687.45,911984
2012-07-30,690.5,709.0,688.35,706.55,889927
2012-07-31,705.25,712.0,690.15,700.85,1568169
2012-08-01,704.5,709.85,694.0,698.95,954476
2012-08-02,695.0,698.25,690.1,695.6,491660
2012-08-03,691.0,691.15,680.75,684.8,627722
2012-08-06,691.3,696.8,687.2,695.1,664669
2012-08-07,696.25,700.6,691.0,697.05,1050284
2012-08-08,700.5,728.4,699.9,722.7,2843435
2012-08-09,728.9,752.4,728.5,743.05,2391661
2012-08-10,742.0,744.5,733.6,739.55,839663
2012-08-13,738.0,741.5,730.0,739.8,680960
2012-08-14,735.25,751.5,735.25,748.5,669741
2012-08-16,748.0,769.0,748.0,765.3,1414480
2012-08-17,766.0,778.5,760.1,769.35,980832
2012-08-21,770.0,787.9,765.9,785.55,753285
2012-08-22,781.9,791.5,780.05,786.0,522182
2012-08-23,787.0,789.85,769.0,771.05,629573
2012-08-24,765.0,765.0,754.25,761.95,1137656
2012-08-27,765.0,778.05,765.0,773.5,754364
2012-08-28,773.1,778.0,765.0,771.05,524451
2012-08-29,772.0,776.8,761.25,771.8,654966
2012-08-30,769.0,782.45,764.1,772.0,1914367
2012-08-31,768.25,774.65,758.7,763.15,734251
2012-09-03,768.95,774.65,753.65,757.25,672856
2012-09-04,756.8,766.3,751.0,761.65,622956
2012-09-05,758.3,762.4,747.2,755.15,484082
2012-09-06,750.5,762.3,742.35,759.1,827103
2012-09-07,769.9,774.25,761.0,763.8,905987
2012-09-10,764.0,774.6,759.5,766.45,582442
2012-09-11,760.1,766.0,757.1,762.4,723793
2012-09-12,766.0,767.9,757.6,762.95,673526
2012-09-13,760.2,762.5,752.0,755.75,544505
2012-09-14,760.0,787.6,760.0,777.2,1896130
2012-09-17,789.8,795.45,777.3,792.0,1650273
2012-09-18,789.95,807.0,789.85,798.25,1728950
2012-09-20,786.25,802.55,780.95,784.6,1333046
2012-09-21,793.85,823.8,790.5,808.9,3034929
2012-09-24,812.0,844.3,812.0,839.1,2170709
2012-09-25,842.3,852.45,831.0,846.05,1527430
2012-09-26,843.25,859.7,837.85,849.8,2246712
2012-09-27,851.9,869.95,845.0,852.2,2943239
2012-09-28,853.75,872.5,853.75,864.7,1916212
2012-10-01,864.0,872.0,858.6,863.65,1358396
2012-10-03,865.7,876.85,863.9,869.9,1336954
2012-10-04,872.0,876.45,854.05,858.45,949315
2012-10-05,861.0,880.0,701.0,869.0,2396436
2012-10-08,869.0,871.2,860.15,865.7,833457
2012-10-09,870.0,875.55,862.85,869.2,882968
2012-10-10,861.0,865.3,849.0,851.75,664358
2012-10-11,853.0,857.8,842.85,850.35,1006237
2012-10-12,850.0,862.0,850.0,854.2,486523
2012-10-15,856.0,863.0,851.55,858.0,671713
2012-10-16,860.0,865.7,823.0,825.45,1492002
2012-10-17,833.8,834.1,819.0,826.65,1918361
2012-10-18,830.25,840.55,823.5,837.1,1217988
2012-10-19,838.0,838.1,821.0,823.75,956898
2012-10-22,821.75,839.55,819.1,834.6,1123892
2012-10-23,839.0,839.05,824.4,828.6,699764
2012-10-25,832.75,863.35,828.65,857.9,3340598
2012-10-26,859.0,884.8,859.0,880.9,2316150
2012-10-29,882.9,899.7,882.9,888.85,1335958
2012-10-30,892.45,899.0,867.4,873.65,1210803
2012-10-31,876.0,889.0,876.0,884.45,1109566
2012-11-01,887.0,903.9,879.5,899.8,1354111
2012-11-02,909.9,921.0,906.35,917.45,1726927
2012-11-05,918.0,919.9,906.4,910.5,542823
2012-11-06,906.0,920.9,903.2,914.95,713761
2012-11-07,915.0,928.0,912.0,919.6,919132
2012-11-08,910.15,923.5,908.2,914.1,684201
2012-11-09,914.1,923.9,906.6,909.4,513328
2012-11-12,913.0,917.6,900.05,905.6,595382
2012-11-13,904.0,909.5,902.0,906.75,125793
2012-11-15,902.0,905.1,890.15,901.65,775415
2012-11-16,898.0,911.7,891.1,894.45,790349
2012-11-19,895.0,913.4,895.0,908.8,1298564
2012-11-20,912.7,942.4,912.7,938.5,2540040
2012-11-21,942.8,950.9,936.15,944.05,1602032
2012-11-22,946.1,959.0,939.7,955.35,1230032
2012-11-23,955.25,957.55,947.4,954.05,630591
2012-11-26,957.7,960.65,920.05,922.05,2063644
2012-11-27,928.25,937.0,922.5,928.35,1591855
2012-11-29,929.0,942.95,922.15,933.9,2394531
2012-11-30,934.0,951.0,925.0,947.0,1483203
2012-12-03,949.9,965.5,948.95,957.65,1253871
2012-12-04,954.0,957.0,936.7,938.7,700846
2012-12-05,941.25,946.9,928.3,930.1,1029022
2012-12-06,934.5,938.0,913.9,928.85,1583754
2012-12-07,930.5,949.4,930.5,939.2,1317299
2012-12-10,942.0,942.0,923.7,929.3,711227
2012-12-11,930.05,934.8,923.6,929.75,936787
2012-12-12,932.35,954.3,932.35,949.5,2944617
2012-12-13,950.05,956.8,937.1,942.35,1083107
2012-12-14,940.0,954.9,940.0,952.1,1197663
2012-12-17,940.0,967.55,940.0,960.25,1467945
2012-12-18,966.5,973.5,963.1,967.2,1392892
2012-12-19,975.0,976.0,964.0,968.0,835806
2012-12-20,971.0,971.0,948.1,953.15,678579
2012-12-21,951.0,952.0,934.35,937.55,622306
2012-12-24,946.0,948.1,935.0,937.65,626621
2012-12-26,937.7,950.0,937.7,944.65,428154
2012-12-27,944.7,951.7,925.1,930.35,1206964
2012-12-28,935.0,938.0,920.1,924.6,643237
2012-12-31,924.0,934.35,924.0,931.65,427311
2013-01-01,937.0,944.0,934.9,941.8,385110
2013-01-02,945.0,947.85,933.5,938.6,1030136
2013-01-03,943.0,943.0,932.1,936.4,951452
2013-01-04,932.65,943.7,929.35,941.25,957108
2013-01-07,947.8,957.75,939.95,954.15,1261956
2013-01-08,957.0,963.45,952.3,958.3,884601
2013-01-09,958.0,974.8,956.95,964.45,1177010
2013-01-10,969.8,974.0,953.9,961.3,759468
2013-01-11,963.3,965.0,929.85,937.9,974769
2013-01-14,935.55,948.5,931.05,935.0,626416
2013-01-15,942.4,946.25,927.4,929.3,1292411
2013-01-16,930.1,931.0,898.0,900.7,1174661
2013-01-17,900.25,909.0,892.0,900.95,1200121
2013-01-18,904.25,905.0,866.65,886.0,2964557
2013-01-21,886.1,890.1,871.2,882.1,863338
2013-01-22,880.0,895.75,880.0,883.65,732310
2013-01-23,884.05,894.3,875.45,881.95,926678
2013-01-24,881.85,884.9,851.0,877.3,1136048
2013-01-25,880.0,904.4,867.5,901.5,1313393
2013-01-28,903.05,918.8,899.0,904.9,1327370
2013-01-29,905.0,910.0,895.0,898.6,1503832
2013-01-30,902.25,903.85,886.0,894.5,709330
2013-01-31,894.0,900.05,885.15,889.25,1139362
2013-02-01,887.05,899.6,881.2,886.1,699338
2013-02-04,888.25,890.0,879.0,883.9,955508
2013-02-05,876.35,891.9,875.3,887.1,699317
2013-02-06,889.25,893.5,879.35,885.15,1101810
2013-02-07,882.25,899.0,882.25,896.6,885119
2013-02-08,900.0,906.5,876.45,884.6,3187279
2013-02-11,890.0,891.95,877.05,882.5,1070484
2013-02-12,881.25,887.05,877.5,884.5,595673
2013-02-13,885.9,901.9,883.25,897.0,901009
2013-02-14,898.9,905.0,892.55,900.8,1646977
2013-02-15,897.2,903.75,887.05,897.95,1635794
2013-02-18,895.05,900.0,890.0,892.35,799300
2013-02-19,892.0,900.0,892.0,899.2,657982
2013-02-20,905.05,910.85,895.8,898.5,1502836
2013-02-21,894.0,898.0,883.1,885.7,1902256
2013-02-22,885.25,899.0,874.5,895.25,1463185
2013-02-25,897.0,899.0,887.4,894.8,1157766
2013-02-26,893.0,893.0,859.25,865.75,1051249
2013-02-27,867.0,899.0,850.0,892.8,1853353
2013-02-28,895.25,903.0,866.0,873.7,4250709
2013-03-01,873.0,892.25,862.25,887.1,2885915
2013-03-04,883.2,890.0,874.0,885.5,2985276
2013-03-05,885.2,909.1,880.45,897.55,1893918
2013-03-06,896.5,898.6,873.55,878.0,1788487
2013-03-07,871.0,892.6,869.3,885.6,1920684
2013-03-08,894.7,906.85,890.0,904.2,1233142
2013-03-11,905.9,921.9,895.15,912.85,1469585
2013-03-12,915.0,929.95,913.4,916.85,1989554
2013-03-13,913.55,916.0,906.2,910.55,519718
2013-03-14,909.1,922.85,893.0,914.3,997064
2013-03-15,915.55,932.3,915.55,927.75,2032384
2013-03-18,919.9,926.6,909.0,913.55,797190
2013-03-19,920.0,920.0,874.4,878.35,1788916
2013-03-20,877.2,883.25,862.25,873.4,1096021
2013-03-21,875.0,896.4,857.3,880.65,1550113
2013-03-22,891.0,894.75,866.15,873.35,845955
2013-03-25,877.5,880.0,860.5,864.45,862306
2013-03-26,860.25,873.0,853.55,863.25,1113281
2013-03-28,866.25,869.9,840.1,861.3,1828035
2013-04-01,863.0,866.8,847.6,857.1,567510
2013-04-02,862.0,865.4,850.0,862.0,681351
2013-04-03,861.0,862.25,841.25,843.9,1047633
2013-04-04,839.1,857.0,838.0,848.35,1182138
2013-04-05,845.3,854.05,831.5,837.9,1163710
2013-04-08,842.0,849.2,835.25,839.95,397927
2013-04-09,844.0,851.85,835.0,839.3,781849
2013-04-10,842.0,843.0,826.3,837.0,465939
2013-04-11,833.3,837.0,820.25,832.1,802823
2013-04-12,825.0,841.45,816.05,823.35,1294887
2013-04-15,817.6,823.65,808.95,812.95,1420023
2013-04-16,814.0,848.6,809.55,844.85,1789260
2013-04-17,845.0,889.9,845.0,880.9,2994935
2013-04-18,878.1,913.45,870.25,903.9,1838946
2013-04-22,909.2,914.0,882.6,892.25,1051632
2013-04-23,898.8,898.8,877.9,885.35,675212
2013-04-25,890.0,919.0,880.4,909.1,1718720
2013-04-26,905.0,905.95,881.4,889.75,1296822
2013-04-29,895.0,905.75,891.2,902.2,959123
2013-04-30,902.35,931.75,881.0,924.1,1240925
2013-05-02,913.9,968.8,912.4,953.6,2259766
2013-05-03,952.5,973.7,939.4,961.0,1712247
2013-05-06,955.1,974.8,955.1,966.45,878197
2013-05-07,961.15,966.45,948.0,959.1,1125350
2013-05-08,963.25,964.0,941.35,946.4,1001732
2013-05-09,944.55,961.3,938.35,947.9,999986
2013-05-10,946.25,977.6,946.25,970.2,1794614
2013-05-13,964.0,972.0,950.2,956.35,615835
2013-05-14,955.25,962.55,946.9,950.8,574006
2013-05-15,953.25,993.0,950.4,983.75,1400669
2013-05-16,980.0,997.0,972.1,985.4,1023357
2013-05-17,980.1,994.45,979.9,987.3,652895
2013-05-20,984.6,1026.0,984.0,1002.0,1452124
2013-05-21,1002.0,1002.0,980.95,987.75,654143
2013-05-22,992.5,1004.95,982.5,990.1,684070
2013-05-23,975.5,984.5,950.3,959.15,689850
2013-05-24,965.1,979.95,952.1,968.1,674679
2013-05-27,966.15,966.5,942.65,951.9,623554
2013-05-28,952.0,976.95,932.6,972.85,1258509
2013-05-29,976.5,979.4,956.1,961.05,543121
2013-05-30,955.35,1008.85,955.35,1004.65,2767419
2013-05-31,1004.6,1008.35,960.2,967.55,2337533
2013-06-03,958.25,989.0,945.7,973.8,2390567
2013-06-04,978.0,997.5,974.0,987.2,1159822
2013-06-05,985.0,998.0,976.9,986.55,947403
2013-06-06,982.0,999.0,972.25,991.2,888471
2013-06-07,991.2,996.5,961.0,966.35,698844
2013-06-10,976.1,984.7,971.05,976.35,920883
2013-06-11,967.1,968.15,936.55,946.9,936220
2013-06-12,947.0,963.6,925.75,947.3,867102
2013-06-13,951.0,951.0,913.2,923.85,800402
2013-06-14,933.0,954.9,926.4,949.0,998663
2013-06-17,965.0,1000.75,959.0,989.35,1627131
2013-06-18,993.0,999.75,980.15,983.75,1034334
2013-06-19,981.6,986.85,972.0,979.9,532503
2013-06-20,966.0,966.0,935.75,942.9,1411242
2013-06-21,937.5,954.5,923.2,939.65,1175613
2013-06-24,936.6,942.0,915.2,926.95,749323
2013-06-25,930.0,960.0,925.1,956.8,797427
2013-06-26,952.25,959.0,904.0,911.15,1999135
2013-06-27,923.0,950.35,922.25,933.65,2091292
2013-06-28,939.65,975.95,939.65,970.6,1642402
2013-07-01,965.0,989.9,950.4,986.75,1198369
2013-07-02,980.0,994.3,970.1,978.9,819805
2013-07-03,969.0,985.95,962.7,980.05,907479
2013-07-04,984.9,988.7,973.1,982.05,756606
2013-07-05,986.2,989.3,965.2,971.65,1019069
2013-07-08,961.65,963.7,940.1,947.7,735121
2013-07-09,951.1,959.85,934.25,938.1,1118851
2013-07-10,940.1,948.0,907.0,912.55,1194506
2013-07-11,925.0,929.95,915.05,917.8,1657911
2013-07-12,921.25,925.0,895.0,907.25,1880592
2013-07-15,906.9,931.9,906.0,928.2,1009048
2013-07-16,909.1,924.0,906.5,913.5,1178110
2013-07-17,924.1,934.65,876.6,893.15,1812534
2013-07-18,889.0,890.5,862.4,874.75,2017468
2013-07-19,875.65,899.0,869.0,879.25,1622288
2013-07-22,875.0,905.0,875.0,902.7,598249
2013-07-23,905.1,925.9,898.95,921.3,1054789
2013-07-24,917.0,918.95,883.05,893.75,890713
2013-07-25,885.0,907.3,875.4,879.95,1133942
2013-07-26,881.25,897.8,881.25,894.85,870981
2013-07-29,886.1,904.45,886.1,897.75,801882
2013-07-30,896.0,904.95,891.0,896.85,1295020
2013-07-31,888.0,916.25,888.0,911.4,1393820
2013-08-01,912.1,923.15,867.05,871.5,1327069
2013-08-02,877.0,878.0,849.95,854.75,1807861
2013-08-05,856.1,879.9,856.0,864.6,896013
2013-08-06,856.65,867.95,848.55,854.15,964949
2013-08-07,856.0,858.0,837.1,842.6,1508067
2013-08-08,850.0,870.85,846.2,863.7,885923
2013-08-12,867.5,875.0,854.0,861.25,815845
2013-08-13,870.2,898.4,866.25,873.75,3656053
2013-08-14,875.0,885.0,864.1,873.45,2564719
2013-08-16,873.0,873.0,828.95,840.1,3655061
2013-08-19,845.0,845.0,786.25,810.25,2737275
2013-08-20,798.0,804.0,777.6,791.5,1225879
2013-08-21,808.0,815.6,775.0,783.95,2023321
2013-08-22,775.2,801.4,749.55,793.2,2957393
2013-08-23,791.0,819.7,785.55,813.8,1193548
2013-08-26,820.0,821.75,797.5,807.9,1091055
2013-08-27,800.0,804.5,784.0,789.4,2127921
2013-08-28,780.0,785.55,740.15,775.9,1951930
2013-08-29,774.0,804.95,766.65,794.25,1616597
2013-09-03,768.0,774.8,760.0,768.05,1460337
2013-09-04,768.95,788.9,760.9,780.35,1114197
2013-09-05,792.0,798.25,773.6,777.05,1957407
2013-09-06,780.0,785.05,747.2,769.45,2411212
2013-09-10,778.8,816.8,766.55,812.95,1924598
2013-09-11,817.0,835.0,805.1,827.35,1306275
2013-09-12,835.9,835.9,797.8,812.85,1341549
2013-09-13,814.9,835.0,811.4,830.3,1229843
2013-09-16,840.0,863.3,829.5,837.0,2269163
2013-09-17,834.0,850.6,826.7,844.4,748846
2013-09-18,849.8,849.8,828.2,841.8,1115366
2013-09-19,862.0,892.0,860.15,867.55,2244149
2013-09-20,868.0,885.0,832.55,874.2,1520999
2013-09-23,868.8,870.0,851.45,860.9,871494
2013-09-24,857.0,882.0,851.4,871.5,1032335
2013-09-25,875.0,878.0,833.05,850.1,1345994
2013-09-26,847.0,864.8,845.0,852.1,1282166
2013-09-27,858.0,858.0,839.0,844.0,855838
2013-09-30,841.0,845.0,815.0,827.45,1476795
2013-10-01,834.5,846.5,821.35,831.8,1433454
2013-10-03,833.25,861.0,833.25,851.8,1516736
2013-10-04,851.8,871.4,851.0,858.8,1532079
2013-10-07,864.5,870.0,847.2,865.0,779247
2013-10-08,865.0,874.3,858.0,863.15,668002
2013-10-09,857.0,859.7,843.0,851.0,1190315
2013-10-10,851.2,869.0,851.2,867.2,889141
2013-10-11,875.0,887.5,865.55,872.5,1382241
2013-10-14,873.0,882.45,862.0,865.25,824719
2013-10-15,867.0,881.25,859.25,867.6,1204416
2013-10-17,871.7,876.8,861.0,865.25,1070909
2013-10-18,868.6,888.0,868.6,882.7,1424600
2013-10-21,880.0,895.0,872.05,887.7,1117203
2013-10-22,893.75,894.9,874.0,875.7,872440
2013-10-23,876.7,884.75,860.2,865.85,643727
2013-10-24,866.2,893.8,863.35,889.35,1230842
2013-10-25,882.25,884.3,865.0,867.75,1110914
2013-10-28,871.6,883.65,856.15,868.9,1087032
2013-10-29,874.0,903.0,861.1,900.7,1278135
2013-10-30,904.8,907.8,878.7,895.85,1282061
2013-10-31,895.0,896.95,875.7,887.85,1406218
2013-11-01,885.2,928.0,879.65,925.3,2959129
2013-11-05,915.0,922.75,902.0,906.65,1026415
2013-11-06,908.05,911.7,895.0,899.4,611328
2013-11-07,898.0,916.7,894.05,898.0,983354
2013-11-08,897.0,898.0,872.65,878.6,480159
2013-11-11,878.0,887.95,840.0,869.95,724878
2013-11-12,875.7,884.2,864.15,879.9,1383234
2013-11-13,876.0,900.0,875.0,895.35,2110595
2013-11-14,910.0,928.95,906.5,925.15,1820946
2013-11-18,930.0,948.0,915.0,944.8,1296012
2013-11-19,945.0,951.95,938.0,947.5,948109
2013-11-20,945.0,958.65,935.05,941.95,1768502
2013-11-21,941.0,947.8,931.0,934.45,1028596
2013-11-22,938.0,946.75,929.1,936.55,799136
2013-11-25,949.0,949.0,933.2,943.15,800892
2013-11-26,943.1,953.0,938.1,945.2,736958
2013-11-27,945.0,948.0,936.0,941.5,1054915
2013-11-28,947.0,964.7,946.0,958.85,1022383
2013-11-29,962.0,965.1,942.15,945.25,655756
2013-12-02,939.0,963.45,932.5,960.2,1013357
2013-12-03,950.25,959.75,943.1,949.25,631248
2013-12-04,946.2,953.7,940.0,943.8,590736
2013-12-05,959.9,959.9,938.75,944.35,695092
2013-12-06,942.2,957.45,942.2,945.3,552858
2013-12-09,965.0,977.7,953.45,967.0,1205775
2013-12-10,967.15,971.7,947.9,953.0,874612
2013-12-11,948.0,958.9,941.6,949.9,547273
2013-12-12,945.0,952.05,940.0,941.8,1065272
2013-12-13,941.9,954.3,931.05,950.55,742666
2013-12-16,952.0,952.0,923.0,926.6,520542
2013-12-17,927.0,940.0,926.6,931.75,432864
2013-12-18,931.7,952.45,926.9,948.15,493358
2013-12-19,951.0,955.7,926.4,938.9,1050928
2013-12-20,937.0,972.0,929.5,969.8,1057245
2013-12-23,972.0,979.1,960.85,965.45,548032
2013-12-24,965.0,975.0,960.65,963.5,277245
2013-12-26,964.05,969.8,955.75,960.85,820874
2013-12-27,960.0,971.9,951.1,967.15,770936
2013-12-30,968.1,972.6,942.3,948.4,888987
2013-12-31,955.0,958.0,939.5,944.2,427185
2014-01-01,948.0,953.0,942.5,948.0,311759
2014-01-02,944.0,959.0,930.0,936.1,503776
2014-01-03,928.0,934.0,897.5,900.25,1045971
2014-01-06,903.7,904.9,887.4,895.4,638053
2014-01-07,896.0,908.05,890.1,903.1,899197
2014-01-08,908.0,914.9,899.05,908.6,588184
2014-01-09,910.0,917.45,890.0,894.35,459440
2014-01-10,894.0,896.0,864.8,874.55,896627
2014-01-13,873.0,891.05,873.0,888.25,507675
2014-01-14,883.0,900.85,882.65,891.05,671699
2014-01-15,891.5,907.0,886.95,904.9,824994
2014-01-16,905.5,906.1,888.35,892.65,826060
2014-01-17,891.0,905.4,891.0,899.55,916751
2014-01-20,891.0,913.25,891.0,906.75,508424
2014-01-21,906.0,921.75,898.0,903.6,519638
2014-01-22,898.15,918.0,898.15,916.45,955815
2014-01-23,916.45,917.0,886.7,890.1,1047415
2014-01-24,882.5,892.5,874.0,884.8,1991029
2014-01-27,861.2,875.0,858.25,866.85,1304447
2014-01-28,865.0,880.0,863.05,875.1,1129327
2014-01-29,878.95,886.55,859.0,861.95,784718
2014-01-30,859.0,878.0,849.95,867.9,774710
2014-01-31,874.0,898.6,869.05,890.2,942208
2014-02-03,882.2,891.6,867.0,884.85,990012
2014-02-04,875.0,876.0,846.6,853.75,1822968
2014-02-05,857.0,881.0,856.0,878.35,917994
2014-02-06,875.5,899.7,866.9,896.95,1110998
2014-02-07,902.55,903.0,886.45,895.55,721608
2014-02-10,895.25,902.5,887.0,894.2,790281
2014-02-11,898.1,902.3,887.0,897.05,696770
2014-02-12,897.7,900.85,889.95,895.5,438370
2014-02-13,895.0,911.0,895.0,906.65,804727
2014-02-14,907.0,913.7,886.65,904.4,1268648
2014-02-17,904.95,935.7,897.3,928.1,1121503
2014-02-18,935.0,939.9,924.5,935.15,1021824
2014-02-19,936.0,947.3,935.95,943.2,891891
2014-02-20,936.15,941.6,927.1,929.95,825663
2014-02-21,930.3,939.0,922.85,930.0,467313
2014-02-24,930.0,946.0,928.05,944.1,391298
2014-02-25,945.9,949.3,935.55,943.9,955190
2014-02-26,943.0,970.0,936.45,964.7,854094
2014-02-28,965.0,978.9,949.0,974.5,953836
2014-03-03,972.7,977.95,950.0,952.25,534471
2014-03-04,950.1,965.35,944.6,955.8,575424
2014-03-05,957.5,958.75,940.2,948.55,609756
2014-03-06,950.3,961.0,948.55,955.35,958756
2014-03-07,960.0,991.95,951.55,983.55,1001714
2014-03-10,979.3,1021.0,975.0,1015.85,1234628
2014-03-11,1012.0,1021.85,984.1,994.5,767406
2014-03-12,989.4,998.0,983.3,991.25,1633533
2014-03-13,1001.9,1025.0,994.35,1016.05,1215049
2014-03-14,1012.9,1035.5,996.0,1027.0,1237442
2014-03-18,1028.45,1054.9,1005.05,1009.6,1271369
2014-03-19,1011.0,1021.9,978.0,980.45,2025079
2014-03-20,982.9,992.0,972.25,978.3,753676
2014-03-21,985.0,990.0,965.5,970.45,1073949
2014-03-24,980.0,995.0,976.45,987.8,1091726
2014-03-25,987.0,995.0,971.0,973.4,757147
2014-03-26,980.0,983.3,952.05,958.95,1213646
2014-03-27,960.0,975.0,958.65,964.85,2217504
2014-03-28,969.0,973.0,955.5,968.25,1562397
2014-03-31,972.3,985.0,966.0,980.7,1665520
2014-04-01,985.0,1003.35,980.7,1000.15,1075558
2014-04-02,1006.5,1009.0,992.0,1002.0,1105540
2014-04-03,1004.7,1011.0,989.55,1007.2,643179
2014-04-04,1006.0,1006.0,991.15,999.0,678999
2014-04-07,1000.0,1018.35,1000.0,1014.1,899498
2014-04-09,1018.0,1025.0,1011.55,1023.15,980468
2014-04-10,1019.0,1027.6,996.2,1021.15,929301
2014-04-11,1012.1,1019.0,1000.0,1005.5,610992
2014-04-15,996.5,1005.7,975.6,984.7,852330
2014-04-16,985.0,993.3,965.05,976.55,1162213
2014-04-17,980.0,1000.0,978.25,996.95,671953
2014-04-21,1000.0,1039.9,991.4,1033.15,1506204
2014-04-22,1035.0,1046.0,1021.0,1026.4,731931
2014-04-23,1026.65,1042.0,1023.75,1039.15,1211192
2014-04-25,1038.0,1080.9,1032.05,1070.7,1321499
2014-04-28,1065.0,1074.0,1056.9,1067.0,913827
2014-04-29,1067.0,1083.0,1061.6,1068.0,855403
2014-04-30,1070.0,1091.95,1062.1,1074.2,1355176
2014-05-02,1059.0,1061.65,1045.1,1057.85,798421
2014-05-05,1050.0,1072.45,1050.0,1059.6,617292
2014-05-06,1062.5,1069.0,1056.3,1065.5,328008
2014-05-07,1066.0,1073.0,1060.0,1061.95,411121
2014-05-08,1065.0,1073.65,1057.1,1064.15,489585
2014-05-09,1070.0,1110.0,1061.05,1102.55,858295
2014-05-12,1101.0,1139.75,1100.0,1129.75,811004
2014-05-13,1141.0,1177.3,1106.2,1122.9,790272
2014-05-14,1105.0,1111.65,1073.75,1085.45,10204162
2014-05-15,1080.0,1113.4,1079.5,1104.55,1056404
2014-05-16,1120.0,1183.9,1102.4,1114.7,1676026
2014-05-19,1139.9,1139.9,1076.8,1099.6,1095507
2014-05-20,1101.0,1152.25,1076.3,1136.45,1029777
2014-05-21,1127.0,1163.3,1122.1,1150.3,896177
2014-05-22,1154.7,1172.0,1125.55,1137.6,831455
2014-05-23,1133.0,1165.9,1133.0,1159.3,996854
2014-05-26,1173.9,1253.75,1170.0,1229.15,2270149
2014-05-27,1240.15,1240.15,1173.75,1198.0,812712
2014-05-28,1200.0,1207.0,1156.1,1161.6,1177751
2014-05-29,1165.0,1184.0,1164.35,1176.95,1198529
2014-05-30,1189.0,1278.7,1150.0,1235.5,4215542
2014-06-02,1235.0,1269.5,1198.0,1239.25,1078154
2014-06-03,1240.5,1242.0,1218.5,1230.75,1040600
2014-06-04,1231.1,1248.0,1203.0,1219.85,849936
2014-06-05,1215.0,1217.4,1192.25,1202.7,1087425
2014-06-06,1207.0,1239.8,1195.25,1232.8,1268918
2014-06-09,1240.0,1240.0,1206.25,1224.0,987987
2014-06-10,1229.0,1239.9,1204.5,1233.15,852952
2014-06-11,1230.0,1239.0,1212.0,1227.1,738527
2014-06-12,1217.4,1232.4,1205.3,1229.0,511769
2014-06-13,1232.0,1255.0,1211.35,1228.85,1135999
2014-06-16,1223.3,1228.7,1190.0,1198.0,968712
2014-06-17,1194.7,1194.7,1168.2,1180.95,1234682
2014-06-18,1189.0,1191.85,1151.0,1160.3,925727
2014-06-19,1166.0,1184.95,1159.15,1176.1,518181
2014-06-20,1176.15,1177.75,1138.0,1143.95,741781
2014-06-23,1149.5,1168.9,1144.0,1161.2,922624
2014-06-24,1160.5,1183.0,1160.0,1167.05,534625
2014-06-25,1166.5,1195.65,1158.0,1179.45,569241
2014-06-26,1195.0,1195.0,1167.65,1175.9,1263102
2014-06-27,1176.0,1176.2,1149.95,1153.5,1016909
2014-06-30,1151.6,1163.0,1143.95,1147.2,1312636
2014-07-01,1150.0,1197.9,1150.0,1194.3,972243
2014-07-02,1198.0,1228.35,1184.1,1219.75,1006010
2014-07-03,1219.65,1247.0,1219.0,1235.55,891528
2014-07-04,1235.0,1235.0,1209.5,1230.05,533980
2014-07-07,1239.9,1246.8,1225.0,1239.55,694005
2014-07-08,1251.0,1252.15,1207.0,1214.5,721630
2014-07-09,1215.0,1215.0,1152.0,1178.55,1230674
2014-07-10,1171.1,1201.5,1152.0,1165.55,1316703
2014-07-11,1164.4,1173.0,1129.45,1164.35,1064771
2014-07-14,1163.15,1178.85,1156.3,1166.95,911791
2014-07-15,1173.0,1204.7,1173.0,1200.3,800405
2014-07-16,1204.0,1225.6,1198.0,1222.05,1270503
2014-07-17,1183.0,1195.9,1166.6,1183.45,2654586
2014-07-18,1178.8,1193.8,1172.0,1183.65,1481186
2014-07-21,1188.0,1196.9,1183.0,1188.65,727398
2014-07-22,1188.65,1194.0,1172.0,1179.5,584951
2014-07-23,1185.0,1201.65,1178.2,1194.75,1246350
2014-07-24,1194.3,1207.6,1187.3,1202.2,958073
2014-07-25,1202.0,1222.0,1202.0,1210.6,818364
2014-07-28,1212.0,1225.0,1191.25,1205.85,668480
2014-07-30,1208.7,1225.0,1203.2,1221.7,1592201
2014-07-31,1222.0,1222.9,1188.5,1201.65,3088109
2014-08-01,1185.3,1191.8,1162.0,1174.15,1376419
2014-08-04,1167.0,1198.0,1167.0,1185.5,1634607
2014-08-05,1186.95,1232.15,1186.95,1230.1,1526501
2014-08-06,1239.7,1249.65,1230.0,1241.15,1351860
2014-08-07,1239.9,1259.0,1225.75,1249.4,590123
2014-08-08,1230.0,1246.4,1201.75,1229.35,1241728
2014-08-11,1240.0,1323.8,1237.2,1308.6,2278535
2014-08-12,1315.0,1321.15,1291.3,1310.1,1403873
2014-08-13,1298.25,1325.0,1297.9,1316.25,1285091
2014-08-14,1316.25,1335.0,1311.65,1321.85,882663
2014-08-18,1318.0,1331.5,1310.05,1326.05,1997382
2014-08-19,1325.95,1380.0,1317.5,1374.1,1361095
2014-08-20,1374.1,1381.8,1354.6,1357.3,526367
2014-08-21,1353.0,1381.0,1353.0,1376.3,806853
2014-08-22,1379.9,1398.0,1363.6,1391.85,788365
2014-08-25,1390.6,1433.7,1380.35,1410.7,582081
2014-08-26,1398.0,1406.0,1387.0,1399.6,604579
2014-08-27,1394.0,1415.0,1390.65,1395.9,529505
2014-08-28,1394.45,1414.0,1386.05,1407.2,1511316
2014-09-01,1410.05,1418.65,1393.0,1403.35,1078879
2014-09-02,1397.0,1419.7,1390.25,1395.6,1184829
2014-09-03,1395.6,1422.4,1386.0,1411.55,1166531
2014-09-04,1411.7,1421.75,1398.35,1410.75,793446
2014-09-05,1406.3,1418.6,1396.25,1408.2,446263
2014-09-08,1419.0,1419.9,1386.5,1394.95,1260522
2014-09-09,1394.95,1411.95,1394.95,1404.0,473158
2014-09-10,1399.1,1399.1,1378.1,1384.9,534592
2014-09-11,1381.0,1386.95,1353.25,1374.1,1317133
2014-09-12,1371.15,1392.6,1366.5,1389.25,978377
2014-09-15,1377.0,1383.1,1364.65,1369.95,443584
2014-09-16,1370.05,1378.65,1360.6,1372.35,1001928
2014-09-17,1379.8,1400.0,1372.2,1380.1,1297656
2014-09-18,1371.0,1395.0,1368.0,1391.5,966250
2014-09-19,1396.0,1402.0,1365.25,1373.55,1186702
2014-09-22,1372.0,1376.0,1352.0,1372.35,846494
2014-09-23,1368.0,1368.0,1335.5,1347.6,1272537
2014-09-24,1346.0,1366.7,1342.95,1357.25,554668
2014-09-25,1361.0,1369.5,1328.4,1353.0,1827995
2014-09-26,1343.65,1399.95,1343.65,1393.45,896234
2014-09-29,1393.7,1398.0,1375.8,1383.25,618028
2014-09-30,1382.7,1390.85,1348.95,1360.8,963970
2014-10-01,1360.0,1396.0,1355.0,1389.65,699845
2014-10-07,1395.0,1399.9,1345.2,1356.4,1286372
2014-10-08,1361.0,1381.8,1356.45,1371.7,592040
2014-10-09,1377.0,1385.9,1355.5,1367.15,511972
2014-10-10,1360.0,1363.3,1314.9,1317.4,616302
2014-10-13,1317.4,1318.5,1262.1,1268.95,1192435
2014-10-14,1285.0,1285.0,1265.1,1274.05,523984
2014-10-16,1275.0,1279.25,1210.35,1219.1,1037880
2014-10-17,1223.0,1268.0,1223.0,1253.75,767573
2014-10-20,1274.6,1280.8,1248.4,1260.7,654163
2014-10-21,1260.0,1260.0,1222.1,1229.05,1037344
2014-10-22,1245.0,1265.0,1230.3,1260.65,1330697
2014-10-23,1271.5,1272.0,1255.0,1263.7,72839
2014-10-27,1272.9,1272.9,1239.8,1256.8,908018
2014-10-28,1256.8,1279.7,1252.3,1277.3,630696
2014-10-29,1288.0,1313.95,1283.3,1298.35,890678
2014-10-30,1296.35,1302.05,1271.0,1287.75,1138585
2014-10-31,1292.4,1323.0,1283.75,1306.2,2021734
2014-11-03,1306.0,1306.0,1258.4,1267.55,1370735
2014-11-05,1271.0,1275.55,1244.15,1256.1,1286876
2014-11-07,1240.6,1254.9,1230.25,1239.1,1364747
2014-11-10,1240.1,1250.95,1222.35,1230.9,908779
2014-11-11,1235.1,1266.0,1232.65,1260.55,1018261
2014-11-12,1268.0,1272.4,1248.4,1253.6,1149005
2014-11-13,1260.6,1263.2,1240.0,1255.2,971831
2014-11-14,1250.0,1259.4,1245.0,1255.85,445915
2014-11-17,1260.0,1260.0,1238.25,1250.3,637917
2014-11-18,1251.1,1271.45,1251.1,1264.85,1278186
2014-11-19,1265.0,1269.0,1240.0,1245.0,1115266
2014-11-20,1250.1,1252.85,1223.0,1227.9,1461136
2014-11-21,1230.8,1251.35,1226.05,1246.7,2344656
2014-11-24,1245.1,1257.0,1229.3,1250.65,1722544
2014-11-25,1250.65,1264.5,1236.5,1257.65,1165424
2014-11-26,1258.9,1278.0,1258.9,1273.75,860949
2014-11-27,1282.5,1300.0,1275.05,1293.05,1210914
2014-11-28,1295.0,1327.9,1295.0,1323.75,1699883
2014-12-01,1326.95,1338.0,1286.7,1295.1,1013607
2014-12-02,1286.1,1290.0,1256.3,1264.55,569809
2014-12-03,1274.7,1294.4,1270.15,1286.75,583839
2014-12-04,1296.0,1298.85,1261.6,1265.1,784917
2014-12-05,1275.9,1299.8,1267.5,1294.05,823874
2014-12-08,1304.5,1305.0,1243.8,1248.75,1058138
2014-12-09,1250.2,1272.0,1236.0,1265.65,939082
2014-12-10,1258.0,1277.95,1253.25,1266.5,984975
2014-12-11,1270.0,1283.0,1258.85,1266.1,441192
2014-12-12,1262.05,1266.15,1241.6,1251.4,1858144
2014-12-15,1250.1,1260.0,1235.0,1252.3,1106573
2014-12-16,1240.2,1245.0,1212.55,1227.5,1057066
2014-12-17,1208.3,1228.8,1200.0,1219.15,1031565
2014-12-18,1235.0,1237.0,1206.05,1212.25,889484
2014-12-19,1222.0,1252.0,1219.35,1222.25,717650
2014-12-22,1225.4,1274.7,1225.4,1265.4,469879
2014-12-23,1273.0,1280.95,1252.0,1268.45,434148
2014-12-24,1266.5,1283.8,1240.6,1251.95,1415736
2014-12-26,1254.25,1262.4,1235.0,1255.3,229661
2014-12-29,1254.0,1271.35,1246.35,1251.6,225376
2014-12-30,1252.4,1264.8,1250.0,1257.75,333826
2014-12-31,1230.3,1244.8,1227.0,1234.45,647894
2015-01-01,1238.0,1243.8,1230.1,1237.05,356669
2015-01-02,1230.25,1243.7,1222.5,1224.65,639928
2015-01-05,1220.1,1248.0,1217.0,1218.45,728354
2015-01-06,1215.0,1224.35,1201.0,1211.65,1289557
2015-01-07,1212.0,1231.4,1202.5,1224.15,1094907
2015-01-08,1230.0,1246.75,1230.0,1237.6,836206
2015-01-09,1242.8,1246.0,1225.2,1238.2,766147
2015-01-12,1234.3,1237.8,1217.0,1233.0,448842
2015-01-13,1230.0,1261.1,1230.0,1248.8,739489
2015-01-14,1245.3,1262.5,1224.45,1236.95,1415858
2015-01-15,1259.0,1294.0,1253.4,1278.1,1429518
2015-01-16,1277.0,1312.85,1274.55,1304.6,1065542
2015-01-19,1304.9,1335.0,1296.0,1332.2,681229
2015-01-20,1333.2,1339.0,1315.3,1325.25,919145
2015-01-21,1338.0,1340.0,1315.05,1325.05,695980
2015-01-22,1325.0,1336.1,1315.0,1329.95,907675
2015-01-23,1336.0,1375.65,1331.3,1361.9,2281598
2015-01-27,1359.65,1360.0,1313.1,1324.45,1191466
2015-01-28,1324.45,1334.0,1303.0,1316.3,829956
2015-01-29,1316.5,1319.95,1282.4,1296.8,1476264
2015-01-30,1301.0,1301.9,1260.0,1265.1,814370
2015-02-02,1265.3,1284.95,1233.6,1241.2,727985
2015-02-03,1242.1,1248.95,1192.1,1199.2,2347208
2015-02-04,1202.9,1219.9,1200.0,1210.95,914484
2015-02-05,1211.0,1215.25,1175.25,1179.7,2427429
2015-02-06,1177.1,1180.2,1143.0,1149.75,2092051
2015-02-09,1133.0,1134.4,1106.3,1113.4,2641555
2015-02-10,1109.1,1152.75,1102.0,1140.2,2008338
2015-02-11,1142.4,1152.75,1123.0,1133.4,1079618
2015-02-12,1146.85,1154.4,1131.7,1134.45,1132536
2015-02-13,1134.0,1199.0,1123.6,1192.55,2994502
2015-02-16,1199.65,1228.0,1176.6,1210.45,2145813
2015-02-18,1212.0,1242.0,1208.05,1228.2,1801590
2015-02-19,1237.0,1258.95,1221.0,1249.9,1414734
2015-02-20,1256.7,1265.45,1242.0,1252.0,647824
2015-02-23,1255.85,1274.5,1248.05,1261.25,1352552
2015-02-24,1261.0,1269.0,1245.35,1258.7,916729
2015-02-25,1260.0,1281.2,1260.0,1267.1,699591
2015-02-26,1267.0,1269.95,1244.95,1249.6,2222753
2015-02-27,1255.9,1288.0,1250.15,1280.5,1156764
2015-03-02,1295.1,1308.8,1258.55,1278.15,1379093
2015-03-03,1258.0,1258.0,1219.55,1231.65,1316279
2015-03-04,1255.0,1260.65,1205.2,1211.1,1363853
2015-03-05,1219.0,1233.55,1204.0,1228.65,802450
2015-03-09,1224.0,1228.8,1201.0,1206.8,934486
2015-03-10,1210.2,1244.5,1210.2,1228.25,911975
2015-03-11,1224.7,1265.5,1218.2,1260.3,983277
2015-03-12,1260.3,1261.25,1233.25,1241.15,997882
2015-03-13,1253.0,1253.0,1220.5,1227.75,607943
2015-03-16,1232.0,1232.0,1207.55,1219.75,565452
2015-03-17,1225.25,1238.25,1205.75,1232.25,2578280
2015-03-18,1230.05,1232.9,1210.0,1215.5,582152
2015-03-19,1228.0,1231.85,1201.0,1207.4,775065
2015-03-20,1205.0,1205.0,1154.4,1165.3,1572027
2015-03-23,1172.45,1200.0,1158.25,1185.5,1235061
2015-03-24,1175.0,1223.35,1174.2,1192.05,1018767
2015-03-25,1192.05,1215.0,1192.05,1210.35,747569
2015-03-26,1204.35,1222.0,1166.85,1201.1,2690314
2015-03-27,1203.2,1205.0,1172.3,1188.5,790453
2015-03-30,1198.0,1212.4,1183.6,1200.3,690633
2015-03-31,1202.5,1210.0,1180.0,1187.8,811454
2015-04-01,1188.0,1208.0,1178.15,1202.1,689971
2015-04-06,1195.8,1245.0,1190.8,1242.65,906887
2015-04-07,1243.9,1283.8,1231.55,1268.85,661041
2015-04-08,1275.0,1281.65,1257.1,1274.2,527368
2015-04-09,1275.0,1279.85,1261.0,1274.55,606964
2015-04-10,1274.0,1290.0,1266.05,1286.75,464277
2015-04-13,1282.9,1282.9,1241.0,1247.8,786571
2015-04-15,1244.1,1246.0,1203.85,1208.9,1824112
2015-04-16,1210.05,1235.0,1201.25,1228.5,1141175
2015-04-17,1232.0,1238.0,1214.15,1224.5,457307
2015-04-20,1218.0,1224.5,1182.6,1187.7,1682102
2015-04-21,1190.0,1209.75,1175.0,1190.45,562500
2015-04-22,1195.0,1221.0,1176.45,1212.95,831218
2015-04-23,1221.0,1221.0,1183.0,1198.85,829409
2015-04-24,1197.25,1205.0,1168.0,1172.1,2021195
2015-04-27,1168.05,1182.25,1148.95,1165.95,1214861
2015-04-28,1166.7,1192.0,1150.0,1182.2,674885
2015-04-29,1183.0,1184.7,1161.0,1172.65,504548
2015-04-30,1170.0,1173.95,1137.7,1145.0,1623642
2015-05-04,1151.0,1208.95,1151.0,1202.5,808018
2015-05-05,1202.0,1202.0,1168.45,1179.25,657591
2015-05-06,1179.25,1186.0,1158.45,1163.15,1121923
2015-05-07,1162.65,1178.0,1144.0,1170.75,978891
2015-05-08,1176.0,1208.6,1175.0,1180.35,477450
2015-05-11,1183.0,1210.0,1183.0,1194.25,353530
2015-05-12,1194.25,1194.25,1170.0,1177.1,815000
2015-05-13,1189.0,1227.25,1177.05,1206.9,1048387
2015-05-14,1207.9,1231.4,1195.55,1227.15,1061302
2015-05-15,1230.0,1256.2,1227.35,1249.05,835000
2015-05-18,1244.95,1268.5,1231.65,1263.65,471475
2015-05-19,1263.65,1277.0,1244.65,1253.85,695006
2015-05-20,1253.85,1267.35,1236.0,1250.75,582561
2015-05-21,1255.0,1262.7,1241.55,1248.95,646036
2015-05-22,1255.0,1259.7,1243.85,1255.65,751331
2015-05-25,1255.65,1273.45,1248.7,1259.9,378465
2015-05-26,1259.9,1272.9,1252.0,1263.05,352702
2015-05-27,1256.0,1258.5,1213.95,1222.8,998786
2015-05-28,1223.95,1223.95,1184.05,1198.15,1189118
2015-05-29,1195.0,1267.75,1169.65,1258.1,3453656
2015-06-01,1258.1,1270.0,1240.0,1258.1,621123
2015-06-02,1258.9,1264.75,1218.9,1224.6,712824
2015-06-03,1226.25,1228.5,1200.1,1204.85,638284
2015-06-04,1207.0,1217.75,1180.05,1195.6,584668
2015-06-05,1196.25,1230.7,1190.1,1205.85,655829
2015-06-08,1208.0,1221.0,1188.65,1206.4,571281
2015-06-09,1206.1,1221.85,1197.5,1205.2,481034
2015-06-10,1202.0,1230.0,1200.2,1220.5,468380
2015-06-11,1226.0,1226.0,1185.0,1187.6,514209
2015-06-12,1190.0,1199.0,1176.0,1192.95,603364
2015-06-15,1195.0,1228.25,1191.0,1220.3,717611
2015-06-16,1234.95,1239.0,1217.85,1232.95,670066
2015-06-17,1235.5,1258.95,1223.5,1253.55,1195731
2015-06-18,1255.15,1267.45,1245.05,1253.95,946650
2015-06-19,1254.0,1324.7,1253.6,1305.55,1883284
2015-06-22,1310.0,1322.6,1298.0,1312.0,843120
2015-06-23,1313.0,1339.0,1307.0,1336.1,578699
2015-06-24,1339.95,1341.9,1293.4,1302.35,740547
2015-06-25,1280.75,1310.7,1277.5,1299.8,1236556
2015-06-26,1300.1,1317.9,1293.0,1304.1,660155
2015-06-29,1290.0,1295.0,1276.5,1284.15,643620
2015-06-30,1288.15,1289.55,1265.15,1282.35,1251028
2015-07-01,1280.0,1302.0,1273.05,1288.0,913482
2015-07-02,1292.0,1324.8,1289.25,1313.45,756951
2015-07-03,1320.0,1329.9,1308.0,1312.65,866626
2015-07-06,1299.0,1325.45,1295.0,1321.75,605339
2015-07-07,1318.0,1334.0,1311.0,1317.8,623290
2015-07-08,1312.0,1312.1,1274.5,1279.15,1015096
2015-07-09,1291.65,1291.65,1261.0,1264.0,479146
2015-07-10,1258.0,1271.85,1245.35,1249.55,1802078
2015-07-13,1270.0,1272.0,1251.05,1267.6,869973
2015-07-14,1270.0,1274.0,1251.0,1269.95,456899
2015-07-15,1272.0,1294.0,1270.05,1288.0,697945
2015-07-16,1278.0,1289.7,1267.25,1276.85,822144
2015-07-17,1283.9,1301.7,1272.0,1296.6,1042657
2015-07-20,1305.0,1317.0,1292.9,1314.4,681909
2015-07-21,1316.9,1323.0,1288.8,1298.6,418072
2015-07-22,1298.1,1350.0,1295.0,1342.25,933575
2015-07-23,1348.0,1368.0,1345.55,1358.9,1199878
2015-07-24,1362.7,1362.7,1324.0,1329.7,359850
2015-07-27,1319.0,1340.0,1311.1,1315.95,450038
2015-07-28,1320.0,1339.5,1306.55,1314.0,621267
2015-07-29,1323.9,1327.0,1300.0,1315.55,686078
2015-07-30,1325.65,1343.5,1311.2,1317.75,684073
2015-07-31,1328.6,1382.0,1323.0,1363.6,1254366
2015-08-03,1354.0,1354.0,1332.0,1337.9,415858
2015-08-04,1341.3,1369.9,1336.85,1364.3,562104
2015-08-05,1366.0,1389.95,1349.65,1386.85,641134
2015-08-06,1386.5,1407.45,1373.7,1397.25,627709
2015-08-07,1395.0,1442.05,1385.0,1390.3,2479435
2015-08-10,1380.0,1394.95,1352.0,1359.7,715811
2015-08-11,1362.9,1368.95,1335.0,1339.55,743025
2015-08-12,1339.0,1339.5,1295.0,1299.4,757590
2015-08-13,1303.1,1348.0,1301.0,1339.6,767620
2015-08-14,1348.0,1381.8,1345.0,1378.15,733081
2015-08-17,1379.9,1379.9,1345.2,1351.05,395084
2015-08-18,1354.1,1371.75,1351.1,1364.95,422242
2015-08-19,1367.0,1384.7,1348.7,1365.65,532601
2015-08-20,1370.0,1375.2,1327.65,1334.75,703390
2015-08-21,1323.0,1329.8,1288.0,1322.25,774385
2015-08-24,1284.9,1298.0,1225.0,1243.25,1039880
2015-08-25,1250.0,1273.95,1226.0,1250.95,1066691
2015-08-26,1255.15,1262.0,1205.1,1215.5,1000753
2015-08-27,1246.7,1247.0,1215.0,1230.2,2432834
2015-08-28,1236.6,1247.05,1219.0,1233.95,1997716
2015-08-31,1231.0,1242.0,1211.7,1220.9,1873080
2015-09-01,1207.5,1218.35,1169.0,1177.2,1587332
2015-09-02,1185.0,1187.9,1125.5,1134.55,2246610
2015-09-03,1143.95,1158.0,1092.15,1140.65,1356360
2015-09-04,1138.0,1141.5,1101.0,1110.6,1494822
2015-09-07,1111.0,1122.4,1092.75,1110.9,694713
2015-09-08,1111.0,1162.4,1103.0,1145.9,1372571
2015-09-09,1165.1,1183.9,1151.2,1170.6,1566085
2015-09-10,1166.0,1183.55,1148.1,1170.1,712758
2015-09-11,1182.9,1194.9,1160.05,1166.5,811329
2015-09-14,1170.6,1179.8,1153.05,1172.75,719798
2015-09-15,1166.1,1171.75,1145.1,1151.9,734231
2015-09-16,1159.0,1170.0,1151.05,1167.95,976692
2015-09-18,1175.05,1214.9,1169.75,1199.25,2634585
2015-09-21,1182.0,1197.95,1177.05,1185.3,1137424
2015-09-22,1197.0,1202.4,1178.75,1187.4,2012836
2015-09-23,1175.0,1221.5,1173.05,1208.25,1534462
2015-09-24,1205.0,1233.0,1197.5,1221.0,2145234
2015-09-28,1224.95,1239.8,1212.85,1221.6,844736
2015-09-29,1206.0,1279.1,1201.6,1249.7,3253031
2015-09-30,1251.1,1268.85,1245.6,1263.8,2648605
2015-10-01,1277.0,1278.0,1243.15,1250.05,1055350
2015-10-05,1255.5,1280.0,1255.5,1270.7,1113059
2015-10-06,1277.0,1290.0,1259.25,1264.25,1393859
2015-10-07,1261.05,1298.95,1260.0,1287.85,713988
2015-10-08,1294.45,1294.75,1267.2,1272.65,4602726
2015-10-09,1280.0,1287.6,1266.45,1273.35,713749
2015-10-12,1270.15,1282.5,1260.0,1274.9,748170
2015-10-13,1272.1,1290.0,1270.0,1282.95,1426492
2015-10-14,1282.95,1290.0,1273.0,1288.1,283592
2015-10-15,1292.0,1301.4,1267.3,1274.85,1074246
2015-10-16,1278.0,1294.95,1268.25,1288.85,739412
2015-10-19,1290.0,1299.9,1275.95,1281.25,823121
2015-10-20,1282.0,1284.0,1247.05,1250.65,1508440
2015-10-21,1247.95,1263.8,1232.0,1256.65,751078
2015-10-23,1266.6,1279.95,1240.4,1246.65,814591
2015-10-26,1250.0,1259.9,1236.65,1245.3,582624
2015-10-27,1242.0,1260.35,1233.3,1250.05,812411
2015-10-28,1242.0,1253.2,1220.2,1226.9,1941670
2015-10-29,1228.0,1237.0,1214.0,1227.8,1193874
2015-10-30,1222.5,1226.85,1173.3,1183.6,966636
2015-11-02,1200.05,1236.5,1200.05,1208.85,1288427
2015-11-03,1211.9,1235.5,1210.5,1232.95,655515
2015-11-04,1232.95,1259.5,1232.95,1254.3,454140
2015-11-05,1251.0,1269.75,1245.6,1259.75,867254
2015-11-06,1255.0,1269.0,1213.0,1249.55,1164377
2015-11-09,1221.0,1265.0,1214.55,1249.1,574971
2015-11-10,1247.1,1268.0,1235.5,1261.15,602837
2015-11-11,1265.15,1274.85,1260.0,1264.25,44464
2015-11-13,1245.4,1259.5,1242.7,1251.4,1639510
2015-11-16,1250.0,1288.65,1238.2,1277.9,2026549
2015-11-17,1279.0,1298.0,1269.5,1288.8,1508800
2015-11-18,1285.0,1304.0,1274.3,1278.3,691702
2015-11-19,1285.1,1297.95,1275.15,1292.1,460811
2015-11-20,1292.1,1325.0,1291.3,1315.25,1984836
2015-11-23,1315.25,1334.3,1307.2,1323.5,913158
2015-11-24,1323.5,1325.95,1311.8,1319.55,1241101
2015-11-26,1324.95,1353.95,1317.0,1346.25,909430
2015-11-27,1356.0,1372.0,1349.4,1351.2,1637675
2015-11-30,1353.0,1369.8,1351.7,1365.5,2442043
2015-12-01,1370.0,1381.5,1356.5,1368.9,1183173
2015-12-02,1375.0,1376.95,1363.5,1370.45,1016020
2015-12-03,1368.5,1368.75,1340.6,1345.7,564834
2015-12-04,1335.6,1343.2,1312.25,1315.3,783653
2015-12-07,1318.5,1331.4,1307.7,1323.7,563422
2015-12-08,1320.0,1332.85,1302.1,1314.25,926809
2015-12-09,1313.0,1328.8,1306.15,1312.1,1124326
2015-12-10,1314.0,1319.75,1284.0,1290.7,747329
2015-12-11,1286.0,1295.9,1244.0,1261.9,646040
2015-12-14,1231.1,1296.3,1228.5,1284.8,1380806
2015-12-15,1295.0,1304.45,1278.15,1289.05,776403
2015-12-16,1255.25,1255.25,1208.5,1218.05,3341245
2015-12-17,1215.0,1254.3,1195.5,1247.55,2498416
2015-12-18,1245.05,1258.45,1235.05,1243.3,1370487
2015-12-21,1240.0,1284.0,1240.0,1278.85,938228
2015-12-22,1276.85,1276.85,1253.15,1256.55,611139
2015-12-23,1260.5,1270.2,1247.25,1251.85,501318
2015-12-24,1252.25,1271.0,1252.25,1257.75,346531
2015-12-28,1260.0,1266.1,1245.0,1249.4,616143
2015-12-29,1250.0,1269.9,1250.0,1264.6,431005
2015-12-30,1265.05,1274.9,1259.05,1263.0,470475
2015-12-31,1259.0,1277.85,1255.3,1272.35,581850
2016-01-01,1271.95,1279.45,1260.0,1265.35,243409
2016-01-04,1263.0,1263.0,1239.7,1242.5,363684
2016-01-05,1246.0,1271.9,1239.7,1249.2,733033
2016-01-06,1240.1,1248.2,1220.0,1226.15,589075
2016-01-07,1219.0,1219.05,1175.0,1197.45,977377
2016-01-08,1199.0,1208.35,1191.7,1198.0,1765496
2016-01-11,1188.0,1188.0,1154.1,1162.6,1131875
2016-01-12,1164.0,1186.95,1156.05,1181.9,581261
2016-01-13,1187.1,1214.45,1176.9,1205.05,826259
2016-01-14,1193.1,1199.8,1152.6,1188.55,810041
2016-01-15,1198.0,1199.55,1170.0,1177.2,462914
2016-01-18,1173.7,1187.1,1156.15,1165.65,614447
2016-01-19,1166.8,1166.8,1133.55,1152.5,1006000
2016-01-20,1138.0,1160.6,1101.0,1150.75,1308420
2016-01-21,1155.0,1163.4,1132.2,1138.7,817263
2016-01-22,1142.5,1205.0,1140.85,1198.9,752594
2016-01-25,1206.0,1218.05,1174.2,1178.3,825020
2016-01-27,1179.4,1197.8,1150.2,1176.7,1058358
2016-01-28,1177.5,1213.35,1177.5,1204.15,673808
2016-01-29,1212.0,1240.0,1202.3,1233.25,1017079
2016-02-01,1226.0,1238.4,1207.85,1226.35,513986
2016-02-02,1227.95,1241.3,1200.0,1206.65,516447
2016-02-03,1194.8,1228.0,1190.0,1203.0,521244
2016-02-04,1208.0,1221.9,1189.0,1204.5,443944
2016-02-05,1204.0,1223.3,1194.65,1219.5,645003
2016-02-08,1228.0,1237.7,1193.9,1201.75,521327
2016-02-09,1191.0,1216.8,1178.0,1183.2,379697
2016-02-10,1180.0,1201.95,1161.45,1182.3,616640
2016-02-11,1177.0,1181.0,1117.95,1126.6,691493
2016-02-12,1126.5,1178.55,1091.25,1165.25,2466984
2016-02-17,1208.0,1208.0,1185.5,1200.4,539755
2016-02-18,1212.5,1222.95,1188.35,1213.6,703405
2016-02-19,1210.0,1248.8,1201.45,1230.25,680669
2016-02-22,1232.0,1249.0,1231.8,1237.05,550750
2016-02-23,1237.0,1241.1,1203.7,1208.7,854753
2016-02-24,1200.0,1224.0,1194.7,1218.6,642074
2016-02-25,1217.25,1242.65,1217.05,1229.05,1292553
2016-02-26,1238.0,1247.85,1227.95,1230.05,888921
2016-02-29,1224.2,1269.0,1215.05,1228.1,1713933
2016-03-01,1217.25,1279.7,1208.1,1268.1,1585994
2016-03-02,1270.0,1270.0,1189.65,1199.15,2487883
2016-03-03,1212.0,1228.3,1200.35,1215.35,1064441
2016-03-04,1215.0,1229.0,1210.55,1216.35,701406
2016-03-08,1225.0,1234.0,1214.95,1219.4,729909
2016-03-09,1214.9,1238.0,1211.2,1235.55,881134
2016-03-10,1232.0,1247.4,1221.0,1226.35,658279
2016-03-11,1218.6,1235.65,1216.0,1220.5,676925
2016-03-14,1230.0,1235.95,1205.0,1212.05,712860
2016-03-15,1214.9,1217.25,1197.6,1205.05,640507
2016-03-16,1204.9,1215.0,1184.0,1212.1,485495
2016-03-17,1219.1,1225.0,1190.0,1198.45,657864
2016-03-18,1200.1,1227.2,1195.0,1222.55,834726
2016-03-21,1229.0,1230.0,1216.15,1227.95,493453
2016-03-22,1230.0,1265.85,1222.0,1253.15,963967
2016-03-23,1255.0,1261.8,1242.3,1249.35,795657
2016-03-28,1262.0,1266.0,1237.3,1243.85,1167776
2016-03-29,1240.2,1253.2,1227.35,1232.25,971179
2016-03-30,1244.0,1248.85,1215.7,1219.75,1828226
2016-03-31,1219.0,1226.8,1204.0,1210.7,2567673
2016-04-01,1206.7,1207.4,1188.0,1195.2,2491811
2016-04-04,1197.45,1249.4,1186.7,1245.9,1449113
2016-04-05,1245.9,1247.75,1214.2,1215.7,490961
2016-04-06,1220.0,1236.9,1214.6,1220.35,626584
2016-04-07,1224.9,1234.0,1209.0,1212.65,412031
2016-04-08,1214.9,1238.6,1208.7,1232.25,485547
2016-04-11,1238.9,1239.4,1210.05,1236.0,499234
2016-04-12,1237.0,1248.8,1229.1,1239.95,1063980
2016-04-13,1254.0,1349.75,1251.1,1332.45,2977581
2016-04-18,1330.0,1354.7,1316.1,1340.65,1723300
2016-04-20,1344.95,1344.95,1304.3,1326.05,1771438
2016-04-21,1334.95,1338.35,1302.15,1308.65,846661
2016-04-22,1310.0,1335.1,1302.65,1326.0,710672
2016-04-25,1325.3,1333.95,1317.25,1326.5,605901
2016-04-26,1334.0,1366.0,1328.15,1353.85,1217835
2016-04-27,1354.0,1389.35,1349.2,1384.75,835598
2016-04-28,1389.35,1397.0,1341.0,1344.5,1998593
2016-04-29,1344.0,1345.65,1318.3,1330.95,903049
2016-05-02,1319.0,1345.0,1313.2,1336.55,602379
2016-05-03,1337.0,1352.3,1316.0,1325.85,958318
2016-05-04,1325.9,1329.9,1306.0,1321.0,522392
2016-05-05,1325.0,1331.0,1306.25,1320.85,671770
2016-05-06,1311.7,1334.0,1306.5,1330.8,546153
2016-05-09,1331.0,1356.5,1330.9,1349.6,945585
2016-05-10,1347.5,1354.95,1332.0,1349.9,673129
2016-05-11,1338.0,1351.0,1312.15,1348.2,1207165
2016-05-12,1358.35,1363.2,1331.25,1334.4,643801
2016-05-13,1331.0,1331.6,1302.0,1312.75,603585
2016-05-16,1320.0,1320.0,1305.5,1316.3,562282
2016-05-17,1323.0,1351.4,1318.5,1341.95,934914
2016-05-18,1334.9,1334.9,1312.5,1326.0,839532
2016-05-19,1326.0,1329.3,1305.5,1311.05,655804
2016-05-20,1312.8,1322.05,1288.3,1293.1,779047
2016-05-23,1301.0,1301.05,1280.15,1284.95,366074
2016-05-24,1271.75,1302.9,1259.25,1294.8,695522
2016-05-25,1301.9,1318.0,1300.0,1311.75,877614
2016-05-26,1317.95,1349.95,1306.0,1339.1,1406410
2016-05-27,1339.0,1362.0,1327.55,1333.7,736776
2016-05-30,1334.0,1351.7,1312.8,1330.85,2412447
2016-05-31,1334.7,1345.3,1314.25,1322.3,1478893
2016-06-01,1329.0,1349.0,1326.25,1333.75,945217
2016-06-02,1342.0,1345.85,1330.6,1333.25,761985
2016-06-03,1345.0,1358.6,1342.75,1354.2,1688254
2016-06-06,1362.5,1386.6,1361.05,1369.7,1217362
2016-06-07,1375.0,1386.95,1373.0,1377.95,1764547
2016-06-08,1379.95,1398.0,1379.95,1386.3,1133281
2016-06-09,1383.0,1393.2,1365.2,1373.4,693334
2016-06-10,1368.75,1404.9,1363.55,1375.85,1417540
2016-06-13,1358.25,1376.5,1335.25,1357.35,1190433
2016-06-14,1361.0,1366.85,1349.1,1355.6,587453
2016-06-15,1358.0,1368.8,1350.2,1355.55,682796
2016-06-16,1357.0,1364.2,1339.2,1343.95,999467
2016-06-17,1350.3,1359.8,1339.2,1344.0,965815
2016-06-20,1340.05,1354.0,1330.05,1350.85,1072024
2016-06-21,1354.8,1371.6,1354.8,1366.85,993252
2016-06-22,1365.8,1380.75,1349.1,1359.5,609326
2016-06-23,1362.85,1380.05,1358.5,1374.75,999417
2016-06-24,1338.0,1397.8,1315.0,1388.9,1384474
2016-06-27,1395.15,1401.3,1378.0,1391.8,873248
2016-06-28,1390.1,1414.0,1386.9,1408.6,1005490
2016-06-29,1414.5,1425.85,1408.0,1417.75,1055961
2016-06-30,1431.0,1437.0,1415.5,1429.95,2347089
2016-07-01,1433.0,1474.9,1432.5,1463.1,1164931
2016-07-04,1472.7,1477.45,1452.45,1465.4,864248
2016-07-05,1472.7,1484.0,1455.3,1459.7,485055
2016-07-07,1455.0,1469.7,1450.0,1456.8,798891
2016-07-08,1455.9,1465.5,1447.05,1453.45,714249
2016-07-11,1467.95,1479.6,1461.0,1471.95,658300
2016-07-12,1473.25,1480.3,1470.05,1475.15,470474
2016-07-13,1474.0,1480.0,1460.25,1464.45,752671
2016-07-14,1455.55,1461.05,1429.65,1447.25,916311
2016-07-15,1457.9,1485.2,1449.1,1464.8,1260576
2016-07-18,1470.0,1481.7,1463.5,1468.7,737252
2016-07-19,1468.2,1475.0,1443.2,1456.6,696059
2016-07-20,1464.0,1471.75,1458.1,1461.4,722534
2016-07-21,1452.0,1455.9,1429.05,1434.85,1245976
2016-07-22,1437.0,1446.65,1436.6,1440.55,1016863
2016-07-25,1440.0,1468.4,1438.25,1463.65,959806
2016-07-26,1468.0,1469.7,1444.2,1448.95,1002274
2016-07-27,1450.55,1463.85,1436.0,1453.8,671284
2016-07-28,1463.0,1463.0,1446.15,1452.5,1529796
2016-07-29,1454.0,1479.9,1452.5,1466.75,1892251
2016-08-01,1472.9,1493.75,1456.05,1470.15,1278011
2016-08-02,1480.0,1488.7,1451.9,1457.95,749424
2016-08-03,1461.7,1469.9,1440.6,1446.5,672513
2016-08-04,1459.8,1464.8,1431.1,1435.7,680897
2016-08-05,1444.5,1490.0,1444.0,1484.0,935388
2016-08-08,1495.0,1505.25,1473.75,1497.85,1780007
2016-08-09,1507.0,1508.95,1467.9,1480.75,773418
2016-08-10,1489.0,1494.0,1435.0,1449.15,3301028
2016-08-11,1445.2,1452.7,1411.0,1421.6,1672126
2016-08-12,1428.0,1477.0,1424.05,1450.85,1924274
2016-08-16,1452.25,1461.35,1431.35,1443.65,1508994
2016-08-17,1443.65,1456.45,1435.65,1450.5,590552
2016-08-18,1456.1,1467.45,1452.75,1460.25,685983
2016-08-19,1462.0,1468.4,1451.6,1458.95,763937
2016-08-22,1460.4,1461.95,1435.05,1443.55,603975
2016-08-23,1447.9,1448.75,1431.0,1442.7,450412
2016-08-24,1442.85,1451.6,1432.2,1434.85,501519
2016-08-25,1445.0,1445.0,1408.0,1413.85,982787
2016-08-26,1418.9,1432.25,1415.2,1424.85,668050
2016-08-29,1428.0,1428.8,1413.5,1422.4,556511
2016-08-30,1427.95,1438.95,1425.0,1436.0,1360032
2016-08-31,1442.0,1448.35,1430.45,1436.6,1293769
2016-09-01,1439.0,1465.0,1438.05,1453.55,1165665
2016-09-02,1460.0,1476.0,1435.6,1473.6,1408316
2016-09-06,1480.0,1495.0,1479.1,1489.85,1150021
2016-09-07,1495.0,1500.0,1480.75,1488.75,970188
2016-09-08,1494.0,1500.0,1482.55,1492.1,860713
2016-09-09,1494.05,1497.0,1460.9,1472.45,649079
2016-09-12,1456.5,1458.0,1416.0,1425.95,687478
2016-09-14,1432.4,1432.4,1405.8,1411.55,1142061
2016-09-15,1418.9,1423.1,1395.55,1406.25,682836
2016-09-16,1412.0,1431.2,1401.05,1406.65,774423
2016-09-19,1417.9,1429.5,1407.0,1417.0,553728
2016-09-20,1423.0,1426.65,1405.5,1409.85,613237
2016-09-21,1408.0,1425.95,1401.2,1406.9,1047587
2016-09-22,1420.0,1422.5,1408.2,1413.6,968035
2016-09-23,1418.9,1427.0,1407.05,1410.1,736383
2016-09-26,1410.1,1410.1,1376.0,1380.2,890593
2016-09-27,1380.0,1390.75,1368.65,1371.7,979381
2016-09-28,1375.65,1389.9,1370.0,1376.75,1042651
2016-09-29,1386.9,1415.95,1358.35,1364.4,2635103
2016-09-30,1370.5,1415.35,1350.0,1405.7,1068875
2016-10-03,1413.0,1452.0,1400.05,1443.85,1801610
2016-10-04,1450.5,1454.75,1411.0,1415.35,1583938
2016-10-05,1425.9,1425.9,1394.8,1399.2,1150299
2016-10-06,1407.9,1407.9,1365.5,1372.9,1063811
2016-10-07,1375.0,1388.0,1370.0,1374.0,687365
2016-10-10,1378.1,1388.0,1374.95,1376.9,364693
2016-10-13,1360.05,1384.9,1353.0,1369.75,827113
2016-10-14,1377.0,1377.0,1353.1,1357.1,797923
2016-10-17,1359.7,1360.4,1308.05,1313.1,932761
2016-10-18,1320.4,1334.9,1317.55,1333.35,788484
2016-10-19,1338.7,1338.7,1312.05,1327.9,1155301
2016-10-20,1330.0,1343.7,1323.0,1327.4,520128
2016-10-21,1326.9,1330.0,1320.4,1326.75,406448
2016-10-24,1328.5,1343.2,1320.35,1339.25,889305
2016-10-25,1340.0,1340.85,1299.3,1303.9,1452754
2016-10-26,1300.1,1325.0,1292.65,1308.95,625272
2016-10-27,1310.0,1316.1,1293.0,1299.75,954282
2016-10-28,1298.0,1314.85,1290.0,1311.8,749008
2016-11-01,1320.9,1337.8,1304.0,1326.35,927448
2016-11-02,1319.0,1386.5,1306.5,1369.3,3025246
2016-11-03,1361.05,1375.55,1353.0,1360.95,1112404
2016-11-04,1360.0,1392.0,1346.25,1372.35,1599025
2016-11-07,1384.0,1393.35,1370.6,1377.95,1061785
2016-11-08,1384.0,1388.6,1367.05,1384.6,442381
2016-11-09,1314.0,1359.0,1253.85,1333.35,1871510
2016-11-10,1357.95,1378.45,1310.0,1321.3,1256420
2016-11-11,1300.0,1317.0,1231.6,1240.2,2277753
2016-11-15,1242.0,1257.95,1169.25,1238.3,2065468
2016-11-16,1252.0,1278.35,1219.55,1237.35,1348466
2016-11-17,1230.0,1245.0,1211.0,1219.65,529216
2016-11-18,1222.25,1247.0,1221.0,1239.85,547225
2016-11-21,1244.45,1245.7,1190.0,1199.4,755318
2016-11-22,1210.0,1223.6,1185.0,1219.1,643999
2016-11-23,1224.95,1226.5,1187.1,1191.8,580706
2016-11-24,1188.0,1199.8,1158.0,1163.7,1633434
2016-11-25,1169.9,1178.5,1153.25,1173.0,763588
2016-11-28,1175.0,1183.95,1156.0,1162.5,663942
2016-11-29,1161.0,1201.0,1160.05,1185.85,1038178
2016-11-30,1192.0,1197.9,1180.55,1185.1,938090
2016-12-01,1190.0,1194.0,1156.9,1160.1,665802
2016-12-02,1158.0,1164.0,1141.65,1145.55,1096755
2016-12-05,1157.85,1185.6,1150.0,1181.3,662827
2016-12-06,1186.0,1192.45,1172.05,1175.4,543702
2016-12-07,1182.9,1195.9,1170.0,1182.0,937700
2016-12-08,1187.0,1214.2,1187.0,1209.2,901569
2016-12-09,1219.0,1219.0,1183.0,1188.35,977333
2016-12-12,1187.2,1195.4,1162.2,1165.6,541323
2016-12-13,1164.0,1174.5,1153.1,1167.4,750916
2016-12-14,1174.8,1184.0,1159.05,1173.95,552388
2016-12-15,1170.0,1196.8,1166.1,1186.55,961665
2016-12-16,1185.0,1188.95,1167.9,1181.0,801230
2016-12-19,1183.3,1189.8,1172.0,1177.05,741307
2016-12-20,1178.1,1186.05,1170.0,1178.6,532361
2016-12-21,1186.0,1204.7,1175.0,1190.45,838016
2016-12-22,1187.0,1192.9,1173.05,1183.6,855701
2016-12-23,1171.0,1181.8,1155.0,1171.6,770271
2016-12-26,1172.0,1173.0,1145.75,1148.7,1062180
2016-12-27,1149.0,1171.45,1141.4,1167.25,580928
2016-12-28,1171.1,1184.9,1170.0,1174.1,1069415
2016-12-29,1177.8,1179.0,1168.35,1174.95,833778
2016-12-30,1178.25,1188.8,1172.0,1184.7,511509
2017-01-02,1184.5,1233.0,1170.25,1229.8,1053264
2017-01-03,1230.0,1232.25,1215.0,1222.55,776511
2017-01-04,1222.65,1230.75,1213.0,1221.95,565408
2017-01-05,1224.0,1235.0,1207.4,1227.35,1254243
2017-01-06,1239.0,1239.0,1217.2,1220.45,1127033
2017-01-09,1219.3,1223.95,1201.0,1204.0,521391
2017-01-10,1201.0,1216.6,1201.0,1213.5,279060
2017-01-11,1217.25,1237.75,1213.65,1232.0,705848
2017-01-12,1235.0,1235.15,1210.2,1213.4,327855
2017-01-13,1221.8,1227.0,1215.65,1217.85,393794
2017-01-16,1215.0,1226.8,1207.4,1211.0,490151
2017-01-17,1210.0,1214.5,1200.75,1204.45,478977
2017-01-18,1205.1,1220.4,1202.3,1214.6,979188
2017-01-19,1212.0,1213.65,1202.75,1210.8,393929
2017-01-20,1210.0,1216.8,1187.1,1192.05,768833
2017-01-23,1196.0,1204.5,1177.35,1188.9,543401
2017-01-24,1194.9,1224.2,1187.0,1220.7,793610
2017-01-25,1233.0,1248.4,1212.0,1243.8,1850608
2017-01-27,1243.8,1269.85,1243.5,1251.7,816030
2017-01-30,1251.7,1253.25,1234.05,1245.6,440140
2017-01-31,1241.2,1248.55,1230.25,1240.1,923162
2017-02-01,1242.0,1307.6,1228.0,1302.4,1523562
2017-02-02,1297.0,1297.6,1258.65,1264.95,1447829
2017-02-03,1265.95,1273.75,1252.3,1260.7,1132526
2017-02-06,1262.0,1271.0,1258.0,1265.9,855228
2017-02-07,1264.15,1265.7,1244.8,1258.95,1337146
2017-02-08,1260.35,1281.0,1260.1,1277.3,840590
2017-02-09,1279.0,1294.75,1264.5,1291.7,762017
2017-02-10,1293.0,1307.85,1272.55,1277.65,1767712
2017-02-13,1285.95,1302.95,1213.8,1298.65,876096
2017-02-14,1302.4,1313.9,1285.0,1301.85,917326
2017-02-15,1300.2,1318.8,1298.1,1300.85,1046915
2017-02-16,1301.0,1321.6,1300.5,1319.85,966131
2017-02-17,1322.0,1329.85,1311.9,1317.15,875112
2017-02-20,1317.0,1324.55,1304.6,1315.95,470421
2017-02-21,1317.95,1317.95,1303.0,1311.65,562685
2017-02-22,1314.45,1316.0,1304.35,1311.2,603817
2017-02-23,1314.0,1315.5,1294.5,1304.85,2377047
2017-02-27,1302.9,1302.9,1281.0,1293.85,747562
2017-02-28,1294.9,1317.8,1290.9,1312.15,675015
2017-03-01,1316.0,1358.8,1298.3,1348.75,2937730
2017-03-02,1354.9,1361.0,1313.0,1325.0,799948
2017-03-03,1323.0,1332.0,1314.35,1322.05,357158
2017-03-06,1322.15,1339.0,1316.2,1329.8,1317446
2017-03-07,1323.1,1331.8,1312.7,1320.25,678826
2017-03-08,1323.0,1323.05,1299.95,1303.55,877861
2017-03-09,1302.0,1311.8,1298.1,1303.95,973778
2017-03-10,1303.95,1320.0,1299.35,1302.75,460601
2017-03-14,1325.4,1357.35,1315.2,1326.0,913399
2017-03-15,1327.0,1338.65,1316.9,1323.55,1140709
2017-03-16,1326.4,1333.0,1318.45,1320.9,934218
2017-03-17,1323.0,1331.95,1300.0,1303.85,1183582
2017-03-20,1314.0,1316.45,1296.4,1300.2,741345
2017-03-21,1301.35,1306.0,1271.0,1294.4,3895656
2017-03-22,1288.0,1288.0,1257.65,1270.85,1323878
2017-03-23,1276.0,1281.0,1267.4,1274.55,995505
2017-03-24,1274.1,1287.0,1271.3,1275.8,725278
2017-03-27,1275.0,1284.4,1259.05,1265.75,1098124
2017-03-28,1272.1,1283.65,1270.0,1277.0,873435
2017-03-29,1284.7,1284.7,1263.0,1270.65,1154248
2017-03-30,1270.7,1287.3,1260.95,1279.85,4424696
2017-03-31,1277.0,1295.0,1272.5,1286.9,1094141
2017-04-03,1297.6,1305.0,1280.0,1286.5,967743
2017-04-05,1287.5,1294.0,1269.9,1290.75,1987515
2017-04-06,1287.9,1293.9,1275.15,1288.9,542194
2017-04-07,1284.0,1289.75,1268.75,1275.55,855302
2017-04-10,1280.0,1282.85,1267.5,1280.8,543604
2017-04-11,1277.0,1285.8,1270.05,1281.55,707162
2017-04-12,1286.0,1286.0,1268.8,1279.95,831937
2017-04-13,1273.0,1281.7,1269.05,1280.5,552209
2017-04-17,1270.05,1278.45,1265.65,1269.35,1059424
2017-04-18,1273.8,1273.8,1258.6,1263.15,975807
2017-04-19,1264.0,1268.9,1253.0,1259.45,859195
2017-04-20,1258.0,1277.0,1258.0,1271.7,662446
2017-04-21,1270.0,1274.65,1255.1,1258.2,665915
2017-04-24,1258.6,1271.0,1258.6,1264.6,568689
2017-04-25,1285.0,1310.9,1279.65,1307.45,5792384
2017-04-26,1317.75,1359.6,1314.5,1352.75,2876409
2017-04-27,1353.7,1363.7,1332.0,1337.2,1159292
2017-04-28,1337.8,1345.2,1317.65,1335.55,526294
2017-05-02,1333.1,1352.75,1326.3,1340.95,817189
2017-05-03,1342.0,1354.2,1333.95,1348.65,905792
2017-05-04,1341.0,1351.0,1329.65,1334.9,739877
2017-05-05,1331.0,1331.0,1307.0,1321.25,895667
2017-05-08,1322.5,1345.7,1313.0,1333.35,579715
2017-05-09,1335.7,1351.9,1328.65,1343.65,591559
2017-05-10,1352.0,1379.7,1348.0,1376.4,1070862
2017-05-11,1385.7,1402.2,1362.8,1376.15,1744710
2017-05-12,1378.0,1378.0,1361.7,1367.85,1749749
2017-05-15,1373.0,1386.65,1370.0,1375.65,558190
2017-05-16,1377.0,1380.5,1363.1,1366.35,516012
2017-05-17,1363.0,1384.35,1360.4,1378.8,920884
2017-05-18,1369.0,1372.0,1347.5,1352.85,1217846
2017-05-19,1350.0,1357.6,1328.5,1333.4,976742
2017-05-22,1340.15,1341.95,1301.1,1306.25,436797
2017-05-23,1315.0,1338.35,1300.0,1331.75,780182
2017-05-24,1331.5,1338.8,1301.45,1308.65,625683
2017-05-25,1311.0,1335.9,1304.0,1327.5,1456698
2017-05-26,1334.0,1348.9,1327.5,1340.85,335223
2017-05-29,1345.0,1375.75,1327.4,1360.05,1058764
2017-05-30,1364.0,1379.0,1342.3,1361.1,2223885
2017-05-31,1392.5,1448.5,1392.0,1416.95,3941786
2017-06-01,1430.0,1441.0,1416.1,1425.25,1712339
2017-06-02,1430.0,1434.75,1409.0,1418.5,1442389
2017-06-05,1424.95,1432.5,1421.1,1423.7,1151951
2017-06-06,1423.05,1429.85,1404.15,1411.45,803816
2017-06-07,1423.15,1451.1,1413.55,1431.9,1904689
2017-06-08,1433.5,1440.0,1410.1,1417.5,849201
2017-06-09,1418.0,1434.7,1414.1,1426.7,908631
2017-06-12,1435.0,1458.95,1415.0,1423.55,1911487
2017-06-13,1433.0,1439.85,1414.0,1417.65,983018
2017-06-14,1430.0,1432.85,1401.1,1405.2,942385
2017-06-15,1409.0,1414.0,1378.85,1387.65,1567392
2017-06-16,1398.2,1409.35,1383.3,1387.3,1650375
2017-06-19,1393.0,1405.0,1383.75,1388.25,1112550
2017-06-20,1394.6,1399.0,1385.0,1389.45,939704
2017-06-21,1392.7,1395.4,1380.95,1387.15,1494718
2017-06-22,1385.0,1407.2,1381.7,1396.3,1128366
2017-06-23,1400.0,1418.25,1370.1,1376.2,1220802
2017-06-27,1393.3,1394.5,1365.0,1370.3,1668109
2017-06-28,1370.0,1375.0,1348.75,1356.05,827917
2017-06-29,1360.0,1379.1,1352.15,1355.65,936894
2017-06-30,1355.0,1358.85,1345.1,1348.6,954758
2017-07-03,1356.0,1372.0,1343.0,1366.45,1023959
2017-07-04,1365.0,1377.0,1351.7,1355.15,430180
2017-07-05,1365.0,1395.4,1361.5,1385.0,1216606
2017-07-06,1393.7,1393.7,1370.0,1376.05,780888
2017-07-07,1370.4,1393.85,1370.4,1376.0,658350
2017-07-10,1344.45,1400.0,1344.45,1367.4,436811
2017-07-11,1374.0,1395.0,1373.95,1390.15,2073421
2017-07-12,1395.0,1396.1,1375.0,1376.7,736026
2017-07-13,1369.7,1379.0,1366.05,1370.4,794838
2017-07-14,1377.95,1382.45,1369.0,1375.55,653673
2017-07-17,1380.0,1405.4,1378.3,1384.6,1313078
2017-07-18,1381.95,1401.95,1377.0,1380.15,822868
2017-07-19,1388.0,1393.0,1377.15,1382.4,1897894
2017-07-20,1387.0,1397.8,1381.3,1393.45,902218
2017-07-21,1394.0,1398.0,1365.75,1386.05,700993
2017-07-24,1385.8,1391.95,1375.0,1388.95,580661
2017-07-25,1391.2,1396.1,1386.3,1389.8,720938
2017-07-26,1390.7,1420.2,1389.05,1413.5,1267793
2017-07-27,1420.0,1423.75,1395.0,1398.2,1933565
2017-07-28,1398.0,1398.0,1376.25,1392.2,401658
2017-07-31,1393.3,1409.0,1380.1,1403.3,510904
2017-08-01,1415.0,1433.4,1403.3,1429.25,1941740
2017-08-02,1430.6,1433.65,1408.3,1414.6,476469
2017-08-03,1418.4,1421.65,1404.1,1416.5,563019
2017-08-04,1420.0,1424.4,1395.1,1418.05,2237324
2017-08-07,1390.0,1430.0,1384.95,1400.75,1493977
2017-08-08,1400.05,1416.55,1390.25,1400.0,852827
2017-08-09,1397.5,1406.6,1384.4,1392.3,771111
2017-08-10,1386.0,1395.8,1380.0,1387.05,816173
2017-08-11,1380.0,1386.1,1340.0,1348.05,1126510
2017-08-14,1354.7,1370.9,1347.6,1355.75,685342
2017-08-16,1361.9,1376.45,1348.35,1371.2,744908
2017-08-17,1372.0,1374.95,1358.6,1367.0,611537
2017-08-18,1364.0,1379.5,1360.65,1370.0,678855
2017-08-21,1370.2,1392.95,1370.15,1378.65,702542
2017-08-22,1382.7,1385.8,1371.0,1374.65,292349
2017-08-23,1378.0,1387.0,1367.05,1374.2,789242
2017-08-24,1375.0,1383.0,1367.8,1375.15,790046
2017-08-28,1380.0,1380.45,1366.5,1373.05,1035223
2017-08-29,1375.25,1379.0,1367.05,1376.95,537856
2017-08-30,1385.0,1388.55,1353.85,1358.15,1055176
2017-08-31,1358.0,1360.3,1333.0,1344.8,1558002
2017-09-01,1344.8,1351.65,1336.9,1347.6,1087301
2017-09-04,1348.0,1348.0,1324.1,1328.3,407303
2017-09-05,1329.05,1331.45,1313.45,1324.65,773888
2017-09-06,1321.4,1324.65,1310.0,1316.55,649266
2017-09-07,1318.65,1343.0,1318.65,1339.95,1164341
2017-09-08,1345.0,1346.85,1288.2,1295.4,1969487
2017-09-11,1300.0,1330.0,1278.0,1280.2,1665419
2017-09-12,1284.0,1304.9,1278.95,1300.75,1061452
2017-09-13,1310.0,1320.05,1303.0,1307.35,2388029
2017-09-14,1313.0,1313.0,1288.25,1290.75,715922
2017-09-15,1290.0,1304.0,1285.0,1294.25,840187
2017-09-18,1301.0,1306.2,1291.0,1295.0,651221
2017-09-19,1304.0,1304.7,1288.1,1294.75,487526
2017-09-20,1300.1,1306.2,1289.6,1292.45,838237
2017-09-21,1293.5,1296.65,1280.1,1291.45,485105
2017-09-22,1288.0,1297.0,1281.55,1287.15,858496
2017-09-25,1282.6,1292.0,1246.0,1260.0,1145208
2017-09-26,1265.3,1265.45,1242.35,1247.15,657247
2017-09-27,1253.0,1255.4,1224.0,1232.0,710275
2017-09-28,1232.0,1249.0,1225.0,1230.55,1541084
2017-09-29,1231.0,1260.5,1231.0,1254.25,1216715
2017-10-03,1265.0,1291.45,1252.75,1264.3,1785354
2017-10-04,1264.0,1291.8,1256.25,1288.75,1178243
2017-10-05,1310.0,1316.0,1293.0,1300.75,2106398
2017-10-06,1309.9,1321.2,1299.25,1303.0,912947
2017-10-09,1301.05,1312.9,1299.0,1304.85,417682
2017-10-10,1318.0,1319.0,1301.15,1305.1,693721
2017-10-11,1309.0,1330.25,1306.0,1319.45,1642780
2017-10-12,1320.25,1341.6,1314.15,1338.15,824166
2017-10-13,1338.0,1345.65,1323.0,1325.3,541640
2017-10-16,1338.9,1375.9,1330.3,1368.6,1170290
2017-10-17,1373.9,1375.5,1343.5,1373.35,1023744
2017-10-18,1372.0,1378.5,1362.2,1370.55,598422
2017-10-19,1366.75,1379.0,1360.1,1375.75,175195
2017-10-23,1380.0,1393.95,1346.6,1367.05,599664
2017-10-24,1360.55,1365.9,1346.95,1350.65,390953
2017-10-25,1354.0,1373.6,1348.95,1364.7,664152
2017-10-26,1374.45,1380.7,1364.5,1372.95,1652089
2017-10-27,1372.95,1390.7,1371.55,1387.7,774542
2017-10-30,1388.0,1392.65,1370.05,1374.75,563034
2017-10-31,1378.0,1378.0,1342.1,1344.8,799728
2017-11-01,1347.25,1363.2,1336.0,1350.75,1965358
2017-11-02,1343.0,1349.4,1331.05,1335.35,870329
2017-11-03,1339.0,1342.95,1320.1,1330.75,1084381
2017-11-06,1347.85,1377.7,1343.3,1366.15,2575346
2017-11-07,1380.0,1382.0,1348.0,1353.75,2213662
2017-11-08,1361.0,1375.0,1354.0,1367.0,685509
2017-11-09,1373.0,1380.05,1340.0,1361.3,484257
2017-11-10,1362.1,1412.15,1347.2,1392.95,2969900
2017-11-13,1408.0,1431.75,1408.0,1411.2,3238115
2017-11-14,1419.0,1438.2,1415.05,1429.6,1796055
2017-11-15,1429.0,1429.0,1407.0,1415.25,997036
2017-11-16,1415.05,1426.0,1408.0,1413.95,872446
2017-11-17,1425.0,1425.0,1412.0,1416.75,1448440
2017-11-20,1419.75,1420.05,1400.1,1408.0,1264801
2017-11-21,1420.0,1422.0,1408.2,1416.0,853763
2017-11-22,1424.0,1441.8,1419.6,1429.5,1439617
2017-11-23,1434.4,1434.4,1412.55,1418.65,490011
2017-11-24,1425.0,1439.9,1420.05,1434.1,966558
2017-11-27,1435.0,1444.0,1425.05,1431.0,867582
2017-11-28,1432.65,1441.45,1426.8,1435.0,743580
2017-11-29,1438.95,1443.1,1430.0,1433.4,691787
2017-11-30,1430.0,1430.0,1400.55,1406.55,2683675
2017-12-01,1414.0,1426.95,1406.0,1409.4,1077343
2017-12-04,1420.0,1420.0,1392.75,1401.0,1462814
2017-12-05,1400.0,1409.35,1383.0,1388.2,1299621
2017-12-06,1387.0,1392.4,1363.45,1367.45,1184822
2017-12-07,1376.8,1382.5,1368.1,1379.55,1556860
2017-12-08,1386.7,1393.65,1379.4,1388.15,1199696
2017-12-11,1395.85,1427.85,1392.5,1418.25,1323321
2017-12-12,1419.8,1428.5,1411.1,1419.15,1406120
2017-12-13,1421.8,1432.0,1410.0,1412.5,1893574
2017-12-14,1417.0,1436.0,1413.0,1431.6,2752965
2017-12-15,1442.5,1490.0,1441.0,1483.4,3552757
2017-12-18,1484.0,1539.0,1455.0,1521.45,4265351
2017-12-19,1535.0,1560.95,1522.0,1556.3,5673987
2017-12-20,1560.0,1571.4,1533.1,1541.75,4830014
2017-12-21,767.0,767.0,738.95,742.2,6803736
2017-12-22,747.0,753.4,743.0,746.2,2338232
2017-12-26,748.0,749.95,736.7,741.55,3887128
2017-12-27,744.8,754.9,739.45,746.75,2523905
2017-12-28,747.0,753.95,745.35,749.95,5643656
2017-12-29,751.0,753.0,743.9,751.1,2055582
2018-01-01,751.0,758.9,743.0,744.65,2476302
2018-01-02,754.0,758.0,746.3,752.9,3020597
2018-01-03,755.9,759.0,750.0,754.9,2256643
2018-01-04,761.0,761.0,750.5,756.0,1663380
2018-01-05,756.0,758.5,753.6,756.35,1255982
2018-01-08,757.05,760.0,756.55,759.9,2309604
2018-01-09,760.0,766.0,757.2,762.45,1947163
2018-01-10,762.05,765.0,754.2,759.85,1275821
2018-01-11,760.3,768.95,755.5,766.65,2291617
2018-01-12,767.1,769.5,761.75,767.5,1363265
2018-01-15,770.0,775.65,755.65,759.2,2127778
2018-01-16,759.0,762.55,741.0,746.7,1611817
2018-01-17,747.05,754.0,738.85,745.35,1940533
2018-01-18,750.0,765.0,745.0,759.25,2810014
2018-01-19,760.0,768.3,748.3,765.4,2005133
2018-01-22,762.1,769.0,756.0,759.6,934811
2018-01-23,761.95,773.0,761.4,769.05,2775928
2018-01-24,769.05,771.0,752.4,755.4,2080315
2018-01-25,756.5,762.0,748.35,757.8,2878048
2018-01-29,757.3,772.0,757.3,764.35,2074165
2018-01-30,764.0,768.65,753.1,764.9,1648188
2018-01-31,764.8,771.15,756.65,763.05,2242045
2018-02-01,768.9,802.55,763.0,798.75,6896060
2018-02-02,798.75,800.0,765.55,770.25,3783976
2018-02-05,762.9,769.75,745.0,760.5,2018332
2018-02-06,743.8,759.9,730.75,751.8,5626253
2018-02-07,767.4,771.95,743.75,747.1,1909559
2018-02-08,754.0,760.7,746.0,752.2,3024010
2018-02-09,747.0,753.3,742.0,750.05,2214895
2018-02-12,770.0,770.0,743.0,746.0,2662221
2018-02-14,751.8,753.95,742.05,746.95,1207191
2018-02-15,748.1,751.3,743.5,749.35,1652980
2018-02-16,752.65,753.75,742.0,743.75,1042980
2018-02-19,744.0,744.8,716.05,724.65,1185926
2018-02-20,726.8,733.2,703.0,709.0,2981323
2018-02-21,716.0,716.0,701.0,708.4,2290218
2018-02-22,702.0,724.5,700.4,721.95,3325355
2018-02-23,722.55,724.0,714.0,718.65,1648932
2018-02-26,722.0,737.0,719.25,735.4,1525511
2018-02-27,741.9,742.0,731.0,739.8,1429191
2018-02-28,734.0,734.95,725.1,728.35,1814444
2018-03-01,728.0,736.5,727.5,732.55,1831321
2018-03-05,727.0,743.0,722.15,739.6,2170367
2018-03-06,743.0,743.0,716.0,719.9,1763292
2018-03-07,721.0,725.8,702.45,707.8,2343794
2018-03-08,710.55,729.2,707.1,726.65,2500680
2018-03-09,726.9,739.7,723.45,728.5,2191343
2018-03-12,735.05,739.25,731.2,737.1,1867680
2018-03-13,736.95,741.0,730.45,733.0,1823994
2018-03-14,730.95,734.3,723.1,728.2,1366237
2018-03-15,731.0,737.9,729.8,734.85,1249262
2018-03-16,739.0,752.0,735.55,740.75,4929069
2018-03-19,741.75,749.0,739.0,742.7,2081202
2018-03-20,740.4,744.0,732.05,740.95,1248986
2018-03-21,743.0,750.75,739.5,745.35,2788242
2018-03-22,747.05,748.9,726.0,730.85,1877037
2018-03-23,725.0,737.3,721.2,732.9,2276332
2018-03-26,734.35,750.0,727.05,746.5,1890961
2018-03-27,749.0,752.0,741.6,744.9,2422064
2018-03-28,744.0,746.0,735.0,738.9,3301815
2018-04-02,748.9,751.85,737.2,748.05,3567965
2018-04-03,748.0,771.4,745.05,770.1,2500384
2018-04-04,773.0,786.75,749.1,756.55,3295198
2018-04-05,770.0,781.0,766.6,774.6,2224647
2018-04-06,774.6,774.6,764.05,771.95,1194886
2018-04-09,772.0,788.2,770.0,786.2,1813902
2018-04-10,776.5,785.0,768.4,777.6,2193150
2018-04-11,781.5,790.6,773.95,789.0,1448946
2018-04-12,789.45,794.6,780.65,787.85,1146053
2018-04-13,795.0,795.5,783.15,789.6,2183881
2018-04-16,783.2,805.0,783.2,801.45,2896629
2018-04-17,816.0,818.8,806.5,809.35,4339790
2018-04-18,813.0,813.0,795.7,798.3,1503151
2018-04-19,801.4,804.5,793.7,801.9,2590266
2018-04-20,791.9,804.45,791.9,799.5,2561105
2018-04-23,803.9,833.8,800.05,824.3,2751312
2018-04-24,823.9,844.0,822.1,838.55,2872669
2018-04-25,842.0,862.5,838.55,853.85,3602302
2018-04-26,859.0,868.75,851.0,858.15,5461957
2018-04-27,859.9,866.8,851.2,862.7,1087577
2018-04-30,864.4,878.95,864.1,873.3,1137366
2018-05-02,879.5,879.8,861.0,863.15,1341643
2018-05-03,863.0,875.5,851.6,865.1,2126154
2018-05-04,864.95,868.5,852.35,854.3,961238
2018-05-07,862.0,887.9,858.5,885.6,1916654
2018-05-08,886.0,886.5,859.5,865.3,1834833
2018-05-09,865.0,868.65,853.75,860.1,1630905
2018-05-10,860.0,872.75,852.15,856.5,1369399
2018-05-11,857.95,872.8,848.85,869.1,1304682
2018-05-14,872.0,874.0,850.0,852.65,1492933
2018-05-15,853.9,865.0,837.1,847.05,2060487
2018-05-16,845.5,857.75,834.2,853.1,1559853
2018-05-17,855.05,859.5,846.0,849.0,1065979
2018-05-18,848.25,853.8,828.05,836.0,1983383
2018-05-21,834.0,847.25,821.6,825.95,1670673
2018-05-22,822.2,837.0,812.25,830.2,1937535
2018-05-23,828.1,835.5,820.55,831.8,1315364
2018-05-24,837.0,847.8,831.9,843.05,1394760
2018-05-25,845.0,860.95,844.0,857.7,2069467
2018-05-28,862.4,864.65,845.05,849.95,3096495
2018-05-29,854.0,875.7,850.0,870.25,4666224
2018-05-30,879.0,901.0,875.05,897.95,8212884
2018-05-31,900.0,933.5,891.0,922.95,9417129
2018-06-01,922.5,927.5,897.05,901.6,3431462
2018-06-04,908.0,918.35,906.0,914.5,3364222
2018-06-05,912.0,915.9,898.5,901.3,1836194
2018-06-06,902.4,917.1,896.85,914.3,2102493
2018-06-07,919.0,927.95,916.0,920.3,2668799
2018-06-08,917.0,917.65,903.1,911.65,1335422
2018-06-11,912.2,920.0,910.0,916.85,1747134
2018-06-12,920.0,926.4,914.05,917.6,2032546
2018-06-13,918.0,921.4,914.75,917.65,1353228
2018-06-14,914.1,925.0,909.55,922.05,1385264
2018-06-15,922.55,924.4,902.85,909.45,2619109
2018-06-18,915.0,921.05,909.0,913.9,1496081
2018-06-19,915.0,915.05,886.0,891.4,1878313
2018-06-20,896.0,908.85,892.45,904.4,2671370
2018-06-21,909.8,909.8,874.1,883.6,4202520
2018-06-22,882.8,912.7,882.05,908.2,4589148
2018-06-25,912.0,914.5,901.0,905.6,2984963
2018-06-26,905.0,915.0,891.1,898.0,2106484
2018-06-27,900.0,906.3,885.55,892.65,2168303
2018-06-28,892.65,917.7,891.05,907.75,4493297
2018-06-29,909.0,914.9,894.85,897.7,2441612
2018-07-02,907.0,907.7,878.65,886.65,2180118
2018-07-03,886.9,898.5,879.05,894.2,1406654
2018-07-04,895.0,902.7,885.5,900.1,1457165
2018-07-05,901.6,916.0,901.6,912.35,1935437
2018-07-06,914.95,927.0,902.85,924.95,2998570
2018-07-09,931.0,940.0,927.6,932.75,2472960
2018-07-10,937.4,937.5,926.4,930.55,1617650
2018-07-11,928.95,939.7,926.45,931.0,2732003
2018-07-12,931.0,931.0,910.0,915.8,2173358
2018-07-13,918.5,925.9,902.0,906.7,2296504
2018-07-16,905.0,915.7,895.0,900.35,1901810
2018-07-17,903.0,925.3,901.1,922.45,1791101
2018-07-18,926.6,929.8,900.0,902.45,1442856
2018-07-19,906.0,922.4,906.0,913.0,2040980
2018-07-20,913.0,915.2,904.0,909.75,1667834
2018-07-23,910.0,913.0,904.0,910.4,1179253
2018-07-24,913.85,924.9,911.2,920.4,1982289
2018-07-25,924.9,925.0,908.7,910.1,1433236
2018-07-26,914.4,916.9,906.0,913.6,2785063
2018-07-27,915.0,915.9,902.8,909.85,1658854
2018-07-30,916.0,935.0,912.05,933.25,2458481
2018-07-31,935.0,941.8,924.55,935.95,2011316
2018-08-01,939.5,943.4,926.1,929.75,2000884
2018-08-02,925.75,925.75,910.05,911.3,1652795
2018-08-03,914.05,925.0,914.05,920.65,1575164
2018-08-06,921.95,935.8,920.55,932.4,1702042
2018-08-07,940.95,944.0,923.3,927.0,5202023
2018-08-08,936.9,938.95,924.0,928.3,2056171
2018-08-09,929.0,940.0,927.5,933.2,2452570
2018-08-10,932.0,952.7,929.15,945.95,3163115
2018-08-13,944.0,966.4,938.6,954.5,4285645
2018-08-14,958.9,961.9,948.0,950.45,1801054
2018-08-16,945.0,965.25,944.0,951.25,1832039
2018-08-17,954.55,968.8,950.15,961.5,2246030
2018-08-20,967.65,982.25,962.1,969.55,1877608
2018-08-21,973.0,976.65,955.5,957.8,1557070
2018-08-23,960.0,970.0,954.3,963.1,1978510
2018-08-24,966.2,972.4,961.15,968.3,1634893
2018-08-27,974.3,983.9,967.8,976.45,1635797
2018-08-28,982.0,987.65,974.1,980.5,1460036
2018-08-29,981.35,993.0,975.45,983.85,1795568
2018-08-30,984.95,991.6,977.9,982.95,1831626
2018-08-31,982.0,988.0,959.15,965.3,2243187
2018-09-03,974.9,974.95,942.0,947.8,2189450
2018-09-04,952.2,955.7,928.1,931.75,2067396
2018-09-05,930.0,945.0,914.4,929.4,2133045
2018-09-06,935.0,943.7,927.5,934.95,2144816
2018-09-07,940.1,977.65,935.05,973.7,3132025
2018-09-11,943.0,961.0,936.3,943.15,3909701
2018-09-14,941.2,954.8,928.05,951.9,2803861
2018-09-17,947.65,956.4,936.6,950.85,1978897
2018-09-18,949.45,961.0,940.4,946.55,2227889
2018-09-19,947.0,965.65,938.2,948.9,2083160
2018-09-21,963.0,976.7,870.0,959.9,4633394
2018-09-24,955.0,958.2,885.0,896.05,4569708
2018-09-25,896.0,900.0,865.25,893.0,4269089
2018-09-26,903.0,917.85,885.3,893.35,2357565
2018-09-27,888.0,895.45,866.5,877.45,2588148
2018-09-28,877.45,880.95,839.55,860.95,4188699
2018-10-01,860.5,864.45,840.95,847.6,3060818
2018-10-03,845.5,845.5,787.0,791.6,6680994
2018-10-04,780.15,800.0,765.45,794.7,5036305
2018-10-05,791.0,795.75,752.9,769.55,5157618
2018-10-08,768.75,780.95,753.3,774.85,3874262
2018-10-09,775.55,782.45,760.3,764.8,2933355
2018-10-10,768.0,774.6,750.9,764.1,7578601
2018-10-11,747.0,756.5,715.0,730.15,6199047
2018-10-12,738.5,775.9,735.55,768.5,4477653
2018-10-15,775.0,775.45,738.0,749.0,5282462
2018-10-16,753.6,780.0,750.1,777.7,4357854
2018-10-17,789.2,790.75,751.2,759.4,2634539
2018-10-19,748.1,758.0,732.1,741.2,2985488
2018-10-22,747.0,749.0,731.0,733.75,1842855
2018-10-23,730.5,734.4,716.2,729.95,2967082
2018-10-24,740.8,749.2,725.65,736.25,3729119
2018-10-25,728.0,744.5,724.0,733.75,3966709
2018-10-26,731.0,741.8,722.7,728.2,1813847
2018-10-29,728.0,752.85,728.0,749.5,1954444
2018-10-30,751.0,762.75,737.0,746.3,2756355
2018-10-31,749.0,769.1,735.15,765.95,3093083
2018-11-01,770.5,778.7,751.0,756.05,4171044
2018-11-02,765.05,795.9,765.05,783.55,4117317
2018-11-05,784.0,784.65,770.0,775.45,2168486
2018-11-06,780.0,782.0,768.85,778.4,1839552
2018-11-07,788.0,794.0,783.65,792.9,731279
2018-11-09,800.0,805.9,791.0,795.25,3085813
2018-11-12,798.0,807.7,778.1,780.9,2101138
2018-11-13,775.5,793.8,773.85,790.05,3010295
2018-11-14,793.1,797.4,765.5,769.6,4237768
2018-11-15,774.0,775.8,755.0,766.5,4315301
2018-11-16,767.65,776.5,759.75,767.6,2373384
2018-11-19,775.3,783.6,770.1,781.35,2681651
2018-11-20,780.0,792.4,773.35,782.6,2902880
2018-11-21,787.8,787.8,764.7,769.1,1851514
2018-11-22,770.1,772.95,743.1,746.1,2578750
2018-11-26,748.0,755.0,739.25,747.9,2676798
2018-11-27,747.0,753.9,738.1,751.75,2179714
2018-11-28,754.7,759.2,745.55,748.4,2007876
2018-11-29,756.0,780.3,752.0,773.2,5038807
2018-11-30,778.0,796.0,776.7,790.9,5214780
2018-12-03,800.0,800.8,756.6,761.05,5839713
2018-12-04,762.0,762.0,738.5,740.3,7101096
2018-12-05,740.3,740.3,715.1,718.05,4837874
2018-12-06,717.5,722.0,706.5,710.95,3970063
2018-12-07,726.8,726.8,709.6,721.1,2716587
2018-12-10,710.0,725.5,700.0,710.55,3150111
2018-12-11,699.9,729.9,694.0,722.35,4383980
2018-12-12,725.0,753.0,721.25,750.8,3460143
2018-12-13,755.0,765.1,746.25,759.2,3510371
2018-12-14,753.1,764.0,751.6,757.25,1760631
2018-12-17,760.0,763.0,750.5,756.35,2022203
2018-12-18,755.6,772.0,752.4,770.95,3600834
2018-12-19,775.0,787.0,767.1,782.65,3361238
2018-12-20,779.7,797.0,778.5,795.45,2707144
2018-12-21,795.0,814.0,777.7,781.15,6125095
2018-12-24,782.9,792.5,775.0,788.65,2034516
2018-12-26,785.65,793.5,772.0,787.7,1683700
2018-12-27,794.5,802.0,788.1,795.65,3156130
2018-12-28,799.35,807.0,797.0,803.55,1820270
2018-12-31,808.9,810.0,801.2,803.85,2232551
2019-01-01,805.0,805.85,771.3,773.35,3442903
2019-01-02,772.8,772.8,735.1,741.7,10596260
2019-01-03,743.4,744.85,716.2,718.3,11084172
2019-01-04,720.0,728.3,712.5,725.6,5919404
2019-01-07,734.55,735.9,723.55,729.55,2792255
2019-01-08,720.0,733.2,717.5,723.4,4764487
2019-01-09,729.0,729.95,720.15,726.3,2569424
2019-01-10,728.0,734.85,722.8,733.2,2550750
2019-01-11,735.0,735.0,721.25,727.9,2215240
2019-01-14,725.0,726.4,714.3,724.55,1713221
2019-01-15,727.5,730.0,723.35,726.9,2138402
2019-01-16,727.3,732.5,724.55,726.25,1288969
2019-01-17,729.0,740.0,727.95,734.65,3318440
2019-01-18,734.5,737.9,728.0,734.95,1601885
2019-01-21,738.0,738.0,727.35,730.3,1341152
2019-01-22,727.7,727.7,705.15,708.5,5097285
2019-01-23,708.5,709.75,693.6,695.85,4714919
2019-01-24,699.0,700.05,686.05,697.3,3891245
2019-01-25,702.0,703.5,681.0,683.5,3421228
2019-01-28,683.5,683.5,667.5,673.05,5762442
2019-01-29,671.95,676.9,661.6,669.65,4860919
2019-01-30,671.9,680.0,670.3,678.65,2738163
2019-01-31,678.0,683.0,672.75,680.05,3496189
2019-02-01,689.0,715.4,680.55,688.4,8005192
2019-02-04,688.0,688.4,670.35,674.45,2652101
2019-02-05,675.25,692.6,672.65,684.9,3550741
2019-02-06,687.9,698.25,682.05,695.1,2221744
2019-02-07,695.0,708.9,693.1,700.9,2710457
2019-02-08,702.0,706.7,678.55,682.1,10858152
2019-02-11,669.4,673.4,645.2,647.55,7931599
2019-02-12,647.0,657.8,644.0,648.7,3357448
2019-02-13,649.05,652.35,637.25,641.5,3420156
2019-02-14,640.7,642.4,632.3,634.4,3530468
2019-02-15,635.0,636.9,618.8,627.55,5765467
2019-02-18,630.0,630.0,615.6,624.7,4750172
2019-02-19,627.0,642.0,625.25,632.6,3526711
2019-02-20,637.0,637.3,628.15,633.55,2369483
2019-02-21,633.55,635.95,625.0,634.2,2813880
2019-02-22,635.0,648.6,632.25,646.6,4053346
2019-02-25,649.9,653.95,642.3,650.7,1863303
2019-02-26,644.8,656.0,640.0,651.3,3862642
2019-02-27,654.5,662.0,647.15,656.15,3193418
2019-02-28,663.75,663.75,642.5,645.9,3955320
2019-03-01,650.0,652.0,641.0,649.7,3957539
2019-03-05,649.85,657.9,642.05,656.75,6039244
2019-03-06,660.0,664.85,654.0,658.9,7495708
2019-03-07,661.7,677.5,654.2,671.8,8703088
2019-03-08,672.0,679.7,666.4,670.15,3877059
2019-03-11,671.95,683.85,671.5,681.05,4027884
2019-03-12,686.9,693.1,683.35,687.9,3876498
2019-03-13,688.4,689.4,681.25,684.2,1808059
2019-03-14,683.0,688.0,677.15,685.9,1901877
2019-03-15,688.25,697.0,687.0,694.6,5208071
2019-03-18,696.0,704.2,682.05,685.4,3050835
2019-03-19,686.0,693.8,675.1,689.4,2331409
2019-03-20,689.0,694.35,676.15,678.6,2369729
2019-03-22,678.7,684.5,670.0,678.8,2770303
2019-03-25,672.0,675.0,663.4,664.6,2337486
2019-03-26,664.65,672.4,661.0,669.6,2434715
2019-03-27,672.05,672.65,658.55,660.05,2426853
2019-03-28,659.05,662.75,653.6,655.95,3910004
2019-03-29,659.6,675.75,657.75,673.9,3955604
2019-04-01,678.15,689.0,659.0,660.9,5458057
2019-04-02,665.0,670.9,661.45,668.6,3802792
2019-04-03,672.8,676.75,656.9,658.45,2745080
2019-04-04,661.0,662.7,651.2,653.35,3684739
2019-04-05,657.5,663.0,654.0,658.2,2694077
2019-04-08,660.4,668.35,658.3,667.0,3413270
2019-04-09,667.8,669.8,660.45,667.85,2401571
2019-04-10,672.6,675.0,663.1,670.25,2499060
2019-04-11,669.3,679.75,669.3,672.75,4863931
2019-04-12,674.0,679.5,667.55,678.2,3302657
2019-04-15,680.0,686.0,673.3,683.2,2408677
2019-04-16,687.25,695.5,684.8,688.1,3002929
2019-04-18,689.6,691.95,681.25,684.65,2996875
2019-04-22,681.0,685.75,670.9,673.4,1483513
2019-04-23,671.0,675.85,663.75,665.75,3248237
2019-04-24,668.0,669.2,662.25,668.15,2247998
2019-04-25,671.8,673.0,664.0,665.15,3169504
2019-04-26,666.6,668.4,651.5,659.45,3632433
2019-04-30,659.7,662.2,640.0,645.3,5042085
2019-05-02,646.0,660.7,635.2,645.9,3007579
2019-05-03,645.05,652.5,642.85,645.8,2330580
2019-05-06,640.0,645.0,635.1,638.5,1498420
2019-05-07,641.75,642.9,634.2,636.0,3160875
2019-05-08,635.55,637.0,619.0,621.65,3853705
2019-05-09,620.9,627.95,616.1,625.45,1366143
2019-05-10,626.25,631.85,619.0,628.75,2093110
2019-05-13,628.7,628.7,615.0,617.6,1463136
2019-05-14,616.9,620.55,610.55,614.25,2756314
2019-05-15,618.0,628.4,606.95,609.65,2805369
2019-05-16,610.0,612.65,597.2,605.25,1940170
2019-05-17,607.0,622.5,607.0,619.65,2599966
2019-05-20,635.0,662.5,632.25,653.25,4938702
2019-05-21,660.0,662.7,634.4,639.15,2150188
2019-05-22,643.85,643.85,631.25,640.55,1458607
2019-05-23,650.0,655.0,635.1,639.5,3161573
2019-05-24,644.75,667.5,637.85,665.45,3165620
2019-05-27,667.7,683.0,665.0,679.35,2987573
2019-05-28,680.0,682.25,667.25,670.55,5411769
2019-05-29,668.0,677.5,660.85,672.15,5418102
2019-05-30,660.0,667.5,656.35,661.7,5394745
2019-05-31,659.7,665.95,645.1,647.05,4226041
2019-06-03,647.05,659.0,635.05,653.4,4170532
2019-06-04,654.8,659.4,647.8,650.75,1640476
2019-06-06,654.3,655.5,631.35,634.1,3846513
2019-06-07,640.0,645.7,630.05,644.05,2173168
2019-06-10,643.4,649.4,638.2,646.95,2306052
2019-06-11,647.95,647.95,636.0,636.85,2274832
2019-06-12,633.0,638.9,629.45,632.2,1734002
2019-06-13,632.0,642.7,628.1,641.05,2141936
2019-06-14,640.05,641.0,633.4,637.25,1338649
2019-06-17,641.0,641.95,622.25,625.05,2647789
2019-06-18,624.0,629.8,620.1,625.9,2252507
2019-06-19,629.85,632.35,608.0,615.15,2316163
2019-06-20,614.8,630.95,611.25,627.15,2283701
2019-06-21,627.0,633.45,622.25,627.45,2713987
2019-06-24,626.0,637.0,626.0,634.85,2166403
2019-06-25,635.0,644.65,635.0,641.65,3352119
2019-06-26,640.0,647.5,640.0,643.5,2124949
2019-06-27,645.0,660.8,645.0,657.9,3744033
2019-06-28,659.8,662.45,651.5,655.35,3503838
2019-07-01,657.3,663.45,654.45,660.0,3547891
2019-07-02,661.0,668.5,656.3,666.25,2275170
2019-07-03,668.95,675.0,663.3,669.25,2615478
2019-07-04,671.5,674.2,665.3,672.15,1777421
2019-07-05,672.0,675.3,638.5,642.05,3039710
2019-07-08,640.35,645.2,626.2,635.85,3903971
2019-07-09,632.0,638.5,630.0,632.7,1260744
2019-07-10,630.0,636.1,619.1,621.65,2081711
2019-07-11,625.4,635.65,623.6,634.15,1399434
2019-07-12,634.1,637.0,628.5,631.9,1806912
2019-07-15,632.05,638.0,625.45,631.85,2223638
2019-07-16,624.7,627.9,618.85,622.9,3177195
2019-07-17,623.0,626.45,615.3,617.95,1881478
2019-07-18,613.9,616.45,595.0,597.4,4915489
2019-07-19,601.15,601.5,570.0,571.3,6294798
2019-07-22,571.3,576.7,559.9,564.9,4198301
2019-07-23,566.1,567.0,555.85,559.1,4805198
2019-07-24,557.0,557.9,546.0,550.0,3041526
2019-07-25,550.0,553.0,541.9,547.55,4763735
2019-07-26,545.9,566.4,545.0,564.45,5063750
2019-07-29,564.0,565.0,552.15,553.15,2984154
2019-07-30,551.8,561.3,547.55,548.75,3186153
2019-07-31,546.6,553.8,541.75,550.0,2986522
2019-08-01,546.0,551.8,539.3,548.55,2737518
2019-08-02,544.9,563.85,542.15,556.45,5848740
2019-08-05,550.45,554.25,542.35,545.45,3152495
2019-08-06,543.0,552.25,543.0,549.45,2811436
2019-08-07,551.5,551.5,515.0,518.3,8411409
2019-08-08,518.5,541.5,516.35,539.55,5648169
2019-08-09,540.9,548.3,530.0,545.55,4313483
2019-08-13,545.0,545.0,510.25,512.4,3618940
2019-08-14,515.9,525.85,502.55,523.55,4641413
2019-08-16,524.7,531.9,515.55,527.85,3120580
2019-08-19,527.0,535.75,518.0,520.55,2998027
2019-08-20,522.9,535.0,517.5,527.8,3175896
2019-08-21,528.3,535.6,518.1,520.9,2709407
2019-08-22,521.55,523.75,509.85,511.8,2516270
2019-08-23,511.0,536.3,509.25,533.25,2807785
2019-08-26,552.7,552.7,528.9,544.3,4036331
2019-08-27,547.0,559.0,544.5,554.05,4144339
2019-08-28,556.7,559.9,534.75,539.7,3322911
2019-08-29,536.0,544.2,524.25,528.0,4399017
2019-08-30,530.6,532.9,519.05,528.8,2929342
2019-09-03,518.65,521.9,513.0,515.45,3379359
2019-09-04,516.0,519.75,503.15,505.7,3431149
2019-09-05,506.85,519.5,506.7,517.0,2329699
2019-09-06,519.45,531.0,514.6,529.5,2670087
2019-09-09,523.65,536.75,522.0,532.55,3061953
2019-09-11,533.2,548.25,533.2,545.75,3224627
2019-09-12,546.1,551.95,540.25,543.6,3726538
2019-09-13,542.0,552.8,541.5,551.25,4358612
2019-09-16,545.0,550.5,535.65,536.95,2441611
2019-09-17,537.5,539.5,520.0,521.95,2445056
2019-09-18,525.0,531.35,518.2,527.0,2401637
2019-09-19,529.0,529.45,513.0,519.3,2336366
2019-09-20,524.45,574.0,518.65,568.9,14378491
2019-09-23,576.25,602.2,552.0,565.0,9599883
2019-09-24,563.9,575.4,554.6,558.75,3615703
2019-09-25,558.7,558.7,528.0,534.7,5044376
2019-09-26,537.9,569.75,536.0,566.95,6270296
2019-09-27,562.8,567.8,549.15,555.1,4326078
2019-09-30,557.75,558.55,540.3,547.15,3381186
2019-10-01,551.0,566.1,536.6,556.7,5664019
2019-10-03,558.0,564.95,547.1,562.7,3797753
2019-10-04,565.05,575.0,555.45,564.25,4653685
2019-10-07,561.1,562.9,546.5,552.95,2367535
2019-10-09,556.0,578.8,550.95,576.55,4863273
2019-10-10,576.0,576.0,559.25,566.05,2156410
2019-10-11,568.55,574.3,554.1,560.1,3133395
2019-10-14,562.9,572.35,554.55,568.65,2630640
2019-10-15,568.0,586.55,565.2,583.4,4967499
2019-10-16,582.5,586.9,575.35,584.25,2279203
2019-10-17,581.1,596.35,578.75,593.3,3744228
2019-10-18,589.0,595.5,583.6,593.3,2955289
2019-10-22,593.4,601.2,587.45,595.8,3494913
2019-10-23,596.9,599.65,587.15,591.85,2371317
2019-10-24,592.0,595.5,578.6,581.05,2212393
2019-10-25,585.7,585.7,570.25,577.7,2284548
2019-10-29,595.45,618.0,592.5,611.8,6543163
2019-10-30,617.2,619.9,605.0,616.55,4296705
2019-10-31,617.6,621.65,603.75,606.45,4595842
2019-11-01,609.0,609.75,581.0,589.75,7558094
2019-11-04,591.0,594.55,581.9,586.4,3128961
2019-11-05,583.3,590.6,577.1,580.15,2653917
2019-11-06,590.25,590.3,577.1,579.8,2763550
2019-11-07,579.8,583.5,572.0,580.35,3279435
2019-11-08,578.0,596.5,576.85,580.0,8374614
2019-11-11,581.7,586.95,570.0,575.0,3492576
2019-11-13,574.0,580.9,572.0,574.7,3342543
2019-11-14,575.2,579.65,567.75,578.45,2193683
2019-11-15,583.75,590.85,579.75,583.05,3063043
2019-11-18,580.1,582.6,571.8,573.7,3212994
2019-11-19,573.75,575.0,559.65,560.65,3208662
2019-11-20,562.25,568.45,557.5,560.45,2876499
2019-11-21,560.5,562.65,550.2,551.8,3346254
2019-11-22,554.75,555.0,539.2,546.0,2798026
2019-11-25,547.5,552.85,546.25,547.8,3054435
2019-11-26,550.0,552.9,536.95,538.6,4408905
2019-11-27,542.0,554.5,535.0,539.95,6630809
2019-11-28,541.9,543.3,536.25,541.95,2426425
2019-11-29,543.0,543.8,528.25,530.55,3328894
2019-12-02,525.0,537.5,523.5,534.15,4087250
2019-12-03,537.25,537.25,522.0,522.9,3052238
2019-12-04,522.8,529.25,519.15,525.55,2612985
2019-12-05,525.55,531.15,522.0,524.75,2332044
2019-12-06,527.8,527.9,508.1,510.2,3409528
2019-12-09,510.2,518.5,510.05,513.65,2566094
2019-12-10,514.6,514.85,503.75,505.75,2462096
2019-12-11,507.65,511.4,502.65,507.75,2148791
2019-12-12,511.0,514.25,508.2,511.9,2994158
2019-12-13,514.55,522.8,513.75,516.2,4066433
2019-12-16,516.0,519.8,507.6,508.85,2346317
2019-12-17,509.9,512.75,505.0,505.85,3521314
2019-12-18,506.9,524.9,506.5,522.65,10092679
2019-12-19,524.5,538.8,524.5,535.4,10732682
2019-12-20,533.5,539.65,528.5,530.6,4746509
2019-12-23,529.95,535.9,524.7,525.9,2963573
2019-12-24,529.0,532.65,526.2,527.5,2372038
2019-12-26,530.0,536.2,527.05,528.35,4623580
2019-12-27,529.9,532.75,525.05,530.15,3017840
2019-12-30,531.35,539.85,531.35,536.9,4697710
2019-12-31,538.65,538.65,530.6,531.55,2502181
2020-01-01,532.9,538.0,529.55,536.6,2611808
2020-01-02,537.0,541.0,533.5,539.85,2776519
2020-01-03,538.95,539.0,530.4,532.75,1930883
2020-01-06,529.9,530.0,520.5,524.5,2059404
2020-01-07,528.9,532.0,523.05,526.65,2111349
2020-01-08,520.9,526.45,519.0,524.65,1612378
2020-01-09,529.85,542.45,525.7,541.25,2897598
2020-01-10,544.1,547.6,539.25,546.6,2355888
2020-01-13,548.9,557.0,546.6,554.95,3442869
2020-01-14,554.95,563.75,554.95,562.5,2793249
2020-01-15,562.0,571.0,556.7,569.75,2564513
2020-01-16,569.25,569.8,564.05,567.45,2243200
2020-01-17,566.8,574.0,565.15,569.3,2646260
2020-01-20,569.0,574.0,564.35,567.2,1847978
2020-01-21,564.0,564.9,550.1,552.8,3101684
2020-01-22,553.5,556.5,549.0,553.6,1862669
2020-01-23,553.5,567.4,549.55,566.5,2113303
2020-01-24,566.1,572.0,564.1,567.75,2284717
2020-01-27,565.0,582.5,563.0,578.3,3654906
2020-01-28,581.25,589.75,568.5,572.5,3689004
2020-01-29,577.5,580.7,572.15,577.75,1934080
2020-01-30,578.0,587.55,563.85,567.85,2901951
2020-01-31,570.8,577.0,565.3,567.15,2352196
2020-02-03,545.0,565.75,535.2,558.7,3818209
2020-02-04,562.0,578.8,558.8,576.9,2793702
2020-02-05,580.25,589.85,577.4,584.35,3320830
2020-02-06,585.0,589.15,576.05,580.15,2207104
2020-02-07,579.0,581.5,561.3,569.1,4083215
2020-02-10,566.8,567.0,526.05,528.4,9648880
2020-02-11,533.2,537.7,522.7,524.05,5404802
2020-02-12,526.65,534.3,523.9,531.0,3426829
2020-02-13,530.45,538.0,528.3,533.6,3392352
2020-02-14,535.25,536.95,520.65,523.0,3507540
2020-02-17,524.1,525.4,516.0,522.75,2652464
2020-02-18,520.5,524.9,514.1,523.2,2868873
2020-02-19,528.15,529.65,521.8,526.4,1952880
2020-02-20,525.9,533.0,523.0,524.85,2077458
2020-02-24,522.0,522.0,511.1,513.2,1911411
2020-02-25,515.55,519.5,506.1,508.95,2105613
2020-02-26,507.7,512.45,500.0,503.0,3058370
2020-02-27,504.0,504.0,487.55,493.5,6039260
2020-02-28,485.0,485.0,453.6,457.05,8613275
2020-03-02,453.55,472.45,444.35,458.3,9225488
2020-03-03,462.0,471.0,455.25,466.25,4582866
2020-03-04,466.05,477.0,457.5,474.65,5912943
2020-03-05,472.7,482.5,469.0,479.3,4081050
2020-03-06,458.85,473.75,456.5,471.0,4502562
2020-03-09,453.55,465.7,441.0,463.2,4540695
2020-03-11,462.85,469.65,449.7,451.6,5104926
2020-03-12,427.9,435.95,399.65,423.35,9408371
2020-03-13,400.5,449.75,345.65,428.85,6230433
2020-03-16,421.0,428.6,388.8,391.8,3156668
2020-03-17,392.0,408.0,369.95,373.4,4526918
2020-03-18,379.0,383.7,339.1,346.4,6596185
2020-03-19,331.75,331.8,302.0,314.2,10486203
2020-03-20,316.0,328.2,308.25,322.6,8819560
2020-03-23,299.0,303.9,280.6,293.4,6001458
2020-03-24,300.0,309.9,264.4,269.0,6695822
2020-03-25,263.4,288.35,245.4,277.85,9393738
2020-03-26,277.85,294.0,273.1,285.5,7557611
2020-03-27,297.0,305.0,280.8,294.5,9505256
2020-03-30,281.7,284.85,270.0,274.4,8942943
2020-03-31,283.85,287.2,277.8,284.95,6236769
2020-04-01,281.0,283.0,265.5,272.85,5980392
2020-04-03,274.0,290.0,271.35,280.7,6961905
2020-04-07,295.5,323.8,292.75,321.0,10795410
2020-04-08,315.0,350.4,312.8,326.4,8451196
2020-04-09,335.75,391.65,332.4,381.4,11027462
2020-04-13,380.0,380.0,355.0,362.85,7717757
2020-04-15,373.05,379.9,349.3,353.15,11300959
2020-04-16,343.1,360.45,343.0,356.7,6155773
2020-04-17,370.75,370.75,355.55,363.2,6178611
2020-04-20,367.0,367.45,354.0,355.85,4834224
2020-04-21,349.05,349.05,323.5,332.05,8003782
2020-04-22,327.0,345.75,320.6,340.2,9073718
2020-04-23,338.0,349.65,331.55,347.5,6738333
2020-04-24,342.0,344.75,332.0,334.3,5755029
2020-04-27,337.55,343.35,328.15,330.3,5770552
2020-04-28,334.45,338.0,328.5,335.95,4244522
2020-04-29,337.0,351.8,336.25,348.0,7748498
2020-04-30,355.65,368.0,355.0,366.65,7422880
2020-05-04,350.05,362.4,341.1,357.05,7125034
2020-05-05,363.75,381.8,361.45,368.15,13401811
2020-05-06,371.5,393.0,358.25,387.15,7015474
2020-05-07,387.5,403.45,385.1,400.65,12971502
2020-05-08,405.0,407.9,380.7,386.7,9445656
2020-05-11,388.5,402.0,384.35,390.1,7658641
2020-05-12,388.9,395.2,380.2,393.05,4686856
2020-05-13,415.0,418.9,404.25,413.05,7362761
2020-05-14,401.5,407.5,396.0,400.45,4766174
2020-05-15,402.75,403.95,373.2,381.3,14226558
2020-05-18,382.1,383.5,367.25,377.2,7717690
2020-05-19,384.0,391.0,371.2,382.9,5950063
2020-05-20,382.9,413.7,379.7,405.05,10608571
2020-05-21,400.15,412.2,397.8,408.3,6249310
2020-05-22,404.0,430.35,398.7,426.35,10016213
2020-05-26,427.0,435.2,421.65,429.15,5895379
2020-05-27,426.5,434.95,415.0,432.5,7591378
2020-05-28,429.5,444.0,423.85,440.4,7451065
2020-05-29,434.0,450.0,431.1,436.35,9539037
2020-06-01,441.85,470.5,441.5,461.1,9668052
2020-06-02,465.1,478.85,460.85,462.85,8521141
2020-06-03,470.0,492.6,466.5,485.1,9873439
2020-06-04,485.3,486.25,469.4,478.45,5829515
2020-06-05,479.0,489.45,475.4,484.2,6265849
2020-06-08,485.5,494.15,468.25,470.85,5955229
2020-06-09,473.8,482.8,463.3,478.75,7656758
2020-06-10,476.15,483.7,468.85,472.05,4849036
2020-06-11,472.0,480.0,469.5,474.55,4331785
2020-06-12,457.0,512.9,456.1,508.45,18369324
2020-06-15,505.15,520.95,498.7,508.15,17605886
2020-06-16,517.1,519.0,501.3,506.75,6712936
2020-06-17,504.9,504.9,492.5,497.6,9274056
2020-06-18,496.9,508.9,492.0,506.6,7114852
2020-06-19,506.6,506.6,496.4,500.05,9811021
2020-06-22,501.75,502.25,494.1,498.75,5149781
2020-06-23,500.0,519.9,497.6,516.4,9132472
2020-06-24,520.0,527.65,512.55,515.35,7569986
2020-06-25,509.9,516.35,503.35,507.25,5249631
2020-06-26,515.0,515.25,498.7,501.4,4079405
2020-06-29,494.1,510.95,493.05,507.45,4459962
2020-06-30,509.0,515.5,507.1,510.7,5487685
2020-07-01,513.75,521.4,494.25,498.95,8990865
2020-07-02,506.5,532.0,504.4,529.7,16513525
2020-07-03,531.4,535.5,524.2,530.5,7982336
2020-07-06,533.65,573.55,533.65,570.55,16728409
2020-07-07,565.0,568.0,551.65,560.0,9208254
2020-07-08,564.0,568.25,549.0,551.25,5173213
2020-07-09,554.0,564.3,548.05,560.3,4123903
2020-07-10,555.3,568.95,552.0,554.85,5752463
2020-07-14,553.0,553.95,538.0,545.2,3097320
2020-07-15,550.0,559.7,542.75,550.15,5671830
2020-07-16,547.0,574.5,542.55,570.9,11752682
2020-07-17,571.95,591.25,565.5,588.8,9124229
2020-07-20,588.9,597.6,582.15,594.0,5771917
2020-07-21,592.85,597.5,585.5,588.3,3850519
2020-07-22,588.6,612.0,582.0,592.0,11559026
2020-07-23,590.95,609.0,584.5,603.35,7606029
2020-07-24,594.1,600.95,590.1,598.7,3531712
2020-07-27,598.15,600.0,588.0,594.4,3345207
2020-07-28,591.6,625.8,588.75,620.35,10289451
2020-07-29,620.0,624.9,601.0,604.85,5182955
2020-07-30,606.0,614.8,596.25,598.35,4958327
2020-07-31,599.9,610.85,592.15,606.45,3962668
2020-08-03,610.0,620.5,594.2,597.15,5002825
2020-08-04,597.15,609.6,597.15,602.6,4889759
2020-08-05,605.9,620.0,603.2,614.25,3834862
2020-08-06,618.0,618.0,605.55,609.65,3857563
2020-08-07,610.1,616.5,598.7,600.45,7679209
2020-08-10,605.0,640.8,605.0,628.9,12341776
2020-08-11,630.0,640.6,622.4,629.55,5128839
2020-08-12,628.0,648.6,624.35,634.95,8891691
2020-08-13,635.15,645.3,628.4,631.45,5773589
2020-08-14,634.0,637.85,607.55,614.45,3623116
2020-08-17,628.0,632.0,613.8,623.6,5687653
2020-08-18,625.0,632.75,618.6,622.65,3989513
2020-08-19,627.0,631.9,622.0,623.9,2762496
2020-08-20,620.0,623.0,610.0,612.05,3165828
2020-08-21,620.0,620.95,608.0,609.8,4191443
2020-08-24,613.0,615.7,601.0,601.95,3708069
2020-08-25,605.0,612.4,601.5,609.35,4248591
2020-08-26,613.0,625.5,610.5,613.35,5814797
2020-08-27,619.15,639.3,615.6,636.75,7637643
2020-08-28,642.25,647.0,629.35,631.4,7811624
2020-08-31,637.0,640.5,602.1,606.9,5012806
2020-09-01,610.0,621.55,605.0,607.55,5572232
2020-09-02,608.0,645.9,602.05,642.75,7887162
2020-09-03,640.5,656.0,632.0,644.65,9194835
2020-09-04,629.0,649.8,626.3,632.0,5889149
2020-09-07,632.3,633.85,605.3,610.45,9388041
2020-09-08,611.0,624.5,605.3,608.6,6826136
2020-09-09,606.8,617.0,597.4,613.9,6590533
2020-09-10,619.5,623.9,612.9,615.45,4699862
2020-09-11,614.9,621.9,612.1,614.25,2838777
2020-09-14,615.0,629.4,611.9,615.3,4921204
2020-09-15,619.25,624.0,611.95,613.45,3805649
2020-09-16,616.0,649.8,616.0,639.45,18993400
2020-09-17,631.0,643.5,627.65,636.8,6363970
2020-09-18,640.0,659.4,634.55,654.15,13518215
2020-09-21,657.0,666.6,615.45,622.45,9301969
2020-09-22,622.45,624.25,603.0,615.8,5369370
2020-09-23,622.05,623.35,603.25,612.6,4116751
2020-09-24,605.0,606.4,567.5,575.1,8991893
2020-09-25,583.9,595.45,576.6,592.3,5415792
2020-09-28,595.0,618.0,593.1,615.25,5494528
2020-09-29,615.25,626.5,603.1,613.2,5747565
2020-09-30,615.95,623.0,605.55,607.9,4990827
2020-10-01,614.7,621.9,608.15,610.15,3842331
2020-10-05,615.0,616.25,597.1,607.0,5977265
2020-10-06,611.6,633.0,609.0,627.4,9071955
2020-10-07,629.9,636.9,625.0,631.6,6086867
2020-10-08,634.15,640.95,627.6,634.15,4683786
2020-10-09,634.15,647.45,628.3,633.2,4972965
2020-10-12,637.9,639.7,630.0,634.4,3247642
2020-10-13,634.35,642.0,624.35,627.9,3769229
2020-10-14,623.4,627.8,616.3,623.85,2776984
2020-10-15,620.95,633.0,614.1,617.3,3795307
2020-10-16,617.5,623.95,602.05,606.65,4274914
2020-10-19,612.7,614.5,595.2,597.45,3646303
2020-10-20,597.4,609.0,590.3,602.25,4377774
2020-10-21,606.9,610.8,592.2,600.85,3684794
2020-10-22,599.8,606.95,594.1,604.35,3818892
2020-10-23,609.75,628.0,605.35,625.15,6421823
2020-10-26,624.95,625.85,594.6,597.15,4800537
2020-10-27,600.4,605.0,593.5,597.15,5712303
2020-10-28,599.0,613.0,594.2,604.15,6811118
2020-10-29,598.2,604.15,590.25,591.95,3680984
2020-10-30,592.55,601.75,586.8,594.0,4209087
2020-11-02,592.0,599.9,589.0,596.05,4085120
2020-11-03,599.3,605.45,594.0,595.8,3669816
2020-11-04,597.8,603.65,592.0,596.8,2475177
2020-11-05,603.3,607.4,599.25,602.1,3794240
2020-11-06,603.0,619.3,601.7,613.6,5908936
2020-11-09,621.0,622.0,610.2,616.35,3819808
2020-11-10,622.0,627.7,611.0,619.95,7876161
2020-11-11,625.0,644.55,622.15,633.2,7561527
2020-11-12,633.05,654.4,629.5,632.7,6913788
2020-11-13,633.95,638.95,628.05,629.85,4107823
2020-11-17,639.0,646.0,633.65,637.25,6173551
2020-11-18,637.2,709.95,637.0,705.75,32986476
2020-11-19,699.0,728.4,692.3,703.9,15336768
2020-11-20,710.0,718.55,697.4,715.6,6730897
2020-11-23,716.4,720.75,699.0,705.45,4484068
2020-11-24,710.0,745.5,706.25,729.35,16121626
2020-11-25,732.0,732.95,716.0,719.95,5423034
2020-11-26,722.0,736.8,720.0,728.5,6798860
2020-11-27,736.9,742.95,711.0,722.0,11302666
2020-12-01,736.4,736.5,708.05,734.55,5710611
2020-12-02,734.0,758.0,730.55,753.6,6337698
2020-12-03,750.05,756.35,743.7,745.85,2957787
2020-12-04,749.1,764.45,743.2,750.55,5356456
2020-12-07,750.0,755.85,744.05,752.3,3525945
2020-12-08,753.35,764.0,743.55,754.0,4333519
2020-12-09,756.8,762.95,750.2,755.0,3213975
2020-12-10,745.0,754.95,731.05,736.15,3814006
2020-12-11,738.9,746.7,722.1,727.55,4197494
2020-12-14,731.65,737.4,710.0,711.7,4183639
2020-12-15,710.0,720.0,701.0,717.95,5495877
2020-12-16,737.1,746.25,726.2,731.95,11262389
2020-12-17,735.1,738.45,725.35,730.65,3630553
2020-12-18,726.1,737.95,722.55,733.6,6671658
2020-12-21,729.0,730.0,660.25,685.95,9130116
2020-12-22,688.8,699.35,667.3,695.05,7305751
2020-12-23,693.0,715.0,688.25,711.5,4383472
2020-12-24,712.5,722.55,700.1,710.9,3373695
2020-12-28,715.4,718.8,707.3,710.95,2484872
2020-12-29,714.5,717.0,704.0,707.05,2808820
2020-12-30,710.0,724.3,704.35,720.7,3219036
2020-12-31,719.75,725.55,713.5,720.6,3723205
2021-01-01,725.0,744.75,723.0,732.45,9543128
2021-01-04,735.0,751.0,727.25,749.1,4547027
2021-01-05,748.0,748.0,730.0,740.1,3551554
2021-01-06,741.0,746.45,730.45,736.1,3601608
2021-01-07,743.0,755.0,740.1,744.4,4063641
2021-01-08,750.0,772.8,745.0,770.5,5998381
2021-01-11,773.05,791.4,763.2,789.1,6643610
2021-01-12,789.95,796.75,777.4,779.85,5532160
2021-01-13,784.6,837.5,782.25,828.35,19610461
2021-01-14,828.9,843.85,827.35,829.9,8576718
2021-01-15,828.0,838.0,815.35,819.65,4996951
2021-01-18,817.9,820.8,797.15,809.0,3955069
2021-01-19,810.0,819.6,801.55,808.05,3991167
2021-01-20,807.0,831.95,802.0,824.5,4502291
2021-01-21,823.0,835.0,800.3,808.25,4455107
2021-01-22,808.0,826.7,795.0,798.4,5588252
2021-01-25,802.1,812.95,784.25,794.55,3353172
2021-01-27,797.0,817.0,763.4,769.95,6585102
2021-01-28,758.0,778.1,756.1,765.0,4622634
2021-01-29,772.55,799.95,746.0,749.6,8761073
2021-02-01,753.0,808.85,741.55,795.15,6592083
2021-02-02,810.0,837.4,802.6,816.85,5334431
2021-02-03,821.0,858.9,818.0,833.2,8802838
2021-02-04,835.0,893.55,835.0,866.5,14706560
2021-02-05,879.9,881.7,841.2,865.5,15668083
2021-02-08,891.0,952.05,891.0,928.4,21179625
2021-02-09,929.5,939.0,885.2,895.0,9210613
2021-02-10,899.0,917.0,886.1,914.15,6465767
2021-02-11,916.45,920.05,902.35,914.2,3640848
2021-02-12,916.0,918.55,905.0,908.55,2484145
2021-02-15,910.9,920.0,898.25,911.85,4178613
2021-02-16,915.0,921.75,902.1,912.2,4223635
2021-02-17,905.0,920.15,904.6,914.95,3903522
2021-02-18,914.95,914.95,891.65,894.45,4616205
2021-02-19,890.0,905.65,862.85,879.25,5171996
2021-02-22,880.0,882.5,833.1,837.1,5960870
2021-02-23,842.1,856.95,819.1,840.95,7348084
2021-02-24,841.1,855.9,840.0,849.6,3184114
2021-02-25,853.1,866.6,842.05,859.0,6134649
2021-02-26,848.05,856.65,798.5,806.4,12073749
2021-03-01,821.0,852.7,816.2,819.45,9223619
2021-03-02,832.95,868.0,820.05,860.05,9706013
2021-03-03,866.95,868.0,847.05,852.05,5028771
2021-03-04,841.85,858.3,834.8,845.25,4574138
2021-03-05,840.0,860.75,838.35,840.4,5179108
2021-03-08,847.95,857.35,840.0,851.0,3474579
2021-03-09,853.0,865.7,842.0,852.0,3536262
2021-03-10,856.4,875.0,849.0,863.8,3971353
2021-03-12,869.5,876.2,844.15,855.8,4012449
2021-03-15,862.0,862.0,824.0,844.4,3069343
2021-03-16,852.0,856.5,840.0,842.85,2996797
2021-03-17,847.6,851.35,833.7,836.95,2034583
2021-03-18,842.0,860.55,834.0,845.65,5033325
2021-03-19,839.95,860.0,820.55,850.3,7538327
2021-03-22,849.8,859.35,832.15,853.05,2906300
2021-03-23,859.95,865.0,841.5,844.65,3925212
2021-03-24,836.25,845.0,808.6,811.4,4066262
2021-03-25,811.8,814.0,788.1,791.7,4501404
2021-03-26,799.85,814.65,792.15,799.35,4170972
2021-03-30,805.55,805.55,783.0,795.0,5671140
2021-03-31,795.1,805.75,790.1,795.25,3972382
2021-04-01,801.5,809.8,779.75,807.6,5678798
2021-04-05,808.3,808.8,769.25,774.45,4176802
2021-04-06,784.0,791.6,775.0,781.1,2984229
2021-04-07,781.3,798.6,775.4,796.3,2271095
2021-04-08,802.0,811.0,793.0,795.15,3324494
2021-04-09,795.0,801.0,785.0,791.15,2065092
2021-04-12,779.0,779.0,738.55,751.5,4628388
2021-04-13,754.0,817.0,750.8,811.25,12501628
2021-04-15,805.0,808.9,785.15,805.1,5256004
2021-04-16,805.1,837.85,803.2,821.65,6915568
2021-04-19,785.1,807.0,785.1,794.95,4317341
2021-04-20,808.0,821.2,800.55,811.15,4830957
2021-04-22,795.0,804.85,785.5,799.7,4576665
2021-04-23,796.0,805.6,774.1,777.9,4796085
2021-04-26,780.0,793.3,775.65,780.5,3528851
2021-04-27,781.0,787.95,777.0,778.4,3624649
2021-04-28,786.0,801.6,778.85,782.1,5214319
2021-04-29,788.0,792.05,768.6,774.6,3642323
2021-04-30,768.4,778.4,750.45,752.55,4466148
2021-05-03,744.9,766.55,740.05,752.95,3749870
2021-05-04,759.0,762.7,731.1,741.15,3820769
2021-05-05,743.15,749.0,737.35,747.55,3102424
2021-05-06,751.5,759.5,746.15,747.4,3662506
2021-05-07,752.0,772.0,751.0,767.4,4833670
2021-05-10,772.0,783.8,768.65,780.45,2095644
2021-05-11,770.0,779.7,766.2,776.0,2938331
2021-05-12,771.5,771.7,755.15,759.7,3480378
2021-05-14,763.1,763.7,736.0,741.5,4984389
2021-05-17,740.0,756.0,735.4,753.55,3479938
2021-05-18,761.0,799.95,754.0,797.7,8634396
2021-05-19,794.0,794.0,778.0,784.8,4360320
2021-05-20,784.05,809.55,782.0,803.25,10092542
2021-05-21,804.0,821.0,800.75,818.95,5721630
2021-05-24,821.5,824.0,807.0,810.0,3495533
2021-05-25,819.65,828.0,808.35,811.25,5044078
2021-05-26,816.0,826.0,813.0,821.2,3084558
2021-05-27,825.3,831.0,816.9,828.6,6902630
2021-05-28,829.0,853.0,810.5,845.85,11638455
2021-05-31,824.0,824.0,790.0,807.95,17596018
2021-06-01,813.0,818.0,800.25,806.3,7230033
2021-06-02,806.3,812.0,802.3,806.2,4244490
2021-06-03,812.0,813.2,798.1,802.05,5001405
2021-06-04,814.0,814.0,803.1,804.6,5084092
2021-06-07,807.9,811.75,802.6,803.85,2994862
2021-06-08,804.1,810.0,797.5,807.85,2960405
2021-06-09,808.0,816.75,801.0,804.45,4176767
2021-06-10,808.0,810.95,803.05,806.95,2264605
2021-06-11,809.0,815.85,805.5,809.0,1783272
2021-06-14,809.0,809.5,794.0,807.45,1598770
2021-06-15,807.35,813.5,806.0,808.6,1640381
2021-06-16,808.8,821.85,801.6,806.15,3863280
2021-06-17,802.0,809.9,792.55,805.7,1988175
2021-06-18,806.0,808.95,773.1,781.55,5793496
2021-06-21,776.0,778.85,762.35,776.85,3024852
2021-06-22,780.1,789.55,772.7,775.2,2925669
2021-06-23,781.9,786.0,775.0,781.95,2700327
2021-06-24,783.0,794.0,779.0,791.8,3251137
2021-06-28,795.0,799.0,789.25,793.5,1409432
2021-06-29,789.0,792.0,779.4,781.6,3167773
2021-06-30,784.9,789.4,775.45,777.7,2393862
2021-07-01,778.0,798.75,774.9,779.45,5697553
2021-07-02,786.0,787.3,777.0,782.6,1963778
2021-07-05,786.0,793.5,784.5,791.75,1320469
2021-07-06,790.6,795.0,778.7,781.9,1420179
2021-07-07,777.8,781.9,768.55,778.9,3004815
2021-07-08,777.95,787.6,771.0,776.25,2010027
2021-07-09,772.0,776.0,767.0,771.55,1658120
2021-07-12,776.0,781.0,768.5,772.85,2681410
2021-07-13,777.9,782.2,773.65,781.15,2189466
2021-07-14,780.0,787.0,777.05,786.15,2067565
2021-07-15,781.0,783.95,775.2,779.9,2109663
2021-07-16,784.0,784.0,776.5,779.8,845054
2021-07-19,775.8,780.7,770.0,775.8,1265906
2021-07-20,775.0,775.7,752.35,760.2,2179910
2021-07-22,764.2,767.1,755.65,758.45,2182264
2021-07-23,758.5,767.85,758.25,764.2,1179241
2021-07-26,763.0,764.1,752.5,754.3,1187498
2021-07-27,756.0,760.0,742.65,745.55,1732564
2021-07-28,750.7,750.7,724.65,728.7,4016758
2021-07-29,730.0,738.85,726.1,731.45,2489035
2021-07-30,735.2,760.0,731.85,743.1,4642619
2021-08-02,750.0,759.05,744.6,757.7,2260861
2021-08-03,763.4,772.7,755.5,770.85,3235393
2021-08-04,773.0,775.8,764.55,766.25,2659372
2021-08-05,766.0,766.35,756.7,759.35,1451370
2021-08-06,763.8,772.3,755.0,758.25,4471604
2021-08-09,762.0,782.0,761.5,774.95,6700633
2021-08-10,776.95,789.8,775.15,786.3,4724852
2021-08-11,786.3,789.95,767.5,778.7,3147983
2021-08-12,781.0,794.65,773.75,776.2,3551026
2021-08-13,782.95,789.5,772.6,778.65,3391864
2021-08-16,780.4,803.95,780.25,799.3,7131928
2021-08-17,799.25,803.95,782.0,790.65,3835522
2021-08-18,793.9,797.0,786.9,791.35,2450964
2021-08-20,788.8,791.35,776.25,785.65,3050982
2021-08-23,790.0,793.45,763.65,765.9,2512960
2021-08-24,767.0,779.9,761.6,778.15,1662376
2021-08-25,780.95,783.0,770.55,772.05,1693443
2021-08-26,771.0,782.9,767.25,781.4,2576883
2021-08-27,779.9,785.0,765.0,775.15,2907125
2021-08-30,783.95,794.15,783.0,791.55,3028708
2021-08-31,788.0,795.8,781.3,793.3,3324467
2021-09-01,793.3,802.5,768.9,769.9,6031309
2021-09-02,772.85,774.15,750.0,752.45,4879865
2021-09-03,756.0,757.0,745.1,749.9,4257842
2021-09-06,753.0,759.8,747.05,754.75,3682183
2021-09-07,755.1,758.7,748.1,753.1,2273976
2021-09-08,756.0,757.8,749.0,754.75,2380939
2021-09-09,750.0,756.5,747.55,750.75,3313559
2021-09-13,753.5,753.5,740.35,745.55,3139833
2021-09-14,744.8,752.55,744.65,750.2,3089381
2021-09-15,752.0,760.0,746.5,755.1,3336656
2021-09-16,759.85,761.0,751.35,756.95,2686018
2021-09-17,758.2,766.0,749.15,754.15,5504398
2021-09-20,749.4,756.5,732.2,738.05,2933375
2021-09-21,740.1,740.9,729.55,738.45,2380834
2021-09-22,738.9,759.0,738.45,752.5,2287017
2021-09-23,756.5,762.0,752.75,758.45,1890322
2021-09-24,759.5,782.05,752.55,779.45,4967824
2021-09-27,789.5,813.75,783.05,811.35,9210666
2021-09-29,800.0,815.7,799.0,812.1,2291977
2021-09-30,808.05,817.4,801.3,803.05,3264689
2021-10-01,800.0,831.0,787.0,827.85,7704216
2021-10-04,832.5,852.0,828.1,841.15,6544700
2021-10-05,841.15,846.0,835.05,843.05,2647442
2021-10-06,846.0,854.9,829.0,834.1,3288323
2021-10-07,839.7,887.8,837.15,878.25,9515673
2021-10-08,893.7,895.0,872.55,877.8,3938358
2021-10-12,888.0,894.65,877.0,890.1,3433345
2021-10-14,938.5,946.25,922.2,931.4,3354982
2021-10-18,958.0,958.0,908.3,910.95,2885649
2021-10-21,908.3,911.1,893.4,897.0,2614538
2021-10-25,883.0,905.9,883.0,890.7,2833933
2021-10-26,893.4,900.0,884.0,894.55,3410657
2021-10-27,900.0,903.8,883.5,886.8,3362019
2021-10-28,887.0,896.0,877.9,883.85,2171227
2021-10-29,883.5,901.5,862.0,884.25,2482056
2021-11-03,864.0,869.9,843.0,849.0,3288759
2021-11-04,855.75,875.0,853.0,872.85,973315
2021-11-08,878.0,878.25,854.3,859.5,4481883
2021-11-09,864.0,905.4,862.6,892.15,15376349
2021-11-10,905.9,925.0,895.0,919.65,17083220
2021-11-11,918.95,928.8,911.0,924.75,4935551
2021-11-12,934.0,939.5,925.0,937.8,6239600
2021-11-15,935.0,948.55,921.1,928.4,3757546
2021-11-16,928.4,965.95,925.55,960.3,7368780
2021-11-17,959.95,979.0,947.25,954.45,5416608
2021-11-18,955.0,955.0,918.2,923.7,3463426
2021-11-22,926.4,930.25,893.7,900.85,3731367
2021-11-23,897.85,908.5,893.6,901.35,3195288
2021-11-24,907.7,907.7,890.0,893.2,2708554
2021-11-25,890.9,898.9,883.5,891.2,2288825
2021-11-26,885.0,885.0,843.0,853.75,3934155
2021-11-29,845.2,867.8,828.35,850.8,3936245
2021-11-30,850.8,860.8,828.55,835.5,6067618
2021-12-01,836.0,842.7,823.25,834.7,5121634
2021-12-02,835.8,859.95,835.05,849.55,4677008
2021-12-03,848.95,855.6,833.95,836.95,2933597
2021-12-06,838.0,840.6,820.05,822.15,1552749
2021-12-07,826.5,833.65,822.5,825.95,1976433
2021-12-08,834.5,843.7,826.95,840.75,2346456
2021-12-09,857.4,857.4,836.0,851.1,4078098
2021-12-10,850.1,868.6,850.1,859.7,3434165
2021-12-13,868.95,868.95,839.7,843.1,2683048
2021-12-14,840.0,841.95,826.0,836.85,1979863
2021-12-15,844.0,853.7,838.2,846.2,3208613
2021-12-16,852.9,862.25,846.2,853.3,3965285
2021-12-17,848.0,852.25,830.0,834.6,2675800
2021-12-21,822.4,827.0,807.5,812.2,1973119
2021-12-22,818.8,827.2,811.0,818.7,1979912
2021-12-23,824.9,833.8,822.75,826.85,1495208
2021-12-24,831.0,832.05,808.0,812.65,1071730
2021-12-27,808.0,823.15,806.95,818.55,1492196
2021-12-28,824.0,840.0,819.05,838.7,1677680
2021-12-29,843.45,843.45,830.85,832.7,1575343
2021-12-30,843.0,843.0,827.15,829.3,1874659
2021-12-31,834.8,845.0,830.2,837.15,1528983
2022-01-03,835.0,840.0,826.3,829.8,1537088
2022-01-04,837.95,842.0,825.65,831.85,1886453
2022-01-05,830.0,847.0,830.0,839.5,2634010
2022-01-06,839.0,842.25,827.5,839.85,2962301
2022-01-07,841.0,849.75,822.5,829.0,2531717
2022-01-10,835.95,846.75,829.7,841.95,3403434
2022-01-12,846.8,884.2,842.5,880.55,9022415
2022-01-13,880.55,909.5,868.0,896.0,5658001
2022-01-14,889.8,895.95,879.65,881.2,2027852
2022-01-17,884.2,904.0,882.65,900.8,3617269
2022-01-18,902.0,910.1,888.3,892.15,3468168
2022-01-19,908.95,908.95,880.8,894.4,4215758
2022-01-20,896.0,897.6,872.85,880.5,2486026
2022-01-21,875.8,884.9,865.2,875.2,1872843
2022-01-24,871.2,878.35,848.05,854.7,3386669
2022-01-25,846.1,858.25,845.25,854.5,4742388
2022-01-28,864.4,896.0,860.4,869.65,4208702
2022-01-31,878.9,888.85,872.1,885.8,2335040
2022-02-01,892.0,894.7,864.2,869.7,2921070
2022-02-02,875.7,880.3,865.15,869.35,1341479
2022-02-03,868.0,882.4,852.15,856.2,2630289
2022-02-04,861.4,861.4,836.15,841.7,2080640
2022-02-07,841.0,844.7,822.2,829.5,1801701
2022-02-08,830.0,837.7,817.15,832.05,2729631
2022-02-09,838.0,845.95,833.15,840.2,2165223
2022-02-10,844.0,857.75,830.15,853.05,6949276
2022-02-11,853.0,861.95,835.6,853.65,5146850
2022-02-14,841.75,845.4,780.7,825.05,4202165
2022-02-15,828.0,858.0,820.4,854.6,2728328
2022-02-16,854.6,878.5,854.6,864.25,4401342
2022-02-17,872.0,877.3,859.0,862.25,2041741
2022-02-18,857.2,869.75,847.15,852.0,1616856
2022-02-21,845.2,850.5,832.0,841.1,2255753
2022-02-22,827.0,856.0,823.35,853.25,2768989
2022-02-23,856.0,869.7,845.7,850.3,2265060
2022-02-25,812.7,825.0,802.0,807.6,3470318
2022-02-28,807.0,807.0,786.75,790.85,5026913
2022-03-02,785.5,810.75,769.0,778.35,5779175
2022-03-03,792.0,793.15,760.05,762.05,2763929
2022-03-04,750.0,756.0,730.0,732.3,4829850
2022-03-08,690.55,703.05,671.15,700.65,4000294
2022-03-09,705.0,739.9,700.0,734.85,5490287
2022-03-10,761.95,762.5,735.0,738.85,4064470
2022-03-11,734.0,741.8,728.7,734.8,2364792
2022-03-14,734.8,746.0,725.45,743.2,3563695
2022-03-15,745.0,769.2,745.0,761.2,4811450
2022-03-16,768.85,776.0,765.0,773.65,2277631
2022-03-17,785.0,799.9,777.0,794.4,3787641
2022-03-21,789.6,791.1,780.1,783.5,3008019
2022-03-22,783.0,789.05,769.0,785.6,5436875
2022-03-23,790.0,794.2,772.1,774.1,3277274
2022-03-24,773.7,780.0,762.65,765.65,2248114
2022-03-25,773.0,773.0,758.2,764.75,3148869
2022-03-28,764.9,772.7,751.3,769.25,4719388
2022-03-29,771.0,783.0,770.7,773.35,3519610
2022-03-30,779.3,795.0,775.9,793.35,4407033
2022-03-31,798.0,813.0,798.0,806.55,7059986
2022-04-01,811.0,829.5,807.7,826.55,3406177
2022-04-04,818.0,836.0,810.0,833.7,4163250
2022-04-05,837.0,852.0,833.7,836.55,2669967
2022-04-06,838.7,838.7,822.95,827.85,2049292
2022-04-07,826.0,840.3,822.3,834.3,2913537
2022-04-08,830.0,860.65,827.05,857.4,4145522
2022-04-11,854.95,861.35,846.2,856.85,2922901
2022-04-12,850.0,867.4,843.3,860.8,2961076
2022-04-13,862.5,875.0,862.35,866.1,3695363
2022-04-18,866.1,876.0,858.1,874.1,3076843
2022-04-19,878.1,887.8,865.1,872.5,3301212
2022-04-20,873.45,889.9,873.45,881.25,2208791
2022-04-21,881.25,914.0,880.75,911.0,3206906
2022-04-22,903.8,927.05,889.05,920.65,4924905
2022-04-25,914.35,928.0,895.1,904.0,5476626
2022-04-26,906.6,942.9,906.6,940.15,6384561
2022-04-27,930.0,940.7,922.95,926.85,3154605
2022-04-28,945.0,945.0,918.5,922.9,2869224
2022-04-29,928.9,939.25,918.0,922.1,3467791
2022-05-02,915.0,933.7,909.7,921.35,2740823
2022-05-05,910.0,921.0,895.65,899.05,2690817
2022-05-06,890.0,914.8,887.3,893.85,4247088
2022-05-09,880.0,901.9,875.0,895.3,1790691
2022-05-10,895.3,910.95,884.1,888.35,2436623
2022-05-11,888.6,898.4,876.5,887.05,3048794
2022-05-12,884.9,889.0,853.7,865.25,4908042
2022-05-13,879.8,905.0,870.1,889.5,4956950
2022-05-16,895.0,908.9,892.7,903.35,2856221
2022-05-17,907.0,917.0,898.15,910.8,3469290
2022-05-18,910.0,922.75,905.2,913.3,3203522
2022-05-19,901.0,913.0,880.15,882.55,2658159
2022-05-20,896.9,911.35,888.65,903.8,3426756
2022-05-23,911.0,943.45,910.25,941.9,6613972
2022-05-24,949.0,960.4,943.1,946.85,4546511
2022-05-25,953.8,953.8,923.35,928.4,1363358
2022-05-26,930.1,933.5,914.8,929.8,2384886
2022-05-27,940.0,958.0,923.0,952.85,3269005
2022-05-30,972.25,1011.75,957.05,998.35,11690785
2022-05-31,997.95,1043.0,992.0,1034.35,13301109
2022-06-01,1035.0,1057.25,1014.8,1047.35,7889745
2022-06-02,1044.95,1057.95,1035.0,1044.55,4081658
2022-06-03,1050.1,1056.55,1025.7,1028.65,2660682
2022-06-06,1028.0,1048.6,1018.0,1035.95,3443406
2022-06-07,1034.8,1045.0,1018.1,1042.55,2162861
2022-06-08,1056.95,1056.95,1034.25,1045.0,4293398
2022-06-09,1036.0,1049.3,1032.0,1045.1,2757706
2022-06-10,1033.0,1043.5,1026.6,1036.5,2425545
2022-06-13,1023.65,1029.0,998.55,1004.3,4047155
2022-06-14,1000.0,1025.0,999.05,1019.25,3614327
2022-06-15,1024.65,1039.3,1020.0,1025.5,3333753
2022-06-16,1037.7,1037.7,997.0,1005.25,3255301
2022-06-17,1000.0,1007.95,983.15,997.65,5318310
2022-06-20,1005.0,1008.0,979.1,982.7,3722583
2022-06-21,982.7,1004.75,981.8,997.95,6263423
2022-06-22,995.15,1003.95,972.65,983.8,2629024
2022-06-23,986.0,1031.6,985.2,1027.7,7303072
2022-06-24,1036.9,1074.5,1031.6,1072.05,7273273
2022-06-27,1089.8,1095.0,1072.05,1082.7,6316257
2022-06-28,1082.0,1121.45,1079.45,1112.0,11020641
2022-06-29,1106.0,1115.45,1090.7,1111.75,5052023
2022-06-30,1109.3,1117.5,1088.05,1093.15,4165189
2022-07-01,1092.4,1113.35,1064.0,1107.35,2839545
2022-07-04,1101.0,1102.0,1079.4,1091.2,2784613
2022-07-05,1091.0,1102.0,1078.0,1081.95,3675577
2022-07-06,1082.7,1112.0,1080.6,1104.55,4957228
2022-07-07,1119.0,1138.95,1114.6,1133.3,4917004
2022-07-08,1184.95,1194.9,1126.15,1133.6,10482265
2022-07-11,1128.95,1167.9,1122.65,1165.05,4520273
2022-07-13,1153.2,1156.5,1138.1,1140.35,3379695
2022-07-14,1134.8,1151.35,1131.2,1142.65,2423203
2022-07-15,1143.0,1175.9,1140.4,1172.5,3879759
2022-07-18,1179.5,1179.5,1159.25,1163.4,3480683
2022-07-19,1161.9,1189.5,1161.0,1186.25,4056414
2022-07-20,1195.0,1195.0,1162.5,1165.65,3028752
2022-07-21,1167.1,1180.0,1164.8,1175.15,2062279
2022-07-22,1180.0,1185.9,1170.3,1181.1,1983433
2022-07-25,1185.0,1185.0,1132.0,1135.85,4380502
2022-07-26,1134.0,1146.0,1125.15,1136.0,2598868
2022-07-27,1140.0,1150.3,1126.8,1138.1,1647876
2022-07-28,1142.1,1152.0,1135.35,1149.15,1929675
2022-07-29,1158.8,1184.2,1153.25,1164.45,2230572
2022-08-01,1189.4,1248.7,1184.25,1237.75,12673841
2022-08-02,1237.7,1259.75,1226.2,1254.5,5626351
2022-08-03,1259.95,1259.95,1231.0,1253.7,3820503
2022-08-04,1264.9,1265.0,1239.05,1261.8,3075648
2022-08-05,1278.2,1278.5,1231.25,1235.9,5766297
2022-08-10,1277.0,1279.7,1260.25,1268.05,2530492
2022-08-11,1277.0,1278.95,1254.0,1266.2,3077633
2022-08-12,1265.0,1268.9,1249.3,1259.45,3355489
2022-08-16,1280.6,1298.7,1274.65,1288.3,4085782
2022-08-17,1294.0,1294.0,1270.05,1274.25,2197165
2022-08-18,1274.0,1278.35,1254.7,1261.15,2659857
2022-08-19,1270.0,1272.65,1235.5,1239.4,2513148
2022-08-22,1239.4,1247.4,1219.05,1226.7,2443323
2022-08-23,1219.95,1277.0,1218.0,1273.1,4449168
2022-08-24,1274.95,1283.5,1261.0,1268.3,2570071
2022-08-25,1274.0,1277.45,1256.7,1259.65,1769049
2022-08-26,1279.9,1299.0,1268.8,1274.65,4325600
2022-08-29,1249.0,1280.8,1242.15,1276.8,2554692
2022-08-30,1284.0,1315.0,1284.0,1308.7,5078317
2022-09-01,1280.0,1325.7,1280.0,1312.05,4913035
2022-09-02,1318.65,1330.65,1311.2,1315.95,2316436
2022-09-05,1319.0,1324.45,1301.1,1320.55,2271837
2022-09-06,1325.0,1327.0,1300.6,1306.4,1930221
2022-09-07,1291.0,1311.95,1281.2,1289.7,3162428
2022-09-08,1305.0,1331.95,1302.0,1321.9,4026323
2022-09-09,1338.0,1338.0,1294.05,1301.25,3415016
2022-09-13,1309.95,1309.95,1291.0,1299.85,2460291
2022-09-14,1283.95,1313.85,1280.0,1298.05,2955136
2022-09-15,1305.0,1314.25,1289.05,1297.05,2555055
2022-09-16,1291.25,1297.0,1234.5,1250.1,9047956
2022-09-19,1259.9,1298.45,1250.1,1288.65,4476773
2022-09-20,1300.0,1312.0,1296.55,1302.95,3780649
2022-09-21,1308.95,1323.0,1293.6,1306.65,2887754
2022-09-22,1297.0,1320.55,1293.0,1310.4,2010645
2022-09-23,1305.0,1318.1,1261.0,1272.3,4639618
2022-09-26,1250.0,1258.95,1216.3,1236.4,3345338
2022-09-27,1242.6,1252.9,1221.2,1235.75,3588217
2022-09-28,1233.1,1261.75,1211.25,1242.4,3361451
2022-09-29,1255.0,1267.95,1245.7,1258.35,3474302
2022-09-30,1256.95,1282.7,1233.05,1268.2,3320684
2022-10-03,1269.95,1276.1,1242.05,1251.35,3150821
2022-10-04,1265.0,1277.95,1255.0,1260.35,3011962
2022-10-06,1268.0,1277.0,1254.5,1256.9,3531469
2022-10-07,1260.0,1261.95,1232.95,1238.85,3501889
2022-10-10,1234.0,1246.55,1218.0,1243.0,2230590
2022-10-11,1249.25,1249.25,1225.5,1229.55,1569478
2022-10-12,1235.65,1259.35,1230.1,1247.9,2884899
2022-10-13,1255.0,1274.15,1240.5,1248.2,2137351
2022-10-14,1267.75,1272.0,1228.0,1230.3,1696759
2022-10-17,1227.0,1238.75,1196.5,1230.0,2158727
2022-10-18,1236.15,1267.35,1233.5,1253.8,2722206
2022-10-19,1259.95,1264.8,1244.0,1248.4,1449579
2022-10-20,1241.2,1254.0,1223.55,1250.0,1831346
2022-10-21,1253.1,1268.9,1244.15,1256.75,1750934
2022-10-25,1270.95,1283.85,1259.6,1281.4,2809493
2022-10-27,1283.3,1299.85,1279.05,1294.15,3279938
2022-10-28,1300.65,1315.9,1290.0,1311.65,2111224
2022-10-31,1318.25,1358.5,1316.6,1348.6,4306893
2022-11-01,1361.0,1366.55,1349.35,1354.05,3405472
2022-11-02,1354.05,1361.0,1338.6,1352.35,2298917
2022-11-03,1340.0,1355.0,1328.55,1335.4,1931917
2022-11-04,1338.0,1352.0,1331.0,1338.3,2204968
2022-11-07,1345.0,1355.6,1336.6,1351.3,2599224
2022-11-09,1364.85,1364.85,1331.0,1337.55,2459869
2022-11-10,1339.0,1339.0,1290.6,1298.2,2792546
2022-11-11,1305.1,1318.75,1278.55,1287.1,5308986
2022-11-14,1304.0,1309.7,1268.05,1278.15,3794391
2022-11-16,1288.95,1295.0,1276.0,1286.7,2478281
2022-11-17,1280.2,1285.0,1254.15,1259.35,2319979
2022-11-18,1250.05,1255.95,1217.25,1227.15,4525364
2022-11-21,1218.0,1234.9,1202.0,1218.25,4120736
2022-11-22,1220.65,1235.45,1215.95,1228.45,2469455
2022-11-23,1234.6,1240.35,1224.0,1235.7,2396267
2022-11-24,1241.9,1257.0,1238.65,1254.05,2133523
2022-11-25,1258.0,1267.7,1246.0,1260.8,1370326
2022-11-28,1258.9,1272.0,1246.0,1250.7,2126619
2022-11-29,1256.0,1265.0,1248.55,1257.1,2435651
2022-11-30,1262.1,1316.0,1257.65,1305.6,7536690
2022-12-01,1315.0,1316.95,1288.0,1293.45,2613761
2022-12-02,1286.45,1293.8,1260.0,1264.6,2892150
2022-12-05,1269.45,1269.45,1252.6,1259.8,2764806
2022-12-06,1248.5,1265.45,1248.5,1263.05,1686075
2022-12-07,1262.0,1268.9,1252.4,1266.6,1731982
2022-12-08,1272.95,1282.0,1269.5,1274.35,1906386
2022-12-09,1281.5,1284.65,1256.5,1265.4,1308941
2022-12-12,1263.9,1277.3,1256.5,1264.0,1723401
2022-12-13,1268.0,1285.95,1267.0,1283.35,2164600
2022-12-14,1287.0,1291.0,1276.45,1286.45,1436837
2022-12-15,1285.9,1293.5,1281.75,1286.95,2417555
2022-12-16,1277.95,1287.0,1250.0,1251.6,2136354
2022-12-19,1250.9,1294.9,1245.05,1290.65,2767603
2022-12-20,1287.95,1288.0,1263.1,1275.25,1286604
2022-12-21,1279.9,1284.5,1258.5,1265.7,1251993
2022-12-22,1265.7,1277.65,1229.3,1233.95,1557590
2022-12-23,1220.0,1230.0,1208.0,1224.6,1913648
2022-12-26,1224.6,1247.4,1216.3,1237.05,1677560
2022-12-27,1243.25,1248.5,1223.95,1234.25,1304940
2022-12-28,1229.85,1255.0,1225.0,1252.35,1959508
2022-12-29,1247.7,1267.6,1238.55,1262.35,1289676
2022-12-30,1265.35,1265.35,1245.0,1249.2,1372710
2023-01-03,1263.0,1265.0,1246.7,1249.3,1510751
2023-01-04,1252.35,1255.8,1231.0,1236.2,1344532
2023-01-05,1240.0,1255.0,1231.0,1252.65,2745160
2023-01-06,1252.65,1274.95,1248.15,1264.9,2214972
2023-01-09,1272.95,1313.9,1271.65,1310.35,3634805
2023-01-10,1310.5,1326.4,1305.75,1314.9,3139930
2023-01-11,1315.5,1320.0,1300.5,1312.6,2041750
2023-01-13,1325.0,1337.0,1311.6,1328.15,2600139
2023-01-16,1333.0,1335.25,1302.95,1315.6,1651972
2023-01-17,1318.95,1323.85,1304.1,1320.85,1607137
2023-01-18,1320.35,1325.0,1308.1,1322.15,1179938
2023-01-19,1317.6,1328.7,1312.3,1319.55,2066881
2023-01-20,1324.05,1325.0,1311.65,1314.75,1332666
2023-01-23,1321.35,1345.95,1312.3,1328.45,1681075
2023-01-24,1335.1,1335.1,1321.05,1323.9,1408040
2023-01-25,1324.9,1332.0,1306.05,1311.5,1359090
2023-01-27,1318.1,1339.8,1286.65,1320.2,1914769
2023-01-30,1320.1,1342.0,1305.0,1331.6,2402331
2023-01-31,1350.3,1385.5,1335.3,1378.75,5265862
2023-02-01,1386.55,1390.0,1322.0,1352.05,3010838
2023-02-02,1348.05,1378.2,1330.5,1352.4,2029111
2023-02-03,1359.2,1391.95,1350.55,1388.0,1803085
2023-02-07,1382.9,1385.0,1361.0,1366.7,1413825
2023-02-08,1373.55,1380.0,1360.0,1373.05,1241238
2023-02-09,1372.0,1386.0,1363.0,1372.2,1866387
2023-02-10,1378.55,1386.95,1350.8,1365.45,3282665
2023-02-13,1375.0,1384.0,1325.05,1353.0,4401219
2023-02-14,1358.0,1377.0,1350.0,1363.15,2373179
2023-02-15,1364.2,1383.15,1360.05,1379.35,2007214
2023-02-16,1380.1,1397.0,1363.2,1368.15,2646301
2023-02-17,1359.95,1372.55,1332.3,1341.5,2150027
2023-02-20,1342.1,1354.95,1332.6,1346.25,1497314
2023-02-21,1354.5,1362.4,1341.0,1351.85,2118816
2023-02-22,1346.9,1352.85,1311.15,1319.75,2196484
2023-02-23,1325.25,1326.25,1305.0,1313.95,1847879
2023-02-24,1320.2,1320.55,1278.2,1280.2,2824384
2023-02-27,1270.05,1285.4,1248.4,1257.4,2019964
2023-02-28,1263.7,1293.25,1260.0,1269.6,3407211
2023-03-01,1275.95,1305.55,1269.05,1272.15,2338935
2023-03-02,1278.55,1278.55,1250.0,1251.55,1563750
2023-03-03,1257.9,1276.95,1253.25,1268.6,1493291
2023-03-06,1269.55,1284.25,1268.0,1270.45,1570410
2023-03-08,1270.0,1291.95,1258.3,1289.95,2370800
2023-03-09,1291.0,1294.8,1244.95,1248.15,3596577
2023-03-10,1249.0,1256.7,1225.35,1226.7,2664696
2023-03-13,1222.7,1231.0,1182.45,1193.45,3842775
2023-03-14,1192.3,1192.4,1156.85,1160.8,5379592
2023-03-15,1167.0,1174.4,1153.2,1160.35,2226887
2023-03-16,1160.0,1175.25,1140.15,1167.05,3604480
2023-03-17,1172.9,1186.25,1152.0,1171.5,3683701
2023-03-20,1169.95,1179.15,1145.0,1167.65,2082268
2023-03-21,1170.6,1175.0,1156.4,1160.3,2209422
2023-03-22,1167.5,1180.5,1159.15,1164.1,2211909
2023-03-23,1161.0,1175.0,1153.8,1164.95,2594282
2023-03-24,1160.55,1170.55,1147.1,1150.8,1839876
2023-03-27,1141.5,1150.6,1125.5,1137.9,2446528
2023-03-28,1143.6,1149.0,1123.4,1128.3,1903339
2023-03-29,1133.95,1152.45,1132.0,1144.3,4003003
2023-03-31,1147.6,1163.0,1145.85,1158.7,2343070
2023-04-03,1161.3,1180.0,1155.3,1169.9,2546562
2023-04-05,1172.0,1173.3,1151.95,1155.45,2028469
2023-04-06,1154.0,1175.0,1148.3,1171.25,2029418
2023-04-10,1171.25,1191.0,1171.25,1188.6,2586918
2023-04-11,1200.0,1204.2,1188.2,1201.7,2443384
2023-04-12,1203.5,1212.95,1198.6,1207.35,2469405
2023-04-13,1213.45,1222.2,1199.55,1204.55,4470196
2023-04-17,1218.95,1218.95,1203.4,1212.95,1956198
2023-04-18,1213.0,1217.9,1202.6,1204.7,2075066
2023-04-19,1204.65,1217.95,1203.4,1215.5,1818732
2023-04-20,1218.0,1224.9,1214.55,1218.6,2172677
2023-04-21,1221.95,1221.95,1209.05,1212.75,1015815
2023-04-24,1210.4,1217.1,1196.0,1207.75,1389756
2023-04-25,1207.75,1215.0,1199.4,1209.85,1360260
2023-04-26,1212.0,1217.25,1205.3,1213.55,1708865
2023-04-27,1210.05,1225.0,1210.05,1224.0,1340045
2023-04-28,1225.0,1228.75,1211.5,1226.9,2333102
2023-05-02,1230.0,1240.8,1217.5,1237.3,2607580
2023-05-03,1237.3,1242.0,1230.1,1235.45,1307304
2023-05-04,1235.0,1238.05,1228.0,1231.7,1541188
2023-05-05,1232.8,1242.35,1208.05,1211.2,4753718
2023-05-08,1216.95,1239.85,1213.7,1231.8,3513667
2023-05-09,1239.0,1250.0,1234.05,1245.45,1846359
2023-05-10,1250.0,1255.8,1235.0,1248.65,2108081
2023-05-12,1256.4,1278.8,1251.3,1275.95,2427624
2023-05-15,1279.9,1287.75,1272.6,1285.65,2647630
2023-05-16,1287.0,1291.7,1258.85,1262.45,1571371
2023-05-17,1265.0,1271.7,1260.7,1263.1,1643851
2023-05-18,1269.95,1269.95,1241.25,1245.5,1900447
2023-05-19,1252.9,1262.45,1237.45,1260.4,1588996
2023-05-22,1259.25,1269.45,1251.3,1265.55,917769
2023-05-23,1265.55,1270.75,1256.55,1268.55,1803955
2023-05-24,1260.0,1278.0,1254.5,1275.7,1369297
2023-05-25,1280.0,1280.8,1257.55,1277.8,2040166
2023-05-26,1290.0,1292.8,1268.35,1281.85,3508112
2023-05-29,1321.5,1350.0,1298.0,1330.15,6185862
2023-05-30,1329.95,1335.3,1320.0,1328.45,2493657
2023-05-31,1325.0,1328.25,1303.25,1319.0,5629378
2023-06-01,1319.0,1337.7,1312.8,1318.9,2364455
2023-06-02,1324.85,1345.0,1320.3,1341.4,2313841
2023-06-05,1349.8,1401.0,1346.35,1395.4,5105293
2023-06-06,1395.4,1414.9,1388.05,1411.2,2335838
2023-06-07,1422.8,1422.8,1395.0,1406.4,2491079
2023-06-08,1412.7,1415.55,1377.5,1381.05,1776230
2023-06-09,1380.75,1387.0,1363.0,1370.65,1881329
2023-06-12,1377.9,1384.8,1369.3,1381.4,1389300
2023-06-13,1383.15,1388.5,1368.2,1373.15,2516583
2023-06-14,1374.0,1381.0,1366.0,1378.65,905086
2023-06-15,1381.8,1407.2,1371.5,1392.75,1720070
2023-06-16,1399.0,1409.8,1393.4,1403.85,2132678
2023-06-19,1409.5,1415.35,1396.0,1402.55,1476764
2023-06-20,1402.6,1409.9,1380.7,1396.45,1042428
2023-06-21,1394.05,1403.4,1370.65,1374.25,2008628
2023-06-22,1379.0,1392.0,1374.65,1378.7,1296616
2023-06-23,1376.9,1379.6,1368.5,1373.25,1258590
2023-06-26,1375.0,1404.9,1369.95,1397.65,2281046
2023-06-27,1406.7,1417.0,1393.6,1402.4,2737379
2023-06-28,1408.95,1413.75,1390.15,1395.0,2611913
2023-06-30,1402.65,1461.0,1400.0,1453.6,4114865
2023-07-03,1470.0,1498.05,1459.3,1467.95,3615176
2023-07-04,1487.0,1487.0,1462.1,1464.45,1595700
2023-07-05,1463.95,1478.0,1457.1,1475.35,1456527
2023-07-06,1477.85,1552.9,1472.65,1548.8,5628945
2023-07-07,1546.9,1591.95,1539.3,1564.15,6905845
2023-07-10,1567.0,1579.0,1545.95,1551.4,2276342
2023-07-11,1558.25,1576.0,1550.4,1569.45,1563376
2023-07-12,1569.0,1579.65,1541.65,1570.85,2658457
2023-07-13,1576.0,1594.8,1558.45,1566.9,1859405
2023-07-14,1562.7,1566.9,1542.7,1546.55,2174792
2023-07-17,1559.0,1559.0,1529.5,1536.3,1520990
2023-07-18,1536.0,1542.15,1526.0,1534.7,1059058
2023-07-19,1530.2,1549.5,1524.0,1544.45,1081196
2023-07-20,1550.05,1553.75,1530.55,1545.35,1538263
2023-07-21,1548.95,1552.6,1518.85,1523.5,1668783
2023-07-24,1522.0,1557.0,1514.95,1546.85,2129706
2023-07-25,1551.45,1569.5,1548.05,1565.75,1996604
2023-07-26,1570.15,1574.0,1532.0,1544.85,2100855
2023-07-27,1499.0,1500.0,1438.35,1447.4,11879512
2023-07-28,1460.0,1471.0,1450.0,1467.8,4714146
2023-07-31,1476.8,1479.0,1457.6,1475.2,2460789
2023-08-01,1475.2,1504.0,1470.2,1493.35,4184243
2023-08-02,1493.35,1497.0,1465.25,1485.3,3188395
2023-08-03,1485.0,1501.55,1447.6,1469.15,2222395
2023-08-04,1481.0,1502.45,1415.75,1464.65,8066091
2023-08-07,1489.0,1531.0,1480.75,1526.9,9257291
2023-08-08,1530.0,1534.0,1485.0,1499.7,3426948
2023-08-09,1505.0,1537.55,1492.25,1534.75,3713003
2023-08-10,1534.5,1556.05,1531.8,1545.4,3600607
2023-08-11,1548.55,1559.6,1533.05,1546.45,2402812
2023-08-14,1544.95,1550.75,1524.0,1546.85,1875450
2023-08-16,1559.05,1573.0,1538.6,1570.6,2361632
2023-08-17,1573.0,1579.05,1560.15,1573.5,2377711
2023-08-18,1568.75,1582.55,1544.6,1552.65,2202570
2023-08-21,1546.0,1552.65,1531.75,1538.55,1487526
2023-08-22,1538.0,1555.0,1534.75,1550.5,975607
2023-08-23,1546.05,1554.85,1536.1,1542.45,1405076
2023-08-24,1550.05,1554.95,1528.05,1542.2,2111147
2023-08-25,1530.9,1547.25,1508.2,1520.05,1455320
2023-08-28,1528.0,1553.0,1524.1,1549.25,2132512
2023-08-29,1554.9,1564.35,1540.0,1560.85,1325882
2023-08-30,1569.0,1589.0,1559.8,1583.2,3140040
2023-08-31,1588.95,1590.0,1567.15,1575.4,3512885
2023-09-01,1577.0,1604.5,1575.0,1591.95,2147299
2023-09-04,1605.9,1605.9,1564.2,1576.4,2200142
2023-09-06,1577.0,1580.9,1558.7,1577.0,1301466
2023-09-07,1572.2,1577.9,1560.25,1565.75,1514369
2023-09-08,1565.1,1578.0,1560.0,1567.55,1223910
2023-09-11,1567.65,1589.0,1564.0,1582.1,1921950
2023-09-12,1582.2,1589.45,1513.05,1557.95,3770868
2023-09-13,1564.0,1568.6,1530.1,1536.95,2382637
2023-09-14,1545.0,1575.4,1538.35,1566.0,2220196
2023-09-15,1579.65,1610.7,1571.85,1601.1,5425897
2023-09-18,1608.75,1670.0,1602.1,1641.45,6887528
2023-09-20,1620.1,1665.0,1620.1,1634.0,6116670
2023-09-21,1637.8,1656.2,1575.1,1583.25,2898266
2023-09-22,1580.0,1617.95,1566.1,1607.15,3827771
2023-09-25,1612.95,1620.0,1582.35,1589.45,3231962
2023-09-26,1589.45,1606.6,1582.0,1595.2,1479841
2023-09-27,1594.85,1599.6,1583.25,1589.2,1991198
2023-09-28,1595.95,1596.9,1544.0,1556.05,2369699
2023-09-29,1574.0,1576.5,1550.1,1554.25,1254881
2023-10-03,1597.2,1598.0,1533.05,1537.4,3436776
2023-10-04,1531.8,1537.9,1501.75,1522.1,2580901
2023-10-05,1533.0,1550.8,1513.05,1537.95,1991367
2023-10-06,1545.0,1554.0,1540.35,1548.85,1743027
2023-10-09,1540.0,1541.25,1514.0,1515.2,2123175
2023-10-10,1521.45,1543.85,1519.2,1537.85,1956653
2023-10-11,1540.0,1559.15,1540.0,1556.3,1536986
2023-10-12,1559.0,1570.05,1555.6,1566.65,1731806
2023-10-13,1560.5,1574.4,1550.3,1562.45,1465554
2023-10-16,1562.85,1577.25,1558.5,1574.55,1089610
2023-10-17,1575.0,1583.9,1568.6,1576.6,997962
2023-10-18,1576.6,1579.45,1561.75,1574.85,1212994
2023-10-19,1553.35,1578.9,1553.35,1569.55,1239578
2023-10-20,1566.0,1575.0,1545.1,1558.25,1435102
2023-10-23,1548.25,1574.9,1546.5,1565.15,4069167
2023-10-25,1574.0,1576.6,1547.0,1569.1,2510769
2023-10-26,1554.0,1558.2,1500.0,1506.1,3343802
2023-10-30,1502.1,1515.45,1463.2,1497.8,2637486
2023-10-31,1494.2,1497.3,1455.55,1458.6,2555737
2023-11-01,1464.9,1485.0,1450.0,1454.6,2627536
2023-11-02,1465.0,1477.5,1452.5,1469.7,2091122
2023-11-03,1480.0,1488.1,1460.45,1469.0,2456723
2023-11-06,1481.8,1492.2,1473.55,1488.3,1271868
2023-11-08,1485.05,1489.4,1474.0,1487.4,1342202
2023-11-09,1487.4,1558.7,1487.4,1552.05,4831782
2023-11-10,1550.0,1551.0,1515.3,1524.1,4872228
2023-11-13,1526.25,1543.3,1513.05,1540.25,1968032
2023-11-15,1549.0,1550.8,1533.55,1544.15,2782942
2023-11-16,1544.2,1583.95,1538.5,1569.5,3224223
2023-11-17,1575.0,1596.0,1572.65,1584.55,2035309
2023-11-20,1589.8,1589.8,1540.6,1552.2,2918577
2023-11-21,1553.0,1571.4,1549.15,1559.75,2213144
2023-11-22,1560.0,1564.65,1535.0,1543.45,1269475
2023-11-23,1556.6,1560.95,1535.1,1545.85,1552635
2023-11-24,1549.0,1559.5,1547.5,1553.2,1239270
2023-11-28,1553.2,1572.0,1542.15,1566.05,2596766
2023-11-29,1576.0,1623.4,1567.25,1619.1,3581220
2023-11-30,1615.05,1660.0,1613.7,1647.75,5214960
2023-12-01,1656.0,1666.0,1621.2,1625.5,2489755
2023-12-04,1662.85,1675.0,1639.45,1656.85,3001010
2023-12-05,1660.9,1708.0,1640.6,1686.05,3423953
2023-12-06,1688.1,1710.45,1684.15,1702.4,2279220
2023-12-07,1703.0,1706.0,1681.65,1692.65,2461051
2023-12-08,1699.0,1708.15,1662.55,1668.55,1942667
2023-12-11,1674.0,1674.45,1647.1,1652.2,2037178
2023-12-12,1663.0,1670.0,1626.5,1635.4,2051527
2023-12-13,1639.0,1670.5,1629.55,1666.15,2247441
2023-12-14,1676.0,1709.85,1671.05,1703.55,3326228
2023-12-15,1727.9,1739.6,1698.0,1724.95,3858594
2023-12-18,1720.0,1731.85,1698.75,1710.8,1739425
2023-12-19,1720.0,1723.85,1691.3,1699.35,1660221
2023-12-20,1710.0,1711.95,1640.6,1646.95,3047660
2023-12-21,1635.0,1653.15,1620.4,1633.85,3211338
2023-12-22,1630.0,1652.0,1622.75,1634.25,2751274
2023-12-26,1640.9,1669.0,1634.5,1662.25,1203594
2023-12-27,1670.0,1691.8,1660.25,1687.95,1793638
2023-12-28,1688.95,1739.95,1688.4,1734.45,2963938
2023-12-29,1730.0,1758.0,1715.0,1729.4,2273255
2024-01-01,1729.4,1730.0,1699.0,1703.3,1307485
2024-01-02,1703.6,1705.0,1649.45,1656.2,2857334
2024-01-03,1672.0,1678.2,1648.05,1655.25,1927812
2024-01-04,1666.9,1674.45,1638.2,1641.7,2835768
2024-01-05,1647.95,1661.5,1636.5,1642.0,1709313
2024-01-08,1648.15,1653.4,1606.1,1616.15,1492195
2024-01-09,1625.0,1636.8,1615.0,1629.9,2542484
2024-01-10,1645.0,1647.45,1621.35,1632.8,1954233
2024-01-11,1643.9,1651.25,1625.85,1628.65,2228002
2024-01-12,1630.0,1633.85,1601.5,1624.45,3061539
2024-01-15,1635.0,1640.9,1616.1,1635.55,1405514
2024-01-16,1638.0,1640.0,1617.55,1620.35,2236688
2024-01-17,1612.0,1615.0,1591.0,1597.7,2548169
2024-01-18,1600.0,1623.3,1580.65,1617.25,2328588
2024-01-19,1624.95,1659.0,1622.25,1655.55,2836976
2024-01-20,1660.5,1673.95,1616.0,1622.3,711300
2024-01-23,1619.0,1647.6,1588.25,1595.2,2772880
2024-01-24,1595.0,1632.3,1575.0,1628.1,2543323
2024-01-25,1631.6,1642.75,1603.9,1635.5,2038472
2024-01-29,1635.5,1645.0,1625.0,1640.0,3075670
2024-01-30,1649.95,1659.5,1614.45,1620.35,2569098
2024-01-31,1615.05,1658.3,1609.05,1651.55,3154787
2024-02-01,1659.25,1702.6,1645.55,1651.15,4065784
2024-02-02,1655.0,1687.05,1650.0,1660.75,3304158
2024-02-05,1676.7,1712.85,1665.1,1703.55,3525423
2024-02-06,1710.95,1730.0,1706.0,1727.65,2219874
2024-02-07,1731.45,1752.0,1715.7,1721.0,1213661
2024-02-08,1729.0,1743.9,1675.55,1685.9,2550690
2024-02-09,1686.0,1689.75,1628.0,1646.4,2033950
2024-02-12,1654.0,1675.05,1640.55,1660.45,1197925
2024-02-13,1670.0,1679.4,1623.45,1646.75,2075130
2024-02-14,1631.0,1679.65,1623.9,1657.05,4368695
2024-02-15,1681.05,1784.9,1668.1,1765.05,9887134
2024-02-16,1788.0,1864.65,1776.85,1835.55,7188957
2024-02-19,1836.05,1856.45,1820.0,1848.55,2682236
2024-02-20,1837.4,1860.0,1820.5,1853.65,1830562
2024-02-21,1849.9,1889.7,1846.7,1859.65,4466234
2024-02-22,1870.95,1917.0,1853.0,1910.35,3360123
2024-02-23,1926.35,1947.85,1901.1,1929.95,3323441
2024-02-26,1935.0,1951.0,1925.2,1929.8,2436063
2024-02-27,1926.0,1956.95,1915.05,1950.6,2821465
2024-02-28,1951.95,1953.15,1897.05,1901.65,2010429
2024-02-29,1902.85,1950.9,1892.55,1932.4,5539065
2024-03-01,1933.6,1982.3,1930.5,1972.95,3384932
2024-03-04,1967.0,1974.95,1919.05,1921.05,1645331
2024-03-05,1925.0,1968.0,1923.05,1939.25,2208384
2024-03-06,1945.0,1979.9,1922.0,1970.65,1673183
2024-03-07,1930.15,1932.15,1884.3,1897.55,18323831
2024-03-11,1913.0,1913.7,1873.3,1894.35,3250782
2024-03-12,1892.0,1898.35,1876.65,1895.15,3186510
2024-03-13,1896.0,1901.4,1844.25,1853.7,4270994
2024-03-14,1853.7,1895.6,1844.6,1890.55,2388133
2024-03-15,1875.0,1882.1,1788.8,1799.5,5504948
2024-03-18,1807.95,1867.4,1801.05,1856.05,3404076
2024-03-19,1856.05,1865.0,1826.8,1843.9,2189225
2024-03-20,1851.95,1859.05,1820.55,1844.4,1550415
2024-03-21,1859.95,1875.0,1845.0,1865.85,2072960
2024-03-22,1865.85,1905.45,1847.25,1878.8,3786990
2024-03-27,1869.9,1899.9,1855.3,1881.15,4196597
2024-03-28,1881.15,1962.95,1870.35,1921.35,3790854
2024-04-01,1938.0,1963.85,1891.8,1915.95,2765845
2024-04-02,1915.95,1977.5,1901.45,1971.95,3431715
2024-04-03,1967.0,2003.3,1956.2,1989.3,3615370
2024-04-04,1999.0,2015.0,1963.2,2002.7,3007920
2024-04-05,1995.35,2027.45,1992.25,2013.3,2767027
2024-04-08,2018.0,2087.0,2016.9,2078.1,2781568
2024-04-09,2095.0,2098.65,2070.1,2090.9,2853137
2024-04-10,2098.45,2108.6,2070.0,2076.2,2280814
2024-04-12,2084.0,2087.5,2051.65,2070.95,4008660
2024-04-15,2055.25,2083.9,2035.0,2053.45,2024919
2024-04-16,2047.05,2073.75,2027.75,2031.3,1981730
2024-04-18,2031.3,2087.0,2016.5,2024.95,3539862
2024-04-19,2034.0,2087.0,1998.2,2082.9,3253248
2024-04-22,2124.55,2133.0,2065.0,2090.65,2449171
2024-04-23,2096.0,2114.0,2056.85,2062.6,2886136
2024-04-24,2055.0,2090.85,2052.95,2058.45,1929834
2024-04-25,2060.0,2113.95,2041.9,2096.85,3084498
2024-04-26,2099.55,2103.0,2038.8,2044.9,2952484
2024-04-29,2045.5,2068.35,2001.0,2062.05,2724604
2024-04-30,2073.05,2169.0,2073.05,2156.35,5745143
2024-05-02,2165.1,2204.0,2165.1,2185.15,3347541
2024-05-03,2210.0,2210.0,2172.35,2193.0,3859227
2024-05-06,2200.45,2240.0,2190.0,2224.95,2111447
2024-05-07,2236.0,2236.9,2164.85,2191.5,1727823
2024-05-08,2191.7,2195.0,2160.0,2182.4,1993202
2024-05-09,2185.55,2256.75,2185.0,2212.55,3998822
2024-05-10,2211.85,2231.65,2183.0,2193.05,3045912
2024-05-13,2208.0,2208.05,2160.0,2184.25,2575573
2024-05-14,2175.0,2280.35,2175.0,2269.9,3830189
2024-05-15,2281.3,2317.15,2256.0,2302.3,2569084
2024-05-16,2319.45,2393.9,2286.2,2371.75,7444517
2024-05-17,2425.35,2557.95,2425.35,2514.6,9796445
2024-05-18,2527.95,2527.95,2500.05,2503.7,257091
2024-05-21,2503.0,2536.95,2467.0,2522.65,3747292
2024-05-22,2521.7,2535.0,2490.0,2521.05,2974921
2024-05-23,2520.0,2617.4,2500.25,2609.2,4715263
2024-05-24,2589.8,2605.0,2572.4,2579.75,2919241
2024-05-27,2581.15,2589.75,2541.0,2549.1,3328559
2024-05-28,2550.0,2581.95,2548.0,2552.8,1549203
2024-05-29,2510.25,2547.0,2500.6,2533.65,2720451
2024-05-30,2518.0,2531.45,2478.0,2493.5,3367101
2024-05-31,2517.75,2569.2,2495.15,2506.25,8769724
2024-06-03,2575.05,2654.35,2570.4,2634.0,2701157
2024-06-04,2634.25,2639.0,2448.2,2572.9,6372249
2024-06-05,2572.9,2753.7,2571.8,2740.95,4242881
2024-06-06,2745.0,2761.9,2670.9,2699.85,4992660
2024-06-07,2668.35,2867.6,2668.35,2857.45,6447821
2024-06-10,2861.0,2886.0,2800.0,2807.55,2021106
2024-06-11,2821.0,2855.0,2813.4,2835.55,2298974
2024-06-12,2835.55,2848.6,2782.05,2787.55,2580846
2024-06-13,2850.0,2879.1,2788.65,2861.7,2492637
2024-06-14,2875.0,2946.0,2865.0,2928.6,3515019
2024-06-18,2965.0,3013.5,2956.65,2961.9,4887512
2024-06-19,2975.0,2977.0,2926.45,2933.85,3512298
2024-06-20,2945.05,2954.75,2857.3,2871.2,4024418
2024-06-21,2884.75,2920.9,2825.05,2839.95,8400461
2024-06-24,2836.5,2923.95,2813.05,2915.8,2699784
2024-06-25,2921.2,2947.0,2891.05,2909.4,1910886
2024-06-26,2907.05,2912.95,2844.6,2851.5,3282318
2024-06-27,2842.0,2905.0,2793.05,2888.95,6900180
2024-06-28,2855.0,2896.0,2855.0,2866.65,2548169
2024-07-01,2841.0,2894.05,2838.25,2875.85,1718501
2024-07-02,2890.2,2891.0,2850.0,2865.15,1507890
2024-07-03,2871.0,2895.0,2865.1,2877.95,1019710
2024-07-04,2890.0,2922.0,2885.05,2902.8,1502213
2024-07-05,2886.0,2886.0,2840.0,2880.6,1966103
2024-07-08,2880.6,2918.6,2847.5,2851.35,1631998
2024-07-09,2855.35,2940.0,2837.25,2925.5,2902129
2024-07-10,2930.0,2930.0,2697.9,2732.0,14481615
2024-07-11,2757.95,2757.95,2691.0,2698.05,4314565
2024-07-12,2689.65,2722.3,2687.15,2703.95,3398732
2024-07-15,2722.85,2739.0,2708.1,2731.05,2017720
2024-07-16,2754.95,2766.85,2740.0,2756.75,1925983
2024-07-18,2756.0,2825.95,2736.5,2819.45,4122844
2024-07-19,2819.95,2819.95,2743.0,2749.3,2042568
2024-07-22,2751.05,2819.0,2725.0,2804.75,2208103
2024-07-23,2824.0,2854.5,2743.4,2821.35,2572524
2024-07-24,2823.0,2830.4,2763.65,2805.5,2276082
2024-07-25,2799.8,2827.0,2781.8,2811.4,1857122
2024-07-26,2821.6,2897.4,2790.0,2887.8,2352661
2024-07-29,2900.0,2945.0,2875.5,2933.0,2388937
2024-07-30,2945.0,2950.0,2904.6,2922.1,2290006
2024-07-31,2937.0,2979.6,2872.95,2907.8,4238740
2024-08-01,2926.5,2926.5,2820.1,2828.4,4971708
2024-08-02,2810.3,2810.3,2733.85,2749.65,3041513
2024-08-05,2679.65,2729.2,2635.8,2678.95,3731770
2024-08-06,2688.3,2748.75,2625.7,2632.95,3069277
2024-08-07,2697.5,2704.75,2661.0,2680.85,2479171
2024-08-08,2660.5,2716.5,2656.5,2682.95,2673182
2024-08-09,2734.0,2765.0,2705.0,2749.15,2279076
2024-08-12,2749.15,2757.0,2708.7,2717.65,2321474
2024-08-13,2718.1,2738.65,2704.1,2718.05,1292521
2024-08-14,2728.8,2771.95,2715.3,2745.25,2609359
2024-08-16,2789.0,2845.05,2776.15,2840.45,4376092
2024-08-19,2859.9,2859.9,2760.0,2765.15,2500718
2024-08-20,2779.75,2783.2,2748.5,2771.3,1762399
2024-08-21,2774.0,2780.95,2755.0,2769.4,1497501
2024-08-22,2771.1,2775.75,2724.05,2732.95,2346622
2024-08-23,2732.95,2769.0,2725.3,2759.0,1943539
2024-08-26,2764.95,2799.0,2753.1,2793.1,2765969
2024-08-27,2797.95,2800.0,2773.95,2780.8,1604159
2024-08-28,2781.9,2827.0,2780.8,2798.0,1851275
2024-08-29,2789.35,2801.65,2741.65,2757.6,2237121
2024-08-30,2780.0,2821.55,2765.0,2805.4,4895220
2024-09-02,2848.8,2848.8,2756.5,2777.0,2270687
2024-09-03,2780.0,2798.1,2772.6,2784.85,1592710
2024-09-04,2761.0,2779.9,2731.1,2749.6,1697000
2024-09-05,2756.2,2760.0,2711.9,2723.1,2360312
2024-09-06,2723.0,2738.9,2680.1,2698.1,2835519
2024-09-09,2688.15,2714.3,2660.05,2708.85,1269082
2024-09-10,2691.25,2715.0,2677.0,2690.0,2034126
2024-09-11,2681.5,2708.0,2644.1,2654.25,2034245
2024-09-12,2665.0,2751.6,2635.6,2740.9,3730285
2024-09-13,2755.0,2758.55,2711.75,2739.1,2102332
2024-09-17,2765.0,2793.5,2745.3,2787.65,1387175
2024-09-18,2781.5,2848.0,2777.65,2808.2,2526756
2024-09-19,2812.0,2852.0,2792.2,2797.5,2807727
2024-09-20,2798.7,2960.0,2798.5,2950.85,12492909
2024-09-23,2962.75,3056.9,2956.15,3049.8,3925490
2024-09-24,3020.0,3098.55,3020.0,3074.3,3697722
2024-09-25,3045.0,3149.0,3034.55,3091.05,4218815
2024-09-26,3072.0,3197.2,3045.65,3181.1,4753617
2024-09-27,3171.0,3222.1,3152.55,3183.65,6803795
2024-09-30,3163.15,3179.0,3087.0,3094.9,3554400
2024-10-01,3105.5,3185.45,3095.8,3165.5,4028211
2024-10-03,3085.0,3171.0,3072.45,3129.85,3237011
2024-10-04,3127.05,3157.6,3009.5,3017.45,4281562
2024-10-07,3028.0,3066.95,2982.9,3060.2,2732276
2024-10-08,3074.0,3176.9,3066.0,3165.85,6060165
2024-10-09,3164.8,3204.3,3145.0,3153.0,2432656
2024-10-10,3156.0,3220.3,3155.0,3194.3,2507231
2024-10-11,3200.0,3210.5,3121.0,3134.35,1652856
2024-10-14,3151.0,3174.0,3115.0,3154.9,2425178
2024-10-15,3177.0,3192.95,3086.55,3155.8,2245701
2024-10-16,3138.0,3147.9,3052.15,3068.0,1972106
2024-10-17,3055.0,3065.3,2952.2,2964.6,3622197
2024-10-18,2945.35,2988.85,2914.7,2964.25,3407751
2024-10-21,2959.75,3001.4,2892.9,2998.2,5059952
2024-10-22,3005.0,3008.95,2878.2,2887.2,4195638
2024-10-23,2876.15,2924.9,2781.25,2793.5,7913897
2024-10-24,2763.0,2842.2,2763.0,2826.35,3992102
2024-10-25,2825.0,2825.05,2679.3,2720.85,4532596
2024-10-28,2730.0,2834.9,2713.9,2781.0,2813985
2024-10-29,2762.0,2797.95,2702.55,2746.9,3156567
2024-10-30,2689.25,2755.85,2669.05,2707.7,5677865
2024-10-31,2707.7,2752.0,2671.6,2728.55,3833325
2024-11-04,2804.5,2971.75,2804.5,2883.95,7559263
2024-11-05,2875.5,2908.0,2822.1,2899.45,3562624
2024-11-06,2910.0,2953.8,2885.4,2934.55,2902347
2024-11-07,2971.75,2972.55,2857.95,2891.35,4251557
2024-11-08,2910.0,2990.95,2851.25,2974.9,4455563
2024-11-11,2962.35,3009.6,2889.05,2930.6,2628672
2024-11-12,2931.2,2945.9,2880.0,2898.55,2414528
2024-11-13,2876.0,2895.0,2782.9,2798.95,3949602
2024-11-14,2815.0,2842.4,2736.25,2807.2,2478112
2024-11-19,2845.0,2998.0,2845.0,2948.95,5230405
2024-11-21,2962.5,2974.0,2918.0,2936.25,3821808
2024-11-22,2944.0,3063.5,2896.7,3012.95,4827125
2024-11-25,3075.0,3149.65,3022.4,3045.6,6299837
2024-11-26,3053.5,3068.1,2952.5,2985.2,2144702
2024-11-27,3025.95,3070.0,2986.05,3004.8,3593911
2024-11-28,2995.0,2999.95,2892.0,2898.7,4457143
2024-11-29,2903.0,2991.65,2903.0,2966.1,3542836
2024-12-02,2984.0,3026.25,2961.9,3016.4,2318823
2024-12-03,3041.7,3041.7,2987.65,3027.3,2308865
2024-12-04,3003.0,3051.85,3003.0,3031.75,3364025
2024-12-05,3049.95,3099.0,3016.05,3071.6,3797063
2024-12-06,3075.5,3099.0,3065.95,3073.0,2688767
2024-12-09,3063.4,3073.0,3040.0,3051.25,1879542
2024-12-10,3047.95,3081.25,3005.3,3066.9,2061909
2024-12-11,3052.0,3115.0,3047.8,3072.05,2409385
2024-12-12,3084.8,3086.0,3045.0,3067.45,1958999
2024-12-13,3051.0,3093.1,3000.0,3081.4,2467964
2024-12-16,3089.4,3092.15,3040.0,3084.85,2300493
2024-12-17,3055.1,3093.75,3028.0,3041.5,2564201
2024-12-18,3026.1,3062.0,3024.55,3051.2,2014105
2024-12-19,3006.0,3045.0,2970.5,3014.65,2372390
2024-12-20,3014.65,3025.0,2886.35,2906.35,8046336
2024-12-23,2918.0,2942.4,2891.1,2909.3,2142508
2024-12-24,2909.4,2950.2,2900.8,2928.7,1858546
2024-12-26,2925.0,2984.45,2923.35,2975.65,2162163
2024-12-27,2987.2,3064.0,2978.05,3049.45,2290315
2024-12-30,3028.05,3044.6,2991.05,3002.9,2336275
2024-12-31,2994.4,3018.9,2971.2,3007.1,1536411
2025-01-02,3100.0,3228.1,3085.05,3211.1,4298090
2025-01-03,3215.0,3237.05,3175.7,3190.55,2257218
2025-01-06,3209.6,3235.0,3090.1,3105.7,2657204
2025-01-07,3110.0,3131.3,3081.75,3108.85,1978328
2025-01-08,3135.0,3135.0,3057.0,3086.1,2715102
2025-01-09,3103.8,3157.9,3085.35,3126.5,2434207
2025-01-10,3110.0,3149.6,3055.0,3092.85,2341303
2025-01-13,3053.65,3066.85,2993.45,2999.65,2207294
2025-01-14,3000.0,3078.45,2999.65,3049.5,2851530
2025-01-15,3057.1,3063.95,2951.0,2960.25,2440803
2025-01-16,2978.15,2997.4,2945.0,2980.6,2598449
2025-01-17,2969.95,2970.35,2903.1,2917.35,2002830
2025-01-20,2910.0,2935.95,2877.3,2888.1,2905527
2025-01-22,2848.0,2851.9,2805.85,2826.45,3133157
2025-01-23,2826.45,2899.4,2810.0,2886.45,2650506
2025-01-24,2875.0,2896.0,2790.0,2801.4,2665366
2025-01-27,2772.3,2846.9,2754.15,2831.6,2022141
2025-01-28,2835.0,2925.0,2784.0,2870.6,2432787
2025-01-29,2883.95,2933.5,2856.3,2924.35,1808565
2025-01-30,2924.35,3008.9,2919.0,2971.45,3055352
2025-01-31,2970.0,3049.85,2955.1,2989.85,2412370
2025-02-03,3056.6,3187.95,3044.75,3173.3,3664084
2025-02-04,3225.0,3270.55,3137.85,3189.05,3862456
2025-02-05,3189.05,3218.65,3142.0,3178.75,2264208
2025-02-06,3170.0,3180.85,3121.25,3139.95,2341341
2025-02-07,3168.0,3219.95,3110.0,3198.45,4790111
2025-02-10,3209.2,3270.95,3128.8,3137.25,3852783
2025-02-11,3146.85,3154.0,3071.1,3085.95,2470280
2025-02-12,3068.55,3075.0,2955.1,2987.2,4609887
2025-02-13,3024.95,3047.0,2971.05,2978.0,2481783
2025-02-14,2999.0,3020.0,2907.05,2942.6,1959802
2025-02-17,2940.8,2955.0,2792.25,2831.95,4773279
2025-02-18,2844.0,2845.0,2755.9,2790.05,2301836
2025-02-19,2750.0,2782.65,2728.0,2757.4,2671072
2025-02-20,2745.1,2844.5,2690.05,2839.45,3799854
2025-02-21,2815.2,2815.2,2653.35,2669.35,8940621
2025-02-24,2669.0,2716.8,2631.15,2709.2,6167313
2025-02-25,2740.0,2803.95,2728.15,2777.85,4916248
2025-02-27,2837.0,2840.0,2703.5,2726.55,2669767
2025-02-28,2695.1,2699.0,2572.2,2585.1,7549863
2025-03-03,2613.8,2695.95,2595.0,2611.9,4340806
2025-03-04,2561.0,2627.3,2550.0,2613.35,1984876
2025-03-05,2661.95,2736.9,2642.65,2726.6,3665710
2025-03-06,2748.0,2766.85,2695.0,2742.4,3706264
2025-03-07,2721.3,2765.95,2708.1,2727.85,1886774
2025-03-11,2684.75,2685.0,2613.15,2645.6,3616140
2025-03-12,2645.6,2678.0,2636.1,2653.3,3447155
2025-03-13,2677.1,2686.35,2618.3,2643.5,2446428
2025-03-17,2635.0,2727.05,2635.0,2705.15,2527623
2025-03-18,2732.3,2798.0,2715.05,2791.4,3522624
2025-03-19,2795.0,2831.9,2779.55,2789.1,2438912
2025-03-20,2803.75,2847.0,2801.0,2828.1,2354374
2025-03-21,2839.1,2893.0,2781.25,2801.85,3824316
2025-03-24,2815.3,2822.15,2709.4,2774.7,5395134
2025-03-25,2774.7,2802.45,2725.05,2736.0,3576766
2025-03-26,2751.3,2795.0,2737.05,2742.25,3111504
2025-03-27,2735.0,2751.0,2695.55,2733.0,4325599
2025-03-28,2735.8,2739.7,2635.0,2665.8,6074446
2025-04-01,2652.8,2728.0,2623.15,2637.9,3300417
2025-04-02,2631.1,2660.0,2625.3,2637.55,2243574
2025-04-03,2607.75,2652.4,2600.25,2611.45,2361203
2025-04-04,2614.95,2631.5,2557.05,2596.55,3598415
2025-04-07,2425.0,2524.65,2425.0,2491.25,3937471
2025-04-08,2510.0,2550.0,2454.0,2523.65,4253527
2025-04-09,2540.0,2571.95,2515.95,2523.1,3347213
2025-04-11,2549.0,2604.0,2532.05,2580.35,3600209
2025-04-15,2606.0,2690.0,2606.0,2646.0,3287861
2025-04-16,2660.0,2665.0,2618.3,2634.6,3070954
2025-04-17,2632.0,2682.8,2602.4,2679.4,2638979
2025-04-21,2699.9,2774.0,2665.9,2764.0,3120955
2025-04-22,2765.0,2822.0,2756.0,2817.1,3193757
2025-04-23,2830.0,2923.0,2826.0,2917.8,3906215
2025-04-24,2917.8,2928.0,2865.0,2901.4,2488496
2025-04-25,2901.4,2939.6,2831.1,2864.2,2299310
2025-04-28,2918.9,2945.0,2882.3,2930.6,1864672
2025-04-29,2950.0,2969.5,2901.8,2909.6,2051228
2025-04-30,2908.8,2948.9,2887.0,2928.8,2689753
2025-05-02,2950.0,3000.0,2910.2,2926.2,3384402
2025-05-05,2948.9,3044.0,2937.7,3021.5,4049197
2025-06-20,3100.0,3203.0,3090.3,3184.4,8315834
2025-06-23,3163.6,3184.4,3122.7,3135.0,1731432
2025-06-24,3155.1,3216.6,3136.8,3150.1,2834887
2025-06-25,3180.0,3225.5,3160.5,3215.5,2078771
2025-06-26,3225.9,3238.0,3183.5,3215.8,2907261
2025-06-27,3205.0,3241.5,3187.1,3203.3,5098406
2025-06-30,3205.4,3219.8,3161.0,3183.2,2083572
2025-07-01,3188.0,3218.0,3168.2,3176.1,1407074
2025-07-02,3168.0,3202.7,3153.7,3165.2,1559309
2025-07-03,3165.2,3221.0,3164.8,3174.4,2102806
2025-07-04,3161.1,3177.0,3134.1,3162.5,968006
2025-07-07,3162.5,3173.0,3152.1,3160.2,853459
2025-07-08,3150.0,3168.0,3123.0,3157.9,1513129
2025-07-09,3145.0,3189.0,3141.0,3176.3,1245661
2025-07-10,3172.1,3192.6,3137.6,3162.4,1701384
2025-07-11,3158.0,3162.4,3062.4,3073.2,3041614
2025-07-14,3072.8,3104.8,3053.6,3092.1,2958843
2025-07-15,3086.1,3148.3,3082.9,3128.6,2826720
2025-07-16,3128.6,3210.0,3082.4,3196.5,2892812
2025-07-17,3186.3,3238.0,3171.0,3195.0,3267180
2025-07-18,3208.0,3252.0,3176.7,3192.4,2040381
2025-07-21,3177.0,3253.6,3152.8,3246.7,2436535
2025-07-22,3246.7,3271.9,3210.5,3257.2,1854072
2025-07-23,3260.0,3303.0,3248.0,3268.8,2159800
2025-07-24,3255.0,3286.5,3243.7,3260.9,1469406
2025-07-25,3256.0,3259.0,3214.0,3246.4,1475856
2025-07-28,3246.4,3256.9,3199.2,3209.8,1939520
2025-07-29,3203.0,3225.9,3186.6,3199.4,1824673
2025-07-30,3195.0,3241.6,3151.9,3208.9,2199654
2025-07-31,3225.0,3238.2,3135.6,3203.1,4465859
2025-08-01,3205.0,3205.0,3116.7,3159.3,3781457
2025-08-04,3170.0,3223.0,3160.0,3200.2,2684012
2025-08-05,3195.0,3222.0,3170.1,3212.2,1805644
2025-08-07,3198.0,3229.6,3161.1,3211.1,2374621
2025-08-08,3207.0,3214.9,3135.6,3144.2,1721037
2025-08-11,3150.9,3230.0,3130.3,3186.2,2046761
2025-08-12,3186.1,3253.0,3185.1,3236.5,3315978
2025-08-13,3255.0,3300.0,3238.7,3282.2,2436029
2025-08-14,3273.2,3313.5,3262.0,3265.4,1508721
2025-08-18,3350.0,3432.0,3335.3,3383.1,5787481
2025-08-19,3400.0,3403.9,3338.1,3354.0,2596242
2025-08-20,3354.1,3404.2,3335.0,3395.6,2957816
2025-08-21,3410.0,3410.0,3370.0,3375.1,1964795
2025-08-22,3380.0,3420.0,3375.4,3403.0,2509867
2025-08-25,3428.0,3429.0,3381.8,3398.9,1859862
2025-08-26,3395.0,3414.0,3318.1,3330.8,3122442
2025-08-28,3375.0,3375.0,3287.3,3295.3,2936428
2025-08-29,3271.0,3280.0,3187.0,3199.5,3017625
2025-09-01,3191.1,3324.9,3191.1,3315.4,3525726
2025-09-02,3325.0,3330.0,3223.0,3234.5,3073407
2025-09-03,3269.0,3293.7,3232.8,3286.0,2672659
2025-09-04,3527.0,3550.0,3463.4,3481.5,7600320
2025-09-05,3511.0,3577.8,3481.5,3561.3,3700943
2025-09-08,3585.0,3715.2,3579.1,3701.4,4623789
2025-09-09,3702.2,3723.8,3673.1,3696.3,2879258
2025-09-10,3702.0,3708.9,3591.4,3604.4,2298202
2025-09-11,3620.0,3647.9,3580.0,3595.7,1949934
2025-09-12,3594.9,3641.0,3582.0,3589.9,2839264
2025-09-15,3590.0,3603.4,3526.6,3530.3,2550444
2025-09-16,3545.0,3619.9,3528.9,3608.0,2465043
2025-09-17,3608.0,3644.9,3593.1,3633.2,2237804
2025-09-18,3636.1,3650.0,3603.3,3642.2,2480472
2025-09-19,3601.0,3636.7,3584.5,3592.1,4018342
2025-09-22,3600.0,3616.6,3569.3,3584.8,1664133
2025-09-23,3610.0,3679.2,3606.8,3614.6,2523224
2025-09-24,3614.5,3626.3,3568.0,3574.9,1320014
2025-09-25,3579.9,3584.1,3521.8,3530.0,2106344
2025-09-26,3510.0,3547.5,3391.6,3396.5,3046760
2025-09-29,3419.0,3458.0,3405.0,3418.1,3175716
2025-09-30,3420.0,3454.0,3393.1,3427.0,2611078
2025-10-01,3419.2,3501.0,3415.5,3463.4,2364844
2025-10-03,3462.1,3492.4,3404.2,3462.0,2357702
2025-10-06,3462.0,3480.0,3425.1,3472.0,1156082
2025-10-07,3468.1,3521.4,3465.1,3492.8,1508939
2025-10-08,3500.0,3509.7,3422.6,3426.5,1444911
2025-10-09,3450.0,3475.0,3424.0,3442.9,1997853
2025-10-10,3425.0,3473.9,3395.7,3454.9,1416272
2025-10-13,3432.0,3470.0,3432.0,3459.7,1090517
2025-10-14,3469.9,3487.1,3428.0,3459.8,1518505
2025-10-15,3461.0,3500.0,3460.0,3497.2,1319445
2025-10-16,3503.0,3573.2,3498.3,3560.8,2125552
2025-10-17,3561.0,3656.0,3560.1,3647.2,3339579
2025-10-20,3674.0,3676.0,3593.0,3599.1,2827250
2025-10-21,3608.2,3628.1,3604.3,3621.2,286950
2025-10-23,3632.1,3650.0,3600.0,3623.6,3724956
2025-10-24,3630.0,3655.3,3615.1,3625.0,1654500
2025-10-27,3626.8,3635.3,3593.0,3611.6,1440893
2025-10-28,3605.0,3624.9,3562.0,3579.1,2851093
2025-10-29,3580.0,3583.5,3522.1,3534.7,2526473
2025-10-30,3540.0,3550.0,3496.0,3502.1,2103351
2025-10-31,3516.1,3526.7,3483.7,3487.2,1915577
2025-11-03,3511.0,3590.0,3511.0,3548.9,1776510
2025-11-04,3548.6,3632.8,3537.2,3581.2,3494428
2025-11-06,3625.0,3674.7,3586.3,3618.5,4535984
2025-11-07,3615.6,3718.0,3566.8,3690.2,2595934
2025-11-10,3690.2,3715.8,3645.1,3663.9,1620889
2025-11-11,3699.9,3759.0,3670.0,3749.1,3044040
2025-11-12,3761.0,3781.0,3740.0,3754.3,1984901
2025-11-13,3748.2,3754.1,3690.2,3699.5,1599079
2025-11-14,3700.0,3716.8,3660.5,3698.6,1847028
2025-11-17,3710.0,3754.5,3682.3,3734.9,2094008
2025-11-18,3718.5,3732.7,3688.0,3694.8,2613743
2025-11-19,3695.0,3746.5,3667.8,3722.5,1626043
2025-11-20,3744.8,3759.0,3711.1,3716.7,1815617
2025-11-21,3730.0,3779.0,3726.0,3749.6,3184145
2025-11-24,3745.1,3749.5,3677.2,3690.8,4059935
2025-11-25,3687.0,3695.8,3653.0,3669.3,1714176
2025-11-26,3681.0,3708.0,3669.3,3686.4,2116524
2025-11-27,3701.5,3717.6,3665.0,3681.2,1993274
2025-11-28,3692.0,3768.9,3690.1,3757.3,2944457
2025-12-01,3790.0,3795.0,3730.0,3741.6,1830158
2025-12-02,3722.8,3748.0,3705.5,3716.5,2285922
2025-12-03,3736.0,3740.0,3640.0,3649.4,2002476
2025-12-04,3675.0,3678.2,3620.2,3671.6,1984001
2025-12-05,3659.3,3721.5,3642.5,3717.1,2393280
2025-12-08,3720.0,3725.0,3671.6,3681.7,1500195
2025-12-09,3658.0,3674.4,3604.5,3635.9,3901255
2025-12-10,3660.0,3694.9,3626.2,3630.0,1593915
2025-12-11,3623.4,3669.1,3615.9,3665.2,981456
2025-12-12,3665.4,3695.0,3661.3,3679.6,1078982
2025-12-15,3632.0,3665.4,3603.6,3608.0,1704069
2025-12-16,3581.0,3633.5,3577.9,3621.0,1394406
2025-12-17,3647.9,3647.9,3594.0,3612.8,1209367
2025-12-18,3600.0,3611.9,3540.1,3586.6,2446168
2025-12-19,3571.0,3615.0,3560.0,3603.6,1647819
2025-12-22,3600.0,3625.0,3576.9,3616.7,1400786
2025-12-23,3619.2,3637.5,3605.0,3625.1,1413628
2025-12-24,3624.6,3658.0,3612.1,3636.7,842897
2025-12-26,3636.7,3647.0,3614.6,3623.1,829910
2025-12-29,3622.7,3640.2,3588.1,3592.1,1034692
2025-12-30,3590.0,3666.0,3575.2,3660.3,2063179
2025-12-31,3653.0,3723.6,3640.4,3709.2,1868363
2026-01-01,3725.0,3774.0,3721.1,3761.0,1498161
2026-01-02,3759.9,3812.0,3743.2,3802.4,1478292
2026-01-05,3805.9,3839.9,3785.0,3790.3,1574098
2026-01-06,3788.0,3819.1,3758.1,3785.6,1299489
2026-01-07,3800.0,3808.6,3718.5,3748.8,1046776
2026-01-08,3730.0,3756.8,3693.2,3724.0,1261005
2026-01-09,3712.1,3748.5,3667.1,3677.3,1235928
2026-01-12,3675.3,3717.0,3598.8,3682.0,1665237
2026-01-13,3717.0,3717.0,3631.5,3661.5,1700985
2026-01-14,3663.0,3682.0,3635.1,3649.5,1573135
2026-01-16,3650.1,3729.9,3650.1,3658.2,2089943
2026-01-19,3689.0,3689.0,3614.0,3657.4,1715818
2026-01-20,3646.0,3677.5,3540.0,3557.5,1753439
2026-01-21,3543.0,3586.7,3517.1,3553.3,1587467
2026-01-22,3600.0,3620.0,3533.4,3573.7,2107171
2026-01-23,3573.7,3596.0,3534.8,3543.4,1922549
2026-01-27,3437.2,3497.7,3344.1,3393.5,7139715
2026-01-28,3379.0,3456.9,3376.0,3449.2,3964878
2026-01-29,3449.2,3479.6,3321.0,3384.4,5592638
2026-01-30,3283.0,3452.4,3282.8,3431.8,5291090
2026-02-02,3355.0,3472.1,3343.7,3463.2,2950641
2026-02-03,3638.0,3643.8,3513.0,3527.9,5492214
2026-02-04,3549.0,3620.0,3519.1,3574.0,2395062
2026-02-05,3592.0,3598.8,3528.1,3572.0,1251428
2026-02-06,3577.0,3590.0,3530.6,3578.0,1462031
2026-02-09,3593.8,3619.1,3557.1,3609.6,1294690
2026-02-10,3616.3,3699.0,3601.0,3675.8,1917432
2026-02-11,3704.7,3787.0,3666.1,3674.9,4787745
2026-02-12,3698.2,3699.0,3582.2,3593.1,2554236
2026-02-13,3530.0,3596.5,3520.3,3533.4,1632115
2026-02-16,3535.0,3549.5,3469.0,3509.7,1562001
2026-02-17,3509.7,3515.8,3462.0,3489.2,1991583
2026-02-18,3491.1,3545.0,3483.2,3530.5,1682427
2026-02-19,3534.9,3546.5,3421.3,3431.8,2479531
2026-02-20,3443.0,3449.9,3402.5,3412.8,2260853
2026-02-23,3425.0,3457.6,3416.9,3447.1,1789276
2026-02-24,3415.0,3441.0,3390.0,3433.2,1929400
2026-02-25,3435.0,3500.9,3425.4,3491.3,2273269
2026-02-26,3505.0,3507.0,3461.6,3484.6,1998012
2026-02-27,3460.0,3488.1,3381.1,3397.4,3765500
2026-03-02,3299.9,3374.9,3283.0,3334.3,2997529
2026-03-04,3240.0,3278.1,3207.9,3264.3,4537215
2026-03-05,3277.3,3360.6,3276.2,3348.0,2304760
2026-03-06,3315.0,3367.0,3315.0,3332.5,2084605
2026-03-09,3250.0,3250.0,3142.9,3187.6,3961149
2026-03-10,3278.0,3309.4,3228.9,3293.7,2672336
2026-03-11,3276.0,3292.9,3156.0,3168.2,4574950
2026-03-12,3115.1,3142.8,3020.0,3031.2,6968585
2026-03-13,2965.0,3025.0,2922.6,2931.1,7217643
2026-03-16,2902.0,3043.7,2896.0,3036.1,5378638
2026-03-17,3052.0,3139.3,3024.5,3128.9,3491894
2026-03-18,3140.1,3236.2,3140.1,3214.6,3746758
2026-03-19,3136.3,3147.9,3032.6,3045.4,3059501
2026-03-20,3059.2,3106.6,3043.2,3066.1,4471960
2026-03-23,3015.1,3019.7,2935.0,2955.8,3978740
2026-03-24,3030.0,3057.3,2965.9,3031.3,3944279
2026-03-25,3099.9,3157.9,3082.9,3128.1,3328790
2026-03-27,3100.0,3105.2,3030.0,3041.3,3155168
2026-03-30,2980.0,3023.7,2945.0,2954.7,5416854
2026-04-01,3079.9,3079.9,3010.1,3031.5,3522875
2026-04-02,2975.0,3028.8,2928.1,3011.7,3297975
2026-04-06,3006.1,3030.0,2961.0,3021.6,2554900
2026-04-07,3001.6,3017.0,2949.5,3006.6,2292715
2026-04-08,3125.0,3231.0,3109.0,3210.1,4227961
2026-04-09,3179.9,3199.9,3131.0,3166.8,3039565
2026-04-10,3180.0,3270.0,3180.0,3259.8,2801451
2026-04-13,3194.6,3249.2,3183.1,3220.2,3183080
2026-04-15,3250.0,3301.9,3225.0,3256.5,2591177
2026-04-16,3273.0,3288.0,3201.0,3222.3,2678634
2026-04-17,3210.0,3242.5,3185.0,3200.2,2180404
2026-04-20,3207.0,3235.5,3162.6,3221.6,3201466
2026-04-21,3212.0,3262.3,3212.0,3247.3,1972188
2026-04-22,3214.1,3249.9,3143.0,3149.7,3096787
2026-04-23,3105.0,3114.7,3032.2,3047.7,4540875
2026-04-24,3047.7,3089.0,3035.0,3038.4,2300917
2026-04-27,3050.0,3114.0,3050.0,3102.4,1816150
2026-04-28,3115.9,3144.0,3075.0,3088.1,2645344
2026-04-29,3100.0,3192.0,3092.0,3152.3,3917359
2026-04-30,3105.4,3117.3,3047.0,3097.5,3331158
2026-05-04,3131.5,3172.0,3081.5,3106.5,2873467
2026-05-06,3245.0,3315.7,3243.5,3300.8,6007370
2026-05-07,3311.9,3399.0,3305.0,3370.7,4916193
2026-05-08,3357.8,3363.0,3317.6,3330.4,2071348
2026-05-11,3235.0,3292.0,3224.2,3245.9,2320887
2026-05-12,3240.0,3261.6,3166.3,3176.0,2638081
2026-05-13,3176.0,3189.6,3103.6,3111.8,2692484
2026-05-14,3137.0,3181.0,3101.1,3173.9,2167959
2026-05-15,3170.0,3188.9,3111.0,3123.1,2196383
2026-05-18,3100.0,3111.7,3050.0,3083.7,1962357
2026-05-19,3099.1,3158.8,3075.0,3092.3,3151874
2026-05-20,3078.0,3142.8,3033.0,3122.2,2330606
2026-05-21,3147.0,3157.7,3079.8,3099.0,1877207
2026-05-22,3095.0,3131.7,3072.6,3081.3,2407171
2026-05-25,3134.7,3173.7,3111.4,3139.0,2423710
2026-05-26,3122.0,3159.2,3103.0,3107.3,1791919
2026-05-27,3110.9,3141.3,3104.0,3121.6,1408612
2026-05-29,3119.6,3150.8,3005.1,3045.6,11402867
2026-06-01,3050.0,3068.9,2961.0,2970.2,5763247
2026-06-02,2913.1,3008.7,2913.1,2998.3,4045354
2026-06-03,2996.0,3029.5,2965.0,3011.1,3110137
2026-06-04,2985.0,3067.1,2974.2,3016.1,2788572
2026-06-05,3039.9,3059.0,3012.7,3040.5,1685633
2026-06-08,2985.0,3006.0,2948.0,2966.0,2415904
2026-06-09,2995.9,3015.9,2974.0,2990.1,2527267
2026-06-10,2980.0,3000.0,2943.2,2952.5,2281551
2026-06-11,2930.0,3012.2,2900.4,3000.9,3177902
2026-06-12,3025.1,3050.0,2982.6,3042.9,3557496
2026-06-15,3090.0,3167.0,3078.0,3134.3,5286854
2026-06-16,3163.0,3163.0,3108.0,3137.9,3551761
2026-06-17,3145.0,3165.0,3090.0,3132.9,3186836
2026-06-18,3137.0,3151.0,3115.0,3136.5,2432013
2026-06-19,3110.0,3130.0,3059.0,3074.8,3408840
2026-06-22,3085.0,3102.0,3053.8,3063.4,2186778
2026-06-23,3063.4,3092.2,3031.8,3037.3,2828392
2026-06-24,3044.0,3097.9,3025.0,3064.5,2179193
2026-06-25,3090.0,3208.5,3086.0,3182.2,5346892
2026-06-29,3143.4,3174.3,3085.5,3093.0,3700623
2026-06-30,3105.0,3122.9,3061.8,3068.8,3882185
2026-07-01,3088.0,3166.3,3088.0,3130.0,2754707
2026-07-02,3136.8,3190.0,3111.5,3175.4,2624368
2026-07-03,3194.0,3197.0,3127.3,3136.9,2414988
2026-07-06,3157.9,3212.7,3124.9,3201.2,2637740
2026-07-07,3210.8,3217.1,3181.0,3196.4,2426521
2026-07-08,3175.0,3200.9,3088.2,3102.5,2933765
2026-07-09,3101.0,3139.7,3080.3,3085.4,2922682
2026-07-10,3109.0,3135.0,3105.2,3129.4,1814898
2026-07-13,3088.8,3169.0,3082.0,3160.4,1770170
2026-07-14,3121.0,3130.0,3082.2,3093.3,2376410
2026-07-15,3088.8,3119.9,3079.4,3082.9,2377390
2026-07-16,3117.0,3146.0,3089.4,3117.8,1978238
2026-07-17,3119.0,3183.2,3119.0,3179.2,1627877
2026-07-20,3179.2,3183.5,3140.5,3165.5,1768417
2026-07-21,3153.8,3212.0,3143.0,3201.7,1776773
2026-07-22,3198.0,3219.9,3166.9,3175.3,1784375
2026-07-23,3156.0,3250.0,3156.0,3229.7,2705691
2026-07-24,3215.3,3217.0,3135.1,3161.4,2135688
2026-07-27,3183.0,3246.8,3179.0,3238.6,2264570
2026-07-28,3225.0,3284.7,3222.0,3271.2,2208579
2026-07-29,3280.1,3321.2,3211.8,3221.8,3693381
2026-07-30,3220.0,3327.0,3197.5,3283.7,4851980
2026-07-31,3379.9,3457.0,3243.3,3398.5,6131873
2026-08-03,3465.0,3465.0,3386.2,3428.6,2169303
2026-08-04,3401.0,3434.1,3384.6,3433.0,2450782
2026-08-05,3470.0,3485.8,3435.0,3455.4,1970549
2026-08-07,3405.0,3504.9,3402.1,3502.0,3299237
2026-08-10,3509.0,3534.6,3491.1,3517.0,2434928
2026-08-11,3505.4,3514.6,3455.1,3460.1,2269936
2026-08-12,3460.0,3471.8,3403.6,3403.6,1834082
2026-08-14,3425.0,3430.0,3378.3,3428.3,1032969
2026-08-17,3428.3,3451.9,3388.3,3390.4,1756791
2026-08-18,3390.4,3435.0,3390.2,3421.5,1371664
2026-08-19,3396.2,3425.6,3371.1,3415.0,1601024
2026-08-20,3424.0,3456.4,3401.0,3424.8,1279093
2026-08-21,3431.2,3453.9,3412.2,3412.2,1730623
2026-08-24,3419.9,3444.7,3400.0,3414.1,1168624
2026-08-25,3414.1,3443.0,3396.8,3443.0,1078022
2026-08-26,3435.0,3447.9,3398.2,3398.2,687761
2026-08-27,3410.0,3420.0,3330.0,3330.0,1853016
2026-08-28,3331.0,3351.7,3302.0,3334.0,1744074
2026-08-31,3320.0,3365.0,3282.0,3282.0,3613080
2026-09-01,3367.0,3368.0,3223.0,3259.0,1887247
2026-09-02,3223.5,3229.6,3142.5,3190.0,2883166
2026-09-03,3200.0,3210.0,3150.0,3150.0,1826312
2026-09-04,3158.7,3185.3,3144.2,3170.0,1489449
2026-09-07,3154.1,3178.0,3145.0,3160.0,1715004
2026-09-08,3145.0,3163.0,3096.3,3160.0,1784671
2026-09-09,3135.3,3151.3,3118.0,3150.0,1050769
2026-09-10,3141.7,3146.9,3097.7,3123.8,2140618
2026-09-11,3110.0,3124.2,3069.1,3107.0,1311484
