Date,Open,High,Low,Close,Volume
2010-06-10,199.1,200.4,198.7,200.0,1079382
2010-06-11,200.0,202.0,199.25,199.9,1330301
2010-06-14,201.85,201.85,198.25,199.95,1852548
2010-06-15,199.05,203.0,198.5,202.15,1849177
2010-06-16,201.0,203.0,199.15,200.45,1144043
2010-06-17,201.0,201.25,198.2,199.75,1491994
2010-06-18,201.0,202.0,198.5,200.8,2206824
2010-06-21,204.9,204.9,200.8,201.2,1815369
2010-06-22,200.5,201.5,199.3,199.65,1101786
2010-06-23,199.65,199.85,196.0,196.75,2952700
2010-06-24,197.0,197.85,194.1,194.6,3143407
2010-06-25,195.2,197.65,194.55,196.0,1515316
2010-06-28,195.5,199.25,195.5,198.95,2121561
2010-06-29,199.0,200.0,197.15,197.55,1496907
2010-06-30,195.1,200.4,195.1,199.6,2136703
2010-07-01,199.0,201.9,197.3,199.95,1840876
2010-07-02,200.5,203.0,200.15,202.45,2182027
2010-07-05,203.0,203.8,198.85,199.95,1689086
2010-07-06,200.0,201.6,199.5,200.7,1078917
2010-07-07,200.0,201.7,199.55,200.5,1307154
2010-07-08,201.0,201.4,199.2,199.4,1851709
2010-07-09,200.0,201.25,197.8,198.2,2844277
2010-07-12,198.85,201.3,198.8,199.4,3230967
2010-07-13,199.5,200.8,199.15,199.55,2165390
2010-07-14,200.2,201.3,198.55,199.15,1229243
2010-07-15,199.25,199.8,197.75,198.85,872106
2010-07-16,200.95,200.95,197.45,198.5,1100295
2010-07-19,199.0,204.5,197.9,202.65,2349706
2010-07-20,203.5,204.8,202.25,203.2,2095392
2010-07-21,203.8,204.0,202.05,202.8,613615
2010-07-22,202.5,205.45,201.3,204.4,922027
2010-07-23,205.9,206.0,201.25,202.0,1434672
2010-07-26,202.4,202.9,200.1,201.75,1212383
2010-07-27,201.5,204.5,198.55,201.35,2186737
2010-07-28,201.35,201.95,198.7,199.25,1251633
2010-07-29,200.0,200.75,198.5,199.5,2007185
2010-07-30,200.0,200.0,198.0,198.75,925473
2010-08-02,200.0,200.4,197.75,198.1,952926
2010-08-03,199.0,199.4,197.6,197.95,899426
2010-08-04,198.5,201.0,197.1,199.75,1162943
2010-08-05,199.2,200.5,197.85,198.25,831381
2010-08-06,198.25,199.2,197.0,197.2,789501
2010-08-09,198.0,199.9,197.5,199.5,1430307
2010-08-10,200.0,200.0,195.9,196.35,1329890
2010-08-11,196.5,197.6,195.7,196.05,1075807
2010-08-12,196.1,196.25,192.2,194.1,1815925
2010-08-13,195.0,196.75,193.5,195.75,1338430
2010-08-16,196.0,197.75,195.25,196.4,739959
2010-08-17,197.25,197.25,193.85,194.9,1489792
2010-08-18,195.5,196.0,194.0,194.8,1416096
2010-08-19,195.0,195.6,193.6,194.05,958651
2010-08-20,194.2,194.95,192.85,193.25,1054595
2010-08-23,193.6,195.1,192.8,194.2,926104
2010-08-24,195.6,196.5,193.25,193.55,908714
2010-08-25,193.55,195.55,193.3,193.8,902024
2010-08-26,194.4,200.8,194.0,198.55,4223151
2010-08-27,198.0,199.7,195.0,196.45,894274
2010-08-30,198.0,198.0,194.75,195.4,1263213
2010-08-31,195.4,196.9,194.1,195.95,2136540
2010-09-01,196.1,197.9,195.4,197.55,603435
2010-09-02,198.5,198.5,195.1,195.6,912923
2010-09-03,196.0,196.6,195.0,196.05,678835
2010-09-06,197.8,197.8,190.1,196.6,1102373
2010-09-07,196.9,200.7,196.15,199.65,2226244
2010-09-08,198.4,199.9,197.5,199.45,1853525
2010-09-09,196.9,203.5,196.15,202.65,2273718
2010-09-13,204.85,208.5,202.15,207.6,3963861
2010-09-14,207.0,209.0,204.0,205.9,3067930
2010-09-15,205.9,207.85,204.8,206.9,3317435
2010-09-16,206.0,209.5,205.25,206.45,4962809
2010-09-17,207.0,208.0,204.8,206.35,5207250
2010-09-20,207.6,207.6,204.0,205.3,3000318
2010-09-21,206.45,209.45,204.6,208.0,6119938
2010-09-22,208.0,209.25,206.65,208.35,6681252
2010-09-23,208.55,210.7,205.85,207.4,3785964
2010-09-24,206.0,210.0,205.25,209.3,6055428
2010-09-27,209.5,215.7,209.2,214.6,8742298
2010-09-28,214.6,220.0,214.0,219.5,8477645
2010-09-29,220.0,221.2,215.9,217.0,4698746
2010-09-30,217.0,218.8,215.1,216.95,4219864
2010-10-01,217.85,220.0,216.7,219.45,3318826
2010-10-04,221.15,222.3,217.25,217.95,1973395
2010-10-05,218.2,219.4,215.5,216.1,2494366
2010-10-06,217.0,218.65,216.25,216.6,2897359
2010-10-07,216.7,217.3,214.25,215.05,3611505
2010-10-08,215.3,216.65,212.65,214.65,2091241
2010-10-11,215.2,216.5,211.4,213.15,1142833
2010-10-12,213.5,213.5,209.7,210.3,2368435
2010-10-13,210.3,211.1,206.6,208.05,6765031
2010-10-14,208.9,210.5,201.0,202.55,5237930
2010-10-15,203.9,205.8,202.8,204.3,3988387
2010-10-18,205.0,207.85,202.05,207.4,3123460
2010-10-19,207.4,208.0,203.5,204.25,1887154
2010-10-20,203.25,207.8,203.25,205.4,1914573
2010-10-21,207.1,208.0,205.0,205.7,2583928
2010-10-22,206.65,206.8,203.6,204.0,2843633
2010-10-25,204.1,209.0,204.1,207.55,3684532
2010-10-26,207.95,208.65,204.35,205.25,2087835
2010-10-27,205.0,205.6,197.6,198.25,6982329
2010-10-28,198.05,199.5,192.3,194.05,11200450
2010-10-29,195.8,198.4,194.2,195.3,4359759
2010-11-01,198.1,198.1,192.75,193.2,3747925
2010-11-02,194.0,195.25,193.2,193.75,1542968
2010-11-03,195.0,195.5,192.75,193.2,2465892
2010-11-04,194.1,195.3,194.0,194.7,1774399
2010-11-05,195.75,196.9,195.5,196.3,500042
2010-11-08,196.9,196.9,192.65,193.0,3553615
2010-11-09,193.8,194.35,192.7,193.9,1858195
2010-11-10,193.75,194.95,193.35,194.1,1384130
2010-11-11,194.1,195.0,191.8,192.45,1376059
2010-11-12,192.5,193.95,191.75,192.2,1610035
2010-11-15,192.5,192.9,188.7,189.5,2592161
2010-11-16,190.85,190.85,186.1,187.1,3427753
2010-11-18,190.8,190.9,186.25,187.85,3864143
2010-11-19,187.15,188.8,183.1,184.15,3337736
2010-11-22,186.3,186.3,182.0,183.25,3195043
2010-11-23,182.9,183.9,177.25,180.0,3676166
2010-11-24,181.6,182.05,177.0,178.15,2192972
2010-11-25,179.05,181.7,176.05,176.95,4912584
2010-11-26,178.0,179.9,175.35,177.0,6437523
2010-11-29,179.7,180.95,178.25,179.4,4410026
2010-11-30,179.8,185.3,178.05,184.0,4393260
2010-12-01,184.0,187.0,182.1,186.35,3120946
2010-12-02,187.9,188.0,182.0,182.9,3629985
2010-12-03,183.95,185.95,183.3,185.15,2918947
2010-12-06,186.4,188.8,185.6,187.05,3531530
2010-12-07,187.55,192.85,186.95,191.6,3348340
2010-12-08,191.75,191.75,189.15,190.95,2196305
2010-12-09,191.7,191.7,186.5,187.9,1627865
2010-12-10,187.8,194.75,186.25,192.4,3368697
2010-12-13,191.9,198.0,191.2,196.45,3963815
2010-12-14,197.4,199.9,196.9,199.5,3468326
2010-12-15,199.9,200.2,194.65,196.95,3302294
2010-12-16,197.25,199.85,196.05,197.95,2939983
2010-12-20,198.0,198.4,192.05,192.9,1216177
2010-12-21,193.0,194.2,189.7,191.85,1468484
2010-12-22,192.4,193.8,191.9,192.8,1233836
2010-12-23,193.5,196.0,192.3,195.75,1202527
2010-12-24,196.0,199.0,195.0,198.25,1321275
2010-12-27,199.0,199.7,196.55,197.0,1527808
2010-12-28,197.0,197.95,195.8,196.5,1052259
2010-12-29,197.0,198.4,196.65,197.9,1749953
2010-12-30,198.0,203.8,197.35,202.25,5108349
2010-12-31,201.65,202.25,199.6,200.65,1209449
2011-01-03,201.4,202.5,197.55,198.45,1118430
2011-01-04,198.35,201.7,198.35,200.15,2645141
2011-01-05,199.8,200.95,198.0,199.5,696351
2011-01-06,199.55,202.25,197.55,202.0,2565080
2011-01-07,201.9,203.2,195.6,197.05,1764738
2011-01-10,197.85,197.85,190.0,191.3,1545645
2011-01-11,191.0,195.0,188.05,189.75,2033225
2011-01-12,190.3,194.7,185.6,191.5,2100864
2011-01-13,191.5,191.85,187.5,189.0,3370294
2011-01-14,188.0,192.45,185.3,186.45,2037565
2011-01-17,186.6,188.6,185.0,187.05,1263115
2011-01-18,186.5,189.85,186.5,188.6,1301444
2011-01-19,189.3,191.25,186.5,187.15,2609744
2011-01-20,185.0,189.7,185.0,188.6,1851905
2011-01-21,189.0,190.6,188.85,189.95,2407522
2011-01-24,189.45,193.8,189.45,192.65,1573009
2011-01-25,192.65,197.75,192.65,196.05,3875768
2011-01-27,195.3,197.8,194.0,194.8,3885535
2011-01-28,194.0,195.95,191.35,191.95,3629144
2011-01-31,189.6,191.45,187.5,189.05,1905722
2011-02-01,189.25,190.75,184.7,185.25,1764641
2011-02-02,187.0,189.9,179.7,180.25,2450593
2011-02-03,180.5,182.6,178.5,182.3,2481507
2011-02-04,180.7,181.7,175.25,176.95,3123689
2011-02-07,178.0,180.15,176.8,179.6,1937798
2011-02-08,181.85,181.95,173.15,174.15,1710026
2011-02-09,174.8,175.25,170.05,171.35,2328390
2011-02-10,171.95,173.9,170.0,170.4,1569840
2011-02-11,170.85,178.75,170.55,176.85,2755848
2011-02-14,179.6,180.65,177.2,178.1,1252921
2011-02-15,179.0,182.0,177.55,180.9,2000412
2011-02-16,181.2,182.25,180.1,181.6,2062166
2011-02-17,181.85,181.9,179.15,180.85,501932
2011-02-18,180.6,181.65,177.35,179.05,2747682
2011-02-21,177.1,178.35,174.35,176.65,1454052
2011-02-22,175.6,177.4,174.5,175.85,1810370
2011-02-23,175.0,176.8,172.15,172.9,1152530
2011-02-24,170.25,173.75,170.0,170.95,2512188
2011-02-25,171.25,173.4,168.3,169.85,1357182
2011-03-01,172.05,182.0,170.7,181.35,3789837
2011-03-03,180.0,183.7,175.1,178.05,1941036
2011-03-04,178.6,181.3,178.2,179.15,1827159
2011-03-07,177.95,181.3,175.1,180.55,1265370
2011-03-08,179.0,181.6,178.4,180.15,571771
2011-03-09,180.6,181.1,177.2,177.75,775602
2011-03-10,178.0,178.15,174.85,175.8,921417
2011-03-11,175.45,176.8,173.1,174.65,1411532
2011-03-14,175.25,178.7,175.0,177.95,1291683
2011-03-15,175.45,176.85,173.0,174.9,1451615
2011-03-16,175.95,178.5,175.15,177.55,815695
2011-03-17,176.3,177.4,174.6,175.55,674283
2011-03-18,176.9,177.0,173.65,174.25,820077
2011-03-21,175.0,175.4,172.5,172.95,935355
2011-03-22,174.85,175.5,173.65,174.35,761914
2011-03-23,174.9,175.95,173.15,175.1,1078867
2011-03-24,176.0,176.6,174.9,175.9,1118134
2011-03-25,175.2,183.8,175.2,182.9,2140293
2011-03-28,181.9,187.0,180.8,185.2,3601140
2011-03-29,185.0,189.95,183.6,188.45,2406052
2011-03-30,188.0,190.8,187.05,188.85,1078246
2011-03-31,189.65,195.0,188.9,193.1,5552242
2011-04-01,193.0,193.1,188.15,188.85,841816
2011-04-04,188.2,191.4,187.7,189.5,1530686
2011-04-05,189.7,191.0,187.4,188.05,1190247
2011-04-06,188.65,192.75,185.65,191.8,2447712
2011-04-07,192.35,192.65,185.8,186.15,3647639
2011-04-08,187.0,187.75,182.55,183.75,2577124
2011-04-11,184.1,186.35,182.75,183.8,1627778
2011-04-13,183.15,188.45,182.1,187.8,2113946
2011-04-15,186.15,187.25,184.5,185.4,1311300
2011-04-18,185.5,187.7,183.5,185.3,2312769
2011-04-19,184.8,184.95,182.5,183.8,933841
2011-04-20,184.8,187.45,184.0,186.95,855623
2011-04-21,186.2,188.5,185.4,187.1,1351340
2011-04-25,186.0,188.2,186.0,186.55,952968
2011-04-26,186.8,186.9,184.3,186.15,688449
2011-04-27,186.15,187.2,184.8,185.45,966240
2011-04-28,185.45,186.1,183.0,183.7,1522915
2011-04-29,183.95,184.8,181.3,182.3,1435062
2011-05-02,181.55,183.35,180.5,181.05,913516
2011-05-03,180.3,182.5,177.65,178.35,2052264
2011-05-04,178.7,179.75,177.7,178.55,1949473
2011-05-05,178.7,179.05,173.0,173.95,3475960
2011-05-06,173.0,176.05,171.1,174.8,1790946
2011-05-09,175.5,175.6,172.3,172.8,1250759
2011-05-10,173.9,182.9,173.1,180.55,4690543
2011-05-11,180.0,180.75,175.95,176.75,1202743
2011-05-12,176.4,177.95,174.1,174.5,1161475
2011-05-13,174.9,176.85,173.25,175.05,1236935
2011-05-16,175.0,176.3,173.05,174.15,2481770
2011-05-17,174.45,174.45,169.15,171.15,2377310
2011-05-18,171.85,172.3,168.8,170.9,1503727
2011-05-19,172.0,172.0,169.4,170.0,927265
2011-05-20,171.0,174.75,170.0,172.8,1371544
2011-05-23,172.3,172.3,167.6,167.8,1913653
2011-05-24,168.4,170.55,165.65,166.85,2876117
2011-05-25,167.1,167.5,165.15,167.2,2633003
2011-05-26,167.9,171.9,167.35,170.9,5895916
2011-05-27,170.1,172.95,167.55,168.15,3390356
2011-05-30,169.25,169.95,167.0,167.75,3450573
2011-05-31,167.15,169.6,166.8,168.25,18642924
2011-06-01,169.55,175.45,169.55,175.05,4004748
2011-06-02,173.9,178.0,172.55,175.25,3780011
2011-06-03,175.8,176.95,173.5,174.05,1650421
2011-06-06,174.1,175.2,173.0,173.95,669649
2011-06-07,173.0,173.9,172.2,173.05,2237976
2011-06-08,173.0,176.25,173.0,175.3,1733614
2011-06-09,175.9,178.85,175.0,178.0,2387019
2011-06-10,177.05,178.05,175.2,176.2,1984605
2011-06-13,175.55,181.3,175.55,180.0,2632181
2011-06-14,180.5,181.8,179.95,180.8,1393371
2011-06-15,180.0,180.1,176.35,177.25,709663
2011-06-16,175.8,179.4,175.8,177.0,991693
2011-06-17,175.35,179.4,174.8,178.9,1203094
2011-06-20,179.0,180.55,172.7,174.65,1940926
2011-06-21,175.3,177.0,173.4,176.45,920981
2011-06-22,176.9,177.45,174.4,175.15,1124515
2011-06-23,175.0,179.0,175.0,175.8,1843228
2011-06-24,176.4,186.45,176.0,182.15,5413252
2011-06-27,180.0,184.15,179.4,182.45,2983390
2011-06-28,182.85,184.0,180.75,183.6,1260568
2011-06-29,184.05,186.25,184.0,185.1,2058732
2011-06-30,185.2,188.6,183.65,186.9,3965410
2011-07-01,187.0,189.0,184.75,186.8,1475425
2011-07-04,187.0,188.0,183.85,184.45,1738638
2011-07-05,184.35,185.9,182.65,184.7,2173379
2011-07-06,184.5,187.0,183.75,185.35,1699651
2011-07-07,185.2,190.8,185.05,190.25,2815806
2011-07-08,190.25,192.45,189.35,190.85,2849440
2011-07-11,190.0,192.0,187.55,189.15,1652776
2011-07-12,188.0,190.0,183.1,187.0,3270790
2011-07-13,186.55,191.0,186.25,190.3,3640824
2011-07-14,188.75,192.0,188.25,189.35,3122423
2011-07-15,188.3,191.9,188.3,189.85,2610815
2011-07-18,188.25,189.7,184.5,186.1,2577065
2011-07-19,186.7,190.4,186.5,188.95,1860668
2011-07-20,189.0,189.8,184.6,185.25,1448834
2011-07-21,185.3,186.6,182.1,182.85,1312857
2011-07-22,183.5,186.95,182.65,183.2,3048919
2011-07-25,183.2,185.0,181.5,183.65,5984817
2011-07-26,184.45,185.55,179.7,180.35,2453411
2011-07-27,180.9,181.5,178.0,180.45,2015049
2011-07-28,178.25,179.5,175.85,176.35,4413614
2011-07-29,177.0,178.1,175.5,176.1,2708215
2011-08-01,177.2,178.8,176.15,176.85,982939
2011-08-02,176.5,181.7,176.1,181.0,2741450
2011-08-03,179.8,181.9,178.0,181.25,3171005
2011-08-04,180.7,181.0,175.75,177.05,2726269
2011-08-05,174.55,175.4,170.75,171.45,3457138
2011-08-08,169.3,172.9,165.0,171.15,3265132
2011-08-09,166.7,171.5,166.0,169.15,2924954
2011-08-10,173.2,177.6,169.1,175.5,3728782
2011-08-11,174.35,179.4,173.55,177.8,1540448
2011-08-12,179.0,179.0,174.35,175.7,1547100
2011-08-16,177.0,177.2,174.5,175.45,834338
2011-08-17,174.15,178.5,174.0,175.35,2061472
2011-08-18,178.0,178.0,172.75,174.3,1101831
2011-08-19,171.55,175.6,171.55,174.1,1871896
2011-08-22,173.55,176.9,171.85,174.65,1012402
2011-08-23,175.9,175.9,170.8,171.4,2621376
2011-08-24,170.3,171.5,169.5,170.1,2842779
2011-08-25,170.4,171.0,168.05,170.05,4475566
2011-08-26,169.8,169.8,162.55,166.45,2974642
2011-08-29,168.0,169.55,167.25,169.1,1079537
2011-08-30,169.0,170.7,167.6,169.3,2294827
2011-09-02,174.8,174.8,165.1,166.4,3911576
2011-09-05,166.1,166.9,163.2,163.7,4290037
2011-09-06,163.75,164.7,161.5,162.2,4468785
2011-09-07,162.9,168.35,162.5,167.9,4435549
2011-09-08,168.3,168.3,165.7,166.1,2250644
2011-09-09,167.0,168.0,162.8,163.35,2350184
2011-09-12,162.5,162.75,160.0,162.05,1844401
2011-09-13,163.45,165.65,162.0,163.55,1974001
2011-09-14,164.45,165.1,162.05,164.15,1671411
2011-09-15,165.8,165.8,162.1,164.55,1350152
2011-09-16,165.2,173.55,165.0,172.45,5795670
2011-09-19,170.75,172.85,168.0,168.6,1299561
2011-09-20,169.3,172.65,169.0,172.0,1938906
2011-09-21,172.0,174.35,172.0,173.3,2005802
2011-09-22,171.4,171.6,165.05,165.75,1555134
2011-09-23,164.8,168.95,163.85,167.0,2128665
2011-09-26,168.25,168.4,163.0,163.65,1584252
2011-09-27,164.6,166.35,163.8,165.65,2162201
2011-09-28,166.45,169.55,164.6,168.6,2353438
2011-09-29,168.45,170.3,164.6,168.15,2647187
2011-09-30,167.5,169.0,164.65,167.65,2320276
2011-10-03,165.5,166.45,163.6,164.35,1583724
2011-10-04,164.0,165.6,161.85,163.95,1295102
2011-10-05,164.7,165.85,162.45,163.9,1610551
2011-10-07,168.5,169.2,165.25,166.9,3350320
2011-10-10,167.45,171.45,165.4,170.6,3371177
2011-10-11,171.0,177.0,170.9,176.4,6267867
2011-10-12,175.55,178.6,174.65,177.4,3291035
2011-10-13,177.6,178.25,172.95,173.5,1575953
2011-10-14,172.9,176.9,171.9,172.9,2435387
2011-10-17,173.0,173.2,167.4,168.25,1602499
2011-10-18,167.9,170.75,167.05,168.35,1481126
2011-10-19,168.5,172.45,168.25,171.95,1413533
2011-10-20,170.15,171.75,168.0,171.3,948409
2011-10-21,171.7,171.7,168.8,169.45,1043684
2011-10-24,171.2,173.0,170.5,171.1,2015659
2011-10-25,171.85,177.35,169.55,173.6,5916972
2011-10-26,174.35,174.95,173.8,174.3,199066
2011-10-28,180.0,183.0,175.6,178.55,3816480
2011-10-31,178.8,183.4,178.0,179.25,4986901
2011-11-01,179.05,180.9,176.8,177.35,1181127
2011-11-02,176.1,179.65,175.25,175.95,726781
2011-11-03,175.4,178.95,174.65,178.1,1215494
2011-11-04,179.0,181.65,178.2,179.35,1482420
2011-11-08,178.8,180.4,176.65,178.15,1039668
2011-11-09,179.0,179.15,173.5,174.05,771477
2011-11-11,173.05,174.6,171.25,173.65,1315837
2011-11-14,174.05,176.45,172.1,173.0,971081
2011-11-15,172.8,172.85,168.5,170.0,2231389
2011-11-16,170.8,171.85,167.9,168.95,3057175
2011-11-17,169.85,170.6,164.15,165.0,2025138
2011-11-18,164.9,165.0,160.5,162.3,2992213
2011-11-21,162.45,162.8,155.55,156.3,3566888
2011-11-22,157.25,158.65,154.65,155.45,2586959
2011-11-23,155.6,157.45,152.05,156.65,2472277
2011-11-24,158.95,159.95,153.45,158.8,4383508
2011-11-25,159.0,160.9,155.45,156.9,2864170
2011-11-28,158.95,160.7,157.2,159.65,3551804
2011-11-29,159.9,160.85,157.8,158.6,2317365
2011-11-30,158.4,163.95,157.1,162.35,2856396
2011-12-01,165.8,167.5,164.65,166.55,1827605
2011-12-02,166.3,174.45,165.4,172.85,1853829
2011-12-05,171.05,176.5,171.0,175.9,2696867
2011-12-07,175.15,177.45,168.4,170.15,2407068
2011-12-08,168.55,170.3,163.6,166.3,2047173
2011-12-09,163.25,167.8,162.65,166.1,1953522
2011-12-12,167.45,167.7,160.0,163.55,2957290
2011-12-13,162.15,168.7,160.3,166.85,2061421
2011-12-14,166.5,166.95,163.2,164.1,2805526
2011-12-15,162.9,167.5,159.1,166.4,2987790
2011-12-16,166.1,170.25,159.4,160.95,3684013
2011-12-19,161.0,161.25,156.55,160.3,2479579
2011-12-20,160.3,161.8,154.1,154.9,3952329
2011-12-21,157.0,162.2,155.15,160.75,3180446
2011-12-22,160.8,164.4,159.15,163.4,2163895
2011-12-23,164.5,165.5,157.6,158.3,2309617
2011-12-26,158.8,161.1,158.7,160.55,1493090
2011-12-27,161.0,161.35,155.55,156.9,1753852
2011-12-28,158.0,162.4,157.15,161.35,2118610
2011-12-29,161.5,161.6,158.7,160.65,2094100
2011-12-30,161.0,162.45,159.2,160.85,1601076
2012-01-02,160.85,160.85,157.0,158.15,1170056
2012-01-03,159.5,161.5,158.7,160.35,1783665
2012-01-04,161.0,161.0,158.75,160.15,1563432
2012-01-05,160.45,160.9,155.05,156.8,2664046
2012-01-06,156.5,157.5,155.25,156.95,2186842
2012-01-09,156.4,157.5,155.55,156.95,2154162
2012-01-10,158.95,160.15,156.75,158.0,6326733
2012-01-11,158.8,160.45,157.5,159.7,6377240
2012-01-12,160.9,162.4,159.75,160.85,2483119
2012-01-13,161.9,166.85,160.95,166.2,3381762
2012-01-16,164.75,165.9,161.55,161.85,1912437
2012-01-17,162.95,167.8,162.8,167.2,3354079
2012-01-18,167.2,169.2,163.4,164.5,2501336
2012-01-19,165.2,172.5,165.0,171.45,4726114
2012-01-20,171.95,175.8,171.05,174.5,3389796
2012-01-23,173.05,177.5,173.05,175.55,2649397
2012-01-24,175.6,177.15,172.95,175.35,2218639
2012-01-25,175.35,177.1,174.25,174.75,3783568
2012-01-27,178.15,178.9,172.7,174.05,2300869
2012-01-30,171.55,174.9,170.75,171.75,2902754
2012-01-31,170.4,172.55,169.25,172.2,2316462
2012-02-01,172.0,173.65,170.05,170.85,2472782
2012-02-02,172.0,173.15,170.6,171.9,3892481
2012-02-03,171.1,177.4,171.1,176.8,1715203
2012-02-06,178.0,178.3,174.5,177.65,2817583
2012-02-07,177.55,178.45,174.55,175.75,1011199
2012-02-08,175.5,178.9,175.45,177.25,1164910
2012-02-09,177.0,181.0,176.55,180.0,2395889
2012-02-10,179.9,181.45,178.65,180.35,1451030
2012-02-13,180.0,182.35,179.3,181.0,1376997
2012-02-14,180.15,183.4,180.1,181.65,1420813
2012-02-15,181.75,184.45,179.8,182.1,4058349
2012-02-16,183.9,185.6,182.6,183.95,5395930
2012-02-17,186.0,190.75,184.85,187.9,4331483
2012-02-21,187.15,189.9,184.85,186.15,2558196
2012-02-22,185.5,187.6,181.2,182.8,1705292
2012-02-23,182.15,186.0,180.2,185.05,2026319
2012-02-24,185.05,187.4,182.3,183.7,2656684
2012-02-27,185.0,185.0,175.5,180.85,4290611
2012-02-28,181.0,183.8,179.6,180.05,1433059
2012-02-29,180.9,183.45,179.6,181.05,1439128
2012-03-01,181.5,182.7,174.7,176.45,1697183
2012-03-02,177.95,180.8,176.35,179.0,1750742
2012-03-05,177.8,178.35,174.35,175.65,970469
2012-03-06,174.5,179.75,173.0,174.55,1033621
2012-03-07,173.0,174.4,169.6,170.2,1328776
2012-03-09,172.45,174.65,170.05,173.65,2575058
2012-03-12,175.0,176.0,170.35,172.1,2131127
2012-03-13,172.65,174.6,172.6,173.25,1078670
2012-03-14,175.0,178.0,174.3,177.6,1655451
2012-03-15,177.6,180.0,177.0,179.6,2601767
2012-03-16,179.2,181.3,171.2,172.35,1665581
2012-03-19,173.45,174.8,171.15,171.95,1208248
2012-03-20,170.65,174.3,169.25,173.15,1585737
2012-03-21,172.0,176.25,171.65,175.8,2121392
2012-03-22,176.0,176.8,170.05,171.25,2138830
2012-03-23,171.25,173.25,170.45,171.8,635648
2012-03-26,172.25,172.25,165.0,165.45,1450946
2012-03-27,167.75,167.85,162.6,164.0,1604904
2012-03-28,164.0,164.55,160.6,161.6,2955397
2012-03-29,161.0,163.7,160.05,162.5,5498377
2012-03-30,163.0,164.95,161.85,162.75,4235191
2012-04-02,163.8,168.1,163.0,167.5,1361543
2012-04-03,168.5,168.85,166.5,167.5,1314268
2012-04-04,167.9,169.25,166.5,167.8,813397
2012-04-09,166.2,166.75,162.55,163.05,831118
2012-04-10,162.55,163.45,161.2,162.4,1818261
2012-04-11,161.0,166.1,161.0,165.35,1728846
2012-04-12,166.1,167.0,164.25,165.45,2099382
2012-04-13,166.5,169.0,165.75,166.75,1563711
2012-04-16,165.1,166.35,164.0,165.5,1272894
2012-04-17,165.05,168.9,164.7,167.5,3104410
2012-04-18,167.55,169.75,167.3,167.9,2318546
2012-04-19,168.9,169.5,167.0,168.15,926893
2012-04-20,168.0,168.9,163.6,165.25,961655
2012-04-23,164.8,166.45,163.05,165.95,1852932
2012-04-24,165.95,168.25,164.5,167.3,1208982
2012-04-25,167.9,167.9,163.35,164.9,880226
2012-04-26,164.1,165.95,160.4,161.15,2580877
2012-04-27,161.6,163.35,161.0,161.9,816036
2012-04-30,161.4,164.35,161.4,162.5,1339594
2012-05-02,162.0,163.25,159.25,159.85,1844631
2012-05-03,159.8,159.8,155.75,157.0,2996687
2012-05-04,156.0,158.3,154.05,154.95,1493848
2012-05-07,154.0,157.05,152.5,156.15,1540439
2012-05-08,156.9,157.65,154.55,155.9,2258290
2012-05-09,154.65,155.3,150.2,151.45,1772441
2012-05-10,151.0,153.75,148.25,149.4,2693200
2012-05-11,149.4,150.9,146.1,148.15,1980850
2012-05-14,148.15,150.1,146.5,147.5,3577061
2012-05-15,146.5,147.6,142.4,143.4,2572922
2012-05-16,142.4,142.9,138.85,141.05,3102828
2012-05-17,141.05,142.85,141.0,142.1,2374249
2012-05-18,141.0,147.5,140.05,144.95,3012894
2012-05-21,144.6,146.0,141.75,143.6,1877003
2012-05-22,143.55,145.25,140.75,141.35,2602883
2012-05-23,141.0,141.7,139.0,141.05,1725872
2012-05-24,141.1,143.25,139.95,142.1,1247042
2012-05-25,142.1,143.0,141.05,142.2,1382667
2012-05-28,141.7,144.9,141.7,144.5,986993
2012-05-29,145.1,146.15,143.9,145.5,1692158
2012-05-30,143.9,146.45,143.9,145.25,2671971
2012-05-31,144.2,148.0,144.15,146.8,3496903
2012-06-01,146.3,146.65,144.1,145.1,1819785
2012-06-04,144.0,144.8,141.4,144.05,2467267
2012-06-05,144.05,147.5,144.05,146.95,1807994
2012-06-06,147.5,153.4,147.5,152.75,2986562
2012-06-07,153.1,157.1,151.75,155.05,2851625
2012-06-08,154.5,157.3,152.5,156.0,1717404
2012-06-11,156.3,158.8,154.6,155.1,1350948
2012-06-12,154.7,158.5,153.55,157.65,1645654
2012-06-13,157.5,157.8,153.5,154.3,1378589
2012-06-14,153.0,154.4,147.6,148.25,3943392
2012-06-15,148.0,151.3,147.0,150.2,2847989
2012-06-18,151.05,152.4,147.45,149.2,1618309
2012-06-19,148.5,151.15,147.35,149.65,2841821
2012-06-20,150.0,152.2,148.9,149.55,2192887
2012-06-21,149.8,152.0,149.0,151.3,1407922
2012-06-22,150.4,153.35,149.55,152.15,2307852
2012-06-25,151.55,154.1,151.45,152.5,2643014
2012-06-26,152.6,154.45,151.65,153.7,1861660
2012-06-27,155.0,156.55,154.25,155.1,1585916
2012-06-28,156.0,158.35,154.85,157.6,3775058
2012-06-29,158.85,160.4,158.05,159.45,2562263
2012-07-02,160.0,162.0,159.25,161.3,1232664
2012-07-03,161.5,162.6,159.0,161.05,1771809
2012-07-04,161.3,162.0,158.5,160.9,1565581
2012-07-05,160.5,162.35,159.0,161.6,1439107
2012-07-06,161.0,161.85,159.7,160.85,610637
2012-07-09,159.25,160.55,157.5,160.05,1388775
2012-07-10,159.5,160.7,157.5,159.85,1318679
2012-07-11,158.6,161.7,158.6,160.15,2058528
2012-07-12,158.9,160.35,157.0,158.95,1751435
2012-07-13,159.25,161.1,158.7,159.75,830706
2012-07-16,158.8,160.8,158.35,158.8,1205828
2012-07-17,159.45,160.15,157.3,158.3,1578444
2012-07-18,158.25,158.7,156.1,157.05,1380065
2012-07-19,158.0,159.05,156.5,157.1,5181611
2012-07-20,156.7,157.45,155.55,155.9,841612
2012-07-23,155.55,155.9,152.4,153.75,5130285
2012-07-24,154.0,154.15,152.3,152.9,1719091
2012-07-25,152.15,152.95,149.1,150.05,4029936
2012-07-26,151.0,152.4,149.4,151.15,2908260
2012-07-27,152.5,155.45,152.15,153.25,1358985
2012-07-30,153.6,158.45,153.6,157.9,1270051
2012-07-31,158.1,159.0,156.4,157.0,1812673
2012-08-01,157.05,159.0,156.2,157.5,2130122
2012-08-02,157.6,164.5,157.55,163.5,8059566
2012-08-03,163.0,168.4,162.2,166.25,6398183
2012-08-06,166.7,168.5,164.8,165.65,2035262
2012-08-07,165.3,167.95,164.3,167.35,2217539
2012-08-08,167.7,170.95,166.8,168.25,3104480
2012-08-09,168.35,170.5,168.25,169.95,1668808
2012-08-10,168.75,172.5,168.7,171.95,3105567
2012-08-13,171.95,172.8,171.05,172.2,1071535
2012-08-14,171.1,172.95,169.7,171.8,1717882
2012-08-16,171.75,172.0,169.65,170.0,2274411
2012-08-17,170.55,171.2,167.1,168.05,1727717
2012-08-21,167.5,174.8,167.5,173.75,1191130
2012-08-22,173.5,173.9,171.0,171.4,878867
2012-08-23,171.5,172.4,169.7,170.5,1303510
2012-08-24,169.7,171.15,167.9,168.6,1921066
2012-08-27,168.45,169.75,167.1,168.95,1155095
2012-08-28,169.85,172.35,168.7,171.85,1187981
2012-08-29,173.0,173.0,169.9,172.3,1287452
2012-08-30,171.15,173.25,169.3,171.45,3930507
2012-08-31,170.0,170.4,167.4,168.05,2123372
2012-09-03,168.25,171.2,167.6,168.8,1222223
2012-09-04,167.5,170.8,165.75,170.35,2507106
2012-09-05,169.0,169.6,166.9,168.55,1658675
2012-09-06,167.6,172.7,166.0,171.5,2213752
2012-09-07,172.15,174.2,171.8,172.25,1851777
2012-09-10,171.15,172.8,170.9,172.0,832538
2012-09-11,170.65,174.7,170.65,174.35,985156
2012-09-12,175.0,175.5,169.6,170.65,1634418
2012-09-13,171.0,172.4,170.0,171.15,737645
2012-09-14,173.5,173.85,167.05,168.3,3296332
2012-09-17,169.5,170.35,168.2,169.0,3806753
2012-09-18,169.0,170.7,165.0,166.35,5378584
2012-09-20,166.6,168.05,163.35,164.1,4160439
2012-09-21,164.2,169.45,164.0,168.75,4654575
2012-09-24,169.0,170.9,165.8,166.45,5145410
2012-09-25,168.65,169.2,164.1,164.95,4575267
2012-09-26,165.7,165.9,164.3,165.0,2167361
2012-09-27,164.9,165.9,162.75,164.35,3384872
2012-09-28,165.0,168.65,164.6,168.1,3616654
2012-10-01,168.0,170.9,167.4,170.15,1787420
2012-10-03,170.0,171.5,169.0,170.05,2532262
2012-10-04,170.95,172.9,170.05,170.85,1357273
2012-10-05,171.2,171.75,137.0,171.05,4231475
2012-10-08,170.35,174.1,170.05,171.55,3309646
2012-10-09,172.0,173.35,168.65,169.8,3598760
2012-10-10,168.9,169.1,165.5,166.5,2912146
2012-10-11,167.75,168.4,166.1,167.85,2643117
2012-10-12,167.75,170.25,160.2,168.9,2911207
2012-10-15,168.1,168.7,166.65,168.15,1447373
2012-10-16,169.75,169.95,166.8,167.7,2237501
2012-10-17,168.45,169.45,166.8,169.05,1714601
2012-10-18,169.25,169.6,167.15,168.7,2164313
2012-10-19,168.0,168.5,166.05,166.3,2247624
2012-10-22,166.5,169.8,165.25,169.15,6390853
2012-10-23,169.0,170.05,168.65,169.0,3227725
2012-10-25,168.0,171.45,168.0,169.3,5106198
2012-10-26,169.6,172.0,166.95,169.1,8649744
2012-10-29,169.35,169.95,166.85,167.75,5212797
2012-10-30,167.0,168.85,165.8,166.15,1439194
2012-10-31,166.15,167.1,165.0,165.35,1136305
2012-11-01,165.0,166.35,164.6,165.45,1693606
2012-11-02,166.1,168.75,166.1,168.15,2421058
2012-11-05,167.9,168.55,166.15,167.45,638521
2012-11-06,167.2,169.25,166.75,168.65,3367827
2012-11-07,168.65,170.4,167.55,169.3,1599173
2012-11-08,168.5,170.85,167.65,170.0,937263
2012-11-09,170.2,170.4,166.1,166.7,830181
2012-11-12,167.0,168.25,166.9,167.5,410585
2012-11-13,167.85,168.0,166.2,166.75,101142
2012-11-15,168.0,168.2,165.35,166.9,3004019
2012-11-16,166.1,168.3,165.8,166.4,1346336
2012-11-19,166.5,168.8,166.4,168.35,1429560
2012-11-20,168.6,169.4,167.5,168.35,1435319
2012-11-21,168.2,168.45,161.4,162.0,1185167
2012-11-22,162.25,165.05,161.6,163.9,2076277
2012-11-23,165.45,166.9,158.3,159.4,4657786
2012-11-26,160.3,160.8,157.05,159.45,1288377
2012-11-27,160.45,160.7,158.05,158.55,2296466
2012-11-29,159.25,161.5,157.25,160.6,4709045
2012-11-30,161.4,163.0,159.8,162.4,2385862
2012-12-03,162.4,162.4,159.2,160.45,1610267
2012-12-04,159.55,161.1,158.05,158.6,4038882
2012-12-05,159.0,160.3,158.25,158.7,2103711
2012-12-06,159.4,162.2,156.6,161.1,2917955
2012-12-07,161.4,162.5,159.05,159.85,1964408
2012-12-10,160.0,160.0,156.0,156.9,2046235
2012-12-11,157.8,158.3,149.7,154.2,5029780
2012-12-12,154.0,155.0,151.9,153.2,3959043
2012-12-13,153.3,153.7,149.85,150.6,3480130
2012-12-14,150.9,153.2,149.35,152.8,5551123
2012-12-17,153.45,155.25,152.4,154.5,2987875
2012-12-18,154.95,156.5,154.1,155.45,3124028
2012-12-19,155.9,155.95,153.35,154.75,2646883
2012-12-20,154.9,155.3,153.35,154.05,2292045
2012-12-21,153.45,154.05,152.55,153.15,1926522
2012-12-24,152.6,154.85,152.6,154.3,800250
2012-12-26,155.0,155.65,154.05,155.3,1504038
2012-12-27,155.75,156.5,154.8,155.5,3201752
2012-12-28,155.5,157.95,155.5,156.65,1950875
2012-12-31,156.55,157.25,156.0,156.45,837028
2013-01-01,156.9,157.75,154.8,155.5,2666117
2013-01-02,156.3,158.0,156.25,157.5,1285883
2013-01-03,157.75,159.4,156.8,157.55,1998735
2013-01-04,157.95,159.4,157.6,158.9,1432012
2013-01-07,159.0,159.25,156.75,157.6,1315208
2013-01-08,157.5,158.0,156.5,157.45,2827055
2013-01-09,157.6,159.25,155.2,155.7,2212222
2013-01-10,156.35,156.85,153.35,153.8,1812449
2013-01-11,154.0,155.15,152.3,152.7,1809114
2013-01-14,153.0,154.45,152.8,154.05,3303392
2013-01-15,154.15,156.5,153.1,155.65,2884770
2013-01-16,155.95,156.75,155.35,156.2,4050039
2013-01-17,156.15,157.3,155.35,157.1,2836805
2013-01-18,157.25,165.0,157.05,164.5,5786293
2013-01-21,164.6,167.5,160.7,161.6,4929427
2013-01-22,163.55,165.5,163.1,164.35,6308986
2013-01-23,165.0,165.55,161.15,162.6,2939344
2013-01-24,161.75,162.65,159.75,160.35,5703728
2013-01-25,160.5,162.0,159.0,159.35,2617302
2013-01-28,159.05,160.45,156.2,157.65,1997701
2013-01-29,157.8,158.5,156.85,157.3,1879430
2013-01-30,157.9,157.95,155.0,155.8,2219315
2013-01-31,155.2,158.2,154.8,157.1,3636351
2013-02-01,157.5,158.6,156.0,156.95,3975613
2013-02-04,156.55,157.95,155.0,155.55,2475038
2013-02-05,154.15,157.7,154.0,155.45,4038691
2013-02-06,154.95,154.95,150.35,151.8,7227981
2013-02-07,149.1,150.85,147.55,148.05,32274581
2013-02-08,147.0,150.75,146.5,148.05,53131799
2013-02-11,148.95,149.15,147.1,147.65,9313520
2013-02-12,147.9,148.45,146.9,147.4,8551412
2013-02-13,147.8,149.15,147.4,148.25,6292374
2013-02-14,149.0,150.45,148.2,149.3,7498147
2013-02-15,149.0,151.4,148.95,149.95,6910909
2013-02-18,150.0,151.4,150.0,151.1,4874248
2013-02-19,151.25,153.7,151.15,153.5,6368233
2013-02-20,154.25,154.25,151.75,152.4,6132794
2013-02-21,152.25,152.75,151.6,152.0,8220001
2013-02-22,151.9,152.4,149.6,151.55,5573051
2013-02-25,152.0,152.95,149.2,149.85,5683809
2013-02-26,149.0,152.1,148.5,151.0,12907523
2013-02-27,152.0,154.5,150.7,153.85,14910241
2013-02-28,154.3,156.2,149.9,150.9,43384279
2013-03-01,148.95,150.7,147.0,150.05,11395921
2013-03-04,149.9,150.45,147.75,149.35,6167822
2013-03-05,150.0,150.2,147.7,149.55,7690061
2013-03-06,149.95,150.9,148.1,148.45,3363567
2013-03-07,148.1,149.25,147.75,148.15,2221216
2013-03-08,149.0,150.5,145.05,149.05,8627254
2013-03-11,149.25,150.05,148.5,149.6,3872169
2013-03-12,149.6,150.75,147.3,147.8,6692486
2013-03-13,147.5,147.8,145.8,146.8,4317683
2013-03-14,146.95,147.6,146.3,146.85,4314707
2013-03-15,147.2,148.25,145.5,145.95,6116060
2013-03-18,145.0,146.1,144.05,145.85,3441675
2013-03-19,146.0,147.1,143.75,144.3,5401068
2013-03-20,144.55,144.55,139.05,139.35,5941684
2013-03-21,139.35,141.0,136.15,137.95,9724854
2013-03-22,137.75,142.35,137.6,139.3,6803748
2013-03-25,140.9,144.8,140.4,142.45,14314141
2013-03-26,141.0,143.4,141.0,142.7,8256696
2013-03-28,142.05,142.55,140.5,141.95,10748073
2013-04-01,142.05,144.9,142.05,143.5,5226253
2013-04-02,143.2,144.85,143.0,144.1,5308389
2013-04-03,144.45,146.95,143.55,145.4,8074304
2013-04-04,145.0,146.5,144.2,144.8,3678003
2013-04-05,144.5,144.5,139.3,141.0,6864954
2013-04-08,140.05,142.35,140.0,140.85,3390891
2013-04-09,141.6,143.25,140.75,141.55,9123426
2013-04-10,140.6,143.2,140.15,142.8,4209810
2013-04-11,142.0,142.5,139.5,140.25,4341991
2013-04-12,140.0,141.5,139.4,140.6,2630163
2013-04-15,140.0,141.35,139.2,140.95,1438280
2013-04-16,140.15,144.9,140.15,143.95,5988161
2013-04-17,144.0,146.05,143.7,144.15,4362192
2013-04-18,144.8,146.45,144.25,145.85,3051629
2013-04-22,145.05,149.5,145.05,148.95,4318761
2013-04-23,149.0,149.7,148.05,149.05,5058571
2013-04-25,148.55,155.9,148.55,155.25,18633136
2013-04-26,155.0,157.7,153.35,154.9,7544747
2013-04-29,155.0,157.0,155.0,156.0,4830379
2013-04-30,156.95,158.0,155.65,157.35,5608397
2013-05-02,156.5,161.0,156.5,160.25,9404208
2013-05-03,159.6,162.9,158.9,159.3,10176072
2013-05-06,158.75,161.0,156.3,157.2,6294370
2013-05-07,158.9,160.5,156.2,157.85,6745811
2013-05-08,157.85,158.5,155.45,156.3,2846566
2013-05-09,156.0,157.9,155.0,156.3,1824988
2013-05-10,156.5,160.0,153.3,155.0,7540576
2013-05-13,154.0,155.95,152.8,153.85,3340724
2013-05-14,154.1,155.0,152.85,153.95,5142991
2013-05-15,154.2,158.0,154.15,157.3,6705575
2013-05-16,157.3,159.0,155.85,156.45,5753402
2013-05-17,156.1,161.0,156.1,159.9,7327667
2013-05-20,160.15,160.95,158.55,159.55,6610672
2013-05-21,159.05,159.55,151.4,152.3,4640118
2013-05-22,153.0,155.9,152.1,154.75,3006077
2013-05-23,153.35,155.0,147.95,148.5,5396067
2013-05-24,151.0,151.35,149.1,150.0,3368844
2013-05-27,150.95,152.9,150.5,152.3,4208080
2013-05-28,152.05,156.2,152.05,155.1,5421675
2013-05-29,154.25,155.05,152.8,154.0,5692546
2013-05-30,152.5,157.45,152.5,156.6,6213546
2013-05-31,156.5,157.1,152.65,154.2,5491327
2013-06-03,154.0,154.05,150.85,152.2,2570752
2013-06-04,152.3,155.6,152.25,154.05,3210151
2013-06-05,153.1,155.4,153.1,153.95,2677901
2013-06-06,152.65,153.2,150.4,150.75,1687477
2013-06-07,152.0,152.7,146.0,147.8,2480677
2013-06-10,148.05,152.0,148.05,150.05,3799936
2013-06-11,149.2,152.4,149.2,150.2,6584083
2013-06-12,151.45,152.1,148.6,151.15,3851977
2013-06-13,148.65,150.7,148.0,149.7,2556058
2013-06-14,151.1,152.3,149.5,152.0,2705863
2013-06-17,151.35,151.9,149.3,150.65,2912170
2013-06-18,149.9,150.5,146.55,146.8,1679042
2013-06-19,146.8,146.8,143.75,145.0,3191072
2013-06-20,143.9,143.9,139.0,140.2,5787559
2013-06-21,140.2,144.0,138.0,143.0,3803363
2013-06-24,142.0,145.65,140.6,142.0,4551544
2013-06-25,141.6,144.25,137.35,138.05,2587265
2013-06-26,139.4,141.9,139.05,141.3,3683611
2013-06-27,142.65,142.95,138.5,140.3,6402247
2013-06-28,140.35,144.6,139.55,143.75,5198465
2013-07-01,144.4,148.65,143.75,148.15,3422322
2013-07-02,147.9,148.3,145.05,145.6,1832923
2013-07-03,144.45,145.85,143.7,144.15,2012641
2013-07-04,145.95,146.9,143.25,144.05,4338536
2013-07-05,145.1,145.55,142.8,143.65,1172341
2013-07-08,143.15,143.5,138.95,140.4,2994627
2013-07-09,142.45,143.35,140.6,142.3,3232619
2013-07-10,143.5,143.8,140.35,141.1,2350000
2013-07-11,143.75,145.75,142.85,143.85,3279386
2013-07-12,144.1,146.7,141.8,146.1,3157320
2013-07-15,146.0,147.0,141.85,142.35,2711600
2013-07-16,142.0,144.1,141.35,143.2,1705370
2013-07-17,144.65,149.0,144.05,147.55,5197739
2013-07-18,147.8,148.35,144.8,146.5,2579817
2013-07-19,147.05,147.5,142.85,143.7,2271552
2013-07-22,143.7,144.45,141.85,143.05,2878459
2013-07-23,144.25,144.7,142.65,143.3,2456376
2013-07-24,142.25,144.5,140.0,141.2,3196295
2013-07-25,142.0,142.15,139.1,140.25,4406270
2013-07-26,142.0,142.45,138.8,141.05,1689788
2013-07-29,141.95,142.9,141.5,142.0,3753296
2013-07-30,141.6,142.05,136.5,137.7,2463156
2013-07-31,136.05,136.85,127.7,130.7,9765574
2013-08-01,132.0,135.4,129.0,131.55,4440477
2013-08-02,134.3,135.35,126.55,129.85,10202852
2013-08-05,130.2,136.45,130.2,135.25,3402335
2013-08-06,134.5,137.0,133.7,134.85,4612553
2013-08-07,134.9,139.4,132.7,136.4,2818863
2013-08-08,135.05,138.7,134.25,137.1,6718881
2013-08-12,136.75,139.95,134.55,138.35,2679965
2013-08-13,136.45,144.45,136.4,143.75,6564878
2013-08-14,143.95,145.85,142.55,144.3,4930509
2013-08-16,143.6,144.5,138.0,139.65,6154887
2013-08-19,139.4,140.0,134.6,136.75,6025974
2013-08-20,135.9,137.9,133.95,136.15,3510274
2013-08-21,136.25,137.0,129.0,130.65,7404961
2013-08-22,130.35,132.7,126.1,131.15,5385924
2013-08-23,132.05,132.5,127.6,129.05,5037959
2013-08-26,130.2,133.5,130.0,132.4,4340319
2013-08-27,132.8,132.8,123.4,124.45,5510185
2013-08-28,123.5,127.5,122.6,126.3,5425268
2013-08-29,126.9,131.85,125.0,130.8,6005885
2013-09-03,130.3,131.55,125.65,128.05,3754821
2013-09-04,127.4,130.7,125.0,130.0,4610163
2013-09-05,132.5,133.0,128.95,130.45,11708224
2013-09-06,130.8,134.9,128.5,134.3,5764300
2013-09-10,135.0,139.5,135.0,138.6,5063738
2013-09-11,139.5,140.95,135.3,137.6,5082675
2013-09-12,137.2,140.9,137.2,139.45,2854781
2013-09-13,138.4,141.5,138.0,141.1,3975733
2013-09-16,142.8,145.5,141.4,142.95,2802538
2013-09-17,143.5,144.35,138.5,140.15,2711120
2013-09-18,140.4,145.9,139.5,144.9,2821421
2013-09-19,148.1,151.6,145.7,147.1,5143489
2013-09-20,147.0,150.0,144.65,148.3,6203763
2013-09-23,146.0,148.6,141.4,142.8,3291515
2013-09-24,141.05,146.2,141.05,145.45,4368590
2013-09-25,145.45,149.8,144.3,149.0,5401949
2013-09-26,148.5,150.0,146.15,149.7,4449352
2013-09-27,150.0,150.0,146.65,147.95,2923244
2013-09-30,146.85,149.75,143.7,147.45,2670022
2013-10-01,147.7,148.4,143.5,143.85,2330895
2013-10-03,145.5,146.25,143.45,143.9,2733103
2013-10-04,143.0,145.1,142.2,142.6,3010343
2013-10-07,142.5,142.7,140.25,142.25,2687496
2013-10-08,143.1,144.85,141.1,144.35,2788387
2013-10-09,143.65,146.2,142.0,145.15,3599090
2013-10-10,145.25,148.45,145.0,147.9,1914057
2013-10-11,149.0,149.0,143.7,144.05,2250965
2013-10-14,143.8,144.15,142.1,143.65,2606597
2013-10-15,144.0,146.9,143.35,145.1,1743289
2013-10-17,144.5,146.9,143.0,143.55,2361070
2013-10-18,143.8,147.3,143.75,145.85,2656399
2013-10-21,145.0,148.0,144.6,147.65,1351310
2013-10-22,146.25,149.5,146.25,148.75,2217175
2013-10-23,149.0,149.75,143.2,145.35,2572198
2013-10-24,145.3,147.35,142.1,143.3,2893072
2013-10-25,144.0,147.4,142.6,145.2,1721578
2013-10-28,145.0,146.65,143.75,144.05,1466924
2013-10-29,144.0,146.45,143.05,146.05,3137870
2013-10-30,146.5,148.7,144.7,147.25,4087924
2013-10-31,147.0,149.95,145.55,149.1,5675573
2013-11-01,147.5,149.1,145.75,146.25,2510500
2013-11-05,145.55,148.1,144.8,147.25,3011202
2013-11-06,146.8,153.35,146.25,152.6,6784186
2013-11-07,154.6,155.4,151.8,152.7,5305942
2013-11-08,151.8,153.85,150.3,152.55,2366472
2013-11-11,151.5,152.0,146.6,150.3,2551806
2013-11-12,150.0,152.2,148.3,149.15,3459730
2013-11-13,148.2,151.5,147.15,149.5,4404826
2013-11-14,149.7,154.7,149.6,152.8,5242855
2013-11-18,153.5,156.85,153.3,156.05,4377116
2013-11-19,156.0,156.5,154.6,155.05,1854042
2013-11-20,154.0,157.5,153.55,154.65,3690882
2013-11-21,154.25,154.35,149.15,150.2,2422138
2013-11-22,150.6,151.9,149.45,150.85,1508068
2013-11-25,151.0,152.0,149.2,150.15,3117290
2013-11-26,150.0,150.85,147.85,148.75,3301723
2013-11-27,148.1,149.0,146.3,146.6,2720076
2013-11-28,147.0,149.4,146.7,147.9,3627397
2013-11-29,147.25,151.4,146.75,147.25,2752620
2013-12-02,147.15,149.0,145.9,147.05,2462350
2013-12-03,146.55,146.85,144.65,145.7,3139503
2013-12-04,145.6,146.8,144.2,145.35,6366627
2013-12-05,147.7,147.7,143.0,143.85,4158111
2013-12-06,144.0,149.8,143.9,148.95,5815834
2013-12-09,153.1,155.05,150.85,153.45,6711355
2013-12-10,145.05,145.8,135.0,136.05,58617228
2013-12-11,139.0,140.35,137.65,139.25,14897773
2013-12-12,139.35,140.05,138.35,139.65,3477401
2013-12-13,139.3,139.3,136.65,137.3,3732601
2013-12-16,138.65,138.65,136.75,137.95,3372199
2013-12-17,137.2,138.05,134.55,134.95,6611027
2013-12-18,134.95,136.0,134.4,135.45,3113307
2013-12-19,135.5,136.05,133.65,135.0,4483799
2013-12-20,135.05,136.1,134.0,135.95,5475779
2013-12-23,135.65,137.9,135.0,136.8,5046256
2013-12-24,137.0,138.6,136.85,137.8,3793279
2013-12-26,137.4,139.9,136.35,137.15,10879409
2013-12-27,137.8,138.1,137.05,137.25,1550570
2013-12-30,137.35,138.0,135.9,136.05,1345097
2013-12-31,136.55,137.2,136.0,137.0,2007677
2014-01-01,137.5,138.65,136.6,138.2,1213227
2014-01-02,138.8,138.8,134.65,134.9,4764799
2014-01-03,135.0,135.5,131.5,131.75,7228862
2014-01-06,132.8,133.0,130.35,132.15,3035769
2014-01-07,132.15,132.8,129.5,129.85,3445366
2014-01-08,130.65,132.9,129.1,129.55,5938919
2014-01-09,129.8,134.0,129.5,133.65,7315773
2014-01-10,133.75,133.9,131.0,131.4,2480925
2014-01-13,130.5,133.4,130.4,132.75,2283443
2014-01-14,131.7,132.5,130.8,131.25,2715535
2014-01-15,132.25,132.85,131.45,132.25,5583147
2014-01-16,132.55,134.2,132.55,133.15,5238158
2014-01-17,133.2,133.75,131.15,131.6,9686445
2014-01-20,132.0,133.5,131.5,131.85,2288260
2014-01-21,131.6,133.0,129.75,130.75,9067857
2014-01-22,130.5,133.2,130.5,132.65,4438582
2014-01-23,131.75,132.4,130.75,131.1,3964418
2014-01-24,130.8,131.9,130.65,131.5,3080062
2014-01-27,130.25,130.7,129.1,129.45,2699822
2014-01-28,129.8,132.0,128.15,128.5,3764855
2014-01-29,129.75,130.5,127.25,127.8,4019121
2014-01-30,127.05,130.15,126.15,128.2,6001934
2014-01-31,125.7,126.95,123.5,126.45,4369223
2014-02-03,126.0,126.3,125.1,126.0,2904211
2014-02-04,125.9,130.65,125.4,130.2,10508446
2014-02-05,130.6,132.7,127.1,132.4,8496884
2014-02-06,132.0,134.1,130.8,133.6,8205918
2014-02-07,133.7,136.1,132.75,135.95,12080553
2014-02-10,135.15,136.6,133.3,135.2,10642466
2014-02-11,134.4,134.7,130.05,132.15,3603027
2014-02-12,132.2,132.5,130.05,130.75,6154520
2014-02-13,131.2,131.45,129.65,130.1,6901586
2014-02-14,131.4,132.9,129.65,132.25,2251143
2014-02-17,132.3,134.25,132.3,133.85,1194673
2014-02-18,133.6,134.55,133.0,133.85,1691351
2014-02-19,134.4,134.4,132.05,132.35,1113395
2014-02-20,132.0,132.6,130.6,131.1,1838865
2014-02-21,131.55,134.0,130.7,132.45,1669691
2014-02-24,128.5,128.6,116.35,116.9,30175559
2014-02-25,117.45,118.8,113.85,115.85,16178725
2014-02-26,116.05,116.75,114.4,115.45,10927762
2014-02-28,116.0,116.45,112.0,112.4,10555563
2014-03-03,113.0,113.35,110.65,111.2,11410275
2014-03-04,111.5,114.15,110.8,113.85,11127555
2014-03-05,114.5,114.6,112.55,114.05,6315440
2014-03-06,113.4,117.3,113.4,116.7,7578496
2014-03-07,116.3,117.15,115.85,116.35,7093180
2014-03-10,117.0,119.35,114.7,117.0,9281475
2014-03-11,117.0,118.1,116.0,117.4,3799644
2014-03-12,117.0,117.9,116.4,117.15,3350143
2014-03-13,117.05,118.3,115.7,116.25,4856734
2014-03-14,116.15,117.4,115.05,117.05,3857996
2014-03-18,117.3,118.6,116.0,117.9,4975148
2014-03-19,118.0,118.9,115.3,115.95,5164495
2014-03-20,115.5,116.5,115.25,115.75,5141319
2014-03-21,116.3,116.4,113.55,113.85,8630887
2014-03-24,114.8,115.25,112.8,113.95,8745236
2014-03-25,114.9,115.7,113.85,115.1,7706988
2014-03-26,115.7,116.4,114.5,114.9,6987078
2014-03-27,115.3,117.8,115.25,116.8,11387941
2014-03-28,117.85,122.0,117.4,120.95,5513760
2014-03-31,122.0,123.85,118.7,119.9,8883938
2014-04-01,120.8,122.45,119.55,121.95,5038935
2014-04-02,122.2,124.3,121.7,122.9,10923603
2014-04-03,124.1,124.15,121.75,123.0,10789152
2014-04-04,123.05,123.05,119.6,120.3,4617631
2014-04-07,121.0,121.6,118.6,119.4,5408656
2014-04-09,120.4,120.8,119.05,120.55,7734907
2014-04-10,120.6,124.15,120.6,123.7,8450966
2014-04-11,123.0,125.2,122.3,124.6,5196970
2014-04-15,125.0,125.9,123.0,125.4,4571017
2014-04-16,125.0,125.9,121.4,122.6,4680339
2014-04-17,122.7,123.5,120.75,122.95,5722904
2014-04-21,123.0,124.8,123.0,124.55,3838071
2014-04-22,124.6,124.95,123.05,123.8,2534209
2014-04-23,123.5,124.9,121.8,122.1,11147179
2014-04-25,122.5,123.5,118.2,118.5,10730551
2014-04-28,118.8,119.4,117.6,117.95,5128878
2014-04-29,118.1,118.85,117.5,117.65,4811205
2014-04-30,118.0,118.95,115.35,116.35,8093442
2014-05-02,117.0,117.0,114.1,114.45,3305092
2014-05-05,114.45,115.15,113.5,113.85,2522427
2014-05-06,114.3,115.7,113.8,114.3,3783435
2014-05-07,114.5,116.8,114.0,115.75,9144185
2014-05-08,116.05,116.7,114.9,115.55,3390569
2014-05-09,115.5,118.5,115.5,118.15,6069098
2014-05-12,118.25,122.0,118.25,121.1,8078938
2014-05-13,124.0,130.4,122.3,122.8,25877228
2014-05-14,124.3,126.2,123.2,125.5,9977105
2014-05-15,126.35,131.35,125.1,129.3,23177779
2014-05-16,132.0,138.65,130.5,131.6,28212109
2014-05-19,134.0,148.8,134.0,145.6,31117469
2014-05-20,150.2,151.5,140.55,142.25,23230325
2014-05-21,144.3,147.6,143.1,145.65,15982367
2014-05-22,147.7,156.8,146.8,154.2,18236241
2014-05-23,157.55,162.6,155.1,160.2,26369247
2014-05-26,163.75,167.6,150.25,156.25,25656616
2014-05-27,155.35,159.1,149.5,154.15,13100443
2014-05-28,153.1,156.8,150.6,151.45,13980331
2014-05-29,151.95,154.9,150.0,152.15,16369820
2014-05-30,152.95,163.8,152.9,160.5,61623986
2014-06-02,163.0,163.0,155.5,159.25,19302437
2014-06-03,160.5,164.9,159.9,164.2,14562150
2014-06-04,164.2,165.9,161.75,165.0,12793918
2014-06-05,165.5,166.35,162.0,164.2,12732835
2014-06-06,165.95,168.9,162.5,165.5,16096450
2014-06-09,167.0,167.45,163.4,165.35,21554240
2014-06-10,166.0,166.9,161.8,163.55,11853708
2014-06-11,164.0,164.3,156.8,158.1,11838396
2014-06-12,158.05,161.4,157.05,160.25,10358272
2014-06-13,161.15,162.0,151.5,153.35,9139412
2014-06-16,155.3,155.95,150.05,152.9,10401421
2014-06-17,152.4,156.0,150.8,154.9,8631689
2014-06-18,154.8,156.75,150.05,151.5,6983838
2014-06-19,152.3,154.1,150.55,152.5,4774054
2014-06-20,152.0,154.5,151.1,151.65,5645401
2014-06-23,151.6,153.2,151.0,152.55,4040528
2014-06-24,152.55,156.1,152.55,154.85,6333501
2014-06-25,155.1,157.65,155.1,156.85,5701194
2014-06-26,157.2,157.65,151.9,152.3,7000876
2014-06-27,152.85,154.35,151.1,152.25,4633878
2014-06-30,153.3,156.8,152.95,156.2,5545422
2014-07-01,156.35,157.5,154.35,154.6,5247827
2014-07-02,155.95,160.15,155.55,159.75,6656675
2014-07-03,160.45,160.55,156.55,157.35,6951686
2014-07-04,158.0,159.6,154.8,158.55,4388245
2014-07-07,159.45,161.9,158.0,161.35,7464137
2014-07-08,161.3,161.95,152.25,153.0,10130323
2014-07-09,153.0,154.2,149.0,150.65,7536259
2014-07-10,151.0,154.9,145.65,151.15,11299975
2014-07-11,151.0,152.7,146.55,149.7,8626295
2014-07-14,149.7,150.4,145.65,147.8,9617203
2014-07-15,149.25,150.0,142.6,145.6,8483223
2014-07-16,146.05,147.25,143.55,146.65,6549523
2014-07-17,145.7,151.1,145.6,150.4,8216045
2014-07-18,149.95,150.1,147.2,149.7,5732475
2014-07-21,150.2,151.05,147.7,148.0,4321978
2014-07-22,148.35,150.65,148.2,149.85,4692025
2014-07-23,150.0,150.35,147.25,149.6,5435173
2014-07-24,149.8,150.8,148.8,149.7,4164611
2014-07-25,149.55,150.5,147.0,148.95,4405103
2014-07-28,148.1,149.6,147.35,149.05,4235705
2014-07-30,149.0,150.4,147.6,149.8,8214800
2014-07-31,149.1,149.8,144.1,145.05,12620263
2014-08-01,143.4,143.4,140.05,140.75,10237186
2014-08-04,141.1,142.35,140.2,141.3,6376706
2014-08-05,141.35,141.75,139.1,140.7,5776566
2014-08-06,141.2,141.95,140.1,140.45,3239774
2014-08-07,140.0,141.35,139.4,140.85,5327444
2014-08-08,139.65,140.0,137.0,137.95,5886857
2014-08-11,139.2,139.95,135.05,135.85,8927798
2014-08-12,136.6,141.1,136.6,139.5,7532806
2014-08-13,137.8,140.35,137.2,139.95,9344461
2014-08-14,140.2,142.45,139.1,142.05,5018448
2014-08-18,141.95,144.1,141.1,142.6,3570163
2014-08-19,143.1,144.4,142.65,143.9,3911534
2014-08-20,144.25,145.7,143.25,145.3,4380436
2014-08-21,145.95,145.95,142.0,142.5,4235565
2014-08-22,142.6,143.45,141.25,142.5,1870786
2014-08-25,142.3,142.9,140.2,141.8,2955278
2014-08-26,141.6,142.0,139.3,141.0,3518252
2014-08-27,141.45,141.5,137.25,139.5,5711238
2014-08-28,139.0,140.0,136.85,137.4,8078129
2014-09-01,138.7,140.45,137.4,139.7,6689613
2014-09-02,140.0,141.5,138.8,140.2,8173406
2014-09-03,140.95,141.35,138.75,139.7,7175632
2014-09-04,140.5,143.0,138.7,142.45,6741229
2014-09-05,142.2,143.5,141.0,142.85,6024244
2014-09-08,143.0,143.95,140.1,140.45,6300528
2014-09-09,140.6,141.6,139.7,140.6,4461912
2014-09-10,140.0,140.7,138.8,139.4,4610840
2014-09-11,140.95,141.4,138.9,140.0,4325801
2014-09-12,139.3,140.15,137.5,137.75,5870108
2014-09-15,137.3,138.75,135.6,135.9,6663308
2014-09-16,136.0,136.5,131.8,132.15,6467961
2014-09-17,132.55,133.8,131.7,133.65,4979815
2014-09-18,132.5,137.25,132.5,136.9,4891809
2014-09-19,136.75,139.0,136.3,138.25,12167071
2014-09-22,137.25,137.25,136.1,136.45,4366578
2014-09-23,136.5,138.2,135.6,136.9,10409448
2014-09-24,136.05,139.6,136.05,138.0,10798329
2014-09-25,138.7,138.9,135.55,136.45,11706208
2014-09-26,135.6,140.15,135.6,139.35,3490847
2014-09-29,139.9,140.0,137.4,139.0,6329937
2014-09-30,138.9,139.5,138.0,139.1,6151573
2014-10-01,139.35,140.4,138.5,139.05,4988395
2014-10-07,138.7,141.55,138.1,140.65,5707921
2014-10-08,141.8,144.0,141.2,143.4,5953127
2014-10-09,144.2,144.65,142.5,142.9,5448569
2014-10-10,142.05,142.25,139.1,141.25,5980687
2014-10-13,141.3,141.3,138.35,140.25,5101137
2014-10-14,140.95,141.7,138.75,140.7,4834653
2014-10-16,142.0,142.2,137.4,138.25,7677274
2014-10-17,139.8,141.25,138.7,140.95,4601561
2014-10-20,141.95,144.95,141.1,143.5,3500873
2014-10-21,145.05,148.1,144.8,147.55,7676095
2014-10-22,148.1,148.8,145.55,146.55,5878257
2014-10-23,147.75,147.75,146.2,146.7,616177
2014-10-27,148.5,148.5,145.1,145.85,3318620
2014-10-28,145.1,148.2,144.75,147.75,3527764
2014-10-29,148.3,148.35,145.5,146.25,5060917
2014-10-30,146.1,147.75,145.25,147.1,6028230
2014-10-31,147.1,150.9,146.25,150.1,5129216
2014-11-03,149.65,150.0,146.7,147.7,3613154
2014-11-05,147.65,148.9,144.8,145.25,3350085
2014-11-07,145.0,146.7,144.05,144.45,2686495
2014-11-10,145.1,146.8,144.1,146.15,2705060
2014-11-11,147.1,147.45,145.4,145.8,1950820
2014-11-12,145.65,146.25,141.95,142.2,4114289
2014-11-13,143.5,143.5,141.65,142.7,3558561
2014-11-14,142.55,143.95,140.3,143.1,12612638
2014-11-17,142.9,146.3,142.5,145.9,6573392
2014-11-18,146.8,148.6,145.8,146.8,11206181
2014-11-19,146.9,147.65,143.5,144.2,4805067
2014-11-20,144.65,144.65,141.4,142.5,3787979
2014-11-21,142.9,144.2,142.0,142.65,5720329
2014-11-24,142.0,143.65,142.0,143.05,2644296
2014-11-25,143.75,143.75,139.4,140.15,11081248
2014-11-26,140.1,142.4,140.0,141.8,6726754
2014-11-27,142.0,142.95,140.85,141.15,3606542
2014-11-28,141.25,143.25,140.85,142.7,8152538
2014-12-01,142.1,144.7,139.55,140.15,3393911
2014-12-02,140.2,141.8,140.1,140.45,1091635
2014-12-03,140.45,143.65,140.45,143.15,2510856
2014-12-04,143.1,143.7,141.4,142.05,2231499
2014-12-05,141.65,142.15,140.65,141.05,12824965
2014-12-08,141.05,142.3,139.6,139.9,2623947
2014-12-09,139.75,139.75,134.3,134.95,4872156
2014-12-10,134.9,136.35,134.35,135.15,3355661
2014-12-11,135.4,135.4,133.2,133.5,3340404
2014-12-12,134.3,134.3,132.3,132.95,3796142
2014-12-15,132.45,134.7,130.95,133.0,10928711
2014-12-16,132.4,132.95,126.75,128.3,10015045
2014-12-17,129.7,129.85,126.7,128.1,5362361
2014-12-18,129.55,134.2,129.0,132.95,9639000
2014-12-19,134.0,136.35,132.85,135.5,5207759
2014-12-22,136.3,140.2,136.15,139.0,9308634
2014-12-23,139.7,143.85,138.2,142.95,7270335
2014-12-24,143.5,143.75,138.6,139.35,11642761
2014-12-26,139.8,140.45,138.25,139.3,1865314
2014-12-29,139.35,140.95,139.35,140.1,1969195
2014-12-30,140.25,142.4,139.85,141.95,2055718
2014-12-31,141.95,144.85,141.05,144.0,3824882
2015-01-01,144.2,144.25,142.1,142.45,1232484
2015-01-02,142.5,145.0,142.5,144.4,1985911
2015-01-05,144.55,144.9,143.05,144.0,1830881
2015-01-06,143.5,144.5,138.25,139.2,4936260
2015-01-07,140.5,143.0,139.35,142.55,4873796
2015-01-08,143.3,145.3,143.2,144.95,6303521
2015-01-09,145.15,145.5,139.5,140.25,3149161
2015-01-12,141.0,141.4,138.5,140.0,2658780
2015-01-13,139.25,140.35,138.1,138.95,3762862
2015-01-14,139.7,140.25,137.2,137.75,2280176
2015-01-15,139.85,140.55,138.4,139.2,5846878
2015-01-16,138.65,141.8,138.35,140.4,5188279
2015-01-19,140.9,142.9,139.85,141.75,4322422
2015-01-20,142.75,143.5,142.1,142.85,5374190
2015-01-21,143.25,144.15,142.3,143.5,5789695
2015-01-22,143.5,143.7,139.35,140.2,5607554
2015-01-23,141.6,142.2,140.45,141.9,7537705
2015-01-27,142.5,143.7,140.7,143.15,14984991
2015-01-28,143.0,144.95,141.55,142.85,5637058
2015-01-29,142.7,142.7,141.1,141.85,14628124
2015-01-30,142.8,147.4,142.1,143.65,18591570
2015-02-02,144.45,144.45,141.55,142.05,8637379
2015-02-03,142.45,144.8,142.15,144.0,6484628
2015-02-04,143.2,144.1,142.05,142.8,3363786
2015-02-05,142.2,143.1,139.05,140.15,5119240
2015-02-06,140.15,140.75,138.3,140.0,4980413
2015-02-09,139.0,140.4,138.1,138.8,2595390
2015-02-10,138.0,140.3,136.75,137.15,3755645
2015-02-11,137.0,141.0,136.8,140.15,2935369
2015-02-12,140.55,142.65,140.05,142.1,4302336
2015-02-13,142.1,143.7,141.6,143.25,3011838
2015-02-16,142.2,144.65,142.2,144.0,1621299
2015-02-18,144.05,147.8,143.6,146.05,4146712
2015-02-19,146.2,147.2,142.0,146.65,3090879
2015-02-20,146.4,147.35,144.1,145.65,2648484
2015-02-23,145.65,146.8,144.3,146.05,5026430
2015-02-24,146.25,149.2,146.0,146.6,4904698
2015-02-25,147.0,148.6,145.6,146.05,6281920
2015-02-26,147.1,154.85,145.75,153.35,21241206
2015-02-27,153.0,159.5,152.0,158.45,10071356
2015-03-02,156.0,160.0,155.7,159.5,6544590
2015-03-03,159.5,160.0,157.9,158.7,4830775
2015-03-04,159.0,159.8,155.75,157.5,3817162
2015-03-05,156.25,158.7,155.2,158.15,3589754
2015-03-09,157.5,158.1,151.4,151.8,2549044
2015-03-10,153.3,153.3,149.0,149.95,3208061
2015-03-11,149.5,154.75,146.6,153.75,3966079
2015-03-12,154.0,164.75,153.0,159.7,19776958
2015-03-13,160.3,161.3,158.6,159.45,13559465
2015-03-16,159.3,159.5,154.7,155.85,10012222
2015-03-17,156.1,158.5,155.3,157.85,5336330
2015-03-18,158.0,159.35,151.2,152.65,16155114
2015-03-19,153.5,155.85,150.15,154.75,20768369
2015-03-20,143.8,148.3,142.7,145.5,17171691
2015-03-23,145.2,150.5,145.2,150.15,7423310
2015-03-24,150.0,153.4,149.6,152.7,6418011
2015-03-25,154.5,154.9,146.5,147.35,15931009
2015-03-26,146.25,147.8,142.95,144.0,21961628
2015-03-27,145.9,146.65,143.5,145.6,4464698
2015-03-30,146.1,148.2,145.7,147.6,4132541
2015-03-31,148.5,148.5,144.9,146.85,6997714
2015-04-01,147.0,149.9,147.0,147.75,3038207
2015-04-06,148.5,152.95,148.2,152.1,3393269
2015-04-07,152.95,157.0,151.5,156.3,4590794
2015-04-08,156.3,157.95,153.45,156.1,2557234
2015-04-09,156.15,158.0,153.4,157.35,2900768
2015-04-10,157.0,159.0,154.25,155.65,2667347
2015-04-13,155.7,158.7,153.5,157.3,2657574
2015-04-15,156.2,158.5,153.4,154.35,3425071
2015-04-16,154.0,156.6,153.5,156.1,2617615
2015-04-17,155.55,158.85,155.55,158.0,3192655
2015-04-20,159.4,160.0,153.8,154.4,2379637
2015-04-21,154.9,156.3,151.0,151.35,3220441
2015-04-22,151.9,153.45,150.3,152.7,2768504
2015-04-23,154.0,154.0,148.9,149.5,2400684
2015-04-24,150.45,151.0,147.9,149.8,3337315
2015-04-27,150.85,153.35,147.7,148.25,4093158
2015-04-28,148.0,152.15,146.9,151.3,3272021
2015-04-29,151.4,152.75,150.4,151.6,3734159
2015-04-30,151.3,151.9,149.4,150.3,5757489
2015-05-04,151.0,153.05,149.35,152.35,1870746
2015-05-05,151.5,152.1,148.4,150.5,2065173
2015-05-06,149.6,150.05,143.1,144.6,4896975
2015-05-07,144.8,145.15,142.0,142.5,3225571
2015-05-08,143.25,144.6,141.55,142.0,2435540
2015-05-11,142.4,145.5,141.8,144.95,2446265
2015-05-12,144.65,145.45,140.3,141.65,4232194
2015-05-13,142.05,142.6,134.25,138.4,10805544
2015-05-14,139.4,143.65,137.7,139.05,9830755
2015-05-15,140.0,141.4,135.45,136.1,2906361
2015-05-18,137.7,137.7,135.05,136.15,3200431
2015-05-19,136.4,137.9,134.85,136.1,2576477
2015-05-20,136.9,137.7,135.45,136.15,3682064
2015-05-21,137.0,137.1,134.0,134.95,3683930
2015-05-22,134.6,135.7,134.25,135.35,4675857
2015-05-25,135.05,135.85,134.0,134.25,1498913
2015-05-26,134.5,134.5,132.0,132.5,7013048
2015-05-27,132.5,135.85,131.3,134.25,6935826
2015-05-28,134.8,135.55,134.0,134.65,7942822
2015-05-29,134.75,139.65,134.05,136.55,46162369
2015-06-01,136.6,139.3,136.6,138.55,4735162
2015-06-02,138.5,138.9,135.8,137.95,4147306
2015-06-03,137.7,139.75,136.1,138.45,6953216
2015-06-04,138.55,139.4,136.15,136.9,5105263
2015-06-05,135.6,140.85,135.6,140.05,5675983
2015-06-08,140.15,140.5,138.05,138.45,4875881
2015-06-09,138.7,139.45,136.75,139.0,4852849
2015-06-10,139.4,140.75,138.8,140.0,3797969
2015-06-11,140.25,140.4,136.2,136.55,4705694
2015-06-12,136.0,137.5,135.6,136.5,3900565
2015-06-15,136.0,136.65,134.6,135.85,2013108
2015-06-16,135.4,138.0,135.4,137.65,1834430
2015-06-17,137.35,137.95,136.55,137.0,3932128
2015-06-18,137.1,137.9,136.25,136.6,2599234
2015-06-19,136.8,137.3,135.6,136.05,2965094
2015-06-22,136.2,137.5,136.0,137.0,2074238
2015-06-23,136.9,140.0,135.9,139.25,4079757
2015-06-24,139.9,140.15,136.25,136.8,959376
2015-06-25,136.6,137.35,135.0,135.6,11070728
2015-06-26,135.65,138.2,135.4,137.7,2510750
2015-06-29,136.65,139.5,135.4,138.65,2279382
2015-06-30,137.8,138.6,136.15,137.65,4654154
2015-07-01,137.35,139.35,136.9,138.3,2243489
2015-07-02,138.5,138.85,137.35,137.65,1775781
2015-07-03,136.75,139.7,136.1,138.85,1540118
2015-07-06,136.7,138.6,136.7,138.0,1524649
2015-07-07,138.0,138.3,134.0,134.45,9892452
2015-07-08,132.05,133.85,131.35,133.0,5815889
2015-07-09,132.5,133.15,130.7,131.1,3075079
2015-07-10,131.25,131.75,128.15,129.85,5583580
2015-07-13,130.0,133.4,129.1,133.1,2861191
2015-07-14,133.2,134.05,132.9,133.1,2074908
2015-07-15,133.0,134.0,133.0,133.15,2057947
2015-07-16,133.55,135.1,133.0,134.7,991126
2015-07-17,134.75,135.8,134.1,135.55,1204503
2015-07-20,135.65,136.2,135.45,135.7,738637
2015-07-21,135.5,136.05,135.3,135.6,1139508
2015-07-22,135.4,137.85,135.4,137.55,1382815
2015-07-23,137.1,138.9,137.1,138.35,2288034
2015-07-24,137.9,138.9,136.9,138.0,3147809
2015-07-27,138.0,139.3,133.35,134.2,2526150
2015-07-28,133.65,137.5,132.7,137.05,2793274
2015-07-29,137.0,137.4,134.5,135.5,3165996
2015-07-30,135.85,138.7,135.5,135.85,6753377
2015-07-31,136.0,136.9,134.85,135.05,4481205
2015-08-03,135.1,136.5,134.7,135.05,2398533
2015-08-04,135.15,135.9,133.65,135.15,3652606
2015-08-05,135.2,137.2,134.6,136.75,2308333
2015-08-06,137.0,138.0,135.25,135.9,10020905
2015-08-07,135.1,136.4,133.3,133.85,3969067
2015-08-10,134.0,134.6,130.9,131.35,3967506
2015-08-11,131.1,132.3,129.6,130.8,5602138
2015-08-12,130.0,130.3,127.1,128.05,4194204
2015-08-13,128.1,129.2,126.6,127.85,5019747
2015-08-14,128.05,129.95,127.6,129.65,1667711
2015-08-17,129.65,130.0,127.7,128.05,1082583
2015-08-18,129.0,129.05,126.9,127.25,1762927
2015-08-19,127.0,127.4,125.85,126.0,1727903
2015-08-20,125.2,127.7,125.0,125.95,3246558
2015-08-21,125.0,125.45,121.8,123.4,6905557
2015-08-24,121.0,122.0,112.7,115.3,17715914
2015-08-25,118.0,122.4,107.1,119.15,10368383
2015-08-26,119.2,123.0,116.3,119.9,9070828
2015-08-27,121.4,121.7,118.0,119.15,10376278
2015-08-28,121.9,125.05,120.05,121.6,3976538
2015-08-31,121.0,123.35,120.1,121.45,4023225
2015-09-01,120.1,122.5,119.4,120.25,3166290
2015-09-02,121.0,121.0,115.75,116.5,5729504
2015-09-03,115.75,119.4,115.55,117.6,4218490
2015-09-04,117.0,117.6,113.15,114.5,8577170
2015-09-07,114.7,115.0,112.4,112.6,6708539
2015-09-08,114.0,116.15,113.15,114.45,4823131
2015-09-09,117.0,121.35,115.2,120.9,10012994
2015-09-10,120.65,120.9,117.95,119.25,2331936
2015-09-11,119.85,120.75,118.7,119.65,2003950
2015-09-14,120.0,126.4,119.7,125.9,4785185
2015-09-15,125.65,129.5,124.5,126.85,4241072
2015-09-16,126.8,128.7,125.2,127.85,2742322
2015-09-18,127.85,130.0,125.35,126.8,6000018
2015-09-21,125.1,127.7,125.0,126.75,1861435
2015-09-22,127.0,127.35,120.05,120.9,5442334
2015-09-23,119.05,123.3,119.05,121.3,3199675
2015-09-24,121.8,122.4,120.25,122.05,3143920
2015-09-28,122.05,123.0,120.65,120.95,1925398
2015-09-29,119.15,122.75,119.0,121.35,3312723
2015-09-30,122.9,124.4,121.0,123.75,2892321
2015-10-01,125.2,125.9,123.1,123.5,3185121
2015-10-05,123.9,128.25,123.9,127.7,3355028
2015-10-06,129.5,129.9,124.8,125.75,7186611
2015-10-07,126.05,128.0,125.25,127.75,2820952
2015-10-08,127.9,128.25,125.3,126.0,2934389
2015-10-09,126.9,127.0,125.5,126.0,2718502
2015-10-12,129.0,129.0,125.7,127.25,1764956
2015-10-13,127.4,128.4,126.9,127.45,2088708
2015-10-14,127.4,128.1,125.2,125.85,2221529
2015-10-15,126.5,126.8,124.55,125.0,2270893
2015-10-16,125.3,127.95,125.2,126.8,16375709
2015-10-19,127.0,127.65,126.1,127.3,3480204
2015-10-20,127.35,129.8,126.7,127.95,4534079
2015-10-21,127.95,131.7,127.1,129.95,3523320
2015-10-23,131.1,133.95,131.1,132.65,3240376
2015-10-26,133.0,133.5,131.25,132.85,2128825
2015-10-27,132.2,133.25,131.1,132.65,7027571
2015-10-28,131.65,133.0,129.05,129.45,3707680
2015-10-29,130.05,131.2,127.3,127.95,8183414
2015-10-30,128.05,137.65,128.05,132.8,9124375
2015-11-02,132.45,133.3,129.7,132.7,9551710
2015-11-03,133.0,137.8,133.0,135.7,9327334
2015-11-04,136.25,136.5,134.55,135.05,3595862
2015-11-05,135.0,137.0,134.65,136.0,6411721
2015-11-06,138.5,139.3,134.4,135.55,6038018
2015-11-09,133.5,134.45,132.15,133.55,2502041
2015-11-10,133.4,134.75,130.35,131.35,2246276
2015-11-11,133.45,133.85,131.25,131.9,238889
2015-11-13,130.9,132.75,129.8,130.8,1822013
2015-11-16,130.3,132.0,129.8,131.2,2557892
2015-11-17,131.5,133.25,130.8,132.1,1692608
2015-11-18,132.1,135.15,132.0,132.9,7362540
2015-11-19,133.9,134.55,132.0,133.95,1414337
2015-11-20,134.0,134.95,133.4,134.15,3752899
2015-11-23,134.25,134.7,132.25,133.1,1325340
2015-11-24,132.8,133.75,130.85,131.15,1972690
2015-11-26,131.4,133.6,130.7,132.9,4895178
2015-11-27,133.5,134.0,132.25,132.7,3776775
2015-11-30,133.0,133.7,130.1,130.9,7462346
2015-12-01,131.1,132.9,131.0,132.65,1480439
2015-12-02,132.75,133.45,131.5,133.1,1296753
2015-12-03,132.85,134.9,132.4,133.5,2258527
2015-12-04,133.1,133.35,130.0,130.4,1691296
2015-12-07,130.0,131.05,128.0,130.2,2999591
2015-12-08,129.45,131.0,129.3,130.05,2348269
2015-12-09,130.45,132.25,128.9,130.15,3478391
2015-12-10,130.2,133.65,130.2,133.2,3907775
2015-12-11,133.45,133.45,131.65,132.75,6516314
2015-12-14,132.0,133.4,131.4,132.85,3243340
2015-12-15,132.5,133.25,130.5,131.8,1912248
2015-12-16,131.8,134.9,131.8,133.55,2356152
2015-12-17,134.5,136.4,134.25,135.55,4681371
2015-12-18,135.9,138.1,135.2,135.85,6022630
2015-12-21,135.0,137.4,135.0,136.4,2270586
2015-12-22,136.8,138.4,136.5,137.0,4321766
2015-12-23,137.2,139.8,137.2,139.0,2422165
2015-12-24,139.25,139.9,138.8,139.3,1845098
2015-12-28,139.3,144.7,139.3,143.95,5162618
2015-12-29,144.45,148.85,144.1,144.8,9858577
2015-12-30,144.0,147.0,143.9,145.05,5883797
2015-12-31,145.05,146.9,144.05,146.25,5139521
2016-01-01,146.3,146.3,144.1,144.5,906633
2016-01-04,143.25,147.0,142.85,143.3,1383462
2016-01-05,144.7,145.65,142.0,142.25,1819511
2016-01-06,142.0,142.9,140.05,141.45,2129651
2016-01-07,140.9,140.9,137.05,137.85,3664338
2016-01-08,138.2,140.2,137.1,139.55,4166852
2016-01-11,137.25,142.95,137.25,141.6,7996423
2016-01-12,143.5,145.9,142.75,145.2,4442817
2016-01-13,145.9,146.95,141.3,144.25,5279498
2016-01-14,142.9,144.6,140.3,143.2,2181174
2016-01-15,143.9,144.5,135.65,136.45,4844569
2016-01-18,135.9,138.55,133.25,134.6,5912308
2016-01-19,135.4,138.15,134.4,135.15,2730088
2016-01-20,134.3,134.8,130.8,132.2,4078265
2016-01-21,132.9,135.3,132.3,133.0,3060350
2016-01-22,135.05,139.3,134.15,138.15,3401368
2016-01-25,139.5,139.7,136.35,137.95,2706751
2016-01-27,139.8,144.6,138.45,143.75,5385172
2016-01-28,143.1,145.35,143.1,144.25,9123286
2016-01-29,144.0,146.7,140.4,142.45,8003685
2016-02-01,142.0,144.15,139.8,140.25,3977314
2016-02-02,140.0,140.5,132.75,134.05,4616742
2016-02-03,131.55,133.8,127.25,128.65,4507570
2016-02-04,130.0,131.1,124.6,125.9,7456658
2016-02-05,124.95,126.6,124.0,124.8,2431078
2016-02-08,124.8,125.9,122.75,123.25,2148836
2016-02-09,121.2,126.5,121.2,125.85,2358291
2016-02-10,125.0,126.2,123.7,124.75,2589067
2016-02-11,124.75,124.95,120.25,120.95,2455453
2016-02-12,121.0,125.75,120.15,123.95,3405396
2016-02-17,128.35,129.95,125.8,128.0,3489175
2016-02-18,129.45,130.25,125.25,127.5,2186063
2016-02-19,127.45,130.7,127.0,129.8,1505420
2016-02-22,132.85,132.85,126.05,127.0,2252826
2016-02-23,123.25,125.0,122.7,123.8,9645502
2016-02-24,121.8,122.2,118.3,118.65,18069449
2016-02-25,117.1,119.15,116.9,118.5,33751998
2016-02-26,119.0,122.0,118.1,121.55,7030437
2016-02-29,121.9,121.9,117.75,119.5,5243125
2016-03-01,120.0,123.0,119.3,122.85,3993510
2016-03-02,123.7,127.75,122.3,126.8,5983768
2016-03-03,128.0,128.85,125.95,126.4,3468243
2016-03-04,127.5,127.65,124.0,126.05,6163323
2016-03-08,126.0,128.0,124.5,127.55,3501788
2016-03-09,127.3,127.7,126.1,126.55,3610320
2016-03-10,126.6,128.0,126.4,126.8,3393399
2016-03-11,126.8,128.75,125.65,126.4,2070540
2016-03-14,126.75,127.8,126.05,127.4,1829431
2016-03-15,127.7,127.9,126.0,127.3,2045259
2016-03-16,127.7,128.15,126.65,127.55,5037505
2016-03-17,127.4,128.25,126.0,126.85,4419211
2016-03-18,126.5,127.9,126.35,127.45,5329452
2016-03-21,127.45,128.7,126.3,127.15,2635169
2016-03-22,127.6,128.8,126.8,128.25,3655815
2016-03-23,128.25,128.3,126.85,127.35,2235192
2016-03-28,128.0,130.25,127.25,129.15,5268964
2016-03-29,129.65,130.05,126.85,127.3,4985326
2016-03-30,128.0,130.35,127.1,129.9,3817940
2016-03-31,129.8,131.85,128.35,128.85,10480120
2016-04-01,128.7,131.0,128.3,129.95,5170593
2016-04-04,130.1,131.7,129.9,131.1,2272831
2016-04-05,131.1,131.85,126.55,126.85,3829148
2016-04-06,127.8,127.8,125.85,126.2,3780107
2016-04-07,126.3,126.85,125.05,126.55,7719915
2016-04-08,127.7,132.5,126.7,131.55,8302230
2016-04-11,131.55,135.0,131.25,134.6,3728113
2016-04-12,134.7,136.3,132.95,135.5,3662462
2016-04-13,136.5,137.85,136.25,137.15,3784208
2016-04-18,139.4,139.9,136.0,139.5,4901011
2016-04-20,139.5,141.75,139.1,141.3,3284647
2016-04-21,141.75,142.6,140.65,141.15,4899060
2016-04-22,140.4,144.0,140.05,143.65,4920080
2016-04-25,143.8,143.85,138.05,140.35,3131479
2016-04-26,139.4,141.6,139.0,140.2,5098938
2016-04-27,140.5,141.25,139.8,140.7,1844207
2016-04-28,140.85,141.45,136.8,137.15,6318537
2016-04-29,137.9,140.55,136.1,139.3,4010127
2016-05-02,139.3,140.3,134.8,138.55,2258552
2016-05-03,138.2,141.5,135.45,136.55,4268833
2016-05-04,136.3,139.35,136.3,138.8,6297885
2016-05-05,139.4,140.75,138.85,139.7,3977127
2016-05-06,139.75,140.45,137.85,140.0,3286145
2016-05-09,140.0,144.8,140.0,143.2,6668433
2016-05-10,143.4,143.4,140.1,140.65,4168499
2016-05-11,140.65,143.6,139.4,141.5,4472044
2016-05-12,141.05,142.8,140.0,141.45,2443032
2016-05-13,140.5,141.7,140.1,141.0,2626770
2016-05-16,141.0,141.4,139.1,140.1,5114616
2016-05-17,140.5,141.6,136.15,137.0,7427725
2016-05-18,136.9,138.05,135.55,136.1,5082890
2016-05-19,135.8,136.0,133.4,135.35,4587021
2016-05-20,135.35,137.4,135.3,136.9,4718448
2016-05-23,137.25,138.0,135.3,135.7,2462998
2016-05-24,136.1,140.3,136.0,138.5,4872132
2016-05-25,139.1,142.0,139.05,141.85,2499741
2016-05-26,141.1,142.5,139.35,141.2,8037807
2016-05-27,141.5,141.7,139.4,140.1,2660500
2016-05-30,140.35,145.8,137.65,143.6,9543936
2016-05-31,144.1,147.95,139.9,143.15,41379162
2016-06-01,142.9,145.2,141.55,144.6,4648508
2016-06-02,144.3,145.95,144.0,144.95,3241759
2016-06-03,145.0,149.3,144.95,147.6,4359055
2016-06-06,148.0,148.35,146.4,147.1,2567409
2016-06-07,147.5,149.2,147.05,148.45,3467468
2016-06-08,148.8,149.65,147.2,148.15,3038238
2016-06-09,148.3,152.3,148.25,151.05,5910219
2016-06-10,151.0,152.75,150.05,151.5,2348726
2016-06-13,150.0,150.65,148.15,148.75,1152598
2016-06-14,148.35,149.15,147.1,148.25,2247105
2016-06-15,148.55,155.0,148.55,154.15,3819732
2016-06-16,154.15,154.5,150.1,151.8,3128043
2016-06-17,152.1,153.15,151.15,152.3,3030243
2016-06-20,150.75,154.95,150.75,154.45,2316557
2016-06-21,154.1,154.6,151.15,151.8,2654967
2016-06-22,152.0,153.35,150.2,152.6,2465046
2016-06-23,148.0,149.9,146.35,149.1,6374952
2016-06-24,145.95,149.95,143.25,149.2,2975725
2016-06-27,147.0,151.4,147.0,149.2,2373070
2016-06-28,150.6,150.65,147.15,148.0,2721133
2016-06-29,148.0,152.5,148.0,152.1,3055594
2016-06-30,152.45,157.0,152.35,156.3,7742834
2016-07-01,155.3,157.6,155.0,156.75,2518848
2016-07-04,156.0,158.0,154.25,155.95,2920418
2016-07-05,155.9,155.9,152.25,152.6,2756392
2016-07-07,152.6,154.15,150.0,152.9,5160955
2016-07-08,152.25,154.45,150.65,153.8,1493886
2016-07-11,155.1,158.7,155.1,157.65,3070692
2016-07-12,157.7,159.35,157.35,158.3,2132215
2016-07-13,159.1,159.4,156.6,157.65,3126686
2016-07-14,156.75,159.2,156.75,158.7,2889372
2016-07-15,142.85,156.75,142.85,156.25,20806315
2016-07-18,156.0,156.8,154.65,155.6,3065784
2016-07-19,155.5,156.6,154.75,156.2,2722116
2016-07-20,156.2,158.0,155.45,157.35,3123038
2016-07-21,158.0,158.15,154.4,154.9,3001821
2016-07-22,155.0,157.1,154.1,156.6,3699457
2016-07-25,156.0,158.0,156.0,157.5,2301904
2016-07-26,157.8,158.85,157.1,158.1,1992769
2016-07-27,158.9,160.4,157.1,159.05,3185071
2016-07-28,159.1,160.0,156.3,158.6,8004742
2016-07-29,158.15,160.0,157.05,158.35,2519585
2016-08-01,158.6,160.0,157.45,159.4,3866693
2016-08-02,159.9,160.8,158.5,159.35,2300727
2016-08-03,158.9,159.35,156.7,157.5,2822822
2016-08-04,157.35,159.5,157.35,159.05,2505885
2016-08-05,160.0,163.0,159.05,161.45,2618388
2016-08-08,162.05,162.05,158.9,159.85,2117821
2016-08-09,159.55,162.25,159.15,159.85,2979133
2016-08-10,160.6,161.6,156.75,157.9,3266508
2016-08-11,159.0,160.0,157.2,159.55,1789236
2016-08-12,159.5,161.3,159.25,160.55,2328171
2016-08-16,160.25,162.2,159.7,161.35,4280599
2016-08-17,160.55,162.0,160.1,161.55,1378161
2016-08-18,161.75,168.75,161.6,166.8,7346473
2016-08-19,167.65,170.0,165.85,166.75,4329651
2016-08-22,167.9,168.8,162.3,163.65,7453081
2016-08-23,163.2,163.6,157.75,159.0,6543437
2016-08-24,158.75,163.55,158.1,161.3,5657930
2016-08-25,160.7,161.5,158.1,158.65,7029156
2016-08-26,158.9,159.8,157.25,157.9,3297802
2016-08-29,158.0,160.0,156.8,159.55,1372318
2016-08-30,160.0,162.3,158.85,161.75,2427763
2016-08-31,160.3,162.25,158.55,159.25,9249400
2016-09-01,159.7,160.65,158.0,158.75,2819201
2016-09-02,159.2,160.8,157.75,160.0,3916684
2016-09-06,160.5,164.0,160.5,163.55,4394957
2016-09-07,163.2,163.6,160.55,161.25,2543139
2016-09-08,159.1,162.0,159.05,159.75,2438354
2016-09-09,160.0,160.9,158.4,158.8,2126028
2016-09-12,156.8,158.2,152.25,152.85,3140374
2016-09-14,152.0,156.6,152.0,155.7,3210698
2016-09-15,156.4,157.0,152.35,153.4,2688932
2016-09-16,154.55,156.95,152.4,153.05,6552680
2016-09-19,153.7,156.0,152.85,155.15,1850670
2016-09-20,154.9,155.0,153.0,153.4,3064785
2016-09-21,153.2,155.4,153.2,154.0,2773523
2016-09-22,156.75,157.3,155.0,157.0,2397711
2016-09-23,157.2,158.0,156.3,156.9,3864274
2016-09-26,155.5,156.5,151.3,152.15,4630941
2016-09-27,152.05,153.35,151.0,152.2,2450812
2016-09-28,152.5,153.6,152.15,152.7,1970697
2016-09-29,153.3,153.75,148.25,149.45,7538387
2016-09-30,149.2,151.85,147.3,148.0,3264954
2016-10-03,148.75,151.65,148.5,150.6,2048801
2016-10-04,150.8,152.85,150.45,152.25,2993822
2016-10-05,153.25,153.8,150.35,152.45,2883460
2016-10-06,153.2,153.85,148.5,148.95,4235921
2016-10-07,149.0,150.15,147.7,148.3,2354100
2016-10-10,148.8,149.45,145.9,146.65,4798163
2016-10-13,147.0,147.0,143.3,144.75,6351747
2016-10-14,145.3,145.6,143.5,145.0,3260310
2016-10-17,147.0,148.6,146.1,147.5,7877580
2016-10-18,148.0,148.8,147.15,148.0,8624846
2016-10-19,148.45,150.2,147.65,149.05,6718682
2016-10-20,149.75,149.9,148.35,149.0,2666676
2016-10-21,148.4,150.0,148.4,149.5,1520722
2016-10-24,149.85,152.0,149.7,151.35,1108296
2016-10-25,150.6,152.55,149.55,152.0,1694968
2016-10-26,151.45,152.9,151.1,151.85,1615435
2016-10-27,151.7,152.8,150.5,151.7,2751691
2016-10-28,151.9,154.95,150.25,152.25,6114822
2016-11-01,151.7,156.55,150.7,155.0,3399012
2016-11-02,153.95,157.6,153.15,156.5,6798198
2016-11-03,156.8,157.3,152.5,153.05,3610018
2016-11-04,153.6,155.5,152.8,153.5,1995230
2016-11-07,154.15,156.9,153.35,155.1,3806085
2016-11-08,155.4,156.6,153.55,154.15,3741753
2016-11-09,147.7,156.0,145.6,154.1,6848484
2016-11-10,155.5,156.35,154.05,154.8,3688992
2016-11-11,154.0,154.0,150.8,151.7,3034553
2016-11-15,151.4,152.55,149.0,150.15,3397759
2016-11-16,151.3,151.8,149.25,150.15,2820306
2016-11-17,150.0,152.7,149.2,151.8,5407264
2016-11-18,152.7,160.0,152.15,159.05,11036467
2016-11-21,159.0,159.85,154.45,154.9,8240283
2016-11-22,156.0,156.1,151.05,154.1,8815441
2016-11-23,154.4,161.0,150.95,159.85,8461090
2016-11-24,158.8,160.0,155.15,157.0,4259461
2016-11-25,157.95,162.45,155.5,161.5,4832227
2016-11-28,160.1,164.95,160.1,164.35,3835996
2016-11-29,164.5,165.2,162.2,163.0,5128976
2016-11-30,163.2,164.0,161.75,163.15,8062285
2016-12-01,163.15,164.95,161.15,161.9,3140090
2016-12-02,161.95,162.95,159.8,161.65,2927778
2016-12-05,160.55,163.2,160.55,162.45,2851876
2016-12-06,163.0,165.55,162.3,163.1,4461534
2016-12-07,163.85,165.8,162.5,163.15,3074564
2016-12-08,163.95,165.15,161.3,163.05,3462357
2016-12-09,163.45,164.4,161.1,164.05,2067989
2016-12-12,163.9,168.0,163.55,165.45,3103394
2016-12-13,166.35,167.0,163.05,164.8,2958921
2016-12-14,165.1,166.4,163.05,163.55,2795231
2016-12-15,162.7,164.55,159.75,160.2,2795144
2016-12-16,160.45,162.2,159.55,160.0,3607663
2016-12-19,161.0,161.25,159.25,159.9,2619261
2016-12-20,160.9,162.5,160.5,161.85,2401789
2016-12-21,162.35,164.9,161.05,163.65,3199020
2016-12-22,163.35,164.1,160.0,160.5,2415571
2016-12-23,160.1,161.85,157.9,161.05,2516041
2016-12-26,160.1,162.15,159.35,159.95,2402932
2016-12-27,159.9,161.45,159.5,160.4,2614943
2016-12-28,160.4,162.3,160.0,160.75,2165454
2016-12-29,160.5,164.25,160.5,163.55,4980014
2016-12-30,163.2,165.45,163.0,164.75,3536717
2017-01-02,165.05,167.15,164.4,164.8,2626822
2017-01-03,164.9,166.25,164.25,165.45,2040418
2017-01-04,165.05,167.5,164.35,164.85,3107781
2017-01-05,164.05,166.3,164.05,165.0,5544134
2017-01-06,165.05,166.3,163.6,164.0,4122870
2017-01-09,164.0,164.3,161.1,163.05,3808047
2017-01-10,163.35,163.8,161.7,162.3,2019850
2017-01-11,163.0,164.8,161.85,164.5,2303003
2017-01-12,165.0,174.35,164.5,173.7,10115458
2017-01-13,174.9,175.0,170.65,171.0,5360790
2017-01-16,169.35,173.15,169.0,170.65,4633778
2017-01-17,171.3,176.2,170.25,175.7,6560938
2017-01-18,176.0,176.25,172.0,172.75,5176276
2017-01-19,173.0,175.0,171.75,174.15,6564354
2017-01-20,173.7,174.1,169.8,170.45,3643869
2017-01-23,170.0,172.45,169.2,169.6,3768913
2017-01-24,169.7,174.2,169.7,172.35,6008034
2017-01-25,172.55,173.5,170.45,171.35,10929321
2017-01-27,171.5,178.25,171.4,177.5,5076143
2017-01-30,176.85,177.9,174.5,175.7,4597103
2017-01-31,176.0,177.7,171.75,172.35,6200997
2017-02-01,172.65,173.3,169.3,170.9,8664278
2017-02-02,172.7,176.0,171.75,172.55,5952054
2017-02-03,172.5,173.65,171.45,171.95,3441195
2017-02-06,172.5,174.9,172.1,173.6,5069071
2017-02-07,172.8,175.5,172.35,173.0,5515768
2017-02-08,174.4,175.25,170.25,171.9,8516713
2017-02-09,171.9,173.95,167.4,168.2,6253450
2017-02-10,169.25,171.65,168.65,170.35,3986035
2017-02-13,170.95,173.1,170.95,172.5,6150727
2017-02-14,172.9,172.9,169.9,170.85,4311748
2017-02-15,168.75,170.6,168.3,169.05,3825977
2017-02-16,169.5,170.85,169.1,170.3,3374642
2017-02-17,170.7,170.95,168.85,169.75,2723726
2017-02-20,170.0,172.6,169.5,171.8,6132019
2017-02-21,171.95,173.05,170.55,172.5,1805837
2017-02-22,173.85,174.0,165.95,166.7,6782189
2017-02-23,167.4,167.4,164.05,165.5,6705491
2017-02-27,166.15,166.45,163.6,165.4,7375490
2017-02-28,166.0,166.15,162.25,162.95,14041822
2017-03-01,163.45,164.3,159.0,159.95,9818253
2017-03-02,160.9,160.9,155.25,155.95,13656800
2017-03-03,155.95,157.2,154.7,156.1,8147364
2017-03-06,156.9,159.0,156.1,158.4,4190352
2017-03-07,160.0,160.05,157.0,157.4,4016855
2017-03-08,157.6,158.55,156.25,157.1,3044279
2017-03-09,156.65,159.25,155.6,158.3,4666958
2017-03-10,158.35,159.45,156.4,157.1,2418661
2017-03-14,160.45,160.95,158.1,159.6,4589005
2017-03-15,159.5,160.0,158.3,158.65,2531914
2017-03-16,159.45,161.5,159.05,161.25,3279626
2017-03-17,161.7,161.85,158.75,159.95,6430389
2017-03-20,159.1,161.85,159.1,161.4,2243162
2017-03-21,161.45,162.55,160.0,162.15,3031001
2017-03-22,161.3,162.0,160.25,160.75,2493343
2017-03-23,161.4,164.8,161.1,164.4,5320228
2017-03-24,164.85,165.55,163.5,164.6,3818204
2017-03-27,164.0,164.95,163.0,163.35,2720777
2017-03-28,164.1,165.35,163.9,164.9,1405789
2017-03-29,165.95,165.95,163.4,163.95,3831542
2017-03-30,164.05,165.5,162.6,163.1,8013105
2017-03-31,163.6,166.75,163.1,166.0,3178633
2017-04-03,166.0,167.3,164.05,164.65,2952347
2017-04-05,165.9,168.0,164.7,166.5,5109335
2017-04-06,166.5,168.05,165.0,167.7,4432813
2017-04-07,167.0,169.3,166.0,168.25,6171229
2017-04-10,168.05,168.95,165.25,166.75,2238457
2017-04-11,167.05,167.9,163.3,167.0,14511861
2017-04-12,167.4,168.25,164.3,164.95,7021276
2017-04-13,165.0,165.45,164.2,164.65,3408959
2017-04-17,164.7,165.0,158.4,159.3,7983940
2017-04-18,160.5,163.45,160.0,161.7,4227842
2017-04-19,161.7,165.9,161.1,164.9,4529005
2017-04-20,164.8,164.9,163.2,163.7,1984256
2017-04-21,164.05,167.5,163.95,167.2,7948581
2017-04-24,167.2,168.45,165.75,166.55,2098164
2017-04-25,166.95,167.0,163.55,165.45,3086736
2017-04-26,165.45,166.45,164.4,165.6,3432662
2017-04-27,165.25,166.45,163.0,164.1,4056946
2017-04-28,164.0,165.2,163.4,164.5,2553330
2017-05-02,164.65,165.6,161.3,162.1,3354986
2017-05-03,163.0,164.55,161.35,162.1,3225307
2017-05-04,162.6,163.35,162.15,162.65,2787407
2017-05-05,162.35,162.4,159.45,159.7,2089934
2017-05-08,159.4,161.35,159.4,160.6,3077275
2017-05-09,161.35,161.55,159.85,161.25,2655499
2017-05-10,161.35,162.95,161.2,162.2,2275501
2017-05-11,162.3,162.45,159.75,160.25,3806389
2017-05-12,160.05,161.6,158.0,158.85,2290107
2017-05-15,159.0,160.0,157.8,159.75,1717401
2017-05-16,159.75,160.9,159.4,159.95,4681106
2017-05-17,160.5,161.8,158.5,158.9,7019965
2017-05-18,158.0,159.35,157.3,157.8,5154286
2017-05-19,159.4,160.7,158.1,159.1,2377482
2017-05-22,159.3,160.25,157.75,158.2,2770087
2017-05-23,158.0,158.4,155.1,156.95,2350667
2017-05-24,157.1,158.85,155.6,156.45,2358345
2017-05-25,156.65,157.15,154.8,156.35,4993490
2017-05-26,156.25,156.6,155.5,156.0,2655798
2017-05-29,156.9,157.8,153.15,156.5,6835953
2017-05-30,156.5,163.5,156.4,161.25,4892516
2017-05-31,160.1,162.7,159.8,160.2,5321261
2017-06-01,160.2,161.6,159.55,160.65,1958555
2017-06-02,160.95,163.4,160.8,162.6,4963173
2017-06-05,162.25,163.1,161.5,162.6,2488677
2017-06-06,163.0,163.0,157.75,158.1,4363411
2017-06-07,157.7,158.5,156.95,157.85,8914640
2017-06-08,158.1,158.3,156.8,157.85,1510725
2017-06-09,158.0,159.55,156.35,157.8,2450095
2017-06-12,158.0,158.8,155.8,157.95,3115761
2017-06-13,158.25,160.3,158.1,160.0,3408581
2017-06-14,160.3,160.3,158.4,159.95,2192186
2017-06-15,159.55,162.5,158.25,159.05,5208833
2017-06-16,159.05,161.25,159.05,160.6,4235495
2017-06-19,161.1,161.7,159.35,160.95,2846564
2017-06-20,160.25,160.8,158.65,158.95,2169234
2017-06-21,159.25,161.0,157.8,159.8,3411748
2017-06-22,160.05,160.8,158.3,158.95,4283012
2017-06-23,158.9,160.9,157.25,157.85,3869277
2017-06-27,157.5,158.8,155.0,157.9,3122199
2017-06-28,157.9,160.1,157.25,159.65,4215728
2017-06-29,159.0,159.9,157.85,158.65,8419900
2017-06-30,158.3,159.85,157.05,158.95,5102459
2017-07-03,158.9,158.9,155.3,156.75,7454269
2017-07-04,159.1,159.75,157.8,158.05,4402457
2017-07-05,158.2,160.1,157.8,159.0,4216507
2017-07-06,158.1,158.65,157.0,158.05,4482605
2017-07-07,157.9,159.6,157.6,159.05,3974127
2017-07-10,170.0,170.0,153.6,160.05,992122
2017-07-11,160.05,164.7,159.9,163.3,4963350
2017-07-12,163.4,164.4,162.7,164.05,3414583
2017-07-13,165.0,166.2,163.5,163.9,2512236
2017-07-14,164.0,168.3,163.35,167.3,3439701
2017-07-17,168.8,169.0,167.45,168.55,4045046
2017-07-18,167.8,171.85,166.2,167.55,3567420
2017-07-19,168.1,170.6,166.8,167.8,3702665
2017-07-20,167.9,168.8,164.85,165.45,2566531
2017-07-21,165.4,166.6,161.9,164.8,3899289
2017-07-24,164.1,166.5,163.8,164.05,3412768
2017-07-25,164.1,165.7,163.65,163.9,4365645
2017-07-26,164.0,167.15,164.0,166.35,3925141
2017-07-27,167.0,167.2,164.25,165.4,11094619
2017-07-28,164.9,165.85,161.8,163.9,4854574
2017-07-31,165.7,166.75,161.95,164.2,9432683
2017-08-01,164.6,166.0,163.1,165.2,5942810
2017-08-02,165.85,172.95,165.85,171.85,18560053
2017-08-03,172.0,174.25,170.05,172.55,6035392
2017-08-04,172.35,178.2,169.6,177.35,7709552
2017-08-07,177.3,179.15,173.8,174.45,3630569
2017-08-08,172.3,173.65,169.4,171.15,3757008
2017-08-09,171.0,175.35,170.5,173.65,2707378
2017-08-10,173.65,174.25,169.4,172.65,2464637
2017-08-11,169.5,172.8,167.45,168.85,5018272
2017-08-14,170.0,173.6,168.7,171.75,4129530
2017-08-16,171.5,173.5,169.65,170.1,5757929
2017-08-17,171.0,177.45,169.3,176.8,5165177
2017-08-18,177.4,178.65,172.65,173.4,7572481
2017-08-21,173.2,175.1,171.65,172.0,4131886
2017-08-22,173.8,173.85,167.2,167.7,4595418
2017-08-23,168.0,171.1,167.6,170.25,4180417
2017-08-24,171.0,171.6,168.25,169.0,4966410
2017-08-28,169.7,174.0,169.7,173.3,5203237
2017-08-29,166.25,168.9,166.1,168.4,21689918
2017-08-30,166.0,171.35,165.75,167.95,20715128
2017-08-31,164.0,169.2,163.75,168.75,83350065
2017-09-01,167.45,168.9,166.75,168.25,5339713
2017-09-04,167.0,169.2,166.85,168.25,4822741
2017-09-05,168.4,169.75,167.55,169.5,2859441
2017-09-06,168.95,170.25,168.75,169.95,2324845
2017-09-07,168.0,170.7,167.85,170.1,4451319
2017-09-08,169.2,170.1,166.55,167.75,3299773
2017-09-11,167.5,171.3,166.75,170.55,11495658
2017-09-12,170.45,171.85,169.25,170.35,4164738
2017-09-13,169.7,171.4,168.6,168.95,4221106
2017-09-14,168.95,170.0,168.1,168.65,6068169
2017-09-15,168.0,168.2,166.9,167.35,5522238
2017-09-18,168.0,170.35,167.7,168.0,3054055
2017-09-19,168.0,169.6,166.85,169.0,1940959
2017-09-20,169.0,169.4,166.65,167.8,3890090
2017-09-21,167.1,168.5,167.05,168.2,3107447
2017-09-22,167.45,168.0,164.55,166.0,5618462
2017-09-25,167.0,167.9,164.8,166.25,4190363
2017-09-26,166.9,167.45,164.15,166.95,3551389
2017-09-27,167.25,167.45,164.5,165.0,3133930
2017-09-28,165.0,166.5,164.1,166.05,5166309
2017-09-29,166.5,167.95,165.25,167.45,3537908
2017-10-03,168.0,168.95,167.6,168.4,4198911
2017-10-04,168.4,169.2,167.2,168.05,5295712
2017-10-05,167.85,171.6,167.8,171.1,11579530
2017-10-06,171.25,178.0,171.15,176.05,15786849
2017-10-09,174.95,177.6,174.15,174.9,5801356
2017-10-10,174.9,175.85,174.3,175.5,4941601
2017-10-11,176.1,177.25,174.25,174.85,4196711
2017-10-12,175.0,178.9,175.0,176.7,16285327
2017-10-13,178.0,178.4,174.8,175.85,5664936
2017-10-16,176.0,177.15,174.9,175.45,2215767
2017-10-17,175.7,176.5,173.75,175.9,19696022
2017-10-18,176.3,180.0,175.0,178.05,6837814
2017-10-19,178.4,178.5,174.2,175.05,464096
2017-10-23,175.05,177.9,173.65,176.95,5369797
2017-10-24,177.0,182.9,176.25,181.65,11813536
2017-10-25,181.9,185.35,181.8,183.35,9153255
2017-10-26,183.25,185.1,182.5,184.65,9183000
2017-10-27,184.5,188.0,181.25,181.95,6022814
2017-10-30,182.1,183.15,182.1,182.6,4353743
2017-10-31,183.0,183.2,180.1,181.25,8326834
2017-11-01,181.2,184.5,180.05,180.75,7949605
2017-11-02,177.1,180.85,176.9,180.25,6631713
2017-11-03,179.0,183.9,179.0,181.95,9013262
2017-11-06,181.9,181.9,178.65,179.25,3568781
2017-11-07,179.7,180.8,177.15,178.4,8658636
2017-11-08,177.9,179.2,175.85,176.35,5986762
2017-11-09,176.55,179.75,176.55,178.05,4201379
2017-11-10,177.85,178.4,175.55,176.55,5477655
2017-11-13,178.05,178.95,176.25,176.95,4670973
2017-11-14,177.5,181.85,176.25,177.05,9280490
2017-11-15,176.45,176.95,173.55,174.2,6870348
2017-11-16,175.5,178.4,174.1,176.45,7199394
2017-11-17,178.1,180.05,176.1,177.55,7199436
2017-11-20,177.15,181.15,177.15,180.45,4687354
2017-11-21,180.8,185.8,180.6,182.95,10797094
2017-11-22,184.05,185.0,181.15,181.85,5999928
2017-11-23,181.9,182.5,178.95,180.4,5261591
2017-11-24,180.0,181.75,179.1,180.3,4154980
2017-11-27,180.0,186.85,179.6,186.35,10199577
2017-11-28,185.95,185.95,182.35,182.8,17909103
2017-11-29,183.8,184.4,181.6,182.0,12336145
2017-11-30,181.0,183.05,179.95,181.15,17567715
2017-12-01,182.8,183.7,180.5,181.3,4373192
2017-12-04,181.9,182.25,179.65,180.2,8651144
2017-12-05,179.55,179.55,176.3,177.1,7952928
2017-12-06,176.05,177.75,174.7,175.65,8624766
2017-12-07,177.0,181.45,175.1,180.3,10914202
2017-12-08,178.1,181.65,178.05,180.4,11527161
2017-12-11,181.6,182.0,177.7,178.35,7102418
2017-12-12,177.7,177.85,174.9,175.9,7874081
2017-12-13,176.7,177.0,175.35,176.05,6862142
2017-12-14,176.1,177.9,173.55,177.3,7126065
2017-12-15,178.1,178.6,176.1,177.45,5379834
2017-12-18,175.4,178.25,173.85,177.75,5508575
2017-12-19,177.85,180.35,176.95,180.05,6183292
2017-12-20,180.2,180.4,177.7,178.45,4894857
2017-12-21,178.85,180.35,178.5,180.1,5480666
2017-12-22,179.5,180.65,179.2,179.75,3161130
2017-12-26,180.5,180.5,176.9,178.45,9784214
2017-12-27,178.45,180.3,176.6,177.5,6535133
2017-12-28,177.9,178.7,175.55,176.15,14996214
2017-12-29,176.95,178.25,175.8,177.0,7417211
2018-01-01,177.05,177.35,175.7,176.55,5574802
2018-01-02,176.8,179.25,176.55,178.9,8476281
2018-01-03,179.5,180.3,176.75,177.05,10341665
2018-01-04,177.45,177.9,176.55,177.1,7260268
2018-01-05,177.3,178.25,176.5,177.5,10359225
2018-01-08,177.6,178.5,176.9,177.65,6075105
2018-01-09,177.9,178.4,175.75,176.7,6557247
2018-01-10,176.2,176.8,173.4,173.95,8197173
2018-01-11,174.0,174.9,173.0,173.5,5536143
2018-01-12,173.7,174.1,171.8,172.5,6974418
2018-01-15,173.0,175.4,171.8,172.95,4553198
2018-01-16,173.6,174.6,170.6,173.25,8448334
2018-01-17,173.2,174.85,170.85,174.25,6330277
2018-01-18,174.85,174.85,171.65,172.15,6900318
2018-01-19,172.05,173.45,170.2,172.75,3197248
2018-01-22,173.0,173.3,171.45,172.4,4518855
2018-01-23,172.1,176.25,172.1,172.7,5398827
2018-01-24,172.65,174.7,171.6,174.0,9731185
2018-01-25,173.55,175.5,171.4,171.95,11304494
2018-01-29,172.0,172.75,170.5,171.05,10765685
2018-01-30,171.05,172.5,169.8,170.3,7670738
2018-01-31,170.0,170.95,168.75,170.25,6517115
2018-02-01,169.25,169.8,167.4,169.05,9187297
2018-02-02,167.5,168.55,164.8,165.2,4003119
2018-02-05,162.0,167.4,162.0,166.25,5941662
2018-02-06,162.0,166.0,161.25,165.3,4044285
2018-02-07,164.5,166.25,158.85,165.45,9478496
2018-02-08,165.45,165.75,163.0,163.7,6238973
2018-02-09,162.45,164.05,160.5,163.25,3765185
2018-02-12,163.8,165.3,162.1,164.9,8722064
2018-02-14,165.0,165.7,162.15,162.95,4101637
2018-02-15,163.45,164.35,162.65,163.2,2151637
2018-02-16,163.5,163.8,162.05,162.8,6117270
2018-02-19,163.35,163.65,161.45,162.9,2195735
2018-02-20,162.35,165.1,162.1,164.2,5188315
2018-02-21,165.0,165.0,161.5,162.3,7763625
2018-02-22,161.9,162.3,160.15,160.75,4945614
2018-02-23,161.05,164.0,160.85,163.55,3809344
2018-02-26,163.6,163.65,161.5,162.95,2905593
2018-02-27,164.0,166.0,162.55,165.55,3204111
2018-02-28,164.0,165.2,162.55,163.25,4381524
2018-03-01,163.7,163.75,162.0,163.0,2146760
2018-03-05,161.5,165.1,160.05,163.3,3287892
2018-03-06,164.3,164.95,162.2,163.35,5114754
2018-03-07,163.0,164.7,161.9,163.5,2609001
2018-03-08,164.0,166.0,162.25,165.3,4538911
2018-03-09,165.1,165.3,162.55,164.4,3737738
2018-03-12,164.8,172.75,164.1,171.15,2911168
2018-03-13,169.4,170.75,167.3,169.4,3126930
2018-03-14,169.3,170.15,168.15,169.7,3707403
2018-03-15,169.0,170.15,167.3,169.9,3652747
2018-03-16,167.8,169.45,163.65,164.85,12378708
2018-03-19,165.0,167.9,163.65,167.0,5021670
2018-03-20,166.4,167.3,164.65,166.4,3150362
2018-03-21,167.5,170.85,165.65,170.35,5721685
2018-03-22,169.0,171.2,168.5,170.95,3726928
2018-03-23,168.9,171.8,168.3,170.05,9023161
2018-03-26,169.95,171.0,168.75,169.85,5500046
2018-03-27,170.25,171.5,168.45,171.05,3496078
2018-03-28,170.7,171.0,166.45,169.7,8449015
2018-04-02,169.9,170.85,168.1,170.4,2805938
2018-04-03,170.8,171.9,168.6,169.35,3717328
2018-04-04,169.15,169.35,165.5,166.55,3331860
2018-04-05,167.0,169.75,166.8,168.95,3263955
2018-04-06,168.4,170.0,167.15,169.45,2612270
2018-04-09,169.0,170.45,168.45,169.65,3275669
2018-04-10,169.9,170.4,168.15,168.4,2172698
2018-04-11,169.3,170.6,167.7,168.5,5656579
2018-04-12,168.1,169.85,167.35,169.5,5722517
2018-04-13,169.6,171.7,169.15,170.95,2902637
2018-04-16,169.6,174.9,169.6,174.1,3078790
2018-04-17,174.45,177.8,174.1,176.95,5582697
2018-04-18,176.5,180.0,176.35,178.55,4124162
2018-04-19,179.0,179.6,177.0,177.55,2617699
2018-04-20,177.95,177.95,173.25,174.35,2913239
2018-04-23,174.05,175.5,173.15,173.6,2974188
2018-04-24,173.55,174.65,172.1,172.85,1669647
2018-04-25,172.8,172.85,169.5,171.85,4520117
2018-04-26,172.65,173.85,169.55,172.0,4456282
2018-04-27,172.6,172.75,169.4,170.75,7772540
2018-04-30,171.2,173.15,169.8,172.15,1908456
2018-05-02,172.75,172.75,169.8,170.4,2175321
2018-05-03,170.75,176.2,170.05,174.3,2957534
2018-05-04,174.2,174.2,170.6,170.9,2809413
2018-05-07,171.15,172.3,170.0,170.5,4852946
2018-05-08,171.05,172.0,170.25,171.4,2878281
2018-05-09,170.55,172.4,169.9,170.4,9107260
2018-05-10,171.4,171.7,167.85,168.5,8203492
2018-05-11,168.0,170.25,166.9,167.45,12968090
2018-05-14,167.5,172.9,165.9,171.65,5872487
2018-05-15,170.25,173.95,169.3,170.1,4818924
2018-05-16,170.55,171.7,168.5,170.0,3249227
2018-05-17,170.1,171.1,166.6,167.1,5652872
2018-05-18,166.5,168.1,165.75,166.6,4580359
2018-05-21,166.0,167.2,162.7,164.4,3232645
2018-05-22,164.25,167.95,164.0,165.15,3843560
2018-05-23,164.8,167.95,164.55,166.55,2896434
2018-05-24,166.65,167.8,164.25,165.05,1983233
2018-05-25,165.4,168.1,164.9,165.3,6421409
2018-05-28,166.05,169.85,165.55,167.7,9616871
2018-05-29,168.85,169.4,164.7,165.95,5951482
2018-05-30,164.5,168.35,164.4,165.3,4511734
2018-05-31,165.5,170.45,164.1,167.55,24527412
2018-06-01,167.5,167.5,163.7,164.35,2479887
2018-06-04,164.8,165.4,161.85,162.05,4184615
2018-06-05,161.5,162.55,160.0,161.3,1974515
2018-06-06,161.4,163.05,160.25,162.5,3039576
2018-06-07,162.0,163.5,161.8,162.5,3854022
2018-06-08,162.25,162.5,160.8,161.45,1833117
2018-06-11,161.5,162.6,161.25,161.75,4032079
2018-06-12,162.0,162.55,160.9,161.3,2569008
2018-06-13,161.5,161.65,160.0,160.25,5439996
2018-06-14,160.2,160.2,158.0,158.4,5166879
2018-06-15,158.5,158.7,154.55,156.05,9000541
2018-06-18,156.35,157.8,155.9,157.0,1908287
2018-06-19,157.35,157.35,154.15,156.15,4352102
2018-06-20,156.8,157.7,155.9,157.05,6052044
2018-06-21,157.7,157.7,154.9,155.25,8000295
2018-06-22,155.0,158.2,153.7,157.3,4284908
2018-06-25,157.05,157.7,153.35,154.65,6832181
2018-06-26,154.45,156.3,153.55,155.6,5144476
2018-06-27,156.45,156.45,151.6,153.8,5903263
2018-06-28,153.0,157.9,149.5,156.4,12508635
2018-06-29,155.35,160.9,153.6,159.65,5549364
2018-07-02,159.0,159.15,151.4,153.55,13295335
2018-07-03,154.0,155.45,151.6,155.0,6255606
2018-07-04,154.95,155.85,152.5,152.9,9515047
2018-07-05,152.85,153.5,151.7,152.15,3462760
2018-07-06,152.4,152.45,149.85,150.15,8868559
2018-07-09,150.3,151.9,150.25,151.25,4799995
2018-07-10,152.0,154.25,151.3,153.9,3241978
2018-07-11,152.8,153.75,151.75,152.7,3364195
2018-07-12,154.0,154.7,152.45,154.05,2854138
2018-07-13,154.2,155.5,151.9,152.95,3012947
2018-07-16,153.0,157.0,152.05,155.6,3430870
2018-07-17,155.0,156.0,153.05,155.3,2225734
2018-07-18,155.95,156.1,152.8,155.25,2410531
2018-07-19,155.0,155.85,153.45,154.55,2636441
2018-07-20,154.0,156.0,154.0,155.65,3049914
2018-07-23,155.3,159.6,155.3,158.15,5238672
2018-07-24,158.0,158.95,156.4,157.45,3520402
2018-07-25,156.0,157.15,149.85,151.0,12693971
2018-07-26,151.45,153.85,150.0,153.35,14836663
2018-07-27,153.0,155.25,152.1,154.95,4805306
2018-07-30,157.0,157.4,154.05,155.9,8122721
2018-07-31,155.85,158.8,154.25,154.85,7554356
2018-08-01,154.8,156.0,152.75,155.35,4085931
2018-08-02,154.7,155.75,154.15,155.4,3245983
2018-08-03,155.85,157.1,155.4,156.45,2730441
2018-08-06,156.9,158.0,156.0,156.75,1996031
2018-08-07,157.0,159.9,156.35,158.85,3709061
2018-08-08,159.5,159.75,157.6,158.25,3459372
2018-08-09,158.4,161.35,156.8,160.7,4095847
2018-08-10,161.0,161.45,158.25,159.55,3765657
2018-08-13,159.0,159.05,156.55,158.0,2251992
2018-08-14,157.8,158.75,156.5,156.9,1691704
2018-08-16,156.9,159.0,156.15,158.55,1794901
2018-08-17,159.0,160.25,157.65,158.0,3893463
2018-08-20,158.3,160.1,158.0,158.55,2873806
2018-08-21,159.6,161.7,157.6,160.85,4399507
2018-08-23,161.2,165.0,160.1,164.35,6420112
2018-08-24,164.6,167.65,163.65,164.3,4530655
2018-08-27,164.9,166.85,164.0,166.15,2192072
2018-08-28,166.65,174.55,166.35,168.3,7272699
2018-08-29,169.45,169.45,165.5,166.05,3141387
2018-08-30,165.55,170.75,165.55,169.7,11153832
2018-08-31,169.45,172.7,169.0,171.5,7037922
2018-09-03,172.5,172.8,167.4,169.5,3827473
2018-09-04,169.5,170.5,167.4,168.1,2513805
2018-09-05,167.7,170.4,166.5,167.95,2364217
2018-09-06,166.0,170.7,165.65,168.9,6382384
2018-09-07,170.5,170.55,165.9,169.55,2988190
2018-09-11,169.05,171.75,168.75,169.75,8091175
2018-09-14,170.4,175.1,170.4,174.95,6117278
2018-09-17,175.0,175.4,171.1,172.25,2327075
2018-09-18,173.2,174.45,169.1,169.7,3038599
2018-09-19,171.0,171.95,168.0,169.15,4243336
2018-09-21,169.2,173.8,166.85,168.25,7997857
2018-09-24,168.2,170.8,166.3,167.9,5180444
2018-09-25,169.15,170.5,164.4,170.0,5414138
2018-09-26,171.6,171.6,166.0,167.8,2993241
2018-09-27,168.15,170.0,166.5,167.95,5598858
2018-09-28,167.95,169.7,166.0,166.85,4537237
2018-10-01,167.5,170.3,166.15,169.6,4125103
2018-10-03,168.8,168.85,166.1,167.35,4816772
2018-10-04,166.4,168.6,164.75,166.8,5469579
2018-10-05,166.6,167.9,160.55,162.9,11077450
2018-10-08,161.4,164.9,159.45,163.45,3864641
2018-10-09,164.8,165.0,160.9,161.7,4797049
2018-10-10,161.7,166.65,161.25,164.35,2843068
2018-10-11,162.0,165.7,161.3,163.15,3057491
2018-10-12,163.9,165.35,163.05,164.2,3456586
2018-10-15,164.25,165.55,163.7,164.65,1826243
2018-10-16,164.65,165.35,162.1,163.95,3214900
2018-10-17,164.55,165.7,162.2,162.9,4474191
2018-10-19,162.6,165.25,160.3,161.45,5169133
2018-10-22,163.05,167.9,162.1,164.85,5339979
2018-10-23,164.15,166.0,162.55,165.0,6097132
2018-10-24,166.0,166.75,159.7,163.05,10714096
2018-10-25,162.5,164.95,157.3,162.3,78859564
2018-10-26,158.95,160.25,154.8,159.3,7783268
2018-10-29,159.55,159.95,157.3,158.95,5803266
2018-10-30,159.1,161.05,156.85,159.4,2714226
2018-10-31,160.0,160.9,155.25,159.65,5057929
2018-11-01,159.75,160.25,156.75,157.0,2493606
2018-11-02,157.9,159.35,156.05,158.0,9573135
2018-11-05,157.5,157.5,151.7,153.5,15219212
2018-11-06,153.95,154.7,152.35,154.15,5186500
2018-11-07,155.0,155.05,154.5,154.85,176813
2018-11-09,155.55,155.6,153.5,154.45,6748485
2018-11-12,154.3,155.45,152.5,152.8,3263611
2018-11-13,152.5,157.8,152.35,156.8,6586554
2018-11-14,157.0,160.6,156.4,157.35,3211544
2018-11-15,157.95,159.15,153.4,153.8,3782472
2018-11-16,153.2,155.5,153.0,154.05,4305072
2018-11-19,154.0,154.5,151.9,152.95,5733037
2018-11-20,152.4,153.1,148.5,149.15,3833428
2018-11-21,149.15,149.85,147.15,147.85,6354604
2018-11-22,147.75,148.4,145.6,146.0,3070726
2018-11-26,146.4,146.95,141.7,144.7,5445431
2018-11-27,144.5,146.8,143.25,145.75,4055573
2018-11-28,146.95,147.55,142.0,143.45,14852895
2018-11-29,143.85,145.75,140.85,142.25,25606098
2018-11-30,142.0,142.6,137.55,140.3,24867219
2018-12-03,140.35,145.65,140.0,144.9,10010868
2018-12-04,144.75,144.75,142.0,143.2,5654167
2018-12-05,142.95,144.9,139.2,141.05,7361638
2018-12-06,140.7,142.2,138.2,139.8,4550644
2018-12-07,140.0,141.1,136.55,137.85,11033784
2018-12-10,135.9,139.25,134.7,136.2,28696725
2018-12-11,134.05,138.05,134.05,137.35,11172141
2018-12-12,137.95,141.6,136.9,140.7,10228635
2018-12-13,141.35,142.0,139.75,141.05,8863788
2018-12-14,141.0,144.15,139.6,143.5,11443814
2018-12-17,150.0,151.35,144.75,146.1,18124658
2018-12-18,146.0,148.4,145.25,147.7,10864175
2018-12-19,148.35,150.3,147.25,149.8,6818396
2018-12-20,148.6,149.95,146.65,149.3,11591640
2018-12-21,149.5,151.4,148.25,150.55,15797444
2018-12-24,150.0,150.55,145.2,146.4,7088482
2018-12-26,146.2,148.35,144.25,145.55,8631989
2018-12-27,146.7,149.75,144.2,148.3,27421548
2018-12-28,147.45,151.6,146.5,149.85,9175552
2018-12-31,149.8,150.05,148.1,149.05,4175741
2019-01-01,148.95,149.6,146.4,148.7,3342569
2019-01-02,147.95,148.7,146.15,147.0,4334233
2019-01-03,147.0,147.4,142.85,143.4,5862736
2019-01-04,143.95,146.3,142.25,145.75,6656760
2019-01-07,146.25,149.7,146.15,148.6,11768203
2019-01-08,148.0,149.5,146.0,146.95,5547244
2019-01-09,147.0,148.45,145.4,146.55,3863786
2019-01-10,146.95,149.55,146.75,148.1,12784001
2019-01-11,148.0,150.3,147.2,148.0,11316608
2019-01-14,148.0,148.35,145.2,145.55,4175566
2019-01-15,146.0,146.45,144.15,145.8,12275812
2019-01-16,146.3,148.5,145.7,146.35,4732815
2019-01-17,146.9,147.65,144.25,144.9,6274305
2019-01-18,145.3,146.4,144.0,144.3,2583594
2019-01-21,146.5,146.75,142.65,143.4,10989731
2019-01-22,143.9,143.9,142.0,142.8,5895361
2019-01-23,142.9,143.6,140.3,140.75,4436294
2019-01-24,140.75,142.1,139.1,140.05,3541981
2019-01-25,140.5,141.9,138.05,138.3,4552697
2019-01-28,138.5,139.5,136.65,138.6,6086122
2019-01-29,138.6,139.4,137.4,138.5,8106901
2019-01-30,139.4,140.4,138.1,138.7,11481494
2019-01-31,140.5,141.2,139.0,139.7,36695700
2019-02-01,140.0,140.5,138.8,140.15,5916171
2019-02-04,140.1,140.4,136.75,137.25,5596920
2019-02-05,137.0,138.4,136.2,138.05,7105333
2019-02-06,135.8,137.75,135.0,137.1,10675675
2019-02-07,137.0,138.0,135.1,135.95,4327928
2019-02-08,135.4,137.4,131.55,132.05,4664302
2019-02-11,131.95,133.3,128.6,130.35,10939054
2019-02-12,130.05,133.95,130.0,133.25,12417295
2019-02-13,133.25,134.1,128.0,131.1,11559385
2019-02-14,131.0,133.3,128.1,131.25,31594972
2019-02-15,132.0,137.4,132.0,136.25,21546525
2019-02-18,135.8,140.4,134.95,137.45,10834305
2019-02-19,137.1,137.9,132.45,133.7,7524246
2019-02-20,134.2,138.9,132.3,137.2,12462775
2019-02-21,137.8,138.5,135.5,136.45,3932612
2019-02-22,136.75,140.25,135.0,139.7,9732276
2019-02-25,139.6,141.0,136.25,140.35,22964823
2019-02-26,137.2,141.2,136.3,140.55,12918108
2019-02-27,139.3,142.95,138.15,138.75,15215646
2019-02-28,140.2,142.7,138.3,141.25,41819652
2019-03-01,141.7,143.75,141.65,143.0,5657562
2019-03-05,143.0,148.2,143.0,147.0,10823586
2019-03-06,147.7,149.5,147.1,148.95,8594413
2019-03-07,149.1,150.6,145.5,146.2,6947851
2019-03-08,147.5,154.8,145.35,152.2,28885977
2019-03-11,153.0,160.3,149.5,151.4,25006371
2019-03-12,150.8,156.35,150.2,151.25,19429204
2019-03-13,151.0,151.05,145.0,148.2,17452596
2019-03-14,148.9,154.9,148.1,153.65,12229497
2019-03-15,154.6,159.25,152.65,158.05,16963953
2019-03-18,157.85,160.8,155.75,158.75,16074505
2019-03-19,133.95,137.3,130.4,134.9,25950621
2019-03-20,135.8,136.0,128.1,129.25,28098992
2019-03-22,131.0,136.2,129.7,134.65,53779933
2019-03-25,133.85,137.5,133.75,135.35,31535535
2019-03-26,136.0,142.0,136.0,140.8,23510777
2019-03-27,140.9,140.9,136.2,137.0,20849776
2019-03-28,137.5,139.35,135.1,135.75,41232946
2019-03-29,137.15,140.55,132.7,134.7,47265221
2019-04-01,136.4,137.5,133.55,135.1,26716877
2019-04-02,136.05,136.7,134.0,135.15,14343829
2019-04-03,135.95,137.5,134.0,134.8,12596804
2019-04-04,134.8,136.8,134.45,135.65,12939086
2019-04-05,135.55,136.45,134.4,134.8,7742848
2019-04-08,134.9,136.8,134.55,135.55,13409083
2019-04-09,135.5,136.45,135.05,135.9,7506763
2019-04-10,136.25,137.0,134.3,134.6,9502300
2019-04-11,134.95,136.4,134.4,135.95,8703097
2019-04-12,136.0,136.5,135.2,135.95,7212573
2019-04-15,136.25,138.3,135.4,136.75,11013801
2019-04-16,137.4,138.15,136.5,137.55,7469500
2019-04-18,137.5,137.85,135.05,135.35,6634192
2019-04-22,135.1,136.4,134.35,136.0,5541225
2019-04-23,136.0,136.1,133.25,133.65,8790522
2019-04-24,133.65,134.45,132.3,133.95,9255095
2019-04-25,134.0,135.35,132.3,132.9,29354749
2019-04-26,133.45,135.1,133.35,134.1,4789673
2019-04-30,134.25,134.8,131.45,134.05,7527996
2019-05-02,133.3,133.9,132.1,133.1,6401386
2019-05-03,133.1,136.65,133.0,135.45,9226969
2019-05-06,135.0,135.6,133.7,135.0,6080575
2019-05-07,135.45,136.2,133.6,134.1,9137799
2019-05-08,133.85,134.0,130.2,130.8,8742473
2019-05-09,130.75,130.8,126.4,127.7,14395488
2019-05-10,128.45,128.75,126.25,127.0,9724014
2019-05-13,126.9,127.0,123.0,123.55,11507204
2019-05-14,123.7,126.5,122.4,125.6,6908544
2019-05-15,126.3,126.9,123.0,123.95,9384447
2019-05-16,124.85,126.35,123.25,125.75,6519422
2019-05-17,124.75,126.6,124.0,125.5,10003051
2019-05-20,128.2,130.1,125.6,129.25,12330905
2019-05-21,129.7,129.75,127.75,128.6,8095621
2019-05-22,128.6,130.45,127.4,129.6,9540723
2019-05-23,130.6,133.45,129.35,129.85,11017547
2019-05-24,130.5,131.0,128.55,129.15,9371443
2019-05-27,132.4,136.6,130.15,133.2,19948676
2019-05-28,133.95,134.75,131.7,132.6,15628186
2019-05-29,132.0,133.25,130.2,130.9,5397986
2019-05-30,131.05,135.6,131.05,135.1,30257040
2019-05-31,135.25,136.05,132.3,133.25,11325445
2019-06-03,134.4,134.8,132.7,133.1,7302092
2019-06-04,133.15,136.35,133.15,135.05,10439893
2019-06-06,135.15,137.0,132.8,136.55,12191883
2019-06-07,137.0,137.5,134.5,135.15,9310029
2019-06-10,135.2,137.1,134.35,135.0,7295669
2019-06-11,135.4,136.65,133.75,135.3,4554162
2019-06-12,135.0,135.7,133.3,134.4,3660802
2019-06-13,134.5,135.85,133.3,134.9,5113806
2019-06-14,134.95,135.5,132.4,132.75,4761596
2019-06-17,133.45,133.85,131.4,132.25,3655275
2019-06-18,132.6,133.35,131.9,132.4,5172138
2019-06-19,132.5,135.25,132.5,134.65,5278372
2019-06-20,134.6,135.25,133.6,134.55,6963441
2019-06-21,134.85,135.2,134.05,134.55,9456244
2019-06-24,134.7,136.0,133.75,135.6,5918107
2019-06-25,135.95,139.7,135.15,138.45,18761799
2019-06-26,139.5,141.9,139.3,140.05,24643824
2019-06-27,141.05,142.0,139.05,140.15,38789825
2019-06-28,140.1,141.85,139.5,141.35,10648757
2019-07-01,142.2,145.85,138.65,142.55,31289422
2019-07-02,143.0,144.4,142.55,142.95,8847109
2019-07-03,143.85,144.4,142.65,143.25,6947927
2019-07-04,144.45,144.45,142.35,143.45,5792826
2019-07-05,142.8,143.8,135.4,136.5,21459265
2019-07-08,136.6,136.6,128.55,129.6,20404790
2019-07-09,128.45,132.0,127.6,129.55,19374808
2019-07-10,129.0,131.0,128.65,129.05,9141198
2019-07-11,130.25,130.9,128.6,128.95,6669919
2019-07-12,129.85,132.45,126.45,127.8,21467991
2019-07-15,128.0,128.95,127.3,127.95,5852788
2019-07-16,128.8,131.4,128.0,130.95,11313969
2019-07-17,131.6,132.15,128.7,129.1,10958942
2019-07-18,130.1,130.95,126.4,127.05,18049102
2019-07-19,127.95,131.0,126.05,129.9,33840376
2019-07-22,130.5,132.65,127.65,130.85,15870663
2019-07-23,131.45,133.45,130.5,133.05,9840729
2019-07-24,133.55,133.55,130.7,131.85,10421947
2019-07-25,132.0,132.85,128.4,129.75,29337351
2019-07-26,130.4,130.4,128.25,128.8,11411885
2019-07-29,128.0,128.8,126.75,127.3,22168687
2019-07-30,126.65,128.65,126.1,127.2,16228044
2019-07-31,126.2,127.35,125.5,126.55,14557889
2019-08-01,126.4,127.75,125.15,126.85,11138203
2019-08-02,126.2,126.9,122.45,123.1,21851409
2019-08-05,122.4,123.45,120.45,121.0,8713907
2019-08-06,120.0,124.9,119.75,123.35,13232442
2019-08-07,123.0,124.95,122.1,123.05,13132981
2019-08-08,123.15,125.15,122.2,124.65,8227791
2019-08-09,124.6,126.65,123.15,123.9,10566552
2019-08-13,123.0,123.0,114.75,117.15,25954194
2019-08-14,117.25,119.0,116.55,117.6,8641527
2019-08-16,117.4,119.3,116.6,117.8,10992249
2019-08-19,118.35,120.45,117.6,118.9,9653434
2019-08-20,119.0,120.25,117.35,117.95,7758935
2019-08-21,118.0,119.6,117.45,117.9,12842739
2019-08-22,118.0,118.4,113.85,114.75,16991585
2019-08-23,115.0,118.95,114.1,118.5,9284204
2019-08-26,119.0,120.6,117.7,120.05,11965007
2019-08-27,120.15,125.4,120.15,123.2,22238086
2019-08-28,123.8,124.7,119.45,119.9,11905383
2019-08-29,118.75,124.15,117.9,123.1,38336134
2019-08-30,122.9,123.65,115.6,121.65,18833819
2019-09-03,121.95,121.95,117.15,117.65,7635093
2019-09-04,118.0,119.9,116.65,119.45,7299231
2019-09-05,119.85,129.65,119.85,123.45,19432303
2019-09-06,123.45,127.8,123.3,127.0,11891983
2019-09-09,127.3,127.95,125.2,126.35,5303272
2019-09-11,126.5,127.55,123.85,124.5,5473674
2019-09-12,124.0,124.75,121.6,122.25,8444053
2019-09-13,122.35,124.3,121.25,124.05,7509999
2019-09-16,123.35,124.15,121.85,123.25,5593727
2019-09-17,122.85,123.15,120.55,120.9,5663425
2019-09-18,121.55,122.85,119.65,122.5,8627190
2019-09-19,122.95,122.95,120.1,121.7,6031946
2019-09-20,121.05,125.4,118.5,119.85,34008081
2019-09-23,121.1,121.6,114.05,116.05,33355557
2019-09-24,116.3,116.8,114.35,115.15,20864605
2019-09-25,115.6,118.6,115.05,116.9,18851203
2019-09-26,117.25,118.7,115.95,116.55,21458595
2019-09-27,117.9,119.1,116.3,117.05,9325734
2019-09-30,117.1,118.2,115.75,117.5,12045142
2019-10-01,118.0,118.9,116.25,117.05,9718865
2019-10-03,117.55,117.55,114.6,116.75,10477900
2019-10-04,117.3,120.5,116.5,117.4,20289650
2019-10-07,117.45,117.95,114.7,115.95,14111765
2019-10-09,116.0,118.0,115.4,117.25,8413122
2019-10-10,117.2,117.5,116.35,117.25,6885340
2019-10-11,117.2,118.35,115.9,116.7,9176578
2019-10-14,116.55,118.15,116.2,117.75,12146203
2019-10-15,117.0,119.8,117.0,119.4,7630007
2019-10-16,118.8,119.8,116.9,117.4,10206387
2019-10-17,117.7,119.2,116.95,118.7,10163035
2019-10-18,118.8,121.5,118.4,121.05,16961782
2019-10-22,121.65,121.65,119.95,120.9,12091476
2019-10-23,120.25,121.7,120.25,121.05,6580501
2019-10-24,122.0,122.0,119.2,120.2,8009018
2019-10-25,120.85,120.85,118.2,118.5,8505881
2019-10-29,118.7,120.35,117.6,119.9,8581053
2019-10-30,121.0,121.75,119.25,120.95,12119474
2019-10-31,121.5,124.2,120.8,122.4,16511583
2019-11-01,123.0,123.2,121.1,121.5,4170369
2019-11-04,121.65,122.6,119.9,120.55,7894331
2019-11-05,120.2,121.5,119.55,120.6,6156847
2019-11-06,120.1,121.75,119.95,120.65,5317553
2019-11-07,121.15,121.2,119.1,119.55,6794239
2019-11-08,119.1,119.35,117.0,117.4,9771715
2019-11-11,118.95,121.75,117.75,118.25,22943443
2019-11-13,117.9,119.25,117.55,118.3,12220298
2019-11-14,118.5,119.15,117.55,118.55,5208393
2019-11-15,118.55,118.85,116.95,117.35,4650424
2019-11-18,117.05,117.85,116.8,117.45,4727251
2019-11-19,117.75,118.3,116.8,117.35,7577320
2019-11-20,117.3,117.6,116.05,117.05,10033434
2019-11-21,117.4,117.4,114.8,115.3,15099980
2019-11-22,116.95,119.2,116.95,117.8,13934099
2019-11-25,118.0,118.4,117.1,118.1,10863475
2019-11-26,118.1,118.9,116.2,116.65,14426269
2019-11-27,116.8,117.3,115.45,115.75,5455521
2019-11-28,116.15,116.25,115.05,115.55,10014250
2019-11-29,116.0,117.6,115.5,116.35,7014266
2019-12-02,115.75,116.3,115.1,115.3,6609154
2019-12-03,115.1,115.8,114.4,114.55,6614178
2019-12-04,115.05,115.3,114.0,114.8,4444594
2019-12-05,114.75,115.25,113.85,114.1,2537275
2019-12-06,114.7,114.7,112.2,112.65,3836996
2019-12-09,113.2,113.2,111.5,112.7,7866941
2019-12-10,112.5,113.15,109.7,110.0,18958648
2019-12-11,110.5,113.8,110.1,113.0,8746687
2019-12-12,113.55,114.95,113.2,114.45,3850652
2019-12-13,115.05,116.15,114.5,115.65,4293299
2019-12-16,116.2,116.3,114.6,114.95,3659151
2019-12-17,114.95,115.95,113.6,115.55,6241009
2019-12-18,115.0,116.25,113.8,114.15,8626400
2019-12-19,114.0,114.4,112.85,114.05,5995825
2019-12-20,114.05,115.4,113.8,114.7,5813877
2019-12-23,114.2,115.4,113.8,114.6,13980109
2019-12-24,114.5,115.8,114.5,115.2,7929835
2019-12-26,115.15,118.3,114.0,116.4,12763347
2019-12-27,116.3,117.2,115.75,116.85,4474934
2019-12-30,116.85,117.65,116.35,116.55,4193724
2019-12-31,116.55,119.7,116.35,119.05,12438719
2020-01-01,119.05,122.0,118.25,121.55,9953746
2020-01-02,121.5,122.15,120.6,121.4,8731299
2020-01-03,121.0,121.35,119.1,119.35,7392962
2020-01-06,119.0,119.15,116.5,118.9,6596841
2020-01-07,119.25,121.55,119.25,120.55,8959942
2020-01-08,119.7,120.75,117.55,119.95,6372683
2020-01-09,120.5,121.2,118.9,119.35,8309627
2020-01-10,119.95,121.8,119.05,120.3,5588344
2020-01-13,120.4,122.0,120.1,121.75,3534313
2020-01-14,121.75,124.0,121.35,123.5,8631692
2020-01-15,123.0,125.0,122.35,123.85,6537916
2020-01-16,123.4,123.4,120.95,121.45,8806007
2020-01-17,121.45,121.7,120.6,121.2,6811534
2020-01-20,121.0,121.75,117.8,118.25,10655638
2020-01-21,118.4,119.55,116.95,117.15,5150830
2020-01-22,114.95,115.75,111.5,112.15,19388739
2020-01-23,112.6,114.45,112.3,113.5,22793170
2020-01-24,114.0,116.3,113.55,114.75,9898052
2020-01-27,115.0,115.3,112.6,113.15,5597365
2020-01-28,113.75,113.75,110.9,112.05,12128081
2020-01-29,112.1,114.9,111.75,113.2,18501507
2020-01-30,113.45,114.8,112.05,113.65,18545239
2020-01-31,113.75,115.25,111.5,112.85,64518347
2020-02-03,109.45,111.65,107.2,110.25,14889516
2020-02-04,110.35,112.3,110.25,112.0,9743806
2020-02-05,111.3,112.6,110.5,111.2,10671590
2020-02-06,110.5,112.5,110.5,112.0,11852617
2020-02-07,112.4,116.25,112.3,115.6,18446803
2020-02-10,115.8,115.9,112.05,113.5,31637511
2020-02-11,114.5,117.55,114.1,116.85,20937033
2020-02-12,117.0,118.9,116.4,116.8,13679292
2020-02-13,116.8,117.1,114.7,115.15,20903696
2020-02-14,114.8,115.5,111.9,112.7,23827224
2020-02-17,113.1,113.75,109.2,110.3,22137354
2020-02-18,109.6,110.9,103.8,109.6,34458578
2020-02-19,112.3,113.75,110.4,112.05,17935374
2020-02-20,111.7,112.4,110.95,111.35,19663654
2020-02-24,110.75,110.75,108.85,109.7,11370193
2020-02-25,110.9,112.45,109.65,110.1,10775289
2020-02-26,110.0,111.55,108.25,109.1,14998071
2020-02-27,109.2,110.3,106.65,109.05,22610691
2020-02-28,106.65,110.2,105.35,106.55,25696761
2020-03-02,109.35,110.0,102.7,103.9,15614944
2020-03-03,104.65,109.95,104.3,108.9,17194661
2020-03-04,108.65,111.0,107.5,107.95,17095867
2020-03-05,108.1,109.65,107.05,107.85,11579256
2020-03-06,104.75,107.2,102.9,105.15,13533444
2020-03-09,104.0,104.4,99.55,102.9,47383260
2020-03-11,103.0,104.8,101.5,103.05,28434592
2020-03-12,99.0,100.0,93.25,94.35,47225243
2020-03-13,90.0,100.75,81.25,98.05,49533058
2020-03-16,96.0,96.0,88.25,90.8,34649741
2020-03-17,91.0,95.9,86.35,88.1,21246111
2020-03-18,89.0,90.35,74.9,80.55,88659790
2020-03-19,78.55,84.95,75.05,78.35,33847230
2020-03-20,78.5,82.35,76.35,81.25,58502396
2020-03-23,74.9,80.0,73.2,76.4,37653590
2020-03-24,78.1,79.6,75.05,77.55,13742935
2020-03-25,78.0,80.5,75.3,79.7,16472741
2020-03-26,82.0,82.2,76.4,79.65,39959622
2020-03-27,82.5,84.4,80.25,83.0,39363397
2020-03-30,79.9,83.5,79.2,81.75,17044016
2020-03-31,82.75,84.8,81.15,84.2,28293281
2020-04-01,84.3,84.35,80.6,81.0,14355481
2020-04-03,82.05,82.1,78.85,79.55,18319674
2020-04-07,81.6,82.05,80.1,81.55,47686689
2020-04-08,81.55,86.8,80.3,85.2,38072780
2020-04-09,88.35,88.35,85.3,87.1,9322497
2020-04-13,87.1,89.15,84.75,88.65,33267122
2020-04-15,88.95,94.2,88.7,89.9,24128026
2020-04-16,87.25,96.3,87.0,95.1,20876392
2020-04-17,101.0,101.0,95.0,95.5,16969678
2020-04-20,97.0,99.3,93.4,98.9,17639176
2020-04-21,96.5,98.4,95.55,97.3,15085297
2020-04-22,97.3,98.65,94.9,97.6,10344379
2020-04-23,97.45,97.7,94.55,95.2,14078729
2020-04-24,94.75,96.35,91.95,93.4,10149014
2020-04-27,94.4,94.4,91.9,92.35,22675958
2020-04-28,92.15,92.9,88.65,90.35,19815466
2020-04-29,91.45,92.35,89.75,90.2,21552047
2020-04-30,91.35,97.0,90.4,95.05,15151440
2020-05-04,91.05,93.65,90.5,91.45,10305675
2020-05-05,92.2,94.95,91.35,92.6,10628541
2020-05-06,92.95,95.45,92.2,94.7,10232281
2020-05-07,94.1,94.4,90.15,90.45,8449705
2020-05-08,91.0,92.45,85.75,87.0,28175317
2020-05-11,88.2,89.45,85.85,86.65,12243824
2020-05-12,86.5,93.25,85.65,91.65,18125053
2020-05-13,94.95,98.5,92.65,93.05,19038031
2020-05-14,93.3,93.5,87.5,89.35,39117004
2020-05-15,90.0,91.8,89.2,90.85,16926082
2020-05-18,90.5,90.5,87.85,88.9,11369430
2020-05-19,89.6,91.9,88.2,91.05,12262139
2020-05-20,89.9,93.4,89.3,92.9,10126456
2020-05-21,92.15,92.65,89.8,90.25,20143414
2020-05-22,89.9,91.2,88.35,90.95,9392105
2020-05-26,90.15,93.4,90.15,93.0,12350762
2020-05-27,93.0,95.2,91.15,94.7,11684732
2020-05-28,95.25,96.5,94.5,95.7,12156769
2020-05-29,94.7,98.85,94.3,97.85,19894337
2020-06-01,98.4,99.65,97.15,97.9,10106453
2020-06-02,98.75,98.95,96.05,96.75,18170671
2020-06-03,97.75,97.8,94.4,94.7,23202602
2020-06-04,94.15,95.5,92.75,95.15,12827335
2020-06-05,95.0,98.2,94.15,97.95,11744405
2020-06-08,98.95,100.2,97.75,98.55,14173729
2020-06-09,99.0,99.7,97.2,98.0,14232535
2020-06-10,98.15,100.15,97.25,98.15,12104523
2020-06-11,98.15,99.7,96.8,98.05,10258977
2020-06-12,94.5,97.95,94.3,96.9,10925628
2020-06-15,96.7,96.95,92.6,93.2,10980604
2020-06-16,94.95,95.1,92.25,92.8,8757045
2020-06-17,92.95,93.1,90.85,91.5,17081361
2020-06-18,91.8,94.3,89.9,92.7,16520112
2020-06-19,93.05,94.05,92.4,93.0,13836696
2020-06-22,94.1,95.85,93.35,95.3,18868376
2020-06-23,95.1,101.15,95.0,100.75,20333453
2020-06-24,102.0,103.8,96.75,97.05,24055053
2020-06-25,97.05,98.55,94.35,96.1,69278240
2020-06-26,96.4,97.4,95.55,97.0,15572502
2020-06-29,97.65,98.05,94.45,94.9,18135588
2020-06-30,97.0,97.75,95.2,95.8,18496450
2020-07-01,94.7,94.7,92.3,93.6,21639174
2020-07-02,94.5,94.5,93.15,93.4,14333507
2020-07-03,93.6,95.35,92.75,94.5,15274892
2020-07-06,95.9,96.4,94.85,95.2,11830916
2020-07-07,95.4,95.45,92.25,92.55,18786161
2020-07-08,92.85,92.85,90.85,91.0,26257436
2020-07-09,91.3,92.0,90.8,91.2,11910945
2020-07-10,91.2,91.3,89.75,90.4,12213263
2020-07-14,89.8,89.9,87.4,87.65,14242251
2020-07-15,88.3,89.75,87.75,88.05,11582899
2020-07-16,88.2,88.4,85.85,86.75,10152713
2020-07-17,87.2,88.65,87.0,88.3,12239669
2020-07-20,88.9,88.9,87.0,87.15,12349625
2020-07-21,88.0,88.65,86.8,88.35,20122602
2020-07-22,88.75,92.6,88.7,90.35,31321868
2020-07-23,90.9,91.6,90.25,90.55,11161644
2020-07-24,90.3,90.5,88.55,89.4,11352908
2020-07-27,89.55,89.6,87.25,87.65,10071266
2020-07-28,87.9,88.8,86.9,88.55,13888285
2020-07-29,88.5,89.65,87.9,88.15,10733683
2020-07-30,88.55,89.0,86.1,86.6,10670653
2020-07-31,86.9,87.6,86.3,87.0,7906812
2020-08-03,87.2,87.2,85.0,85.6,14158515
2020-08-04,86.5,87.0,85.35,85.6,19622064
2020-08-05,85.9,86.6,85.4,85.9,9479240
2020-08-06,86.5,87.45,85.6,86.15,12209723
2020-08-07,86.2,86.7,85.35,85.8,10340142
2020-08-10,86.8,88.7,86.15,88.2,12215888
2020-08-11,89.0,89.6,87.8,88.25,11180571
2020-08-12,88.0,89.15,87.05,88.7,14804335
2020-08-13,87.4,87.5,86.5,87.25,13724634
2020-08-14,87.35,89.85,86.7,88.4,25405464
2020-08-17,89.4,96.5,89.4,95.3,115117580
2020-08-18,96.2,97.8,94.05,95.05,52030586
2020-08-19,96.0,96.5,94.25,94.65,21840984
2020-08-20,94.6,101.9,94.25,101.1,112341122
2020-08-21,102.7,107.85,101.6,105.95,107866165
2020-08-24,107.1,108.0,103.75,105.4,49155456
2020-08-25,106.0,107.4,103.2,103.8,50945674
2020-08-26,104.6,104.6,101.6,102.8,30829463
2020-08-27,103.2,103.9,102.0,102.6,19363825
2020-08-28,103.15,104.25,101.25,101.55,21359093
2020-08-31,102.6,102.7,95.5,96.4,40298819
2020-09-01,97.5,101.15,96.5,99.8,44304572
2020-09-02,99.8,100.5,98.3,98.95,20904848
2020-09-03,99.0,99.7,96.9,97.7,19004482
2020-09-04,96.05,97.45,94.0,94.7,27339648
2020-09-07,94.8,96.0,92.05,92.4,28474983
2020-09-08,93.25,93.25,90.3,90.65,31186030
2020-09-09,90.1,91.25,88.5,90.4,28307198
2020-09-10,91.0,91.5,89.25,90.55,27263683
2020-09-11,90.2,90.9,89.45,90.1,18190992
2020-09-14,90.4,91.95,89.75,90.85,22535288
2020-09-15,90.9,92.75,90.55,91.1,26869515
2020-09-16,91.6,91.6,89.3,89.65,20784528
2020-09-17,89.05,89.45,88.3,88.65,21804418
2020-09-18,89.05,91.1,88.7,90.55,44757936
2020-09-21,91.15,91.35,87.35,88.3,17714799
2020-09-22,88.3,89.55,85.3,87.7,25113194
2020-09-23,87.65,88.15,84.2,85.1,24108530
2020-09-24,84.1,85.65,82.15,82.65,17724733
2020-09-25,83.35,85.15,82.35,84.8,15999527
2020-09-28,85.6,88.25,85.1,87.5,22735842
2020-09-29,88.5,88.9,84.65,85.15,21328831
2020-09-30,85.6,85.85,83.4,85.1,18475465
2020-10-01,85.8,85.8,84.5,84.9,18244685
2020-10-05,85.0,85.45,83.8,84.45,15684514
2020-10-06,84.45,84.65,83.65,84.15,13094249
2020-10-07,84.2,84.25,82.25,82.8,19057128
2020-10-08,83.1,83.35,82.35,82.6,11961713
2020-10-09,82.85,83.15,81.65,82.9,18016487
2020-10-12,83.65,84.55,82.4,82.75,11714370
2020-10-13,82.8,83.4,82.4,82.65,11509196
2020-10-14,82.8,83.05,78.1,79.1,47114567
2020-10-15,79.1,80.5,78.5,79.0,20107632
2020-10-16,79.0,80.5,78.45,80.3,16578317
2020-10-19,80.95,83.15,80.5,81.65,21839955
2020-10-20,81.65,81.95,80.3,80.65,14238588
2020-10-21,81.45,83.8,80.65,82.3,38563963
2020-10-22,82.3,85.9,81.4,84.65,34256607
2020-10-23,86.0,86.6,84.5,86.25,46259632
2020-10-26,87.1,88.0,84.3,85.95,34724657
2020-10-27,88.8,90.05,87.05,89.45,95413214
2020-10-28,89.45,90.65,87.5,88.1,44763307
2020-10-29,87.0,88.5,86.0,86.5,41915668
2020-10-30,86.9,88.75,86.3,87.6,40735912
2020-11-02,88.3,89.6,87.95,89.2,31922062
2020-11-03,91.45,92.0,83.05,85.95,118128168
2020-11-04,86.15,87.1,84.5,85.1,47519427
2020-11-05,85.85,87.0,85.6,86.8,41267817
2020-11-06,87.2,88.75,86.9,87.3,46143960
2020-11-09,88.65,89.85,87.7,89.45,42703600
2020-11-10,89.8,91.75,89.55,91.5,43483223
2020-11-11,92.0,93.5,91.7,92.9,51801855
2020-11-12,92.4,92.6,90.4,90.8,33374610
2020-11-13,90.0,92.35,89.2,91.45,24025139
2020-11-17,91.75,92.4,88.25,88.7,55324429
2020-11-18,88.7,89.55,88.1,88.3,37574681
2020-11-19,88.4,91.9,88.0,89.8,55196018
2020-11-20,90.25,92.1,89.9,91.8,47670803
2020-11-23,92.9,94.4,92.0,93.65,54262598
2020-11-24,94.25,94.8,93.75,94.15,35713773
2020-11-25,94.45,94.9,92.85,93.95,32464332
2020-11-26,93.95,94.8,93.4,94.1,30825401
2020-11-27,95.75,97.05,91.8,94.7,216981706
2020-12-01,94.7,96.2,93.45,93.75,35330973
2020-12-02,94.65,95.2,93.8,94.8,27650080
2020-12-03,95.85,99.15,95.3,98.55,43841111
2020-12-04,99.2,99.8,97.5,98.55,34813873
2020-12-07,99.0,101.15,98.7,99.75,27049393
2020-12-08,100.55,100.85,97.8,98.2,30386160
2020-12-09,99.25,99.9,97.9,98.3,24061383
2020-12-10,98.4,99.35,96.5,97.15,25985382
2020-12-11,97.9,102.9,97.65,102.4,63463638
2020-12-14,103.45,105.35,103.0,104.6,45802433
2020-12-15,105.1,106.4,102.85,105.85,52215593
2020-12-16,106.95,107.25,104.55,104.9,25184934
2020-12-17,105.65,105.65,104.0,104.45,16840984
2020-12-18,104.55,104.8,102.85,103.75,33596568
2020-12-21,103.7,103.95,94.75,97.5,34210970
2020-12-22,97.35,99.8,96.5,98.9,29181188
2020-12-23,99.05,99.4,97.8,98.55,17602151
2020-12-24,99.3,101.5,99.0,99.95,23052394
2020-12-28,100.85,101.55,100.0,100.45,15454893
2020-12-29,100.5,101.05,97.95,98.6,23647197
2020-12-30,99.0,99.65,98.2,99.1,30281285
2020-12-31,98.1,100.25,98.0,99.35,50363279
2021-01-01,99.95,100.2,98.8,99.05,13493039
2021-01-04,99.75,100.0,98.5,99.05,22325584
2021-01-05,98.4,98.4,97.0,97.6,23510160
2021-01-06,98.0,99.0,97.25,97.85,21952878
2021-01-07,98.1,98.5,96.85,97.0,24999580
2021-01-08,97.6,100.5,97.35,100.15,43240591
2021-01-11,100.75,101.25,98.7,99.0,22036573
2021-01-12,99.0,101.0,98.3,100.15,24262426
2021-01-13,100.25,104.35,100.15,102.55,49236964
2021-01-14,103.7,103.85,101.7,102.2,29301114
2021-01-15,102.5,103.6,99.9,100.45,24067229
2021-01-18,100.45,100.9,96.8,97.55,23613664
2021-01-19,98.0,100.85,97.55,99.65,22934496
2021-01-20,99.6,99.7,98.0,98.3,25599184
2021-01-21,98.7,99.15,95.6,96.1,22667011
2021-01-22,96.3,96.5,92.9,94.05,26029669
2021-01-25,95.05,95.3,92.7,93.2,18599824
2021-01-27,93.0,93.1,90.8,91.3,22812859
2021-01-28,90.8,92.65,90.35,91.6,32227832
2021-01-29,92.0,92.6,88.15,88.95,36962884
2021-02-01,89.35,92.4,88.4,92.0,29033297
2021-02-02,92.9,95.35,92.9,94.15,29279584
2021-02-03,95.1,98.1,94.3,96.95,31420256
2021-02-04,97.3,100.2,97.0,99.05,39264443
2021-02-05,100.4,102.0,98.15,99.5,54911202
2021-02-08,96.2,100.95,96.1,100.3,53737961
2021-02-09,100.4,101.2,99.5,99.95,28074809
2021-02-10,100.0,100.5,98.65,99.85,19070866
2021-02-11,97.9,97.9,96.25,97.3,18452535
2021-02-12,97.8,97.9,94.8,95.95,21660998
2021-02-15,96.45,96.7,95.0,95.2,12574055
2021-02-16,95.85,99.15,95.5,98.0,32865663
2021-02-17,97.85,100.15,97.0,99.35,28774857
2021-02-18,99.7,104.25,99.55,103.4,50705280
2021-02-19,103.65,106.75,101.4,104.2,61069583
2021-02-22,104.3,106.3,101.4,102.05,30636415
2021-02-23,102.15,104.15,100.55,103.4,31233104
2021-02-24,104.5,104.7,102.1,103.2,16153025
2021-02-25,103.6,110.2,103.0,108.0,68361756
2021-02-26,107.1,110.95,104.8,107.3,67331805
2021-03-01,109.5,109.8,107.15,108.45,27205189
2021-03-02,108.45,113.7,107.9,112.55,53649872
2021-03-03,114.45,114.7,112.0,112.7,31702057
2021-03-04,111.5,113.0,110.5,110.8,28057179
2021-03-05,111.0,112.35,108.4,108.7,24778407
2021-03-08,110.65,113.3,109.5,110.55,28163362
2021-03-09,111.4,111.85,107.45,109.5,20611697
2021-03-10,110.35,110.6,108.95,109.65,13207045
2021-03-12,111.0,112.1,108.6,109.1,21763020
2021-03-15,109.95,111.0,107.7,110.5,20350678
2021-03-16,110.55,111.45,109.3,109.55,15360040
2021-03-17,109.7,109.9,106.15,106.55,18850429
2021-03-18,107.4,108.25,103.2,103.8,20023557
2021-03-19,102.35,109.55,102.0,108.5,72249183
2021-03-22,108.8,110.55,106.85,109.85,31980425
2021-03-23,110.0,110.2,108.1,108.65,14060206
2021-03-24,108.0,109.4,105.6,106.0,15196366
2021-03-25,106.0,106.5,102.65,103.0,22543755
2021-03-26,105.75,105.75,103.7,104.2,17402475
2021-03-30,105.85,108.7,104.6,107.7,36130210
2021-03-31,107.7,109.0,106.1,106.55,23063667
2021-04-01,107.5,108.75,106.95,107.9,13753303
2021-04-05,107.4,107.8,103.75,106.3,15666099
2021-04-06,107.75,108.1,105.8,106.05,17393454
2021-04-07,106.9,107.35,105.25,105.45,15692013
2021-04-08,106.0,106.45,104.7,105.0,11394998
2021-04-09,105.95,105.95,102.4,102.8,19751417
2021-04-12,101.5,101.5,98.05,99.05,20221362
2021-04-13,99.6,101.15,99.25,100.6,19192856
2021-04-15,101.2,103.0,99.3,101.35,13865351
2021-04-16,101.9,102.9,100.5,102.45,14654851
2021-04-19,100.0,100.4,98.65,99.05,11652043
2021-04-20,99.2,100.9,98.15,99.05,16528675
2021-04-22,98.05,99.75,97.05,98.95,18614270
2021-04-23,98.0,103.0,98.0,102.55,29484794
2021-04-26,103.95,103.95,100.85,102.4,24369413
2021-04-27,102.05,103.55,101.7,102.05,17763436
2021-04-28,102.85,103.95,102.15,103.6,15160578
2021-04-29,104.6,105.0,102.65,103.05,11588556
2021-04-30,102.25,105.65,102.05,102.45,15321193
2021-05-03,101.4,104.6,101.05,104.25,12186212
2021-05-04,104.3,106.05,103.5,103.75,12992684
2021-05-05,104.75,105.65,102.8,103.9,14956169
2021-05-06,105.0,105.1,102.65,103.05,13547274
2021-05-07,104.0,105.5,103.35,105.05,13229291
2021-05-10,106.0,108.0,105.6,107.7,23980945
2021-05-11,108.0,113.4,106.7,112.7,45613487
2021-05-12,114.2,116.75,111.75,113.3,62158914
2021-05-14,113.95,113.95,110.15,111.4,16227312
2021-05-17,111.2,112.25,109.95,111.55,12832920
2021-05-18,112.6,114.2,111.75,112.1,14892142
2021-05-19,113.15,113.15,110.95,111.95,12610425
2021-05-20,112.0,112.75,110.9,111.75,10303689
2021-05-21,112.3,113.15,111.25,112.85,12171685
2021-05-24,112.35,113.95,112.05,112.9,11341268
2021-05-25,113.9,114.85,113.05,113.3,15289982
2021-05-26,114.0,114.0,110.9,111.1,17466748
2021-05-27,111.6,111.65,109.3,110.3,34169451
2021-05-28,110.3,111.0,108.35,108.95,13383166
2021-05-31,108.95,111.35,107.8,110.5,14754293
2021-06-01,110.95,111.45,109.5,110.2,10271211
2021-06-02,110.1,111.35,110.05,111.15,6492771
2021-06-03,111.6,112.2,110.45,111.8,12140851
2021-06-04,111.5,113.0,111.05,111.75,8930671
2021-06-07,112.15,116.75,112.0,116.4,28407410
2021-06-08,117.5,118.5,116.0,116.2,43191813
2021-06-09,116.5,121.0,115.8,118.1,49807823
2021-06-10,119.35,119.9,117.3,118.5,22144392
2021-06-11,118.9,119.55,117.55,118.8,13871562
2021-06-14,118.8,118.9,116.25,118.2,14179055
2021-06-15,118.2,118.95,117.6,117.8,8148417
2021-06-16,117.8,120.6,116.85,119.8,21585917
2021-06-17,118.2,120.6,116.95,117.4,14466025
2021-06-18,117.4,118.15,112.9,113.55,43927941
2021-06-21,113.25,118.45,113.05,118.0,34597018
2021-06-22,118.5,118.9,116.95,118.3,16712010
2021-06-23,118.85,118.85,116.95,117.25,12590251
2021-06-24,117.2,118.5,115.7,118.0,14046692
2021-06-28,116.9,117.85,116.0,116.15,10709748
2021-06-29,116.25,118.55,115.4,117.6,33488455
2021-06-30,117.85,118.45,116.15,116.4,16739618
2021-07-01,116.8,117.8,115.7,117.35,12479506
2021-07-02,117.55,119.05,117.0,117.5,17215972
2021-07-05,117.9,119.1,117.25,118.6,16409169
2021-07-06,118.1,118.95,117.05,117.65,14979094
2021-07-07,117.05,118.2,116.85,117.45,14545289
2021-07-08,117.35,118.7,117.2,117.45,12037089
2021-07-09,117.0,118.4,116.25,117.8,9585144
2021-07-12,118.0,118.75,117.15,117.85,7651672
2021-07-13,118.15,122.0,118.1,119.9,30663035
2021-07-14,119.95,120.95,119.8,120.75,9539611
2021-07-15,120.75,121.2,119.2,120.3,11278872
2021-07-16,120.15,120.8,118.3,119.1,17198632
2021-07-19,119.1,121.85,118.5,121.4,14364285
2021-07-20,122.0,122.0,118.2,118.45,11360716
2021-07-22,118.75,119.7,118.55,119.2,9520328
2021-07-23,119.4,120.1,118.3,118.5,10442400
2021-07-26,118.2,120.0,118.05,119.35,5370055
2021-07-27,119.3,119.6,118.2,118.85,5280342
2021-07-28,119.55,119.55,115.8,116.8,11010096
2021-07-29,117.7,118.25,115.25,116.75,11897018
2021-07-30,116.95,119.95,116.25,118.2,14546264
2021-08-02,118.6,118.75,117.0,117.75,11742555
2021-08-03,118.5,118.5,116.5,117.65,21122697
2021-08-04,118.05,118.85,116.55,117.85,9432176
2021-08-05,117.05,117.8,115.95,116.5,11045322
2021-08-06,116.5,118.7,116.45,117.65,8434733
2021-08-09,118.5,119.1,116.55,116.7,7816050
2021-08-10,116.9,117.2,113.65,114.35,9774255
2021-08-11,114.7,117.3,114.55,116.95,8056886
2021-08-12,116.95,119.4,116.5,119.15,8640167
2021-08-13,119.45,119.45,117.2,118.25,9744939
2021-08-16,118.25,119.4,118.1,118.85,8768804
2021-08-17,119.35,119.5,116.2,117.4,8758578
2021-08-18,117.4,118.9,116.1,116.55,9357721
2021-08-20,116.3,117.0,113.45,114.15,11684504
2021-08-23,115.5,115.75,112.2,113.4,6271685
2021-08-24,114.2,116.3,113.65,113.95,11791078
2021-08-25,114.7,115.25,113.8,114.0,9491958
2021-08-26,114.1,114.5,111.95,112.75,11668986
2021-08-27,112.7,114.1,112.1,113.4,8095717
2021-08-30,113.25,115.5,113.25,114.95,9915170
2021-08-31,115.25,116.35,114.7,115.95,11386659
2021-09-01,116.0,116.7,114.75,115.4,7508413
2021-09-02,115.1,116.7,115.0,116.5,5700524
2021-09-03,117.0,117.9,116.5,117.0,9364904
2021-09-06,117.65,117.65,115.9,116.45,7005043
2021-09-07,116.7,116.9,115.25,115.85,7723357
2021-09-08,113.85,114.6,112.4,114.05,10508654
2021-09-09,113.95,114.75,113.5,114.55,5757417
2021-09-13,114.65,115.5,114.15,115.0,6322443
2021-09-14,115.25,116.15,114.8,115.9,7369292
2021-09-15,116.0,124.85,116.0,124.2,48721413
2021-09-16,124.5,125.7,123.0,124.0,17684303
2021-09-17,124.15,124.7,121.55,123.75,15763396
2021-09-20,122.5,123.95,121.8,122.7,7431359
2021-09-21,122.3,125.4,122.1,124.1,8629222
2021-09-22,124.6,127.0,124.0,124.4,11698183
2021-09-23,124.8,127.0,124.65,126.2,11053966
2021-09-24,126.5,126.7,123.95,124.25,8598140
2021-09-27,125.3,127.8,124.5,126.85,8490460
2021-09-29,131.4,144.25,130.6,140.65,75859390
2021-09-30,141.75,143.2,139.1,141.85,34614825
2021-10-01,140.95,144.35,137.7,139.9,22452069
2021-10-04,143.45,149.35,140.5,145.55,58612212
2021-10-05,145.55,147.85,144.2,145.4,24390676
2021-10-06,146.45,147.3,142.8,143.3,14421296
2021-10-07,144.2,145.65,142.25,142.8,10035682
2021-10-08,143.55,143.9,140.3,141.1,10686586
2021-10-12,146.0,146.25,143.8,144.55,16030831
2021-10-14,147.5,150.6,146.85,149.4,29263867
2021-10-18,151.25,151.7,148.7,149.55,25346029
2021-10-21,147.7,148.55,145.9,147.9,20818539
2021-10-25,144.7,146.25,143.15,143.9,14079380
2021-10-26,145.3,145.65,142.45,143.2,16224116
2021-10-27,144.0,144.55,140.85,141.3,15072448
2021-10-28,141.3,141.85,136.3,137.35,19999659
2021-10-29,131.0,136.9,128.55,132.65,29217522
2021-11-03,137.95,138.95,135.55,136.75,9808728
2021-11-04,138.3,138.3,136.95,137.15,1026849
2021-11-08,138.7,140.6,136.55,140.3,12765483
2021-11-09,140.75,141.4,138.05,138.5,9556650
2021-11-10,138.2,138.25,136.75,137.4,5479056
2021-11-11,137.5,137.75,134.35,136.65,11418813
2021-11-12,138.2,138.2,134.65,136.45,9306659
2021-11-15,137.3,137.65,136.0,137.15,3991733
2021-11-16,137.7,137.8,134.0,134.3,5762128
2021-11-17,134.0,138.0,134.0,136.45,15264066
2021-11-18,136.6,137.6,134.75,135.3,9942974
2021-11-22,135.0,136.9,129.7,130.15,15990636
2021-11-23,130.05,133.75,128.15,133.5,11510010
2021-11-24,134.5,137.3,133.55,135.35,7570759
2021-11-25,135.5,136.7,132.3,135.2,13919886
2021-11-26,133.2,134.05,128.0,128.85,13323593
2021-11-29,127.8,129.35,125.05,126.5,16077669
2021-11-30,127.8,129.45,124.7,127.25,22883512
2021-12-01,130.0,132.95,125.85,127.7,17010938
2021-12-02,127.7,130.3,126.6,128.7,12916313
2021-12-03,128.7,130.25,126.4,127.0,12827354
2021-12-06,127.0,127.6,124.0,124.35,8158812
2021-12-07,125.1,126.4,124.0,125.35,8701301
2021-12-08,124.85,127.65,124.85,127.25,12093435
2021-12-09,127.25,127.65,125.65,126.05,11518172
2021-12-10,126.1,126.7,124.4,126.15,8389566
2021-12-13,127.6,128.6,125.5,125.8,13223189
2021-12-14,125.0,127.45,125.0,126.35,11649242
2021-12-15,126.15,128.45,125.9,126.7,11916145
2021-12-16,127.55,128.2,126.25,127.4,10758513
2021-12-17,127.4,127.7,124.1,125.55,13041775
2021-12-21,123.55,124.7,120.85,122.2,10168470
2021-12-22,123.05,123.9,121.65,122.55,7885198
2021-12-23,123.1,125.4,122.8,124.55,9836979
2021-12-24,124.8,125.0,120.9,121.25,8509575
2021-12-27,121.25,122.15,120.6,121.85,5097217
2021-12-28,122.0,124.6,121.95,124.1,6511374
2021-12-29,124.6,124.75,122.2,123.15,8960770
2021-12-30,123.25,127.85,122.25,126.9,32394253
2021-12-31,126.8,126.8,124.0,124.4,9155163
2022-01-03,125.4,126.55,124.7,126.0,9034081
2022-01-04,127.0,133.3,126.75,132.9,33986738
2022-01-05,132.6,132.85,130.7,132.0,16122852
2022-01-06,132.35,132.35,129.3,130.9,8037648
2022-01-07,131.3,132.2,129.45,131.35,8820039
2022-01-10,131.95,132.3,130.75,131.85,7324926
2022-01-12,133.35,134.2,132.35,133.85,10439580
2022-01-13,134.4,136.65,133.5,134.95,15114699
2022-01-14,134.4,136.15,133.3,135.35,9344382
2022-01-17,134.65,137.35,134.45,136.6,9803141
2022-01-18,136.6,137.75,134.4,135.0,6473378
2022-01-19,134.1,135.3,132.95,134.8,21136414
2022-01-20,134.5,136.35,134.15,134.9,8466412
2022-01-21,134.05,136.1,132.55,134.1,12437749
2022-01-24,133.0,135.25,131.0,132.6,14284658
2022-01-25,131.2,135.65,131.05,135.3,10007486
2022-01-28,140.0,144.0,138.0,140.15,34009553
2022-01-31,142.0,143.4,138.55,142.05,27928927
2022-02-01,144.0,144.15,140.45,141.15,17413984
2022-02-02,142.0,142.75,140.75,141.15,10783943
2022-02-03,137.5,138.6,136.3,136.65,9571728
2022-02-04,137.0,137.45,133.9,134.2,7213085
2022-02-07,134.2,136.35,134.2,135.15,10562489
2022-02-08,135.45,135.65,132.8,135.0,8721631
2022-02-09,135.3,135.6,133.85,135.05,5144026
2022-02-10,135.15,136.85,134.3,136.45,6081460
2022-02-11,134.45,137.7,134.45,137.15,8426925
2022-02-14,134.7,136.45,131.8,132.5,7705072
2022-02-15,132.1,135.8,130.65,135.35,12674466
2022-02-16,134.9,136.7,132.85,133.2,12946623
2022-02-17,134.5,134.9,132.45,132.75,5811964
2022-02-18,132.75,134.1,131.9,132.35,6760078
2022-02-21,132.4,134.15,131.15,131.95,12212740
2022-02-22,131.05,132.5,127.9,132.1,13578566
2022-02-23,132.0,133.45,129.85,130.2,9263264
2022-02-25,125.0,131.0,125.0,130.35,10424521
2022-02-28,128.95,133.95,128.8,133.5,13262687
2022-03-02,132.8,135.0,130.45,130.95,12587947
2022-03-03,132.1,133.45,130.25,132.1,15628119
2022-03-04,132.0,133.35,129.75,130.2,15883138
2022-03-08,130.5,135.8,130.5,133.75,28572640
2022-03-09,133.95,133.95,131.1,131.5,14286413
2022-03-10,132.9,135.0,131.95,132.95,13101323
2022-03-11,132.9,133.4,131.5,131.95,8669803
2022-03-14,131.95,132.9,130.75,132.15,5670284
2022-03-15,131.3,132.95,130.65,131.05,6895190
2022-03-16,132.4,133.0,131.55,132.75,5561866
2022-03-17,133.5,134.3,131.9,132.9,13995384
2022-03-21,132.9,133.4,131.7,132.9,9172207
2022-03-22,133.3,134.15,131.75,132.85,10343712
2022-03-23,132.9,133.75,132.2,133.45,11892811
2022-03-24,133.5,135.7,133.35,135.4,11276181
2022-03-25,136.0,136.15,134.2,134.75,7266868
2022-03-28,135.5,135.5,133.8,134.8,7778682
2022-03-29,135.0,135.3,133.9,134.35,5116935
2022-03-30,135.0,135.95,133.45,135.3,24047012
2022-03-31,134.3,135.6,134.3,135.0,11615450
2022-04-01,138.0,143.45,136.8,142.95,32589741
2022-04-04,141.85,146.0,141.5,144.3,15437496
2022-04-05,145.4,150.6,144.75,149.1,23958626
2022-04-06,150.35,155.3,148.3,153.0,52737388
2022-04-07,152.95,158.0,152.2,153.5,37738903
2022-04-08,154.9,154.9,151.2,152.05,17585569
2022-04-11,152.45,154.6,151.85,153.1,15583159
2022-04-12,152.7,153.6,150.85,152.6,11306524
2022-04-13,153.05,156.2,152.75,153.95,19454061
2022-04-18,154.9,163.75,154.5,163.2,82098517
2022-04-19,164.9,166.35,159.5,160.65,38522118
2022-04-20,162.15,163.2,159.0,160.5,20047692
2022-04-21,161.6,163.4,160.35,162.7,21966151
2022-04-22,161.25,163.0,159.85,160.45,9922564
2022-04-25,158.6,160.9,155.4,156.1,12008027
2022-04-26,157.6,158.45,156.0,157.0,11735823
2022-04-27,156.8,159.6,155.2,155.65,17873048
2022-04-28,158.0,160.1,155.25,159.7,29123808
2022-04-29,160.4,161.0,155.7,156.2,28941216
2022-05-02,154.6,158.35,153.0,157.5,13368198
2022-05-05,159.6,160.75,157.0,158.4,33396072
2022-05-06,156.45,160.35,156.05,159.0,22604305
2022-05-09,158.95,159.8,155.95,159.0,22958742
2022-05-10,158.95,161.25,154.5,155.45,20322427
2022-05-11,154.05,156.95,150.05,152.55,13794764
2022-05-12,151.1,153.0,148.0,148.55,11818556
2022-05-13,150.0,150.0,143.5,144.15,22913410
2022-05-16,143.4,148.9,141.65,148.25,16286682
2022-05-17,147.5,150.75,146.3,150.5,13925542
2022-05-18,150.5,150.9,147.2,148.5,17611218
2022-05-19,147.5,148.55,145.75,148.0,11701170
2022-05-20,150.95,150.95,147.65,149.6,17841739
2022-05-23,154.4,155.35,148.4,150.15,26055890
2022-05-24,150.15,151.85,146.3,146.9,16581141
2022-05-25,148.4,153.15,147.4,152.65,19926619
2022-05-26,153.15,155.1,150.6,154.15,22698086
2022-05-27,155.0,155.0,149.5,150.45,10245727
2022-05-30,150.05,152.5,148.8,150.9,12513990
2022-05-31,151.1,158.0,150.35,156.0,124665699
2022-06-01,156.45,160.2,156.25,156.8,16084988
2022-06-02,155.5,159.3,154.25,159.05,17646975
2022-06-03,159.0,159.45,154.7,155.0,14063328
2022-06-06,155.8,158.65,154.6,155.2,18485464
2022-06-07,155.2,157.7,153.5,157.25,14911957
2022-06-08,156.1,159.75,156.1,157.05,16416591
2022-06-09,155.3,158.0,154.7,155.15,13821409
2022-06-10,154.1,156.6,154.0,155.25,7908849
2022-06-13,154.0,154.9,147.75,148.9,19208167
2022-06-14,148.9,152.45,148.9,151.4,17034328
2022-06-15,152.55,153.7,147.55,148.15,15172295
2022-06-16,150.1,150.15,142.0,142.95,18494040
2022-06-17,141.1,144.45,139.55,140.45,21387729
2022-06-20,140.45,141.4,135.0,137.25,16578770
2022-06-21,138.2,141.25,137.75,139.95,51398446
2022-06-22,139.95,139.95,136.55,137.65,8317317
2022-06-23,137.9,139.15,135.65,136.5,11257409
2022-06-24,137.9,137.9,134.95,136.6,21879039
2022-06-27,137.25,139.05,136.75,138.5,12872030
2022-06-28,138.5,139.3,137.15,138.6,14272044
2022-06-29,137.8,143.1,136.8,141.75,53487394
2022-06-30,142.3,143.95,141.15,142.9,19270932
2022-07-01,142.0,143.2,139.75,140.65,9592229
2022-07-04,139.35,142.2,139.35,141.4,17526429
2022-07-05,141.4,144.25,140.2,140.85,11370649
2022-07-06,141.5,142.0,136.1,138.95,15929985
2022-07-07,140.0,142.75,139.5,140.45,18144208
2022-07-08,141.0,144.2,141.0,143.7,15375888
2022-07-11,144.0,147.0,143.6,144.8,16779135
2022-07-13,147.75,149.35,147.5,148.6,13644449
2022-07-14,149.0,149.3,147.0,148.3,9775869
2022-07-15,148.45,150.15,148.15,149.75,11518139
2022-07-18,151.4,151.55,149.3,149.8,8286352
2022-07-19,149.8,151.2,149.25,150.75,6798359
2022-07-20,152.1,152.25,150.15,150.55,7271345
2022-07-21,151.0,151.25,150.0,150.85,7521568
2022-07-22,151.0,151.4,148.15,148.95,6800124
2022-07-25,149.2,150.45,147.35,150.1,7996687
2022-07-26,150.0,150.95,149.15,150.0,5774871
2022-07-27,149.55,150.55,149.05,149.7,5403197
2022-07-28,150.05,150.95,149.05,150.35,6030744
2022-07-29,150.95,154.45,150.45,152.95,11771461
2022-08-01,152.9,157.7,151.0,156.5,14221965
2022-08-02,157.1,160.1,156.55,159.55,18278835
2022-08-03,160.05,160.95,157.2,159.65,10147608
2022-08-04,159.7,160.5,153.05,154.7,15754128
2022-08-05,154.4,157.15,153.0,155.6,33864055
2022-08-10,156.9,157.15,155.0,155.75,14055597
2022-08-11,156.2,156.85,152.85,153.65,15810624
2022-08-12,153.7,159.0,152.6,158.5,17998843
2022-08-16,159.0,159.8,156.95,158.75,8309725
2022-08-17,159.0,163.65,159.0,161.45,19674110
2022-08-18,161.45,162.65,159.9,160.8,9585888
2022-08-19,161.05,161.65,157.15,157.75,9599472
2022-08-22,157.3,158.95,156.0,156.5,11400211
2022-08-23,156.45,159.2,155.65,158.65,14362373
2022-08-24,158.9,163.0,158.0,160.8,20602844
2022-08-25,161.35,161.95,158.45,158.9,12889454
2022-08-26,159.0,164.7,158.9,163.4,30724938
2022-08-29,161.8,163.4,160.7,160.95,10928330
2022-08-30,161.8,165.45,161.55,164.0,24663153
2022-09-01,161.5,164.25,160.3,160.7,14554158
2022-09-02,163.0,166.4,161.25,161.8,25106698
2022-09-05,162.6,165.1,162.2,164.5,15226001
2022-09-06,165.8,168.85,164.8,168.45,27866331
2022-09-07,168.5,170.15,166.65,167.3,19415892
2022-09-08,168.0,169.2,165.95,166.8,11595205
2022-09-09,167.65,169.35,165.95,166.6,16415150
2022-09-13,166.95,168.95,165.65,167.4,15644741
2022-09-14,165.0,173.05,165.0,172.35,38751148
2022-09-15,174.4,176.15,172.65,175.1,29483891
2022-09-16,173.95,174.7,171.3,172.8,26126152
2022-09-19,173.5,174.1,170.55,171.0,13304030
2022-09-20,171.9,173.15,170.9,171.9,15395199
2022-09-21,171.0,172.05,168.15,168.6,7370283
2022-09-22,167.0,169.65,166.85,168.65,7447846
2022-09-23,167.15,168.5,162.65,163.95,12264388
2022-09-26,162.45,163.85,156.6,158.6,21951865
2022-09-27,159.4,161.65,157.5,159.0,8367800
2022-09-28,157.8,159.45,155.0,157.95,14261815
2022-09-29,158.75,161.7,158.0,159.55,17623352
2022-09-30,160.0,161.55,157.4,159.65,12015533
2022-10-03,159.85,164.1,158.95,160.35,10528629
2022-10-04,161.95,164.0,161.35,162.55,9013773
2022-10-06,164.25,165.1,162.4,162.9,6456408
2022-10-07,163.1,164.85,161.35,164.3,8825983
2022-10-10,162.7,165.6,161.85,163.95,10484521
2022-10-11,164.4,164.4,160.3,161.05,13805741
2022-10-12,161.9,165.3,161.15,165.0,12496248
2022-10-13,164.85,166.8,164.25,164.75,9447511
2022-10-14,166.25,167.5,164.85,165.1,9588164
2022-10-17,165.1,169.05,164.0,168.45,13426449
2022-10-18,168.95,169.45,166.4,166.95,20635735
2022-10-19,166.5,168.1,163.85,164.05,6947654
2022-10-20,164.0,167.9,161.5,166.95,12020720
2022-10-21,167.5,168.45,164.5,165.05,7414335
2022-10-25,167.45,169.7,165.45,169.35,8131380
2022-10-27,169.9,171.5,167.55,170.65,16225577
2022-10-28,170.65,174.7,169.9,174.05,16185760
2022-10-31,169.9,174.0,169.05,173.1,24233760
2022-11-01,174.0,182.95,173.5,181.8,41101936
2022-11-02,181.9,182.7,180.0,180.95,22146420
2022-11-03,179.35,181.85,177.25,178.15,16719953
2022-11-04,179.05,179.5,176.35,176.95,14881752
2022-11-07,177.85,179.5,174.85,175.85,12799401
2022-11-09,177.75,177.75,172.25,173.4,14929008
2022-11-10,173.5,174.2,170.55,172.1,10668583
2022-11-11,173.0,173.6,169.65,171.45,16963169
2022-11-14,172.35,173.4,171.1,171.45,10224241
2022-11-16,172.1,172.95,169.15,169.95,9781274
2022-11-17,169.95,170.8,167.5,168.3,12778124
2022-11-18,168.55,169.05,165.1,165.85,11134908
2022-11-21,165.0,166.2,164.15,164.4,12788632
2022-11-22,165.25,167.5,164.85,167.05,15198091
2022-11-23,167.85,168.25,166.25,168.05,12004998
2022-11-24,168.7,170.0,167.6,169.5,10986350
2022-11-25,170.25,171.25,168.6,169.75,12358833
2022-11-28,170.0,171.9,169.4,170.4,5471921
2022-11-29,171.0,171.6,169.05,170.15,7693168
2022-11-30,170.1,172.85,169.75,172.2,9133076
2022-12-01,173.5,173.65,170.85,172.2,9214914
2022-12-02,172.4,172.85,171.15,172.15,6376672
2022-12-05,173.05,175.65,171.4,175.15,9861212
2022-12-06,175.6,176.0,173.85,175.2,7008295
2022-12-07,174.1,175.0,171.3,171.85,7718718
2022-12-08,171.85,172.45,170.0,170.35,4225180
2022-12-09,171.2,171.75,168.0,169.5,6174919
2022-12-12,170.0,170.0,167.55,168.9,7153044
2022-12-13,169.75,170.0,168.05,169.2,5166993
2022-12-14,169.95,173.7,169.45,171.6,8562333
2022-12-15,172.0,174.05,171.7,172.1,10644546
2022-12-16,171.9,173.1,169.05,169.8,9433166
2022-12-19,169.8,172.25,169.5,171.8,7706855
2022-12-20,171.15,171.45,168.55,169.75,7387632
2022-12-21,170.0,171.05,166.6,167.95,8454254
2022-12-22,168.5,168.65,164.55,165.9,6979001
2022-12-23,164.3,166.35,162.35,163.0,5313321
2022-12-26,162.0,167.75,161.9,165.65,8321609
2022-12-27,167.0,168.2,164.55,165.2,9244387
2022-12-28,165.0,167.6,164.8,165.85,9652984
2022-12-29,165.0,167.4,164.0,166.75,19571340
2022-12-30,166.75,167.8,166.0,166.45,8626291
2023-01-03,168.0,169.2,166.8,167.6,9629995
2023-01-04,167.85,168.5,164.7,166.6,11995082
2023-01-05,168.0,170.35,167.15,169.9,18887530
2023-01-06,170.45,172.15,168.55,169.0,13216749
2023-01-09,170.25,171.0,169.45,170.4,6012344
2023-01-10,170.4,170.7,167.15,167.95,7557693
2023-01-11,168.45,168.8,165.5,166.05,8463293
2023-01-13,166.2,168.15,165.5,167.8,5090393
2023-01-16,168.65,168.65,164.65,165.95,10321015
2023-01-17,166.6,168.2,165.8,167.7,13015434
2023-01-18,167.5,169.7,167.1,169.45,5536057
2023-01-19,170.4,170.4,167.3,168.7,6812613
2023-01-20,169.9,169.9,167.65,168.7,8545359
2023-01-23,169.4,169.5,166.0,166.85,7787735
2023-01-24,167.2,167.55,165.4,166.05,7033092
2023-01-25,166.0,166.6,164.4,165.9,9257370
2023-01-27,166.25,167.05,164.0,166.3,13756671
2023-01-30,167.6,172.25,167.1,168.85,30768122
2023-01-31,169.85,172.65,167.35,171.15,24990701
2023-02-01,172.25,173.8,167.2,170.0,13878016
2023-02-02,170.0,170.85,165.5,166.9,19898080
2023-02-03,164.5,166.45,162.55,165.55,11730514
2023-02-07,166.5,167.7,164.3,165.25,8699758
2023-02-08,165.6,165.75,164.1,165.5,8839686
2023-02-09,165.95,166.65,164.65,166.0,5507650
2023-02-10,165.1,165.8,164.1,165.0,9468345
2023-02-13,165.1,168.2,164.8,167.85,9829152
2023-02-14,168.5,168.5,164.85,166.05,12916373
2023-02-15,166.0,166.5,164.2,165.8,11855678
2023-02-16,166.0,167.7,165.6,167.4,7923121
2023-02-17,167.0,169.65,166.45,168.05,10182025
2023-02-20,167.7,170.0,167.25,167.9,6679716
2023-02-21,169.05,174.25,169.05,173.25,26883881
2023-02-22,172.95,173.2,168.5,170.5,12225021
2023-02-23,170.95,171.65,169.0,169.6,11184381
2023-02-24,170.25,171.2,169.4,171.0,8338893
2023-02-27,171.15,173.5,170.5,172.4,17669762
2023-02-28,172.8,173.0,169.85,170.5,19044910
2023-03-01,170.95,173.05,169.95,172.25,9318790
2023-03-02,172.2,172.2,170.25,170.8,7725981
2023-03-03,172.0,175.0,171.5,172.6,12962719
2023-03-06,172.9,177.5,172.7,176.8,12402804
2023-03-08,175.7,179.15,175.45,178.85,22099710
2023-03-09,178.4,182.2,178.0,179.45,18874546
2023-03-10,178.0,181.0,177.8,180.75,12399692
2023-03-13,181.3,181.55,179.45,179.7,13669178
2023-03-14,178.65,181.0,177.2,177.9,9217542
2023-03-15,179.45,179.55,177.75,178.2,8548173
2023-03-16,178.2,180.0,176.95,179.6,9405016
2023-03-17,181.7,181.7,175.9,176.95,47276890
2023-03-20,177.55,177.55,174.95,176.0,5627841
2023-03-21,176.85,177.55,175.3,177.1,12894327
2023-03-22,177.8,177.8,173.8,174.35,7893205
2023-03-23,174.05,175.85,173.7,174.6,5759884
2023-03-24,175.2,175.2,172.35,172.7,4977283
2023-03-27,172.65,173.95,170.7,171.25,12077986
2023-03-28,171.35,173.0,170.5,172.0,8750986
2023-03-29,172.65,175.4,171.7,174.0,20272070
2023-03-31,174.8,177.25,174.6,175.1,8125121
2023-04-03,175.6,178.1,175.45,177.8,9098662
2023-04-05,178.3,178.3,175.15,175.9,10829323
2023-04-06,176.4,176.6,174.85,175.2,7159274
2023-04-10,175.85,178.0,175.2,177.6,10968456
2023-04-11,178.1,179.75,176.55,178.1,9208605
2023-04-12,178.0,178.3,175.3,175.8,7591360
2023-04-13,176.0,176.1,172.3,173.05,9944382
2023-04-17,172.35,173.95,169.25,169.6,17401126
2023-04-18,170.0,170.75,169.0,170.1,16199789
2023-04-19,168.75,169.95,166.8,167.1,16314641
2023-04-20,167.1,170.2,166.8,169.7,15498083
2023-04-21,169.65,169.95,168.4,169.7,6672391
2023-04-24,168.5,171.25,168.2,170.95,8088991
2023-04-25,171.3,172.45,170.35,171.1,9175412
2023-04-26,171.1,171.7,169.5,169.85,9032416
2023-04-27,170.0,171.35,168.8,170.95,9054900
2023-04-28,171.9,172.5,169.6,172.0,21552892
2023-05-02,172.65,176.0,172.55,175.6,8893428
2023-05-03,175.6,178.65,175.1,176.35,11194149
2023-05-04,176.45,177.45,174.8,176.35,4671155
2023-05-05,176.35,176.4,173.0,174.25,5958697
2023-05-08,174.8,177.55,174.5,177.05,6287186
2023-05-09,177.2,178.65,175.2,176.0,7918748
2023-05-10,176.0,177.35,174.95,177.05,6231734
2023-05-12,179.1,179.25,174.5,174.95,8920297
2023-05-15,174.0,176.75,173.85,175.95,7980565
2023-05-16,176.9,178.0,175.5,177.45,7874923
2023-05-17,177.45,177.85,175.05,176.0,6639494
2023-05-18,177.0,177.7,174.65,175.1,6921939
2023-05-19,175.0,175.35,172.95,173.3,6657753
2023-05-22,173.3,177.05,173.15,174.1,13339834
2023-05-23,174.95,175.65,172.8,174.15,8359389
2023-05-24,174.0,175.3,173.45,174.95,8507023
2023-05-25,174.95,175.55,173.4,174.5,7986243
2023-05-26,175.0,177.25,174.1,174.5,6926193
2023-05-29,174.95,177.8,174.8,176.3,9943211
2023-05-30,177.0,178.0,175.6,176.8,9727639
2023-05-31,177.0,177.0,171.95,173.85,41785992
2023-06-01,173.6,174.7,171.85,174.4,11602551
2023-06-02,175.9,175.9,173.4,174.55,7262018
2023-06-05,175.8,176.2,173.55,174.1,12239684
2023-06-06,174.5,175.75,173.55,175.4,4889564
2023-06-07,175.95,178.0,175.4,177.35,6270083
2023-06-08,178.75,184.35,178.1,182.05,27382635
2023-06-09,184.0,184.25,180.55,182.8,10235269
2023-06-12,182.8,186.45,182.65,185.7,17450400
2023-06-13,186.0,186.65,185.0,185.35,8332566
2023-06-14,185.35,188.4,185.35,187.2,15061573
2023-06-15,187.0,187.3,185.35,186.7,9840499
2023-06-16,186.9,188.7,186.05,188.2,8562558
2023-06-19,188.2,188.2,185.2,185.85,5363723
2023-06-20,186.0,188.0,184.55,187.5,6035600
2023-06-21,187.5,188.7,186.5,187.5,5906854
2023-06-22,187.5,187.95,183.35,184.5,6683123
2023-06-23,184.55,187.5,183.75,186.7,15255365
2023-06-26,187.4,187.4,184.45,184.9,7231775
2023-06-27,184.9,186.95,184.8,186.05,6787438
2023-06-28,186.05,190.6,185.3,189.1,32476741
2023-06-30,188.1,191.65,188.0,189.15,9579059
2023-07-03,190.0,192.6,188.7,191.25,7352149
2023-07-04,191.1,194.8,189.0,194.05,13258826
2023-07-05,194.0,194.75,192.35,193.4,6558910
2023-07-06,193.5,197.15,192.75,196.75,16276609
2023-07-07,196.75,197.75,192.15,192.6,12652336
2023-07-10,192.65,193.35,189.8,191.55,10238356
2023-07-11,192.65,192.95,190.8,192.4,11236383
2023-07-12,193.75,194.75,190.25,190.8,9191559
2023-07-13,191.8,191.8,186.95,187.9,10612659
2023-07-14,187.95,188.35,184.75,187.45,12369394
2023-07-17,188.45,188.95,185.8,186.5,9058800
2023-07-18,187.0,189.15,186.3,187.35,7177677
2023-07-19,191.0,196.6,190.2,192.55,31761232
2023-07-20,192.7,194.25,191.85,192.9,8936996
2023-07-21,192.8,196.35,192.1,195.1,11031250
2023-07-24,195.5,197.0,192.95,195.9,9981788
2023-07-25,196.5,201.35,195.9,200.65,18028061
2023-07-26,201.5,202.15,200.0,201.6,13857423
2023-07-27,201.75,203.0,200.6,201.95,16013422
2023-07-28,201.85,210.45,199.5,210.0,39630520
2023-07-31,212.2,218.95,209.65,218.35,43494779
2023-08-01,219.55,226.65,218.85,225.15,63510580
2023-08-02,225.05,225.15,216.85,219.1,22647784
2023-08-03,219.1,223.6,217.95,220.1,29868065
2023-08-04,221.7,222.2,217.6,217.95,12879897
2023-08-07,219.7,221.35,217.65,217.95,12929354
2023-08-08,220.3,220.4,214.0,217.55,15314866
2023-08-09,218.45,219.7,216.45,218.7,12554174
2023-08-10,219.2,220.85,216.5,217.4,10970619
2023-08-11,214.9,216.5,212.65,213.0,7970536
2023-08-14,213.3,214.0,211.8,213.0,9283695
2023-08-16,212.95,217.95,212.05,217.45,9687712
2023-08-17,219.45,219.8,215.15,215.75,11865239
2023-08-18,215.8,216.65,213.3,215.15,14101163
2023-08-21,217.2,219.55,215.7,218.8,13336739
2023-08-22,219.25,222.3,218.85,221.7,16930149
2023-08-23,222.9,222.9,221.05,221.7,13507905
2023-08-24,222.0,222.4,219.65,220.85,11182959
2023-08-25,221.85,221.85,217.2,217.9,7413549
2023-08-28,217.9,219.3,217.2,218.7,4851793
2023-08-29,219.2,221.75,218.25,221.1,8799235
2023-08-30,222.0,222.0,219.75,220.4,5490930
2023-08-31,221.65,221.65,218.75,220.3,18532999
2023-09-01,217.85,231.65,216.15,230.7,29859815
2023-09-04,233.7,236.5,230.5,235.8,21895573
2023-09-06,235.5,235.85,228.4,231.9,14623019
2023-09-07,233.0,238.0,229.35,234.1,30334731
2023-09-08,236.0,243.6,235.0,240.25,28856420
2023-09-11,243.6,243.9,238.15,243.1,22493483
2023-09-12,244.2,244.95,234.1,235.1,21174310
2023-09-13,236.1,238.45,233.15,237.15,9151928
2023-09-14,237.95,239.2,235.95,237.95,7568464
2023-09-15,235.6,239.3,235.6,236.2,14098284
2023-09-18,237.0,242.15,236.05,241.2,11163399
2023-09-20,241.5,246.0,240.35,241.75,18936709
2023-09-21,240.05,242.9,237.1,238.95,10134737
2023-09-22,238.6,239.3,236.0,237.95,7209300
2023-09-25,239.15,240.25,237.15,239.65,8027642
2023-09-26,239.75,243.2,239.05,240.2,10681642
2023-09-27,239.9,240.5,237.85,239.3,9679279
2023-09-28,239.6,241.2,235.65,237.05,32887087
2023-09-29,239.55,251.5,239.5,245.55,35038887
2023-10-03,244.35,246.7,240.55,241.2,14885044
2023-10-04,241.0,241.0,231.5,235.15,25424437
2023-10-05,237.25,237.4,232.05,233.85,22472389
2023-10-06,234.25,237.5,233.65,235.55,8825123
2023-10-09,233.85,236.3,230.5,234.7,10659145
2023-10-10,234.9,236.85,233.75,235.9,11665907
2023-10-11,236.25,239.7,236.0,238.7,14313043
2023-10-12,238.95,242.75,238.6,241.6,13170027
2023-10-13,240.55,243.8,239.6,242.05,11880728
2023-10-16,242.85,245.0,241.0,243.45,6936948
2023-10-17,244.85,247.2,243.3,245.95,10084205
2023-10-18,245.9,246.8,241.6,242.0,6987265
2023-10-19,240.2,241.8,238.5,239.5,11485237
2023-10-20,238.95,242.15,237.55,241.0,9040953
2023-10-23,240.8,240.9,235.0,236.55,7058625
2023-10-25,236.0,236.3,228.35,232.05,23949207
2023-10-26,230.85,233.3,227.75,231.65,17410264
2023-10-30,237.45,238.4,230.65,234.6,8812268
2023-10-31,234.5,237.2,233.55,235.8,6583581
2023-11-01,236.7,236.7,232.1,232.6,6718059
2023-11-02,234.2,235.7,233.75,235.25,6057787
2023-11-03,233.3,235.25,233.3,234.35,6825146
2023-11-06,235.35,237.2,234.55,235.85,5338605
2023-11-08,239.85,240.9,235.95,236.7,9777991
2023-11-09,237.2,239.7,236.0,237.95,13987058
2023-11-10,237.85,243.25,235.8,242.75,9589671
2023-11-13,244.95,250.6,243.3,245.7,18792969
2023-11-15,248.95,248.95,245.95,247.3,10965645
2023-11-16,248.8,254.25,247.65,252.35,22145147
2023-11-17,253.0,253.1,251.0,251.6,5618928
2023-11-20,251.0,255.4,250.3,251.05,6283832
2023-11-21,252.6,252.8,247.3,250.0,6851869
2023-11-22,250.8,254.0,249.35,253.65,5275418
2023-11-23,254.0,255.7,251.7,252.75,8200025
2023-11-24,253.3,256.85,253.0,253.9,7149443
2023-11-28,254.85,258.3,253.65,257.55,6151585
2023-11-29,259.55,259.55,256.1,258.4,8637363
2023-11-30,257.95,261.65,256.0,261.3,21687673
2023-12-01,262.35,275.45,261.75,268.95,29121320
2023-12-04,276.0,279.0,273.25,274.8,20464526
2023-12-05,275.2,286.55,272.8,285.45,18883076
2023-12-06,288.0,288.25,278.95,281.1,13415314
2023-12-07,281.85,288.25,281.3,283.8,25133786
2023-12-08,286.45,291.9,281.0,285.05,20815064
2023-12-11,286.05,288.5,284.4,287.3,8071675
2023-12-12,287.45,288.6,280.85,283.4,8640883
2023-12-13,284.75,294.9,284.5,294.05,23629670
2023-12-14,297.75,298.5,293.6,295.4,24900443
2023-12-15,298.0,307.0,295.0,305.1,28843558
2023-12-18,306.0,306.55,301.75,303.2,13307504
2023-12-19,305.0,312.5,302.5,309.65,15650536
2023-12-20,312.5,313.35,295.15,297.65,23497233
2023-12-21,295.8,303.15,293.2,301.95,17868637
2023-12-22,304.0,308.95,299.6,302.8,15207726
2023-12-26,306.45,310.7,304.6,309.6,9917180
2023-12-27,311.6,312.25,303.55,306.05,12630732
2023-12-28,309.1,315.5,307.75,313.9,37591916
2023-12-29,314.35,314.35,308.15,311.15,12682889
2024-01-01,312.0,313.3,307.8,309.75,8024960
2024-01-02,310.8,310.8,302.05,306.0,13506040
2024-01-03,307.2,308.0,303.3,306.2,14259987
2024-01-04,310.9,321.75,308.6,317.1,40057506
2024-01-05,322.9,325.65,312.7,314.95,27456415
2024-01-08,316.45,318.35,312.6,316.45,10136462
2024-01-09,317.85,321.45,316.05,319.75,12229517
2024-01-10,319.65,319.75,308.0,313.35,14455000
2024-01-11,314.95,317.3,312.35,312.9,10316319
2024-01-12,315.2,315.3,309.7,312.65,12341629
2024-01-15,314.9,318.0,309.6,317.3,9706124
2024-01-16,317.25,317.25,310.15,311.5,10162832
2024-01-17,309.75,314.1,307.1,309.3,13502940
2024-01-18,308.95,311.3,296.55,299.3,32481018
2024-01-19,303.8,309.45,301.7,308.45,28651237
2024-01-20,309.95,314.85,306.25,308.2,10652125
2024-01-23,313.45,315.3,300.3,302.6,21652362
2024-01-24,302.95,310.7,298.25,308.85,23922028
2024-01-25,310.0,317.2,309.2,314.75,32525422
2024-01-29,317.8,325.75,316.15,324.55,24694773
2024-01-30,321.85,323.95,314.5,315.45,20918448
2024-01-31,318.55,320.0,312.6,317.5,20931224
2024-02-01,320.05,326.95,317.1,322.0,24020951
2024-02-02,324.0,333.7,323.1,332.5,32346639
2024-02-05,338.0,341.05,333.05,336.1,19651482
2024-02-06,336.0,336.0,329.0,334.2,12024661
2024-02-07,337.9,337.9,329.65,330.7,8080437
2024-02-08,333.95,335.25,328.0,330.9,17754869
2024-02-09,332.95,335.0,319.6,324.9,18304439
2024-02-12,326.15,326.7,314.5,316.15,11714289
2024-02-13,318.55,323.95,315.9,321.55,15426888
2024-02-14,320.9,329.35,318.35,328.0,14085723
2024-02-15,331.0,340.9,330.15,339.25,21973316
2024-02-16,341.9,342.95,336.8,337.75,20307449
2024-02-19,340.4,341.9,337.5,338.75,8496898
2024-02-20,340.6,346.5,337.8,345.7,19340526
2024-02-21,347.0,348.05,334.7,336.1,17751633
2024-02-22,339.0,340.25,330.6,339.55,16083122
2024-02-23,340.0,340.0,334.85,337.75,9665454
2024-02-26,338.0,338.5,334.55,337.6,7711995
2024-02-27,336.1,338.0,334.1,336.1,8882923
2024-02-28,335.7,336.5,331.8,333.3,12977628
2024-02-29,333.3,336.0,330.6,335.6,13149469
2024-03-01,335.6,344.35,335.0,343.5,13027254
2024-03-04,348.0,358.3,345.75,353.85,38075510
2024-03-05,354.9,359.95,353.55,358.25,15918221
2024-03-06,359.45,359.45,345.0,351.95,13120921
2024-03-07,352.0,353.9,349.7,352.2,9172926
2024-03-11,352.25,353.15,346.7,347.95,10664917
2024-03-12,348.0,349.45,342.55,344.75,9637912
2024-03-13,343.85,344.5,319.5,322.5,23722232
2024-03-14,321.05,326.95,316.5,321.85,20859127
2024-03-15,322.65,326.05,305.75,316.3,43285007
2024-03-18,317.1,322.9,314.95,317.15,13690352
2024-03-19,314.3,317.9,310.1,313.45,13388060
2024-03-20,316.0,317.45,308.3,313.65,10026655
2024-03-21,317.25,326.35,317.0,325.0,23370426
2024-03-22,324.5,327.25,321.15,324.75,14709219
2024-03-27,332.0,334.1,326.3,331.6,45209520
2024-03-28,331.9,340.0,330.3,335.8,19868037
2024-04-01,339.0,344.4,336.15,342.35,8580656
2024-04-02,343.0,345.6,340.75,344.8,9745257
2024-04-03,344.35,354.1,342.0,351.25,21679943
2024-04-04,355.0,362.7,352.65,354.65,28962927
2024-04-05,356.4,358.2,351.55,354.55,11208130
2024-04-08,355.6,366.0,353.25,363.5,11447140
2024-04-09,365.0,366.9,360.35,362.9,10010148
2024-04-10,364.1,368.35,361.35,362.5,12886638
2024-04-12,362.5,374.5,361.0,361.75,30924494
2024-04-15,355.5,366.0,352.8,361.15,18126999
2024-04-16,361.0,361.95,354.6,359.25,15328939
2024-04-18,359.55,361.25,349.2,351.15,22966560
2024-04-19,343.1,352.4,343.0,350.55,12867942
2024-04-22,355.0,355.0,341.9,342.9,37382916
2024-04-23,346.0,348.65,344.0,347.15,14651106
2024-04-24,349.8,353.15,347.3,351.65,11132307
2024-04-25,351.0,360.6,349.1,359.2,19865014
2024-04-26,360.7,361.4,355.0,356.0,10986589
2024-04-29,359.7,363.65,356.95,363.0,13652173
2024-04-30,364.95,365.45,359.3,363.2,14566548
2024-05-02,363.2,372.6,363.2,369.05,27892188
2024-05-03,372.3,380.4,360.35,364.95,26844664
2024-05-06,367.8,368.85,354.4,356.8,15319437
2024-05-07,358.25,358.45,346.85,349.15,10028071
2024-05-08,345.2,358.5,345.2,355.45,9595776
2024-05-09,356.5,358.0,344.85,346.05,9043486
2024-05-10,347.65,356.35,347.55,355.5,11699095
2024-05-13,355.5,356.0,346.5,350.9,10691781
2024-05-14,350.55,357.25,350.3,355.8,10891985
2024-05-15,357.5,363.5,356.65,361.35,8538183
2024-05-16,363.85,363.85,353.05,361.45,13114162
2024-05-17,362.45,366.5,360.35,365.45,8509179
2024-05-18,367.95,368.0,365.0,366.3,1050300
2024-05-21,367.0,374.1,365.35,372.0,10939593
2024-05-22,375.0,377.35,370.6,373.85,14001806
2024-05-23,375.05,375.6,369.5,372.3,15370357
2024-05-24,373.0,378.15,368.7,374.95,13317821
2024-05-27,379.95,380.5,368.0,369.65,21891930
2024-05-28,372.6,373.25,364.1,365.4,10200096
2024-05-29,361.5,366.35,360.0,364.6,18146672
2024-05-30,364.0,364.8,357.15,359.7,14425073
2024-05-31,363.45,366.65,355.5,359.0,30515612
2024-06-03,385.0,393.2,373.45,391.8,39261174
2024-06-04,391.9,391.9,313.95,331.25,84042244
2024-06-05,340.0,342.25,315.3,341.0,46418629
2024-06-06,347.8,359.75,345.0,349.75,33171039
2024-06-07,352.0,362.0,347.7,360.6,23930193
2024-06-10,365.0,370.1,361.8,364.9,16072588
2024-06-11,368.75,371.95,364.9,367.4,11235777
2024-06-12,369.55,374.0,365.4,371.3,12134524
2024-06-13,376.4,376.4,367.95,369.95,11243702
2024-06-14,370.0,370.85,366.1,368.45,10298434
2024-06-18,371.8,372.25,368.7,369.65,10228382
2024-06-19,369.8,370.9,361.55,362.5,8337334
2024-06-20,362.5,364.9,357.05,357.65,14338604
2024-06-21,359.95,362.95,356.75,359.8,17931844
2024-06-24,357.6,364.65,355.55,362.75,9335598
2024-06-25,364.25,364.7,357.75,360.85,14983828
2024-06-26,363.0,366.9,359.65,365.05,15918394
2024-06-27,365.05,381.1,364.1,377.15,55378829
2024-06-28,377.95,389.5,376.7,378.35,25141039
2024-07-01,381.75,382.0,367.8,369.75,23389211
2024-07-02,372.6,372.6,365.15,370.4,13702830
2024-07-03,370.55,374.25,368.65,372.65,9207317
2024-07-04,373.9,380.85,371.75,372.95,14916930
2024-07-05,374.35,381.25,371.0,379.8,15946104
2024-07-08,380.85,381.25,376.15,377.45,8898299
2024-07-09,379.2,380.25,375.05,377.05,8355819
2024-07-10,378.8,383.8,370.0,381.4,17715196
2024-07-11,382.4,383.3,374.6,377.1,19873143
2024-07-12,378.95,379.4,372.0,377.15,16151583
2024-07-15,378.6,388.95,376.9,385.65,22951140
2024-07-16,386.65,388.75,380.0,380.45,11893034
2024-07-18,382.9,382.9,374.2,377.75,15709153
2024-07-19,377.75,378.0,362.9,364.65,13330099
2024-07-22,364.75,377.25,362.35,373.5,18715538
2024-07-23,376.7,385.65,361.55,382.45,49882257
2024-07-24,384.1,395.0,381.7,392.6,36868466
2024-07-25,390.95,396.3,386.25,392.15,25973101
2024-07-26,394.95,399.5,389.7,396.3,20381410
2024-07-29,404.0,408.3,392.65,393.9,27751449
2024-07-30,397.0,412.7,397.0,406.95,34447139
2024-07-31,409.5,417.4,408.55,416.0,29727771
2024-08-01,419.9,424.35,415.6,423.45,28803487
2024-08-02,416.25,426.3,413.35,419.7,24233263
2024-08-05,407.65,415.65,404.65,413.25,42489503
2024-08-06,413.25,424.95,413.25,415.0,18230579
2024-08-07,421.0,421.0,415.0,416.3,15556736
2024-08-08,416.35,417.0,405.8,407.7,16447385
2024-08-09,413.8,416.35,408.2,410.65,10954753
2024-08-12,410.0,410.0,400.1,400.85,26254763
2024-08-13,403.0,404.5,395.0,396.2,11355664
2024-08-14,398.9,400.0,393.65,396.35,9424614
2024-08-16,398.05,400.95,393.3,398.05,13844122
2024-08-19,402.3,407.5,401.45,403.1,10677045
2024-08-20,404.55,408.2,403.1,406.25,10126083
2024-08-21,407.5,409.7,405.2,408.95,9726854
2024-08-22,409.8,410.05,402.25,403.35,10445288
2024-08-23,403.35,405.9,399.55,401.95,11513586
2024-08-26,402.45,415.95,401.95,414.85,13772637
2024-08-27,415.5,416.2,409.1,409.65,8441188
2024-08-28,410.05,414.4,407.35,409.05,15884745
2024-08-29,409.05,412.6,403.75,409.9,19014705
2024-08-30,412.7,419.2,411.5,416.2,22633988
2024-09-02,417.8,419.1,407.7,410.0,11107165
2024-09-03,410.5,411.55,405.6,406.4,7538160
2024-09-04,400.0,408.25,399.9,405.1,11052003
2024-09-05,405.35,408.4,401.85,403.25,14246871
2024-09-06,403.25,404.65,392.7,394.8,17956121
2024-09-09,391.2,392.75,385.3,389.85,12293356
2024-09-10,390.1,399.4,389.75,396.3,15852309
2024-09-11,399.0,399.3,387.5,389.65,11492592
2024-09-12,391.0,406.25,390.65,404.85,24028069
2024-09-13,404.85,407.3,399.35,401.4,12017217
2024-09-17,411.85,417.65,410.1,416.3,14432501
2024-09-18,418.5,419.75,413.0,414.15,10303840
2024-09-19,424.0,431.85,420.55,423.95,59601773
2024-09-20,428.05,429.85,416.55,423.95,36084164
2024-09-23,427.5,430.5,425.0,428.35,14139629
2024-09-24,431.45,431.45,427.0,428.1,12539885
2024-09-25,428.1,437.0,425.65,436.1,19443168
2024-09-26,437.95,437.95,430.55,434.6,20041825
2024-09-27,436.0,442.5,433.5,436.9,53885913
2024-09-30,436.9,448.45,433.6,443.2,20903229
2024-10-01,446.0,447.75,438.8,440.1,15984996
2024-10-03,432.0,442.5,432.0,435.35,13563784
2024-10-04,432.9,439.35,426.3,430.45,18347292
2024-10-07,430.6,433.0,409.05,415.45,23431004
2024-10-08,414.0,427.7,411.3,420.95,18706355
2024-10-09,424.45,424.75,417.0,418.45,13916492
2024-10-10,420.7,429.9,420.5,422.7,15866037
2024-10-11,423.95,426.65,419.6,422.5,8639087
2024-10-14,424.6,426.0,420.0,424.5,8483177
2024-10-15,426.65,427.2,423.55,426.6,9365964
2024-10-16,425.3,429.4,421.25,424.25,6219440
2024-10-17,423.65,425.6,416.6,417.75,11968387
2024-10-18,417.7,425.95,414.45,424.95,8828971
2024-10-21,426.05,428.75,419.1,425.0,9139781
2024-10-22,422.85,426.3,413.45,415.75,14242323
2024-10-23,414.0,414.75,401.7,408.3,22522821
2024-10-24,409.25,415.25,406.8,411.9,9400171
2024-10-25,402.5,407.5,391.6,398.9,19642277
2024-10-28,398.9,406.5,397.8,403.9,11716022
2024-10-29,409.0,414.3,404.45,412.15,20284308
2024-10-30,414.15,414.8,405.8,408.5,12264297
2024-10-31,409.0,410.65,403.5,408.15,12204072
2024-11-04,413.85,414.3,393.7,400.95,13866505
2024-11-05,400.0,404.1,397.15,403.1,6665326
2024-11-06,406.7,410.8,403.15,408.9,9700643
2024-11-07,410.9,410.9,402.0,403.8,7589295
2024-11-08,403.15,404.2,395.55,397.65,7536509
2024-11-11,398.15,400.9,391.8,392.55,12243693
2024-11-12,393.15,394.8,379.05,380.3,10549517
2024-11-13,384.0,387.6,379.35,381.35,20602407
2024-11-14,380.05,385.2,371.35,372.5,15086601
2024-11-19,368.0,378.5,365.05,366.7,17055094
2024-11-21,363.7,364.35,354.8,356.15,21276150
2024-11-22,357.05,367.1,355.7,365.45,15949254
2024-11-25,374.0,377.2,367.5,368.4,18388844
2024-11-26,370.0,370.4,360.25,361.65,11222231
2024-11-27,363.8,371.6,361.35,369.3,14225274
2024-11-28,369.7,371.85,359.6,362.05,16837860
2024-11-29,363.25,365.4,360.2,363.65,14280017
2024-12-02,363.65,363.9,357.0,358.2,12510350
2024-12-03,359.0,370.0,358.2,367.45,14205760
2024-12-04,368.95,375.15,368.0,372.75,22035954
2024-12-05,372.75,373.95,364.4,369.15,18758283
2024-12-06,369.45,371.2,368.05,369.5,9736086
2024-12-09,370.9,373.3,367.75,369.85,10878679
2024-12-10,369.0,371.2,366.4,369.15,7913822
2024-12-11,369.25,370.75,364.7,365.5,9998662
2024-12-12,366.0,367.0,353.0,355.6,22538216
2024-12-13,355.75,358.3,348.05,357.15,14269143
2024-12-16,357.15,358.9,351.7,352.9,12168143
2024-12-17,352.0,353.85,347.25,349.05,15646176
2024-12-18,349.55,351.0,340.0,341.75,14672392
2024-12-19,337.0,340.6,335.05,337.4,14513129
2024-12-20,337.8,343.9,331.0,333.25,20375797
2024-12-23,335.9,338.25,330.5,333.65,8884187
2024-12-24,335.1,336.85,331.75,335.3,7755462
2024-12-26,335.3,337.4,332.25,334.65,9030212
2024-12-27,336.65,340.0,334.2,335.0,9090597
2024-12-30,335.0,336.8,327.4,331.4,36657549
2024-12-31,330.1,334.6,326.2,333.35,8580998
2025-01-02,333.65,338.6,330.0,338.0,16543382
2025-01-03,338.05,344.5,337.05,339.85,8689629
2025-01-06,341.7,341.7,326.45,327.5,10538077
2025-01-07,327.0,330.35,325.1,328.6,13891401
2025-01-08,330.5,330.5,321.85,325.4,8993608
2025-01-09,324.05,325.95,319.8,320.35,12403467
2025-01-10,320.35,321.0,307.6,308.25,15941143
2025-01-13,301.1,309.95,296.85,298.2,29630336
2025-01-14,300.45,312.7,300.2,310.4,22732888
2025-01-15,312.55,324.3,312.55,321.35,21894626
2025-01-16,324.7,327.3,321.65,325.5,14865186
2025-01-17,325.3,329.0,323.35,326.15,7129232
2025-01-20,326.2,337.0,324.55,336.05,17991880
2025-01-22,327.0,327.0,317.35,322.4,11068145
2025-01-23,321.0,325.1,319.55,323.65,6477347
2025-01-24,324.8,329.9,322.1,323.65,7492600
2025-01-27,323.65,325.05,315.0,322.2,13803855
2025-01-28,322.5,323.85,308.15,318.25,22008929
2025-01-29,320.0,322.9,313.3,321.25,16056888
2025-01-30,322.25,326.8,321.15,323.0,10375720
2025-01-31,322.45,326.25,317.55,324.0,13195557
2025-02-03,310.1,314.05,304.0,311.25,15881217
2025-02-04,314.85,320.45,310.3,319.1,12141064
2025-02-05,321.0,323.05,318.4,319.6,12226722
2025-02-06,322.6,322.7,311.4,312.8,13384442
2025-02-07,313.5,319.25,312.1,316.95,8937447
2025-02-10,316.5,316.85,309.0,310.5,6806132
2025-02-11,312.35,312.35,304.15,305.6,13241830
2025-02-12,306.2,307.5,300.0,306.25,7616083
2025-02-13,306.15,308.6,303.1,306.7,9086906
2025-02-14,306.85,308.25,298.35,300.35,7446248
2025-02-17,297.5,303.2,292.8,302.35,6464173
2025-02-18,301.15,312.4,297.5,311.2,15793327
2025-02-19,311.2,316.35,310.6,314.8,13079903
2025-02-20,312.55,327.15,311.5,325.15,22888146
2025-02-21,323.3,329.75,321.55,326.25,10809296
2025-02-24,322.1,325.4,319.45,320.1,6034113
2025-02-25,320.1,321.5,315.75,318.7,10686112
2025-02-27,315.35,319.3,314.5,315.7,7302366
2025-02-28,314.0,315.65,306.55,311.45,21127180
2025-03-03,311.3,317.8,307.7,314.4,9779703
2025-03-04,311.3,314.9,308.0,313.75,8734999
2025-03-05,313.55,327.3,313.5,326.2,10493615
2025-03-06,329.0,338.8,323.2,337.9,26294903
2025-03-07,335.85,338.75,328.7,329.55,8992315
2025-03-11,327.0,333.25,323.7,330.3,10299324
2025-03-12,331.0,334.8,326.4,330.15,6984859
2025-03-13,332.0,334.55,328.45,331.9,8965150
2025-03-17,332.95,334.5,330.5,331.65,4353562
2025-03-18,333.3,337.9,331.35,337.35,8580255
2025-03-19,339.0,343.9,336.35,341.3,30582397
2025-03-20,344.7,344.7,340.3,341.75,15002119
2025-03-21,342.0,353.85,341.75,351.3,36406837
2025-03-24,357.0,368.0,353.65,366.95,24588471
2025-03-25,369.0,371.45,364.15,366.95,23189083
2025-03-26,366.95,369.0,353.3,354.65,18668095
2025-03-27,353.9,364.45,351.0,360.65,37930538
2025-03-28,362.0,364.3,356.45,357.6,11327077
2025-04-01,352.35,362.9,350.85,352.15,18736320
2025-04-02,352.15,353.45,347.05,351.75,13593404
2025-04-03,351.75,361.35,351.75,358.9,10317410
2025-04-04,358.85,358.85,348.55,350.4,10872963
2025-04-07,328.0,351.4,324.0,349.8,18025165
2025-04-08,356.85,358.25,350.0,352.95,17506712
2025-04-09,354.0,354.8,348.2,349.35,7462119
2025-04-11,351.0,361.5,351.0,360.1,11246077
2025-04-15,367.0,368.45,361.55,362.5,17497327
2025-04-16,362.5,363.0,357.9,359.3,11541484
2025-04-17,359.25,365.45,357.25,364.0,12288196
2025-04-21,365.8,368.2,361.8,364.55,7375594
2025-04-22,367.05,367.05,359.7,360.25,12077119
2025-04-23,362.95,364.25,357.9,363.8,9719205
2025-04-24,363.75,366.45,361.6,363.2,7491123
2025-04-25,363.2,365.8,351.1,356.45,9785640
2025-04-28,353.7,362.9,353.7,361.5,5315840
2025-04-29,364.0,364.35,354.1,356.95,9472828
2025-04-30,357.0,361.0,352.0,354.55,16739088
2025-05-02,354.55,358.0,347.6,348.45,11165220
2025-05-05,351.0,352.0,345.55,348.6,9492646
2025-06-20,330.0,336.0,329.7,335.2,16592862
2025-06-23,333.7,335.7,330.35,332.6,8277787
2025-06-24,331.0,331.7,321.35,329.95,100814893
2025-06-25,331.5,333.7,329.4,330.85,17963666
2025-06-26,332.4,337.8,331.3,337.15,13754087
2025-06-27,338.95,341.3,334.45,338.3,50845169
2025-06-30,335.75,337.25,333.65,334.9,11858890
2025-07-01,335.25,335.25,332.15,332.6,8903292
2025-07-02,332.65,335.65,331.3,333.75,11326880
2025-07-03,334.6,336.35,331.0,334.6,15786429
2025-07-04,335.7,336.0,332.25,335.5,5899185
2025-07-07,335.5,339.0,333.75,337.45,9454556
2025-07-08,338.2,343.9,337.0,343.2,12092302
2025-07-09,343.25,345.6,342.8,344.0,9079872
2025-07-10,344.0,345.0,341.2,341.45,6426072
2025-07-11,340.5,344.0,339.5,342.7,17234194
2025-07-14,343.05,345.0,339.95,342.1,11516965
2025-07-15,343.15,344.1,340.95,342.0,8450777
2025-07-16,342.0,343.8,340.8,342.45,6001484
2025-07-17,344.2,344.5,342.0,342.65,7562006
2025-07-18,343.0,343.9,340.65,342.1,6370338
2025-07-21,342.1,342.8,339.3,341.55,4463318
2025-07-22,341.55,342.6,340.05,340.85,4728372
2025-07-23,341.8,344.0,340.95,343.05,5058422
2025-07-24,343.6,343.6,336.5,338.9,9098453
2025-07-25,338.9,339.9,332.55,333.2,7790739
2025-07-28,333.45,336.6,330.35,332.95,4605823
2025-07-29,332.0,335.5,328.5,334.6,7551356
2025-07-30,335.0,342.3,332.5,338.8,12537358
2025-07-31,336.05,340.1,333.0,334.25,8935384
2025-08-01,333.0,334.75,330.2,330.9,7107542
2025-08-04,330.9,333.3,327.2,332.0,8193399
2025-08-05,332.45,334.35,331.3,333.6,9855535
2025-08-07,332.1,332.45,328.65,329.75,8731389
2025-08-08,330.0,337.5,329.65,334.75,11247218
2025-08-11,335.0,339.1,333.95,336.15,11993280
2025-08-12,336.25,341.85,335.75,340.1,7221182
2025-08-13,340.3,343.0,339.15,339.95,5417151
2025-08-14,339.95,340.45,336.3,339.35,5689423
2025-08-18,341.45,341.8,335.45,336.05,6511340
2025-08-19,338.9,340.65,334.15,335.05,10316115
2025-08-20,337.8,343.4,336.5,342.0,10824544
2025-08-21,342.35,344.35,336.9,338.8,11135121
2025-08-22,338.5,338.9,335.5,337.0,8534844
2025-08-25,337.05,341.4,337.05,337.85,7142387
2025-08-26,336.15,337.4,331.75,333.2,13113388
2025-08-28,331.25,332.9,328.7,330.8,10486948
2025-08-29,331.0,331.5,327.0,327.55,11813425
2025-09-01,328.0,331.6,328.0,330.7,6897558
2025-09-02,331.1,338.25,331.1,336.3,9224639
2025-09-03,336.5,338.0,333.5,334.25,10778333
2025-09-04,333.5,334.9,329.3,330.05,7934237
2025-09-05,330.05,331.8,325.95,328.7,5678244
2025-09-08,328.75,330.95,326.35,326.7,5239184
2025-09-09,327.6,328.15,323.65,324.1,9735495
2025-09-10,325.5,328.05,325.15,325.65,6509477
2025-09-11,326.45,333.5,326.0,331.05,10309925
2025-09-12,332.0,333.5,328.4,331.7,5257048
2025-09-15,331.0,333.8,330.65,331.1,6566824
2025-09-16,331.2,335.8,331.2,335.05,8784889
2025-09-17,335.5,337.45,334.55,336.4,7936518
2025-09-18,337.0,337.6,334.1,336.95,6497322
2025-09-19,336.95,339.5,336.45,338.65,10646331
2025-09-22,339.15,340.35,336.85,339.2,6966213
2025-09-23,339.45,344.1,338.1,343.0,10738268
2025-09-24,343.3,350.4,342.25,347.6,14653575
2025-09-25,349.3,350.8,340.0,340.5,13228081
2025-09-26,340.5,340.75,336.45,337.9,6337702
2025-09-29,339.1,343.75,338.0,340.95,16922231
2025-09-30,341.1,343.05,339.15,340.45,8308029
2025-10-01,340.3,343.05,338.05,340.25,6022078
2025-10-03,340.25,343.5,338.75,342.0,8506827
2025-10-06,340.6,341.8,335.65,339.1,8436245
2025-10-07,339.1,341.4,336.85,338.0,16130172
2025-10-08,339.25,339.25,332.3,333.8,13223442
2025-10-09,333.8,336.4,331.2,335.85,6824759
2025-10-10,336.0,341.95,335.95,339.7,8970962
2025-10-13,337.95,342.1,336.2,341.7,6663149
2025-10-14,342.0,343.0,335.2,336.65,7545848
2025-10-15,336.95,341.75,336.75,339.25,8121744
2025-10-16,340.2,342.6,339.65,341.5,6788416
2025-10-17,341.5,344.2,340.15,341.0,7032129
2025-10-20,341.4,344.45,340.3,341.95,6896835
2025-10-21,342.95,343.5,341.05,342.0,346988
2025-10-23,343.8,345.2,341.05,342.65,8710859
2025-10-24,342.45,343.25,338.15,339.6,7584711
2025-10-27,340.7,342.9,340.45,341.75,6752390
2025-10-28,342.4,342.9,337.3,339.15,13186584
2025-10-29,339.25,350.0,339.15,347.5,15423201
2025-10-30,349.0,349.0,343.45,345.15,6721032
2025-10-31,345.0,345.0,335.6,336.95,18651312
2025-11-03,336.85,337.5,333.4,335.2,10242245
2025-11-04,335.4,336.0,329.7,330.6,11887651
2025-11-06,332.05,332.95,324.6,326.65,11587302
2025-11-07,324.4,327.1,320.85,326.1,8578167
2025-11-10,326.1,328.25,324.0,325.45,5246998
2025-11-11,325.95,327.45,322.85,326.65,6103758
2025-11-12,327.5,328.25,325.55,327.15,6850550
2025-11-13,327.15,329.95,325.55,326.95,7276001
2025-11-14,327.0,329.9,326.2,328.45,9169855
2025-11-17,329.0,331.45,328.55,330.2,6283156
2025-11-18,329.05,329.75,327.15,328.45,6776200
2025-11-19,328.95,328.95,325.05,326.6,6935056
2025-11-20,328.0,330.0,326.2,326.6,5155775
2025-11-21,326.85,328.4,325.0,326.65,6142545
2025-11-24,326.7,327.1,322.05,323.45,13719726
2025-11-25,323.45,325.6,322.5,323.7,8074651
2025-11-26,324.3,327.8,324.0,326.1,7101095
2025-11-27,327.15,328.75,325.0,327.35,6755179
2025-11-28,328.0,328.15,324.25,326.45,8930988
2025-12-01,327.1,328.25,325.45,327.1,6936186
2025-12-02,327.45,329.95,326.75,328.6,5806943
2025-12-03,329.0,329.0,321.3,322.95,8546132
2025-12-04,322.9,324.3,321.1,322.95,5965357
2025-12-05,322.25,324.15,320.95,323.3,6574010
2025-12-08,323.2,323.2,317.85,319.5,7906928
2025-12-09,317.45,321.4,315.55,319.85,7152584
2025-12-10,319.85,323.7,319.5,321.6,5484712
2025-12-11,321.65,323.45,319.15,322.6,6317942
2025-12-12,322.9,325.95,322.9,325.05,4261023
2025-12-15,323.05,325.3,321.55,323.95,10219819
2025-12-16,322.05,323.8,319.05,321.0,5241263
2025-12-17,320.0,322.4,319.55,321.25,5043027
2025-12-18,322.0,322.15,317.0,318.5,5554193
2025-12-19,318.95,320.6,317.5,319.9,10833662
2025-12-22,319.95,323.65,319.5,320.7,8925871
2025-12-23,321.05,324.75,320.25,323.25,6024641
2025-12-24,323.9,326.65,322.25,322.55,5678004
2025-12-26,322.55,325.75,322.3,324.1,4174183
2025-12-29,324.1,325.8,323.05,325.5,14043845
2025-12-30,325.0,325.55,323.35,324.9,8035909
2025-12-31,324.75,330.65,324.7,329.55,8497983
2026-01-01,329.8,336.9,329.6,336.3,10357315
2026-01-02,336.8,353.0,335.95,352.1,23128940
2026-01-05,350.35,354.8,348.4,350.6,18248271
2026-01-06,349.9,354.1,346.15,350.8,8641743
2026-01-07,349.55,351.35,346.3,348.85,7165806
2026-01-08,346.75,349.8,342.2,344.4,8805975
2026-01-09,344.4,344.4,334.4,336.0,10161744
2026-01-12,336.75,340.65,333.7,337.45,9406174
2026-01-13,337.45,339.25,335.05,337.9,5583379
2026-01-14,338.9,350.5,337.45,349.1,20389924
2026-01-16,352.65,354.05,345.4,346.35,14275582
2026-01-19,343.5,347.95,342.05,343.35,9974363
2026-01-20,343.0,348.3,337.7,338.75,7718407
2026-01-21,338.8,341.6,336.8,338.7,6948955
2026-01-22,338.7,343.2,337.1,342.45,5885972
2026-01-23,343.95,345.45,336.1,336.7,10084314
2026-01-27,340.5,346.5,337.05,344.7,12203590
2026-01-28,344.7,353.25,344.7,348.05,13566973
2026-01-29,350.0,360.5,347.3,358.15,20624409
2026-01-30,359.0,359.35,351.1,356.0,22641103
2026-02-02,344.95,352.75,337.75,350.35,12622760
2026-02-03,365.95,365.95,353.8,358.55,11559806
2026-02-04,359.45,368.55,357.6,367.25,15515053
2026-02-05,369.75,370.7,365.0,367.0,18789794
2026-02-06,361.8,365.95,361.0,365.05,7328789
2026-02-09,366.55,368.6,361.0,361.9,7983235
2026-02-10,361.9,368.15,361.25,366.9,8319282
2026-02-11,369.0,369.0,366.0,368.45,5782448
2026-02-12,370.0,372.0,366.85,368.25,6763353
2026-02-13,367.55,368.0,362.4,363.0,7111972
2026-02-16,362.6,369.65,362.5,369.1,6292850
2026-02-17,368.75,369.5,366.05,368.4,4442793
2026-02-18,368.45,370.7,367.4,368.4,4871319
2026-02-19,367.0,370.9,362.2,363.2,5375352
2026-02-20,362.8,373.65,362.7,372.95,16736731
2026-02-23,374.0,376.5,372.15,375.45,16135451
2026-02-24,374.95,385.0,373.55,382.75,20774629
2026-02-25,382.75,388.55,382.7,384.9,12750016
2026-02-26,385.0,385.85,378.4,381.9,10721570
2026-02-27,381.0,385.2,380.15,381.9,11548959
2026-03-02,365.0,378.95,365.0,377.55,14732253
2026-03-04,370.75,373.85,364.1,365.8,11433169
2026-03-05,366.95,379.9,366.6,378.05,16158714
2026-03-06,377.0,385.55,374.65,380.6,14940896
2026-03-09,373.0,379.0,371.4,376.25,11286578
2026-03-10,385.0,385.45,374.85,377.3,10875834
2026-03-11,377.5,383.9,376.45,379.9,9963701
2026-03-12,379.0,392.4,375.65,390.55,23847146
2026-03-13,391.85,394.5,383.2,384.45,27107369
2026-03-16,384.5,388.25,375.45,382.4,16793109
2026-03-17,382.9,385.9,378.3,383.35,9720902
2026-03-18,385.0,386.35,377.6,378.5,10681498
2026-03-19,373.5,380.75,373.1,374.05,10568326
2026-03-20,375.85,383.3,375.5,380.95,20930288
2026-03-23,377.1,379.5,369.3,372.4,13148432
2026-03-24,378.0,378.15,371.0,375.55,9339144
2026-03-25,376.0,380.95,375.6,378.4,9266292
2026-03-27,379.9,379.9,374.65,375.65,20263654
2026-03-30,374.0,377.95,369.65,370.65,17974103
2026-04-01,381.3,381.9,361.45,364.65,15449629
2026-04-02,359.95,361.3,352.0,359.65,16551512
2026-04-06,358.8,366.75,355.7,366.1,11534034
2026-04-07,364.85,369.8,362.25,368.85,12603971
2026-04-08,373.5,375.55,368.25,374.15,19491331
2026-04-09,376.95,384.2,376.5,378.65,18503665
2026-04-10,381.2,384.45,372.05,380.15,14953758
2026-04-13,374.35,388.0,374.35,386.25,15240045
2026-04-15,390.25,393.95,387.1,392.6,7722460
2026-04-16,397.0,397.25,387.8,390.8,9896906
2026-04-17,393.0,396.25,388.45,393.6,15320653
2026-04-20,393.0,400.85,390.65,398.0,9895187
2026-04-21,398.6,402.7,395.7,396.2,9493644
2026-04-22,398.0,407.25,393.2,405.4,16411131
2026-04-23,404.0,405.9,400.4,402.25,9144699
2026-04-24,404.75,405.25,399.2,401.85,6266676
2026-04-27,403.9,414.4,402.6,410.2,13001752
2026-04-28,414.0,414.2,405.95,406.85,7726655
2026-04-29,409.5,410.0,399.65,401.3,11920835
2026-04-30,400.0,400.3,393.15,399.15,7706357
2026-05-04,400.0,404.8,397.25,400.05,6333200
2026-05-06,400.0,403.0,391.65,394.85,11120409
2026-05-07,396.75,403.5,393.15,400.35,9700378
2026-05-08,398.0,405.1,397.15,402.15,4740939
2026-05-11,401.9,405.0,391.0,392.95,10088836
2026-05-12,392.2,399.85,391.25,392.7,10247516
2026-05-13,392.0,394.05,385.8,390.45,12322076
2026-05-14,393.7,398.55,391.2,396.3,7363948
2026-05-15,396.0,398.0,392.5,395.25,7107857
2026-05-18,393.0,393.85,384.9,388.3,7632596
2026-05-19,386.7,392.75,386.05,389.4,6693518
2026-05-20,386.1,393.35,384.0,392.45,5386249
2026-05-21,393.5,395.55,387.85,388.8,10596954
2026-05-22,389.95,391.5,387.45,388.65,11755213
2026-05-25,391.95,392.8,386.45,390.05,10489850
2026-05-26,390.75,392.25,389.0,389.7,9062218
2026-05-27,390.35,403.1,390.35,398.15,14418621
2026-05-29,400.0,401.65,385.1,386.9,17003143
2026-06-01,386.9,389.0,376.5,378.7,18408900
2026-06-02,375.95,377.5,363.05,367.4,17496468
2026-06-03,368.05,371.5,363.7,366.8,10825715
2026-06-04,366.8,368.8,364.35,366.4,14363519
2026-06-05,365.95,368.5,358.65,361.65,10277061
2026-06-08,358.95,365.35,355.15,362.4,14933986
2026-06-09,362.8,363.7,355.0,355.65,14246656
2026-06-10,359.0,359.0,351.1,351.65,14939921
2026-06-11,352.0,353.35,348.8,351.85,15079402
2026-06-12,357.0,357.0,349.7,353.9,8740239
2026-06-15,357.4,358.0,346.95,348.1,17190759
2026-06-16,349.75,356.2,348.5,355.55,14555184
2026-06-17,355.55,356.05,352.05,355.55,9299676
2026-06-18,357.0,363.55,354.05,361.95,12260776
2026-06-19,361.95,368.0,359.95,365.8,17465450
2026-06-22,365.8,368.5,364.05,367.05,11946682
2026-06-23,367.85,369.25,361.9,364.6,11696171
2026-06-24,362.85,364.05,355.5,357.05,12770898
2026-06-25,356.45,359.0,351.45,352.05,19767157
2026-06-29,352.0,357.9,351.55,356.1,49895302
2026-06-30,354.75,358.35,352.9,356.65,10291360
2026-07-01,358.0,360.85,354.25,357.9,6915166
2026-07-02,359.95,359.95,352.3,358.25,6513560
2026-07-03,358.25,360.15,355.45,356.45,6588714
2026-07-06,356.0,359.4,354.65,356.25,6204261
2026-07-07,355.8,357.15,352.55,354.2,8149003
2026-07-08,351.95,353.0,347.55,348.7,9572223
2026-07-09,349.0,351.0,343.1,343.7,17821421
2026-07-10,344.5,348.8,343.2,344.55,13016441
2026-07-13,345.05,355.0,343.7,351.75,8226337
2026-07-14,348.5,353.95,347.5,348.15,8579646
2026-07-15,347.5,348.45,343.05,344.35,11352533
2026-07-16,344.2,346.05,342.1,342.45,10347549
2026-07-17,342.5,343.9,340.25,341.85,7612446
2026-07-20,343.0,349.3,341.1,347.25,14463484
2026-07-21,347.2,349.15,344.15,348.55,8575793
2026-07-22,347.4,350.85,345.65,350.5,7035952
2026-07-23,348.55,350.7,347.1,348.6,6863144
2026-07-24,347.95,350.0,345.1,347.2,6300466
2026-07-27,353.0,353.0,347.8,350.8,12350753
2026-07-28,349.95,350.0,342.1,343.75,12409670
2026-07-29,343.7,345.35,341.15,343.5,8471125
2026-07-30,343.5,347.65,341.85,344.85,9943764
2026-07-31,344.1,348.25,343.55,347.25,8519119
2026-08-03,347.25,350.9,345.3,350.9,5460220
2026-08-04,348.0,348.95,341.6,343.65,7201524
2026-08-05,343.45,349.9,342.75,349.9,18554536
2026-08-07,345.0,347.0,342.5,342.5,7012048
2026-08-10,342.5,343.7,337.15,340.45,8818488
2026-08-11,339.6,340.4,336.05,338.45,10043994
2026-08-12,338.45,341.35,335.35,339.45,10152704
2026-08-14,343.65,343.65,337.5,340.0,7507624
2026-08-17,340.0,340.3,335.7,337.0,7839848
2026-08-18,337.0,339.3,333.9,337.1,9943991
2026-08-19,336.3,338.85,333.6,336.55,7502595
2026-08-20,337.1,339.55,334.4,337.5,4185077
2026-08-21,337.0,342.85,337.0,340.0,6534716
2026-08-24,340.7,342.05,337.45,339.5,5401943
2026-08-25,339.0,340.8,335.65,339.85,5260835
2026-08-26,341.55,344.45,334.6,334.6,5903358
2026-08-27,335.0,335.95,328.4,330.9,12911842
2026-08-28,329.5,333.1,328.8,330.05,7332490
2026-08-31,330.1,330.45,323.5,327.4,18400774
2026-09-01,327.4,328.25,325.05,327.5,7377499
2026-09-02,324.0,331.1,321.0,330.0,11993091
2026-09-03,330.45,332.7,329.1,330.9,8100926
2026-09-04,332.75,334.05,329.8,332.5,7032282
2026-09-07,332.5,333.8,330.35,332.0,5245813
2026-09-08,330.0,333.2,328.65,330.8,7351373
2026-09-09,331.1,337.5,330.9,334.5,11795145
2026-09-10,335.65,335.7,333.1,335.0,6905905
2026-09-11,333.0,336.25,331.6,333.4,4968535
