Date,Open,High,Low,Close,Volume
2010-06-10,1200.0,1204.6,1178.65,1188.7,743867
2010-06-11,1200.0,1204.0,1173.3,1180.0,1758505
2010-06-14,1205.0,1205.0,1174.2,1197.1,796732
2010-06-15,1198.6,1204.0,1160.4,1166.4,1188125
2010-06-16,1168.0,1179.0,1153.0,1164.5,1139709
2010-06-17,1163.0,1189.9,1161.0,1186.05,638209
2010-06-18,1142.85,1196.05,1142.85,1193.0,805515
2010-06-21,1200.0,1213.6,1190.0,1204.25,1090048
2010-06-22,1200.0,1211.0,1188.2,1197.1,838983
2010-06-23,1189.9,1205.65,1189.7,1194.3,542307
2010-06-24,1201.0,1210.45,1175.55,1189.35,1214445
2010-06-25,1192.0,1291.0,1186.3,1263.4,3923014
2010-06-28,1262.0,1331.4,1262.0,1304.85,3957250
2010-06-29,1300.0,1315.0,1280.0,1306.0,1983641
2010-06-30,1289.95,1327.05,1289.95,1320.8,2309077
2010-07-01,1320.8,1346.9,1296.65,1302.3,2221397
2010-07-02,1300.5,1325.4,1300.5,1306.3,990992
2010-07-05,1297.3,1309.9,1282.3,1285.4,658604
2010-07-06,1278.0,1299.0,1278.0,1293.45,817351
2010-07-07,1298.65,1298.65,1265.0,1265.75,864486
2010-07-08,1278.0,1297.9,1273.4,1285.7,902030
2010-07-09,1285.7,1304.0,1281.4,1293.9,1128826
2010-07-12,1304.0,1304.0,1274.8,1278.2,1041477
2010-07-13,1284.35,1291.0,1270.75,1277.15,844202
2010-07-14,1284.8,1288.35,1255.0,1258.5,1364821
2010-07-15,1263.0,1270.85,1232.05,1236.95,1350063
2010-07-16,1223.25,1262.0,1220.3,1258.7,1432010
2010-07-19,1254.9,1264.9,1246.1,1259.1,542170
2010-07-20,1259.1,1269.4,1252.6,1259.15,715072
2010-07-21,1265.0,1275.85,1254.15,1272.1,716677
2010-07-22,1272.1,1281.7,1257.85,1277.8,545020
2010-07-23,1278.05,1282.8,1255.5,1259.95,585477
2010-07-26,1265.0,1266.0,1248.8,1255.25,539865
2010-07-27,1260.1,1272.4,1258.55,1262.9,458438
2010-07-28,1260.0,1279.7,1255.0,1259.55,872696
2010-07-29,1245.4,1266.1,1220.0,1246.55,2557336
2010-07-30,1240.0,1249.6,1220.65,1240.7,1214342
2010-08-02,1240.0,1284.0,1240.0,1277.85,698619
2010-08-03,1290.0,1290.0,1266.35,1271.65,901448
2010-08-04,1275.0,1278.0,1257.8,1263.05,678557
2010-08-05,1227.85,1269.4,1227.85,1242.35,890083
2010-08-06,1224.4,1246.8,1208.0,1230.85,844334
2010-08-09,1240.0,1264.95,1223.55,1232.7,910126
2010-08-10,1239.6,1241.8,1222.5,1235.25,742909
2010-08-11,1240.0,1249.1,1228.0,1237.4,1048287
2010-08-12,1235.0,1274.55,1229.0,1266.45,1278016
2010-08-13,1267.0,1288.0,1267.0,1277.55,842398
2010-08-16,1275.0,1282.6,1261.05,1270.45,344007
2010-08-17,1262.0,1275.45,1246.85,1259.05,333571
2010-08-18,1260.55,1303.1,1245.65,1284.1,1386831
2010-08-19,1288.0,1295.75,1262.0,1266.7,465871
2010-08-20,1263.0,1280.0,1251.55,1259.05,375020
2010-08-23,1254.3,1297.0,1252.0,1283.15,744886
2010-08-24,1286.0,1291.7,1265.0,1272.6,876792
2010-08-25,1275.0,1289.0,1265.35,1276.6,685057
2010-08-26,1278.0,1298.4,1275.35,1289.85,1199257
2010-08-27,1295.5,1333.9,1282.0,1318.2,1635631
2010-08-30,1331.0,1359.9,1325.1,1344.15,1971473
2010-08-31,1340.0,1350.0,1329.0,1337.6,1041674
2010-09-01,1349.6,1354.7,1332.3,1338.95,671544
2010-09-02,1345.0,1358.8,1320.0,1321.4,893872
2010-09-03,1333.0,1343.7,1324.0,1339.0,773460
2010-09-06,1332.0,1372.0,1320.0,1350.7,1084803
2010-09-07,1357.4,1364.75,1343.0,1353.65,1184117
2010-09-08,1345.3,1364.8,1340.05,1355.5,1066586
2010-09-09,1345.0,1359.0,1332.5,1355.95,794368
2010-09-13,1380.0,1389.0,1366.35,1382.35,1095401
2010-09-14,1385.0,1413.7,1366.45,1396.3,1387167
2010-09-15,1400.0,1453.4,1395.5,1406.95,2595859
2010-09-16,1410.0,1432.0,1394.0,1399.75,833629
2010-09-17,1410.0,1422.5,1389.0,1397.25,1286026
2010-09-20,1405.0,1420.9,1400.1,1404.2,1141980
2010-09-21,1406.0,1416.0,1397.35,1403.85,899802
2010-09-22,1410.0,1418.8,1395.0,1402.65,839713
2010-09-23,1410.0,1433.5,1405.0,1424.7,1502070
2010-09-24,1432.0,1447.7,1414.2,1437.1,1158485
2010-09-27,1445.0,1467.1,1439.5,1457.9,1069488
2010-09-28,1443.15,1472.6,1443.15,1458.05,1020640
2010-09-29,1467.0,1467.0,1416.0,1421.35,773577
2010-09-30,1425.05,1426.9,1382.35,1404.1,1684547
2010-10-01,1406.35,1425.8,1398.2,1405.0,1687767
2010-10-04,1409.0,1444.4,1390.0,1394.35,1304733
2010-10-05,1354.0,1407.7,1354.0,1390.6,802132
2010-10-06,1408.65,1408.65,1382.25,1385.25,1026377
2010-10-07,1385.25,1400.35,1373.0,1384.3,1033873
2010-10-08,1390.0,1395.0,1354.75,1362.45,785299
2010-10-11,1384.45,1384.5,1353.5,1361.2,695986
2010-10-12,1371.4,1371.6,1346.05,1359.9,806222
2010-10-13,1367.0,1389.9,1360.35,1380.1,1269583
2010-10-14,1382.8,1387.6,1350.05,1355.05,540509
2010-10-15,1370.0,1370.0,1331.55,1340.35,727493
2010-10-18,1340.35,1373.7,1320.5,1364.35,1073081
2010-10-19,1371.0,1374.4,1339.0,1350.6,896873
2010-10-20,1348.0,1365.7,1340.0,1350.45,314998
2010-10-21,1357.95,1371.0,1342.1,1360.1,835511
2010-10-22,1366.95,1368.4,1338.2,1343.85,448256
2010-10-25,1360.0,1362.0,1343.8,1346.85,858117
2010-10-26,1354.9,1354.9,1320.0,1324.2,960864
2010-10-27,1323.0,1323.65,1290.8,1298.5,851840
2010-10-28,1308.0,1328.5,1292.0,1303.85,2331609
2010-10-29,1327.45,1327.45,1290.0,1304.05,742041
2010-11-01,1324.0,1333.0,1310.0,1319.35,428643
2010-11-02,1320.35,1334.9,1313.3,1330.4,363345
2010-11-03,1338.0,1346.8,1328.1,1330.45,782320
2010-11-04,1342.7,1383.0,1329.0,1368.4,868956
2010-11-05,1380.0,1390.0,1371.0,1379.45,168315
2010-11-08,1396.0,1396.0,1343.0,1350.65,1200900
2010-11-09,1356.9,1366.6,1330.35,1337.45,866096
2010-11-10,1340.0,1352.8,1340.0,1348.05,342644
2010-11-11,1350.0,1353.9,1311.0,1317.7,842299
2010-11-12,1322.65,1327.0,1294.95,1304.7,1067666
2010-11-15,1304.7,1327.9,1290.5,1314.45,470154
2010-11-16,1326.9,1326.9,1276.0,1293.4,585064
2010-11-18,1324.8,1324.8,1252.0,1282.25,966767
2010-11-19,1289.0,1289.0,1251.3,1263.6,479074
2010-11-22,1260.05,1305.0,1245.05,1296.75,791785
2010-11-23,1290.0,1295.0,1248.5,1272.65,897695
2010-11-24,1280.0,1282.5,1235.0,1247.45,562903
2010-11-25,1247.65,1266.0,1205.55,1226.8,1457018
2010-11-26,1235.0,1249.45,1192.0,1240.95,993446
2010-11-29,1253.05,1253.05,1226.25,1243.05,441299
2010-11-30,1244.0,1249.65,1226.35,1245.3,705238
2010-12-01,1250.0,1303.7,1246.5,1286.25,907355
2010-12-02,1336.0,1354.65,1305.25,1313.95,1940694
2010-12-03,1320.0,1332.85,1310.0,1319.6,1262075
2010-12-06,1334.8,1336.0,1318.0,1320.5,558223
2010-12-07,1330.0,1346.0,1325.0,1337.95,1474154
2010-12-08,1345.0,1363.85,1340.0,1345.3,1842408
2010-12-09,1351.7,1355.85,1294.6,1321.6,1275853
2010-12-10,1329.0,1329.5,1315.35,1322.0,956369
2010-12-13,1329.0,1334.15,1318.2,1328.1,961770
2010-12-14,1335.85,1341.55,1326.2,1331.9,647916
2010-12-15,1341.9,1343.85,1309.5,1323.75,701516
2010-12-16,1334.0,1338.0,1304.0,1329.95,1964396
2010-12-20,1319.9,1324.0,1296.0,1304.45,1349595
2010-12-21,1307.9,1309.9,1296.0,1301.0,611839
2010-12-22,1308.0,1318.0,1302.6,1305.2,646615
2010-12-23,1311.9,1312.0,1292.15,1300.25,590146
2010-12-24,1282.0,1300.0,1282.0,1294.75,455774
2010-12-27,1297.9,1305.0,1295.05,1299.55,464589
2010-12-28,1299.9,1299.9,1286.55,1289.9,439987
2010-12-29,1298.8,1306.0,1290.25,1303.35,643082
2010-12-30,1304.7,1304.7,1285.0,1294.6,835003
2010-12-31,1290.1,1302.5,1284.2,1288.2,766409
2011-01-03,1304.0,1304.0,1290.15,1292.8,514373
2011-01-04,1295.35,1297.4,1284.05,1287.05,762796
2011-01-05,1288.9,1288.9,1258.0,1266.15,903513
2011-01-06,1269.4,1270.6,1216.5,1227.3,1588307
2011-01-07,1225.15,1234.0,1200.0,1205.85,943930
2011-01-10,1202.0,1209.75,1167.6,1174.35,1185068
2011-01-11,1177.0,1209.5,1170.1,1184.8,1073175
2011-01-12,1190.0,1211.0,1148.05,1186.65,2422840
2011-01-13,1185.0,1208.8,1170.15,1201.5,1132381
2011-01-14,1207.0,1215.0,1172.0,1179.05,672162
2011-01-17,1175.1,1187.0,1158.25,1170.1,712925
2011-01-18,1170.35,1176.0,1156.65,1170.45,867465
2011-01-19,1171.1,1184.25,1155.0,1158.85,695367
2011-01-20,1145.1,1157.5,1122.2,1134.3,1533351
2011-01-21,1132.0,1139.0,1102.7,1105.55,1458796
2011-01-24,1118.0,1144.0,1109.0,1138.25,722323
2011-01-25,1142.1,1149.8,1110.0,1130.45,917812
2011-01-27,1139.0,1145.1,1110.0,1113.8,1109923
2011-01-28,1124.95,1144.95,1116.15,1132.9,1082888
2011-01-31,1143.2,1216.8,1143.0,1177.8,2861151
2011-02-01,1191.0,1198.45,1171.75,1176.75,1483088
2011-02-02,1184.4,1210.0,1177.0,1181.6,1858205
2011-02-03,1183.0,1199.35,1173.1,1195.4,1408705
2011-02-04,1195.55,1233.15,1187.0,1191.7,2406250
2011-02-07,1200.0,1218.0,1190.0,1194.55,2088994
2011-02-08,300.0,301.0,278.3,282.05,4582652
2011-02-09,283.55,287.4,272.0,274.3,3267908
2011-02-10,274.0,282.9,272.0,273.6,3639071
2011-02-11,272.1,279.0,265.0,277.05,3063512
2011-02-14,281.15,283.85,276.35,279.45,2743855
2011-02-15,279.6,285.9,275.0,282.55,2390132
2011-02-16,281.05,284.0,278.1,279.65,2648150
2011-02-17,281.75,281.75,276.3,277.85,1999799
2011-02-18,278.35,279.4,267.05,268.4,3918745
2011-02-21,269.4,277.4,264.05,276.05,4292118
2011-02-22,277.0,277.0,267.55,271.95,4026323
2011-02-23,272.65,275.0,270.1,271.55,3003659
2011-02-24,269.25,270.95,261.3,264.95,8598882
2011-02-25,266.95,268.7,260.1,262.1,2618956
2011-03-01,273.0,275.5,269.2,274.0,3278540
2011-03-03,273.5,275.6,267.2,269.85,3262450
2011-03-04,269.0,271.1,267.0,268.85,2733626
2011-03-07,266.0,266.9,262.0,263.85,2076988
2011-03-08,263.55,272.95,263.55,272.25,3468117
2011-03-09,273.0,274.95,266.3,271.3,4501148
2011-03-10,271.0,278.4,267.1,276.05,3316311
2011-03-11,276.0,285.4,274.25,281.75,5505895
2011-03-14,283.15,286.0,279.65,280.7,2817650
2011-03-15,276.6,280.3,270.1,271.15,3575823
2011-03-16,273.8,276.8,270.5,271.8,3131275
2011-03-17,269.85,275.9,268.5,272.35,1539362
2011-03-18,275.65,275.9,268.1,270.15,1954852
2011-03-21,273.0,273.4,267.2,269.95,1226216
2011-03-22,271.1,273.35,267.25,271.5,1690205
2011-03-23,271.45,273.9,269.4,272.65,1405331
2011-03-24,273.75,274.15,272.0,272.95,2325097
2011-03-25,276.85,277.65,272.0,275.9,4274161
2011-03-28,275.5,281.5,274.05,279.2,4893331
2011-03-29,279.95,285.6,279.5,283.85,3916671
2011-03-30,285.0,289.95,280.55,282.4,3510735
2011-03-31,282.85,294.2,282.85,291.3,6333243
2011-04-01,292.5,295.65,290.0,293.05,2813716
2011-04-04,294.0,299.0,291.25,297.9,2010000
2011-04-05,299.7,303.45,293.2,296.5,2942410
2011-04-06,296.0,303.0,295.8,298.1,5413882
2011-04-07,299.9,301.0,290.3,291.6,4747158
2011-04-08,292.45,293.0,285.35,287.45,3293649
2011-04-11,288.9,289.0,279.1,282.9,3192213
2011-04-13,279.55,290.55,278.55,289.0,3511260
2011-04-15,288.55,289.0,281.7,286.05,2907352
2011-04-18,288.6,292.65,286.2,287.4,2869763
2011-04-19,286.05,291.5,283.2,289.55,2291366
2011-04-20,290.6,297.05,290.6,295.2,2923502
2011-04-21,295.95,305.7,295.95,304.2,3937387
2011-04-25,305.9,308.7,302.1,303.4,2118232
2011-04-26,304.0,305.25,297.15,303.85,2623058
2011-04-27,306.0,311.95,305.0,311.4,4961303
2011-04-28,315.0,319.3,312.15,317.75,8981359
2011-04-29,317.4,325.65,304.6,307.8,6431372
2011-05-02,309.0,311.9,301.65,303.4,3604418
2011-05-03,302.95,306.5,292.5,293.95,2994302
2011-05-04,295.4,313.0,292.05,309.65,6649233
2011-05-05,310.95,315.8,307.1,309.95,6361251
2011-05-06,312.0,314.95,303.7,305.25,5378844
2011-05-09,307.0,307.85,298.25,304.2,4086908
2011-05-10,305.4,312.3,303.7,304.3,3871436
2011-05-11,302.0,306.4,298.2,300.3,3129759
2011-05-12,299.55,304.85,297.65,301.95,2456207
2011-05-13,303.35,310.5,303.35,304.65,3185760
2011-05-16,306.8,308.4,295.65,296.95,7655185
2011-05-17,297.0,297.7,275.5,277.4,15224165
2011-05-18,279.7,282.3,272.7,274.0,6483199
2011-05-19,277.0,278.8,272.15,277.7,3006123
2011-05-20,280.0,284.25,267.5,273.95,10306305
2011-05-23,275.7,275.7,264.15,267.4,5637081
2011-05-24,268.7,269.35,263.05,265.65,4232743
2011-05-25,266.3,266.3,261.4,262.4,2113313
2011-05-26,264.25,276.35,262.3,274.45,8969940
2011-05-27,274.65,284.9,274.65,282.95,5114366
2011-05-30,284.95,286.35,275.2,277.55,3051528
2011-05-31,274.0,283.2,270.45,281.05,5848181
2011-06-01,283.0,284.3,278.2,281.6,1969133
2011-06-02,279.5,285.6,278.35,281.1,2716496
2011-06-03,281.25,283.9,278.6,280.0,1623442
2011-06-06,278.1,279.75,275.3,275.85,1436297
2011-06-07,275.0,277.5,273.0,276.35,3045575
2011-06-08,274.0,274.65,269.0,270.05,5724664
2011-06-09,270.0,270.95,264.6,265.2,4658551
2011-06-10,265.85,267.7,264.1,266.85,3043897
2011-06-13,266.0,270.45,264.2,268.95,3031507
2011-06-14,270.0,274.0,269.4,270.0,3324733
2011-06-15,270.95,271.2,265.7,268.35,2375756
2011-06-16,268.0,270.85,266.1,269.1,1751848
2011-06-17,267.0,267.75,263.0,265.8,1948193
2011-06-20,263.0,269.3,255.45,256.2,3437979
2011-06-21,258.8,261.65,248.05,256.05,6562588
2011-06-22,258.2,264.4,252.2,260.8,3869518
2011-06-23,260.0,269.1,258.25,264.65,3645914
2011-06-24,269.0,275.4,269.0,272.8,6287862
2011-06-27,288.5,297.5,283.45,284.2,19046600
2011-06-28,287.6,289.1,281.45,284.8,5486323
2011-06-29,287.2,288.15,276.7,279.35,4994796
2011-06-30,278.0,278.6,273.3,274.25,6773851
2011-07-01,290.9,290.9,275.0,276.35,7865424
2011-07-04,277.6,279.4,274.6,277.25,3675617
2011-07-05,278.0,280.4,275.0,276.5,3876205
2011-07-06,275.0,277.7,271.4,272.75,3717482
2011-07-07,273.35,276.45,272.7,274.95,4013884
2011-07-08,276.7,280.65,275.9,277.15,2810510
2011-07-11,277.0,282.0,275.2,281.0,3148469
2011-07-12,279.9,284.0,278.0,281.65,2660968
2011-07-13,282.55,288.8,282.55,286.95,5563130
2011-07-14,286.5,288.5,281.5,283.3,2755370
2011-07-15,281.5,284.7,277.45,278.9,1810538
2011-07-18,280.0,280.0,275.85,276.95,1684490
2011-07-19,278.6,278.6,275.3,276.65,1825445
2011-07-20,277.5,279.9,274.3,275.15,1341029
2011-07-21,275.4,278.8,274.8,277.0,1881124
2011-07-22,279.75,281.9,277.5,279.6,2353056
2011-07-25,279.0,282.25,277.15,279.9,3644020
2011-07-26,282.4,282.4,275.7,276.8,2797885
2011-07-27,280.05,280.5,275.0,276.3,1874552
2011-07-28,273.2,279.9,273.2,277.2,3879302
2011-07-29,276.0,276.0,268.4,269.25,4842420
2011-08-01,271.15,275.0,268.5,273.4,3131676
2011-08-02,273.8,277.5,271.6,276.45,3684194
2011-08-03,274.25,280.55,273.1,277.0,3024825
2011-08-04,278.4,279.85,272.05,273.2,1731662
2011-08-05,267.0,279.9,267.0,277.05,5615738
2011-08-08,270.1,285.75,269.1,283.1,6560002
2011-08-09,282.0,290.15,279.05,285.4,6197422
2011-08-10,289.4,289.4,277.55,279.5,3246336
2011-08-11,276.1,279.95,275.45,277.55,1546616
2011-08-12,280.0,284.7,276.85,279.2,4252454
2011-08-16,278.55,285.85,271.7,273.4,1524924
2011-08-17,273.0,282.15,273.0,277.15,2448012
2011-08-18,279.95,280.55,274.0,276.25,3364314
2011-08-19,273.35,280.9,271.95,276.0,4725632
2011-08-22,275.55,288.8,274.45,286.45,3957137
2011-08-23,287.0,288.0,277.8,278.5,3046868
2011-08-24,279.4,282.5,277.35,278.9,2791000
2011-08-25,281.5,287.65,279.65,282.3,6652453
2011-08-26,281.5,285.4,276.3,277.95,2894569
2011-08-29,280.0,282.2,273.6,274.95,3771275
2011-08-30,274.1,274.9,260.0,263.3,7220424
2011-09-02,272.0,273.45,260.6,263.9,5210290
2011-09-05,263.0,264.1,254.65,256.95,6927737
2011-09-06,255.25,262.0,255.0,260.95,9400534
2011-09-07,261.0,264.1,260.5,262.45,5736392
2011-09-08,262.9,263.4,258.6,261.15,4096432
2011-09-09,262.05,263.8,261.0,262.2,4277538
2011-09-12,259.25,265.95,259.0,261.1,5454728
2011-09-13,261.25,262.75,256.55,258.05,3957807
2011-09-14,258.9,261.55,256.25,260.8,5304017
2011-09-15,262.5,262.5,257.65,260.6,4646845
2011-09-16,270.0,280.55,270.0,274.7,13542984
2011-09-19,274.9,279.25,268.2,269.45,5297872
2011-09-20,269.85,269.85,259.75,261.5,11709029
2011-09-21,264.4,265.5,260.0,261.05,6289558
2011-09-22,259.2,262.75,257.1,257.8,5219796
2011-09-23,256.25,260.85,255.25,257.8,4869208
2011-09-26,258.0,258.9,253.25,254.75,3519885
2011-09-27,259.0,260.4,255.65,259.1,3141290
2011-09-28,261.7,263.25,259.1,262.55,5811592
2011-09-29,261.95,271.75,261.05,268.55,4843009
2011-09-30,267.7,267.9,261.55,266.1,4630705
2011-10-03,263.0,270.25,262.5,268.05,4500063
2011-10-04,267.95,269.7,262.05,264.05,3574878
2011-10-05,263.3,268.95,263.0,263.95,2024812
2011-10-07,268.9,271.35,259.75,264.45,4201401
2011-10-10,263.55,274.95,263.5,274.3,2479936
2011-10-11,271.1,273.9,267.2,268.25,3185082
2011-10-12,269.1,271.85,266.9,270.55,1855882
2011-10-13,273.0,274.9,264.1,264.8,3008328
2011-10-14,264.15,268.4,262.95,266.75,2861935
2011-10-17,267.7,271.5,266.8,269.45,1938039
2011-10-18,267.1,271.4,262.9,263.7,2905031
2011-10-19,264.65,269.8,263.1,268.15,2077855
2011-10-20,266.55,268.15,263.5,266.6,1959896
2011-10-21,267.45,267.95,263.6,265.4,1546479
2011-10-24,269.9,277.35,267.15,276.35,3307446
2011-10-25,277.9,278.4,273.8,276.9,6161447
2011-10-26,278.4,278.4,274.4,276.55,296812
2011-10-28,281.0,294.8,280.25,284.8,3971671
2011-10-31,285.0,285.1,276.25,277.65,2179506
2011-11-01,275.55,280.9,275.55,277.75,1255386
2011-11-02,276.95,282.75,276.05,278.85,1599182
2011-11-03,277.0,279.8,271.2,277.95,2166964
2011-11-04,281.8,283.55,275.6,276.8,4032120
2011-11-08,286.0,288.05,277.0,277.8,4113733
2011-11-09,279.8,279.8,270.55,271.15,2396715
2011-11-11,270.0,272.0,264.3,265.65,3657618
2011-11-14,266.5,269.05,260.0,261.2,2076403
2011-11-15,262.0,265.25,257.35,258.8,2312987
2011-11-16,258.0,264.85,256.7,262.95,2382979
2011-11-17,264.5,264.9,255.3,257.3,1799647
2011-11-18,255.7,265.45,251.35,259.8,2912719
2011-11-21,261.0,262.0,250.6,252.1,1627787
2011-11-22,253.05,256.9,249.65,251.85,2465503
2011-11-23,250.15,252.0,241.75,246.55,3860224
2011-11-24,246.25,258.0,244.05,255.0,4381453
2011-11-25,253.9,253.9,248.1,251.9,2663782
2011-11-28,253.1,262.5,252.4,261.7,1286482
2011-11-29,263.0,263.65,255.8,258.95,2933596
2011-11-30,255.05,269.8,255.05,266.75,2535321
2011-12-01,273.15,277.8,264.25,266.35,2484078
2011-12-02,266.35,269.7,261.4,268.1,4222206
2011-12-05,268.0,270.0,263.5,269.3,1688525
2011-12-07,268.75,274.0,267.2,273.3,1980220
2011-12-08,272.25,273.85,265.2,266.7,1547173
2011-12-09,262.4,266.1,260.25,261.4,1487840
2011-12-12,262.2,265.85,255.5,257.4,2405093
2011-12-13,256.3,258.3,252.55,255.4,2548595
2011-12-14,254.5,257.0,251.0,252.05,2368957
2011-12-15,250.0,253.75,248.0,251.1,4819843
2011-12-16,251.1,259.45,246.15,250.3,2128390
2011-12-19,250.3,250.3,244.75,247.1,2387104
2011-12-20,251.4,254.95,248.75,252.9,2541824
2011-12-21,256.0,262.55,253.65,261.2,1548600
2011-12-22,256.0,265.3,256.0,264.55,1263465
2011-12-23,267.0,267.0,259.75,262.0,1250812
2011-12-26,260.5,263.4,260.05,262.5,811018
2011-12-27,262.6,264.0,260.2,262.65,815224
2011-12-28,262.8,263.4,259.7,261.2,703368
2011-12-29,261.4,262.85,256.2,257.85,2668956
2011-12-30,256.7,262.8,255.0,256.6,1837303
2012-01-02,257.5,262.85,256.45,258.35,1193418
2012-01-03,261.1,264.5,259.65,263.2,1487638
2012-01-04,264.0,267.6,261.1,266.7,2315806
2012-01-05,268.45,269.95,261.0,261.75,3077231
2012-01-06,256.4,258.4,253.65,255.65,2622160
2012-01-09,259.0,259.0,253.2,257.2,1806913
2012-01-10,263.0,263.0,258.15,261.2,3102016
2012-01-11,261.9,261.9,258.3,259.6,1239327
2012-01-12,261.4,262.0,256.5,257.8,1906458
2012-01-13,259.95,261.0,256.95,259.7,1322744
2012-01-16,260.0,260.95,255.75,256.25,1796167
2012-01-17,257.0,263.45,255.1,262.1,3538014
2012-01-18,263.5,269.7,261.1,268.25,3171977
2012-01-19,270.0,274.25,265.0,271.8,2417297
2012-01-20,271.6,277.9,269.4,275.95,2902906
2012-01-23,277.0,278.35,273.05,275.35,1503808
2012-01-24,275.35,277.75,271.85,274.2,1850983
2012-01-25,276.45,276.8,270.65,272.55,3654241
2012-01-27,278.0,280.1,254.2,278.3,3029842
2012-01-30,275.0,282.8,274.05,275.8,2463484
2012-01-31,278.0,281.35,274.65,276.05,2671515
2012-02-01,273.2,275.2,269.0,272.45,3573800
2012-02-02,273.7,279.5,273.7,276.15,5378352
2012-02-03,278.0,283.5,273.55,281.65,3027475
2012-02-06,282.0,284.95,278.55,283.3,4980655
2012-02-07,282.1,287.6,279.4,286.25,4651302
2012-02-08,285.9,286.0,278.8,283.2,6602503
2012-02-09,278.5,283.65,275.65,281.3,4666372
2012-02-10,282.0,288.5,279.1,281.75,3856327
2012-02-13,284.5,286.2,279.6,280.85,2818646
2012-02-14,279.0,280.5,275.5,276.1,3962127
2012-02-15,278.5,284.8,276.25,279.15,5919769
2012-02-16,279.5,283.7,277.05,281.3,2311800
2012-02-17,283.0,290.5,279.8,281.25,4712065
2012-02-21,283.0,294.5,283.0,291.85,6579107
2012-02-22,294.7,304.25,289.05,292.65,6904603
2012-02-23,295.4,296.8,287.25,290.35,9119811
2012-02-24,293.85,294.0,281.15,284.55,4526933
2012-02-27,284.55,287.95,277.3,281.05,4013646
2012-02-28,283.0,286.0,278.0,283.4,5787401
2012-02-29,296.0,298.45,291.7,293.2,8905440
2012-03-01,294.85,296.45,285.0,288.2,9528615
2012-03-02,284.5,285.4,276.2,281.4,6169353
2012-03-05,279.9,286.0,276.5,283.7,2402469
2012-03-06,284.6,289.0,281.0,282.6,2776545
2012-03-07,282.8,283.75,277.5,278.95,3006871
2012-03-09,283.0,284.2,279.85,282.9,7205134
2012-03-12,284.95,284.95,276.8,277.65,2787601
2012-03-13,279.5,288.6,278.65,287.55,3134530
2012-03-14,290.15,295.0,286.6,293.75,3531281
2012-03-15,293.5,293.6,284.7,286.55,2490030
2012-03-16,284.4,289.25,268.65,273.05,9563157
2012-03-19,270.0,275.35,267.05,272.65,3725675
2012-03-20,272.0,274.1,270.5,272.3,2439631
2012-03-21,272.3,273.95,269.0,271.55,3104595
2012-03-22,272.4,275.95,270.0,270.55,2739801
2012-03-23,272.0,272.4,265.6,267.4,2209358
2012-03-26,269.0,269.95,260.8,261.85,2329570
2012-03-27,263.2,267.5,259.0,265.5,3002827
2012-03-28,266.0,266.0,256.4,257.75,3516624
2012-03-29,257.0,264.8,254.0,260.4,7037205
2012-03-30,261.0,270.2,259.7,268.35,4039051
2012-04-02,268.9,271.8,265.0,269.85,2226289
2012-04-03,271.8,275.3,270.2,273.25,2470642
2012-04-04,274.3,275.95,272.35,274.3,1794716
2012-04-09,271.5,273.95,267.15,268.8,1587429
2012-04-10,269.55,270.25,262.35,264.65,1821842
2012-04-11,263.0,267.5,261.55,264.1,3373049
2012-04-12,266.55,266.7,260.8,261.1,3863307
2012-04-13,262.0,264.8,257.6,260.8,2746746
2012-04-16,260.2,262.0,258.3,259.1,1097451
2012-04-17,260.0,270.4,257.1,269.05,3215014
2012-04-18,269.25,273.4,269.1,271.3,1556667
2012-04-19,271.15,273.5,269.0,272.25,1342158
2012-04-20,271.95,275.45,264.45,267.0,1910321
2012-04-23,265.3,270.9,264.7,267.85,2046321
2012-04-24,266.25,269.95,264.55,268.35,1990606
2012-04-25,268.7,269.85,263.25,264.65,1440574
2012-04-26,266.8,266.8,262.35,264.15,1850513
2012-04-27,265.0,266.85,260.7,262.6,961222
2012-04-30,262.6,271.0,262.6,270.05,1514063
2012-05-02,268.55,270.35,265.2,267.5,3530697
2012-05-03,265.2,267.15,262.75,265.2,1539435
2012-05-04,265.55,268.25,258.5,259.4,1950694
2012-05-07,257.8,262.75,256.25,260.6,3157308
2012-05-08,262.0,262.95,257.25,258.25,2429017
2012-05-09,256.5,258.7,253.5,256.05,2837023
2012-05-10,257.0,261.55,256.1,259.4,2957754
2012-05-11,256.95,257.9,252.0,254.05,1476535
2012-05-14,252.0,253.9,247.5,251.65,2339291
2012-05-15,249.0,252.8,247.5,249.2,1751535
2012-05-16,247.0,252.15,246.6,247.95,1940317
2012-05-17,247.65,250.4,242.5,246.05,2721553
2012-05-18,243.6,249.75,242.7,248.6,2486086
2012-05-21,246.3,250.45,245.7,246.55,1672365
2012-05-22,248.55,251.0,244.0,244.95,2192659
2012-05-23,245.0,245.9,240.1,243.45,1945754
2012-05-24,252.2,259.35,248.2,257.7,5330076
2012-05-25,254.25,259.8,252.3,257.05,1983682
2012-05-28,257.55,257.9,252.5,253.85,866872
2012-05-29,254.9,257.6,253.85,256.4,1578257
2012-05-30,260.6,261.55,250.05,252.1,2710157
2012-05-31,250.15,254.55,248.25,253.2,3855262
2012-06-01,251.0,254.55,245.4,246.15,1802028
2012-06-04,246.8,254.8,244.25,254.05,2335751
2012-06-05,255.0,255.4,252.2,253.75,1483754
2012-06-06,254.0,263.0,254.0,260.3,2772281
2012-06-07,261.95,264.95,258.5,263.3,2841783
2012-06-08,261.3,261.85,255.05,258.5,3833236
2012-06-11,261.4,261.75,254.2,255.8,4259912
2012-06-12,256.0,263.0,254.35,261.45,2726483
2012-06-13,262.0,269.8,259.25,268.7,3270881
2012-06-14,269.0,269.65,264.15,267.85,1645872
2012-06-15,269.0,273.9,264.85,266.0,7233760
2012-06-18,267.6,268.5,261.6,263.2,2110785
2012-06-19,261.65,270.0,261.65,267.6,2529726
2012-06-20,269.25,274.35,268.05,272.55,3040888
2012-06-21,272.0,278.45,270.75,275.2,3571094
2012-06-22,272.75,280.1,271.6,279.5,2234327
2012-06-25,279.75,282.0,270.3,272.6,1744264
2012-06-26,271.65,280.0,271.65,277.3,2290516
2012-06-27,278.5,279.0,273.1,277.25,2488674
2012-06-28,276.25,279.3,275.5,277.9,1588607
2012-06-29,279.0,285.8,278.5,284.85,4101520
2012-07-02,284.95,290.0,279.4,286.3,1570022
2012-07-03,287.5,293.25,287.1,290.45,3125043
2012-07-04,290.55,291.0,281.4,284.6,3635775
2012-07-05,284.0,284.9,276.7,278.45,5322612
2012-07-06,280.0,280.0,273.65,278.65,4337810
2012-07-09,277.05,280.4,276.2,277.95,1742888
2012-07-10,279.0,282.0,275.7,279.5,2857945
2012-07-11,276.75,279.9,275.2,277.95,2017196
2012-07-12,275.5,283.4,275.5,282.5,3628153
2012-07-13,280.65,286.0,280.65,285.1,2384105
2012-07-16,284.1,288.3,282.55,287.05,1928568
2012-07-17,288.2,290.0,283.2,283.9,2304214
2012-07-18,286.0,288.75,284.05,285.4,3098442
2012-07-19,285.0,287.4,283.05,284.65,2893875
2012-07-20,284.8,285.25,279.8,281.85,1481185
2012-07-23,279.8,284.55,276.0,281.45,1601330
2012-07-24,283.95,287.7,280.9,284.35,2217440
2012-07-25,284.0,284.35,279.5,283.8,1188610
2012-07-26,285.55,285.55,273.7,276.45,2398992
2012-07-27,281.9,282.4,273.2,277.55,2257579
2012-07-30,278.0,280.0,274.25,276.8,2041621
2012-07-31,277.25,289.4,277.2,286.05,2751589
2012-08-01,287.6,287.8,279.3,280.2,2034186
2012-08-02,279.6,280.95,275.5,276.85,1932148
2012-08-03,276.0,281.5,275.5,280.65,1711516
2012-08-06,280.65,283.0,278.7,281.5,1898514
2012-08-07,280.25,284.4,280.0,282.95,2912504
2012-08-08,282.1,283.4,277.0,281.8,2103161
2012-08-09,282.0,283.7,278.7,279.75,1223779
2012-08-10,280.0,283.4,278.1,278.95,2462087
2012-08-13,284.95,290.65,279.3,280.55,4924627
2012-08-14,281.0,287.75,280.0,285.75,2590134
2012-08-16,286.75,287.65,282.7,284.3,2511819
2012-08-17,283.25,286.3,280.25,282.05,1236365
2012-08-21,281.1,288.1,281.1,287.05,1162996
2012-08-22,285.25,289.25,284.6,286.2,1561406
2012-08-23,285.0,286.9,280.45,281.7,1589009
2012-08-24,283.0,288.7,281.2,286.85,2138045
2012-08-27,286.1,289.7,285.1,287.45,1269234
2012-08-28,286.5,289.45,279.2,281.15,2500754
2012-08-29,280.1,281.35,272.9,275.45,2013549
2012-08-30,276.0,279.2,273.25,275.8,5152609
2012-08-31,277.1,279.0,270.2,275.9,4358338
2012-09-03,276.65,279.5,271.25,272.4,1639920
2012-09-04,272.0,273.9,268.75,271.65,1438800
2012-09-05,269.0,275.4,268.5,273.3,2248394
2012-09-06,271.75,277.95,271.4,274.6,2861555
2012-09-07,278.55,282.5,274.05,275.65,2805540
2012-09-10,277.0,279.4,276.5,278.35,2029642
2012-09-11,276.15,281.5,276.15,277.55,3336045
2012-09-12,276.7,281.6,276.7,280.15,1676238
2012-09-13,279.0,286.0,279.0,282.9,2446959
2012-09-14,292.25,294.0,280.05,282.0,6026772
2012-09-17,284.0,286.35,279.5,280.85,3940081
2012-09-18,280.1,283.3,279.25,280.75,4751088
2012-09-20,279.25,286.4,279.25,285.1,2471126
2012-09-21,286.05,297.0,283.55,294.5,8415040
2012-09-24,293.35,295.0,286.0,287.15,4782094
2012-09-25,288.1,289.7,282.2,283.8,4945748
2012-09-26,282.2,283.9,280.3,281.8,3417597
2012-09-27,282.6,283.6,274.35,275.2,7569247
2012-09-28,278.45,281.5,277.05,280.85,4070337
2012-10-01,280.0,280.75,276.0,277.95,2157099
2012-10-03,280.0,282.0,278.5,281.0,4264699
2012-10-04,283.0,287.2,282.6,284.2,2476833
2012-10-05,283.35,288.4,227.4,287.2,4655185
2012-10-08,289.0,289.0,280.5,282.1,2539704
2012-10-09,282.25,284.35,279.0,280.85,1958395
2012-10-10,279.0,279.4,275.1,275.65,2001607
2012-10-11,276.2,281.5,276.0,279.95,2294733
2012-10-12,279.25,281.9,276.05,277.15,2100228
2012-10-15,278.75,280.25,275.75,279.85,1015436
2012-10-16,281.4,284.9,277.5,279.25,1422505
2012-10-17,280.5,281.25,278.0,279.95,1215955
2012-10-18,280.0,281.7,278.2,278.8,1992624
2012-10-19,278.5,280.3,274.5,279.5,3288136
2012-10-22,277.1,280.05,277.1,278.4,1199702
2012-10-23,277.05,278.35,275.1,276.05,1360060
2012-10-25,278.65,280.6,275.6,276.65,3528271
2012-10-26,275.15,276.6,273.0,274.6,895665
2012-10-29,274.0,276.9,273.45,273.95,836572
2012-10-30,272.25,274.65,270.0,273.0,2844250
2012-10-31,271.65,272.95,265.5,268.5,4890865
2012-11-01,266.5,268.0,263.4,264.85,5423052
2012-11-02,268.3,268.3,264.5,265.75,4468089
2012-11-05,264.55,267.5,264.0,266.7,2130123
2012-11-06,267.0,269.55,264.8,267.4,2669677
2012-11-07,266.15,268.0,265.85,266.8,2488054
2012-11-08,264.0,267.35,264.0,265.25,2179533
2012-11-09,263.0,264.9,255.4,257.15,4493330
2012-11-12,256.05,258.5,254.15,255.5,1679457
2012-11-13,256.1,257.25,255.05,256.65,298760
2012-11-15,255.0,256.5,251.7,253.5,3220534
2012-11-16,252.1,259.4,252.1,257.9,4009466
2012-11-19,256.3,258.6,253.2,254.05,2506576
2012-11-20,254.15,255.95,250.8,251.95,2075877
2012-11-21,251.05,253.5,250.6,252.65,1534089
2012-11-22,252.3,253.5,250.6,251.1,1863447
2012-11-23,250.55,252.45,248.9,251.2,1380055
2012-11-26,253.8,253.8,249.6,250.0,1889984
2012-11-27,252.55,254.1,248.5,249.75,4387048
2012-11-29,250.55,254.5,250.0,253.8,5974061
2012-11-30,254.1,266.75,254.1,264.95,4403043
2012-12-03,265.0,265.5,261.35,262.15,2238141
2012-12-04,262.45,267.6,261.25,265.25,4306092
2012-12-05,266.1,269.0,264.55,267.7,1692951
2012-12-06,267.8,269.6,263.35,268.7,1378382
2012-12-07,268.0,269.35,264.05,267.8,1857381
2012-12-10,271.0,271.0,265.7,266.45,1406717
2012-12-11,267.5,268.0,261.2,263.7,2543000
2012-12-12,263.7,264.05,259.0,259.65,3006971
2012-12-13,260.5,261.3,257.4,259.65,3121851
2012-12-14,260.9,260.9,256.2,259.5,2477183
2012-12-17,257.2,263.95,257.2,257.8,3319614
2012-12-18,259.0,260.65,255.1,256.25,3323213
2012-12-19,259.7,265.4,258.25,264.65,5255450
2012-12-20,266.4,266.4,263.1,265.1,3175049
2012-12-21,264.9,264.9,260.0,261.15,4734785
2012-12-24,258.9,258.9,255.25,256.15,1498471
2012-12-26,258.0,259.8,255.55,257.6,3400035
2012-12-27,259.45,263.35,256.7,259.0,7782059
2012-12-28,260.05,267.0,260.05,265.8,4821968
2012-12-31,265.8,268.9,265.8,268.0,2795561
2013-01-01,269.1,269.75,266.0,267.65,848837
2013-01-02,268.5,275.6,268.3,274.6,3163792
2013-01-03,275.9,280.7,275.0,279.8,4215380
2013-01-04,279.5,288.25,278.6,284.8,7743593
2013-01-07,288.0,289.95,286.2,288.0,3820973
2013-01-08,287.15,291.7,283.5,290.1,3556006
2013-01-09,291.7,295.0,287.0,292.2,3530195
2013-01-10,295.0,303.0,295.0,302.25,9809959
2013-01-11,301.1,302.7,291.3,292.35,4817802
2013-01-14,291.55,307.25,289.85,305.25,5850333
2013-01-15,304.8,309.1,302.6,307.55,5410762
2013-01-16,306.0,309.9,302.6,303.8,3468895
2013-01-17,301.9,321.6,300.15,314.45,12454843
2013-01-18,319.55,355.0,319.0,337.7,23739132
2013-01-21,338.6,340.65,333.5,336.55,7064685
2013-01-22,334.5,340.2,332.75,337.4,4966332
2013-01-23,337.5,340.0,330.25,333.2,4623080
2013-01-24,344.5,353.5,331.55,336.35,11335942
2013-01-25,335.8,344.5,333.05,341.1,4380374
2013-01-28,342.2,343.65,332.7,334.95,5012582
2013-01-29,332.3,335.95,330.15,333.3,4059713
2013-01-30,335.0,339.45,330.65,338.5,4829708
2013-01-31,338.5,344.8,336.25,339.7,6707795
2013-02-01,338.55,342.5,329.45,332.2,4843679
2013-02-04,332.5,336.0,324.6,325.75,3890535
2013-02-05,324.9,328.2,323.6,325.7,3151895
2013-02-06,327.1,330.0,319.75,321.75,2683211
2013-02-07,320.3,323.8,317.65,319.85,1630432
2013-02-08,318.5,321.4,310.65,313.6,3566544
2013-02-11,314.0,314.0,307.0,308.4,2424473
2013-02-12,313.0,323.0,313.0,320.05,5002361
2013-02-13,320.1,326.3,320.0,323.5,4763474
2013-02-14,324.5,329.5,318.35,322.3,4039222
2013-02-15,319.75,325.7,318.1,322.75,3262282
2013-02-18,325.0,326.55,316.65,317.85,3154667
2013-02-19,319.0,332.0,316.0,329.7,2791619
2013-02-20,333.6,333.7,327.45,329.05,3887804
2013-02-21,328.0,329.25,319.5,322.1,3864027
2013-02-22,320.6,328.35,320.6,323.9,2913904
2013-02-25,322.9,324.45,315.2,317.9,3292735
2013-02-26,316.75,316.75,303.8,306.35,2909463
2013-02-27,308.1,317.95,300.25,315.25,4538116
2013-02-28,318.0,324.8,305.3,313.45,8021814
2013-03-01,312.9,319.45,306.0,314.9,4133857
2013-03-04,314.0,317.65,309.1,312.05,3695089
2013-03-05,312.45,319.0,309.75,316.6,4410284
2013-03-06,316.6,322.45,315.5,318.95,3833307
2013-03-07,316.5,322.0,314.55,320.3,2759272
2013-03-08,321.45,327.7,321.0,325.75,3994908
2013-03-11,326.8,330.0,323.3,324.95,3723638
2013-03-12,324.6,328.45,321.6,324.95,2577213
2013-03-13,321.75,324.05,315.75,316.8,2831789
2013-03-14,316.0,322.8,311.4,319.9,3675249
2013-03-15,322.0,325.75,318.1,319.15,3062121
2013-03-18,315.8,320.85,314.0,317.65,1958017
2013-03-19,316.25,318.9,300.0,309.85,5225581
2013-03-20,307.5,309.75,300.0,300.8,4180292
2013-03-21,301.55,304.5,294.0,298.05,3433353
2013-03-22,296.2,299.6,289.25,295.65,4813001
2013-03-25,302.5,310.95,300.8,303.95,5224658
2013-03-26,301.0,306.85,299.0,303.3,2857367
2013-03-28,303.4,314.0,301.3,311.4,4406363
2013-04-01,312.25,316.0,306.5,308.85,1487100
2013-04-02,307.1,318.5,306.5,317.2,2571519
2013-04-03,315.0,316.95,306.55,310.55,2248583
2013-04-04,310.0,314.8,305.3,307.65,2820623
2013-04-05,307.65,315.4,307.1,314.3,2868500
2013-04-08,315.0,318.4,311.4,312.85,2618768
2013-04-09,313.55,315.9,301.1,303.8,2900615
2013-04-10,304.4,305.0,295.65,302.9,4112162
2013-04-11,304.2,309.25,298.05,307.25,4304784
2013-04-12,305.0,310.4,303.95,308.8,1475290
2013-04-15,308.0,327.2,306.25,319.0,5666693
2013-04-16,320.5,332.85,320.0,331.9,4763737
2013-04-17,334.5,336.5,325.35,328.85,4322140
2013-04-18,326.05,336.4,325.1,334.35,3079874
2013-04-22,333.55,334.8,327.1,328.05,3427688
2013-04-23,331.85,331.85,320.55,326.45,3100481
2013-04-25,326.15,336.4,321.95,326.5,6968297
2013-04-26,325.9,330.7,322.9,324.15,2188972
2013-04-29,326.5,332.6,325.0,328.85,2704949
2013-04-30,329.0,329.7,316.3,326.7,3736385
2013-05-02,323.0,332.0,323.0,328.9,2994462
2013-05-03,327.0,330.8,322.5,323.75,1875738
2013-05-06,325.95,326.8,317.6,318.8,2265176
2013-05-07,321.95,322.0,318.5,319.95,2459498
2013-05-08,321.0,324.85,318.0,320.15,3490917
2013-05-09,320.1,323.5,319.3,321.55,1873031
2013-05-10,322.8,329.35,322.6,326.45,4079809
2013-05-13,329.1,330.0,320.15,320.85,2011511
2013-05-14,322.5,329.0,322.0,326.75,2688449
2013-05-15,327.95,336.6,327.0,335.05,4999741
2013-05-16,333.5,345.2,333.05,337.9,6076027
2013-05-17,338.95,342.5,337.65,340.75,3599131
2013-05-20,342.0,343.0,331.0,332.7,2632468
2013-05-21,335.0,338.0,326.0,326.75,3443341
2013-05-22,328.1,331.7,317.45,329.15,5253195
2013-05-23,325.55,333.8,325.55,328.15,5240851
2013-05-24,330.0,331.85,323.0,324.95,2961338
2013-05-27,326.3,328.65,320.5,326.95,3236143
2013-05-28,327.3,335.95,327.3,333.95,4128676
2013-05-29,336.5,337.0,332.4,334.95,3690026
2013-05-30,327.0,337.6,326.1,333.9,5344288
2013-05-31,331.1,334.45,324.4,327.9,4290327
2013-06-03,327.25,329.55,315.65,317.0,2965064
2013-06-04,318.0,322.9,315.5,318.2,2712053
2013-06-05,318.9,325.25,317.0,324.6,1493940
2013-06-06,324.0,325.1,320.3,323.9,2488821
2013-06-07,323.0,327.0,318.35,319.3,2158093
2013-06-10,321.95,324.35,317.8,321.05,1506188
2013-06-11,318.55,322.7,306.3,308.2,4141537
2013-06-12,308.2,313.0,307.15,309.2,2623431
2013-06-13,307.0,311.75,305.4,309.1,2602197
2013-06-14,311.7,315.15,308.25,311.25,3593587
2013-06-17,312.0,313.6,308.1,312.85,1560887
2013-06-18,312.05,312.8,306.05,307.75,1707895
2013-06-19,307.0,311.0,302.2,308.85,2973043
2013-06-20,305.5,306.0,297.6,299.45,3364230
2013-06-21,299.0,309.0,297.4,307.75,4374324
2013-06-24,307.0,308.4,296.1,298.8,3633765
2013-06-25,302.0,314.35,300.15,311.4,4267053
2013-06-26,314.5,315.0,306.05,308.45,3335444
2013-06-27,312.55,322.0,311.45,320.25,5851829
2013-06-28,345.0,353.05,323.35,331.1,21617896
2013-07-01,332.45,339.25,326.6,328.0,4786782
2013-07-02,328.3,332.4,321.15,321.9,4045146
2013-07-03,316.1,319.65,310.1,311.1,3071284
2013-07-04,311.2,315.0,305.05,309.1,3131475
2013-07-05,314.1,317.25,310.8,316.05,2178381
2013-07-08,315.0,315.85,302.35,303.85,3625069
2013-07-09,305.1,307.0,301.0,302.15,3485726
2013-07-10,300.8,304.25,294.5,296.15,3569009
2013-07-11,301.3,307.3,300.0,304.75,3094599
2013-07-12,308.7,308.85,292.85,296.55,5545274
2013-07-15,296.55,298.6,294.4,296.1,2133386
2013-07-16,293.9,303.7,293.0,299.75,4140386
2013-07-17,300.0,302.65,295.3,300.8,3978007
2013-07-18,301.55,316.85,301.55,314.65,5297841
2013-07-19,316.0,319.8,312.25,316.95,3781156
2013-07-22,314.5,316.85,306.1,307.35,2204180
2013-07-23,309.25,315.5,308.6,312.15,2194845
2013-07-24,310.25,316.5,306.25,308.4,2484736
2013-07-25,309.0,314.45,302.95,305.45,3784020
2013-07-26,311.0,311.0,301.85,303.6,1874940
2013-07-29,304.95,307.0,296.0,297.6,2240406
2013-07-30,299.8,300.75,279.1,280.7,3683425
2013-07-31,280.0,292.9,265.45,290.7,7483037
2013-08-01,293.05,296.75,275.1,278.85,5094023
2013-08-02,282.0,283.4,271.25,277.9,4094375
2013-08-05,277.25,281.5,272.7,276.4,2540751
2013-08-06,274.75,279.85,266.0,267.35,2473446
2013-08-07,269.3,273.85,268.1,272.75,5082706
2013-08-08,271.6,275.5,266.25,273.1,4147620
2013-08-12,275.8,280.8,272.0,278.1,4204713
2013-08-13,271.0,278.75,270.15,274.95,4882055
2013-08-14,275.5,291.9,274.05,288.85,6757502
2013-08-16,287.9,291.35,270.0,271.8,4847034
2013-08-19,270.1,272.55,251.5,261.95,3713791
2013-08-20,260.0,261.5,248.65,256.6,5590166
2013-08-21,260.0,264.65,250.0,250.7,5379555
2013-08-22,246.0,272.6,246.0,269.65,8962161
2013-08-23,270.25,279.8,264.2,276.7,6191804
2013-08-26,279.45,279.75,266.0,268.05,4346319
2013-08-27,265.25,266.0,257.0,259.3,4366092
2013-08-28,254.75,255.0,234.2,243.7,12868335
2013-08-29,249.0,250.95,244.1,248.7,7248444
2013-09-03,254.0,257.3,247.7,251.1,5193891
2013-09-04,250.25,261.6,245.7,257.35,3892166
2013-09-05,261.1,272.0,260.2,270.1,4782295
2013-09-06,271.75,291.7,269.2,288.3,5895837
2013-09-10,290.05,299.0,286.1,292.7,6528817
2013-09-11,292.95,293.2,283.15,289.3,3814783
2013-09-12,292.8,293.0,277.55,278.95,3058063
2013-09-13,275.9,284.6,274.6,282.7,3093903
2013-09-16,289.0,294.3,280.0,287.2,2521134
2013-09-17,286.95,288.5,275.85,279.7,3578661
2013-09-18,282.75,284.9,277.25,282.95,1837039
2013-09-19,290.0,302.5,286.9,299.2,4492103
2013-09-20,297.2,297.65,283.8,289.5,6592408
2013-09-23,287.25,288.8,274.8,275.65,2740771
2013-09-24,277.0,281.6,273.75,274.5,4571845
2013-09-25,276.0,280.9,272.0,279.45,4887208
2013-09-26,280.0,280.8,274.0,276.95,5341773
2013-09-27,279.4,280.9,272.85,274.4,3488568
2013-09-30,274.4,274.5,262.65,267.85,3957892
2013-10-01,270.0,270.1,260.95,262.3,4889508
2013-10-03,263.25,268.35,263.25,266.5,2977569
2013-10-04,266.0,269.95,262.35,264.7,3636594
2013-10-07,264.0,266.9,260.8,266.1,1822296
2013-10-08,267.0,269.85,266.0,268.8,2377859
2013-10-09,268.5,274.4,266.1,273.7,2339930
2013-10-10,273.7,275.6,271.0,273.7,2215282
2013-10-11,276.05,278.65,273.7,276.55,2767147
2013-10-14,273.55,277.85,273.55,275.5,1421706
2013-10-15,278.0,279.4,271.35,275.2,2300920
2013-10-17,277.0,284.0,276.25,281.1,3996487
2013-10-18,283.5,285.95,281.55,283.55,3171769
2013-10-21,284.0,286.45,281.8,285.25,2477107
2013-10-22,286.0,287.4,282.0,286.05,2125303
2013-10-23,286.0,287.0,279.4,282.25,2119720
2013-10-24,282.25,289.0,281.2,283.8,2473833
2013-10-25,281.05,286.4,281.05,283.95,2524755
2013-10-28,284.0,288.8,283.95,286.8,2012804
2013-10-29,288.0,291.7,285.0,290.6,2588383
2013-10-30,292.0,293.45,286.6,288.6,1609883
2013-10-31,290.0,300.8,282.6,293.7,6814585
2013-11-01,294.3,294.3,286.0,287.8,2271970
2013-11-05,287.55,288.55,283.0,283.85,3314690
2013-11-06,283.95,285.85,281.0,281.85,1879068
2013-11-07,282.95,287.75,281.25,283.7,2031040
2013-11-08,282.55,284.0,271.75,277.35,2367708
2013-11-11,276.0,277.0,269.3,270.2,2588208
2013-11-12,270.55,272.9,265.05,265.85,3123710
2013-11-13,266.0,269.95,263.5,268.85,2978852
2013-11-14,273.6,275.8,269.5,270.1,2139492
2013-11-18,273.0,280.0,273.0,279.05,2648425
2013-11-19,278.55,282.05,272.8,277.35,1892105
2013-11-20,279.4,282.45,273.7,276.7,4418422
2013-11-21,276.5,277.05,269.65,270.45,2124689
2013-11-22,271.0,279.7,271.0,278.2,2899680
2013-11-25,284.0,289.0,280.35,288.35,2667321
2013-11-26,288.3,289.0,284.55,287.15,2237494
2013-11-27,285.4,293.65,285.35,289.9,3035985
2013-11-28,289.9,295.65,289.1,291.95,3743588
2013-11-29,292.25,299.8,292.25,299.1,2952267
2013-12-02,291.9,296.9,287.7,294.9,5912654
2013-12-03,291.45,295.0,290.5,292.4,3601825
2013-12-04,291.55,292.7,286.0,286.9,2760009
2013-12-05,291.0,293.35,287.7,290.9,1921726
2013-12-06,290.9,299.0,290.1,294.05,3146885
2013-12-09,300.0,307.45,299.65,305.05,4828987
2013-12-10,302.85,303.0,295.4,298.05,4818541
2013-12-11,296.45,297.5,288.0,291.8,2626092
2013-12-12,290.0,292.75,282.75,283.3,2843335
2013-12-13,282.05,284.45,278.3,280.0,1444977
2013-12-16,281.8,282.5,275.05,276.65,1600867
2013-12-17,277.0,279.6,273.8,274.7,1381914
2013-12-18,276.0,282.6,273.0,281.25,1813529
2013-12-19,281.6,283.0,271.5,273.7,2707567
2013-12-20,277.2,286.5,276.1,284.8,3975976
2013-12-23,284.8,290.0,283.95,288.8,1676779
2013-12-24,290.0,291.5,284.55,285.75,1488317
2013-12-26,287.45,294.5,287.2,292.3,4313606
2013-12-27,292.4,292.95,290.05,292.05,1704381
2013-12-30,293.2,293.3,288.0,289.55,2843153
2013-12-31,291.4,292.3,287.6,288.9,2789696
2014-01-01,290.0,290.9,287.35,288.1,656262
2014-01-02,289.95,292.85,280.15,281.7,1985332
2014-01-03,283.0,285.75,275.1,275.8,3826218
2014-01-06,278.0,284.8,277.15,280.95,2316164
2014-01-07,281.0,282.9,275.05,276.25,2300324
2014-01-08,277.15,278.7,272.1,273.2,2217349
2014-01-09,274.0,281.45,271.0,280.3,2572754
2014-01-10,280.95,287.7,276.0,284.05,4362261
2014-01-13,290.0,293.9,288.5,292.9,3595971
2014-01-14,292.9,292.9,286.5,290.25,2686109
2014-01-15,292.0,294.8,288.0,291.8,2183231
2014-01-16,294.0,294.0,283.65,286.95,2858379
2014-01-17,284.05,291.5,283.55,287.5,4027546
2014-01-20,287.0,291.5,284.55,287.15,3971327
2014-01-21,287.55,289.0,284.45,287.0,3288577
2014-01-22,287.0,290.95,285.0,289.8,2397661
2014-01-23,289.05,289.5,283.75,285.1,3264028
2014-01-24,284.25,285.55,281.45,283.2,2275351
2014-01-27,276.1,281.4,275.75,277.0,2676954
2014-01-28,275.05,280.5,274.55,275.25,2059985
2014-01-29,275.75,278.8,274.0,277.0,2294659
2014-01-30,274.0,279.1,271.15,272.2,6064188
2014-01-31,273.25,276.35,270.1,275.55,3087288
2014-02-03,273.0,275.3,266.05,267.8,3861042
2014-02-04,265.55,269.2,264.15,268.0,3104062
2014-02-05,267.9,271.5,265.4,270.25,2803119
2014-02-06,270.9,273.0,266.0,267.9,2060174
2014-02-07,270.4,271.85,267.7,269.3,1741598
2014-02-10,269.0,274.2,269.0,272.25,2325246
2014-02-11,273.5,276.3,270.85,275.95,5011587
2014-02-12,277.1,283.8,276.0,283.1,3322056
2014-02-13,283.0,284.0,272.55,273.5,2125612
2014-02-14,275.0,277.35,271.1,276.4,2508935
2014-02-17,277.0,280.0,272.7,277.75,1474196
2014-02-18,277.1,278.95,271.0,276.8,2590285
2014-02-19,277.0,279.95,275.65,279.4,1655701
2014-02-20,277.1,279.0,275.55,276.2,1254646
2014-02-21,276.95,278.85,275.7,276.95,1186738
2014-02-24,276.1,284.0,276.1,282.2,1511420
2014-02-25,283.95,284.4,279.3,281.75,1680566
2014-02-26,281.0,285.7,277.85,283.45,6390295
2014-02-28,282.3,292.75,282.3,291.35,4181097
2014-03-03,289.55,294.0,287.0,290.6,2184186
2014-03-04,290.6,297.7,289.3,295.85,2096982
2014-03-05,297.0,303.05,297.0,300.5,3527160
2014-03-06,300.9,310.0,300.5,308.85,2450798
2014-03-07,308.9,318.2,305.5,316.1,3488871
2014-03-10,313.55,326.75,310.5,319.9,5252702
2014-03-11,317.5,324.95,316.55,323.1,5613633
2014-03-12,320.75,321.8,315.2,316.95,3949998
2014-03-13,317.0,327.0,316.4,324.15,4992895
2014-03-14,322.1,328.5,321.35,322.75,3147651
2014-03-18,323.0,332.0,321.55,324.95,7022283
2014-03-19,326.45,328.45,312.3,313.8,4366289
2014-03-20,314.0,317.5,309.0,315.8,4948327
2014-03-21,317.2,318.85,305.35,306.4,8908566
2014-03-24,310.4,322.0,310.4,321.1,6719742
2014-03-25,309.0,321.4,306.25,319.9,7156466
2014-03-26,320.5,327.8,320.0,325.3,3797124
2014-03-27,321.4,334.0,318.05,331.0,9995387
2014-03-28,332.0,333.9,327.45,329.4,2516551
2014-03-31,328.55,335.4,316.2,318.7,4374019
2014-04-01,321.0,326.8,320.55,323.8,2472375
2014-04-02,324.95,330.9,322.3,330.0,2590094
2014-04-03,331.9,332.0,322.3,326.25,2502419
2014-04-04,325.45,330.0,317.5,325.65,12152709
2014-04-07,326.45,329.9,324.05,325.6,3555408
2014-04-09,325.6,328.0,319.1,322.45,7136922
2014-04-10,322.95,323.45,315.4,321.95,7539834
2014-04-11,320.05,325.0,318.55,320.0,8115514
2014-04-15,320.0,321.25,316.0,319.35,6286448
2014-04-16,320.35,322.0,315.2,316.55,4472266
2014-04-17,316.5,323.45,313.55,322.35,5279140
2014-04-21,322.95,325.75,322.3,323.1,2830916
2014-04-22,323.2,331.3,322.05,326.35,4682250
2014-04-23,326.7,332.45,322.15,326.0,6020235
2014-04-25,328.85,329.0,320.1,320.95,3460248
2014-04-28,320.05,323.0,319.0,321.35,2296288
2014-04-29,322.2,323.5,318.75,320.3,1824789
2014-04-30,319.5,329.85,318.25,325.1,6701377
2014-05-02,326.95,332.25,322.65,329.3,3406732
2014-05-05,329.1,343.45,327.75,335.4,4822769
2014-05-06,336.05,341.45,335.4,337.2,3532519
2014-05-07,340.0,342.0,333.9,335.15,3361363
2014-05-08,336.0,339.9,333.0,334.0,3844856
2014-05-09,333.5,350.0,329.0,347.95,5943011
2014-05-12,347.15,361.35,347.15,358.6,5355257
2014-05-13,373.0,380.55,366.4,372.6,6968416
2014-05-14,374.0,377.95,364.75,368.1,4711616
2014-05-15,367.4,380.9,363.55,378.55,5418120
2014-05-16,392.0,416.35,372.6,384.15,13359687
2014-05-19,393.95,420.0,389.35,416.75,8131043
2014-05-20,418.4,420.0,396.25,400.1,7032283
2014-05-21,396.1,402.75,390.8,398.45,5637234
2014-05-22,400.0,403.3,392.0,392.8,4489442
2014-05-23,398.45,410.95,392.4,407.95,8142272
2014-05-26,412.0,425.0,395.2,405.3,5600855
2014-05-27,405.5,406.4,390.0,395.05,3419506
2014-05-28,395.5,395.65,381.75,384.25,3697102
2014-05-29,385.0,389.1,368.5,374.15,7641872
2014-05-30,375.2,389.0,368.0,378.15,5614392
2014-06-02,380.6,401.95,378.25,399.55,4438354
2014-06-03,401.45,423.35,399.1,416.75,7245619
2014-06-04,416.15,419.0,408.5,411.0,4099021
2014-06-05,409.05,428.5,402.35,419.15,11381961
2014-06-06,425.85,469.85,424.25,465.65,25189948
2014-06-09,470.0,471.85,448.0,453.15,12315729
2014-06-10,455.0,455.85,435.65,440.55,8198079
2014-06-11,442.0,446.7,425.15,427.3,8496720
2014-06-12,428.05,439.9,423.1,428.6,7771758
2014-06-13,430.55,433.15,406.1,422.65,8589335
2014-06-16,420.55,430.65,413.35,426.9,7083395
2014-06-17,427.5,447.8,425.5,445.1,8479252
2014-06-18,445.3,453.5,432.0,442.7,7616925
2014-06-19,435.25,438.3,408.25,420.75,16924799
2014-06-20,420.55,429.8,415.0,417.5,8397837
2014-06-23,421.4,442.6,419.25,437.6,8546406
2014-06-24,445.0,446.4,431.0,442.95,10216224
2014-06-25,445.0,448.25,434.5,436.85,8439031
2014-06-26,415.0,419.2,406.4,411.35,17124120
2014-06-27,416.45,418.45,407.5,411.2,6466620
2014-06-30,417.9,426.65,415.25,424.85,7359633
2014-07-01,429.0,430.0,421.3,423.1,6414709
2014-07-02,426.0,429.15,421.55,426.6,4987499
2014-07-03,428.9,429.6,417.2,418.15,5137131
2014-07-04,415.2,424.4,411.55,421.8,8107314
2014-07-07,425.7,425.7,413.95,415.55,4973434
2014-07-08,419.7,419.75,394.1,396.7,10059585
2014-07-09,399.3,408.65,390.55,404.95,6793893
2014-07-10,404.95,415.5,394.9,404.0,10029229
2014-07-11,403.05,404.75,392.0,396.15,6539704
2014-07-14,396.4,403.75,393.9,402.75,4946125
2014-07-15,404.75,414.2,404.0,412.65,5433034
2014-07-16,414.0,417.8,410.0,416.1,5309727
2014-07-17,412.1,416.0,405.1,413.25,6321454
2014-07-18,412.25,414.0,407.0,410.5,4401752
2014-07-21,409.0,413.0,405.6,406.7,1955825
2014-07-22,407.0,410.8,406.4,408.9,3065538
2014-07-23,410.0,411.9,404.15,405.3,3773859
2014-07-24,407.9,408.85,402.0,404.9,2742735
2014-07-25,405.0,407.3,399.2,401.1,3201020
2014-07-28,401.0,403.65,391.1,394.85,2556764
2014-07-30,395.5,401.65,395.0,398.95,4841118
2014-07-31,398.15,401.8,393.5,395.35,6400183
2014-08-01,394.15,395.95,384.5,386.35,4343476
2014-08-04,388.0,395.15,384.15,392.75,2324713
2014-08-05,394.1,406.85,394.1,405.25,5496628
2014-08-06,404.15,406.45,395.1,396.9,3116027
2014-08-07,394.0,404.0,394.0,400.05,3161965
2014-08-08,395.0,396.0,390.0,394.2,3155816
2014-08-11,395.75,397.4,392.3,393.7,2038155
2014-08-12,394.65,407.0,394.65,405.55,4504718
2014-08-13,411.0,413.4,400.0,402.0,5974970
2014-08-14,397.9,411.0,393.45,410.1,6305703
2014-08-18,412.0,434.2,410.1,431.3,8603993
2014-08-19,435.8,440.5,427.15,435.2,10458752
2014-08-20,435.2,435.8,422.0,424.0,5510322
2014-08-21,424.45,429.9,421.5,425.9,5334834
2014-08-22,428.0,434.45,425.5,427.05,5096212
2014-08-25,429.0,434.9,427.15,428.75,5024695
2014-08-26,430.0,431.6,412.0,418.0,6011788
2014-08-27,425.0,429.9,423.4,428.15,7286208
2014-08-28,429.0,439.0,424.0,435.0,8460552
2014-09-01,439.85,441.95,436.25,439.55,3680517
2014-09-02,439.0,445.25,434.2,444.55,4316985
2014-09-03,450.0,450.25,435.0,436.9,5492215
2014-09-04,437.0,439.8,431.1,437.5,2476612
2014-09-05,437.2,446.6,436.1,443.55,4672637
2014-09-08,448.0,456.5,447.3,455.15,6079666
2014-09-09,457.9,457.95,444.0,449.4,3525964
2014-09-10,445.1,450.8,442.55,445.4,2172978
2014-09-11,446.5,447.8,428.0,429.5,5727559
2014-09-12,431.15,434.9,425.2,428.65,2647380
2014-09-15,425.0,427.75,420.05,420.85,1862828
2014-09-16,421.9,423.0,407.2,408.75,6345379
2014-09-17,409.75,412.6,404.1,407.55,5090223
2014-09-18,408.8,416.2,404.25,413.9,4280174
2014-09-19,416.5,417.7,401.55,404.0,8405941
2014-09-22,403.95,420.2,402.75,419.1,3559147
2014-09-23,421.0,421.8,406.3,407.3,3586689
2014-09-24,406.9,415.7,402.2,413.7,4081156
2014-09-25,409.0,413.0,395.1,400.35,4919272
2014-09-26,398.5,413.45,398.5,412.05,3889897
2014-09-29,412.0,415.3,405.55,407.5,2347650
2014-09-30,403.7,416.4,403.7,408.55,3326837
2014-10-01,409.85,409.95,401.3,402.85,2636631
2014-10-07,399.5,405.45,393.3,396.75,4524294
2014-10-08,396.75,407.5,396.75,406.15,3763015
2014-10-09,407.0,414.35,407.0,411.45,2996317
2014-10-10,408.0,410.0,403.0,404.2,2596303
2014-10-13,402.8,408.5,397.85,406.75,2604905
2014-10-14,407.05,409.45,400.5,402.15,3289351
2014-10-16,398.1,408.5,395.0,397.1,6089851
2014-10-17,397.2,400.15,392.0,397.1,4367207
2014-10-20,429.0,429.0,415.0,419.0,15253269
2014-10-21,420.0,420.9,405.55,408.0,6531384
2014-10-22,411.45,412.0,396.55,399.45,7741580
2014-10-23,404.9,404.9,401.2,403.45,677850
2014-10-27,405.15,406.0,393.6,394.65,3123606
2014-10-28,396.5,397.75,388.65,391.7,5243799
2014-10-29,395.6,396.35,391.35,392.8,4119492
2014-10-30,392.8,398.0,392.55,395.9,5152550
2014-10-31,399.15,406.65,397.65,405.15,5805955
2014-11-03,406.0,408.0,403.05,404.55,3866634
2014-11-05,406.25,407.6,400.1,403.6,4788795
2014-11-07,400.3,411.7,400.3,409.65,5525047
2014-11-10,411.9,412.5,393.6,394.2,6362287
2014-11-11,395.5,399.3,388.55,394.85,5167834
2014-11-12,395.45,398.45,392.55,393.65,3006484
2014-11-13,396.45,397.0,382.5,385.8,4009458
2014-11-14,386.05,394.7,385.1,393.25,4843870
2014-11-17,393.45,399.1,391.55,396.45,3715764
2014-11-18,397.7,398.2,390.0,390.65,3230349
2014-11-19,389.0,394.6,381.8,384.15,4533676
2014-11-20,384.0,390.0,382.0,385.75,3258281
2014-11-21,383.45,389.7,382.4,383.3,3473955
2014-11-24,383.0,386.8,378.35,380.9,2716748
2014-11-25,380.0,388.8,375.0,386.45,4619961
2014-11-26,383.2,390.55,382.05,385.9,3647754
2014-11-27,384.55,387.85,380.0,382.3,6403033
2014-11-28,380.25,389.0,376.95,379.4,4741434
2014-12-01,378.2,382.0,363.05,364.45,8025012
2014-12-02,365.25,370.0,358.85,360.5,4827013
2014-12-03,360.5,376.9,360.05,371.45,9200512
2014-12-04,375.5,378.4,369.1,370.8,4373415
2014-12-05,373.0,374.8,364.8,365.3,4418389
2014-12-08,364.45,371.95,363.5,368.3,3486147
2014-12-09,366.2,367.9,350.5,352.1,6071983
2014-12-10,349.25,361.85,349.25,361.1,4046579
2014-12-11,359.0,360.0,347.65,349.45,3811253
2014-12-12,350.5,351.75,336.05,337.1,5653766
2014-12-15,335.95,346.0,335.0,343.05,4861355
2014-12-16,337.9,338.6,329.1,335.55,5057415
2014-12-17,335.45,345.0,331.05,343.0,6394560
2014-12-18,350.05,351.0,342.95,344.95,5134345
2014-12-19,347.05,354.0,344.05,349.45,4048089
2014-12-22,350.0,358.3,350.0,357.55,2814149
2014-12-23,357.0,357.5,350.2,352.05,2027489
2014-12-24,352.95,354.0,341.85,344.0,8088287
2014-12-26,345.0,347.95,341.05,344.45,1297838
2014-12-29,345.45,351.5,345.45,346.9,1431407
2014-12-30,345.0,345.6,340.85,341.65,1707776
2014-12-31,340.0,344.8,339.5,341.35,1770583
2015-01-01,340.25,344.75,340.1,344.05,1232882
2015-01-02,344.1,352.5,344.1,349.2,2490979
2015-01-05,347.0,358.0,346.0,353.15,4049746
2015-01-06,348.55,348.95,330.6,333.15,6016665
2015-01-07,333.0,341.55,328.1,338.05,5958447
2015-01-08,342.95,343.85,335.5,341.8,4385954
2015-01-09,347.1,356.9,336.4,351.0,8815843
2015-01-12,352.05,352.4,344.45,347.7,2105033
2015-01-13,348.0,348.6,338.3,339.95,4930014
2015-01-14,340.0,346.0,339.0,344.05,4469815
2015-01-15,349.0,353.0,342.65,346.5,7158658
2015-01-16,345.0,352.0,343.35,347.1,2856616
2015-01-19,349.1,353.0,345.8,347.5,2033127
2015-01-20,351.5,351.5,347.3,350.3,3228047
2015-01-21,350.15,350.5,344.1,346.05,5908766
2015-01-22,347.0,354.85,345.75,352.9,5374509
2015-01-23,355.0,356.0,347.55,348.8,4282933
2015-01-27,350.0,351.6,346.05,350.25,3126582
2015-01-28,350.0,356.5,348.55,353.9,4691651
2015-01-29,352.0,355.5,347.5,351.9,7034153
2015-01-30,351.9,355.45,348.05,351.35,4108295
2015-02-02,355.0,357.8,348.6,349.85,2478348
2015-02-03,352.6,361.0,352.0,359.45,5078611
2015-02-04,366.15,373.8,362.1,368.55,8264203
2015-02-05,368.1,368.5,354.05,356.65,2635861
2015-02-06,360.0,361.25,347.7,351.0,3889739
2015-02-09,349.1,357.85,349.1,356.35,2697234
2015-02-10,355.0,359.1,351.0,354.65,2292260
2015-02-11,355.0,356.4,344.0,344.95,2503286
2015-02-12,346.0,350.6,339.35,346.45,4345518
2015-02-13,339.55,343.9,338.25,339.55,6089865
2015-02-16,337.5,344.7,337.0,340.45,3808761
2015-02-18,341.35,343.9,332.0,332.6,5165029
2015-02-19,334.0,335.95,330.6,333.45,3595968
2015-02-20,334.4,335.9,330.0,330.7,3176119
2015-02-23,331.7,333.55,323.7,324.85,3111810
2015-02-24,326.1,326.8,312.65,315.05,7596275
2015-02-25,317.8,323.35,315.15,317.15,5165018
2015-02-26,320.0,322.2,315.55,319.35,5553374
2015-02-27,319.0,326.0,319.0,324.75,6949416
2015-03-02,328.8,329.6,317.4,320.05,6100603
2015-03-03,320.05,326.0,317.0,320.5,6251517
2015-03-04,322.45,326.75,318.8,320.55,8262246
2015-03-05,321.05,321.45,317.4,319.95,3540831
2015-03-09,317.85,318.5,314.1,316.0,5596361
2015-03-10,318.0,318.95,308.15,314.4,7231231
2015-03-11,315.0,316.9,309.0,309.5,5058223
2015-03-12,311.0,313.95,308.9,312.2,3663263
2015-03-13,313.1,316.8,311.3,313.9,3705620
2015-03-16,313.85,314.6,311.1,312.0,2471402
2015-03-17,312.1,315.5,310.05,314.2,2533222
2015-03-18,315.0,315.45,308.0,309.2,3234687
2015-03-19,309.9,313.9,309.2,311.9,3578353
2015-03-20,312.2,313.0,308.4,311.35,3195868
2015-03-23,311.0,315.35,310.85,314.4,3059875
2015-03-24,310.6,315.0,309.0,313.4,2509703
2015-03-25,315.65,316.45,308.7,309.65,2759737
2015-03-26,311.0,311.4,298.8,301.6,7905361
2015-03-27,302.95,308.35,301.4,304.95,3927963
2015-03-30,305.0,317.4,303.85,315.2,4401179
2015-03-31,315.95,319.6,304.5,306.35,4568895
2015-04-01,307.0,309.25,305.5,306.45,2214377
2015-04-06,308.1,318.25,308.0,317.25,3704302
2015-04-07,320.0,320.5,315.0,319.0,2327210
2015-04-08,319.0,319.0,311.9,313.0,3984166
2015-04-09,314.5,315.8,308.5,310.15,3808846
2015-04-10,310.2,315.8,309.15,309.75,5795596
2015-04-13,313.5,313.5,310.1,311.85,1864743
2015-04-15,312.8,322.7,311.5,317.15,6055826
2015-04-16,318.6,328.75,318.5,327.65,6557857
2015-04-17,329.5,332.85,328.0,330.0,4267914
2015-04-20,329.85,332.9,316.2,321.8,3024135
2015-04-21,322.6,327.4,318.3,320.35,3215069
2015-04-22,321.05,323.85,309.55,312.3,4904431
2015-04-23,315.0,315.4,306.8,307.95,3466034
2015-04-24,310.0,318.9,307.65,316.85,4934294
2015-04-27,317.95,317.95,308.1,309.35,2206248
2015-04-28,309.0,313.6,304.05,307.55,3347533
2015-04-29,307.55,309.55,304.1,306.3,2963827
2015-04-30,306.85,308.8,303.1,304.0,6466227
2015-05-04,306.1,330.5,306.1,328.35,11248739
2015-05-05,331.0,343.2,328.5,342.15,16353635
2015-05-06,339.6,340.8,325.1,327.9,6867376
2015-05-07,330.0,331.3,316.5,320.05,3895409
2015-05-08,320.95,324.4,313.85,315.5,4286108
2015-05-11,316.9,320.8,315.05,319.0,3621037
2015-05-12,320.1,320.45,307.2,309.65,2976367
2015-05-13,312.15,317.7,308.5,311.1,3764563
2015-05-14,312.1,317.0,309.15,316.15,2838035
2015-05-15,315.9,319.7,312.5,318.9,2216765
2015-05-18,320.3,324.6,319.65,321.75,3057345
2015-05-19,319.35,321.3,315.55,317.6,2911288
2015-05-20,317.0,319.25,314.0,314.55,2039694
2015-05-21,316.4,318.95,314.4,318.3,2092915
2015-05-22,323.5,325.0,319.2,323.05,2595548
2015-05-25,324.0,330.75,323.2,329.55,3716002
2015-05-26,330.0,330.85,321.5,322.5,1986630
2015-05-27,324.0,333.35,320.65,332.0,2318614
2015-05-28,335.0,337.2,324.3,327.9,5674791
2015-05-29,318.0,331.8,313.2,329.85,8682428
2015-06-01,329.0,329.9,322.4,324.1,1926340
2015-06-02,328.75,328.75,318.3,320.3,3007634
2015-06-03,320.3,323.3,306.5,307.85,3432686
2015-06-04,309.8,309.8,300.25,301.35,4806939
2015-06-05,302.45,312.45,297.3,308.2,5541035
2015-06-08,310.0,310.0,305.1,306.4,2283263
2015-06-09,305.1,306.8,300.35,301.45,2105835
2015-06-10,302.0,308.0,302.0,305.35,3006533
2015-06-11,306.1,308.45,300.4,301.0,2665239
2015-06-12,301.0,302.95,299.5,300.4,1949630
2015-06-15,301.0,306.9,298.55,303.95,2807841
2015-06-16,303.95,305.3,300.0,304.45,2585655
2015-06-17,305.0,307.25,303.35,306.0,4916490
2015-06-18,306.4,315.2,305.25,312.85,4045170
2015-06-19,314.75,321.0,314.1,319.15,3882654
2015-06-22,320.0,320.0,314.0,318.4,2965469
2015-06-23,319.0,323.4,317.8,318.9,2339687
2015-06-24,319.95,323.0,316.15,317.9,2489677
2015-06-25,316.7,320.3,311.7,312.95,4804954
2015-06-26,313.0,315.5,310.6,313.2,1214138
2015-06-29,309.1,310.8,306.0,309.05,1507488
2015-06-30,308.2,311.35,307.5,309.6,2150596
2015-07-01,309.0,317.1,308.7,313.9,2887850
2015-07-02,314.0,315.1,309.45,310.0,2209470
2015-07-03,312.0,312.8,308.35,309.2,3301718
2015-07-06,305.55,309.0,304.2,308.25,2109832
2015-07-07,308.5,309.05,304.6,304.95,2401497
2015-07-08,303.0,307.75,301.8,302.95,2317800
2015-07-09,303.25,304.9,297.4,298.7,3557617
2015-07-10,301.8,301.8,291.4,293.9,7182405
2015-07-13,295.3,295.9,287.65,290.6,5150619
2015-07-14,290.0,292.9,287.7,289.7,2958180
2015-07-15,291.25,295.25,290.7,291.2,3051855
2015-07-16,291.5,294.75,290.1,291.6,2227774
2015-07-17,292.7,294.35,290.85,292.8,1801507
2015-07-20,293.0,294.1,290.5,291.85,1242017
2015-07-21,291.8,291.9,280.2,281.25,2752659
2015-07-22,281.5,287.95,281.5,284.85,2511495
2015-07-23,285.0,285.45,279.55,283.85,3804881
2015-07-24,283.5,285.9,281.65,282.85,2641098
2015-07-27,282.0,282.85,270.0,271.5,7300584
2015-07-28,272.1,272.5,263.45,269.85,5563491
2015-07-29,271.0,271.6,265.0,269.75,6813443
2015-07-30,272.9,274.4,270.1,270.9,3734902
2015-07-31,271.5,276.5,271.2,272.7,2596731
2015-08-03,272.9,277.5,268.05,273.65,3111080
2015-08-04,273.75,273.75,264.7,266.35,5099164
2015-08-05,269.0,272.0,267.9,270.0,2506043
2015-08-06,271.0,273.5,269.45,270.95,2654951
2015-08-07,270.0,283.95,269.55,282.85,9429145
2015-08-10,284.0,284.7,274.0,275.05,2678554
2015-08-11,276.65,276.65,269.05,270.05,1778721
2015-08-12,270.0,272.5,265.6,269.35,4055105
2015-08-13,271.0,274.0,265.65,269.75,4557119
2015-08-14,272.05,273.5,268.05,270.4,2531583
2015-08-17,270.1,270.15,261.45,264.0,5210190
2015-08-18,266.0,266.55,260.0,260.8,2771540
2015-08-19,260.0,262.8,257.1,260.6,3807690
2015-08-20,258.0,258.7,254.1,255.8,4785846
2015-08-21,254.05,257.4,251.1,255.95,4408788
2015-08-24,250.0,250.8,226.2,227.7,12672426
2015-08-25,230.75,235.45,224.25,230.65,7242110
2015-08-26,231.0,236.6,223.0,224.85,4830551
2015-08-27,232.0,233.4,226.05,230.3,7755373
2015-08-28,238.9,246.4,237.9,243.65,7305739
2015-08-31,247.7,248.4,237.7,239.3,6459924
2015-09-01,242.8,243.35,232.7,234.1,6688730
2015-09-02,234.15,235.5,224.35,225.2,6305439
2015-09-03,228.75,231.8,226.5,229.15,2426920
2015-09-04,232.65,232.65,221.25,225.55,4896862
2015-09-07,227.0,228.35,223.55,226.05,3549357
2015-09-08,227.95,230.5,224.1,229.9,4560725
2015-09-09,233.05,233.6,229.25,230.4,7383487
2015-09-10,228.5,229.85,223.7,226.9,4318938
2015-09-11,228.65,231.9,227.2,228.35,3889685
2015-09-14,229.9,230.4,226.0,229.65,2095785
2015-09-15,229.9,231.9,225.8,229.3,2440933
2015-09-16,232.8,232.8,228.25,230.5,2822829
2015-09-18,231.1,241.2,229.9,239.2,6455025
2015-09-21,235.8,239.85,235.0,238.95,1836368
2015-09-22,241.8,241.8,233.15,234.5,3717744
2015-09-23,230.1,237.95,229.75,236.55,2165172
2015-09-24,236.6,236.6,226.1,227.5,5979101
2015-09-28,228.25,228.45,224.1,225.1,2884408
2015-09-29,223.8,227.4,217.7,226.4,5066519
2015-09-30,228.5,230.8,222.1,229.35,5129797
2015-10-01,229.35,234.0,228.0,232.35,2774487
2015-10-05,234.0,241.2,229.0,240.5,3522070
2015-10-06,241.0,248.65,239.6,247.35,5109318
2015-10-07,251.0,260.85,251.0,257.75,6600798
2015-10-08,260.4,260.4,252.25,257.65,3556943
2015-10-09,261.0,265.0,260.2,263.65,5676904
2015-10-12,263.75,267.75,262.3,263.4,2828723
2015-10-13,259.55,261.25,252.25,253.9,3093904
2015-10-14,254.0,263.3,253.4,255.0,2960221
2015-10-15,257.1,261.0,254.1,260.15,2304272
2015-10-16,261.0,265.3,257.0,264.1,2141724
2015-10-19,264.1,264.35,256.0,257.85,1796013
2015-10-20,255.6,257.25,252.0,253.15,2386239
2015-10-21,252.0,257.9,251.5,253.45,1605370
2015-10-23,255.0,261.0,254.95,257.3,2277476
2015-10-26,257.0,260.8,254.4,256.45,2517407
2015-10-27,253.45,254.2,247.25,247.9,4925106
2015-10-28,245.6,252.5,243.35,251.8,5787962
2015-10-29,255.0,255.25,250.05,250.85,7544807
2015-10-30,249.9,250.5,244.1,246.95,3384349
2015-11-02,246.95,248.8,242.15,247.4,1352061
2015-11-03,247.2,251.5,245.3,250.7,1842932
2015-11-04,253.55,254.2,249.8,252.1,2448364
2015-11-05,250.0,253.8,249.65,250.65,3230189
2015-11-06,248.7,256.6,248.0,251.45,4009592
2015-11-09,246.2,251.0,245.05,249.3,2715318
2015-11-10,245.1,247.8,235.6,236.7,3894593
2015-11-11,238.9,239.4,236.5,237.0,242992
2015-11-13,233.05,233.5,228.0,228.9,4585470
2015-11-16,228.4,230.9,221.25,230.15,4359243
2015-11-17,231.0,233.25,226.7,232.35,6290346
2015-11-18,231.05,232.75,228.95,230.7,2574821
2015-11-19,232.75,233.7,229.25,233.0,1899896
2015-11-20,233.8,235.75,231.35,234.05,1734379
2015-11-23,235.0,235.9,231.0,231.7,1530756
2015-11-24,232.0,238.35,229.75,232.8,3453149
2015-11-26,233.1,236.9,231.8,234.85,5467269
2015-11-27,236.5,238.75,234.35,235.4,1902683
2015-11-30,234.0,235.9,230.2,234.15,3932293
2015-12-01,234.55,238.45,233.05,235.6,2363787
2015-12-02,237.1,238.0,233.3,235.8,2080856
2015-12-03,233.1,233.9,228.1,229.7,4950787
2015-12-04,227.75,231.1,226.05,227.2,3415469
2015-12-07,228.05,228.5,222.8,223.9,2414049
2015-12-08,222.0,222.25,214.05,215.75,5863135
2015-12-09,215.0,218.0,212.9,217.1,4215793
2015-12-10,217.9,220.9,214.8,219.8,4565802
2015-12-11,219.5,220.8,214.4,215.35,4352597
2015-12-14,212.5,214.6,211.25,213.4,3185842
2015-12-15,215.0,218.6,213.3,217.8,3279674
2015-12-16,219.7,227.6,217.35,226.65,5575795
2015-12-17,226.0,226.3,220.0,224.8,6152996
2015-12-18,223.0,224.8,221.2,223.25,4801051
2015-12-21,223.0,231.05,221.7,230.45,3332878
2015-12-22,230.45,232.5,228.3,230.55,3064548
2015-12-23,232.9,236.4,231.25,235.55,4014235
2015-12-24,238.0,239.8,233.3,233.85,2925695
2015-12-28,234.0,241.3,234.0,240.2,3531082
2015-12-29,240.0,241.85,237.45,239.75,2368569
2015-12-30,240.0,242.8,239.4,239.9,2618588
2015-12-31,239.5,243.8,235.15,241.75,4399110
2016-01-01,239.9,243.4,238.1,242.5,1847985
2016-01-04,241.0,244.8,235.65,238.05,2083421
2016-01-05,240.0,244.25,239.05,241.85,2430875
2016-01-06,242.0,242.3,234.65,237.55,2004807
2016-01-07,231.0,233.9,224.05,226.6,5072924
2016-01-08,228.0,231.8,225.65,230.15,4598879
2016-01-11,226.0,227.25,222.15,225.5,4275597
2016-01-12,224.0,224.3,220.0,221.35,3695782
2016-01-13,223.0,223.95,217.55,223.2,3589717
2016-01-14,220.95,225.5,216.6,223.25,4349051
2016-01-15,224.4,224.4,217.8,219.45,3008388
2016-01-18,217.0,218.0,211.25,214.4,3822690
2016-01-19,215.6,219.4,211.5,218.0,2531939
2016-01-20,214.1,215.1,209.2,213.3,4345939
2016-01-21,213.65,214.75,205.95,207.3,5919729
2016-01-22,211.95,217.0,209.8,216.25,4835825
2016-01-25,220.4,221.25,216.55,219.65,3242696
2016-01-27,219.7,221.75,217.0,218.4,4496043
2016-01-28,218.0,220.8,215.25,219.9,5840671
2016-01-29,221.3,227.85,221.0,226.25,8506493
2016-02-01,227.8,227.8,221.55,225.05,2548494
2016-02-02,222.2,224.4,215.4,216.55,4600320
2016-02-03,213.7,217.0,210.3,213.05,3229311
2016-02-04,217.9,220.5,216.25,220.0,4011027
2016-02-05,220.3,221.85,217.55,219.95,3807113
2016-02-08,220.0,220.2,211.65,214.05,1842740
2016-02-09,210.9,219.55,210.5,218.15,2434497
2016-02-10,213.85,216.0,210.8,213.5,2711173
2016-02-11,213.8,213.9,200.05,203.15,5858032
2016-02-12,200.0,200.0,187.75,193.25,6735103
2016-02-17,200.0,202.0,197.2,200.35,4860013
2016-02-18,203.65,210.6,203.0,209.1,5199775
2016-02-19,206.95,212.1,206.0,211.15,3612713
2016-02-22,212.0,215.1,210.7,214.4,2401228
2016-02-23,215.7,217.8,211.85,214.6,2395578
2016-02-24,212.8,212.8,208.2,209.4,1745437
2016-02-25,212.4,217.8,209.6,216.25,3852323
2016-02-26,217.4,218.55,214.1,216.05,2803883
2016-02-29,217.25,221.1,192.5,194.1,15873238
2016-03-01,193.9,193.9,188.55,191.5,15412098
2016-03-02,194.4,197.3,192.1,194.95,10349971
2016-03-03,196.5,200.85,193.75,197.2,11244497
2016-03-04,199.9,204.4,199.0,200.7,15015364
2016-03-08,202.75,206.35,201.0,201.85,8172531
2016-03-09,202.0,206.0,201.3,205.25,5125877
2016-03-10,208.95,208.95,204.35,205.7,8978582
2016-03-11,207.6,207.6,202.2,205.1,9508077
2016-03-14,207.5,209.0,205.75,208.25,4999098
2016-03-15,206.0,207.9,205.05,207.4,3669637
2016-03-16,207.3,208.75,204.9,206.5,3459103
2016-03-17,208.55,214.9,208.5,212.25,5596216
2016-03-18,213.75,215.0,212.5,214.6,4517487
2016-03-21,214.0,217.5,213.0,216.65,3867830
2016-03-22,216.65,219.15,215.0,216.1,4407038
2016-03-23,216.4,217.75,211.9,214.6,3985485
2016-03-28,216.5,218.7,212.4,213.95,4803983
2016-03-29,215.95,216.0,210.7,212.25,3335457
2016-03-30,213.0,219.0,212.3,217.9,3899882
2016-03-31,214.7,217.55,212.15,214.1,12174420
2016-04-01,214.5,214.95,208.1,208.8,6844130
2016-04-04,208.45,208.65,204.55,207.3,3662685
2016-04-05,206.0,208.5,204.05,205.5,3271181
2016-04-06,206.7,208.0,204.0,206.1,2878339
2016-04-07,209.05,209.5,206.7,207.75,3363385
2016-04-08,207.8,209.45,205.65,206.15,1612169
2016-04-11,208.6,209.25,205.2,207.6,3461763
2016-04-12,207.85,212.65,207.15,211.35,4228853
2016-04-13,215.0,215.4,212.8,213.35,4291748
2016-04-18,211.75,211.75,206.1,207.55,3300134
2016-04-20,208.9,210.7,208.05,209.85,3213606
2016-04-21,212.15,214.45,211.75,212.95,4691426
2016-04-22,215.9,217.35,212.65,216.1,2998135
2016-04-25,216.45,216.45,211.7,212.3,1875884
2016-04-26,212.2,215.6,210.95,214.3,2760063
2016-04-27,216.0,223.75,215.9,221.8,7024295
2016-04-28,222.3,225.4,215.25,216.85,7731894
2016-04-29,218.05,220.75,215.6,217.25,4058978
2016-05-02,218.0,220.9,216.0,217.75,3274574
2016-05-03,219.05,219.7,213.0,215.3,3870928
2016-05-04,214.8,215.3,210.0,210.65,2831831
2016-05-05,211.95,213.25,210.0,210.5,3060130
2016-05-06,210.55,210.65,207.1,208.45,2218549
2016-05-09,209.9,212.5,209.1,211.6,2672433
2016-05-10,211.95,211.95,206.3,207.9,2616101
2016-05-11,206.95,206.95,203.1,205.25,3654058
2016-05-12,208.1,208.45,204.75,206.3,4707558
2016-05-13,205.95,205.95,202.0,203.75,4841380
2016-05-16,204.4,204.9,200.0,202.6,6728337
2016-05-17,205.6,212.0,205.1,210.25,9771619
2016-05-18,210.3,215.3,209.6,214.25,5888150
2016-05-19,213.0,213.25,209.2,210.05,4493585
2016-05-20,211.8,214.65,210.45,213.1,3051322
2016-05-23,214.2,214.5,207.5,208.15,3897089
2016-05-24,208.5,208.7,204.55,206.65,2725001
2016-05-25,208.7,210.75,208.15,210.15,2072299
2016-05-26,211.0,221.15,210.7,216.05,9013234
2016-05-27,218.0,218.9,211.8,213.0,6696058
2016-05-30,214.0,215.7,213.0,213.45,3059420
2016-05-31,215.0,215.5,209.8,210.75,5860801
2016-06-01,211.4,213.3,210.1,210.65,3014538
2016-06-02,210.5,213.85,209.15,212.8,2719673
2016-06-03,213.8,214.5,211.1,211.85,2897290
2016-06-06,212.7,213.35,210.3,210.8,2443566
2016-06-07,212.0,213.95,211.75,212.95,3712315
2016-06-08,214.5,217.25,214.0,215.75,3661292
2016-06-09,217.05,222.3,217.0,220.65,7021791
2016-06-10,220.0,222.7,217.0,218.2,2967989
2016-06-13,216.0,216.4,212.5,213.25,1943235
2016-06-14,213.95,214.8,211.2,212.8,2033334
2016-06-15,213.3,214.5,212.55,213.7,1910356
2016-06-16,213.0,213.05,210.55,211.7,2197461
2016-06-17,212.65,212.75,210.2,210.75,3145070
2016-06-20,210.65,215.25,210.35,213.85,3502259
2016-06-21,215.8,218.2,215.0,217.55,3169397
2016-06-22,217.45,219.4,216.0,218.35,2866779
2016-06-23,218.0,219.55,214.2,218.5,2967431
2016-06-24,213.6,213.9,207.0,209.4,4065713
2016-06-27,208.0,212.35,207.7,210.15,2361239
2016-06-28,210.0,211.85,209.5,211.35,2161523
2016-06-29,212.75,215.15,212.1,214.75,2165900
2016-06-30,215.8,219.5,215.0,216.3,5024431
2016-07-01,216.9,229.8,216.45,225.0,5618947
2016-07-04,229.5,235.3,229.5,232.05,11240870
2016-07-05,230.6,236.4,228.55,230.75,4367727
2016-07-07,230.75,231.85,226.15,226.6,3981252
2016-07-08,225.0,225.3,222.25,223.3,2165505
2016-07-11,225.0,227.6,223.55,225.0,4140122
2016-07-12,225.1,229.45,225.1,227.9,2879762
2016-07-13,233.65,241.55,232.15,234.15,11598292
2016-07-14,234.4,234.75,229.1,230.55,6277603
2016-07-15,231.1,232.3,228.55,230.25,5782222
2016-07-18,229.0,229.0,217.1,218.6,7392150
2016-07-19,217.5,222.5,217.0,221.0,7067403
2016-07-20,221.0,224.4,219.75,223.9,6477263
2016-07-21,224.8,226.75,222.0,222.6,3076209
2016-07-22,222.9,223.65,220.8,222.45,3156131
2016-07-25,221.8,227.2,221.7,226.8,3440927
2016-07-26,226.9,229.6,223.1,224.35,4050408
2016-07-27,224.2,227.5,220.05,223.25,2655313
2016-07-28,223.25,225.3,220.6,221.35,8132878
2016-07-29,222.0,223.85,219.65,220.1,3295699
2016-08-01,222.3,223.45,218.0,218.8,3245436
2016-08-02,218.75,221.9,217.6,221.1,3809603
2016-08-03,222.0,222.9,218.0,218.75,4617881
2016-08-04,223.9,223.9,218.65,219.85,3578725
2016-08-05,221.0,226.7,220.3,225.95,3148327
2016-08-08,226.4,227.0,224.15,226.1,2663425
2016-08-09,228.8,229.85,227.1,229.0,7621258
2016-08-10,229.0,231.0,226.5,229.05,6858619
2016-08-11,228.75,231.9,227.25,231.4,6213477
2016-08-12,232.3,234.4,229.8,233.6,3913487
2016-08-16,235.0,236.35,232.3,235.2,3359700
2016-08-17,235.4,238.4,234.25,237.8,3620606
2016-08-18,238.3,242.15,237.5,241.35,3834170
2016-08-19,242.3,243.5,240.55,241.6,3737569
2016-08-22,241.6,243.9,238.3,239.35,2523607
2016-08-23,237.5,239.7,236.6,238.4,3341634
2016-08-24,239.8,243.0,239.25,241.0,2400489
2016-08-25,241.5,242.75,237.0,237.8,2793158
2016-08-26,238.1,238.85,236.0,238.4,1934741
2016-08-29,238.4,239.5,236.75,237.3,1643555
2016-08-30,238.55,242.5,237.2,241.7,2830483
2016-08-31,239.0,241.2,235.15,236.3,6511284
2016-09-01,237.0,239.15,235.1,236.6,3068322
2016-09-02,237.0,240.15,235.15,238.75,2848749
2016-09-06,239.75,241.7,238.0,238.55,2589708
2016-09-07,239.2,246.3,238.3,244.95,11669479
2016-09-08,250.0,254.9,244.1,246.3,10155237
2016-09-09,247.0,257.5,247.0,254.95,11624751
2016-09-12,250.0,252.85,248.2,251.0,5330454
2016-09-14,250.05,252.6,245.2,248.2,5372090
2016-09-15,250.05,250.3,245.1,248.5,2470853
2016-09-16,249.4,253.0,248.0,250.3,8606696
2016-09-19,250.75,255.5,250.3,254.15,4181315
2016-09-20,254.5,260.4,253.25,257.75,8590805
2016-09-21,257.0,259.5,253.7,255.35,4292227
2016-09-22,258.9,261.15,258.0,259.5,5368671
2016-09-23,259.05,263.35,258.45,260.55,5059860
2016-09-26,259.5,260.5,248.15,249.55,9277066
2016-09-27,249.9,251.8,246.35,247.55,7299978
2016-09-28,248.0,252.4,245.4,251.65,6444639
2016-09-29,256.0,258.0,248.25,250.15,9557641
2016-09-30,251.4,257.35,249.6,256.65,6292479
2016-10-03,257.0,261.95,252.4,260.25,4640147
2016-10-04,262.0,274.9,261.35,273.55,11883343
2016-10-05,274.0,275.25,265.65,266.65,6284547
2016-10-06,269.0,273.45,266.0,269.15,6340703
2016-10-07,270.4,273.7,266.7,267.35,7732452
2016-10-10,269.4,270.0,263.55,266.95,4688252
2016-10-13,268.4,274.9,265.25,272.75,9415301
2016-10-14,274.0,279.2,271.8,277.05,6355031
2016-10-17,277.05,280.0,275.55,278.45,4955052
2016-10-18,279.2,281.0,274.65,276.5,4953749
2016-10-19,277.0,280.4,276.4,278.55,4758286
2016-10-20,280.9,283.15,278.05,281.35,4052300
2016-10-21,281.0,281.05,276.05,279.8,2426315
2016-10-24,280.05,293.65,278.5,292.35,10502366
2016-10-25,293.0,293.7,287.6,288.75,7766694
2016-10-26,288.5,292.85,286.3,290.1,4229417
2016-10-27,292.0,297.4,284.1,290.8,16298838
2016-10-28,292.95,294.45,285.8,286.9,6713555
2016-11-01,290.3,290.3,281.8,289.15,7376238
2016-11-02,285.0,285.8,275.75,277.25,9849847
2016-11-03,273.65,274.0,267.0,267.55,7185416
2016-11-04,267.8,271.95,265.0,269.5,4802309
2016-11-07,273.0,274.0,266.35,267.2,2946174
2016-11-08,268.4,271.7,265.35,270.6,3769709
2016-11-09,252.2,271.0,250.0,269.9,4981197
2016-11-10,273.0,279.45,271.2,276.0,3899493
2016-11-11,273.0,278.8,270.1,273.45,4411684
2016-11-15,270.25,286.45,269.5,275.6,8119979
2016-11-16,279.0,284.6,271.1,272.4,5991331
2016-11-17,271.25,278.0,270.2,273.25,3919444
2016-11-18,273.45,277.75,273.45,275.1,4342573
2016-11-21,275.6,278.2,272.65,276.05,4692077
2016-11-22,280.95,283.5,275.1,277.9,5901885
2016-11-23,279.0,281.45,276.0,279.9,4288438
2016-11-24,280.0,281.7,275.1,277.25,4824122
2016-11-25,276.75,279.85,275.4,277.45,2927757
2016-11-28,275.3,285.5,274.55,284.0,4113446
2016-11-29,284.25,287.8,281.3,284.8,4311675
2016-11-30,284.0,291.2,282.65,288.9,7088957
2016-12-01,295.0,298.6,291.0,292.15,8502349
2016-12-02,293.7,295.8,290.4,291.25,5112339
2016-12-05,289.2,296.65,289.2,295.4,3572230
2016-12-06,297.3,299.75,296.65,298.75,4187940
2016-12-07,299.9,300.45,296.2,297.1,4216484
2016-12-08,298.05,304.4,298.05,303.3,4819803
2016-12-09,304.15,307.8,304.1,306.8,3341555
2016-12-12,310.0,314.6,310.0,311.45,4927081
2016-12-13,313.95,313.95,308.75,312.0,7911844
2016-12-14,310.15,311.45,304.1,305.3,9535686
2016-12-15,202.8,208.6,201.35,206.45,10011138
2016-12-16,207.7,207.95,200.8,201.7,6046045
2016-12-19,203.1,203.4,200.1,201.4,6134651
2016-12-20,201.4,201.45,197.5,199.85,4487663
2016-12-21,200.6,202.35,199.65,201.5,4699901
2016-12-22,200.9,200.9,194.1,194.9,5073928
2016-12-23,196.95,197.25,192.5,192.95,5637468
2016-12-26,192.0,192.75,188.15,189.0,4468708
2016-12-27,190.0,190.9,187.7,190.3,4972743
2016-12-28,189.5,192.1,189.25,189.9,4245082
2016-12-29,190.0,193.75,189.95,191.6,13079156
2016-12-30,192.7,193.35,190.25,191.35,3664012
2017-01-02,191.8,193.0,191.35,192.25,2690448
2017-01-03,193.4,193.75,191.15,192.5,4764310
2017-01-04,193.5,196.75,192.1,194.8,7507779
2017-01-05,195.3,200.25,195.3,199.65,6831388
2017-01-06,200.0,206.95,200.0,202.55,8399536
2017-01-09,203.95,204.95,197.1,198.0,4783989
2017-01-10,198.9,203.0,197.7,198.45,6865373
2017-01-11,198.6,200.0,197.3,197.65,3657809
2017-01-12,198.5,201.7,198.5,199.55,7180398
2017-01-13,203.0,203.95,200.05,201.3,7173268
2017-01-16,201.0,201.8,198.05,198.35,4070898
2017-01-17,199.0,199.65,193.0,194.8,4631529
2017-01-18,195.5,198.4,193.75,198.0,9444964
2017-01-19,197.85,201.45,196.85,200.85,11378619
2017-01-20,200.85,202.0,195.45,197.3,7834336
2017-01-23,197.3,201.8,197.3,199.9,5350419
2017-01-24,201.15,202.2,199.35,201.6,3600754
2017-01-25,201.95,205.7,201.95,204.9,11413512
2017-01-27,206.0,208.0,203.15,204.5,5089894
2017-01-30,204.5,205.45,200.8,201.85,4594038
2017-01-31,210.0,211.8,201.0,202.55,39669868
2017-02-01,203.0,205.0,199.5,200.2,11271144
2017-02-02,201.0,204.5,200.4,200.85,8549969
2017-02-03,201.7,203.2,200.55,200.95,4940894
2017-02-06,202.8,202.85,198.75,199.0,5926274
2017-02-07,198.0,199.5,192.65,193.3,10805646
2017-02-08,194.0,196.0,192.55,194.4,7106853
2017-02-09,195.45,196.2,192.45,192.9,6092204
2017-02-10,194.0,195.45,193.1,193.65,6287846
2017-02-13,194.3,194.5,190.8,192.25,4083916
2017-02-14,193.0,196.2,191.85,195.7,7785934
2017-02-15,195.9,197.8,194.15,194.95,5793110
2017-02-16,196.05,196.3,193.75,194.1,3343438
2017-02-17,195.0,195.2,193.5,194.4,3230898
2017-02-20,194.7,196.2,192.25,195.3,8954741
2017-02-21,195.75,196.75,194.5,196.25,3280290
2017-02-22,198.0,198.5,195.1,195.6,5671343
2017-02-23,195.9,197.6,194.35,196.0,20504597
2017-02-27,197.0,198.0,193.8,194.7,7881156
2017-02-28,197.1,197.3,192.65,193.55,10367585
2017-03-01,196.7,196.7,193.4,193.85,11243767
2017-03-02,194.8,194.9,192.15,192.7,6978509
2017-03-03,192.35,193.5,191.6,193.05,4294857
2017-03-06,193.5,194.75,193.0,193.8,3847930
2017-03-07,194.0,196.95,193.5,196.4,7768654
2017-03-08,197.0,197.2,192.3,192.95,6553289
2017-03-09,191.5,191.7,189.1,189.65,6323875
2017-03-10,189.7,192.45,188.3,191.6,7822853
2017-03-14,194.6,194.6,191.5,191.9,8850096
2017-03-15,191.3,192.95,190.5,190.7,4219974
2017-03-16,193.0,193.6,191.25,191.8,6732778
2017-03-17,192.0,192.4,189.45,190.0,7462534
2017-03-20,190.05,191.7,189.7,190.85,5070076
2017-03-21,191.0,194.45,191.0,194.05,6715278
2017-03-22,192.5,193.9,191.0,192.5,4960436
2017-03-23,193.55,194.5,192.75,193.6,4208188
2017-03-24,193.35,193.4,191.35,191.9,9289757
2017-03-27,191.8,192.0,188.5,188.9,4780041
2017-03-28,189.7,190.0,186.3,186.9,9790503
2017-03-29,187.9,188.1,186.4,186.95,9676087
2017-03-30,187.05,188.25,183.0,183.9,14882692
2017-03-31,184.9,186.3,184.2,185.0,8217678
2017-04-03,185.2,186.35,184.8,185.8,4802523
2017-04-05,186.35,186.7,184.75,186.25,6772865
2017-04-06,186.0,188.1,185.2,187.55,7216198
2017-04-07,187.75,188.45,185.65,186.4,8049423
2017-04-10,187.3,187.75,186.2,186.45,3953031
2017-04-11,187.6,188.4,186.85,187.85,7982429
2017-04-12,188.05,188.7,185.75,186.7,4050669
2017-04-13,187.0,187.3,184.35,184.8,3338347
2017-04-17,185.4,185.4,182.5,183.1,3070001
2017-04-18,183.35,184.4,180.5,180.95,3358340
2017-04-19,181.0,181.95,179.2,179.85,4198156
2017-04-20,181.15,183.4,178.5,179.1,9102962
2017-04-21,180.1,182.05,179.7,180.25,4117134
2017-04-24,180.5,182.2,180.5,181.45,4311732
2017-04-25,182.4,182.45,180.45,181.5,5784684
2017-04-26,181.6,181.8,179.8,180.1,4850265
2017-04-27,180.7,180.8,178.3,179.1,7471812
2017-04-28,180.0,187.15,179.4,186.55,10789077
2017-05-02,188.0,193.9,187.65,192.4,17143827
2017-05-03,193.95,194.75,190.65,191.1,6245067
2017-05-04,192.0,192.45,188.4,188.9,4432281
2017-05-05,188.5,188.6,182.25,183.8,8117137
2017-05-08,184.6,188.2,184.0,185.95,5592129
2017-05-09,186.9,187.75,185.5,186.1,4713977
2017-05-10,186.95,188.45,185.6,187.95,4038348
2017-05-11,189.1,190.25,183.1,183.6,10796830
2017-05-12,184.75,186.4,184.0,184.85,6242350
2017-05-15,187.3,188.3,186.15,186.75,5766195
2017-05-16,187.45,187.5,184.6,185.15,6960470
2017-05-17,185.2,186.65,183.9,184.5,6074714
2017-05-18,184.4,184.4,180.5,180.9,4628258
2017-05-19,181.9,182.65,179.15,180.05,5853904
2017-05-22,181.05,181.6,176.6,177.15,5558525
2017-05-23,177.9,177.9,173.7,174.65,5162996
2017-05-24,174.3,176.25,172.9,173.7,6540417
2017-05-25,174.8,175.65,173.5,174.15,8230189
2017-05-26,174.7,177.5,174.3,175.75,6460263
2017-05-29,174.5,177.3,171.2,175.75,6629243
2017-05-30,175.1,179.35,173.1,178.65,6532975
2017-05-31,178.55,178.55,175.25,177.0,10715866
2017-06-01,176.9,176.9,172.6,174.0,8676208
2017-06-02,174.9,175.45,173.1,174.0,4039371
2017-06-05,174.35,178.5,174.1,175.75,5836542
2017-06-06,176.0,176.0,171.1,171.45,6437174
2017-06-07,171.5,174.0,171.5,172.05,7404338
2017-06-08,171.25,171.7,169.0,170.55,5798852
2017-06-09,171.05,171.25,167.8,169.2,6859186
2017-06-12,169.5,170.5,168.15,168.5,4382264
2017-06-13,169.1,169.75,167.85,169.1,5988071
2017-06-14,169.2,170.05,168.15,169.5,5698882
2017-06-15,170.05,170.9,166.8,167.15,8396153
2017-06-16,166.5,167.9,165.85,167.15,9457498
2017-06-19,167.5,167.8,164.6,166.05,5175569
2017-06-20,167.0,170.35,165.8,169.1,6212122
2017-06-21,168.2,168.45,164.35,164.8,8411843
2017-06-22,164.8,165.15,160.05,160.45,8856235
2017-06-23,161.2,161.35,157.3,158.1,4803636
2017-06-27,158.95,160.85,155.2,159.95,7105195
2017-06-28,161.05,161.45,157.5,158.1,7419236
2017-06-29,159.8,160.95,157.25,157.85,8800016
2017-06-30,157.8,158.8,156.3,157.3,5746101
2017-07-03,157.4,159.5,155.9,159.1,6622621
2017-07-04,159.5,161.75,159.0,159.9,5371351
2017-07-05,160.4,163.5,159.95,162.8,5605189
2017-07-06,162.8,163.4,160.1,161.7,7115526
2017-07-07,161.5,162.0,159.1,159.6,5247930
2017-07-10,165.0,165.0,154.0,162.4,1406791
2017-07-11,162.55,163.4,160.0,160.25,7988251
2017-07-12,161.05,165.9,161.05,162.85,12966188
2017-07-13,164.1,164.1,158.6,158.9,9072801
2017-07-14,159.5,160.05,157.65,158.35,7114944
2017-07-17,160.0,160.9,158.8,160.05,6649645
2017-07-18,160.5,162.0,159.4,161.7,5319994
2017-07-19,162.05,163.5,159.8,163.0,9814913
2017-07-20,162.2,167.85,162.1,165.85,16154989
2017-07-21,166.45,166.6,163.6,164.35,7090770
2017-07-24,165.0,165.0,161.7,163.25,10394896
2017-07-25,163.5,163.8,161.75,163.3,6521103
2017-07-26,164.25,164.6,163.4,164.0,9143178
2017-07-27,165.0,165.0,162.0,162.9,12361923
2017-07-28,161.6,165.5,160.25,164.75,10303502
2017-07-31,165.0,170.0,165.0,169.4,13899095
2017-08-01,170.25,170.3,166.8,167.4,6705176
2017-08-02,167.5,167.5,164.1,165.4,7743355
2017-08-03,165.0,166.75,163.15,165.7,6902925
2017-08-04,165.5,167.3,163.6,166.4,6316753
2017-08-07,166.0,167.05,165.1,165.9,3289743
2017-08-08,165.95,166.3,162.5,164.0,5981069
2017-08-09,163.8,166.2,162.5,165.7,5908883
2017-08-10,164.5,165.6,162.15,163.7,8412268
2017-08-11,161.55,162.0,158.5,159.65,5471462
2017-08-14,160.3,162.3,160.0,161.7,3892174
2017-08-16,161.7,161.75,159.5,160.95,6213088
2017-08-17,160.85,161.65,160.0,160.6,5184915
2017-08-18,160.1,161.65,159.5,160.9,5559512
2017-08-21,161.45,164.55,156.4,157.15,11137965
2017-08-22,158.0,160.4,157.5,159.45,5611720
2017-08-23,160.4,160.75,159.25,159.7,2344934
2017-08-24,160.4,160.4,159.05,159.45,3724532
2017-08-28,160.4,161.4,159.6,160.6,3680139
2017-08-29,160.0,160.0,157.0,157.25,7756416
2017-08-30,158.4,159.1,157.65,158.4,5219322
2017-08-31,160.6,160.65,156.05,156.95,16715886
2017-09-01,158.0,160.4,157.3,159.95,6511029
2017-09-04,160.4,162.3,159.1,161.8,4859269
2017-09-05,163.0,163.65,161.4,162.8,5823055
2017-09-06,162.4,163.8,161.9,162.3,3791076
2017-09-07,163.2,163.2,161.6,162.3,9101357
2017-09-08,162.4,163.3,159.35,161.85,10505052
2017-09-11,162.3,163.9,161.0,163.05,9449161
2017-09-12,163.1,163.5,161.5,162.3,10536298
2017-09-13,162.1,162.8,160.85,161.05,7006941
2017-09-14,161.5,162.5,158.25,159.35,15371676
2017-09-15,159.5,167.85,159.0,166.75,25453536
2017-09-18,167.05,167.95,164.8,165.2,8383548
2017-09-19,163.8,166.55,163.75,165.9,7052113
2017-09-20,167.0,170.9,164.5,167.7,12062311
2017-09-21,167.7,168.2,163.75,165.9,7198883
2017-09-22,165.3,165.3,163.3,164.45,10308999
2017-09-25,163.9,165.3,161.05,164.8,8935570
2017-09-26,166.1,172.5,166.1,171.4,19866213
2017-09-27,172.05,173.05,169.65,170.2,7437060
2017-09-28,169.25,173.35,166.75,171.55,14120709
2017-09-29,171.8,174.35,170.0,170.95,6418518
2017-10-03,174.0,174.05,170.0,170.65,5604933
2017-10-04,170.75,172.8,170.1,172.1,5087199
2017-10-05,172.7,172.7,170.8,171.2,3767993
2017-10-06,171.8,174.7,171.5,173.85,6144349
2017-10-09,173.4,173.45,170.4,170.7,2981922
2017-10-10,171.0,172.15,169.1,170.35,3112910
2017-10-11,171.4,172.15,168.0,169.15,4202871
2017-10-12,169.7,170.6,167.75,169.7,4877955
2017-10-13,169.15,170.35,168.3,169.65,5190805
2017-10-16,170.45,172.9,170.05,172.05,5054731
2017-10-17,171.15,172.0,170.0,171.2,6819547
2017-10-18,171.0,174.95,170.5,174.45,7869107
2017-10-19,175.0,175.5,171.3,172.05,1215089
2017-10-23,172.9,173.4,170.55,171.7,4126469
2017-10-24,171.5,177.25,171.05,176.0,10817861
2017-10-25,177.95,178.3,175.55,176.85,6103342
2017-10-26,176.45,180.0,175.9,177.35,15326252
2017-10-27,177.9,184.9,177.2,184.0,9866477
2017-10-30,188.0,191.35,186.0,186.6,16606395
2017-10-31,186.4,192.0,184.6,191.1,10698129
2017-11-01,192.0,193.2,190.1,191.0,5341109
2017-11-02,191.0,192.2,187.55,188.0,4024181
2017-11-03,187.15,192.4,186.0,191.85,7942915
2017-11-06,192.85,200.45,191.1,199.25,16363370
2017-11-07,202.5,205.5,192.9,193.8,20559837
2017-11-08,195.0,195.7,191.0,192.55,6275377
2017-11-09,193.95,195.0,185.85,189.6,7527346
2017-11-10,190.0,192.65,188.35,191.1,6035746
2017-11-13,189.95,190.3,183.55,184.2,6894203
2017-11-14,184.9,185.1,181.35,182.0,4663077
2017-11-15,180.6,181.4,175.8,177.55,7701984
2017-11-16,182.5,182.65,177.1,179.15,7245718
2017-11-17,182.4,183.5,177.2,177.6,6851616
2017-11-20,178.7,180.45,177.7,180.0,4004561
2017-11-21,180.9,182.0,178.2,180.9,5170506
2017-11-22,181.2,182.75,180.0,181.3,3217008
2017-11-23,181.9,182.75,180.5,181.7,3511238
2017-11-24,182.5,182.6,180.4,181.0,2358579
2017-11-27,182.35,184.45,181.55,184.05,6930971
2017-11-28,183.3,183.7,180.0,181.25,10710188
2017-11-29,181.0,184.25,181.0,182.45,5407391
2017-11-30,181.0,182.0,179.45,180.65,9645385
2017-12-01,182.0,183.1,179.0,179.65,3451636
2017-12-04,181.25,183.8,180.85,181.6,6347567
2017-12-05,180.1,180.7,177.3,178.4,4550575
2017-12-06,178.4,179.2,175.4,175.85,4194219
2017-12-07,175.55,177.35,175.35,177.05,4373514
2017-12-08,177.5,181.4,177.45,180.25,4832733
2017-12-11,181.95,181.95,177.7,178.9,2310668
2017-12-12,180.4,184.2,180.2,183.3,6983526
2017-12-13,183.7,187.0,183.1,183.9,11488267
2017-12-14,185.95,186.7,182.4,184.35,5885128
2017-12-15,185.15,186.1,182.3,183.0,7297568
2017-12-18,183.0,183.9,177.0,183.05,4785160
2017-12-19,183.05,186.0,183.0,185.2,4240135
2017-12-20,190.7,191.1,187.5,188.0,8877376
2017-12-21,188.9,189.6,187.1,188.0,3893100
2017-12-22,188.7,193.8,187.75,193.4,8914713
2017-12-26,194.85,197.15,192.7,193.7,11345494
2017-12-27,195.3,196.0,191.35,192.6,7260402
2017-12-28,193.15,194.4,192.05,193.0,12772109
2017-12-29,194.0,195.9,192.5,195.2,5899591
2018-01-01,195.2,195.7,192.0,192.35,5899565
2018-01-02,195.75,197.5,195.0,196.85,12878378
2018-01-03,197.4,197.4,193.0,193.45,8032715
2018-01-04,195.3,200.0,195.2,199.5,12740860
2018-01-05,200.95,200.95,196.3,198.45,6812787
2018-01-08,198.0,199.9,196.7,197.4,4858711
2018-01-09,198.5,199.0,196.5,197.0,4598757
2018-01-10,198.3,200.0,197.25,197.9,7673209
2018-01-11,198.0,199.7,197.0,197.9,5701402
2018-01-12,198.9,201.95,197.65,200.75,9291346
2018-01-15,199.5,200.35,196.0,196.6,4500523
2018-01-16,197.6,198.25,195.0,197.2,5778244
2018-01-17,196.3,198.65,194.1,195.7,6306388
2018-01-18,196.4,197.5,193.25,194.1,6247782
2018-01-19,194.15,196.15,192.0,193.7,5046015
2018-01-22,198.0,205.95,198.0,200.7,23165754
2018-01-23,202.0,208.7,200.4,207.35,15755015
2018-01-24,209.2,212.0,208.0,210.85,16132441
2018-01-25,212.4,212.85,207.1,208.5,10247173
2018-01-29,208.0,208.45,204.25,205.15,7620080
2018-01-30,203.85,208.0,203.5,204.8,7323876
2018-01-31,203.0,204.6,198.8,203.45,11990243
2018-02-01,204.05,207.05,194.0,194.9,10015459
2018-02-02,194.0,197.75,188.0,192.7,12239774
2018-02-05,192.4,192.45,188.0,188.75,7607002
2018-02-06,182.0,187.0,180.1,185.45,5935676
2018-02-07,188.05,191.5,187.0,190.0,8644010
2018-02-08,190.0,191.6,188.0,188.7,4540513
2018-02-09,187.4,190.2,184.6,187.35,7314145
2018-02-12,192.0,194.5,190.35,191.0,14960914
2018-02-14,191.0,192.0,184.3,185.75,4960527
2018-02-15,187.1,189.0,185.0,188.3,5046557
2018-02-16,187.6,189.3,186.5,186.9,4167034
2018-02-19,187.4,187.4,181.85,185.3,4265576
2018-02-20,185.8,188.5,184.8,187.0,5328584
2018-02-21,188.0,190.8,184.7,190.15,4651807
2018-02-22,187.5,188.4,185.25,186.1,8629189
2018-02-23,187.05,190.85,186.5,189.8,4880302
2018-02-26,190.35,191.95,189.5,190.35,2721955
2018-02-27,191.0,194.35,186.1,188.5,6611097
2018-02-28,187.7,190.2,186.3,188.3,6147245
2018-03-01,187.9,190.2,187.35,189.7,3450224
2018-03-05,189.0,189.4,184.2,185.55,5082390
2018-03-06,186.5,186.9,184.5,185.4,2906142
2018-03-07,185.0,185.25,178.8,181.5,4482279
2018-03-08,182.0,182.7,179.4,180.15,3288627
2018-03-09,180.3,182.95,179.5,179.9,2053847
2018-03-12,180.9,184.3,179.0,183.85,4161129
2018-03-13,182.4,184.2,181.55,183.6,2457755
2018-03-14,182.8,184.1,179.75,180.6,4846612
2018-03-15,181.1,181.4,178.75,180.3,5145739
2018-03-16,180.3,180.45,176.1,177.15,8194541
2018-03-19,177.7,178.4,176.15,176.85,5782668
2018-03-20,176.4,177.75,173.6,174.1,3020586
2018-03-21,175.7,177.3,173.65,175.55,4055822
2018-03-22,177.0,181.7,176.55,178.9,8348549
2018-03-23,176.2,179.55,176.15,177.4,6884971
2018-03-26,179.45,179.45,176.0,178.9,4169998
2018-03-27,180.55,181.1,177.25,179.6,3823981
2018-03-28,178.5,179.0,176.1,177.8,6229049
2018-04-02,179.1,180.9,178.4,179.95,2235832
2018-04-03,177.7,179.2,176.4,177.5,3552271
2018-04-04,178.5,178.5,174.7,175.4,3353172
2018-04-05,176.5,177.9,175.45,177.45,5375271
2018-04-06,179.35,179.35,176.4,176.95,3633964
2018-04-09,177.1,179.15,176.3,178.4,4046065
2018-04-10,179.4,180.6,178.2,180.2,5180326
2018-04-11,181.5,185.4,180.35,182.15,11607043
2018-04-12,183.15,184.0,181.0,181.75,4277125
2018-04-13,181.8,183.5,181.1,182.5,3050131
2018-04-16,182.2,182.35,179.8,181.5,2308502
2018-04-17,181.75,182.1,179.3,180.8,2721706
2018-04-18,181.05,182.95,181.0,182.1,3279393
2018-04-19,183.25,186.25,181.75,183.95,5004280
2018-04-20,185.0,185.0,181.1,182.35,1618027
2018-04-23,183.4,183.75,179.4,181.05,3930421
2018-04-24,182.1,183.05,181.5,182.65,4080212
2018-04-25,181.6,182.45,178.7,179.45,3629856
2018-04-26,179.45,181.8,177.3,180.8,6742459
2018-04-27,180.95,183.0,179.55,180.7,4687951
2018-04-30,178.5,181.95,178.3,180.55,3335191
2018-05-02,181.5,181.5,179.25,180.05,4157973
2018-05-03,179.95,182.35,179.7,181.1,2796713
2018-05-04,181.8,185.15,179.55,180.25,5325720
2018-05-07,181.25,184.5,180.8,183.9,4799480
2018-05-08,184.85,186.15,179.45,183.1,5730645
2018-05-09,184.4,185.75,182.2,182.85,3075560
2018-05-10,184.45,189.35,183.5,188.25,10328901
2018-05-11,188.55,189.0,186.3,187.5,4926216
2018-05-14,187.5,188.5,184.85,187.25,3255344
2018-05-15,189.0,192.0,184.2,189.0,5877427
2018-05-16,188.95,188.95,175.8,186.2,8348946
2018-05-17,185.95,189.4,184.95,188.6,4519306
2018-05-18,189.0,191.75,184.6,185.05,4488003
2018-05-21,186.45,188.65,185.2,185.75,3380355
2018-05-22,186.2,188.5,184.0,185.2,3796268
2018-05-23,183.9,185.35,174.3,175.4,5590802
2018-05-24,175.6,176.1,155.15,167.7,34819270
2018-05-25,166.0,176.2,162.85,175.45,12361678
2018-05-28,175.0,178.8,173.7,175.6,8087040
2018-05-29,176.2,177.4,173.25,175.55,11015160
2018-05-30,175.4,178.5,172.7,174.0,12554659
2018-05-31,177.7,180.35,175.05,177.9,23822373
2018-06-01,176.0,176.0,170.6,173.2,9847581
2018-06-04,175.4,175.4,170.4,171.1,5294603
2018-06-05,170.5,172.3,169.2,171.2,5918946
2018-06-06,171.25,172.25,169.8,170.3,3331408
2018-06-07,170.1,173.75,170.1,172.65,5086661
2018-06-08,174.0,174.9,172.1,173.7,4323567
2018-06-11,174.05,174.3,172.5,173.3,3192749
2018-06-12,172.85,175.6,170.8,171.4,4564556
2018-06-13,170.8,172.0,168.6,170.0,5321172
2018-06-14,169.5,170.8,167.0,168.5,4188442
2018-06-15,166.4,168.3,164.55,165.45,7589493
2018-06-18,164.9,167.4,163.25,164.6,4390244
2018-06-19,165.4,166.8,163.5,164.8,4413184
2018-06-20,165.0,165.0,162.15,162.75,5768211
2018-06-21,163.7,163.7,158.25,159.7,12638114
2018-06-22,160.65,160.65,158.65,159.55,5371207
2018-06-25,160.35,160.7,156.1,156.65,5899032
2018-06-26,156.4,158.9,156.05,158.3,5960446
2018-06-27,158.35,158.85,154.45,156.25,7034207
2018-06-28,156.3,158.6,151.8,153.5,17670403
2018-06-29,155.15,159.35,154.15,158.4,7079407
2018-07-02,157.85,158.0,153.5,155.5,9196529
2018-07-03,155.05,161.6,154.7,157.7,12087830
2018-07-04,157.8,158.0,155.05,156.0,5194030
2018-07-05,156.0,157.6,154.2,156.4,6807718
2018-07-06,156.9,157.35,155.25,155.45,3633191
2018-07-09,156.0,158.4,155.2,157.4,4379183
2018-07-10,158.5,159.8,157.35,157.95,5276248
2018-07-11,158.0,158.75,156.5,158.1,6653936
2018-07-12,159.6,160.2,154.75,158.95,8165181
2018-07-13,159.05,159.05,153.6,154.1,3523600
2018-07-16,155.7,156.15,153.05,153.8,3680440
2018-07-17,153.25,156.85,152.45,156.15,3952416
2018-07-18,156.9,164.8,156.85,160.3,16571981
2018-07-19,162.7,165.2,160.8,161.75,8472466
2018-07-20,161.75,162.0,156.6,157.95,5475594
2018-07-23,158.05,158.75,154.8,156.55,4553137
2018-07-24,157.2,158.2,155.85,157.2,3943002
2018-07-25,157.75,160.75,157.25,159.05,4063454
2018-07-26,159.2,164.0,158.2,162.55,8778489
2018-07-27,162.5,162.8,160.15,161.3,3542015
2018-07-30,161.45,166.45,161.15,164.1,9599714
2018-07-31,165.8,166.75,163.0,165.7,6815180
2018-08-01,165.25,168.75,165.15,167.2,4618179
2018-08-02,169.4,170.8,165.25,166.4,7825776
2018-08-03,170.4,171.0,166.2,166.8,12172870
2018-08-06,167.1,169.7,166.8,169.25,5159560
2018-08-07,170.0,170.0,166.55,167.55,4300164
2018-08-08,167.6,172.9,167.6,172.5,7991348
2018-08-09,172.55,172.9,168.35,168.9,4437178
2018-08-10,169.4,170.9,168.15,169.25,4341382
2018-08-13,168.9,168.9,165.5,166.05,3731211
2018-08-14,166.35,167.0,164.85,166.25,3791016
2018-08-16,165.9,166.6,163.85,164.45,4184404
2018-08-17,164.5,165.0,162.5,163.05,4754545
2018-08-20,164.0,169.9,164.0,168.7,9674107
2018-08-21,169.8,171.25,166.8,170.2,5181397
2018-08-23,171.0,172.5,168.9,171.9,6635245
2018-08-24,171.0,176.5,170.8,174.75,9867693
2018-08-27,175.45,176.9,175.0,176.05,3612496
2018-08-28,176.2,178.5,173.25,174.6,5439278
2018-08-29,175.0,178.7,174.1,177.0,6288920
2018-08-30,176.9,181.9,176.15,177.45,11296260
2018-08-31,178.75,181.25,177.75,180.05,8916222
2018-09-03,180.75,180.75,176.65,177.3,3168480
2018-09-04,177.75,178.15,173.6,174.35,2874936
2018-09-05,174.15,175.0,170.75,173.7,3735722
2018-09-06,174.0,176.15,170.6,174.5,6809374
2018-09-07,175.0,175.0,171.1,171.9,5309239
2018-09-11,168.7,170.0,167.4,167.8,8750333
2018-09-14,169.5,173.3,168.4,172.55,4720460
2018-09-17,171.1,173.55,170.65,171.7,4012086
2018-09-18,172.35,174.6,171.75,173.9,6426239
2018-09-19,173.25,178.7,173.25,177.0,10038603
2018-09-21,177.3,181.55,176.7,180.4,9298030
2018-09-24,181.0,185.4,179.3,180.6,13799885
2018-09-25,181.95,184.65,179.4,182.3,8363857
2018-09-26,184.8,184.8,178.95,180.6,6680285
2018-09-27,181.1,181.75,175.05,175.8,7853039
2018-09-28,177.0,181.0,172.35,177.2,8598293
2018-10-01,179.3,181.1,174.65,179.0,4582462
2018-10-03,177.9,183.5,177.9,181.45,8893914
2018-10-04,180.5,182.55,163.35,172.4,7866152
2018-10-05,160.05,160.05,145.6,147.05,35255036
2018-10-08,149.0,150.85,144.7,149.8,11709162
2018-10-09,150.5,151.9,145.45,146.65,6818577
2018-10-10,146.1,151.45,146.1,148.6,10873198
2018-10-11,146.1,159.6,146.1,152.95,15633772
2018-10-12,154.7,158.35,154.05,157.4,6089606
2018-10-15,158.95,160.9,156.65,160.15,4679911
2018-10-16,161.95,167.2,161.1,165.6,8912396
2018-10-17,166.6,167.3,160.55,162.1,5347724
2018-10-19,162.5,163.75,157.0,160.45,7258192
2018-10-22,161.0,161.8,155.25,155.95,5476435
2018-10-23,155.35,157.4,150.9,155.4,8239765
2018-10-24,157.95,159.7,153.6,157.75,8342857
2018-10-25,157.0,162.8,153.05,155.35,32100452
2018-10-26,156.0,156.8,149.65,151.8,9427229
2018-10-29,152.5,155.75,150.6,154.9,5954637
2018-10-30,155.0,155.0,152.1,152.95,4156028
2018-10-31,154.0,155.0,151.4,153.25,7562821
2018-11-01,155.5,155.8,153.35,154.25,5220182
2018-11-02,155.5,158.45,155.1,157.35,7789972
2018-11-05,165.0,165.0,154.2,154.95,15261029
2018-11-06,155.95,158.2,153.8,156.05,7749980
2018-11-07,157.55,157.85,156.6,157.0,491522
2018-11-09,158.0,158.0,155.15,156.4,6478458
2018-11-12,156.95,158.4,155.35,156.05,4686739
2018-11-13,156.05,158.0,155.7,156.5,5499454
2018-11-14,157.7,163.9,157.25,161.0,15008061
2018-11-15,161.4,162.0,158.1,158.85,3468318
2018-11-16,158.0,158.0,152.8,156.35,7515249
2018-11-19,156.0,156.5,153.1,154.55,4614296
2018-11-20,154.55,155.8,152.65,153.1,5480470
2018-11-21,155.0,155.5,151.3,151.75,4573137
2018-11-22,152.5,154.3,151.65,152.25,4477092
2018-11-26,153.0,153.6,145.1,146.6,8093330
2018-11-27,147.4,147.85,144.25,146.1,9231112
2018-11-28,146.8,148.2,142.05,142.8,14201939
2018-11-29,143.9,143.9,137.65,140.6,28991042
2018-11-30,141.6,143.7,138.5,140.3,23675557
2018-12-03,140.95,143.0,140.2,142.5,8371191
2018-12-04,142.6,147.95,142.4,146.15,9753442
2018-12-05,145.95,148.1,142.4,143.7,9774733
2018-12-06,142.6,142.6,138.5,140.15,5771659
2018-12-07,140.2,141.45,138.05,139.4,10571838
2018-12-10,138.5,141.25,135.15,137.1,33096556
2018-12-11,136.0,138.95,134.75,138.1,14884397
2018-12-12,139.5,142.5,138.85,141.7,14020937
2018-12-13,143.0,144.2,141.5,143.3,11251819
2018-12-14,143.0,150.4,140.6,146.85,23355616
2018-12-17,148.0,149.9,146.1,148.25,12767531
2018-12-18,147.9,148.95,146.3,147.6,10474177
2018-12-19,147.5,148.8,147.3,148.25,7008346
2018-12-20,147.95,150.75,147.4,148.6,21204077
2018-12-21,149.0,149.3,147.6,148.5,17767999
2018-12-24,148.5,149.7,147.3,147.9,8200455
2018-12-26,148.1,149.45,145.75,146.6,9247671
2018-12-27,147.35,151.4,146.0,149.7,44356763
2018-12-28,148.2,151.5,148.0,150.5,10732729
2018-12-31,150.15,150.8,149.1,149.9,5778308
2019-01-01,150.0,150.1,148.0,148.5,4496586
2019-01-02,148.0,148.35,145.75,147.05,17436694
2019-01-03,145.0,145.65,141.6,142.4,26599483
2019-01-04,142.05,146.2,142.05,145.7,7395898
2019-01-07,147.55,148.4,145.75,147.85,12700566
2019-01-08,149.1,149.1,146.3,147.45,6163846
2019-01-09,147.9,148.2,144.85,145.3,4951441
2019-01-10,145.9,147.0,143.0,143.25,7131028
2019-01-11,144.0,145.5,143.65,144.65,7665486
2019-01-14,145.0,145.2,142.5,143.45,6028078
2019-01-15,144.7,145.5,144.05,145.15,3680774
2019-01-16,145.2,147.25,145.2,146.35,3667241
2019-01-17,146.5,147.45,144.45,145.0,5142302
2019-01-18,145.1,147.7,145.1,146.75,4904282
2019-01-21,147.0,147.2,144.1,144.7,4087312
2019-01-22,145.5,146.0,144.05,144.35,4113351
2019-01-23,144.7,145.55,143.0,143.3,4946218
2019-01-24,143.4,143.95,141.05,141.7,3820645
2019-01-25,142.1,144.45,141.65,142.0,3871762
2019-01-28,142.5,142.95,139.65,141.65,2910523
2019-01-29,142.3,143.7,140.1,141.05,7282910
2019-01-30,141.45,141.5,138.5,139.7,8511453
2019-01-31,140.2,142.8,139.25,141.25,28107358
2019-02-01,141.0,143.3,139.8,141.8,5260578
2019-02-04,142.5,147.45,142.45,146.25,9532350
2019-02-05,146.0,148.2,142.3,142.95,5413425
2019-02-06,143.4,147.75,142.5,146.7,5075180
2019-02-07,146.9,148.3,145.5,147.9,6080631
2019-02-08,146.3,148.3,143.15,144.15,4510762
2019-02-11,143.25,143.65,137.1,138.2,6424512
2019-02-12,138.5,140.95,136.55,137.45,6816203
2019-02-13,138.75,139.5,133.1,133.4,8709694
2019-02-14,133.5,134.2,127.6,132.15,25346334
2019-02-15,138.0,140.9,133.4,135.0,37975666
2019-02-18,136.8,138.9,135.8,137.1,10614715
2019-02-19,137.2,140.35,137.2,139.15,9077045
2019-02-20,141.6,145.35,140.0,144.05,14236359
2019-02-21,145.0,148.6,144.2,146.95,13876243
2019-02-22,148.6,150.5,147.1,148.6,18273813
2019-02-25,149.0,149.35,145.7,147.75,20216077
2019-02-26,147.5,149.2,146.0,147.5,12458860
2019-02-27,148.75,149.75,146.5,148.0,11868751
2019-02-28,144.4,150.75,143.1,148.65,48854712
2019-03-01,149.9,150.2,147.85,149.1,9764801
2019-03-05,148.75,155.65,147.85,155.0,11194669
2019-03-06,155.1,157.0,152.8,154.8,15648948
2019-03-07,154.8,155.5,151.5,152.05,30210637
2019-03-08,152.1,152.6,147.0,150.4,17986042
2019-03-11,151.55,154.3,151.1,153.0,15880368
2019-03-12,154.0,155.6,151.1,151.85,10818012
2019-03-13,151.25,151.25,145.7,149.75,21001041
2019-03-14,150.0,152.5,149.5,151.05,6328309
2019-03-15,151.9,157.45,151.2,156.0,15483879
2019-03-18,155.0,157.3,153.6,154.65,7575127
2019-03-19,155.95,163.2,154.8,157.0,18289779
2019-03-20,156.65,157.05,150.6,151.85,28675956
2019-03-22,152.95,153.45,148.45,152.35,26751005
2019-03-25,152.0,160.55,150.7,158.65,22638399
2019-03-26,159.0,163.05,158.7,160.05,16694599
2019-03-27,160.15,161.4,157.5,160.1,10063152
2019-03-28,160.0,160.25,155.2,155.9,25492224
2019-03-29,157.0,162.3,155.5,159.75,28968721
2019-04-01,160.5,160.95,155.8,157.25,20605152
2019-04-02,159.2,159.7,156.4,157.5,10435568
2019-04-03,158.55,159.1,154.6,155.45,8283863
2019-04-04,155.25,156.35,153.3,155.25,10752094
2019-04-05,156.0,157.15,153.95,156.55,6797106
2019-04-08,157.8,160.25,156.55,158.1,13120469
2019-04-09,158.6,158.9,157.05,157.55,8487177
2019-04-10,156.95,159.95,156.8,158.0,9363447
2019-04-11,158.0,159.4,155.9,158.6,5279154
2019-04-12,159.0,159.65,157.25,157.6,5631030
2019-04-15,158.3,158.3,156.1,156.45,3902646
2019-04-16,156.5,161.0,155.85,160.45,8394765
2019-04-18,160.85,162.2,159.05,160.6,9606055
2019-04-22,160.7,161.5,156.9,157.9,5543020
2019-04-23,158.0,165.0,157.6,163.75,10137024
2019-04-24,165.7,170.45,165.7,168.65,33596281
2019-04-25,168.35,170.0,166.55,168.85,134264338
2019-04-26,169.5,169.95,167.9,168.4,8708111
2019-04-30,168.0,171.15,166.15,169.2,9844317
2019-05-02,169.3,172.0,168.4,168.9,22056708
2019-05-03,168.85,171.9,168.7,170.25,12720120
2019-05-06,170.0,171.7,168.15,170.15,18962836
2019-05-07,170.4,172.5,168.6,171.7,9042790
2019-05-08,171.4,171.4,167.75,168.9,8603091
2019-05-09,167.4,170.1,167.4,169.4,6869953
2019-05-10,168.4,169.4,165.7,166.3,6195094
2019-05-13,167.2,167.9,163.0,164.1,7792358
2019-05-14,162.0,165.4,160.85,164.15,7268915
2019-05-15,164.6,165.2,161.8,162.75,5412275
2019-05-16,163.4,166.9,162.0,165.95,5197438
2019-05-17,166.5,168.0,162.1,167.35,5532072
2019-05-20,170.0,176.6,169.1,176.0,7103649
2019-05-21,175.1,176.5,173.8,174.75,7135887
2019-05-22,174.85,178.0,174.15,177.0,10347293
2019-05-23,178.5,178.9,173.0,174.15,9247879
2019-05-24,174.0,175.9,168.8,174.4,9263195
2019-05-27,174.0,175.2,172.55,173.65,7461458
2019-05-28,173.15,176.4,171.6,175.3,16628505
2019-05-29,173.9,174.65,170.35,171.55,7205487
2019-05-30,172.0,172.0,167.55,169.45,21945960
2019-05-31,168.0,173.95,166.55,171.95,17113729
2019-06-03,173.0,173.2,167.5,172.15,17756361
2019-06-04,172.9,173.5,170.05,170.6,8578302
2019-06-06,170.5,172.1,168.85,169.4,14152285
2019-06-07,169.6,170.1,166.55,167.5,5052519
2019-06-10,168.1,169.0,163.2,164.65,10866149
2019-06-11,164.85,170.35,164.85,169.25,11282418
2019-06-12,168.05,171.45,166.0,170.85,9478876
2019-06-13,168.8,170.2,167.0,168.95,6678516
2019-06-14,168.95,171.0,168.45,169.3,7153585
2019-06-17,169.5,169.95,162.95,164.4,4603627
2019-06-18,164.0,166.95,163.25,166.15,5808715
2019-06-19,166.8,169.1,164.6,167.35,4625698
2019-06-20,166.3,172.75,166.3,172.0,5793816
2019-06-21,171.75,173.45,169.8,170.95,11402911
2019-06-24,171.15,171.85,164.85,165.2,6585159
2019-06-25,165.5,168.45,165.5,166.2,6697367
2019-06-26,166.1,169.15,166.1,167.55,5978575
2019-06-27,167.55,171.8,167.25,170.6,36738164
2019-06-28,170.3,171.3,166.65,167.75,5325984
2019-07-01,168.2,170.4,159.25,161.0,15160240
2019-07-02,163.0,166.25,161.5,165.65,10975678
2019-07-03,165.8,167.95,163.5,166.3,8253849
2019-07-04,166.4,168.9,166.1,167.1,8827834
2019-07-05,167.1,168.05,160.0,161.5,14509056
2019-07-08,161.45,161.5,151.05,152.4,10273814
2019-07-09,152.4,155.45,150.65,153.4,15033604
2019-07-10,153.05,154.4,149.65,151.65,5310646
2019-07-11,153.0,154.1,152.0,153.1,6576542
2019-07-12,153.0,153.35,148.0,149.7,13015538
2019-07-15,150.0,151.7,148.8,150.7,8465078
2019-07-16,151.0,154.4,150.7,152.25,12865346
2019-07-17,152.4,153.65,149.0,149.9,8046201
2019-07-18,149.95,150.8,143.05,143.4,15971004
2019-07-19,144.5,145.8,140.4,143.9,25660025
2019-07-22,144.0,147.4,140.65,146.65,12077069
2019-07-23,146.5,147.75,144.15,144.6,5519598
2019-07-24,145.4,145.85,142.9,143.6,9202665
2019-07-25,144.3,144.8,141.4,143.85,28004780
2019-07-26,144.4,144.4,141.4,141.9,10055490
2019-07-29,142.0,142.4,138.35,140.35,19155260
2019-07-30,141.4,141.8,138.1,138.75,11943745
2019-07-31,137.7,139.7,136.25,138.85,9857785
2019-08-01,138.5,139.75,135.1,136.9,9105690
2019-08-02,136.0,136.35,132.75,134.35,9912972
2019-08-05,132.8,132.9,130.1,131.3,9551686
2019-08-06,130.85,132.5,129.35,131.45,11765339
2019-08-07,131.45,131.85,128.4,130.5,13083927
2019-08-08,130.5,132.7,127.9,130.85,10164125
2019-08-09,131.65,132.4,129.65,130.95,8847432
2019-08-13,130.95,133.5,125.5,127.75,12944927
2019-08-14,129.0,129.8,125.75,126.85,14449993
2019-08-16,127.7,129.1,126.4,127.9,12017531
2019-08-19,128.0,128.5,126.05,126.3,5695238
2019-08-20,126.6,126.85,124.35,125.05,6214250
2019-08-21,125.0,125.55,119.65,121.2,9765538
2019-08-22,121.2,121.5,116.2,116.95,8867462
2019-08-23,116.35,123.45,115.75,122.25,10008179
2019-08-26,124.0,125.05,119.6,123.75,11056410
2019-08-27,124.1,126.4,123.15,125.6,18829260
2019-08-28,125.05,125.95,120.4,121.2,11763326
2019-08-29,120.0,124.25,119.5,123.25,30777971
2019-08-30,123.5,125.75,119.5,121.2,9910931
2019-09-03,120.5,120.5,116.5,117.15,8243808
2019-09-04,117.5,119.4,115.55,119.0,8873226
2019-09-05,119.45,129.9,119.45,125.15,32226347
2019-09-06,126.4,128.55,124.5,127.95,15759526
2019-09-09,127.3,129.95,126.0,129.4,9454697
2019-09-11,129.2,130.9,125.15,125.75,11398745
2019-09-12,126.25,128.35,125.25,125.9,8659474
2019-09-13,126.25,129.3,125.35,128.85,13251256
2019-09-16,130.95,133.25,128.5,130.7,18224041
2019-09-17,130.75,132.0,129.05,129.7,11879210
2019-09-18,129.7,129.95,125.95,127.0,12238136
2019-09-19,127.0,127.25,123.65,124.3,8680319
2019-09-20,124.4,134.95,121.6,133.6,30270009
2019-09-23,137.45,140.85,134.95,136.3,17685955
2019-09-24,136.25,139.8,132.8,133.5,16012272
2019-09-25,132.0,133.65,130.7,131.45,5824582
2019-09-26,131.8,138.05,131.2,137.05,19764328
2019-09-27,135.9,136.1,130.45,131.5,11359611
2019-09-30,131.1,132.9,128.55,131.8,11625597
2019-10-01,131.5,133.35,126.75,128.2,10259184
2019-10-03,128.2,129.85,125.4,128.1,7082143
2019-10-04,129.95,132.75,127.3,129.55,20137433
2019-10-07,129.55,129.75,125.4,126.55,9194007
2019-10-09,126.45,127.15,123.95,125.85,15309757
2019-10-10,125.85,127.1,125.1,125.5,6169256
2019-10-11,126.3,129.9,126.1,129.0,11840486
2019-10-14,129.45,136.45,129.0,135.25,19460416
2019-10-15,137.0,139.15,135.35,138.65,17145941
2019-10-16,140.0,143.2,138.3,141.65,15149481
2019-10-17,141.1,141.9,139.15,141.4,9372042
2019-10-18,140.1,144.5,139.9,143.5,17597233
2019-10-22,143.5,146.15,142.2,144.25,11582273
2019-10-23,144.25,144.95,141.25,141.9,7500868
2019-10-24,141.9,142.2,139.05,140.7,6919238
2019-10-25,141.6,141.6,138.1,139.55,6636201
2019-10-29,140.55,143.85,138.2,142.15,8236221
2019-10-30,144.0,144.0,139.8,140.55,7064774
2019-10-31,140.6,142.2,139.65,141.7,22281969
2019-11-01,140.55,144.75,140.1,144.15,8049866
2019-11-04,144.15,149.65,144.15,147.4,11733406
2019-11-05,148.2,148.75,145.0,146.35,7883507
2019-11-06,146.35,148.0,143.85,144.65,6207456
2019-11-07,144.95,145.05,140.4,142.05,7332352
2019-11-08,141.95,143.5,137.6,138.3,8252930
2019-11-11,138.4,139.75,136.65,139.1,7032172
2019-11-13,139.1,140.4,137.5,138.2,7969923
2019-11-14,138.2,139.25,135.65,136.2,8178628
2019-11-15,137.3,138.8,135.15,135.55,8390855
2019-11-18,135.45,136.1,133.2,133.9,6851414
2019-11-19,135.0,135.1,132.8,133.25,5821375
2019-11-20,132.85,135.25,132.25,133.7,7657346
2019-11-21,133.7,134.5,130.6,131.15,7946555
2019-11-22,131.0,134.65,130.8,133.85,6323556
2019-11-25,133.85,134.55,130.5,130.95,11930938
2019-11-26,131.85,133.4,129.25,130.25,16115025
2019-11-27,130.4,133.05,129.55,132.65,5343104
2019-11-28,132.4,133.55,131.1,133.15,6663638
2019-11-29,133.05,133.45,130.5,131.75,9434148
2019-12-02,131.05,131.45,127.55,128.1,15010167
2019-12-03,128.1,128.4,126.0,127.65,7809967
2019-12-04,126.9,130.65,126.85,130.05,5821599
2019-12-05,129.3,130.4,128.45,128.9,4185400
2019-12-06,129.5,129.5,126.3,126.55,5097809
2019-12-09,126.9,127.8,125.6,126.3,3841176
2019-12-10,126.4,128.3,124.9,125.2,6125011
2019-12-11,126.1,128.5,125.0,128.0,6878932
2019-12-12,128.1,128.3,125.35,125.9,9804404
2019-12-13,126.45,127.45,126.0,126.5,6663052
2019-12-16,126.5,126.95,125.0,125.6,6241723
2019-12-17,125.15,126.0,124.3,125.3,8062616
2019-12-18,125.6,125.65,124.15,125.1,6687482
2019-12-19,125.1,126.85,124.2,125.7,6223102
2019-12-20,126.0,126.8,124.85,125.15,8515990
2019-12-23,124.9,126.3,124.05,124.65,10466423
2019-12-24,124.9,126.6,124.7,126.0,9979742
2019-12-26,126.0,129.55,124.5,128.0,23164167
2019-12-27,129.5,129.9,127.2,128.4,8435235
2019-12-30,128.4,129.25,127.1,127.95,4023932
2019-12-31,127.2,129.25,127.2,128.8,5102473
2020-01-01,128.75,128.9,126.85,127.45,2574894
2020-01-02,127.65,128.65,127.1,128.05,4759843
2020-01-03,131.0,133.4,128.05,128.45,31381588
2020-01-06,129.7,129.8,125.1,126.25,14611204
2020-01-07,125.6,127.7,125.4,125.75,7193304
2020-01-08,125.0,125.45,123.2,123.45,6236192
2020-01-09,124.95,125.1,122.8,123.7,10135017
2020-01-10,124.45,125.2,123.7,124.15,6550218
2020-01-13,124.25,125.7,124.25,125.45,5737187
2020-01-14,125.45,125.65,123.8,125.05,12432511
2020-01-15,125.05,125.5,124.25,124.65,5714614
2020-01-16,125.0,125.2,124.05,124.5,7322878
2020-01-17,124.55,125.55,124.0,125.4,8561603
2020-01-20,126.0,126.75,120.0,122.9,16106541
2020-01-21,123.05,124.5,122.4,122.75,6497799
2020-01-22,122.0,122.0,116.0,116.4,23639592
2020-01-23,117.25,118.95,116.4,117.8,21105999
2020-01-24,118.0,119.8,117.3,118.35,11172364
2020-01-27,118.35,118.5,116.8,117.25,12078165
2020-01-28,117.55,117.7,115.6,116.6,11611352
2020-01-29,117.35,118.15,116.45,117.65,15562740
2020-01-30,117.55,117.55,115.0,115.6,21142714
2020-01-31,115.8,116.0,106.75,108.95,83360147
2020-02-03,104.35,104.95,101.55,103.45,18445537
2020-02-04,104.1,106.9,103.8,106.15,16896688
2020-02-05,106.4,107.4,105.1,106.8,11348275
2020-02-06,106.8,107.8,106.3,107.25,10750236
2020-02-07,107.3,109.75,106.55,109.25,21415595
2020-02-10,109.15,109.15,105.75,106.2,32081049
2020-02-11,107.15,107.65,106.3,106.8,20946852
2020-02-12,107.0,107.8,106.5,106.7,13053367
2020-02-13,107.0,108.2,104.25,105.35,17702073
2020-02-14,105.55,106.3,103.0,103.3,26644685
2020-02-17,101.5,102.9,98.8,99.95,36666416
2020-02-18,99.95,100.25,96.55,99.3,35575369
2020-02-19,100.3,102.2,98.8,101.7,21806183
2020-02-20,102.0,104.1,101.7,102.8,28378025
2020-02-24,102.5,102.5,97.2,98.05,20167769
2020-02-25,98.7,100.25,97.25,97.55,18255196
2020-02-26,97.4,98.5,95.5,95.8,16192058
2020-02-27,95.7,96.2,92.05,93.35,29616674
2020-02-28,90.3,92.7,89.5,91.95,30416954
2020-03-02,94.0,95.0,88.25,89.1,24442896
2020-03-03,90.9,94.0,89.65,93.35,24098468
2020-03-04,94.2,94.9,90.7,92.8,22998427
2020-03-05,93.35,94.4,92.0,92.6,16357817
2020-03-06,89.5,91.5,87.65,88.5,17823038
2020-03-09,82.15,82.5,74.0,74.55,86674325
2020-03-11,76.75,77.4,71.05,71.7,63570122
2020-03-12,66.6,68.4,62.0,62.5,76138489
2020-03-13,59.4,67.0,50.0,65.9,73052306
2020-03-16,63.5,65.2,60.0,60.15,49834392
2020-03-17,61.1,63.0,59.65,60.0,46722526
2020-03-18,61.6,86.8,57.5,68.15,178593486
2020-03-19,62.15,64.0,58.1,61.05,61261160
2020-03-20,63.05,74.4,62.75,72.35,128784781
2020-03-23,60.65,65.5,60.0,60.4,36059063
2020-03-24,63.5,64.7,60.1,62.5,38810910
2020-03-25,61.2,63.0,60.0,61.55,28639667
2020-03-26,61.85,65.6,59.65,64.75,46474998
2020-03-27,66.0,66.0,62.8,64.45,33298960
2020-03-30,61.05,65.65,60.1,63.35,32935523
2020-03-31,65.0,69.65,63.55,68.3,45892788
2020-04-01,67.0,67.25,65.1,65.75,21883464
2020-04-03,69.0,71.0,66.5,69.85,39761221
2020-04-07,71.2,74.4,70.2,72.9,30983247
2020-04-08,72.4,76.35,71.0,74.45,30556746
2020-04-09,76.0,77.65,76.0,77.3,19210693
2020-04-13,78.8,78.8,72.65,75.05,22316547
2020-04-15,75.1,76.45,73.5,74.35,22311692
2020-04-16,74.0,76.5,73.4,75.45,24473642
2020-04-17,77.8,77.8,75.15,76.3,14565447
2020-04-20,75.35,75.65,73.8,74.0,15699082
2020-04-21,69.7,70.75,67.2,69.35,27607651
2020-04-22,65.9,66.35,60.8,65.35,73847573
2020-04-23,67.5,69.05,66.55,67.35,38208748
2020-04-24,67.15,69.5,66.6,67.6,31588406
2020-04-27,68.0,69.5,67.65,68.45,16723890
2020-04-28,67.8,69.7,67.1,69.2,20423140
2020-04-29,69.4,70.95,68.7,70.5,18028576
2020-04-30,72.6,81.05,71.5,79.9,54295139
2020-05-04,76.0,77.85,74.05,76.55,28642245
2020-05-05,78.9,81.9,78.15,78.45,61865518
2020-05-06,81.35,81.35,77.45,79.25,38948341
2020-05-07,78.3,78.3,75.1,75.6,20806305
2020-05-08,76.4,77.2,74.75,76.0,18523906
2020-05-11,76.0,78.15,74.5,77.05,15701778
2020-05-12,76.95,77.35,74.5,76.3,14186808
2020-05-13,79.0,79.05,76.25,78.2,20494837
2020-05-14,77.0,77.35,75.2,76.15,13346163
2020-05-15,77.25,78.5,75.9,76.15,16836413
2020-05-18,76.95,76.95,72.4,72.9,13015452
2020-05-19,74.4,78.7,74.1,77.15,42316096
2020-05-20,77.2,78.5,76.3,78.0,12969876
2020-05-21,78.75,79.0,76.4,77.0,17999916
2020-05-22,76.95,76.95,75.4,76.15,12443833
2020-05-26,77.0,78.2,76.6,77.0,11840048
2020-05-27,77.2,78.2,75.9,77.95,11656180
2020-05-28,77.5,80.95,77.4,78.85,18646208
2020-05-29,78.05,83.75,77.4,83.2,40559737
2020-06-01,85.0,86.5,83.65,83.95,25048603
2020-06-02,84.45,84.9,82.6,84.3,15368224
2020-06-03,86.05,87.45,85.3,86.3,23937209
2020-06-04,85.0,86.05,84.0,84.9,15121039
2020-06-05,85.1,88.8,85.0,86.95,18203733
2020-06-08,90.0,93.1,89.2,90.95,32511412
2020-06-09,91.95,92.4,89.35,90.0,16702416
2020-06-10,90.6,91.5,87.7,88.25,17382524
2020-06-11,88.3,89.55,86.5,86.9,14276814
2020-06-12,81.55,84.2,81.55,83.9,20601082
2020-06-15,84.0,85.9,83.0,84.1,17275091
2020-06-16,85.5,85.75,82.35,83.9,13467650
2020-06-17,83.6,84.75,83.2,84.2,15440386
2020-06-18,83.0,83.95,81.8,83.6,18460702
2020-06-19,85.5,86.3,84.3,85.75,21920952
2020-06-22,86.1,86.2,84.1,84.85,19229487
2020-06-23,85.5,86.5,84.4,85.65,23442659
2020-06-24,86.25,86.65,82.55,83.1,33082696
2020-06-25,82.25,84.0,80.0,81.6,121278403
2020-06-26,83.1,84.8,82.5,84.15,23684918
2020-06-29,83.95,84.1,81.6,82.4,14299404
2020-06-30,83.5,83.55,80.65,81.35,25762628
2020-07-01,79.0,80.95,78.3,80.45,35344809
2020-07-02,81.35,84.15,81.1,81.85,35154233
2020-07-03,82.45,83.35,81.6,82.4,16793161
2020-07-06,83.05,84.9,82.8,83.75,17511379
2020-07-07,83.75,83.8,81.8,81.95,20124675
2020-07-08,82.0,82.9,81.0,81.3,18626982
2020-07-09,81.6,82.25,79.9,80.2,17348338
2020-07-10,80.0,80.15,77.7,78.55,17773267
2020-07-14,78.5,78.95,77.15,77.35,9303884
2020-07-15,78.0,78.2,75.85,76.25,14377120
2020-07-16,76.4,76.7,75.0,76.15,10605125
2020-07-17,76.3,80.65,76.3,80.35,24934073
2020-07-20,81.0,81.25,79.2,80.3,15570377
2020-07-21,80.6,82.9,80.35,82.45,20976714
2020-07-22,82.75,83.5,81.7,82.6,17884327
2020-07-23,82.5,83.85,82.05,82.65,14674735
2020-07-24,82.1,82.4,80.25,81.0,10000517
2020-07-27,81.4,82.0,80.1,80.8,8511120
2020-07-28,81.0,81.25,79.3,79.9,10618186
2020-07-29,79.8,80.7,79.3,79.5,9906214
2020-07-30,80.0,80.4,77.5,77.7,9671441
2020-07-31,77.95,78.85,77.15,78.3,10965340
2020-08-03,78.35,78.5,75.55,75.9,11874519
2020-08-04,76.3,77.7,75.9,76.1,13370396
2020-08-05,76.5,77.5,76.3,76.95,9078922
2020-08-06,77.85,79.95,77.05,78.05,26386804
2020-08-07,78.15,79.4,78.1,78.65,11787233
2020-08-10,79.5,79.75,78.9,79.05,7067873
2020-08-11,79.55,80.0,78.2,78.45,10835770
2020-08-12,78.45,79.1,77.7,78.1,10482298
2020-08-13,78.55,79.45,78.4,78.6,7316685
2020-08-14,78.7,78.95,76.95,77.1,11637195
2020-08-17,77.5,79.8,77.4,79.3,13612342
2020-08-18,79.75,81.9,79.15,80.65,28330266
2020-08-19,80.85,81.7,79.1,79.55,12081506
2020-08-20,79.0,83.25,77.9,82.15,37457741
2020-08-21,82.95,83.45,80.65,81.05,17027759
2020-08-24,81.3,81.85,80.6,81.25,9798867
2020-08-25,81.4,82.5,80.2,80.5,22481154
2020-08-26,81.2,82.1,80.75,81.4,15968479
2020-08-27,81.8,81.95,80.0,80.15,16309200
2020-08-28,80.35,81.8,80.0,80.35,14667141
2020-08-31,81.0,85.5,80.9,81.95,93193563
2020-09-01,82.75,82.8,78.0,79.35,38005572
2020-09-02,81.15,81.75,79.5,80.3,31155170
2020-09-03,80.5,81.3,78.8,79.05,19976183
2020-09-04,78.55,79.1,77.35,77.9,12855872
2020-09-07,78.2,78.35,75.95,76.45,16574103
2020-09-08,76.55,76.65,74.0,74.45,17905760
2020-09-09,73.95,73.95,70.9,72.7,28166431
2020-09-10,73.5,74.4,72.65,73.65,18646453
2020-09-11,73.45,73.7,72.6,73.3,11511957
2020-09-14,73.85,74.75,73.25,73.65,11990117
2020-09-15,73.75,74.35,73.25,73.8,8883209
2020-09-16,74.25,74.45,72.55,73.05,10285753
2020-09-17,73.05,74.3,72.85,73.15,16070908
2020-09-18,73.8,74.8,72.95,74.3,25692290
2020-09-21,74.0,74.1,70.9,71.15,13686791
2020-09-22,71.0,71.3,68.75,69.5,18043170
2020-09-23,69.7,70.15,67.4,67.65,17014241
2020-09-24,66.05,67.35,65.5,66.65,32950980
2020-09-25,68.0,69.25,66.15,68.9,20235948
2020-09-28,69.45,73.7,69.25,71.85,28336618
2020-09-29,72.5,72.7,68.9,69.15,20798564
2020-09-30,69.4,70.45,67.6,69.25,20069463
2020-10-01,67.5,69.4,66.65,69.15,20869336
2020-10-05,69.0,69.7,68.4,69.2,12608190
2020-10-06,70.0,70.2,69.0,69.35,10028722
2020-10-07,69.3,73.35,69.1,70.5,50074521
2020-10-08,70.9,71.0,68.25,68.45,21348290
2020-10-09,69.0,70.6,68.25,70.3,25747434
2020-10-12,70.3,70.6,68.8,69.15,10564969
2020-10-13,69.1,69.75,68.8,69.1,9070869
2020-10-14,68.5,68.8,66.65,67.0,24828155
2020-10-15,67.0,68.5,65.7,66.05,17334497
2020-10-16,66.65,67.55,66.0,67.25,18591533
2020-10-19,67.35,70.45,67.35,69.3,25987839
2020-10-20,69.5,69.75,67.25,67.4,18530440
2020-10-21,68.0,68.6,67.0,67.8,19590729
2020-10-22,67.4,69.1,67.3,68.85,26356513
2020-10-23,69.2,69.6,68.6,69.0,13180165
2020-10-26,69.5,69.5,67.65,68.2,14225064
2020-10-27,68.1,68.45,66.5,66.85,17088935
2020-10-28,67.25,67.4,66.1,66.35,15025734
2020-10-29,66.05,66.35,64.1,64.4,29901827
2020-10-30,65.0,65.9,64.2,64.9,25857851
2020-11-02,65.4,66.05,64.2,65.7,12847852
2020-11-03,66.0,66.75,65.7,66.3,10809489
2020-11-04,66.3,66.9,65.6,66.45,12479581
2020-11-05,66.9,68.1,66.2,67.6,17947631
2020-11-06,67.7,68.2,67.2,68.0,10496588
2020-11-09,68.65,68.65,67.8,68.45,8473527
2020-11-10,69.05,71.0,68.5,70.75,33795453
2020-11-11,71.45,72.7,70.55,72.35,23531793
2020-11-12,72.5,72.9,70.75,71.55,16446681
2020-11-13,71.2,72.5,70.05,72.15,16264536
2020-11-17,72.7,73.3,71.0,71.3,18852045
2020-11-18,71.65,72.1,70.9,71.95,14032869
2020-11-19,71.5,74.2,71.45,72.15,27903903
2020-11-20,72.45,72.7,70.7,71.65,14790440
2020-11-23,72.0,77.8,71.8,76.5,44111534
2020-11-24,76.75,78.05,75.4,76.1,31379070
2020-11-25,77.2,81.8,77.15,80.8,87040163
2020-11-26,81.15,81.5,79.45,80.2,30469713
2020-11-27,80.8,81.15,78.0,78.5,44245938
2020-12-01,78.5,82.0,77.05,81.55,42923229
2020-12-02,81.5,85.05,80.95,84.85,52652362
2020-12-03,85.4,89.0,85.0,88.7,53618786
2020-12-04,89.75,91.0,87.25,89.85,44126894
2020-12-07,91.15,94.0,90.75,91.55,46638129
2020-12-08,93.0,93.45,90.05,90.75,34326971
2020-12-09,91.5,92.85,90.9,91.2,25763702
2020-12-10,91.0,92.2,88.7,91.65,25329334
2020-12-11,92.6,104.4,92.6,96.8,146821189
2020-12-14,98.25,102.55,97.45,101.5,75021883
2020-12-15,102.5,102.5,99.2,100.45,33553433
2020-12-16,101.9,103.6,100.65,102.9,34618175
2020-12-17,105.1,105.6,100.7,101.5,41881430
2020-12-18,101.5,102.3,98.15,99.0,36480527
2020-12-21,98.9,98.95,88.95,89.85,58724337
2020-12-22,89.05,92.3,86.6,90.55,58602960
2020-12-23,90.5,91.3,88.3,90.8,29216106
2020-12-24,92.5,95.5,92.15,93.15,46351620
2020-12-28,94.0,95.15,93.3,93.8,17759262
2020-12-29,94.2,94.65,92.0,93.15,17678810
2020-12-30,93.5,94.5,92.75,93.25,15960705
2020-12-31,93.3,95.55,92.55,93.05,43701316
2021-01-01,93.75,94.45,93.0,93.2,15130377
2021-01-04,94.05,97.3,93.7,96.95,39545073
2021-01-05,96.5,96.5,94.35,94.95,26998014
2021-01-06,98.9,99.3,96.25,96.95,50306161
2021-01-07,98.0,99.05,97.1,97.9,25285200
2021-01-08,98.95,101.3,98.55,100.65,36022114
2021-01-11,101.5,102.9,98.05,102.55,36301647
2021-01-12,102.0,104.5,100.75,103.45,28353142
2021-01-13,104.95,107.9,104.1,105.25,42401579
2021-01-14,107.0,107.45,104.2,105.05,24455634
2021-01-15,105.25,106.1,100.65,101.4,28185982
2021-01-18,101.4,101.85,96.05,96.65,33623461
2021-01-19,97.75,99.0,97.5,98.1,26085121
2021-01-20,99.0,99.8,97.85,98.85,18486566
2021-01-21,99.05,100.2,93.9,94.7,26939349
2021-01-22,94.6,95.45,92.5,92.75,27311961
2021-01-25,93.05,93.75,90.0,91.35,28522112
2021-01-27,91.4,91.75,88.9,89.7,34022621
2021-01-28,89.0,91.4,88.8,90.65,26810222
2021-01-29,90.75,92.95,87.75,88.3,33858273
2021-02-01,89.0,91.2,88.45,90.85,24228098
2021-02-02,92.5,93.95,91.2,92.85,22141489
2021-02-03,94.6,95.3,93.0,93.35,25912911
2021-02-04,94.25,98.6,94.0,97.65,49670027
2021-02-05,98.95,99.95,96.8,97.65,30514219
2021-02-08,99.5,100.8,99.1,99.65,29096831
2021-02-09,99.8,103.35,99.8,101.0,39638657
2021-02-10,102.0,102.5,98.6,100.0,21467230
2021-02-11,100.0,100.35,98.9,99.45,11287104
2021-02-12,98.9,99.4,96.55,97.0,18187705
2021-02-15,97.0,99.25,95.6,98.45,26118576
2021-02-16,99.25,104.85,99.25,103.75,76236798
2021-02-17,102.0,103.5,100.8,102.25,21014091
2021-02-18,103.7,115.5,103.35,110.7,110000964
2021-02-19,110.7,112.2,103.85,105.1,48225988
2021-02-22,105.9,108.55,105.3,106.3,36592043
2021-02-23,109.75,114.4,109.45,112.2,90860972
2021-02-24,114.0,115.35,111.0,113.6,26071364
2021-02-25,116.0,120.5,115.35,119.05,62038881
2021-02-26,115.5,118.4,110.05,111.0,55154985
2021-03-01,114.3,117.65,113.5,117.05,41672980
2021-03-02,115.9,116.65,112.75,113.5,36303917
2021-03-03,114.05,115.8,113.2,114.0,19434630
2021-03-04,113.95,117.0,112.3,112.7,38272786
2021-03-05,116.25,118.25,113.5,114.95,57756103
2021-03-08,118.95,122.35,117.2,118.25,63866178
2021-03-09,119.4,119.55,114.2,116.75,26817643
2021-03-10,116.9,117.0,113.6,114.4,23841269
2021-03-12,116.75,117.4,114.0,115.05,20691698
2021-03-15,116.0,116.85,112.8,114.35,19679958
2021-03-16,113.8,116.3,113.45,115.1,20680669
2021-03-17,114.8,114.85,108.75,109.35,31017863
2021-03-18,110.0,112.2,107.5,110.2,26710696
2021-03-19,106.25,113.25,104.45,110.5,50386785
2021-03-22,110.5,111.25,108.55,109.6,15825065
2021-03-23,109.6,110.3,106.6,107.15,15815643
2021-03-24,105.0,106.0,102.85,104.8,31083656
2021-03-25,106.0,107.7,101.3,102.0,37295495
2021-03-26,103.0,104.0,100.25,102.4,26637085
2021-03-30,104.05,106.3,102.6,103.5,31843605
2021-03-31,102.8,104.2,101.9,102.15,19587582
2021-04-01,103.0,105.25,101.15,104.35,22299747
2021-04-05,102.15,104.5,99.4,103.45,24878516
2021-04-06,102.65,104.4,101.3,103.95,15156974
2021-04-07,103.9,105.35,103.45,104.65,10330347
2021-04-08,103.8,105.7,103.3,103.6,26105970
2021-04-09,103.0,104.9,103.0,103.8,17645822
2021-04-12,100.85,102.25,97.45,98.05,27005598
2021-04-13,98.05,102.5,98.05,102.05,25505623
2021-04-15,104.25,106.75,103.8,105.1,28659714
2021-04-16,104.6,107.85,104.2,107.3,21627285
2021-04-19,103.95,105.95,101.9,103.05,19166492
2021-04-20,103.3,105.0,102.2,102.85,23082015
2021-04-22,102.4,104.45,101.65,103.1,14844968
2021-04-23,102.0,103.65,101.6,102.4,12790334
2021-04-26,105.25,105.7,102.5,102.8,11797791
2021-04-27,102.8,104.0,102.8,103.2,8886250
2021-04-28,103.75,104.4,103.3,103.9,6887787
2021-04-29,104.9,105.9,103.55,104.05,14990087
2021-04-30,104.15,112.7,103.3,108.15,81358264
2021-05-03,108.15,110.7,106.0,107.7,33975507
2021-05-04,108.0,110.3,107.7,109.65,30811922
2021-05-05,112.4,114.0,110.5,111.1,47588366
2021-05-06,112.3,112.85,109.45,110.25,26083818
2021-05-07,110.85,112.35,109.65,111.45,28016564
2021-05-10,113.85,114.95,112.5,113.9,33477142
2021-05-11,112.55,118.7,110.75,118.1,48355326
2021-05-12,118.7,121.15,113.7,115.1,49718697
2021-05-14,116.0,116.0,111.55,112.95,23626454
2021-05-17,113.95,115.4,112.25,114.25,19960145
2021-05-18,115.0,117.5,114.3,116.1,29395737
2021-05-19,114.5,115.8,113.4,114.9,25295575
2021-05-20,113.45,114.7,111.2,111.8,21131045
2021-05-21,111.05,114.05,111.05,112.75,20562816
2021-05-24,113.25,113.95,110.85,113.05,24785960
2021-05-25,114.4,117.1,113.7,114.6,25820379
2021-05-26,115.4,115.4,113.0,113.35,12045621
2021-05-27,113.0,113.65,111.3,111.85,22821449
2021-05-28,113.2,115.55,111.85,112.35,19331994
2021-05-31,112.5,114.35,111.4,113.65,16430926
2021-06-01,114.35,118.45,114.2,117.6,51620011
2021-06-02,118.0,119.4,116.0,117.75,27162991
2021-06-03,118.8,123.8,118.45,122.5,64241347
2021-06-04,124.6,126.7,123.35,125.45,72354379
2021-06-07,126.95,127.5,124.9,125.15,28709907
2021-06-08,125.75,125.9,122.65,124.8,15261479
2021-06-09,127.0,128.0,123.05,124.05,29718157
2021-06-10,123.75,124.8,122.45,123.95,12245640
2021-06-11,123.95,126.6,122.5,123.55,18360366
2021-06-14,124.4,125.8,121.25,124.8,19547491
2021-06-15,125.6,128.5,124.85,125.35,32779493
2021-06-16,127.0,128.25,126.1,126.7,31654780
2021-06-17,125.6,127.0,123.5,125.1,18124616
2021-06-18,124.55,124.55,118.9,120.25,87912730
2021-06-21,119.4,122.0,118.95,120.95,15669821
2021-06-22,122.7,124.2,121.5,122.05,23629008
2021-06-23,123.5,124.4,121.75,123.35,21978870
2021-06-24,124.45,124.45,121.35,122.0,24358397
2021-06-28,122.55,124.5,121.8,122.35,23728169
2021-06-29,121.8,122.45,119.1,119.4,20857415
2021-06-30,120.35,120.95,117.05,117.7,19094044
2021-07-01,117.75,119.75,117.3,118.85,16012542
2021-07-02,120.0,120.85,118.0,118.45,20014124
2021-07-05,119.15,121.45,118.9,120.95,12050022
2021-07-06,123.0,125.0,121.05,121.5,30193164
2021-07-07,119.9,120.4,117.8,119.9,18479814
2021-07-08,119.4,119.4,116.85,117.05,17151883
2021-07-09,117.1,118.65,116.6,117.9,11240925
2021-07-12,119.0,119.35,118.0,118.55,8420962
2021-07-13,119.0,120.8,118.6,120.4,8580799
2021-07-14,120.3,121.75,120.1,120.8,12709481
2021-07-15,119.2,119.4,116.2,116.9,28589465
2021-07-16,117.2,117.4,115.75,116.8,19691248
2021-07-19,114.8,116.55,114.2,114.6,14395883
2021-07-20,112.05,113.25,111.6,112.6,18634406
2021-07-22,114.4,115.8,113.95,115.5,11710140
2021-07-23,115.5,116.75,114.75,115.3,7841690
2021-07-26,114.85,115.6,114.1,114.55,8149770
2021-07-27,115.35,115.9,114.0,114.65,9704729
2021-07-28,114.9,115.2,113.45,114.35,11020097
2021-07-29,114.3,115.8,113.3,114.75,14142749
2021-07-30,114.3,116.75,113.8,115.3,12236156
2021-08-02,114.95,117.5,114.8,117.1,10895726
2021-08-03,116.15,118.2,115.15,117.9,15163353
2021-08-04,117.7,118.5,116.6,117.35,14304543
2021-08-05,116.2,117.25,114.7,116.85,11033147
2021-08-06,116.15,118.2,116.15,116.65,6606584
2021-08-09,116.0,117.0,114.3,115.0,8294214
2021-08-10,115.1,115.7,113.9,114.85,14300982
2021-08-11,115.5,117.3,114.85,117.0,11308648
2021-08-12,116.1,117.9,115.3,116.25,13519139
2021-08-13,116.8,116.95,115.35,116.1,10342014
2021-08-16,116.9,118.35,114.7,115.5,14771886
2021-08-17,116.0,116.0,112.7,113.85,16025745
2021-08-18,113.9,115.25,112.9,113.2,10074307
2021-08-20,110.65,111.75,108.5,110.2,23878081
2021-08-23,110.35,112.0,108.5,111.75,16886027
2021-08-24,113.15,115.2,112.1,113.2,17368602
2021-08-25,113.5,117.2,113.3,115.65,18637317
2021-08-26,115.6,116.25,114.4,115.55,8779246
2021-08-27,115.5,117.0,114.95,116.65,9706825
2021-08-30,116.75,120.4,116.75,120.15,15933414
2021-08-31,120.0,121.0,119.05,120.55,13376290
2021-09-01,121.8,122.25,119.4,119.7,10964080
2021-09-02,118.9,120.15,118.0,118.65,13031666
2021-09-03,119.95,123.5,118.8,123.1,21326802
2021-09-06,123.8,124.35,121.15,121.65,12505630
2021-09-07,122.5,122.75,119.55,119.95,8530847
2021-09-08,119.0,119.5,117.5,118.95,7801721
2021-09-09,119.1,123.8,118.2,122.15,27242637
2021-09-13,122.2,123.4,121.1,123.05,9921031
2021-09-14,123.3,125.4,122.8,123.95,16593684
2021-09-15,124.25,130.7,124.25,128.45,42437332
2021-09-16,129.65,131.25,127.4,128.7,22431820
2021-09-17,128.7,129.7,124.75,127.75,25968166
2021-09-20,125.05,129.4,125.05,128.5,29857432
2021-09-21,129.6,136.0,129.1,135.2,51537119
2021-09-22,134.5,135.25,132.45,133.65,16424387
2021-09-23,134.8,138.35,134.4,137.75,18688982
2021-09-24,138.9,139.9,134.5,136.1,33667173
2021-09-27,138.05,140.75,137.5,140.0,34196564
2021-09-29,140.85,148.8,139.35,144.75,68003697
2021-09-30,144.75,146.05,141.35,144.5,26714630
2021-10-01,145.2,149.65,144.1,146.25,42893182
2021-10-04,147.8,148.5,147.0,147.6,16099471
2021-10-05,150.0,164.6,149.0,163.65,131238378
2021-10-06,166.0,172.75,165.8,168.1,101221817
2021-10-07,170.15,170.15,159.5,160.4,59769140
2021-10-08,163.9,166.6,160.5,160.95,30561341
2021-10-12,165.1,165.85,162.75,163.55,11619888
2021-10-14,161.0,161.75,158.65,159.05,14821875
2021-10-18,163.75,165.5,161.2,162.1,22899876
2021-10-21,157.6,160.3,154.55,155.0,31555789
2021-10-25,159.0,162.95,158.9,161.4,34568006
2021-10-26,163.55,163.95,160.3,163.1,33022684
2021-10-27,163.1,163.6,157.0,157.9,21652522
2021-10-28,150.0,156.85,148.7,150.2,24815027
2021-10-29,149.9,151.85,146.0,149.05,18736450
2021-11-03,151.2,154.2,149.8,152.0,11591857
2021-11-04,152.0,152.85,151.25,152.05,1114216
2021-11-08,152.95,155.55,151.7,154.9,16568525
2021-11-09,156.5,158.15,155.0,156.65,13601954
2021-11-10,156.7,158.7,156.45,157.7,13900618
2021-11-11,156.6,156.85,153.05,153.5,14158749
2021-11-12,154.0,155.6,153.3,154.65,10552485
2021-11-15,156.45,162.25,156.0,157.8,45750584
2021-11-16,159.4,159.7,156.8,157.15,12956283
2021-11-17,157.0,159.25,156.6,157.4,11420415
2021-11-18,157.0,157.0,153.7,154.3,18351511
2021-11-22,151.25,153.7,146.0,146.55,21558590
2021-11-23,145.8,147.7,143.4,146.7,21216047
2021-11-24,149.0,155.85,149.0,153.45,36294271
2021-11-25,154.0,156.0,152.55,155.1,11554142
2021-11-26,152.25,152.25,146.25,147.1,23135841
2021-11-29,145.0,146.05,141.9,144.1,18736522
2021-11-30,143.35,147.75,141.1,142.1,22980651
2021-12-01,142.4,143.65,139.65,142.25,14278744
2021-12-02,140.5,144.65,140.4,144.0,8561767
2021-12-03,144.0,146.85,143.15,145.9,10690334
2021-12-06,145.8,145.85,142.75,143.35,7749262
2021-12-07,145.0,146.25,144.5,145.9,10253663
2021-12-08,147.0,150.35,146.8,148.4,12266948
2021-12-09,149.5,149.9,146.35,147.35,7989291
2021-12-10,146.25,148.0,145.55,147.55,10324085
2021-12-13,148.95,150.5,145.35,145.95,13595587
2021-12-14,144.25,147.45,143.95,146.9,12331999
2021-12-15,146.3,147.7,143.6,143.95,10361033
2021-12-16,145.3,146.25,144.55,145.35,12156709
2021-12-17,144.2,145.1,138.5,139.4,17667617
2021-12-21,135.05,136.85,133.8,136.05,8615570
2021-12-22,137.4,137.95,135.3,136.8,4968143
2021-12-23,138.5,141.0,137.15,140.5,6324169
2021-12-24,141.55,141.6,137.2,138.5,5657495
2021-12-27,136.55,138.05,136.0,137.35,4404298
2021-12-28,139.15,140.5,138.5,139.5,8738089
2021-12-29,140.2,140.85,137.45,138.9,6571286
2021-12-30,138.75,141.2,138.5,140.5,11556524
2021-12-31,140.45,142.95,139.45,142.4,6393760
2022-01-03,142.35,143.45,141.2,143.05,3765911
2022-01-04,143.1,148.6,143.1,147.8,16351836
2022-01-05,148.5,151.1,147.4,150.35,12977680
2022-01-06,150.6,151.4,148.35,150.8,9012777
2022-01-07,151.5,157.5,151.35,157.05,30889365
2022-01-10,158.25,159.4,156.4,158.35,16418985
2022-01-12,162.7,165.7,161.4,164.95,21220614
2022-01-13,164.95,165.5,163.05,163.95,7445346
2022-01-14,162.95,163.3,160.2,161.05,11646259
2022-01-17,162.5,168.2,162.3,165.85,32577835
2022-01-18,168.3,168.4,163.4,163.85,11175409
2022-01-19,165.3,171.0,164.9,170.25,36648534
2022-01-20,170.9,170.9,166.5,166.85,14474454
2022-01-21,165.3,166.4,162.3,163.65,8625926
2022-01-24,165.2,168.3,163.75,165.7,28783449
2022-01-25,163.0,166.7,163.0,165.15,14249846
2022-01-28,167.55,174.7,166.25,168.8,32790065
2022-01-31,171.6,174.85,169.55,172.6,24031034
2022-02-01,174.0,174.9,168.5,170.95,14220953
2022-02-02,170.55,174.05,170.5,171.3,12478192
2022-02-03,170.0,171.25,166.0,167.5,12529302
2022-02-04,170.0,172.7,169.05,169.6,17434362
2022-02-07,170.7,173.3,169.2,172.1,11723574
2022-02-08,172.0,173.0,166.5,166.95,13231599
2022-02-09,167.9,169.6,163.1,163.95,17938632
2022-02-10,165.85,170.4,165.15,169.1,26763203
2022-02-11,167.95,170.5,167.1,168.15,12884995
2022-02-14,168.9,176.35,165.2,166.2,44604164
2022-02-15,170.0,170.0,156.4,164.15,31146458
2022-02-16,164.5,168.9,164.5,168.55,15960268
2022-02-17,168.55,172.4,168.5,171.75,24640791
2022-02-18,171.2,171.75,166.7,167.9,11829998
2022-02-21,167.4,167.55,163.05,163.4,14222260
2022-02-22,166.5,166.5,163.25,164.95,29399172
2022-02-23,166.25,166.4,159.65,160.75,21301826
2022-02-25,159.4,160.4,156.8,159.5,20225258
2022-02-28,160.5,161.85,155.8,160.65,20210070
2022-03-02,165.65,168.35,161.9,162.95,41103406
2022-03-03,168.3,171.8,162.9,170.3,42345653
2022-03-04,170.1,171.0,163.85,165.25,32658756
2022-03-08,190.0,194.95,177.8,179.1,73127816
2022-03-09,183.0,183.8,173.85,175.4,51977091
2022-03-10,168.25,176.9,165.0,174.35,62112814
2022-03-11,172.5,176.4,171.7,175.7,26187452
2022-03-14,174.0,175.5,170.6,171.8,20214021
2022-03-15,168.3,169.5,161.65,163.75,42333127
2022-03-16,166.0,167.85,161.85,167.3,25545119
2022-03-17,166.6,171.5,164.6,170.3,66314748
2022-03-21,171.7,175.0,170.3,172.55,20614652
2022-03-22,176.2,181.25,173.8,175.45,39742745
2022-03-23,176.5,177.7,174.85,175.6,10994784
2022-03-24,178.9,180.4,176.5,177.45,20332589
2022-03-25,178.5,179.25,175.1,175.8,13608989
2022-03-28,175.5,177.9,174.65,176.35,15253027
2022-03-29,174.95,175.2,170.55,171.0,14210783
2022-03-30,163.0,164.85,161.15,162.0,95239532
2022-03-31,161.85,165.25,161.15,163.9,33523683
2022-04-01,163.9,168.25,163.55,167.95,28335224
2022-04-04,166.95,169.05,165.35,168.05,17745513
2022-04-05,170.25,172.75,169.3,171.85,20054934
2022-04-06,170.6,173.5,170.3,172.8,12969222
2022-04-07,170.6,173.8,168.2,168.85,24550313
2022-04-08,169.0,171.3,168.7,170.9,9529874
2022-04-11,171.0,172.75,169.55,171.2,9724979
2022-04-12,171.0,172.2,168.2,168.9,13184429
2022-04-13,171.4,174.85,170.7,174.25,23458303
2022-04-18,176.0,179.0,175.1,175.8,23916912
2022-04-19,177.3,179.8,176.0,177.15,17880666
2022-04-20,176.9,177.35,174.8,175.5,10076403
2022-04-21,175.7,176.7,173.9,174.15,12246720
2022-04-22,174.15,176.3,173.7,174.0,10267952
2022-04-25,171.0,173.0,168.3,169.65,12583497
2022-04-26,171.1,171.7,165.7,166.95,20086229
2022-04-27,167.95,168.9,163.35,164.85,13981957
2022-04-28,166.0,166.0,162.45,164.8,13030499
2022-04-29,166.5,167.45,159.5,160.45,15964743
2022-05-02,158.15,159.25,155.9,156.35,23405519
2022-05-05,164.2,168.4,163.4,164.85,26878516
2022-05-06,163.9,167.4,161.1,166.95,16768573
2022-05-09,165.25,167.3,162.75,164.75,9952775
2022-05-10,160.45,161.65,152.9,154.45,22602956
2022-05-11,154.0,160.0,153.75,158.6,15084514
2022-05-12,159.0,161.0,154.0,156.5,21459069
2022-05-13,160.0,160.3,152.95,153.55,12934346
2022-05-16,154.2,156.25,151.8,153.5,13205775
2022-05-17,156.0,163.7,155.55,163.15,17843200
2022-05-18,162.0,164.5,160.2,163.2,12616832
2022-05-19,158.55,162.05,157.8,160.0,8932407
2022-05-20,161.65,163.8,160.1,161.9,7235654
2022-05-23,161.75,164.2,154.65,155.1,18029557
2022-05-24,157.4,157.75,150.15,150.65,19141394
2022-05-25,152.9,153.25,147.6,152.6,19366472
2022-05-26,152.8,153.3,148.1,151.9,12824105
2022-05-27,155.0,155.5,141.1,143.8,52469252
2022-05-30,145.65,147.3,141.15,144.05,40261336
2022-05-31,145.4,153.0,145.4,151.25,57675204
2022-06-01,151.2,152.9,148.75,149.75,22780094
2022-06-02,147.8,152.9,146.0,152.45,25429955
2022-06-03,153.95,154.2,151.15,151.6,16747177
2022-06-06,153.1,156.0,152.8,153.95,30327268
2022-06-07,154.8,162.95,154.2,161.85,61411715
2022-06-08,163.5,166.4,162.1,163.4,45994327
2022-06-09,166.0,167.35,164.5,165.55,31122996
2022-06-10,164.0,166.65,163.35,164.65,17812698
2022-06-13,162.0,163.95,158.45,159.55,12237777
2022-06-14,159.55,160.55,155.3,155.95,12844437
2022-06-15,156.95,157.25,150.8,151.4,16223385
2022-06-16,149.15,151.55,142.6,143.55,25130676
2022-06-17,142.45,145.15,140.65,141.45,22922034
2022-06-20,138.6,138.9,130.0,134.4,28656582
2022-06-21,136.1,140.2,135.0,139.1,20581784
2022-06-22,136.95,136.95,131.0,134.85,31824106
2022-06-23,134.0,136.4,132.2,134.8,26829020
2022-06-24,137.0,141.0,135.2,137.35,25461812
2022-06-27,140.0,142.6,137.25,141.5,24188349
2022-06-28,142.8,151.75,142.15,149.35,54387675
2022-06-29,149.35,157.4,146.2,154.15,165860322
2022-06-30,153.0,154.45,149.25,151.55,38725546
2022-07-01,148.95,151.15,130.0,131.05,125788305
2022-07-04,129.95,129.95,124.1,126.0,85993413
2022-07-05,127.0,128.6,126.0,127.4,44595740
2022-07-06,123.0,123.5,119.85,120.95,59092334
2022-07-07,121.25,124.15,121.25,123.5,36229792
2022-07-08,126.35,126.35,121.0,121.5,42778692
2022-07-11,121.5,125.9,121.05,125.5,31522017
2022-07-13,122.45,124.9,121.4,124.45,27166975
2022-07-14,124.4,132.6,123.8,127.15,38464081
2022-07-15,127.6,128.4,124.6,126.55,18088858
2022-07-18,127.05,130.7,126.95,129.9,21010247
2022-07-19,130.5,133.2,124.45,127.9,33778758
2022-07-20,135.0,136.6,132.2,132.55,60317150
2022-07-21,133.0,133.5,131.8,133.1,20853780
2022-07-22,133.8,133.8,131.55,132.45,11630255
2022-07-25,132.0,132.45,128.4,129.8,21705935
2022-07-26,130.85,131.6,127.75,128.2,22172845
2022-07-27,129.1,130.2,127.8,128.6,20187969
2022-07-28,130.4,130.5,128.25,130.25,25736737
2022-07-29,130.45,134.5,129.9,134.15,19738642
2022-08-01,134.1,139.0,133.2,138.4,20592826
2022-08-02,136.7,137.05,134.6,136.7,15037928
2022-08-03,136.0,138.45,133.8,135.65,15853543
2022-08-04,134.35,137.15,134.0,136.25,14311959
2022-08-05,135.1,138.5,133.6,136.5,66480753
2022-08-10,136.4,136.75,133.45,133.8,15829467
2022-08-11,134.5,136.0,132.05,132.8,19479706
2022-08-12,133.9,139.7,133.5,139.2,40876891
2022-08-16,139.5,141.9,136.1,139.95,31230003
2022-08-17,139.95,140.8,138.7,139.65,15694770
2022-08-18,138.25,138.3,134.7,135.55,42597708
2022-08-19,137.5,138.5,134.05,134.6,35382493
2022-08-22,134.5,134.5,129.8,131.9,31231393
2022-08-23,131.9,134.2,130.1,133.75,24268146
2022-08-24,134.7,137.4,134.5,136.0,22730039
2022-08-25,137.0,138.15,136.15,136.55,14620592
2022-08-26,136.5,138.25,136.1,136.65,12105053
2022-08-29,134.2,136.6,133.75,135.9,9198908
2022-08-30,137.9,139.85,137.55,138.6,21720398
2022-09-01,135.0,136.25,134.15,134.7,20349294
2022-09-02,134.7,135.75,132.3,132.75,17495310
2022-09-05,132.9,133.9,132.65,133.4,14865879
2022-09-06,134.1,134.15,131.7,132.1,10870488
2022-09-07,131.0,132.95,130.05,132.5,12042788
2022-09-08,131.65,134.15,131.5,131.85,14629497
2022-09-09,132.5,134.2,131.95,134.0,12327341
2022-09-13,134.2,135.15,133.5,133.9,10846178
2022-09-14,132.45,134.1,132.0,133.2,8597956
2022-09-15,133.6,134.4,132.0,132.6,10810473
2022-09-16,131.1,132.0,130.0,131.25,20909579
2022-09-19,132.1,134.35,129.7,130.55,19411428
2022-09-20,131.4,133.6,131.3,133.2,13080582
2022-09-21,132.2,133.2,130.05,130.9,11156865
2022-09-22,130.4,130.85,128.1,128.65,11366882
2022-09-23,128.25,129.1,127.5,128.6,10407849
2022-09-26,127.3,128.8,122.65,123.45,12848954
2022-09-27,124.35,127.9,123.85,124.45,14465123
2022-09-28,123.95,123.95,121.5,122.55,15267018
2022-09-29,123.5,128.2,123.5,126.65,20597761
2022-09-30,125.5,132.4,125.5,126.8,33530494
2022-10-03,131.7,135.0,130.6,132.4,50966493
2022-10-04,134.9,135.0,131.8,133.9,14137567
2022-10-06,136.5,136.55,132.4,132.65,14570735
2022-10-07,132.05,134.25,131.2,134.05,13532236
2022-10-10,133.0,134.0,132.2,133.25,10183057
2022-10-11,133.25,133.5,130.25,131.1,13176461
2022-10-12,131.1,132.0,129.1,131.35,9401804
2022-10-13,131.2,131.85,127.65,129.85,13320136
2022-10-14,132.0,132.8,127.05,127.6,13205955
2022-10-17,127.0,128.2,126.0,127.8,9320940
2022-10-18,128.45,129.1,127.6,128.7,6490293
2022-10-19,128.7,128.7,127.4,127.8,7381712
2022-10-20,127.0,131.0,125.8,129.6,18748363
2022-10-21,129.35,133.4,128.75,131.55,11945173
2022-10-25,132.45,132.9,129.85,130.75,10232002
2022-10-27,130.75,132.2,130.3,131.8,13865026
2022-10-28,132.1,135.6,131.8,133.7,22918037
2022-10-31,134.4,135.2,132.8,134.05,8753855
2022-11-01,134.1,135.7,134.1,135.15,11630848
2022-11-02,135.85,139.2,135.35,136.45,21117499
2022-11-03,136.4,136.7,135.25,136.4,7561534
2022-11-04,136.4,138.4,136.05,137.85,7498344
2022-11-07,138.55,139.0,136.75,138.55,9987481
2022-11-09,138.95,139.0,137.0,138.65,12033732
2022-11-10,137.5,140.85,137.4,139.85,15908521
2022-11-11,140.6,141.3,139.2,140.45,18492513
2022-11-14,140.6,141.0,138.6,139.25,12743505
2022-11-16,142.8,143.3,141.2,142.9,11460200
2022-11-17,141.95,143.8,141.7,143.2,13368536
2022-11-18,143.15,143.25,140.2,141.75,19958908
2022-11-21,136.0,136.35,134.4,135.45,16348881
2022-11-22,134.95,135.9,132.9,135.2,11198874
2022-11-23,135.55,136.65,134.55,136.5,9010911
2022-11-24,136.5,140.0,135.5,139.45,11803087
2022-11-25,139.0,141.3,137.75,140.55,9789098
2022-11-28,139.5,141.2,139.05,139.6,8925344
2022-11-29,140.05,141.1,139.5,140.25,13558920
2022-11-30,139.6,141.8,139.6,141.1,17720938
2022-12-01,141.45,142.0,139.8,140.05,27727625
2022-12-02,141.85,144.8,140.55,140.9,24518337
2022-12-05,141.5,143.95,140.6,143.75,18440387
2022-12-06,142.85,143.15,141.15,142.45,10977472
2022-12-07,140.8,141.75,140.1,140.65,9731670
2022-12-08,141.25,143.0,140.35,142.65,10150945
2022-12-09,142.5,142.95,140.3,140.7,9438307
2022-12-12,140.0,142.5,139.2,142.35,8946335
2022-12-13,143.05,144.65,142.55,144.35,12593054
2022-12-14,144.35,148.6,144.1,147.6,17692988
2022-12-15,147.65,148.85,146.65,147.45,11426194
2022-12-16,148.35,150.5,147.0,147.2,20540447
2022-12-19,147.05,147.55,145.0,145.8,10635055
2022-12-20,145.5,146.2,143.1,145.85,6714207
2022-12-21,146.5,146.8,142.7,143.5,10011408
2022-12-22,145.0,145.15,141.55,142.25,9123323
2022-12-23,140.6,143.5,139.3,139.8,8007752
2022-12-26,140.5,142.85,139.5,141.3,7150680
2022-12-27,142.1,145.4,142.1,144.8,8765357
2022-12-28,143.45,144.65,142.7,143.9,9534858
2022-12-29,142.75,146.0,142.5,144.65,36752195
2022-12-30,145.45,148.75,144.55,146.75,9644998
2023-01-03,149.7,150.6,148.0,149.55,14991139
2023-01-04,148.8,148.85,145.0,146.25,13535874
2023-01-05,145.85,147.0,144.15,146.5,16320559
2023-01-06,146.7,148.1,146.3,147.35,16804116
2023-01-09,149.3,150.2,147.8,148.15,18660445
2023-01-10,148.6,150.3,148.6,149.35,18490715
2023-01-11,149.5,150.0,146.25,146.8,12538238
2023-01-13,146.4,147.5,145.9,146.95,8854484
2023-01-16,147.7,147.8,146.0,147.6,9696320
2023-01-17,148.3,149.0,146.65,147.85,18484595
2023-01-18,148.25,149.75,148.2,149.25,12139643
2023-01-19,148.05,152.1,148.05,151.75,18437610
2023-01-20,152.0,152.5,150.55,151.6,17512691
2023-01-23,152.55,153.1,151.35,152.35,16742252
2023-01-24,152.35,153.2,151.6,152.15,8276792
2023-01-25,151.25,153.4,151.15,152.45,9827342
2023-01-27,152.45,154.15,146.6,147.65,13052535
2023-01-30,147.5,148.85,143.25,144.9,12688399
2023-01-31,145.15,147.9,144.25,144.9,19050398
2023-02-01,145.8,146.0,142.35,144.25,11526089
2023-02-02,143.0,145.0,140.65,143.45,11886667
2023-02-03,143.5,145.35,140.1,144.3,9250428
2023-02-07,143.9,144.95,142.2,144.65,8681511
2023-02-08,145.4,145.9,143.15,143.9,10325869
2023-02-09,144.65,146.4,143.2,146.2,8078404
2023-02-10,146.15,147.0,144.8,146.7,6396208
2023-02-13,147.45,148.8,146.6,148.15,6563018
2023-02-14,148.65,149.2,147.0,148.45,6991500
2023-02-15,149.0,149.4,145.5,147.5,12631259
2023-02-16,150.0,156.45,148.4,155.9,30949761
2023-02-17,155.5,158.8,154.4,156.6,19874561
2023-02-20,157.2,157.8,154.4,154.85,8348393
2023-02-21,154.9,155.9,153.45,154.1,7599927
2023-02-22,154.25,154.5,151.7,153.6,9599697
2023-02-23,153.7,156.2,153.25,154.65,18675946
2023-02-24,151.75,155.35,149.75,155.0,14648507
2023-02-27,154.0,156.05,153.0,155.25,11904749
2023-02-28,154.15,155.45,151.2,152.05,17607584
2023-03-01,152.0,155.1,151.85,154.8,7707977
2023-03-02,154.5,155.05,152.65,154.05,8219892
2023-03-03,154.0,155.7,153.45,154.25,8260104
2023-03-06,154.7,159.7,153.55,158.2,14491522
2023-03-08,156.55,158.85,156.4,158.25,7339476
2023-03-09,159.05,159.15,156.05,156.3,5314022
2023-03-10,155.6,156.7,154.2,155.8,4689681
2023-03-13,156.2,158.0,155.2,155.8,8785721
2023-03-14,155.8,156.85,153.05,153.3,7177342
2023-03-15,154.0,154.45,151.8,152.55,9832270
2023-03-16,151.2,153.4,148.0,152.2,18551936
2023-03-17,153.5,154.9,151.95,153.15,16593429
2023-03-20,153.0,154.15,151.6,152.3,8749355
2023-03-21,153.15,153.75,150.95,151.55,6148489
2023-03-22,152.4,152.8,150.85,151.55,4329409
2023-03-23,151.1,153.15,150.3,152.8,4484564
2023-03-24,152.7,153.2,148.8,149.4,8301726
2023-03-27,149.55,152.45,149.25,150.25,7437261
2023-03-28,150.25,150.25,146.65,147.2,8964539
2023-03-29,147.25,150.85,146.5,149.35,24012834
2023-03-31,150.1,153.0,150.05,151.05,7998472
2023-04-03,154.5,157.85,153.1,153.65,20016785
2023-04-05,156.75,157.35,152.55,152.9,15880397
2023-04-06,153.2,153.45,150.4,150.6,10670936
2023-04-10,150.7,157.5,150.0,157.15,17431401
2023-04-11,157.1,159.3,156.4,159.05,13305621
2023-04-12,159.0,159.05,156.6,157.65,7333339
2023-04-13,158.15,160.5,158.0,158.75,11610851
2023-04-17,159.1,160.45,158.0,160.15,9358885
2023-04-18,160.15,160.55,159.4,160.1,8008560
2023-04-19,158.3,160.45,158.05,160.1,11374283
2023-04-20,159.6,160.1,158.5,159.15,5733670
2023-04-21,158.9,159.85,158.7,159.6,3512214
2023-04-24,159.6,160.75,159.3,160.25,7028440
2023-04-25,160.2,161.8,160.0,160.65,10169778
2023-04-26,160.0,161.6,159.75,161.15,9177783
2023-04-27,160.2,160.9,159.6,160.05,6456825
2023-04-28,159.8,159.8,154.85,158.95,12656744
2023-05-02,159.5,164.8,159.35,164.25,16612560
2023-05-03,162.9,163.35,160.85,161.15,8029435
2023-05-04,160.8,161.2,159.2,161.0,9929482
2023-05-05,161.05,161.95,159.7,160.3,5488707
2023-05-08,160.3,165.35,160.0,165.0,9699470
2023-05-09,165.0,166.5,164.4,165.25,7600834
2023-05-10,165.25,167.65,165.0,166.95,10901429
2023-05-12,168.15,169.0,165.0,165.5,16373574
2023-05-15,165.5,166.6,164.4,165.6,8559162
2023-05-16,168.3,168.5,166.75,168.0,12249266
2023-05-17,168.0,168.0,166.1,167.25,7360259
2023-05-18,167.5,168.45,166.0,166.35,7433090
2023-05-19,166.2,166.75,164.0,164.9,5969632
2023-05-22,164.1,166.4,164.1,165.6,7331865
2023-05-23,165.6,167.05,164.45,165.0,10119254
2023-05-24,165.0,166.45,164.65,166.25,6107980
2023-05-25,166.25,167.4,165.25,166.0,8077606
2023-05-26,166.05,167.4,162.3,163.75,14873707
2023-05-29,160.0,160.25,156.5,159.0,43253971
2023-05-30,159.7,161.7,157.25,158.85,16117505
2023-05-31,159.0,159.4,150.05,154.9,83741017
2023-06-01,154.7,156.0,153.2,153.65,13982606
2023-06-02,155.0,155.0,153.4,154.7,9851058
2023-06-05,155.5,156.0,154.45,155.4,11850547
2023-06-06,155.5,155.9,153.2,153.65,8118800
2023-06-07,153.6,154.5,152.55,153.85,12180164
2023-06-08,154.5,156.65,154.2,156.1,13850599
2023-06-09,156.7,156.9,153.8,154.25,11764248
2023-06-12,154.85,155.25,152.6,155.05,11017643
2023-06-13,155.2,156.2,154.25,155.65,10073644
2023-06-14,156.1,158.4,155.85,157.85,9695952
2023-06-15,157.5,157.9,156.2,157.65,7426254
2023-06-16,158.25,158.65,156.35,157.0,11466647
2023-06-19,157.9,158.45,156.5,157.8,4718221
2023-06-20,157.55,157.8,156.55,157.25,6059738
2023-06-21,157.0,160.55,156.6,160.2,8284206
2023-06-22,160.2,160.95,157.5,158.95,10629027
2023-06-23,159.0,159.0,155.4,156.9,8722650
2023-06-26,157.0,158.25,155.85,156.9,4273205
2023-06-27,158.85,158.85,157.35,157.85,9730174
2023-06-28,157.85,160.15,156.55,158.55,40243993
2023-06-30,161.0,161.0,158.95,160.3,7840112
2023-07-03,160.3,163.25,160.0,162.9,9548822
2023-07-04,162.5,162.9,160.0,161.2,5394282
2023-07-05,162.0,164.4,161.35,162.8,8795342
2023-07-06,162.8,165.8,162.55,165.4,9845699
2023-07-07,165.5,166.0,162.8,163.5,7597171
2023-07-10,163.9,165.4,162.5,162.75,5437687
2023-07-11,163.25,165.1,162.9,164.6,6343183
2023-07-12,165.95,169.0,165.25,167.65,15614026
2023-07-13,168.65,169.3,167.2,167.8,11350009
2023-07-14,169.0,169.75,168.2,169.25,9448062
2023-07-17,167.8,168.4,166.15,166.4,4968847
2023-07-18,166.4,168.15,166.05,166.9,4322257
2023-07-19,167.2,167.95,166.1,166.75,5968174
2023-07-20,167.0,168.1,166.0,167.2,5217131
2023-07-21,167.35,171.0,166.5,170.55,7842863
2023-07-24,171.65,172.25,170.25,171.0,8451631
2023-07-25,172.0,173.35,171.3,173.0,10480578
2023-07-26,173.85,174.3,172.0,172.95,9103949
2023-07-27,173.45,173.65,170.7,171.0,7731146
2023-07-28,170.7,174.95,168.9,171.8,9004252
2023-07-31,172.8,177.5,171.4,177.05,9277749
2023-08-01,175.3,177.0,174.3,176.7,5584773
2023-08-02,177.0,178.65,174.0,175.95,8975495
2023-08-03,175.25,175.8,171.5,172.1,6152393
2023-08-04,173.35,174.45,172.1,173.35,4605271
2023-08-07,174.3,174.5,172.1,172.95,2240015
2023-08-08,172.9,173.8,172.6,173.35,3631238
2023-08-09,173.35,177.25,173.3,176.9,4852294
2023-08-10,178.1,179.75,176.9,178.65,10430692
2023-08-11,178.9,179.7,176.7,177.2,4112277
2023-08-14,180.0,180.45,177.35,178.0,12876956
2023-08-16,176.3,179.45,175.8,179.05,8371665
2023-08-17,178.7,179.1,177.1,177.75,5199363
2023-08-18,177.65,177.65,174.15,175.3,6734650
2023-08-21,175.3,176.3,174.3,176.05,3599820
2023-08-22,176.05,177.9,175.6,176.15,5348036
2023-08-23,177.0,177.2,175.0,175.5,6379611
2023-08-24,175.5,176.7,172.8,173.1,7976333
2023-08-25,173.1,175.25,172.85,174.7,4757915
2023-08-28,175.1,175.8,174.55,175.2,4354221
2023-08-29,175.6,176.1,174.95,175.7,4596468
2023-08-30,175.7,176.9,175.0,175.75,5937955
2023-08-31,175.8,176.0,173.05,174.15,15823452
2023-09-01,174.4,184.75,174.4,181.75,22460960
2023-09-04,183.85,184.45,181.8,182.95,10998180
2023-09-06,184.9,186.75,182.35,183.05,11954407
2023-09-07,185.0,185.2,181.0,181.75,11137801
2023-09-08,182.5,184.95,182.0,184.45,9737214
2023-09-11,185.45,185.95,182.3,183.4,10845871
2023-09-12,184.85,184.9,180.2,180.9,15524470
2023-09-13,181.9,184.7,180.9,183.9,10578786
2023-09-14,184.75,188.9,184.2,187.9,17746404
2023-09-15,191.7,191.7,185.6,186.65,19924829
2023-09-18,185.8,187.5,185.1,186.75,5022956
2023-09-20,186.45,189.5,186.2,188.2,12687099
2023-09-21,188.4,188.45,186.05,186.7,7814108
2023-09-22,186.6,187.7,185.0,185.1,7814821
2023-09-25,186.0,186.7,185.25,185.5,5540062
2023-09-26,186.0,188.15,185.25,187.75,12446655
2023-09-27,189.3,189.3,186.3,187.25,5630907
2023-09-28,188.9,189.5,186.5,187.45,14890642
2023-09-29,188.5,192.25,188.15,191.85,10085766
2023-10-03,189.3,189.3,183.65,184.6,22118500
2023-10-04,184.45,184.6,182.1,182.75,9360058
2023-10-05,181.25,184.0,181.0,182.2,11128340
2023-10-06,183.5,183.5,180.6,181.45,5759904
2023-10-09,182.9,184.7,181.25,181.7,14622727
2023-10-10,182.3,184.5,182.05,183.5,11819690
2023-10-11,184.4,184.7,182.75,183.25,8499601
2023-10-12,183.2,184.85,183.0,184.45,8677885
2023-10-13,184.5,186.25,184.05,184.9,7435899
2023-10-16,187.95,188.2,186.25,186.55,12376549
2023-10-17,187.0,187.05,185.55,186.25,4381065
2023-10-18,188.0,188.05,186.05,186.95,10181113
2023-10-19,186.0,186.65,185.05,186.3,9148124
2023-10-20,187.0,187.3,185.15,186.2,7912216
2023-10-23,185.95,185.95,184.2,184.85,4723090
2023-10-25,184.85,185.85,183.0,184.35,6812004
2023-10-26,183.5,184.15,179.9,180.9,8474867
2023-10-30,185.0,189.2,184.6,188.8,7352638
2023-10-31,189.2,189.8,184.2,186.15,9404675
2023-11-01,186.15,188.8,185.05,186.7,9167869
2023-11-02,187.0,187.65,185.75,186.2,11471209
2023-11-03,186.65,190.65,185.8,190.0,7464912
2023-11-06,190.2,194.2,189.55,193.3,8962124
2023-11-08,193.7,196.55,192.3,195.35,10186886
2023-11-09,196.5,196.7,192.2,192.7,5303833
2023-11-10,192.7,196.5,192.7,195.9,6025889
2023-11-13,195.9,197.3,194.1,195.8,11181086
2023-11-15,198.5,203.0,197.65,199.5,19769385
2023-11-16,202.5,203.4,201.0,201.8,18629240
2023-11-17,200.85,201.25,195.55,196.35,13199928
2023-11-20,198.0,198.5,197.0,197.85,6423265
2023-11-21,193.0,193.95,191.0,191.2,10720353
2023-11-22,191.2,191.85,189.75,191.0,7538825
2023-11-23,191.0,191.75,189.6,190.65,6541617
2023-11-24,190.85,191.85,188.15,188.85,5751331
2023-11-28,188.85,194.45,188.4,193.95,9277764
2023-11-29,195.5,195.5,191.7,192.0,8791333
2023-11-30,192.65,195.65,192.05,194.95,14965403
2023-12-01,195.25,198.25,194.25,194.55,9935740
2023-12-04,196.5,205.9,196.05,202.05,28615290
2023-12-05,202.2,203.95,199.15,202.05,14557746
2023-12-06,203.75,203.75,199.1,201.95,12662213
2023-12-07,200.9,200.9,196.05,198.9,16425880
2023-12-08,199.85,200.3,194.1,195.95,10414387
2023-12-11,197.05,200.85,194.25,197.8,10108266
2023-12-12,196.95,197.8,194.55,195.4,10719911
2023-12-13,195.4,195.4,192.05,193.15,10892122
2023-12-14,195.9,196.3,193.25,195.95,15257294
2023-12-15,197.25,201.95,196.85,201.05,22863981
2023-12-18,201.05,201.65,197.35,199.0,8061011
2023-12-19,202.0,203.55,199.3,200.3,16739742
2023-12-20,201.75,212.0,200.95,203.2,57762576
2023-12-21,203.95,206.75,201.2,202.65,22823936
2023-12-22,204.0,204.5,201.8,203.95,9910694
2023-12-26,204.5,208.5,203.65,207.35,17052969
2023-12-27,209.5,209.9,204.5,205.55,20361303
2023-12-28,206.5,208.9,205.35,208.3,22010872
2023-12-29,208.0,208.0,204.25,205.05,12171663
2024-01-01,206.0,207.1,204.75,205.35,4820168
2024-01-02,205.35,210.75,203.65,207.05,21141219
2024-01-03,205.5,210.45,204.5,208.25,11650902
2024-01-04,210.5,215.4,209.3,214.65,31054419
2024-01-05,215.45,217.5,213.05,216.45,20743811
2024-01-08,218.0,220.8,217.1,217.95,19310595
2024-01-09,221.0,221.45,215.95,216.65,11951525
2024-01-10,215.0,215.0,209.7,212.1,16500666
2024-01-11,214.0,214.0,210.85,211.85,12586419
2024-01-12,213.8,224.75,212.35,223.4,39228118
2024-01-15,228.5,235.45,224.65,233.5,57884916
2024-01-16,234.95,238.95,231.1,235.1,34505065
2024-01-17,232.2,237.25,230.7,232.05,26010955
2024-01-18,230.05,234.5,224.65,233.55,19232183
2024-01-19,236.0,242.55,235.0,242.05,26391844
2024-01-20,243.0,245.45,240.45,242.05,15133785
2024-01-23,245.0,245.65,228.0,229.9,20282617
2024-01-24,231.0,235.0,228.1,234.35,14458601
2024-01-25,235.0,237.5,232.8,234.05,18291957
2024-01-29,241.0,254.95,239.1,252.5,54127939
2024-01-30,256.5,263.3,248.65,249.2,51491099
2024-01-31,250.45,254.35,246.3,252.25,33293192
2024-02-01,254.65,254.65,245.45,247.65,29758133
2024-02-02,250.0,260.0,249.0,257.25,30482663
2024-02-05,260.05,268.05,255.1,262.95,34001868
2024-02-06,265.35,273.4,260.2,272.3,36708949
2024-02-07,275.0,275.65,267.55,271.9,23756939
2024-02-08,273.05,275.65,269.1,273.15,25252940
2024-02-09,275.0,275.65,259.15,267.55,26743792
2024-02-12,261.95,266.6,256.8,257.9,30906374
2024-02-13,258.0,262.4,254.7,259.5,20711842
2024-02-14,258.0,269.65,256.0,268.85,36168962
2024-02-15,271.65,279.85,269.0,277.3,32831246
2024-02-16,275.15,278.0,270.35,274.7,27044984
2024-02-19,274.7,279.05,272.4,274.65,15322964
2024-02-20,274.8,281.15,274.05,276.6,18968785
2024-02-21,276.0,281.1,271.6,272.95,16340579
2024-02-22,273.85,276.0,268.5,274.7,16791453
2024-02-23,274.9,276.0,271.1,272.2,9464646
2024-02-26,271.9,271.9,267.8,269.85,8661999
2024-02-27,268.05,270.2,264.95,269.35,19582774
2024-02-28,270.0,270.3,264.6,265.75,9118196
2024-02-29,265.0,266.35,261.5,264.6,17179832
2024-03-01,266.5,272.95,266.5,270.55,12930057
2024-03-04,272.75,280.55,272.5,279.2,22280353
2024-03-05,280.0,284.95,276.65,283.75,18544484
2024-03-06,284.3,284.3,273.55,280.25,16807149
2024-03-07,280.25,284.35,277.25,278.1,11386963
2024-03-11,278.1,280.5,273.2,274.0,10684598
2024-03-12,274.0,275.6,269.05,270.4,13780189
2024-03-13,270.8,271.0,252.75,255.35,20079496
2024-03-14,252.5,264.35,251.2,263.25,21404057
2024-03-15,263.95,266.4,248.9,258.75,34961065
2024-03-18,258.95,263.05,257.55,261.6,9246173
2024-03-19,262.0,263.95,256.65,259.25,8758348
2024-03-20,259.45,264.6,257.2,263.85,10484778
2024-03-21,264.7,266.95,262.35,262.95,12163200
2024-03-22,262.95,265.25,258.45,263.25,13025089
2024-03-27,265.0,268.2,259.65,261.75,28563001
2024-03-28,262.45,271.0,261.95,268.05,18888942
2024-04-01,268.05,271.5,267.8,269.9,6440401
2024-04-02,270.1,274.05,269.45,272.5,14439120
2024-04-03,275.05,279.0,273.85,275.35,22600929
2024-04-04,278.65,278.65,265.35,269.0,24624383
2024-04-05,267.85,271.9,266.5,267.95,13029904
2024-04-08,267.55,272.0,266.6,270.4,13011300
2024-04-09,270.0,272.65,268.0,268.95,13173933
2024-04-10,269.95,273.2,269.15,272.0,11137195
2024-04-12,271.9,272.5,265.0,265.7,21894584
2024-04-15,269.1,282.95,267.1,279.85,75063828
2024-04-16,277.0,292.55,275.25,283.15,79082544
2024-04-18,286.0,287.7,273.35,274.15,34136482
2024-04-19,276.75,280.8,274.1,275.25,32658724
2024-04-22,277.3,278.0,273.75,276.8,14184019
2024-04-23,276.85,278.75,275.55,276.8,8799147
2024-04-24,277.6,280.4,276.3,279.35,9253985
2024-04-25,279.35,282.6,278.0,281.95,17050557
2024-04-26,283.0,286.15,282.2,282.9,11070290
2024-04-29,283.95,285.25,282.15,283.2,8952420
2024-04-30,284.5,286.35,281.45,282.85,10658906
2024-05-02,281.0,284.6,279.05,282.8,15677336
2024-05-03,284.0,292.95,284.0,286.1,28913016
2024-05-06,288.7,288.75,275.25,282.15,15491865
2024-05-07,283.9,285.0,272.0,273.6,13179001
2024-05-08,273.5,280.25,272.35,276.85,12797721
2024-05-09,277.25,278.55,263.2,265.25,14869187
2024-05-10,267.0,271.2,264.45,270.25,9530738
2024-05-13,271.9,271.9,262.05,266.9,7163239
2024-05-14,267.95,274.65,266.45,272.9,9123849
2024-05-15,274.5,276.0,272.5,273.45,6368662
2024-05-16,276.0,279.35,273.8,277.65,23757779
2024-05-17,278.8,283.4,276.6,277.45,11529157
2024-05-18,280.3,281.7,278.45,279.0,2010993
2024-05-21,281.1,284.0,278.35,280.1,17559555
2024-05-22,284.0,284.0,276.9,278.0,17935064
2024-05-23,279.95,284.55,279.1,283.45,17719819
2024-05-24,284.0,285.95,281.85,283.25,11041667
2024-05-27,284.0,284.2,275.7,277.65,13719808
2024-05-28,279.3,279.3,273.05,274.3,6927361
2024-05-29,273.8,273.8,270.25,271.85,8327205
2024-05-30,273.0,275.1,265.0,266.7,15390964
2024-05-31,268.45,268.45,263.0,264.35,24167379
2024-06-03,277.95,286.55,273.2,284.1,30195397
2024-06-04,285.0,285.0,223.0,236.3,72779900
2024-06-05,247.0,249.75,230.45,247.5,37078551
2024-06-06,254.0,259.5,249.25,252.3,30881233
2024-06-07,253.5,260.8,251.8,260.4,22010688
2024-06-10,264.0,264.0,258.05,259.15,14138524
2024-06-11,266.85,275.0,265.25,273.55,47270206
2024-06-12,278.0,279.1,274.6,275.5,20560662
2024-06-13,278.0,278.0,272.5,276.55,16013386
2024-06-14,277.0,278.2,274.6,275.4,10642648
2024-06-18,278.95,279.0,274.0,275.8,17044769
2024-06-19,275.9,276.6,271.1,271.55,13361607
2024-06-20,271.8,274.0,269.1,271.85,12826509
2024-06-21,271.45,274.75,268.9,269.65,17406416
2024-06-24,269.65,271.25,266.6,269.9,7282347
2024-06-25,270.1,270.8,265.0,267.0,14425434
2024-06-26,266.9,269.15,264.1,267.75,10650910
2024-06-27,267.4,268.1,263.5,267.5,22830930
2024-06-28,269.0,275.45,268.35,274.2,19532912
2024-07-01,275.0,275.8,271.6,272.95,11750972
2024-07-02,273.2,279.8,271.5,274.85,24470518
2024-07-03,276.0,277.7,274.0,274.7,9125400
2024-07-04,275.0,278.9,273.05,277.05,13444669
2024-07-05,277.25,289.3,276.5,288.2,39781962
2024-07-08,290.0,303.0,287.35,299.15,53136198
2024-07-09,300.8,301.85,293.35,297.45,18686252
2024-07-10,299.7,299.8,288.85,298.15,19278800
2024-07-11,300.0,307.2,295.15,304.75,36020507
2024-07-12,306.8,311.75,304.2,307.1,31788101
2024-07-15,311.8,323.65,308.65,322.5,51435537
2024-07-16,323.6,327.6,319.75,322.65,37468292
2024-07-18,325.1,333.3,321.65,331.7,48189915
2024-07-19,333.0,333.2,318.05,319.65,26579496
2024-07-22,320.0,323.35,314.5,320.8,22234557
2024-07-23,320.05,321.4,297.4,314.15,37871058
2024-07-24,313.05,325.75,312.1,319.55,28259305
2024-07-25,318.05,337.55,316.1,335.8,42054664
2024-07-26,336.5,338.5,330.1,331.6,25703985
2024-07-29,333.8,339.55,330.75,332.9,26721790
2024-07-30,332.0,338.25,331.0,331.9,19792253
2024-07-31,332.05,337.45,329.75,334.2,21393361
2024-08-01,337.8,344.7,337.15,341.75,36044960
2024-08-02,338.0,338.0,328.65,330.1,22939377
2024-08-05,320.35,323.3,306.0,310.25,37986023
2024-08-06,314.8,322.45,305.15,306.1,28386636
2024-08-07,312.4,330.95,312.0,329.1,66110716
2024-08-08,329.0,329.0,321.7,322.7,23478224
2024-08-09,333.95,335.85,328.2,332.55,29814474
2024-08-12,332.75,344.7,329.9,341.3,34754596
2024-08-13,344.1,345.0,332.95,335.9,28943385
2024-08-14,335.85,336.5,326.8,328.15,17812763
2024-08-16,332.55,335.75,328.65,329.6,16584396
2024-08-19,335.0,338.75,333.55,335.3,19636518
2024-08-20,335.85,336.0,328.05,330.1,14972714
2024-08-21,330.65,331.5,326.5,327.7,11835143
2024-08-22,328.55,330.5,323.6,324.35,13387819
2024-08-23,324.4,324.8,317.55,318.9,13229612
2024-08-26,323.5,329.1,322.8,327.85,21346682
2024-08-27,329.4,332.55,326.0,328.85,20165503
2024-08-28,328.65,330.3,324.65,327.8,12446738
2024-08-29,326.1,330.15,324.95,329.6,13799961
2024-08-30,330.45,334.4,329.55,330.75,19666466
2024-09-02,330.0,331.95,325.8,326.2,8975511
2024-09-03,327.0,328.0,321.65,322.2,10321111
2024-09-04,315.0,316.2,308.4,314.4,25397204
2024-09-05,316.95,316.95,310.15,311.4,15571640
2024-09-06,311.5,313.15,303.7,308.8,27946491
2024-09-09,308.7,308.7,294.65,298.9,30369085
2024-09-10,300.1,301.5,295.0,295.6,15618589
2024-09-11,292.4,292.4,283.25,285.3,44826300
2024-09-12,288.0,294.75,286.5,294.05,21964895
2024-09-13,295.7,297.25,291.05,291.45,13672371
2024-09-17,293.7,296.6,292.15,294.65,11873436
2024-09-18,297.6,297.8,287.9,290.4,13421760
2024-09-19,287.4,289.2,282.5,285.25,17067311
2024-09-20,287.0,289.05,285.2,286.25,16585530
2024-09-23,288.4,296.4,287.55,295.45,14621229
2024-09-24,296.3,302.0,294.7,299.45,16986759
2024-09-25,299.45,301.2,296.7,298.7,10609614
2024-09-26,297.05,298.7,291.5,295.2,27812412
2024-09-27,292.7,298.45,289.7,297.2,35706130
2024-09-30,297.0,301.8,293.75,297.6,16294341
2024-10-01,297.0,299.15,290.7,291.95,10919818
2024-10-03,295.0,298.0,290.55,292.05,28124665
2024-10-04,297.0,299.7,293.2,295.25,23104209
2024-10-07,296.0,296.3,281.5,289.45,20917962
2024-10-08,288.15,293.9,280.55,293.45,10572360
2024-10-09,291.25,291.9,286.85,288.5,13147475
2024-10-10,288.7,292.15,287.55,288.75,7237212
2024-10-11,291.3,293.65,289.5,292.55,7011704
2024-10-14,292.7,292.9,285.15,286.5,12690951
2024-10-15,286.4,286.4,280.85,283.7,15087155
2024-10-16,283.0,287.25,280.65,285.4,18188885
2024-10-17,285.0,287.6,280.95,281.6,13343303
2024-10-18,282.0,284.5,279.2,283.3,14028398
2024-10-21,281.15,284.0,274.55,276.6,10299773
2024-10-22,278.0,278.15,270.0,270.8,10028511
2024-10-23,270.0,274.4,265.05,270.85,18823321
2024-10-24,271.9,272.45,268.35,269.1,7488521
2024-10-25,270.0,270.3,261.6,264.05,12961181
2024-10-28,260.65,265.05,255.3,263.35,13835091
2024-10-29,263.35,265.55,259.4,265.0,9122757
2024-10-30,265.0,266.2,261.05,261.65,11166643
2024-10-31,263.4,268.3,261.15,266.15,16173656
2024-11-04,274.0,274.35,260.15,265.3,14355959
2024-11-05,265.2,268.6,263.6,267.4,11676017
2024-11-06,267.7,270.6,264.4,269.05,19244545
2024-11-07,270.5,270.5,264.8,265.2,6766663
2024-11-08,265.95,266.5,259.65,262.55,7836093
2024-11-11,262.35,262.35,256.0,256.9,8450657
2024-11-12,260.85,263.2,255.4,256.15,22445400
2024-11-13,256.15,256.95,249.0,252.55,17483332
2024-11-14,252.55,254.3,249.0,250.8,12454540
2024-11-19,250.0,255.4,247.1,248.0,17397559
2024-11-21,248.0,248.0,240.8,242.15,16189440
2024-11-22,244.8,246.95,243.5,245.6,9637581
2024-11-25,248.5,260.5,247.95,257.9,31973671
2024-11-26,256.95,258.25,252.55,254.25,9242451
2024-11-27,255.0,255.5,250.55,254.3,11689970
2024-11-28,255.0,257.4,251.2,252.2,14202863
2024-11-29,253.8,258.65,252.25,256.7,11476347
2024-12-02,255.5,258.3,252.7,257.55,13677959
2024-12-03,260.4,264.7,258.85,262.35,15345326
2024-12-04,263.85,264.3,260.0,260.7,10713838
2024-12-05,260.7,263.25,256.9,261.3,12896743
2024-12-06,260.8,263.0,259.55,260.05,8783386
2024-12-09,260.05,261.35,257.7,258.9,6800856
2024-12-10,257.65,258.75,254.5,256.9,11318782
2024-12-11,257.5,258.7,255.65,256.6,5353032
2024-12-12,258.0,258.6,253.6,254.05,7123877
2024-12-13,253.0,256.8,249.5,254.25,11143128
2024-12-16,254.0,256.3,251.2,251.8,7283872
2024-12-17,251.75,252.45,246.5,247.4,10066884
2024-12-18,247.4,247.5,243.4,244.15,8430930
2024-12-19,240.0,243.95,238.55,241.85,9518542
2024-12-20,241.5,244.15,235.3,237.1,15556528
2024-12-23,238.25,242.3,236.85,240.85,7722901
2024-12-24,241.0,243.25,238.6,238.95,3577400
2024-12-26,240.0,242.0,239.0,240.25,6330006
2024-12-27,240.0,241.0,236.3,236.9,6487888
2024-12-30,236.05,237.0,231.15,232.65,19401112
2024-12-31,232.65,239.9,232.35,239.25,12004845
2025-01-02,237.05,246.78,237.0,246.07,19745810
2025-01-03,248.45,262.75,247.99,258.89,49760410
2025-01-06,259.11,259.5,251.45,254.36,19265884
2025-01-07,259.15,267.4,258.05,263.49,52956766
2025-01-08,266.45,273.5,265.75,271.33,42237794
2025-01-09,272.03,272.59,261.71,263.18,14706472
2025-01-10,264.0,266.5,258.47,263.02,13053552
2025-01-13,266.03,268.6,254.61,255.73,20416370
2025-01-14,257.52,262.0,256.82,260.37,8470150
2025-01-15,260.9,264.47,257.69,258.18,9344731
2025-01-16,260.0,265.63,260.0,263.18,14195450
2025-01-17,262.0,267.0,261.3,266.57,12148143
2025-01-20,268.1,270.47,265.01,269.36,9676264
2025-01-22,266.0,266.39,261.71,264.05,7919682
2025-01-23,263.0,263.83,261.17,263.05,5026675
2025-01-24,262.99,265.64,255.75,256.51,6306281
2025-01-27,255.0,256.44,249.51,250.78,6944911
2025-01-28,250.0,252.4,246.71,248.68,8029472
2025-01-29,248.9,252.0,247.0,251.4,5651586
2025-01-30,252.0,259.4,250.94,256.72,12588155
2025-01-31,257.01,263.49,255.21,262.61,8850307
2025-02-03,255.6,256.35,244.85,249.0,25719512
2025-02-04,252.4,257.5,252.0,254.1,8402532
2025-02-05,259.0,263.0,257.75,261.65,11590755
2025-02-06,262.65,262.95,254.3,256.15,12327998
2025-02-07,252.95,253.85,247.5,248.9,10098454
2025-02-10,248.95,249.6,241.8,242.45,7582536
2025-02-11,242.45,242.45,236.8,238.95,6711630
2025-02-12,239.0,241.25,234.15,237.4,5985956
2025-02-13,238.5,239.45,234.2,234.95,10079210
2025-02-14,235.0,237.95,226.75,230.5,8065352
2025-02-17,230.2,234.3,225.05,233.65,6692422
2025-02-18,232.2,237.15,229.55,236.6,6170974
2025-02-19,236.0,238.8,234.5,238.3,6168581
2025-02-20,236.8,242.65,236.5,241.9,8929816
2025-02-21,241.9,243.05,238.1,239.9,5697387
2025-02-24,236.3,237.95,234.0,234.35,6883143
2025-02-25,235.0,236.7,232.55,233.0,5519036
2025-02-27,233.5,233.85,228.5,231.0,9664032
2025-02-28,230.0,230.5,223.15,225.25,17237276
2025-03-03,224.75,226.0,218.36,225.13,11928529
2025-03-04,220.1,227.75,215.48,226.76,12428265
2025-03-05,227.12,231.25,226.76,228.94,7466729
2025-03-06,231.49,233.57,226.71,232.6,10439208
2025-03-07,232.6,236.47,231.17,232.89,9079049
2025-03-11,220.9,227.26,220.1,226.72,10941588
2025-03-12,227.1,228.84,222.36,224.4,6994310
2025-03-13,228.15,230.4,224.87,225.43,16105085
2025-03-17,226.52,230.45,226.24,229.74,8789001
2025-03-18,230.84,232.5,228.52,232.12,9647391
2025-03-19,232.5,235.14,231.6,232.57,8626593
2025-03-20,233.48,237.04,232.01,235.59,18955995
2025-03-21,235.8,248.0,235.8,242.42,29285333
2025-03-24,244.19,246.4,242.75,243.83,10566066
2025-03-25,244.01,245.37,240.55,242.25,8915800
2025-03-26,243.35,244.5,239.37,239.72,7543985
2025-03-27,238.87,243.4,238.65,242.17,9935664
2025-03-28,243.44,254.9,243.26,246.38,32905564
2025-04-01,247.0,252.2,246.7,248.07,11258957
2025-04-02,250.05,251.5,248.0,250.64,15337906
2025-04-03,248.0,249.62,242.51,243.31,11141370
2025-04-04,240.56,241.21,224.2,226.01,38336194
2025-04-07,208.0,220.8,205.0,219.84,27024128
2025-04-08,223.0,227.24,219.18,226.66,11309092
2025-04-09,222.0,224.06,220.26,221.94,16889575
2025-04-11,228.3,231.4,225.25,230.37,13886447
2025-04-15,234.0,234.0,230.1,232.69,12102239
2025-04-16,232.69,242.0,231.72,241.22,18748952
2025-04-17,241.0,244.61,239.26,243.49,12891813
2025-04-21,244.01,250.55,241.75,249.78,11698653
2025-04-22,248.97,250.6,247.26,247.78,9896443
2025-04-23,248.74,252.75,244.92,252.17,16555874
2025-04-24,250.0,251.37,248.0,249.37,6538518
2025-04-25,249.0,250.68,244.4,246.33,15616265
2025-04-28,246.0,251.95,244.38,250.6,7669983
2025-04-29,251.24,252.1,245.1,245.68,8030552
2025-04-30,245.5,247.44,242.22,244.45,9822483
2025-05-02,241.0,246.27,239.0,243.42,12347590
2025-05-05,240.0,241.15,234.5,239.2,20086323
2025-06-20,252.26,253.25,249.35,251.89,15907673
2025-06-23,253.01,255.49,250.33,251.38,16776881
2025-06-24,247.5,248.0,243.49,243.92,22215004
2025-06-25,244.0,245.3,241.5,241.91,13056178
2025-06-26,242.0,245.37,241.54,244.73,15769123
2025-06-27,245.01,246.22,242.0,242.83,21691960
2025-06-30,244.0,245.7,243.0,244.21,8783448
2025-07-01,245.3,245.3,241.3,243.37,8470489
2025-07-02,242.9,243.75,240.2,241.07,10419419
2025-07-03,242.0,246.2,241.8,244.05,13891239
2025-07-04,245.2,245.45,242.51,245.24,7717259
2025-07-07,245.5,245.5,240.83,241.52,9222263
2025-07-08,242.41,243.7,240.65,243.24,7537067
2025-07-09,243.35,244.59,242.27,243.35,9590680
2025-07-10,243.51,244.69,242.33,243.09,8012201
2025-07-11,243.05,243.09,240.8,241.76,5608382
2025-07-14,242.9,244.89,241.14,244.22,7568906
2025-07-15,244.48,245.37,242.7,243.67,7843083
2025-07-16,244.0,244.15,242.3,242.85,5656962
2025-07-17,243.0,244.56,242.82,243.87,7006298
2025-07-18,244.74,247.35,243.46,246.31,10293817
2025-07-21,246.0,246.3,244.43,245.04,5424455
2025-07-22,245.04,246.87,244.07,246.41,5869862
2025-07-23,246.0,247.2,244.26,245.55,7357753
2025-07-24,245.56,246.2,243.76,244.83,4590999
2025-07-25,244.0,244.8,239.25,240.29,7427827
2025-07-28,240.29,241.56,237.8,240.02,6865890
2025-07-29,240.02,242.51,239.82,241.44,6157824
2025-07-30,242.54,243.71,240.1,241.81,8767763
2025-07-31,240.2,242.81,239.66,241.0,10254214
2025-08-01,240.1,240.71,234.05,236.79,12629251
2025-08-04,236.5,238.39,234.0,234.83,16174972
2025-08-05,235.5,236.0,233.05,234.48,9562689
2025-08-07,233.15,234.2,231.31,233.93,5560413
2025-08-08,233.9,235.12,232.68,233.44,5249568
2025-08-11,233.44,235.0,231.58,233.79,4699743
2025-08-12,233.8,236.36,233.61,235.52,7036778
2025-08-13,237.74,239.95,236.3,238.67,8501906
2025-08-14,238.51,238.67,234.43,236.94,7258450
2025-08-18,237.25,238.59,235.5,238.16,8501972
2025-08-19,237.5,238.54,236.68,237.94,5538059
2025-08-20,237.0,239.09,237.0,237.93,7438061
2025-08-21,238.0,240.99,237.23,238.29,8111371
2025-08-22,238.0,238.63,235.89,236.29,5423818
2025-08-25,236.3,237.49,235.65,236.76,8854258
2025-08-26,236.66,237.3,233.8,234.19,14671897
2025-08-28,234.3,235.28,232.38,233.39,13870643
2025-08-29,233.39,235.37,231.33,233.71,9928988
2025-09-01,234.0,239.19,233.07,238.72,4366396
2025-09-02,238.75,242.5,237.4,239.49,5921193
2025-09-03,239.5,241.94,238.46,239.07,4364007
2025-09-04,239.07,239.35,235.43,235.72,8778730
2025-09-05,235.75,237.16,233.01,234.13,7210683
2025-09-08,234.13,234.98,232.06,232.53,8418326
2025-09-09,232.53,234.59,230.76,231.33,11665314
2025-09-10,233.0,233.04,231.0,231.74,11775053
2025-09-11,232.1,235.22,232.1,233.76,11047708
2025-09-12,234.51,235.41,232.7,233.25,6073522
2025-09-15,233.15,234.19,232.0,232.26,6153784
2025-09-16,232.48,235.27,232.42,235.09,7319921
2025-09-17,236.0,237.96,235.18,236.88,7628371
2025-09-18,237.7,237.7,234.5,235.59,6497852
2025-09-19,235.11,237.4,234.75,236.69,16484017
2025-09-22,236.0,238.45,235.65,237.47,9962796
2025-09-23,237.25,237.59,235.15,236.66,7014239
2025-09-24,236.66,240.13,236.26,238.52,8299331
2025-09-25,238.92,242.14,238.52,239.67,10150654
2025-09-26,240.0,240.26,236.84,238.02,6349466
2025-09-29,239.0,241.16,238.17,239.98,10631271
2025-09-30,240.0,240.89,238.5,239.5,7167687
2025-10-01,238.6,246.29,238.47,243.04,10375310
2025-10-03,242.5,244.2,239.7,243.66,10702610
2025-10-06,242.73,247.5,242.73,245.86,9465503
2025-10-07,245.86,249.5,244.66,245.32,12498420
2025-10-08,246.55,246.8,241.14,241.81,5073558
2025-10-09,241.84,244.5,240.56,243.39,9292031
2025-10-10,244.05,247.08,243.6,246.34,9050771
2025-10-13,245.0,245.68,241.38,244.09,12607116
2025-10-14,245.3,248.74,243.9,244.69,13865005
2025-10-15,244.69,248.19,244.29,247.72,8520238
2025-10-16,248.0,248.7,246.0,248.35,6083826
2025-10-17,248.55,248.55,244.77,247.69,14250215
2025-10-20,247.69,249.2,244.99,248.74,10920554
2025-10-21,248.74,249.3,247.39,248.12,569979
2025-10-23,250.0,253.24,249.08,252.31,13879042
2025-10-24,254.0,257.4,252.85,254.96,17882209
2025-10-27,255.42,256.09,251.91,253.27,7889080
2025-10-28,253.1,253.79,249.86,250.54,8529692
2025-10-29,250.95,257.34,250.55,255.64,8806213
2025-10-30,256.5,256.5,253.41,254.53,5266883
2025-10-31,254.7,257.9,253.32,255.37,7199008
2025-11-03,255.0,258.5,254.3,257.55,5450040
2025-11-04,256.1,257.5,252.0,252.35,6006851
2025-11-06,253.55,255.5,250.45,251.5,6987258
2025-11-07,250.0,253.6,250.0,252.2,4449104
2025-11-10,252.0,255.5,249.5,251.4,7418162
2025-11-11,254.2,254.2,246.0,249.45,16183880
2025-11-12,252.6,255.6,249.9,253.85,11917811
2025-11-13,253.7,253.7,247.3,250.85,13057927
2025-11-14,245.5,249.65,245.1,247.6,9185042
2025-11-17,247.6,249.7,247.45,248.05,6281588
2025-11-18,247.0,249.45,246.3,246.95,7708871
2025-11-19,246.95,250.3,245.4,249.0,7075882
2025-11-20,249.0,251.1,247.6,248.05,6918642
2025-11-21,247.05,248.3,246.2,246.95,7589240
2025-11-24,246.95,247.45,244.3,245.75,15875282
2025-11-25,245.75,247.5,244.6,245.35,8983620
2025-11-26,245.35,248.0,245.05,247.7,7232643
2025-11-27,248.0,248.8,242.8,244.0,5600832
2025-11-28,245.0,245.35,242.55,243.25,3804191
2025-12-01,244.05,245.85,243.01,244.83,6307936
2025-12-02,243.5,246.26,242.5,243.54,5413988
2025-12-03,244.05,244.36,239.56,240.02,11829802
2025-12-04,240.5,242.7,239.69,242.23,10825420
2025-12-05,242.7,243.2,240.91,241.23,7645591
2025-12-08,241.23,242.0,237.7,238.52,5285903
2025-12-09,237.7,240.2,236.83,239.84,9026401
2025-12-10,239.32,240.35,238.42,239.29,3492031
2025-12-11,239.29,241.3,238.14,238.41,8868641
2025-12-12,238.5,239.4,237.02,238.02,4252781
2025-12-15,238.0,238.79,229.94,235.35,12334408
2025-12-16,234.17,235.3,230.75,232.21,7238404
2025-12-17,231.75,233.42,228.61,232.91,5848233
2025-12-18,233.0,234.13,231.21,232.0,3964839
2025-12-19,232.0,233.5,231.5,232.89,5070902
2025-12-22,233.79,235.28,232.77,234.18,4614185
2025-12-23,234.6,237.9,234.6,235.49,5810236
2025-12-24,235.54,236.57,233.14,233.77,4114036
2025-12-26,233.84,235.28,233.05,234.53,3710774
2025-12-29,234.53,239.02,234.0,234.82,12621499
2025-12-30,234.95,235.6,233.31,234.68,6236729
2025-12-31,234.69,241.0,234.61,240.38,11514802
2026-01-01,240.9,241.11,237.41,237.94,5840586
2026-01-02,237.94,242.55,237.94,241.46,5925943
2026-01-05,246.8,246.8,235.7,238.09,21201434
2026-01-06,238.09,242.36,238.09,241.89,10840459
2026-01-07,240.21,241.68,238.16,239.06,8253161
2026-01-08,238.2,238.89,231.0,231.42,9218488
2026-01-09,232.29,238.25,232.0,234.09,12706408
2026-01-12,234.09,236.16,231.66,235.71,9807980
2026-01-13,238.0,244.15,235.8,243.78,22527192
2026-01-14,243.99,251.0,243.58,248.23,33094088
2026-01-16,246.9,247.78,242.4,247.17,12287680
2026-01-19,245.0,248.0,242.3,243.11,6459249
2026-01-20,243.11,245.34,239.71,240.39,6496057
2026-01-21,240.0,244.49,239.51,242.37,9610477
2026-01-22,244.6,246.47,242.57,244.01,10746306
2026-01-23,245.3,246.3,241.55,245.47,8080247
2026-01-27,246.6,248.99,245.89,247.95,15915509
2026-01-28,249.2,269.65,249.2,268.58,73427983
2026-01-29,270.0,277.77,269.01,275.39,48267023
2026-01-30,273.89,276.5,268.01,268.96,24420043
2026-02-02,251.6,257.0,247.6,253.95,17015974
2026-02-03,259.7,262.0,249.35,257.0,19213406
2026-02-04,258.05,270.0,258.05,266.95,26628393
2026-02-05,268.0,270.45,266.0,269.2,15268335
2026-02-06,268.0,269.95,264.7,268.95,10013728
2026-02-09,269.45,270.9,265.75,266.6,10824044
2026-02-10,267.25,273.05,267.0,272.15,13459684
2026-02-11,272.3,275.1,266.35,274.6,18388416
2026-02-12,276.0,280.3,273.45,276.35,22753270
2026-02-13,270.0,271.35,266.0,267.4,20748628
2026-02-16,267.65,272.2,265.65,271.55,13247757
2026-02-17,273.0,273.0,268.1,271.85,21292868
2026-02-18,265.0,266.1,262.55,264.6,11621040
2026-02-19,270.3,276.45,267.85,274.65,37728943
2026-02-20,277.4,280.8,274.35,278.65,31971956
2026-02-23,279.9,279.9,272.2,275.65,13113050
2026-02-24,275.65,278.15,273.3,276.5,16311581
2026-02-25,276.5,278.95,274.0,277.45,7573116
2026-02-26,277.4,281.05,275.6,280.1,13301761
2026-02-27,278.5,282.5,277.0,279.7,18554482
2026-03-02,288.0,293.0,277.65,282.2,65843426
2026-03-04,287.0,288.35,275.1,276.95,53722773
2026-03-05,278.0,287.65,275.35,276.35,40569479
2026-03-06,279.95,280.95,271.15,278.95,30725344
2026-03-09,289.0,289.0,267.6,270.8,56512457
2026-03-10,270.85,270.9,265.35,269.2,18476370
2026-03-11,268.0,272.4,268.0,270.75,16130216
2026-03-12,271.6,273.0,267.75,270.55,20059801
2026-03-13,270.55,271.3,263.45,264.1,18411729
2026-03-16,264.05,266.0,258.35,260.45,21725887
2026-03-17,260.65,265.4,259.15,264.75,15662659
2026-03-18,265.15,266.65,263.0,265.0,8780857
2026-03-19,265.0,271.5,262.5,269.1,28685305
2026-03-20,269.0,273.05,264.0,265.4,19436124
2026-03-23,267.3,269.7,263.9,265.45,23991581
2026-03-24,268.55,273.3,266.85,268.05,18567283
2026-03-25,267.35,271.5,266.4,270.2,13380625
2026-03-27,270.5,285.0,269.7,281.95,60048871
2026-03-30,282.75,288.35,281.95,284.65,44866906
2026-04-01,290.0,293.0,282.8,288.05,31626297
2026-04-02,288.5,288.8,283.5,287.2,20935809
2026-04-06,287.3,288.5,280.45,281.85,24449779
2026-04-07,281.85,287.55,280.0,286.65,22891122
2026-04-08,280.0,287.85,274.75,285.5,42071040
2026-04-09,284.9,289.8,284.9,288.6,13585661
2026-04-10,288.6,291.85,284.55,286.5,12889209
2026-04-13,287.2,290.3,281.0,287.55,23986567
2026-04-15,284.05,289.8,283.35,287.6,16529148
2026-04-16,288.0,288.1,282.0,282.75,13626398
2026-04-17,283.4,285.5,282.2,284.05,17846605
2026-04-20,284.0,285.2,282.5,283.35,11057036
2026-04-21,283.15,284.85,282.4,283.1,13645673
2026-04-22,283.1,285.05,282.6,283.65,7395183
2026-04-23,284.85,289.8,284.05,286.25,13525025
2026-04-24,288.8,288.8,283.9,284.8,11789941
2026-04-27,286.0,286.7,284.2,285.9,6497916
2026-04-28,286.25,302.4,286.0,301.3,51575179
2026-04-29,303.9,307.5,299.75,301.4,27267649
2026-04-30,304.9,307.45,296.9,299.55,17490096
2026-05-04,298.4,299.9,292.35,292.9,15468437
2026-05-06,289.95,290.25,280.0,280.8,22858013
2026-05-07,282.0,285.2,279.7,283.9,15608370
2026-05-08,283.6,284.0,278.6,279.2,9290168
2026-05-11,280.7,281.8,277.65,281.0,6948202
2026-05-12,286.9,299.9,286.85,294.5,52080828
2026-05-13,297.0,300.2,294.1,297.15,24381295
2026-05-14,300.0,303.7,298.7,300.9,22660293
2026-05-15,303.0,304.95,298.55,299.35,13695307
2026-05-18,299.35,300.7,295.1,297.2,10521642
2026-05-19,295.1,298.5,293.65,296.5,9565497
2026-05-20,294.8,301.75,293.85,298.3,12258794
2026-05-21,296.65,299.6,294.15,295.85,14084672
2026-05-22,295.8,296.8,289.4,290.0,11563330
2026-05-25,289.95,289.95,284.3,284.95,12837047
2026-05-26,285.1,289.65,284.0,287.5,10629491
2026-05-27,284.2,284.2,272.45,274.05,29178516
2026-05-29,275.95,276.05,261.55,265.4,74403401
2026-06-01,266.55,268.3,263.25,264.3,9095622
2026-06-02,263.15,266.2,261.05,265.05,16831714
2026-06-03,265.15,268.7,264.3,267.75,14618721
2026-06-04,266.7,271.15,265.9,267.55,15217360
2026-06-05,267.8,268.45,263.7,264.75,7493239
2026-06-08,264.15,266.25,262.7,264.65,6974540
2026-06-09,264.15,265.5,258.3,259.0,10796349
2026-06-10,259.0,261.85,251.35,251.9,10176332
2026-06-11,252.95,256.5,250.05,252.6,13516341
2026-06-12,250.3,250.85,243.35,246.2,31112657
2026-06-15,248.05,248.3,242.8,243.65,25211118
2026-06-16,244.15,248.8,243.5,248.2,17468010
2026-06-17,246.0,247.75,244.0,245.0,12816262
2026-06-18,245.95,246.85,243.0,245.3,13816485
2026-06-19,245.3,246.7,243.3,246.25,7609532
2026-06-22,244.95,247.75,243.8,245.45,7334095
2026-06-23,245.4,246.2,243.55,244.35,7400255
2026-06-24,244.35,245.8,239.5,240.0,10278033
2026-06-25,240.8,240.8,232.1,233.1,36085563
2026-06-29,234.0,237.15,229.7,234.05,38227413
2026-06-30,233.95,236.0,227.65,234.9,24134402
2026-07-01,235.7,236.1,233.52,234.99,11835312
2026-07-02,234.0,236.33,230.8,235.96,14033169
2026-07-03,237.2,239.7,236.33,237.84,11086950
2026-07-06,239.6,244.39,236.84,243.9,22386040
2026-07-07,244.05,245.27,242.68,244.18,15287101
2026-07-08,246.82,248.35,241.48,247.0,24753835
2026-07-09,249.59,249.59,242.91,243.65,14066120
2026-07-10,243.65,245.39,243.41,244.96,8237303
2026-07-13,246.3,249.25,245.55,248.45,12453319
2026-07-14,252.0,252.0,247.3,248.9,16299949
2026-07-15,249.42,249.45,246.3,247.18,13302251
2026-07-16,247.92,247.96,245.61,246.75,6243845
2026-07-17,246.2,247.79,245.6,247.29,6214332
2026-07-20,248.43,252.4,248.1,249.58,10627783
2026-07-21,250.01,251.69,248.46,249.89,12240171
2026-07-22,251.0,252.78,250.13,251.9,10909821
2026-07-23,253.94,254.2,252.01,252.37,9104521
2026-07-24,252.5,253.56,248.27,248.76,7645869
2026-07-27,248.0,248.17,238.14,238.56,19910285
2026-07-28,238.0,239.98,236.09,238.91,13362577
2026-07-29,240.0,240.02,237.93,238.31,9139712
2026-07-30,239.5,244.39,239.06,241.59,11419363
2026-07-31,241.58,242.96,238.17,242.53,10070729
2026-08-03,241.45,242.62,240.06,242.0,8277525
2026-08-04,242.0,243.2,240.6,242.0,10470809
2026-08-05,245.0,245.0,239.11,240.2,19409088
2026-08-07,238.5,241.69,237.05,238.85,10078070
2026-08-10,240.0,241.3,238.19,239.84,10611162
2026-08-11,241.0,243.65,239.45,239.45,16004168
2026-08-12,240.0,241.33,238.65,239.05,10695237
2026-08-14,239.49,239.6,235.25,236.4,12128656
2026-08-17,237.99,239.5,236.15,238.49,25342938
2026-08-18,239.5,241.3,238.02,239.5,14903605
2026-08-19,241.1,242.19,237.52,238.0,17345994
2026-08-20,239.24,239.24,233.64,238.5,11886277
2026-08-21,238.7,239.22,236.4,236.4,13313403
2026-08-24,237.0,237.94,235.63,236.55,7122883
2026-08-25,236.0,236.55,233.35,234.0,12124076
2026-08-26,233.51,234.21,230.79,232.21,6500323
2026-08-27,232.21,234.44,231.1,232.0,11219541
2026-08-28,233.35,233.39,231.25,232.25,7638954
2026-08-31,233.8,234.95,231.7,231.8,11732655
2026-09-01,233.8,236.6,232.5,236.45,11985775
2026-09-02,237.6,239.21,235.64,237.5,13073915
2026-09-03,237.5,237.8,235.0,236.0,5175513
2026-09-04,235.44,235.44,233.6,234.65,5338085
2026-09-07,235.98,235.98,232.77,233.7,5391548
2026-09-08,234.8,238.0,232.22,236.0,7965065
2026-09-09,237.8,239.27,234.02,234.02,12781171
2026-09-10,236.1,239.8,235.6,237.27,12771340
2026-09-11,239.9,243.16,232.5,232.5,27128531
