Date,Open,High,Low,Close,Volume
2010-06-10,738.65,762.45,730.0,759.1,4937054
2010-06-11,769.5,772.9,757.65,764.9,5228081
2010-06-14,768.0,772.8,754.15,760.25,3491480
2010-06-15,761.0,769.0,749.4,759.7,3235535
2010-06-16,765.0,788.0,765.0,780.35,5148565
2010-06-17,784.0,805.5,775.0,802.2,4720955
2010-06-18,805.0,812.0,793.0,801.8,4139966
2010-06-21,809.0,823.35,805.1,807.3,3956173
2010-06-22,809.5,809.5,791.6,797.65,3121526
2010-06-23,790.1,806.9,788.05,791.05,3440271
2010-06-24,792.3,797.8,781.75,785.2,3016736
2010-06-25,785.2,789.0,765.75,768.9,3367733
2010-06-28,770.0,793.85,770.0,789.25,2484706
2010-06-29,789.0,789.0,766.5,770.95,2827895
2010-06-30,760.25,781.85,758.8,778.5,3458935
2010-07-01,777.8,780.1,761.15,762.75,2428943
2010-07-02,770.0,775.85,763.0,766.4,2382202
2010-07-05,764.95,779.75,759.1,763.2,3185605
2010-07-06,764.95,771.8,761.0,767.9,2774349
2010-07-07,766.5,769.9,748.4,750.95,2523759
2010-07-08,760.0,766.1,754.65,756.15,2254969
2010-07-09,761.0,772.5,759.0,770.7,3150062
2010-07-12,777.0,793.2,772.3,790.15,4403212
2010-07-13,791.0,804.7,787.55,801.9,2907202
2010-07-14,807.0,814.8,795.0,800.0,2706581
2010-07-15,800.0,812.0,791.0,809.5,3097080
2010-07-16,810.0,835.85,808.95,832.4,5229287
2010-07-19,827.0,833.9,821.15,825.3,1846759
2010-07-20,829.0,833.0,809.0,813.05,1753304
2010-07-21,818.0,825.9,816.4,820.35,1828912
2010-07-22,819.0,840.0,815.0,837.0,2621538
2010-07-23,842.1,846.95,831.4,838.4,2610976
2010-07-26,841.0,841.2,818.1,821.2,1771276
2010-07-27,821.0,847.95,821.0,844.55,2878161
2010-07-28,842.0,858.5,842.0,854.8,2832248
2010-07-29,856.1,869.25,845.4,866.7,3581832
2010-07-30,854.0,860.8,843.25,846.35,2142426
2010-08-02,853.95,862.9,843.2,847.35,2191379
2010-08-03,854.9,856.0,839.1,841.8,2914482
2010-08-04,843.0,848.0,835.0,844.45,1504587
2010-08-05,846.0,866.75,842.9,861.0,2915964
2010-08-06,860.0,901.8,858.25,893.7,6905308
2010-08-09,898.7,921.75,895.0,919.4,4247338
2010-08-10,925.0,967.0,887.2,957.3,16038550
2010-08-11,962.25,1024.5,961.55,1006.7,16322967
2010-08-12,1007.0,1033.2,990.55,1024.7,6862401
2010-08-13,1027.0,1035.0,1007.5,1013.4,3872734
2010-08-16,1016.85,1022.65,992.7,1001.35,2672328
2010-08-17,1004.85,1018.8,998.0,1006.65,4137627
2010-08-18,1014.0,1058.5,1013.0,1048.3,6618229
2010-08-19,1040.0,1050.0,1031.95,1040.45,3033774
2010-08-20,1028.7,1038.0,1012.85,1015.35,3991898
2010-08-23,1019.85,1026.2,1006.0,1015.35,2550409
2010-08-24,1015.9,1020.0,1007.1,1011.75,1952925
2010-08-25,1007.5,1013.45,983.1,992.3,3120975
2010-08-26,990.0,1017.95,987.15,997.4,6112716
2010-08-27,997.0,1011.9,987.1,990.8,2553224
2010-08-30,1004.0,1009.9,980.2,989.85,2595748
2010-08-31,985.0,1014.9,981.35,1010.35,6437448
2010-09-01,1015.0,1019.5,1003.15,1010.75,2853937
2010-09-02,1021.0,1031.95,1014.0,1016.95,2711630
2010-09-03,1020.1,1025.25,1010.25,1013.75,1184668
2010-09-06,1019.6,1040.0,1019.6,1035.0,2140182
2010-09-07,1033.0,1060.5,1033.0,1039.15,2197504
2010-09-08,1035.0,1043.7,1026.15,1032.9,1581435
2010-09-09,1034.0,1043.4,1008.65,1014.85,2356855
2010-09-13,1021.2,1034.5,1017.3,1027.0,2457220
2010-09-14,1035.0,1068.0,1025.0,1055.2,5681617
2010-09-15,1065.0,1079.0,1019.1,1024.6,6505310
2010-09-16,1025.5,1041.0,1020.0,1028.8,3666178
2010-09-17,1039.0,1047.9,1029.5,1035.5,2838439
2010-09-20,1039.95,1061.1,1037.0,1057.45,2658263
2010-09-21,1058.0,1085.0,1051.4,1080.6,4790004
2010-09-22,1098.9,1109.0,1059.25,1070.9,3124979
2010-09-23,1074.0,1080.0,1062.5,1074.3,2231317
2010-09-24,1067.0,1077.35,1062.15,1072.9,1590464
2010-09-27,1090.5,1095.0,1070.3,1083.7,2185271
2010-09-28,1078.95,1085.0,1066.5,1080.5,1625571
2010-09-29,1080.85,1109.85,1080.55,1106.45,4037658
2010-09-30,1109.95,1115.0,1086.25,1098.1,3110520
2010-10-01,1105.0,1155.0,1101.0,1114.15,6868939
2010-10-04,1125.9,1147.0,1100.0,1139.05,3516210
2010-10-05,1144.95,1145.15,1128.2,1134.35,2149167
2010-10-06,1143.95,1150.9,1135.0,1138.7,2857654
2010-10-07,1140.0,1148.0,1117.65,1128.7,1879554
2010-10-08,1134.4,1139.65,1093.0,1102.95,2700519
2010-10-11,1118.0,1158.75,1106.0,1151.6,2579599
2010-10-12,1150.85,1164.9,1145.45,1156.6,2924615
2010-10-13,1156.6,1182.5,1148.85,1176.35,2672500
2010-10-14,1178.0,1195.0,1171.55,1183.25,2642230
2010-10-15,1184.0,1189.8,1150.7,1156.05,1847851
2010-10-18,1145.0,1177.75,1132.25,1168.95,3104849
2010-10-19,1180.0,1188.0,1170.0,1174.15,2025249
2010-10-20,1169.9,1177.0,1153.0,1157.65,1549041
2010-10-21,1165.0,1178.45,1161.0,1167.1,2017018
2010-10-22,1173.4,1175.05,1145.15,1148.85,2111964
2010-10-25,1155.3,1189.9,1155.3,1185.65,1873775
2010-10-26,1185.8,1200.0,1178.55,1194.75,2814639
2010-10-27,1190.0,1202.0,1183.5,1196.05,1684316
2010-10-28,1200.0,1210.0,1185.25,1192.6,3200678
2010-10-29,1192.6,1196.7,1141.1,1159.0,2132848
2010-11-01,1179.6,1184.85,1163.3,1170.6,1558623
2010-11-02,1175.2,1176.0,1145.05,1154.25,2303758
2010-11-03,1161.95,1191.9,1161.7,1185.55,1592182
2010-11-04,1194.9,1240.0,1178.0,1234.05,3703358
2010-11-05,1246.0,1252.1,1239.0,1244.95,373757
2010-11-08,1250.0,1279.9,1242.55,1269.25,2846942
2010-11-09,1280.95,1294.0,1261.65,1269.9,3901323
2010-11-10,1346.0,1348.0,1297.2,1302.5,5687186
2010-11-11,1319.0,1323.2,1264.7,1275.95,3854920
2010-11-12,1265.0,1290.9,1241.6,1246.25,3165674
2010-11-15,1247.0,1257.8,1224.0,1252.2,2854821
2010-11-16,1265.0,1265.5,1187.4,1205.55,3668755
2010-11-18,1218.0,1237.0,1176.4,1230.75,5057615
2010-11-19,1240.0,1245.0,1177.0,1189.0,3233804
2010-11-22,1206.0,1233.7,1191.05,1227.7,2157159
2010-11-23,1218.0,1229.4,1181.2,1213.5,3463587
2010-11-24,1216.1,1260.7,1205.1,1218.85,4096644
2010-11-25,1230.5,1249.9,1200.05,1205.8,3680676
2010-11-26,1212.0,1217.9,1138.0,1166.45,4652687
2010-11-29,1165.9,1194.15,1145.0,1186.0,2245153
2010-11-30,1175.05,1244.25,1163.35,1234.95,3698167
2010-12-01,1230.0,1303.0,1226.25,1286.75,5994329
2010-12-02,1298.8,1328.5,1295.8,1320.15,5731817
2010-12-03,1316.0,1346.7,1302.95,1314.7,5671000
2010-12-06,1325.0,1382.0,1323.05,1357.85,8881460
2010-12-07,1350.1,1352.3,1312.2,1335.4,4801008
2010-12-08,1332.0,1346.9,1296.0,1336.1,7396827
2010-12-09,1337.05,1340.0,1259.0,1273.85,5447129
2010-12-10,1267.0,1268.0,1212.0,1247.6,4411832
2010-12-13,1256.0,1293.8,1253.2,1277.2,3283615
2010-12-14,1287.0,1315.0,1268.3,1305.95,3791092
2010-12-15,1302.8,1335.0,1290.1,1322.9,3608508
2010-12-16,1319.0,1368.4,1291.25,1347.0,3822439
2010-12-20,1332.0,1363.9,1322.5,1351.0,2809244
2010-12-21,1351.0,1363.9,1332.8,1350.0,2139463
2010-12-22,1356.1,1371.4,1347.0,1365.15,2538398
2010-12-23,1361.0,1374.5,1335.8,1352.75,2039011
2010-12-24,1342.0,1349.0,1302.1,1306.15,3191356
2010-12-27,1304.0,1320.9,1292.85,1301.1,1729961
2010-12-28,1305.5,1307.2,1263.25,1268.9,3609994
2010-12-29,1270.0,1279.9,1252.0,1273.85,3058551
2010-12-30,1274.0,1305.0,1273.2,1300.15,2887614
2010-12-31,1306.0,1315.9,1296.0,1308.35,1750451
2011-01-03,1327.7,1335.0,1301.2,1308.45,1678140
2011-01-04,1313.9,1320.6,1285.05,1298.4,2333384
2011-01-05,1300.0,1309.9,1276.0,1282.8,1576151
2011-01-06,1289.2,1300.9,1248.35,1261.0,2182701
2011-01-07,1260.0,1263.35,1160.0,1190.2,4318326
2011-01-10,1191.0,1206.9,1157.4,1176.7,4764220
2011-01-11,1183.9,1198.9,1140.55,1158.05,4240627
2011-01-12,1180.0,1223.1,1176.0,1218.0,4783793
2011-01-13,1221.0,1246.95,1212.0,1236.7,5733344
2011-01-14,1225.0,1225.0,1172.0,1182.4,3438870
2011-01-17,1187.45,1188.0,1155.5,1178.85,2401956
2011-01-18,1185.0,1208.6,1182.0,1199.55,2827658
2011-01-19,1207.8,1207.9,1183.3,1192.75,2429130
2011-01-20,1184.9,1202.0,1162.15,1194.7,2337303
2011-01-21,1190.0,1204.0,1172.35,1187.4,2137983
2011-01-24,1187.4,1197.8,1175.1,1188.3,1270451
2011-01-25,1198.8,1198.8,1159.9,1166.0,2516799
2011-01-27,1181.95,1199.5,1171.0,1195.85,4165911
2011-01-28,1188.0,1189.9,1122.0,1150.3,3106133
2011-01-31,1115.0,1159.0,1112.1,1147.05,2530027
2011-02-01,1151.45,1151.45,1063.0,1069.05,5105505
2011-02-02,1087.3,1128.9,1077.3,1114.25,4445302
2011-02-03,1099.8,1164.5,1094.0,1156.8,2805179
2011-02-04,1150.25,1189.95,1140.0,1150.85,4927297
2011-02-07,1141.1,1159.85,1110.8,1146.35,3497490
2011-02-08,1150.0,1157.8,1104.25,1112.25,2989423
2011-02-09,1100.0,1117.8,1052.5,1073.6,4886364
2011-02-10,1076.0,1116.9,1073.6,1102.5,3042596
2011-02-11,1108.4,1170.0,1098.75,1142.7,3644665
2011-02-14,1193.5,1221.8,1191.85,1209.25,4424196
2011-02-15,1213.9,1247.9,1201.85,1237.35,4025122
2011-02-16,1234.0,1244.7,1217.35,1238.45,1760803
2011-02-17,1231.95,1254.45,1225.2,1248.6,1737971
2011-02-18,1249.0,1257.9,1201.1,1205.55,2579872
2011-02-21,1205.0,1208.7,1135.4,1161.75,4404748
2011-02-22,1150.0,1154.0,1122.7,1136.85,2503673
2011-02-23,1135.0,1163.0,1130.1,1143.9,2052678
2011-02-24,1139.0,1141.9,1038.65,1054.4,5437575
2011-02-25,1082.0,1125.0,1072.55,1110.7,4684753
2011-03-01,1099.0,1146.0,1097.15,1141.85,3288143
2011-03-03,1137.8,1184.7,1120.0,1176.5,4812705
2011-03-04,1193.7,1194.5,1165.9,1175.75,3313941
2011-03-07,1155.0,1155.0,1121.0,1127.95,2974670
2011-03-08,1126.0,1164.9,1125.0,1162.15,2213827
2011-03-09,1171.3,1176.5,1153.0,1163.3,1704505
2011-03-10,1166.1,1174.9,1151.0,1165.0,1869556
2011-03-11,1156.0,1172.0,1132.0,1162.6,2104678
2011-03-14,1155.0,1179.7,1140.2,1175.8,1558207
2011-03-15,1140.3,1159.95,1128.65,1142.1,1783640
2011-03-16,1152.0,1174.4,1146.9,1166.5,1788126
2011-03-17,1148.0,1162.4,1132.55,1139.95,1787373
2011-03-18,1153.0,1153.0,1113.0,1117.45,2499929
2011-03-21,1129.1,1133.4,1115.2,1121.2,1912554
2011-03-22,1130.1,1143.7,1130.1,1136.1,2095566
2011-03-23,1131.55,1144.7,1126.05,1136.9,1634169
2011-03-24,1146.1,1161.9,1145.2,1157.3,1182009
2011-03-25,1170.9,1191.9,1161.3,1183.85,1697574
2011-03-28,1192.0,1227.9,1189.4,1224.0,2103659
2011-03-29,1231.4,1246.0,1212.5,1239.45,2157720
2011-03-30,1241.5,1258.7,1238.6,1249.0,1620328
2011-03-31,1254.9,1260.9,1221.0,1248.35,2566187
2011-04-01,1241.0,1249.9,1234.35,1241.8,1271631
2011-04-04,1240.0,1258.0,1237.0,1254.2,1295147
2011-04-05,1258.5,1284.9,1244.05,1280.35,1951428
2011-04-06,1287.35,1303.7,1278.35,1298.7,2556379
2011-04-07,1289.75,1302.0,1276.5,1290.9,1579291
2011-04-08,1284.0,1287.7,1246.1,1253.3,1363240
2011-04-11,1238.0,1249.9,1210.75,1219.55,1279438
2011-04-13,1209.8,1252.65,1204.9,1248.85,2174825
2011-04-15,1249.0,1269.0,1228.5,1235.85,1540816
2011-04-18,1237.45,1262.8,1201.0,1205.85,1768403
2011-04-19,1198.9,1213.95,1188.35,1201.3,1634043
2011-04-20,1214.7,1255.55,1214.1,1251.75,1836290
2011-04-21,1254.8,1258.0,1233.0,1243.75,1194759
2011-04-25,1236.15,1257.0,1236.15,1242.55,712550
2011-04-26,1241.0,1267.0,1224.5,1261.3,1145068
2011-04-27,1259.0,1272.8,1246.1,1249.5,1302048
2011-04-28,1254.0,1258.25,1228.05,1232.3,1366430
2011-04-29,1229.0,1296.65,1214.0,1236.85,1257830
2011-05-02,1241.5,1244.0,1218.75,1225.35,1161049
2011-05-03,1222.05,1226.85,1148.0,1163.1,2066322
2011-05-04,1163.0,1175.9,1139.2,1159.3,1613262
2011-05-05,1160.0,1174.8,1131.0,1137.15,1067416
2011-05-06,1149.8,1208.0,1145.95,1199.95,2224080
2011-05-09,1199.0,1202.4,1168.9,1176.85,1266813
2011-05-10,1176.0,1203.45,1171.0,1186.25,1494899
2011-05-11,1186.0,1215.0,1181.25,1211.65,1772226
2011-05-12,1197.9,1220.0,1182.55,1187.0,1881467
2011-05-13,1193.6,1234.2,1187.15,1211.05,2004128
2011-05-16,1200.0,1219.8,1185.1,1215.75,2379703
2011-05-17,1211.0,1218.0,1178.6,1189.0,1561367
2011-05-18,1188.25,1188.95,1142.75,1149.15,2555103
2011-05-19,1154.1,1165.75,1142.05,1150.85,2008459
2011-05-20,1151.2,1181.9,1151.2,1168.65,1426097
2011-05-23,1154.0,1154.0,1123.1,1129.45,1874272
2011-05-24,1129.1,1141.95,1111.95,1121.85,2098258
2011-05-25,1120.5,1141.95,1120.1,1133.8,1791018
2011-05-26,1141.2,1168.7,1140.35,1162.4,2815981
2011-05-27,1175.0,1175.0,1082.0,1088.85,7224010
2011-05-30,1094.95,1101.7,1072.85,1077.35,2837058
2011-05-31,1081.15,1100.1,1075.7,1095.3,4316117
2011-06-01,1096.0,1097.0,1075.6,1079.9,2412309
2011-06-02,1070.0,1070.0,1042.2,1048.2,2604237
2011-06-03,1048.0,1058.0,1014.25,1023.8,3600090
2011-06-06,1011.5,1031.8,1010.25,1023.7,2076683
2011-06-07,1017.0,1033.8,1015.65,1027.2,2117760
2011-06-08,1022.9,1043.65,1021.0,1028.55,2069956
2011-06-09,1029.0,1030.95,1003.4,1021.15,3029331
2011-06-10,1023.4,1024.35,1011.0,1019.6,2051336
2011-06-13,1016.0,1018.75,1004.1,1010.3,1804138
2011-06-14,1008.5,1009.9,981.15,984.0,3593062
2011-06-15,984.0,998.1,974.2,994.15,3376870
2011-06-16,987.5,999.0,980.15,983.65,1759555
2011-06-17,991.95,992.6,976.2,980.95,1387205
2011-06-20,981.5,983.95,925.55,931.0,2402227
2011-06-21,938.0,949.75,930.0,936.2,3090153
2011-06-22,945.0,945.55,927.35,935.9,2151715
2011-06-23,935.0,951.95,926.25,945.0,2797950
2011-06-24,948.25,972.4,948.25,966.45,2526169
2011-06-27,957.0,984.4,950.25,977.75,2165506
2011-06-28,984.0,990.5,967.8,984.7,1741799
2011-06-29,990.9,1012.75,988.35,997.15,3089116
2011-06-30,998.0,1003.9,981.35,994.2,2413313
2011-07-01,1010.0,1010.0,986.0,994.7,1945468
2011-07-04,1009.0,1024.85,1003.5,1011.65,2128863
2011-07-05,1020.0,1028.4,1009.0,1015.95,2316390
2011-07-06,1019.1,1037.95,1011.55,1035.5,2377587
2011-07-07,1033.1,1058.15,1027.0,1055.45,2701986
2011-07-08,1057.0,1074.3,1046.0,1054.0,1886461
2011-07-11,1054.0,1063.0,1045.8,1052.85,1176875
2011-07-12,1036.0,1042.5,1005.0,1024.9,2094402
2011-07-13,1028.0,1048.5,1025.0,1045.7,1448091
2011-07-14,1040.0,1081.5,1035.35,1068.1,2279572
2011-07-15,1061.5,1062.0,1029.3,1033.05,1756894
2011-07-18,1035.0,1046.45,1012.0,1014.8,1667443
2011-07-19,1001.0,1002.15,978.0,983.95,3122797
2011-07-20,990.0,995.65,964.1,968.85,1896414
2011-07-21,972.9,984.95,962.75,977.0,1342469
2011-07-22,987.0,1005.0,980.4,996.95,2146720
2011-07-25,994.0,1011.9,987.1,1006.4,1358645
2011-07-26,1007.9,1013.1,965.65,973.05,1937010
2011-07-27,975.0,977.85,948.3,957.7,1736500
2011-07-28,951.9,966.0,945.45,950.7,1630138
2011-07-29,948.9,955.9,940.0,948.1,1361433
2011-08-01,955.0,966.95,950.65,961.5,1147475
2011-08-02,955.05,962.9,950.0,956.4,1587080
2011-08-03,945.0,945.0,921.3,928.15,1786057
2011-08-04,922.7,928.6,910.35,913.95,3752739
2011-08-05,879.0,892.0,870.0,889.6,2439670
2011-08-08,871.05,872.0,823.75,827.7,3109154
2011-08-09,793.0,821.0,784.05,794.05,4985087
2011-08-10,824.5,849.4,816.0,844.2,3085125
2011-08-11,829.0,862.95,817.0,849.0,3925835
2011-08-12,850.95,850.95,793.1,800.0,5268147
2011-08-16,812.1,819.9,795.05,801.55,2297080
2011-08-17,799.0,800.15,772.1,778.85,2541175
2011-08-18,786.7,787.3,747.9,752.05,2518993
2011-08-19,737.25,739.8,702.15,712.35,5589606
2011-08-22,715.45,742.1,700.0,737.0,4437691
2011-08-23,735.0,746.9,715.0,727.6,3613076
2011-08-24,727.0,736.8,695.05,700.75,3593472
2011-08-25,711.05,721.8,705.2,714.25,3461963
2011-08-26,715.1,732.35,693.6,698.5,3045203
2011-08-29,712.0,736.4,710.0,730.65,3553906
2011-08-30,745.5,748.4,726.85,742.3,3211986
2011-09-02,758.0,763.3,742.0,754.75,3921188
2011-09-05,748.0,759.0,741.3,753.2,2068028
2011-09-06,748.2,773.6,748.2,765.8,3774445
2011-09-07,771.25,780.65,754.15,769.1,2948824
2011-09-08,774.15,793.0,769.0,790.65,2644856
2011-09-09,791.4,791.4,760.5,764.9,2010560
2011-09-12,145.95,149.2,143.5,146.35,11190844
2011-09-13,147.3,148.2,137.55,139.6,16043895
2011-09-14,141.0,143.65,140.0,142.5,11520672
2011-09-15,143.0,152.4,141.55,151.2,13269675
2011-09-16,153.85,163.5,152.4,161.85,33242240
2011-09-19,160.0,164.7,157.8,161.7,16379763
2011-09-20,161.45,166.8,161.45,166.2,14496654
2011-09-21,165.0,166.9,163.5,164.85,11289715
2011-09-22,160.7,161.55,153.6,154.65,11465750
2011-09-23,150.5,151.8,146.0,146.85,21336311
2011-09-26,147.5,148.5,142.25,146.75,9140562
2011-09-27,151.35,157.0,150.6,155.75,11579085
2011-09-28,156.9,159.7,153.2,156.05,12869324
2011-09-29,153.5,162.85,151.2,160.9,20056639
2011-09-30,160.3,162.9,155.25,156.05,11949016
2011-10-03,154.0,157.4,152.35,153.6,7871622
2011-10-04,152.2,152.6,144.75,146.7,17589856
2011-10-05,148.2,151.85,146.65,147.4,8880985
2011-10-07,153.05,160.35,153.05,159.15,15720334
2011-10-10,159.0,172.45,158.9,170.75,20224167
2011-10-11,172.7,177.95,171.35,176.75,22825907
2011-10-12,176.0,190.0,170.65,180.75,27138893
2011-10-13,183.4,186.2,174.75,175.85,18665480
2011-10-14,174.0,181.25,173.75,180.05,14881631
2011-10-17,183.0,191.2,183.0,188.1,24140815
2011-10-18,184.2,184.65,177.8,181.25,15025771
2011-10-19,183.9,188.25,183.9,186.95,12154991
2011-10-20,182.45,184.5,180.75,183.1,13618769
2011-10-21,184.8,185.6,177.15,178.15,12320540
2011-10-24,182.65,187.45,182.65,186.15,12922015
2011-10-25,188.0,193.4,184.8,191.8,16437542
2011-10-26,194.7,194.9,190.35,191.8,4230172
2011-10-28,197.75,208.0,197.25,206.8,17870744
2011-10-31,205.5,205.5,197.75,198.45,13294873
2011-11-01,195.1,202.45,191.8,193.45,20481549
2011-11-02,190.3,196.9,188.1,192.1,23017915
2011-11-03,191.0,192.25,185.4,188.7,21786359
2011-11-04,193.5,193.7,185.75,188.1,17979945
2011-11-08,189.5,190.7,185.25,189.7,12237849
2011-11-09,191.4,191.95,183.8,184.75,13899966
2011-11-11,184.05,188.15,180.5,181.45,18515572
2011-11-14,184.05,185.5,176.15,177.8,15767673
2011-11-15,173.75,184.5,171.9,181.25,22258057
2011-11-16,182.0,183.8,177.75,182.3,16532913
2011-11-17,182.0,183.0,173.8,175.15,12583654
2011-11-18,172.0,172.0,166.95,170.3,12886140
2011-11-21,169.25,169.25,160.15,161.55,13449115
2011-11-22,163.0,175.2,163.0,172.45,23723293
2011-11-23,170.0,171.15,165.55,168.35,14098973
2011-11-24,166.9,174.95,164.15,173.05,19430798
2011-11-25,169.55,179.8,169.55,171.85,19926544
2011-11-28,174.5,182.95,173.85,181.85,15320998
2011-11-29,180.85,181.8,175.7,177.45,13279285
2011-11-30,174.5,176.4,169.55,172.8,15058198
2011-12-01,181.0,185.45,180.9,183.0,16480698
2011-12-02,182.0,192.75,181.75,191.9,15746236
2011-12-05,190.85,194.6,189.2,191.6,11428494
2011-12-07,191.0,195.75,190.0,191.4,12425124
2011-12-08,190.25,191.5,185.85,188.55,12145504
2011-12-09,183.7,185.7,180.1,183.0,14871345
2011-12-12,187.05,187.8,176.2,177.35,14403325
2011-12-13,174.5,182.35,174.25,178.9,14281985
2011-12-14,176.85,181.7,176.2,177.1,14496036
2011-12-15,175.0,176.0,167.5,172.65,18077891
2011-12-16,175.4,179.75,170.3,172.4,15919535
2011-12-19,172.0,180.3,169.25,179.8,20513550
2011-12-20,180.0,180.75,173.85,174.9,14568217
2011-12-21,179.75,181.9,174.7,177.0,21077155
2011-12-22,175.0,184.45,173.5,183.6,12323905
2011-12-23,184.9,187.35,182.7,184.95,10593162
2011-12-26,186.0,188.65,185.1,186.75,7097843
2011-12-27,186.0,186.4,180.85,182.1,6199700
2011-12-28,181.0,183.5,178.85,180.2,8777190
2011-12-29,178.4,182.5,178.1,179.15,9982150
2011-12-30,180.5,183.8,176.8,178.7,9288032
2012-01-02,180.95,185.05,178.8,183.95,10067815
2012-01-03,186.25,194.8,186.2,193.95,15700104
2012-01-04,193.85,202.5,193.0,201.2,22511018
2012-01-05,200.95,205.75,200.2,202.1,21411123
2012-01-06,200.0,205.0,198.5,203.6,13409363
2012-01-09,201.85,202.7,198.2,200.6,11480297
2012-01-10,201.0,206.45,201.0,205.1,11788431
2012-01-11,206.2,207.3,201.75,204.9,15458971
2012-01-12,203.0,209.5,202.55,206.2,12058721
2012-01-13,210.15,213.2,206.5,208.8,19007188
2012-01-16,206.0,214.6,203.95,213.75,21477055
2012-01-17,218.0,221.4,216.15,217.4,23807872
2012-01-18,217.35,219.95,212.65,213.85,24272297
2012-01-19,217.0,220.25,216.4,218.45,14411978
2012-01-20,219.9,221.3,215.6,219.1,10540519
2012-01-23,220.9,223.25,217.6,219.1,9127486
2012-01-24,221.0,224.5,216.5,221.95,13795140
2012-01-25,223.0,234.35,222.7,230.95,22401472
2012-01-27,234.6,241.4,232.6,239.85,26107234
2012-01-30,238.2,238.7,231.4,233.9,17288524
2012-01-31,235.1,245.55,235.1,243.75,12974777
2012-02-01,243.85,251.8,243.4,248.4,20257967
2012-02-02,252.5,252.7,244.95,246.45,17382855
2012-02-03,247.25,250.0,240.65,247.65,13971451
2012-02-06,250.5,253.0,245.65,251.75,11740535
2012-02-07,254.75,254.75,248.1,250.35,12643356
2012-02-08,251.9,253.4,245.55,250.6,10137305
2012-02-09,249.2,258.85,248.6,257.3,16635276
2012-02-10,256.7,261.9,255.5,257.35,15661092
2012-02-13,257.3,260.8,253.75,258.3,10826046
2012-02-14,259.45,272.7,258.95,267.95,21562594
2012-02-15,278.7,292.7,278.0,287.85,36821787
2012-02-16,283.0,284.3,274.3,275.9,22683612
2012-02-17,281.4,283.5,271.15,273.95,16865962
2012-02-21,275.2,276.0,269.55,271.3,18313379
2012-02-22,272.0,276.0,265.9,268.45,19307802
2012-02-23,268.0,273.75,265.7,268.45,17239169
2012-02-24,270.0,271.75,263.2,265.45,9297899
2012-02-27,267.9,267.9,255.35,259.95,13321207
2012-02-28,262.45,275.45,262.0,273.35,14818238
2012-02-29,276.0,278.8,267.3,270.95,13002814
2012-03-01,269.9,273.9,265.4,267.2,10231237
2012-03-02,269.5,272.0,264.65,267.65,10962544
2012-03-05,267.0,275.6,266.25,274.15,13724738
2012-03-06,274.1,279.0,264.0,267.0,11559507
2012-03-07,265.0,269.8,262.4,267.95,8513827
2012-03-09,272.25,281.95,272.25,280.65,11975682
2012-03-12,283.0,286.9,277.05,284.2,12242332
2012-03-13,286.15,287.6,282.35,283.0,9452132
2012-03-14,286.5,292.0,285.85,290.0,10028660
2012-03-15,289.95,294.15,284.7,290.45,9766291
2012-03-16,288.5,297.85,282.65,286.7,16288569
2012-03-19,287.55,292.5,281.35,283.45,9352941
2012-03-20,283.7,285.95,269.65,271.4,18187838
2012-03-21,271.85,277.45,264.1,276.1,23030066
2012-03-22,274.35,282.4,268.0,270.1,14518733
2012-03-23,272.0,275.6,267.65,272.7,12114513
2012-03-26,272.7,272.7,266.3,268.4,10695245
2012-03-27,272.9,275.5,265.8,272.8,10955140
2012-03-28,271.9,272.65,268.5,271.15,7516739
2012-03-29,268.85,274.0,267.2,271.95,9807259
2012-03-30,275.0,276.6,272.9,275.25,6343086
2012-04-02,279.9,280.0,275.7,276.8,7925946
2012-04-03,278.5,282.0,275.3,281.25,8217743
2012-04-04,280.0,281.8,277.3,278.55,4783053
2012-04-09,277.0,278.85,273.7,275.6,3938410
2012-04-10,276.1,284.7,275.5,283.75,8158548
2012-04-11,281.15,286.45,280.7,283.05,9845563
2012-04-12,285.25,287.7,284.0,286.2,5662436
2012-04-13,288.0,294.6,287.0,289.3,7715327
2012-04-16,289.75,301.9,286.85,300.7,12236366
2012-04-17,304.0,304.95,296.65,301.35,13941921
2012-04-18,303.5,311.25,303.0,309.75,16888385
2012-04-19,311.35,320.3,309.6,319.25,15579229
2012-04-20,317.7,320.75,312.5,316.65,8967838
2012-04-23,316.5,319.9,308.65,309.75,7833302
2012-04-24,309.5,314.25,309.05,311.85,6156943
2012-04-25,312.85,315.45,309.25,313.95,8616061
2012-04-26,315.9,315.9,310.35,312.1,6768605
2012-04-27,312.8,313.7,307.7,312.65,5604087
2012-04-30,310.0,317.5,309.95,316.55,4648258
2012-05-02,312.95,312.95,303.65,304.5,10171961
2012-05-03,304.15,305.0,299.4,300.95,10047793
2012-05-04,298.5,303.7,295.3,301.8,11603174
2012-05-07,297.9,310.0,291.55,308.4,13072268
2012-05-08,308.0,309.55,295.0,296.4,10733073
2012-05-09,291.95,297.3,289.4,292.85,11204204
2012-05-10,294.05,297.15,287.1,289.2,6651924
2012-05-11,288.05,301.9,288.05,297.5,7947629
2012-05-14,299.0,300.65,285.65,290.6,7048752
2012-05-15,288.0,292.5,284.65,290.35,9120585
2012-05-16,276.9,277.05,267.75,269.0,23045441
2012-05-17,268.6,275.9,263.65,271.15,13669207
2012-05-18,265.0,266.7,256.0,259.9,12592092
2012-05-21,260.2,264.25,258.1,261.85,7849273
2012-05-22,266.9,269.65,263.4,265.1,8507484
2012-05-23,262.1,265.45,259.5,261.45,7773910
2012-05-24,262.8,268.05,256.9,267.0,8791666
2012-05-25,265.75,271.8,262.35,269.05,5198207
2012-05-28,270.7,277.65,268.05,276.6,8099946
2012-05-29,280.9,283.1,273.05,275.75,12557243
2012-05-30,259.0,259.8,241.55,243.05,40496695
2012-05-31,237.9,239.1,230.3,233.0,37435731
2012-06-01,235.0,236.0,222.55,224.55,23853819
2012-06-04,220.35,230.4,217.25,228.85,18440204
2012-06-05,228.2,229.35,221.05,221.65,15397005
2012-06-06,223.15,236.4,223.15,234.4,26730021
2012-06-07,235.55,238.9,232.05,236.45,13589288
2012-06-08,234.0,239.95,232.9,239.2,10370787
2012-06-11,241.0,243.95,233.6,235.5,9868143
2012-06-12,232.7,243.8,232.55,242.95,12949161
2012-06-13,244.0,244.0,236.25,237.4,9855791
2012-06-14,238.0,239.45,225.6,226.7,12660831
2012-06-15,228.1,241.45,228.1,240.3,16396352
2012-06-18,243.0,248.0,234.25,237.95,18164571
2012-06-19,239.0,242.6,236.25,238.15,10439657
2012-06-20,241.0,247.4,240.0,245.95,13169322
2012-06-21,244.95,249.8,242.65,248.2,11224327
2012-06-22,244.85,251.2,242.3,247.1,12861789
2012-06-25,248.4,251.9,245.0,246.2,11353072
2012-06-26,245.5,248.8,244.1,246.7,4812673
2012-06-27,248.0,249.15,238.25,239.2,9252334
2012-06-28,238.8,242.0,232.75,240.35,14726077
2012-06-29,243.0,246.25,240.5,242.45,13145042
2012-07-02,239.75,242.45,237.55,237.95,9226173
2012-07-03,240.35,241.4,235.1,237.55,9144318
2012-07-04,238.15,241.25,235.55,236.2,10541013
2012-07-05,236.2,240.65,234.55,240.0,11400793
2012-07-06,241.0,243.7,237.4,240.65,12310003
2012-07-09,238.2,243.3,238.2,240.85,10221053
2012-07-10,242.45,248.4,241.85,246.5,12445794
2012-07-11,244.3,246.3,239.8,241.45,8699929
2012-07-12,240.5,240.8,235.8,236.8,9412858
2012-07-13,236.0,238.5,234.25,235.95,8215071
2012-07-16,237.5,238.3,228.6,229.25,8649159
2012-07-17,231.9,232.35,225.25,225.9,11887659
2012-07-18,223.75,223.9,218.4,221.6,11771162
2012-07-19,224.5,226.5,223.8,224.8,6606574
2012-07-20,224.0,225.45,222.05,223.4,3899157
2012-07-23,220.9,221.0,215.0,216.05,5700081
2012-07-24,216.5,217.8,213.35,215.85,7290178
2012-07-25,213.7,215.2,211.1,213.0,6727477
2012-07-26,212.1,213.3,203.05,205.1,14417520
2012-07-27,210.5,215.4,209.2,212.85,11726479
2012-07-30,216.4,222.8,215.35,221.7,8997520
2012-07-31,222.0,227.0,217.15,226.25,11178071
2012-08-01,224.55,229.7,223.2,227.35,10315320
2012-08-02,226.1,227.0,221.6,222.7,5747058
2012-08-03,221.0,222.0,216.15,220.95,7250108
2012-08-06,226.5,229.95,226.1,229.05,7516128
2012-08-07,231.35,239.5,231.1,238.8,12147306
2012-08-08,240.15,245.8,239.7,241.5,14943761
2012-08-09,242.4,246.0,231.65,239.3,29371996
2012-08-10,236.3,236.9,230.75,231.95,11091669
2012-08-13,231.1,231.5,223.7,228.25,9061261
2012-08-14,227.5,235.9,227.5,235.0,8451585
2012-08-16,235.05,239.75,232.2,235.45,11955624
2012-08-17,236.7,243.3,236.55,240.2,12680436
2012-08-21,241.1,247.25,241.1,246.2,9855866
2012-08-22,244.65,249.9,244.0,248.1,8687004
2012-08-23,247.5,248.3,243.6,245.3,10533505
2012-08-24,243.0,248.45,241.4,246.05,8538695
2012-08-27,245.9,246.7,240.2,241.05,6625932
2012-08-28,239.4,240.4,235.15,237.3,7017548
2012-08-29,237.0,237.0,232.1,233.4,6382909
2012-08-30,231.15,239.2,229.8,236.75,8860039
2012-08-31,236.6,238.2,230.65,234.3,6808837
2012-09-03,236.2,239.4,228.65,230.9,8902553
2012-09-04,230.8,235.5,230.15,234.85,5942530
2012-09-05,232.4,235.2,227.6,228.7,6115939
2012-09-06,226.8,234.8,225.05,233.05,9223860
2012-09-07,239.5,244.15,238.55,243.3,13269040
2012-09-10,245.2,249.85,242.6,248.9,8861156
2012-09-11,246.0,250.9,245.7,249.8,8792847
2012-09-12,251.0,264.3,250.95,263.25,14770580
2012-09-13,264.4,264.45,257.6,259.4,8408670
2012-09-14,265.0,272.0,263.1,270.3,14806195
2012-09-17,276.3,289.3,274.7,277.85,22186270
2012-09-18,275.3,278.45,272.55,273.5,11855603
2012-09-20,269.0,278.45,267.75,271.6,12521512
2012-09-21,272.5,277.2,270.9,275.45,13992313
2012-09-24,274.8,279.9,272.3,273.7,11283875
2012-09-25,274.2,275.9,266.5,268.9,6868567
2012-09-26,266.7,268.45,262.4,263.1,6678232
2012-09-27,264.25,267.2,258.6,259.8,10475216
2012-09-28,264.2,272.0,263.15,267.55,11540212
2012-10-01,268.0,276.2,268.0,274.7,9420145
2012-10-03,275.0,276.0,270.2,273.5,9136919
2012-10-04,275.25,279.0,273.15,274.3,7581304
2012-10-05,276.5,282.5,219.45,280.55,17095335
2012-10-08,281.45,283.7,271.0,272.45,7590848
2012-10-09,275.2,278.25,266.1,269.7,7864528
2012-10-10,267.1,273.0,266.6,267.45,7367679
2012-10-11,268.7,274.9,265.2,273.8,7852281
2012-10-12,273.8,274.35,269.9,271.25,7520471
2012-10-15,270.65,271.25,266.2,269.4,4752062
2012-10-16,265.0,265.95,261.2,262.3,9523954
2012-10-17,265.0,267.7,261.0,264.9,7572668
2012-10-18,266.0,271.8,266.0,270.25,6627970
2012-10-19,270.0,273.4,266.55,269.0,3928926
2012-10-22,267.5,268.7,264.6,267.05,4470904
2012-10-23,266.0,267.15,263.1,264.6,3120635
2012-10-25,264.6,265.55,260.25,261.25,7531977
2012-10-26,260.4,264.2,259.1,261.5,3586484
2012-10-29,262.1,264.35,254.2,256.75,4690571
2012-10-30,257.15,257.75,245.0,247.65,9560952
2012-10-31,248.0,255.3,247.75,254.75,9122998
2012-11-01,257.0,269.55,257.0,267.45,10469697
2012-11-02,272.0,272.0,265.1,270.05,11070892
2012-11-05,270.0,274.7,266.55,269.8,7809272
2012-11-06,269.0,272.45,265.1,266.95,9567826
2012-11-07,266.8,273.35,266.55,269.35,9676685
2012-11-08,267.5,285.5,265.3,283.95,24412617
2012-11-09,284.0,284.6,279.1,280.6,7187592
2012-11-12,278.95,283.9,278.1,280.75,6932770
2012-11-13,281.0,281.8,276.75,277.55,1145124
2012-11-15,273.0,274.8,269.8,272.25,13068896
2012-11-16,273.0,274.3,263.0,265.0,7322124
2012-11-19,265.25,267.15,262.0,264.1,6616959
2012-11-20,268.05,270.35,261.7,266.1,6864096
2012-11-21,266.9,268.0,264.0,265.5,5284700
2012-11-22,264.25,268.4,257.4,258.75,7511823
2012-11-23,256.0,261.85,256.0,260.5,8493777
2012-11-26,262.0,267.2,261.75,263.2,7629670
2012-11-27,264.35,267.9,263.75,266.65,8474246
2012-11-29,268.0,279.7,267.6,278.45,20010181
2012-11-30,278.0,284.0,271.95,273.45,70995059
2012-12-03,273.0,276.8,271.1,272.1,9636654
2012-12-04,273.25,275.4,269.3,271.55,6715392
2012-12-05,272.1,279.0,272.1,274.95,10577309
2012-12-06,277.3,281.95,273.85,280.85,10561758
2012-12-07,281.3,287.5,279.05,281.9,12808613
2012-12-10,283.35,286.15,278.0,279.95,9514028
2012-12-11,281.15,282.85,273.2,278.1,9015953
2012-12-12,279.0,280.75,274.9,276.5,7634409
2012-12-13,282.2,290.35,281.35,287.9,19468012
2012-12-14,287.5,294.2,284.65,292.1,12250874
2012-12-17,292.9,295.8,291.1,294.05,8295975
2012-12-18,296.8,300.45,294.0,298.35,14461367
2012-12-19,300.0,308.6,299.5,307.75,11633303
2012-12-20,307.8,309.2,302.5,304.9,8080630
2012-12-21,300.55,303.15,297.6,299.4,5434419
2012-12-24,301.4,310.4,297.1,306.95,9826168
2012-12-26,305.4,308.45,303.75,306.1,4828196
2012-12-27,307.0,314.0,304.95,309.2,13097609
2012-12-28,310.7,312.4,308.2,310.05,7580582
2012-12-31,309.5,313.8,309.5,312.65,3537951
2013-01-01,316.0,318.3,314.5,316.75,3938243
2013-01-02,318.5,320.95,316.25,318.0,6855751
2013-01-03,320.0,321.75,317.15,318.1,6099593
2013-01-04,318.5,318.5,313.2,315.4,8870505
2013-01-07,317.8,318.6,312.6,313.25,4890565
2013-01-08,314.0,316.35,313.15,314.15,7226826
2013-01-09,319.0,330.35,318.95,327.35,16501960
2013-01-10,331.5,337.4,330.65,333.7,12617893
2013-01-11,334.85,336.15,326.8,330.4,7289572
2013-01-14,331.25,332.95,326.85,327.7,7133538
2013-01-15,329.9,333.65,327.9,331.55,6718125
2013-01-16,329.5,329.9,318.5,320.05,12610453
2013-01-17,324.1,331.25,324.1,328.95,9952219
2013-01-18,330.1,332.4,326.0,328.55,4962072
2013-01-21,329.1,330.0,322.25,323.25,3868407
2013-01-22,323.45,324.55,315.3,318.55,6037763
2013-01-23,317.0,318.7,310.1,313.05,7207833
2013-01-24,286.7,296.0,281.8,293.45,36503670
2013-01-25,294.9,304.9,290.15,301.0,15381899
2013-01-28,301.0,310.2,300.35,308.55,10597657
2013-01-29,306.0,315.9,303.0,304.25,13291908
2013-01-30,303.1,304.0,298.15,299.2,7935122
2013-01-31,297.35,299.8,295.0,298.0,6996002
2013-02-01,297.8,300.5,268.25,281.65,17075881
2013-02-04,293.05,296.9,289.4,292.0,11067747
2013-02-05,289.0,291.35,285.0,287.2,6213248
2013-02-06,289.8,290.25,284.05,286.2,6834888
2013-02-07,285.4,290.8,285.3,288.6,5701559
2013-02-08,292.0,295.2,284.7,285.4,9896168
2013-02-11,290.0,292.3,288.5,290.9,5157388
2013-02-12,294.25,299.85,291.45,298.55,6616532
2013-02-13,309.05,312.0,303.1,304.7,9814530
2013-02-14,305.0,306.0,294.75,297.2,7467602
2013-02-15,288.05,305.9,288.0,304.45,12481933
2013-02-18,304.65,308.2,301.6,305.8,8292999
2013-02-19,305.5,308.5,303.25,306.75,5386283
2013-02-20,307.25,309.25,301.5,303.95,7027661
2013-02-21,301.1,301.7,295.3,297.55,7613380
2013-02-22,294.95,297.55,289.85,292.9,8266002
2013-02-25,296.8,301.25,295.1,299.15,5915809
2013-02-26,294.8,295.9,285.6,289.4,9081134
2013-02-27,290.05,290.85,281.55,286.25,8740632
2013-02-28,293.25,293.25,280.55,287.55,14454879
2013-03-01,291.0,293.2,281.7,288.4,15648970
2013-03-04,289.0,292.45,285.75,289.75,9671806
2013-03-05,290.55,302.4,290.55,300.5,13164562
2013-03-06,303.1,311.45,302.65,309.4,13992872
2013-03-07,307.0,308.1,302.55,305.9,9840807
2013-03-08,305.9,307.9,300.65,303.8,7450816
2013-03-11,304.4,306.9,300.1,301.55,5754463
2013-03-12,306.3,307.95,301.5,304.7,7907952
2013-03-13,306.0,306.15,297.0,301.0,9309205
2013-03-14,299.0,302.7,293.0,301.0,8440024
2013-03-15,300.95,301.25,290.0,291.1,9480096
2013-03-18,289.9,290.0,285.1,286.85,5900292
2013-03-19,288.1,289.95,278.35,281.6,9485483
2013-03-20,281.6,286.75,276.5,285.65,9562024
2013-03-21,284.15,284.2,269.65,273.6,11742487
2013-03-22,274.9,278.3,265.1,270.35,12820865
2013-03-25,273.45,275.8,268.85,270.75,8333156
2013-03-26,271.5,277.9,266.35,275.8,9374553
2013-03-28,272.5,273.0,266.8,269.15,14523992
2013-04-01,266.95,267.45,262.1,265.5,5416240
2013-04-02,262.6,268.75,258.55,267.2,10458221
2013-04-03,266.05,267.0,255.7,257.2,13014504
2013-04-04,256.05,263.45,254.45,257.7,9369161
2013-04-05,257.55,261.4,251.8,255.2,8703291
2013-04-08,257.85,260.8,253.2,256.7,4739428
2013-04-09,259.0,265.55,259.0,262.85,14601352
2013-04-10,264.0,269.0,257.7,268.0,7331515
2013-04-11,278.0,281.4,275.45,278.15,14081199
2013-04-12,274.75,280.35,272.2,275.15,5380987
2013-04-15,270.4,272.3,264.1,269.0,7759517
2013-04-16,265.0,272.45,262.8,270.95,6514294
2013-04-17,274.05,275.05,268.9,271.2,9704996
2013-04-18,268.3,284.4,267.5,282.45,10750549
2013-04-22,283.25,287.55,281.75,285.25,6519483
2013-04-23,284.2,284.5,277.0,281.5,4307228
2013-04-25,285.5,296.05,284.75,293.3,9750912
2013-04-26,294.0,298.0,290.2,296.3,8055456
2013-04-29,294.65,298.75,292.05,296.15,5048414
2013-04-30,296.2,301.0,291.1,300.0,7962986
2013-05-02,295.7,300.8,292.05,297.35,9184868
2013-05-03,293.95,294.35,284.55,285.6,8403039
2013-05-06,285.0,293.35,282.85,291.05,7815749
2013-05-07,292.55,300.7,292.55,298.4,5479556
2013-05-08,299.9,305.75,298.6,300.25,6459265
2013-05-09,301.0,303.75,295.1,300.1,5577369
2013-05-10,300.1,310.0,299.25,309.05,7393745
2013-05-13,305.65,309.8,295.9,297.45,3785524
2013-05-14,297.8,303.85,295.4,300.3,6699345
2013-05-15,302.45,311.95,302.1,308.85,8414912
2013-05-16,307.0,309.45,302.3,303.65,5186185
2013-05-17,301.25,308.4,300.8,303.35,6975884
2013-05-20,305.6,316.2,300.0,302.05,9271269
2013-05-21,301.5,303.1,292.0,292.95,7468655
2013-05-22,296.1,298.15,289.0,291.15,5937143
2013-05-23,287.3,293.6,285.25,291.05,7921154
2013-05-24,292.5,296.15,282.85,288.1,9101109
2013-05-27,286.6,295.9,285.15,294.5,5514680
2013-05-28,294.0,298.6,290.6,295.8,7124280
2013-05-29,299.0,305.35,295.55,303.8,10664646
2013-05-30,315.0,319.1,310.8,317.05,14890021
2013-05-31,316.25,319.5,312.1,313.3,6832753
2013-06-03,309.75,315.8,307.4,314.05,7991736
2013-06-04,310.0,317.8,302.95,306.1,7785500
2013-06-05,304.55,310.0,303.7,307.3,5666915
2013-06-06,304.0,309.7,304.0,306.7,5515881
2013-06-07,305.5,309.9,298.0,301.9,5839679
2013-06-10,301.55,303.8,292.4,296.05,6474598
2013-06-11,296.4,297.55,288.75,293.15,9747868
2013-06-12,291.0,296.5,290.0,293.55,6462768
2013-06-13,290.4,290.4,280.1,282.95,7846830
2013-06-14,289.0,298.4,287.4,296.8,7610723
2013-06-17,296.8,300.6,288.55,299.45,7205573
2013-06-18,298.0,299.5,293.0,297.6,8257875
2013-06-19,295.0,295.75,290.75,292.1,4812234
2013-06-20,287.1,292.25,283.35,288.75,13426910
2013-06-21,285.0,289.25,282.15,287.05,8394864
2013-06-24,285.0,287.65,280.5,283.9,9699151
2013-06-25,283.25,284.75,272.1,281.45,12647291
2013-06-26,281.0,282.75,269.15,272.65,10379194
2013-06-27,274.55,277.45,263.1,270.3,21100726
2013-06-28,275.2,282.0,275.2,281.3,8113830
2013-07-01,278.0,291.05,277.0,289.8,7770037
2013-07-02,287.0,288.25,282.0,286.45,6304038
2013-07-03,282.15,289.35,277.75,284.2,10505656
2013-07-04,286.0,293.75,282.25,292.3,7025766
2013-07-05,296.0,298.3,293.1,296.2,6383463
2013-07-08,288.9,289.5,282.3,287.8,7342292
2013-07-09,288.5,290.45,284.65,289.1,7075394
2013-07-10,287.7,288.5,280.8,284.05,9886352
2013-07-11,287.7,291.6,282.75,284.9,5910118
2013-07-12,285.2,294.3,285.1,292.5,8593420
2013-07-15,290.8,291.8,286.05,288.45,5312833
2013-07-16,284.0,292.35,281.7,291.55,6937607
2013-07-17,290.65,291.05,282.3,285.25,5373439
2013-07-18,284.6,288.1,280.75,286.9,5208359
2013-07-19,287.0,297.6,287.0,294.65,6247962
2013-07-22,294.0,300.8,293.3,297.85,5330210
2013-07-23,298.2,301.5,294.25,298.8,7317801
2013-07-24,298.0,300.95,294.7,297.3,4795606
2013-07-25,298.0,303.25,294.7,299.9,8102895
2013-07-26,301.0,301.65,287.3,289.95,4255393
2013-07-29,288.0,297.0,288.0,295.75,4588678
2013-07-30,295.95,297.65,282.3,284.9,6381746
2013-07-31,282.5,292.5,278.0,290.5,6074890
2013-08-01,291.5,293.7,284.2,288.95,4065282
2013-08-02,287.8,291.9,282.25,290.45,5526691
2013-08-05,290.25,302.0,279.2,284.75,6363971
2013-08-06,284.45,288.9,280.4,287.55,7936760
2013-08-07,284.1,286.75,271.8,278.9,19307409
2013-08-08,285.5,293.3,275.3,278.8,16147469
2013-08-12,282.0,285.4,278.25,281.3,6850785
2013-08-13,280.9,294.0,276.05,290.85,12092244
2013-08-14,298.25,324.4,298.2,319.1,22573141
2013-08-16,317.5,323.4,311.35,313.95,15609517
2013-08-19,307.2,308.75,297.4,301.7,9626161
2013-08-20,297.0,298.4,285.6,287.95,11189887
2013-08-21,290.8,294.6,278.55,283.35,6630724
2013-08-22,284.0,294.9,284.0,291.95,10446451
2013-08-23,295.0,304.6,294.1,300.95,10250648
2013-08-26,301.5,304.3,293.5,298.1,5415542
2013-08-27,295.0,295.5,287.75,290.05,6614370
2013-08-28,290.05,299.5,286.3,297.95,10404816
2013-08-29,299.5,309.0,295.3,306.0,10493664
2013-09-03,302.0,311.35,295.65,297.35,8166216
2013-09-04,302.4,313.75,300.25,311.7,7751371
2013-09-05,316.05,324.35,314.65,318.1,8725114
2013-09-06,318.3,320.0,312.2,317.8,5172580
2013-09-10,320.1,353.35,320.1,349.6,19020755
2013-09-11,348.5,350.55,336.2,340.45,9117663
2013-09-12,341.9,342.0,329.5,333.45,6590825
2013-09-13,332.0,338.3,330.1,334.05,5908250
2013-09-16,339.0,340.8,324.85,331.35,5733708
2013-09-17,329.0,337.65,328.25,335.05,4875668
2013-09-18,341.0,341.0,332.95,336.85,6544480
2013-09-19,344.8,351.55,341.4,349.15,9317393
2013-09-20,344.9,354.85,332.4,338.35,11600943
2013-09-23,337.65,341.35,331.1,333.85,3938571
2013-09-24,334.5,342.25,334.15,337.1,8854718
2013-09-25,339.1,347.45,339.1,344.1,9674826
2013-09-26,342.3,347.3,341.0,343.55,4832518
2013-09-27,343.0,346.2,338.35,340.1,3325470
2013-09-30,338.1,339.5,330.0,332.5,3492037
2013-10-01,332.9,339.8,330.3,335.65,5030614
2013-10-03,335.7,348.35,334.1,345.95,8229114
2013-10-04,345.0,364.8,344.4,350.05,12261119
2013-10-07,350.0,352.8,343.5,347.9,5520739
2013-10-08,352.2,359.4,349.8,350.55,7297904
2013-10-09,350.8,356.35,350.0,354.2,8808415
2013-10-10,354.0,373.85,352.1,371.65,12367384
2013-10-11,375.0,389.6,368.55,385.3,18024178
2013-10-14,386.1,393.3,385.7,390.45,7173403
2013-10-15,390.85,393.0,382.3,388.85,8293578
2013-10-17,385.45,385.45,370.6,373.4,9937912
2013-10-18,376.55,381.8,374.5,379.65,6931755
2013-10-21,380.0,391.5,378.65,380.05,6909188
2013-10-22,380.4,385.1,376.1,380.0,5165286
2013-10-23,381.15,382.35,368.1,374.65,6365332
2013-10-24,377.1,384.7,374.4,379.3,7336447
2013-10-25,378.1,379.4,372.6,376.25,2965203
2013-10-28,377.15,381.8,374.1,377.6,3421077
2013-10-29,377.7,384.2,375.0,381.65,5667639
2013-10-30,383.0,384.15,377.2,379.6,5324966
2013-10-31,380.0,386.4,379.2,381.15,9109644
2013-11-01,384.0,389.0,383.2,384.6,4489619
2013-11-05,387.0,400.95,387.0,395.3,9064304
2013-11-06,397.3,400.8,390.0,391.05,6519204
2013-11-07,390.9,394.9,377.35,380.15,5685498
2013-11-08,378.8,391.0,371.25,384.15,12659764
2013-11-11,380.0,386.0,374.5,377.1,10752349
2013-11-12,377.8,379.35,358.1,360.0,8282471
2013-11-13,362.0,369.45,362.0,366.2,7488788
2013-11-14,372.1,388.25,372.1,387.05,12280945
2013-11-18,388.0,394.0,382.05,392.25,11542633
2013-11-19,395.0,395.75,387.1,391.35,4658384
2013-11-20,388.8,392.4,384.4,386.0,4884635
2013-11-21,383.4,386.5,381.35,383.15,3632318
2013-11-22,384.75,384.75,372.0,374.15,6189228
2013-11-25,377.2,387.1,377.2,386.15,3812176
2013-11-26,387.65,391.4,379.05,390.25,5183756
2013-11-27,393.5,399.9,392.6,399.2,6706436
2013-11-28,403.1,405.05,394.6,397.9,9112041
2013-11-29,399.0,401.85,395.3,398.7,4816843
2013-12-02,398.0,403.85,396.1,399.9,7630627
2013-12-03,401.0,403.7,395.2,399.05,7562749
2013-12-04,397.3,400.8,390.6,392.65,4921167
2013-12-05,400.5,401.0,388.2,390.3,5020247
2013-12-06,387.0,394.6,385.95,390.9,4654055
2013-12-09,402.5,402.6,389.5,393.45,7847724
2013-12-10,394.8,396.4,389.35,390.7,7596464
2013-12-11,385.2,386.75,376.1,377.8,8323690
2013-12-12,374.1,374.1,359.0,360.45,15423529
2013-12-13,364.1,371.9,363.4,370.35,8602143
2013-12-16,368.0,371.1,365.85,368.05,4753789
2013-12-17,371.7,374.95,364.65,366.85,6974111
2013-12-18,367.0,370.85,362.5,368.5,8733357
2013-12-19,372.0,373.0,364.05,369.55,7418057
2013-12-20,367.3,376.5,367.3,373.7,5307016
2013-12-23,373.8,378.45,373.1,375.65,3229332
2013-12-24,375.7,376.0,371.5,372.65,2273403
2013-12-26,373.0,376.55,368.0,370.25,5538409
2013-12-27,371.1,374.4,368.9,371.9,3302268
2013-12-30,374.15,378.1,372.35,374.8,3693195
2013-12-31,374.1,378.1,374.1,376.4,4341614
2014-01-01,377.55,378.8,374.05,374.95,1350265
2014-01-02,374.95,376.2,369.2,372.35,2983093
2014-01-03,368.0,368.0,360.0,362.7,4950946
2014-01-06,367.5,370.5,364.2,366.95,5431816
2014-01-07,367.0,370.0,363.75,365.1,3978229
2014-01-08,365.1,371.6,364.55,370.25,5397831
2014-01-09,372.2,372.4,365.0,367.95,3565546
2014-01-10,370.0,370.6,365.5,367.0,3067850
2014-01-13,372.65,379.45,371.75,376.15,6635467
2014-01-14,375.1,375.5,368.1,371.8,3237644
2014-01-15,374.0,378.15,372.7,377.3,4795274
2014-01-16,379.0,379.0,366.8,369.75,7705700
2014-01-17,367.5,373.9,367.05,369.7,4947903
2014-01-20,371.05,376.75,370.5,374.9,3212466
2014-01-21,375.0,387.8,372.2,384.8,5720137
2014-01-22,381.45,387.5,380.05,386.1,5594747
2014-01-23,385.25,389.0,380.7,383.6,3750003
2014-01-24,379.0,382.05,368.8,370.4,3581923
2014-01-27,363.0,363.0,345.55,348.25,9140386
2014-01-28,345.5,359.4,345.5,356.25,6542003
2014-01-29,360.1,362.55,350.55,351.75,3252615
2014-01-30,349.3,367.5,349.0,361.75,9019795
2014-01-31,358.4,358.4,347.0,349.55,6859611
2014-02-03,347.0,349.75,335.6,336.4,5577370
2014-02-04,332.1,346.7,332.1,345.85,11339969
2014-02-05,343.0,358.5,339.55,355.1,9337843
2014-02-06,353.05,360.25,349.0,357.65,7999919
2014-02-07,360.0,363.0,356.1,360.2,5432815
2014-02-10,365.0,367.4,358.0,364.05,6509957
2014-02-11,381.05,382.7,370.65,374.5,15661815
2014-02-12,376.0,383.0,375.15,376.65,7720562
2014-02-13,380.0,383.45,374.7,375.95,6753321
2014-02-14,380.2,390.0,380.2,388.8,6688954
2014-02-17,392.05,395.45,384.25,386.6,8551120
2014-02-18,387.95,394.25,385.3,391.4,6011915
2014-02-19,392.0,393.0,387.9,391.5,3904872
2014-02-20,391.5,395.0,389.4,391.85,6663891
2014-02-21,395.0,397.8,392.85,396.2,6329199
2014-02-24,397.05,400.85,394.2,396.55,5194044
2014-02-25,399.0,399.7,393.55,398.5,3031959
2014-02-26,397.1,402.55,396.05,401.2,7239939
2014-02-28,410.0,418.2,404.35,416.95,12543449
2014-03-03,415.0,415.0,408.25,410.7,6613105
2014-03-04,411.25,420.7,405.8,412.9,5556293
2014-03-05,415.0,416.2,407.15,409.6,4002207
2014-03-06,411.5,412.3,404.4,408.45,5657373
2014-03-07,408.5,415.85,405.5,409.1,5997347
2014-03-10,404.4,406.65,393.45,396.0,5777982
2014-03-11,393.0,404.5,393.0,397.95,6048848
2014-03-12,397.1,398.0,388.0,388.85,4478567
2014-03-13,393.45,396.65,384.85,388.0,3857870
2014-03-14,383.0,394.7,383.0,393.25,3208372
2014-03-18,394.0,397.35,380.5,381.25,6811167
2014-03-19,385.9,387.65,379.55,384.35,6265086
2014-03-20,382.0,385.0,378.75,379.7,4092825
2014-03-21,382.15,390.0,381.9,389.15,5685397
2014-03-24,391.0,394.45,389.25,391.5,3159565
2014-03-25,392.0,393.5,386.65,390.85,3891051
2014-03-26,394.6,403.0,394.6,401.65,7347685
2014-03-27,403.0,404.95,393.75,396.7,9166505
2014-03-28,400.8,403.35,395.4,397.3,3365107
2014-03-31,401.0,404.15,396.65,398.65,4118759
2014-04-01,405.15,406.5,399.5,403.15,3946055
2014-04-02,406.8,415.0,405.0,414.1,6294255
2014-04-03,415.9,418.0,407.1,411.35,5301516
2014-04-04,414.4,414.4,404.45,405.5,2900822
2014-04-07,405.05,410.0,400.85,404.0,3792597
2014-04-09,408.0,422.8,407.5,420.9,6886132
2014-04-10,423.0,435.0,423.0,430.8,6320344
2014-04-11,428.9,437.8,422.2,423.6,6082343
2014-04-15,425.6,429.45,409.05,411.95,6865538
2014-04-16,409.5,418.95,409.35,411.15,3782508
2014-04-17,415.35,430.6,415.3,429.1,4577368
2014-04-21,424.9,434.55,424.15,432.1,2818637
2014-04-22,430.9,434.7,426.6,428.8,2488045
2014-04-23,430.3,433.7,422.3,425.05,5383562
2014-04-25,425.05,430.75,422.6,423.25,4118462
2014-04-28,423.1,423.1,415.0,416.45,3517997
2014-04-29,416.05,418.8,407.6,408.95,2379745
2014-04-30,413.7,418.0,404.2,414.75,5583892
2014-05-02,418.0,420.3,411.2,414.75,2816896
2014-05-05,408.55,415.9,408.55,414.45,2450473
2014-05-06,414.9,422.0,414.5,419.15,2735911
2014-05-07,419.0,421.7,415.5,416.7,3380285
2014-05-08,419.9,424.2,417.55,423.05,3040775
2014-05-09,423.95,429.1,419.25,427.5,5002332
2014-05-12,427.4,446.5,426.5,445.2,6310558
2014-05-13,447.25,455.75,438.8,440.95,5470693
2014-05-14,440.0,446.1,434.05,442.35,2878176
2014-05-15,445.0,448.65,437.15,439.65,4353266
2014-05-16,444.1,465.0,443.5,449.85,9394433
2014-05-19,456.0,457.8,442.8,444.4,5822795
2014-05-20,446.05,451.85,436.6,439.85,6228431
2014-05-21,442.3,444.95,434.1,436.95,5246604
2014-05-22,437.5,441.15,428.25,430.8,7587124
2014-05-23,427.35,439.9,425.0,431.3,7325923
2014-05-26,438.0,453.75,438.0,444.05,9114207
2014-05-27,447.35,451.35,433.5,436.6,5495046
2014-05-28,433.0,435.8,423.5,428.75,8431663
2014-05-29,424.45,432.35,421.35,424.3,7090240
2014-05-30,411.5,422.2,407.05,415.05,11027927
2014-06-02,415.0,422.7,410.55,420.75,5453105
2014-06-03,417.35,424.0,416.25,420.9,8815039
2014-06-04,425.0,429.5,421.0,422.05,6432255
2014-06-05,420.0,436.05,417.15,435.0,8990112
2014-06-06,437.0,440.5,428.5,439.1,8064951
2014-06-09,439.5,453.4,439.5,448.6,6990208
2014-06-10,450.3,455.4,442.45,453.4,6351229
2014-06-11,452.0,453.5,437.75,445.75,5822019
2014-06-12,445.0,451.45,441.75,449.55,4224821
2014-06-13,449.95,450.25,435.0,438.25,5398821
2014-06-16,436.5,438.25,429.05,430.85,4751076
2014-06-17,434.1,443.2,427.15,440.9,4834977
2014-06-18,444.5,445.0,430.55,433.15,3014079
2014-06-19,438.0,443.8,435.0,438.6,6664761
2014-06-20,441.2,442.05,432.95,438.05,4730789
2014-06-23,436.4,442.5,431.2,435.6,3759439
2014-06-24,434.1,445.6,434.1,442.15,3977357
2014-06-25,441.05,448.6,439.2,443.25,4431204
2014-06-26,443.0,448.85,436.2,438.0,4030884
2014-06-27,437.1,440.85,430.1,432.35,2593373
2014-06-30,434.0,436.2,429.05,431.3,3209913
2014-07-01,432.8,452.9,432.8,450.8,6363294
2014-07-02,451.4,458.6,445.1,455.8,5764628
2014-07-03,455.8,472.8,455.0,469.75,10030921
2014-07-04,470.0,474.25,466.5,469.45,6984574
2014-07-07,474.0,479.95,472.1,478.85,5245180
2014-07-08,479.5,484.7,465.35,470.0,6686015
2014-07-09,469.8,469.9,453.0,457.25,3885806
2014-07-10,460.2,474.75,449.75,453.15,5303111
2014-07-11,455.25,461.45,443.8,445.95,2709162
2014-07-14,445.0,458.85,442.6,456.0,3573195
2014-07-15,458.25,464.9,456.7,462.9,3571017
2014-07-16,466.2,471.6,462.1,470.3,3554224
2014-07-17,467.0,477.35,465.15,475.3,5060355
2014-07-18,471.8,477.5,466.35,475.3,4104064
2014-07-21,476.25,478.45,470.0,474.95,2125042
2014-07-22,474.95,488.2,472.25,486.7,4200537
2014-07-23,485.5,487.9,476.75,484.85,4694832
2014-07-24,483.2,487.2,477.1,485.25,3303449
2014-07-25,486.0,486.0,456.4,461.1,6276194
2014-07-28,456.5,470.05,451.3,453.85,8303008
2014-07-30,455.0,455.45,442.0,451.35,13451030
2014-07-31,453.0,454.7,445.05,446.75,9372425
2014-08-01,444.8,455.75,438.0,440.0,8788380
2014-08-04,442.3,448.4,441.15,446.6,7438170
2014-08-05,449.7,457.9,444.2,456.8,3987890
2014-08-06,455.0,455.0,445.2,447.55,4807563
2014-08-07,447.6,450.35,440.2,442.0,4819648
2014-08-08,437.5,437.85,430.4,432.9,6422294
2014-08-11,439.6,448.45,437.0,446.55,8643044
2014-08-12,481.0,482.0,468.4,474.0,14729593
2014-08-13,477.05,479.85,466.1,473.5,6232455
2014-08-14,474.35,485.85,473.65,484.6,6349274
2014-08-18,489.05,505.65,488.9,503.8,8564539
2014-08-19,507.5,520.7,505.55,518.85,9859931
2014-08-20,519.0,522.0,510.9,512.25,5409421
2014-08-21,516.0,518.15,506.15,512.75,5405948
2014-08-22,515.25,520.65,510.6,511.55,4357503
2014-08-25,517.0,518.0,505.35,508.4,3963009
2014-08-26,498.5,515.2,496.35,512.65,4674270
2014-08-27,518.9,524.0,516.2,521.7,3863988
2014-08-28,523.7,531.65,522.65,525.05,5538124
2014-09-01,526.0,529.5,516.75,520.0,6254629
2014-09-02,520.0,520.75,512.05,516.25,4650966
2014-09-03,526.1,530.5,521.3,522.6,7316875
2014-09-04,522.7,522.7,509.25,513.0,7803460
2014-09-05,513.0,516.6,503.15,506.0,9954962
2014-09-08,508.0,512.0,502.9,510.1,9167389
2014-09-09,511.1,518.4,507.6,517.15,9037982
2014-09-10,513.8,520.95,512.4,516.55,7237841
2014-09-11,518.0,518.3,511.0,514.35,3952038
2014-09-12,515.0,519.35,513.4,517.2,4596246
2014-09-15,512.0,515.4,510.15,512.4,2970679
2014-09-16,510.0,510.75,494.65,499.75,5734024
2014-09-17,502.0,509.5,491.4,506.95,4947732
2014-09-18,505.7,526.8,500.7,525.4,7051279
2014-09-19,525.2,529.0,516.55,518.9,5132096
2014-09-22,515.0,542.5,514.0,540.05,7888770
2014-09-23,541.7,542.6,516.1,517.8,7448994
2014-09-24,516.0,517.75,506.55,513.4,3846158
2014-09-25,512.7,514.75,500.0,504.35,6322423
2014-09-26,502.1,513.05,492.35,511.1,7175476
2014-09-29,510.1,515.6,507.65,510.75,5106197
2014-09-30,514.7,514.7,500.3,502.15,5517683
2014-10-01,501.2,507.4,499.25,502.75,3687493
2014-10-07,502.75,516.8,502.75,504.95,5404357
2014-10-08,507.0,512.7,502.0,509.0,3921022
2014-10-09,514.95,522.5,513.3,520.6,3718984
2014-10-10,514.5,514.5,489.35,492.7,7455947
2014-10-13,490.0,498.2,480.05,496.25,5138424
2014-10-14,498.9,500.2,486.1,488.0,3845609
2014-10-16,485.45,501.1,481.7,483.8,6573240
2014-10-17,483.75,483.75,468.0,475.8,9493560
2014-10-20,487.9,497.0,484.6,494.65,5777633
2014-10-21,499.05,504.15,493.75,501.45,3930435
2014-10-22,508.65,520.5,508.65,519.15,5780947
2014-10-23,519.0,519.0,514.6,515.65,542351
2014-10-27,517.0,518.0,502.25,503.7,3143561
2014-10-28,505.7,511.3,503.05,508.65,2396689
2014-10-29,515.5,527.45,515.5,526.2,4369226
2014-10-30,522.35,531.35,520.1,526.95,6176152
2014-10-31,526.35,538.5,520.95,535.85,3914563
2014-11-03,530.6,535.9,526.25,531.4,2764829
2014-11-05,529.0,539.8,521.25,536.0,6515021
2014-11-07,537.1,543.95,532.2,533.35,2454112
2014-11-10,530.75,534.45,518.75,522.3,3353906
2014-11-11,525.0,527.5,517.1,521.7,2523943
2014-11-12,523.4,536.9,521.9,531.85,3579289
2014-11-13,533.0,536.0,523.45,526.75,2769737
2014-11-14,529.85,536.8,519.65,523.9,4667710
2014-11-17,520.0,547.55,520.0,545.25,7083220
2014-11-18,548.65,550.7,540.5,541.6,4499757
2014-11-19,544.05,544.95,522.5,529.5,4628849
2014-11-20,533.0,533.85,520.3,524.75,3788322
2014-11-21,528.55,539.4,527.2,531.0,3976809
2014-11-24,531.0,538.65,525.0,526.4,3753092
2014-11-25,528.55,529.05,513.0,521.85,4313395
2014-11-26,521.7,524.8,515.0,519.95,4589398
2014-11-27,515.0,522.85,511.5,519.95,5641394
2014-11-28,524.4,539.0,521.5,533.5,8174796
2014-12-01,539.85,539.85,530.1,536.0,5093458
2014-12-02,535.7,535.8,528.1,528.95,3555543
2014-12-03,535.2,538.8,526.3,529.0,3997174
2014-12-04,534.0,537.25,522.0,527.75,3600835
2014-12-05,524.45,530.75,522.45,525.35,2443317
2014-12-08,525.1,530.5,513.7,515.7,3102060
2014-12-09,517.25,520.85,501.35,503.25,5503173
2014-12-10,496.0,514.9,493.2,511.0,5561474
2014-12-11,506.8,512.8,498.0,503.9,4026431
2014-12-12,498.9,507.75,496.0,499.95,3859003
2014-12-15,494.9,501.8,492.35,493.95,3855125
2014-12-16,490.0,491.7,478.5,481.65,4762142
2014-12-17,478.6,486.4,468.65,475.8,6172599
2014-12-18,481.05,490.0,480.85,484.9,4370887
2014-12-19,490.3,497.8,484.15,485.9,4616429
2014-12-22,486.1,497.3,481.35,494.7,3191672
2014-12-23,496.8,501.45,485.6,488.15,4121567
2014-12-24,490.15,492.75,481.55,483.95,6440960
2014-12-26,483.0,487.55,478.95,485.15,2314336
2014-12-29,485.15,498.0,485.15,495.05,2788674
2014-12-30,499.0,499.5,490.25,493.75,1683677
2014-12-31,494.5,498.7,491.05,495.55,3183466
2015-01-01,494.5,499.45,492.25,498.45,934528
2015-01-02,497.25,517.4,497.25,511.8,4148596
2015-01-05,510.1,526.0,506.7,523.8,6686952
2015-01-06,514.35,514.35,499.25,501.4,7894918
2015-01-07,495.0,500.4,489.2,493.85,9134678
2015-01-08,504.0,514.8,501.0,512.0,5476843
2015-01-09,521.25,524.95,515.5,522.3,4010545
2015-01-12,518.5,524.7,511.25,522.3,2533395
2015-01-13,520.35,525.7,515.25,519.45,4282874
2015-01-14,521.5,526.65,513.95,520.35,6006186
2015-01-15,528.3,536.0,523.75,532.95,6829305
2015-01-16,531.1,535.8,522.4,525.75,4205034
2015-01-19,526.5,539.6,523.15,538.5,4568341
2015-01-20,538.75,561.0,534.75,559.2,6075180
2015-01-21,556.85,558.45,546.0,551.5,6452158
2015-01-22,550.65,568.7,548.55,566.5,5946787
2015-01-23,575.0,591.15,574.0,588.45,7682336
2015-01-27,596.05,607.7,596.05,604.55,7136967
2015-01-28,599.0,599.2,587.0,589.2,8209728
2015-01-29,586.0,600.7,580.6,598.6,5812166
2015-01-30,601.4,604.7,581.1,585.15,4136616
2015-02-02,587.8,595.9,580.85,592.5,4316925
2015-02-03,597.65,612.4,596.2,603.3,6035606
2015-02-04,606.65,606.65,588.2,591.4,3362648
2015-02-05,591.0,602.9,582.0,589.2,6774777
2015-02-06,567.05,572.0,552.2,559.6,12091509
2015-02-09,550.0,554.45,541.3,542.65,4579430
2015-02-10,544.0,568.0,543.35,564.1,5557625
2015-02-11,567.0,571.4,553.35,558.9,4588336
2015-02-12,562.2,566.0,552.5,561.8,5430678
2015-02-13,562.7,567.2,555.0,565.55,3469320
2015-02-16,569.0,580.45,565.5,574.15,5732125
2015-02-18,572.7,587.0,560.65,584.3,5784461
2015-02-19,586.0,592.55,572.1,576.55,4271131
2015-02-20,579.5,585.0,572.25,579.9,3865784
2015-02-23,582.0,584.45,572.05,574.2,3008142
2015-02-24,577.0,578.0,559.95,564.4,4304190
2015-02-25,566.7,576.0,564.0,568.2,3050026
2015-02-26,570.1,572.05,557.35,560.65,3533029
2015-02-27,567.05,581.0,563.5,575.15,4310800
2015-03-02,597.4,601.0,573.1,585.0,4899347
2015-03-03,582.5,582.5,572.0,574.1,3555077
2015-03-04,581.5,592.1,570.1,574.1,6176534
2015-03-05,576.0,577.8,567.7,570.7,3318912
2015-03-09,571.0,573.6,562.0,565.1,3528212
2015-03-10,567.9,572.7,558.7,560.2,3875591
2015-03-11,561.0,565.2,548.2,550.9,3151043
2015-03-12,554.9,566.95,554.3,563.9,3394342
2015-03-13,565.65,565.7,555.1,558.35,5325356
2015-03-16,559.05,565.7,554.25,556.9,2757396
2015-03-17,564.0,579.0,562.4,571.55,5338621
2015-03-18,570.35,571.0,556.5,560.2,4521120
2015-03-19,565.0,568.95,551.25,553.8,3260146
2015-03-20,548.95,550.65,541.0,547.6,5065418
2015-03-23,548.05,557.8,548.05,551.45,3120391
2015-03-24,551.8,552.5,528.4,532.25,4471090
2015-03-25,535.5,545.6,533.5,541.85,8533721
2015-03-26,530.9,539.0,520.8,524.25,6475129
2015-03-27,525.65,536.8,518.15,535.35,4671141
2015-03-30,536.85,541.05,531.35,540.0,3969941
2015-03-31,540.15,559.8,537.6,550.2,5352135
2015-04-01,549.1,566.4,548.0,564.9,4177702
2015-04-06,563.9,573.5,555.35,568.15,5728358
2015-04-07,569.05,570.7,554.05,560.35,3201751
2015-04-08,565.0,569.6,559.2,561.5,3774897
2015-04-09,562.8,564.85,552.25,559.9,3043135
2015-04-10,558.8,569.4,555.55,562.65,2808049
2015-04-13,563.0,563.9,552.45,556.25,2889208
2015-04-15,551.25,551.25,538.25,540.45,4118983
2015-04-16,543.75,551.25,534.2,541.25,4027716
2015-04-17,541.5,544.8,534.15,535.35,2728290
2015-04-20,543.15,543.15,521.05,533.2,5011252
2015-04-21,531.45,538.0,523.5,527.4,3243871
2015-04-22,529.0,529.7,510.65,523.5,4311384
2015-04-23,527.8,527.8,508.45,512.0,4961920
2015-04-24,515.25,520.0,508.6,516.2,4302328
2015-04-27,521.0,523.0,513.05,516.85,3082875
2015-04-28,520.5,533.8,518.35,529.85,6417077
2015-04-29,526.75,528.0,516.8,520.9,3685760
2015-04-30,518.2,520.8,506.75,508.25,10009172
2015-05-04,511.75,516.0,497.5,506.45,5849866
2015-05-05,509.5,515.7,506.05,510.45,3398712
2015-05-06,508.5,508.5,495.8,497.85,5925410
2015-05-07,493.5,503.0,482.6,488.1,5504557
2015-05-08,498.75,515.9,497.35,513.7,6229295
2015-05-11,522.25,530.95,517.0,529.7,5520513
2015-05-12,525.7,525.7,511.15,513.55,4569616
2015-05-13,517.0,525.55,506.55,520.45,4442178
2015-05-14,519.0,519.0,510.1,516.6,3587736
2015-05-15,519.0,524.5,517.05,519.9,4038816
2015-05-18,517.25,524.4,510.3,520.7,4363711
2015-05-19,516.9,518.75,508.7,509.8,5500642
2015-05-20,511.0,513.85,503.55,505.25,6385674
2015-05-21,506.5,512.5,505.0,511.2,4708702
2015-05-22,511.75,516.95,510.2,514.65,4744826
2015-05-25,513.0,514.0,503.0,505.3,3080546
2015-05-26,505.0,506.0,493.55,497.6,7389680
2015-05-27,473.6,474.95,463.55,471.75,15936377
2015-05-28,473.85,487.45,472.25,484.35,11792862
2015-05-29,485.2,490.25,479.4,481.65,7892019
2015-06-01,482.9,482.9,471.0,472.05,4610219
2015-06-02,473.1,478.4,465.0,466.95,6237231
2015-06-03,467.0,468.75,434.7,456.85,9702740
2015-06-04,456.85,458.45,445.45,451.2,8001049
2015-06-05,445.65,449.55,439.5,442.1,11195670
2015-06-08,435.3,438.0,429.05,435.6,7072020
2015-06-09,431.3,443.8,431.3,440.05,7741629
2015-06-10,439.9,449.4,436.0,446.6,9716102
2015-06-11,446.5,446.8,428.1,430.2,9668308
2015-06-12,426.55,429.5,417.25,421.8,10871836
2015-06-15,426.0,427.95,418.1,426.35,7287773
2015-06-16,427.05,435.8,421.25,432.8,6192559
2015-06-17,436.0,437.4,426.5,433.7,7034146
2015-06-18,434.9,447.5,431.4,445.45,8198142
2015-06-19,444.8,444.8,431.6,433.05,6891821
2015-06-22,435.0,444.0,435.0,440.5,5281379
2015-06-23,441.0,447.4,435.0,436.0,5762483
2015-06-24,438.7,438.7,428.1,430.6,7081258
2015-06-25,433.0,436.1,429.5,432.4,7745469
2015-06-26,435.0,438.8,431.2,437.6,5009173
2015-06-29,428.8,432.5,418.15,428.25,7143044
2015-06-30,428.0,436.25,422.7,434.15,6387312
2015-07-01,436.75,447.4,431.4,444.5,6054910
2015-07-02,445.0,445.0,435.0,436.4,4641851
2015-07-03,436.0,436.0,430.45,433.15,3709457
2015-07-06,428.0,433.5,420.7,431.1,4600687
2015-07-07,434.35,435.7,428.0,431.55,5667938
2015-07-08,424.0,424.0,400.0,404.95,15521757
2015-07-09,400.15,403.35,394.25,397.8,9351601
2015-07-10,400.25,405.8,398.05,401.9,13661389
2015-07-13,406.7,406.7,397.05,402.1,8047912
2015-07-14,403.5,403.5,380.95,385.95,11333562
2015-07-15,387.0,395.0,382.6,394.3,15561638
2015-07-16,394.9,398.65,392.45,395.25,5199913
2015-07-17,395.95,403.25,390.4,398.05,6590110
2015-07-20,399.0,401.9,389.3,390.75,5777196
2015-07-21,391.8,393.3,386.1,389.1,6461958
2015-07-22,388.0,392.8,385.95,389.55,5955109
2015-07-23,388.75,403.4,385.0,401.35,9510349
2015-07-24,397.55,399.35,389.0,390.25,7059848
2015-07-27,384.25,385.25,373.0,377.45,8450904
2015-07-28,373.0,374.9,366.1,370.1,10975840
2015-07-29,373.9,379.95,372.7,376.45,9532212
2015-07-30,381.65,382.5,376.0,377.45,6562559
2015-07-31,380.8,390.5,380.05,383.85,6947628
2015-08-03,386.35,394.4,382.0,388.2,6647982
2015-08-04,385.9,387.0,378.0,380.75,5621275
2015-08-05,378.75,388.5,375.1,376.4,8298929
2015-08-06,376.5,384.7,373.2,383.1,7976356
2015-08-07,382.4,396.0,382.4,393.4,10706804
2015-08-10,384.0,395.3,382.1,385.7,14494111
2015-08-11,387.1,388.0,367.55,369.15,9984809
2015-08-12,365.0,365.85,353.55,355.2,11107801
2015-08-13,356.9,360.95,348.0,349.4,11147702
2015-08-14,351.45,359.75,345.1,355.25,6400810
2015-08-17,354.4,362.3,345.25,356.1,5812093
2015-08-18,355.85,358.35,347.7,348.6,5623977
2015-08-19,348.7,354.9,344.0,351.25,6435894
2015-08-20,348.0,349.7,341.0,342.2,7789676
2015-08-21,339.4,339.4,327.75,332.4,8793065
2015-08-24,317.0,317.0,301.6,308.25,14753473
2015-08-25,308.0,331.35,305.8,328.85,13398318
2015-08-26,322.0,341.4,318.25,335.1,13781660
2015-08-27,338.4,342.55,327.25,334.05,17224851
2015-08-28,342.0,342.0,335.25,340.05,7123909
2015-08-31,340.0,348.75,332.45,340.15,7244287
2015-09-01,334.95,339.35,325.1,329.9,8606005
2015-09-02,328.85,332.5,321.45,324.45,8097313
2015-09-03,326.2,339.8,326.2,333.55,8138855
2015-09-04,330.0,330.8,316.0,322.9,6592654
2015-09-07,327.8,333.0,320.0,322.85,5357928
2015-09-08,326.0,333.25,316.3,330.9,6729868
2015-09-09,335.35,350.7,333.6,344.9,8833492
2015-09-10,340.05,356.45,331.0,354.1,9872906
2015-09-11,354.9,358.9,342.25,344.6,8569963
2015-09-14,348.9,350.9,342.25,346.8,5480940
2015-09-15,345.95,345.95,333.05,334.1,5802405
2015-09-16,337.7,340.4,332.5,338.05,5708786
2015-09-18,329.2,333.8,326.85,330.25,14893326
2015-09-21,326.85,334.9,325.65,331.7,5172386
2015-09-22,332.0,333.6,314.0,315.8,7122834
2015-09-23,311.0,312.55,306.25,310.3,8954516
2015-09-24,309.7,312.0,301.6,303.4,13799813
2015-09-28,304.4,304.4,283.5,285.0,13577316
2015-09-29,281.2,294.8,279.1,288.75,12304403
2015-09-30,289.25,299.75,288.1,298.6,12926187
2015-10-01,301.45,301.5,291.5,297.75,7501080
2015-10-05,302.5,322.1,302.5,315.15,14527820
2015-10-06,320.55,334.7,319.55,333.7,18806867
2015-10-07,333.9,345.0,329.0,341.35,17802539
2015-10-08,343.8,347.3,341.55,343.25,12085332
2015-10-09,346.2,359.2,341.1,356.45,11635790
2015-10-12,356.5,367.0,356.4,362.35,10509775
2015-10-13,360.0,365.25,355.05,361.1,9969583
2015-10-14,358.75,360.25,351.1,352.3,7009418
2015-10-15,355.3,383.75,355.3,381.3,19487376
2015-10-16,388.6,390.95,380.65,386.2,16497652
2015-10-19,384.0,384.0,376.25,378.7,7455714
2015-10-20,379.0,395.75,377.4,383.15,15426131
2015-10-21,379.95,386.4,378.55,381.45,8720671
2015-10-23,383.9,388.8,382.0,383.0,6744440
2015-10-26,386.45,389.9,383.25,384.6,5064657
2015-10-27,383.0,386.95,382.2,383.35,4423221
2015-10-28,382.8,390.75,382.2,386.3,8018683
2015-10-29,388.95,396.8,384.25,391.2,15381516
2015-10-30,389.75,390.8,383.5,384.95,6651831
2015-11-02,386.1,392.05,384.4,387.95,7511675
2015-11-03,391.25,391.25,380.8,382.05,5887746
2015-11-04,390.05,407.25,390.05,404.85,13985828
2015-11-05,403.6,412.8,401.45,404.0,12912937
2015-11-06,399.9,404.4,392.5,396.15,11016134
2015-11-09,374.0,413.5,373.05,411.75,22128119
2015-11-10,408.0,417.4,402.7,407.45,12654616
2015-11-11,408.75,414.0,408.05,411.3,1164924
2015-11-13,411.35,417.5,401.8,403.95,11007237
2015-11-16,401.0,404.85,394.2,400.25,7673487
2015-11-17,403.0,410.7,398.55,407.5,6063987
2015-11-18,407.95,413.5,403.25,406.25,6960097
2015-11-19,409.9,409.9,403.5,406.95,5645524
2015-11-20,408.5,410.7,401.35,402.85,5420173
2015-11-23,400.35,404.4,396.5,402.1,4658448
2015-11-24,399.1,406.5,397.05,400.95,5624579
2015-11-26,404.75,426.45,404.0,424.4,15070353
2015-11-27,425.55,431.9,416.45,417.65,9720127
2015-11-30,419.9,429.6,418.0,423.25,9901753
2015-12-01,427.0,427.0,416.1,417.35,6402692
2015-12-02,415.9,418.9,410.3,413.15,6543300
2015-12-03,408.7,411.9,404.25,405.6,5999323
2015-12-04,402.5,411.5,398.7,399.95,8477407
2015-12-07,402.9,403.0,395.3,399.15,6156323
2015-12-08,396.95,406.95,396.1,402.4,7851653
2015-12-09,402.8,405.0,392.75,393.95,6103583
2015-12-10,401.2,401.2,385.25,389.6,10684178
2015-12-11,390.9,392.65,375.3,377.95,6537672
2015-12-14,369.75,373.5,360.5,371.6,12682481
2015-12-15,371.25,380.95,365.5,379.5,7717531
2015-12-16,375.9,385.0,372.85,380.45,11874858
2015-12-17,385.0,387.0,376.05,382.95,7604665
2015-12-18,381.9,384.8,376.8,378.25,6454322
2015-12-21,379.1,382.55,377.5,380.15,4015631
2015-12-22,380.9,382.8,377.2,378.1,3802024
2015-12-23,379.9,380.85,377.5,378.45,3953766
2015-12-24,380.9,384.75,377.6,382.4,4568751
2015-12-28,384.9,395.0,383.75,394.0,7166351
2015-12-29,392.9,397.5,388.75,391.85,7359611
2015-12-30,392.0,395.0,390.5,393.45,4866177
2015-12-31,394.0,395.75,389.15,391.3,6410622
2016-01-01,392.5,403.0,373.0,401.9,4377363
2016-01-04,400.0,400.1,375.05,377.05,7822660
2016-01-05,381.05,382.45,372.1,374.45,6901068
2016-01-06,374.25,375.5,364.6,365.9,7211230
2016-01-07,356.25,358.0,338.1,343.55,11782307
2016-01-08,345.6,355.85,345.6,353.35,8770370
2016-01-11,343.9,364.75,341.65,360.2,10576721
2016-01-12,362.7,363.95,351.6,355.0,8363062
2016-01-13,360.45,369.8,356.3,364.6,14191511
2016-01-14,356.1,359.4,346.8,354.3,10673343
2016-01-15,353.9,353.9,339.35,341.3,6557584
2016-01-18,341.0,343.3,334.4,340.2,6285144
2016-01-19,343.0,357.2,342.0,354.15,7304555
2016-01-20,349.65,349.65,338.8,342.25,9156596
2016-01-21,340.65,344.15,323.0,328.55,16524035
2016-01-22,335.5,345.9,331.5,339.5,9595392
2016-01-25,345.5,345.5,331.15,332.6,6106931
2016-01-27,338.0,341.0,333.2,337.05,8333202
2016-01-28,336.3,341.4,332.3,334.2,13153617
2016-01-29,332.0,340.6,324.2,336.9,10350998
2016-02-01,338.75,342.4,332.25,338.5,6563774
2016-02-02,343.8,344.7,327.7,329.55,9179304
2016-02-03,325.55,325.95,317.05,320.3,6685445
2016-02-04,325.3,329.3,321.2,325.5,6086981
2016-02-05,330.5,339.0,326.65,337.1,9236577
2016-02-08,334.95,334.95,321.35,323.5,6974342
2016-02-09,319.5,322.65,308.8,310.65,12489713
2016-02-10,309.85,309.95,288.25,291.55,21756193
2016-02-11,298.5,300.0,265.8,276.35,21632886
2016-02-12,281.0,303.95,271.6,298.35,21542152
2016-02-17,302.95,313.5,298.65,310.15,13717526
2016-02-18,315.15,319.1,306.2,314.0,12498247
2016-02-19,312.1,320.0,311.1,318.2,7706462
2016-02-22,320.0,324.2,313.6,318.85,8699779
2016-02-23,324.0,324.75,314.45,318.55,11635881
2016-02-24,316.0,316.0,304.75,306.3,7629905
2016-02-25,309.8,312.2,296.2,298.2,12959812
2016-02-26,303.2,305.2,297.6,301.8,9181680
2016-02-29,303.2,305.75,290.25,299.7,12607181
2016-03-01,301.1,317.0,301.1,315.35,11440045
2016-03-02,322.9,326.0,314.35,317.1,12418149
2016-03-03,324.5,339.8,321.5,336.7,12844057
2016-03-04,340.15,348.75,338.65,343.5,8197520
2016-03-08,346.5,353.75,341.5,346.05,7888999
2016-03-09,339.9,349.0,336.0,347.7,6383925
2016-03-10,347.0,353.6,341.4,348.5,7443048
2016-03-11,348.5,355.9,345.15,354.25,7641330
2016-03-14,359.9,370.55,358.95,366.45,13066837
2016-03-15,366.9,370.7,359.55,360.4,9800731
2016-03-16,359.95,362.75,353.3,359.55,7554537
2016-03-17,366.9,367.4,358.6,360.9,6914296
2016-03-18,362.5,367.8,362.5,366.05,6594019
2016-03-21,367.25,375.5,365.75,374.7,9325793
2016-03-22,376.95,381.5,370.4,377.2,8909026
2016-03-23,378.0,379.45,374.05,377.0,5766182
2016-03-28,375.5,375.5,361.5,363.3,8062793
2016-03-29,364.0,378.95,363.05,372.45,9364810
2016-03-30,380.5,391.5,376.8,388.6,10295891
2016-03-31,387.9,393.6,380.5,386.6,10738707
2016-04-01,386.4,386.4,377.7,379.65,5683771
2016-04-04,385.95,391.0,382.4,388.4,6011729
2016-04-05,386.0,386.0,369.0,370.5,6058241
2016-04-06,373.7,382.4,372.05,376.7,7323269
2016-04-07,375.95,384.8,370.3,375.2,8724110
2016-04-08,375.5,380.05,370.5,371.45,4860484
2016-04-11,373.95,387.8,373.9,386.65,6827449
2016-04-12,387.95,397.4,387.15,395.8,7702684
2016-04-13,400.0,411.75,398.15,408.75,12373115
2016-04-18,407.65,409.9,402.5,407.35,5571076
2016-04-20,407.0,410.35,400.65,404.1,7589901
2016-04-21,408.7,417.2,406.0,411.5,9211869
2016-04-22,412.1,420.5,408.0,417.0,5995998
2016-04-25,417.6,417.6,410.0,412.2,3272996
2016-04-26,408.65,423.65,405.05,419.05,6998505
2016-04-27,418.95,425.25,414.65,418.55,6227941
2016-04-28,418.8,420.95,409.7,411.35,7546101
2016-04-29,410.0,413.7,403.05,408.35,6251095
2016-05-02,407.95,410.45,402.5,407.7,4178821
2016-05-03,410.9,422.0,407.8,409.65,9620804
2016-05-04,405.5,405.5,380.1,381.8,12069134
2016-05-05,384.0,396.05,383.15,391.15,9601341
2016-05-06,388.6,400.9,384.5,398.7,9953672
2016-05-09,400.35,405.2,395.15,403.35,8700283
2016-05-10,400.8,400.8,387.15,388.95,9166453
2016-05-11,384.8,391.95,376.1,379.85,11595875
2016-05-12,379.0,388.6,379.0,387.05,6506343
2016-05-13,391.25,394.0,385.5,389.95,14027896
2016-05-16,393.8,396.7,389.0,392.7,8248193
2016-05-17,392.6,395.0,386.6,389.7,9425555
2016-05-18,383.5,387.35,381.6,384.85,8589315
2016-05-19,386.25,393.3,381.95,386.9,10988676
2016-05-20,386.7,392.7,383.5,384.45,6537509
2016-05-23,388.55,389.95,380.1,381.75,8153090
2016-05-24,383.8,391.75,382.65,389.1,10568106
2016-05-25,394.0,399.95,394.0,397.0,8897382
2016-05-26,400.5,402.0,396.75,399.25,8469732
2016-05-27,400.0,405.0,396.0,403.9,9035525
2016-05-30,404.8,423.6,401.3,421.25,15767133
2016-05-31,456.0,464.9,445.0,459.65,110744326
2016-06-01,455.75,458.3,445.0,449.2,10389215
2016-06-02,444.1,460.5,444.1,453.45,13674434
2016-06-03,458.05,461.8,452.5,453.95,11672544
2016-06-06,457.8,465.0,450.2,460.5,9356808
2016-06-07,466.45,466.45,459.0,463.05,12568902
2016-06-08,465.5,468.8,463.2,466.15,10467158
2016-06-09,469.45,470.25,465.0,467.15,8525017
2016-06-10,466.75,466.75,454.5,456.95,7039858
2016-06-13,451.0,451.4,436.7,444.25,9507282
2016-06-14,446.9,453.85,441.15,448.4,9615226
2016-06-15,449.9,453.0,447.25,452.1,5704865
2016-06-16,449.7,455.5,446.05,454.35,7255454
2016-06-17,461.0,465.75,457.3,464.4,7836702
2016-06-20,464.75,484.2,460.25,482.05,9261350
2016-06-21,484.0,486.2,477.6,484.9,8907801
2016-06-22,483.05,484.8,468.05,472.7,7660165
2016-06-23,476.1,489.9,476.1,487.95,9628216
2016-06-24,439.2,453.75,421.25,449.4,40998600
2016-06-27,451.8,457.25,443.6,448.95,12450283
2016-06-28,448.0,448.0,433.0,440.4,10190394
2016-06-29,447.1,449.8,445.4,447.25,6285461
2016-06-30,454.3,462.25,451.55,459.25,13214064
2016-07-01,463.6,464.75,454.7,457.9,7027759
2016-07-04,467.0,474.85,467.0,469.5,8413087
2016-07-05,468.5,469.0,459.5,460.9,4934087
2016-07-07,460.95,465.45,454.1,455.15,6580663
2016-07-08,464.3,468.2,462.65,466.3,9263727
2016-07-11,472.1,486.8,472.1,484.6,10477166
2016-07-12,486.0,488.65,481.1,484.3,6767972
2016-07-13,485.95,488.1,477.95,481.1,5855718
2016-07-14,480.1,489.3,478.95,486.1,5983007
2016-07-15,480.0,501.7,479.65,494.0,8889558
2016-07-18,495.0,505.0,490.0,492.65,7463954
2016-07-19,493.9,503.5,493.45,499.25,7665519
2016-07-20,496.3,502.45,492.45,493.9,5697901
2016-07-21,498.45,500.0,489.7,491.05,3658371
2016-07-22,494.45,508.45,493.5,507.2,5588143
2016-07-25,505.5,510.95,503.35,509.0,4638151
2016-07-26,506.05,513.35,502.1,503.25,6187499
2016-07-27,507.75,513.05,505.5,510.1,5193425
2016-07-28,510.0,511.9,498.75,506.85,6338260
2016-07-29,507.8,510.5,501.1,503.2,3746332
2016-08-01,506.8,514.9,505.5,508.25,4748497
2016-08-02,510.0,511.2,491.15,493.3,5251838
2016-08-03,494.5,499.5,475.5,478.4,7925049
2016-08-04,490.1,501.45,488.6,500.0,9476008
2016-08-05,507.2,518.7,502.15,516.4,6393514
2016-08-08,518.2,522.6,513.4,514.8,4649302
2016-08-09,521.0,522.0,509.2,513.8,6015760
2016-08-10,515.6,516.5,502.3,503.45,6371139
2016-08-11,503.75,505.0,495.1,503.25,4112806
2016-08-12,506.9,519.5,506.15,516.8,7167435
2016-08-16,512.95,515.0,503.3,507.6,6034295
2016-08-17,511.1,514.25,505.85,510.4,5853980
2016-08-18,512.4,517.9,510.75,512.05,4990558
2016-08-19,514.0,515.0,508.2,510.0,4567273
2016-08-22,509.1,513.6,503.1,503.95,4330313
2016-08-23,505.25,508.6,500.45,504.0,5342115
2016-08-24,504.7,506.05,493.6,498.35,5189459
2016-08-25,498.35,503.3,491.3,493.85,8787262
2016-08-26,502.0,515.35,486.0,503.75,16347856
2016-08-29,522.5,528.75,515.4,525.3,12534399
2016-08-30,528.5,530.8,524.1,529.0,6611147
2016-08-31,529.0,548.8,529.0,537.7,15725942
2016-09-01,540.5,546.65,540.0,543.65,7571854
2016-09-02,552.0,555.9,549.1,549.85,10097146
2016-09-06,556.35,593.3,556.35,588.7,15813178
2016-09-07,590.0,598.4,584.0,587.4,13408927
2016-09-08,590.75,591.7,577.75,584.2,10456258
2016-09-09,580.0,582.95,571.7,573.25,7159068
2016-09-12,551.0,560.0,549.25,553.45,7055294
2016-09-14,556.25,565.35,544.1,560.5,12364724
2016-09-15,562.0,566.25,555.4,557.55,5258859
2016-09-16,562.4,568.2,546.35,548.7,10931845
2016-09-19,553.8,556.4,549.45,554.45,6979269
2016-09-20,555.0,556.3,545.5,548.45,6874462
2016-09-21,548.6,556.4,544.0,549.9,5919149
2016-09-22,561.2,562.95,551.35,558.45,6012388
2016-09-23,558.5,558.5,551.2,553.05,4840360
2016-09-26,549.95,549.95,533.75,535.3,6858574
2016-09-27,537.7,542.0,530.25,531.95,4912743
2016-09-28,533.0,545.4,531.5,540.0,6604953
2016-09-29,543.0,546.9,516.65,526.3,9315794
2016-09-30,525.6,536.55,521.2,534.85,5659248
2016-10-03,539.4,546.0,539.0,540.8,4505939
2016-10-04,547.4,552.4,540.65,549.95,5715454
2016-10-05,555.3,562.4,549.75,559.65,5929204
2016-10-06,563.1,564.2,549.1,551.45,4273945
2016-10-07,554.5,567.3,552.6,565.7,9122002
2016-10-10,571.1,571.1,560.9,562.05,3673211
2016-10-13,556.9,556.9,537.0,544.85,9510827
2016-10-14,546.0,557.45,545.0,556.1,5872827
2016-10-17,557.85,557.85,545.9,547.55,3463154
2016-10-18,549.2,556.0,549.2,554.25,3965424
2016-10-19,552.05,554.9,545.05,550.5,4275157
2016-10-20,553.05,554.0,546.0,546.85,2770011
2016-10-21,549.0,550.0,541.5,544.5,2789747
2016-10-24,544.0,564.0,543.55,559.8,5161299
2016-10-25,549.85,561.0,549.1,553.8,5690576
2016-10-26,548.0,548.0,523.15,530.05,6665017
2016-10-27,515.6,525.75,510.75,522.0,18470182
2016-10-28,527.0,539.95,525.1,537.0,5665910
2016-11-01,534.4,537.9,525.05,530.6,6848662
2016-11-02,522.6,526.0,512.35,513.3,4750117
2016-11-03,509.8,521.45,505.2,510.2,6909458
2016-11-04,509.25,516.35,501.6,512.3,7564243
2016-11-07,513.0,521.3,505.05,506.35,5507954
2016-11-08,518.4,543.0,517.0,540.2,12739083
2016-11-09,501.15,544.0,500.0,533.5,10276017
2016-11-10,536.0,549.35,531.5,533.7,6906437
2016-11-11,526.5,530.0,505.0,507.3,7823667
2016-11-15,484.9,484.9,453.0,457.4,15356070
2016-11-16,468.45,471.7,450.0,458.45,10855618
2016-11-17,460.0,476.0,459.65,472.85,8949767
2016-11-18,469.9,473.85,461.85,471.25,7246244
2016-11-21,468.0,472.8,451.5,456.95,7325876
2016-11-22,464.05,471.0,453.3,464.85,6644867
2016-11-23,467.0,475.3,462.0,471.5,6727083
2016-11-24,466.35,466.35,449.7,452.95,8046995
2016-11-25,454.1,456.35,443.15,452.35,7426347
2016-11-28,451.25,460.0,450.5,454.7,5025929
2016-11-29,455.0,466.3,451.35,459.85,8570549
2016-11-30,460.0,463.8,455.1,459.3,8377510
2016-12-01,457.0,457.7,446.9,448.2,7706825
2016-12-02,445.0,453.5,431.15,432.9,10450654
2016-12-05,436.0,441.0,428.3,439.3,8211182
2016-12-06,441.0,445.9,438.1,441.1,4209420
2016-12-07,440.0,449.2,439.25,445.35,5559803
2016-12-08,451.2,464.4,451.2,461.55,8176055
2016-12-09,464.95,468.55,460.6,464.1,5690877
2016-12-12,461.95,461.95,451.05,454.4,3837786
2016-12-13,476.8,486.25,462.25,470.65,63880404
2016-12-14,470.2,476.8,462.65,472.35,7660437
2016-12-15,464.0,473.6,462.5,463.2,6539067
2016-12-16,465.0,474.9,464.2,473.15,9015744
2016-12-19,470.9,478.55,465.5,471.8,5445624
2016-12-20,473.0,475.0,469.1,473.15,3690160
2016-12-21,473.5,474.5,467.1,468.5,3492856
2016-12-22,468.15,472.95,464.8,469.6,5436494
2016-12-23,464.95,468.3,460.0,465.65,3957854
2016-12-26,465.5,465.5,455.6,457.85,3282425
2016-12-27,460.0,468.75,457.4,466.95,3164664
2016-12-28,467.0,468.65,462.0,463.35,3772181
2016-12-29,462.75,472.7,459.35,470.9,4763171
2016-12-30,471.0,475.0,467.5,472.0,3605555
2017-01-02,472.0,488.7,469.05,487.05,4024156
2017-01-03,491.0,492.7,479.9,481.1,5814518
2017-01-04,484.65,493.7,484.1,486.65,4769872
2017-01-05,496.0,503.4,495.55,502.15,7961242
2017-01-06,502.95,507.95,496.25,497.75,4907475
2017-01-09,499.4,504.6,492.15,500.15,3932710
2017-01-10,506.55,518.0,505.95,516.25,7973024
2017-01-11,520.25,523.95,517.15,519.25,4886398
2017-01-12,521.7,524.0,513.2,518.25,4219627
2017-01-13,523.25,523.25,507.5,514.85,6367248
2017-01-16,518.65,529.45,517.0,526.4,6084582
2017-01-17,528.1,530.8,521.0,523.7,4297426
2017-01-18,523.05,529.6,521.2,522.45,5874608
2017-01-19,523.0,535.6,522.7,531.45,5810128
2017-01-20,527.4,529.3,521.25,523.2,5013928
2017-01-23,523.2,534.95,523.0,532.7,4209879
2017-01-24,533.0,543.0,532.35,541.55,5183630
2017-01-25,543.25,551.9,541.55,548.9,4504941
2017-01-27,549.0,552.0,539.75,541.95,4493803
2017-01-30,542.0,543.5,530.8,532.3,4163428
2017-01-31,530.2,531.5,518.0,523.55,6035022
2017-02-01,527.5,544.5,522.9,542.25,4786720
2017-02-02,537.6,537.6,526.8,531.5,6579801
2017-02-03,531.9,531.9,519.5,522.6,5298261
2017-02-06,527.9,531.45,523.2,525.85,3642527
2017-02-07,524.8,524.8,502.0,506.8,7987282
2017-02-08,512.35,514.95,506.3,513.05,5975054
2017-02-09,515.4,518.0,505.75,512.85,4099871
2017-02-10,513.0,514.8,506.5,509.55,4732032
2017-02-13,512.7,512.7,503.3,505.3,4700518
2017-02-14,503.0,506.7,466.55,482.05,14901414
2017-02-15,449.05,453.0,434.35,436.45,38638630
2017-02-16,442.55,447.6,435.4,446.0,11622714
2017-02-17,447.9,456.6,442.4,452.95,10063504
2017-02-20,451.5,458.45,449.0,455.45,5866707
2017-02-21,456.9,462.8,454.5,458.65,6875914
2017-02-22,460.25,466.7,455.8,460.05,7315280
2017-02-23,464.0,464.7,457.25,462.35,9492419
2017-02-27,464.0,464.0,455.1,457.8,5510484
2017-02-28,460.0,460.0,454.1,456.75,5722402
2017-03-01,455.9,455.9,448.0,449.45,8367579
2017-03-02,457.85,467.9,453.2,461.7,13667695
2017-03-03,463.3,466.85,458.6,459.95,7085620
2017-03-06,462.5,472.7,462.1,470.8,4036291
2017-03-07,469.5,475.9,466.05,467.55,7114541
2017-03-08,469.4,469.6,461.15,462.8,5351597
2017-03-09,462.45,469.7,462.0,467.6,3837624
2017-03-10,471.0,471.85,465.1,469.1,5766815
2017-03-14,481.0,483.0,468.45,469.75,6348198
2017-03-15,475.0,476.55,470.65,473.45,4801312
2017-03-16,478.7,482.0,476.15,480.95,6272947
2017-03-17,481.35,484.2,471.7,476.5,6338248
2017-03-20,476.55,478.2,470.75,476.0,2871104
2017-03-21,478.0,478.05,470.65,473.75,4685410
2017-03-22,469.95,469.95,458.5,459.9,4695648
2017-03-23,461.3,477.0,461.3,472.9,8665384
2017-03-24,470.75,474.8,467.55,470.4,4296510
2017-03-27,469.0,469.15,462.1,464.75,4417413
2017-03-28,467.5,473.0,467.5,472.4,2982614
2017-03-29,474.9,475.0,463.6,469.05,6680569
2017-03-30,463.5,469.8,462.85,468.4,9482785
2017-03-31,466.5,472.5,464.5,465.85,6400088
2017-04-03,468.25,472.3,467.6,470.4,2951896
2017-04-05,470.4,475.0,467.25,473.5,5287168
2017-04-06,474.3,478.5,470.6,473.2,6703078
2017-04-07,468.45,480.55,466.65,468.3,8089461
2017-04-10,471.65,478.3,467.55,474.9,5437523
2017-04-11,477.9,478.35,471.1,472.25,4887918
2017-04-12,468.7,471.55,461.6,464.55,5991598
2017-04-13,461.85,463.35,451.2,453.35,5930185
2017-04-17,452.0,455.7,447.3,449.2,4913930
2017-04-18,452.0,455.75,442.5,443.7,4235130
2017-04-19,443.0,449.5,438.3,443.05,6319332
2017-04-20,447.85,447.85,442.1,443.95,3288900
2017-04-21,446.75,448.45,437.6,440.6,5325590
2017-04-24,439.8,449.0,438.75,443.85,6214069
2017-04-25,445.85,447.75,443.3,445.65,5894090
2017-04-26,446.0,454.4,445.5,450.8,8438042
2017-04-27,455.0,460.9,452.7,455.35,10589249
2017-04-28,457.1,462.0,454.4,458.9,5126904
2017-05-02,456.6,457.2,448.55,451.25,6071958
2017-05-03,451.35,456.0,444.65,446.6,5158586
2017-05-04,446.65,448.1,435.15,436.5,6204022
2017-05-05,436.5,436.5,418.0,419.6,9487539
2017-05-08,424.75,428.7,417.25,422.65,7427873
2017-05-09,424.75,428.8,422.7,426.8,2833132
2017-05-10,427.8,433.0,424.0,432.3,5378402
2017-05-11,434.0,434.5,425.4,427.45,4049649
2017-05-12,429.65,433.8,427.45,430.85,3850940
2017-05-15,434.0,434.0,430.1,431.9,1885702
2017-05-16,432.25,439.5,432.25,437.25,3452072
2017-05-17,436.5,452.5,435.1,449.1,6572678
2017-05-18,442.0,448.7,436.0,437.95,6158546
2017-05-19,439.0,444.95,434.6,443.35,4387481
2017-05-22,446.0,452.75,442.6,449.65,6145914
2017-05-23,451.45,456.45,444.3,450.5,10330814
2017-05-24,470.0,473.35,458.1,469.55,27370795
2017-05-25,470.0,479.0,464.7,476.0,15108872
2017-05-26,474.1,488.25,473.5,481.1,7692869
2017-05-29,482.5,485.0,471.8,481.5,4253044
2017-05-30,482.7,487.0,480.0,481.3,3101380
2017-05-31,482.3,483.0,474.8,476.15,5393856
2017-06-01,476.95,479.7,473.55,476.65,3001232
2017-06-02,480.0,485.95,477.7,478.75,4319080
2017-06-05,478.3,481.9,475.2,478.15,2464819
2017-06-06,482.9,484.35,457.6,461.0,8016939
2017-06-07,462.55,463.65,453.5,458.0,5250544
2017-06-08,459.5,463.45,457.35,460.8,4066322
2017-06-09,459.95,468.0,455.0,467.1,4598706
2017-06-12,463.75,465.25,455.2,456.25,4341696
2017-06-13,457.15,458.75,448.0,449.55,3577406
2017-06-14,450.8,453.4,447.05,451.95,3605931
2017-06-15,452.0,457.85,446.95,448.3,3879154
2017-06-16,454.7,458.4,452.0,455.75,7042094
2017-06-19,453.8,456.4,450.5,452.35,3869675
2017-06-20,457.0,470.75,456.0,467.4,12014975
2017-06-21,466.0,466.0,455.5,457.3,5436141
2017-06-22,458.85,463.0,451.6,452.7,5008885
2017-06-23,454.0,456.5,442.4,443.15,6753648
2017-06-27,443.8,444.5,434.4,442.3,5915274
2017-06-28,443.9,446.8,440.15,442.5,4960238
2017-06-29,444.5,446.25,434.0,435.6,11085101
2017-06-30,433.9,435.6,428.05,432.55,4776892
2017-07-03,431.5,434.7,426.25,430.25,6230025
2017-07-04,434.2,436.4,426.0,426.9,5020683
2017-07-05,428.9,433.95,427.4,431.75,5050749
2017-07-06,435.4,438.8,433.8,437.1,4038188
2017-07-07,434.45,441.45,432.25,436.85,5311730
2017-07-10,460.0,460.0,424.2,446.95,1189742
2017-07-11,452.0,462.3,451.0,456.95,12069006
2017-07-12,461.0,463.8,456.6,461.0,6051540
2017-07-13,464.5,464.5,455.55,459.05,4382063
2017-07-14,460.0,460.0,450.4,451.3,3974269
2017-07-17,455.0,458.35,453.25,454.15,4922453
2017-07-18,452.6,459.5,452.6,456.15,2349268
2017-07-19,453.0,462.9,453.0,460.6,3395937
2017-07-20,463.5,464.35,457.35,460.15,3318626
2017-07-21,460.0,465.9,457.6,464.6,3150269
2017-07-24,464.95,468.35,461.0,464.0,3773074
2017-07-25,462.15,464.7,454.7,456.1,7052112
2017-07-26,457.2,458.7,455.0,457.3,3641559
2017-07-27,459.0,460.95,440.3,445.4,13738611
2017-07-28,444.6,447.45,442.45,445.85,3365171
2017-07-31,446.25,449.7,443.7,444.6,3804621
2017-08-01,446.55,452.35,445.7,446.9,4012791
2017-08-02,449.5,449.95,438.15,440.35,4045533
2017-08-03,441.0,441.5,429.6,431.45,6197142
2017-08-04,435.1,438.75,433.45,435.6,4166729
2017-08-07,438.6,439.8,425.3,430.0,6461815
2017-08-08,432.0,435.5,426.0,430.0,7134979
2017-08-09,428.8,429.9,415.0,416.05,10849567
2017-08-10,401.0,403.6,375.25,380.2,28114017
2017-08-11,376.0,379.1,358.5,374.5,14699477
2017-08-14,380.0,381.8,372.6,375.4,8216208
2017-08-16,379.45,390.7,375.5,389.25,11019760
2017-08-17,392.45,392.45,384.5,385.3,5971420
2017-08-18,381.75,383.0,377.0,380.4,5856198
2017-08-21,382.0,382.55,371.3,374.35,5123101
2017-08-22,378.8,379.95,372.25,373.6,4163794
2017-08-23,376.0,381.15,373.35,379.95,4448871
2017-08-24,380.1,385.95,380.1,384.15,5208541
2017-08-28,385.85,387.4,378.3,379.3,4403872
2017-08-29,379.0,382.35,374.45,376.1,4689547
2017-08-30,380.85,382.75,377.45,378.5,3734824
2017-08-31,380.05,380.45,375.8,376.55,4685511
2017-09-01,379.35,392.85,378.65,390.85,7380325
2017-09-04,393.0,396.05,380.5,383.4,8433560
2017-09-05,385.7,389.5,383.4,388.15,4477993
2017-09-06,385.0,386.7,381.85,382.7,5953907
2017-09-07,383.7,384.4,376.0,378.15,7938665
2017-09-08,381.0,381.8,374.05,375.05,7471355
2017-09-11,380.0,380.0,374.2,375.3,5402725
2017-09-12,378.7,390.0,375.5,388.25,9266823
2017-09-13,391.0,393.95,387.2,389.65,6537279
2017-09-14,390.75,406.6,390.25,404.4,11476571
2017-09-15,402.85,406.75,400.0,401.75,9675506
2017-09-18,411.85,413.0,403.2,404.95,8966503
2017-09-19,415.0,427.7,414.0,423.65,28208471
2017-09-20,422.75,422.75,413.0,414.8,5179160
2017-09-21,415.4,418.45,408.8,413.65,6946502
2017-09-22,414.0,422.15,408.85,411.8,9781308
2017-09-25,413.65,415.3,404.6,408.2,6957357
2017-09-26,409.4,413.9,403.3,411.25,5077291
2017-09-27,413.5,414.25,402.0,404.9,4727360
2017-09-28,406.95,406.95,399.0,401.4,4850748
2017-09-29,401.4,405.0,397.4,401.5,7520906
2017-10-03,428.0,428.0,415.0,416.0,9696920
2017-10-04,417.55,426.0,412.7,423.55,7663143
2017-10-05,423.0,425.8,420.1,423.3,4606192
2017-10-06,422.0,426.0,416.2,424.85,5308695
2017-10-09,424.0,432.1,423.05,425.6,4414381
2017-10-10,425.6,428.9,421.4,423.6,5057869
2017-10-11,424.9,424.9,414.1,415.5,4320451
2017-10-12,415.5,421.8,409.35,420.15,5442846
2017-10-13,421.0,429.3,418.9,424.8,6969434
2017-10-16,426.3,438.0,425.85,437.05,8476709
2017-10-17,435.75,435.75,430.2,432.3,5135763
2017-10-18,432.25,437.3,426.6,433.2,5539785
2017-10-19,433.0,433.1,424.25,426.95,1313380
2017-10-23,429.1,430.85,421.0,422.75,4013418
2017-10-24,422.75,423.8,415.05,416.05,4541742
2017-10-25,421.0,424.4,415.1,421.95,5666968
2017-10-26,421.7,422.4,417.0,419.4,6207936
2017-10-27,422.05,434.35,422.05,429.9,7414741
2017-10-30,428.25,440.95,428.25,436.55,7675104
2017-10-31,438.85,438.85,427.3,428.4,6214996
2017-11-01,430.95,439.95,428.45,437.75,7310931
2017-11-02,435.7,440.4,429.9,434.9,8262211
2017-11-03,434.0,449.35,432.65,447.7,8116263
2017-11-06,445.75,468.0,443.55,462.9,19456789
2017-11-07,458.2,465.9,450.05,451.85,13266543
2017-11-08,448.0,455.0,431.3,438.2,11193613
2017-11-09,442.1,450.9,425.65,440.15,40547266
2017-11-10,438.95,438.95,420.0,422.55,22534490
2017-11-13,423.0,427.5,416.1,418.1,9857544
2017-11-14,418.55,421.85,410.65,414.3,8987515
2017-11-15,414.3,417.55,407.0,408.65,9867270
2017-11-16,411.35,415.9,411.35,413.45,6291441
2017-11-17,419.45,423.45,417.0,421.8,6191428
2017-11-20,421.0,425.7,420.1,423.0,4051153
2017-11-21,424.45,430.0,422.5,424.25,6745407
2017-11-22,425.45,433.0,424.5,428.6,7899417
2017-11-23,428.6,431.05,422.45,426.25,7374216
2017-11-24,427.0,429.95,424.25,425.5,5108182
2017-11-27,423.0,424.75,417.8,421.4,7946028
2017-11-28,419.8,422.25,414.5,415.95,6217480
2017-11-29,415.9,419.45,412.05,413.95,4327453
2017-11-30,410.4,412.25,402.25,404.15,25646262
2017-12-01,407.9,410.25,396.5,398.9,7959197
2017-12-04,405.8,411.25,401.7,403.65,10043491
2017-12-05,404.55,405.5,396.55,402.25,7144542
2017-12-06,400.2,404.0,395.0,397.05,5573968
2017-12-07,398.0,405.3,397.15,402.0,7998863
2017-12-08,406.0,413.75,406.0,411.15,12288946
2017-12-11,412.0,415.2,409.05,410.15,5066242
2017-12-12,411.55,415.5,405.95,406.85,6151197
2017-12-13,407.0,409.85,400.0,401.95,5140689
2017-12-14,404.0,404.55,398.2,402.4,4674026
2017-12-15,406.5,409.0,404.2,405.1,5614113
2017-12-18,399.0,409.9,389.3,405.8,5356208
2017-12-19,407.35,421.7,407.35,420.1,9686883
2017-12-20,421.95,427.75,419.25,422.6,11191127
2017-12-21,424.0,426.05,419.55,420.8,4885225
2017-12-22,422.05,426.4,420.9,422.0,5345261
2017-12-26,422.0,425.15,421.15,424.2,3700655
2017-12-27,423.5,428.45,420.3,422.45,3673355
2017-12-28,423.5,423.7,416.0,418.6,5018893
2017-12-29,418.0,433.45,417.15,431.85,8640908
2018-01-01,430.95,436.4,422.25,424.45,6807536
2018-01-02,428.85,440.85,422.0,439.3,15331261
2018-01-03,440.4,441.4,431.95,433.9,9794953
2018-01-04,430.0,433.3,425.75,429.95,8395377
2018-01-05,431.25,436.35,429.8,431.6,7021611
2018-01-08,432.0,436.2,431.65,433.55,4635214
2018-01-09,434.25,443.5,433.0,437.55,12629045
2018-01-10,438.0,439.3,431.3,433.3,4702579
2018-01-11,433.5,437.6,432.9,434.75,4565005
2018-01-12,437.0,441.45,432.1,437.1,7408870
2018-01-15,438.05,440.05,431.05,432.35,4042775
2018-01-16,433.0,435.2,419.5,421.9,5623745
2018-01-17,422.05,424.5,410.1,422.95,10204447
2018-01-18,424.0,428.3,414.45,418.95,9579830
2018-01-19,415.2,421.95,415.05,418.05,3894062
2018-01-22,419.05,424.4,418.45,421.9,4643782
2018-01-23,422.8,422.8,414.75,418.0,6185011
2018-01-24,416.0,416.25,402.65,403.6,10789570
2018-01-25,403.45,407.65,398.0,400.3,16312167
2018-01-29,402.5,405.9,398.1,399.25,5789602
2018-01-30,400.0,402.3,395.0,395.85,6963005
2018-01-31,395.5,400.95,395.25,399.5,5111454
2018-02-01,399.9,403.8,390.55,393.65,7259426
2018-02-02,392.0,397.4,381.3,383.75,10070356
2018-02-05,381.0,398.0,380.0,395.8,9876017
2018-02-06,363.0,379.85,356.5,375.45,25294860
2018-02-07,380.4,385.4,375.2,377.8,12706795
2018-02-08,379.9,380.0,372.2,374.85,12452396
2018-02-09,369.9,373.2,368.0,368.75,8816777
2018-02-12,373.4,376.2,370.2,371.8,6002369
2018-02-14,372.9,382.3,370.6,376.85,9623436
2018-02-15,379.8,382.2,373.1,375.8,10225880
2018-02-16,378.0,379.4,367.6,370.75,8545282
2018-02-19,373.7,374.7,362.8,368.75,5658765
2018-02-20,370.35,370.9,366.5,369.3,3972114
2018-02-21,372.5,372.5,362.85,364.45,8640166
2018-02-22,363.0,363.0,357.5,358.5,10870704
2018-02-23,360.1,364.6,358.75,360.2,6751064
2018-02-26,362.0,373.5,362.0,372.05,10576794
2018-02-27,375.0,376.6,370.35,372.55,6156672
2018-02-28,370.0,373.65,367.15,369.9,8009429
2018-03-01,369.75,376.3,369.05,370.75,6991806
2018-03-05,368.75,368.75,350.1,352.05,14665325
2018-03-06,355.15,357.95,345.0,346.5,8876632
2018-03-07,345.0,355.3,343.25,347.8,15599393
2018-03-08,350.8,351.9,341.05,345.15,7674221
2018-03-09,345.55,348.7,340.15,341.5,5519224
2018-03-12,345.0,353.8,340.35,352.6,8238960
2018-03-13,352.6,356.45,350.0,353.15,6184241
2018-03-14,351.0,354.9,349.6,354.05,3820313
2018-03-15,354.05,358.4,351.1,353.1,4331145
2018-03-16,352.05,352.6,338.4,339.75,14205582
2018-03-19,341.2,342.1,332.55,335.7,9391347
2018-03-20,335.5,340.4,333.55,338.8,5080453
2018-03-21,339.9,342.25,332.25,333.85,6812442
2018-03-22,338.5,340.25,334.8,338.2,9255091
2018-03-23,330.0,334.8,329.6,330.85,8578297
2018-03-26,328.8,333.9,324.3,332.35,8907023
2018-03-27,333.95,335.8,330.1,331.15,6822448
2018-03-28,331.5,333.65,325.2,326.85,10975624
2018-04-02,335.0,340.8,332.7,339.15,9874486
2018-04-03,338.4,344.5,337.15,343.1,6989584
2018-04-04,346.8,363.7,346.25,355.6,27157199
2018-04-05,362.6,372.35,359.8,362.2,28886070
2018-04-06,362.0,368.35,356.45,364.1,13297051
2018-04-09,361.9,368.6,357.0,358.3,9555113
2018-04-10,360.5,362.35,351.5,353.25,8201215
2018-04-11,355.0,357.15,350.5,355.8,5622957
2018-04-12,358.0,364.4,357.0,358.4,13145938
2018-04-13,357.9,361.0,354.4,357.05,5935628
2018-04-16,350.8,352.8,337.55,339.15,19157051
2018-04-17,342.3,344.2,332.6,336.45,14241074
2018-04-18,338.2,339.75,333.4,334.8,6699271
2018-04-19,336.5,337.0,332.5,334.25,7087115
2018-04-20,335.95,343.25,334.6,336.0,11908652
2018-04-23,335.95,339.5,333.0,334.05,8056732
2018-04-24,334.8,335.0,330.6,331.55,9210931
2018-04-25,330.8,334.0,327.75,328.6,6306039
2018-04-26,329.9,335.95,326.0,330.25,16647689
2018-04-27,333.0,337.65,331.05,336.9,8804236
2018-04-30,338.5,342.75,337.25,340.4,5937740
2018-05-02,349.2,351.65,335.0,336.05,16022148
2018-05-03,335.5,335.9,329.15,333.5,6870513
2018-05-04,333.75,337.3,329.5,334.4,6660062
2018-05-07,337.85,337.85,333.7,335.15,3888627
2018-05-08,336.3,336.6,330.25,332.15,8114997
2018-05-09,331.0,347.25,331.0,341.95,19019847
2018-05-10,343.75,343.75,332.75,333.6,11158000
2018-05-11,334.0,334.0,330.0,330.8,7365579
2018-05-14,333.0,333.0,323.0,323.6,8312976
2018-05-15,324.0,324.05,305.7,310.1,15323964
2018-05-16,309.95,315.75,306.7,310.25,12051269
2018-05-17,313.1,319.5,309.3,314.9,10214660
2018-05-18,314.75,315.0,303.5,304.6,11688577
2018-05-21,304.75,307.2,294.7,295.9,11549490
2018-05-22,296.55,312.5,296.55,307.7,17199292
2018-05-23,311.1,317.25,305.4,309.45,17698475
2018-05-24,300.0,307.65,284.1,288.65,46104103
2018-05-25,290.4,297.45,286.25,294.15,19240172
2018-05-28,293.75,299.9,290.3,296.3,8516862
2018-05-29,296.8,300.0,293.0,294.65,9816561
2018-05-30,289.95,292.25,286.15,288.9,11649429
2018-05-31,289.95,290.85,281.6,282.5,28771987
2018-06-01,284.5,290.35,283.05,287.2,15840810
2018-06-04,292.5,293.85,286.0,286.65,10835487
2018-06-05,286.65,288.25,283.6,284.95,7456195
2018-06-06,286.85,296.9,285.25,295.65,19754001
2018-06-07,296.3,306.9,295.25,305.4,22839023
2018-06-08,305.7,315.55,302.4,309.95,27249374
2018-06-11,310.9,313.9,306.65,309.75,14650133
2018-06-12,310.95,313.65,307.2,307.8,7932388
2018-06-13,309.2,311.25,307.0,308.4,7280886
2018-06-14,308.5,309.6,303.8,305.9,6532693
2018-06-15,305.75,307.65,300.55,302.95,8224497
2018-06-18,302.9,311.0,302.1,308.8,8787098
2018-06-19,309.6,312.8,303.3,305.05,10498362
2018-06-20,304.9,308.25,304.05,305.6,6607472
2018-06-21,307.9,308.5,305.5,307.0,5085379
2018-06-22,306.85,308.9,303.2,308.0,6033095
2018-06-25,306.3,306.3,287.6,289.4,16392183
2018-06-26,288.4,288.4,275.1,276.85,30728620
2018-06-27,278.5,279.5,270.0,271.05,19077416
2018-06-28,272.0,272.65,261.85,263.35,19507165
2018-06-29,265.45,270.5,262.65,269.3,14765516
2018-07-02,276.0,276.05,265.6,266.7,16495647
2018-07-03,269.5,271.5,267.2,269.45,11484332
2018-07-04,270.0,271.5,265.65,267.05,7394858
2018-07-05,263.5,263.75,252.55,261.55,20820454
2018-07-06,262.0,272.5,261.85,270.85,19215897
2018-07-09,274.6,277.0,272.05,273.5,9387556
2018-07-10,274.9,276.9,272.9,275.45,6351033
2018-07-11,276.4,276.4,267.1,267.8,7356582
2018-07-12,269.6,272.0,265.5,266.1,8573517
2018-07-13,267.3,269.4,262.7,263.6,8352827
2018-07-16,260.5,260.8,250.5,252.1,11067012
2018-07-17,253.0,259.0,252.3,257.95,6350966
2018-07-18,259.45,259.45,247.3,251.85,9348644
2018-07-19,254.0,257.85,251.2,252.5,9556686
2018-07-20,252.7,254.0,251.0,253.4,6422014
2018-07-23,254.95,259.5,251.1,258.75,8891743
2018-07-24,258.75,263.75,257.1,258.8,9906160
2018-07-25,260.0,261.7,256.1,257.85,6721386
2018-07-26,260.1,263.0,257.5,258.25,8817721
2018-07-27,259.1,269.7,258.55,268.15,15275469
2018-07-30,267.75,271.65,266.2,267.5,7801098
2018-07-31,268.95,270.45,262.2,264.1,10026055
2018-08-01,250.0,268.0,250.0,265.05,53282545
2018-08-02,263.45,266.45,258.7,260.85,17421472
2018-08-03,262.15,263.85,257.6,258.45,9044248
2018-08-06,259.95,261.8,252.5,254.05,11371744
2018-08-07,255.2,256.0,250.55,251.6,14490829
2018-08-08,253.5,258.25,251.85,255.15,16125867
2018-08-09,256.65,260.4,255.5,257.85,7777719
2018-08-10,257.25,258.65,249.55,250.1,14606037
2018-08-13,249.25,249.7,243.1,248.7,13877900
2018-08-14,248.6,249.85,247.2,248.8,9171033
2018-08-16,245.8,252.8,245.25,251.3,14148347
2018-08-17,253.7,260.1,253.0,258.25,16117660
2018-08-20,261.85,271.85,259.2,270.1,25576718
2018-08-21,271.85,274.7,266.7,268.8,19505584
2018-08-23,269.2,269.2,256.0,256.9,18667622
2018-08-24,257.0,258.65,255.0,255.5,8703468
2018-08-27,257.0,259.5,256.5,258.8,6127707
2018-08-28,261.7,263.25,259.05,260.0,8506857
2018-08-29,261.05,263.5,261.0,261.7,5117552
2018-08-30,262.3,263.0,259.0,259.35,6333570
2018-08-31,259.1,268.25,258.1,267.5,12360078
2018-09-03,271.4,273.0,265.25,266.6,14597832
2018-09-04,270.5,270.8,260.35,261.95,14775900
2018-09-05,261.0,271.0,255.4,266.5,10084307
2018-09-06,269.7,272.0,263.85,269.95,14736214
2018-09-07,269.55,279.9,269.25,277.4,26189156
2018-09-11,277.25,278.85,265.7,267.3,13444031
2018-09-14,265.0,269.6,263.4,266.6,10710620
2018-09-17,263.35,264.1,259.65,260.25,9461420
2018-09-18,257.75,259.8,250.6,251.5,11554420
2018-09-19,253.55,255.0,251.0,252.6,7845650
2018-09-21,255.05,257.7,228.85,250.35,18547453
2018-09-24,250.2,251.0,239.35,240.2,8889259
2018-09-25,241.0,243.5,235.45,240.8,9030367
2018-09-26,242.3,243.2,229.55,233.35,17810869
2018-09-27,234.8,236.55,223.1,225.25,17430781
2018-09-28,227.9,230.7,219.5,223.7,14196824
2018-10-01,225.0,230.45,220.0,229.35,9743094
2018-10-03,230.0,232.8,225.8,227.6,9094685
2018-10-04,224.0,230.8,221.75,223.25,13898979
2018-10-05,222.75,226.45,214.75,216.25,10471026
2018-10-08,217.8,218.5,208.1,212.35,11854170
2018-10-09,205.7,206.0,170.3,184.35,142760251
2018-10-10,186.0,190.95,185.05,188.75,35670907
2018-10-11,180.65,187.75,178.0,182.95,19323517
2018-10-12,185.95,188.4,182.6,183.75,18014894
2018-10-15,186.5,186.5,182.7,184.35,11658409
2018-10-16,185.2,187.25,184.55,185.85,9695745
2018-10-17,187.6,187.8,179.1,179.95,12004524
2018-10-19,178.95,179.75,174.0,174.7,10469358
2018-10-22,176.4,176.85,170.05,170.75,11721075
2018-10-23,170.0,175.7,169.55,170.65,15588511
2018-10-24,173.9,175.0,169.0,170.65,15421903
2018-10-25,168.95,169.75,164.6,165.35,14877057
2018-10-26,166.0,172.8,165.9,168.5,19584723
2018-10-29,169.95,176.5,167.7,175.35,14171750
2018-10-30,177.0,181.5,176.05,177.25,15602414
2018-10-31,178.3,180.0,173.45,179.1,12579712
2018-11-01,182.0,186.05,178.2,179.45,28947802
2018-11-02,180.95,191.85,180.9,190.3,29425248
2018-11-05,191.3,191.3,186.65,189.8,14818506
2018-11-06,192.45,199.95,191.75,193.25,35339222
2018-11-07,194.95,195.75,193.35,194.85,3932893
2018-11-09,192.9,200.75,192.0,195.25,22341961
2018-11-12,194.45,194.45,185.2,186.05,20789180
2018-11-13,180.75,183.0,178.35,179.5,22189598
2018-11-14,180.5,183.0,176.25,176.8,15795883
2018-11-15,178.0,182.7,177.5,180.2,18740276
2018-11-16,180.9,181.85,177.85,179.9,10022823
2018-11-19,180.6,185.5,179.1,184.6,14522581
2018-11-20,184.05,188.3,183.2,183.75,13114982
2018-11-21,184.4,186.75,183.75,184.15,8097107
2018-11-22,185.5,186.15,181.75,182.55,9135857
2018-11-26,183.9,184.45,177.0,181.75,9865426
2018-11-27,181.7,184.55,178.55,180.05,11639680
2018-11-28,181.0,181.35,174.0,174.45,12504717
2018-11-29,175.95,179.35,173.45,177.25,20892744
2018-11-30,172.0,174.9,170.35,171.95,18393012
2018-12-03,173.25,176.45,170.0,175.45,14068885
2018-12-04,177.95,178.75,175.3,175.75,11481923
2018-12-05,173.0,173.0,168.6,169.2,14960527
2018-12-06,168.5,168.7,161.6,162.65,15428019
2018-12-07,162.25,164.2,160.8,162.4,13545006
2018-12-10,159.9,160.5,156.5,157.1,13520495
2018-12-11,155.0,159.5,154.65,158.1,12094881
2018-12-12,159.5,167.1,158.0,164.1,22461175
2018-12-13,166.0,168.0,165.55,166.85,12235499
2018-12-14,166.0,168.4,164.85,166.95,10091732
2018-12-17,167.25,175.95,167.25,173.95,28526103
2018-12-18,174.0,177.6,173.1,174.75,18015933
2018-12-19,176.5,176.5,172.5,173.9,11540042
2018-12-20,173.0,177.3,171.75,176.4,15819006
2018-12-21,177.0,180.5,175.15,176.25,23742481
2018-12-24,176.25,177.85,171.5,172.5,11374468
2018-12-26,171.45,172.2,167.6,170.9,12044191
2018-12-27,172.75,173.4,167.7,168.25,15231581
2018-12-28,169.4,172.2,169.15,170.85,8669584
2018-12-31,172.45,173.9,171.75,172.7,8511388
2019-01-01,173.5,174.2,171.3,173.45,6715543
2019-01-02,170.6,171.75,168.0,168.55,13410104
2019-01-03,169.0,170.15,165.1,166.05,9321842
2019-01-04,169.0,171.95,168.5,170.95,17650435
2019-01-07,173.2,178.2,173.2,175.35,21438351
2019-01-08,176.1,180.5,176.1,179.95,20128985
2019-01-09,181.5,183.6,180.2,183.05,17468948
2019-01-10,183.65,186.85,183.55,185.75,16961888
2019-01-11,186.55,187.75,179.4,180.3,25902974
2019-01-14,180.3,198.3,177.45,182.4,18935120
2019-01-15,183.3,185.8,181.25,185.35,13536578
2019-01-16,186.0,187.35,184.05,185.45,11874245
2019-01-17,186.0,187.3,183.4,184.9,9365756
2019-01-18,185.65,185.65,181.3,183.3,6797621
2019-01-21,184.3,184.95,180.65,181.5,6918258
2019-01-22,181.5,181.5,175.95,180.85,9775717
2019-01-23,181.7,182.7,178.55,180.25,9778926
2019-01-24,180.0,180.3,173.7,175.4,13461254
2019-01-25,175.95,178.9,171.95,173.25,12136892
2019-01-28,173.3,175.35,169.4,172.3,8167430
2019-01-29,172.35,174.9,170.9,173.6,6141180
2019-01-30,174.3,176.75,173.3,174.6,7757847
2019-01-31,175.8,183.9,175.8,181.2,22277646
2019-02-01,182.0,185.9,179.55,181.65,14931422
2019-02-04,181.0,183.7,178.2,180.25,11854351
2019-02-05,180.7,181.15,174.7,175.8,12064426
2019-02-06,176.0,179.45,171.9,178.5,10334594
2019-02-07,179.0,185.0,178.9,182.85,16152722
2019-02-08,164.6,164.6,129.0,150.7,102256857
2019-02-11,150.15,153.25,145.85,152.65,26161867
2019-02-12,152.95,154.4,150.6,151.8,14174912
2019-02-13,152.95,156.65,151.5,155.0,15340343
2019-02-14,155.95,161.0,153.8,159.85,16348306
2019-02-15,159.8,162.3,153.15,161.65,20705576
2019-02-18,162.8,163.45,159.2,162.9,13503666
2019-02-19,164.0,165.95,161.55,163.75,14533142
2019-02-20,164.45,166.7,163.75,164.8,11610728
2019-02-21,165.6,170.6,165.1,169.7,14811723
2019-02-22,170.0,175.3,167.85,174.3,13011477
2019-02-25,175.15,177.5,173.5,175.75,15554532
2019-02-26,173.0,183.45,172.5,182.65,31859427
2019-02-27,183.55,186.1,176.1,177.35,19723906
2019-02-28,180.0,181.55,176.6,177.45,18692372
2019-03-01,178.65,184.0,177.35,180.3,20539919
2019-03-05,183.8,198.35,181.4,194.05,58138551
2019-03-06,195.4,195.4,187.75,188.8,22468702
2019-03-07,191.4,193.45,187.8,189.3,27051501
2019-03-08,187.8,187.95,180.0,181.2,28012914
2019-03-11,182.0,184.6,181.05,181.85,25669662
2019-03-12,184.4,186.0,183.55,184.8,18657724
2019-03-13,184.45,184.9,180.4,181.7,9769821
2019-03-14,181.5,182.45,177.65,179.55,15737080
2019-03-15,180.2,181.4,177.6,180.0,17490993
2019-03-18,181.0,184.7,179.5,182.25,14690339
2019-03-19,182.0,184.5,180.75,182.85,10318028
2019-03-20,183.0,183.45,179.6,180.2,7543753
2019-03-22,181.95,182.0,174.9,175.4,11505994
2019-03-25,173.7,173.8,170.55,171.3,11864723
2019-03-26,171.9,173.6,171.6,173.1,7820112
2019-03-27,174.0,175.0,169.15,169.85,10047628
2019-03-28,169.0,171.4,167.55,170.55,13203927
2019-03-29,171.15,177.05,171.0,174.25,17780440
2019-04-01,176.35,189.75,176.35,187.35,46389181
2019-04-02,188.05,204.4,185.3,202.95,100834335
2019-04-03,205.0,208.95,199.2,201.35,81779620
2019-04-04,201.85,206.9,201.05,206.15,41268908
2019-04-05,208.0,209.5,202.3,205.15,32057373
2019-04-08,206.0,207.4,198.8,200.55,23877595
2019-04-09,200.0,207.6,198.15,205.9,29611268
2019-04-10,206.0,217.4,205.6,216.05,69349488
2019-04-11,216.6,219.2,213.3,218.2,41859862
2019-04-12,218.95,219.0,215.0,215.95,21788548
2019-04-15,217.15,233.25,217.15,231.75,57283251
2019-04-16,233.8,234.1,225.65,230.5,41653657
2019-04-18,231.9,239.3,230.6,236.25,42451178
2019-04-22,235.0,239.35,231.7,234.85,30282217
2019-04-23,235.0,235.85,230.25,231.65,18975358
2019-04-24,231.65,232.95,217.6,223.6,50317411
2019-04-25,223.4,225.9,220.25,221.85,27132908
2019-04-26,221.9,221.9,214.0,215.6,26038093
2019-04-30,216.2,218.65,210.3,214.3,21289116
2019-05-02,211.0,212.65,206.5,207.3,21986007
2019-05-03,205.0,213.65,203.05,209.45,37153857
2019-05-06,204.0,204.5,198.0,199.8,30117667
2019-05-07,201.7,202.85,189.35,190.95,30516908
2019-05-08,190.0,190.9,183.8,185.1,28443735
2019-05-09,184.3,189.8,182.3,186.35,32841616
2019-05-10,187.0,190.6,184.3,185.9,28910719
2019-05-13,186.2,187.15,179.6,180.75,15373536
2019-05-14,178.25,186.05,177.8,184.5,21412933
2019-05-15,185.55,185.95,167.4,169.45,31427815
2019-05-16,176.0,177.55,172.8,175.4,30308248
2019-05-17,174.95,177.7,170.2,176.85,21575989
2019-05-20,181.45,192.0,179.25,190.15,29873588
2019-05-21,185.25,186.9,174.05,176.8,57822527
2019-05-22,177.6,180.4,174.8,179.1,25845734
2019-05-23,182.85,182.85,173.5,175.15,22912106
2019-05-24,177.0,183.5,175.35,182.3,22494409
2019-05-27,181.75,183.5,179.3,181.35,14774311
2019-05-28,181.35,185.3,179.8,180.25,23272915
2019-05-29,179.85,180.0,175.35,176.35,15222008
2019-05-30,177.5,178.5,173.1,175.15,18078726
2019-05-31,177.8,177.85,170.0,172.6,21488115
2019-06-03,170.5,175.0,168.4,174.5,21288078
2019-06-04,174.25,177.2,172.4,173.25,17428731
2019-06-06,174.05,175.85,168.85,169.7,16874819
2019-06-07,169.9,171.7,167.25,169.5,14465703
2019-06-10,170.9,172.05,163.55,166.2,20209862
2019-06-11,166.85,171.9,165.65,170.75,20363493
2019-06-12,170.9,172.2,168.1,169.05,12819208
2019-06-13,166.9,168.9,164.5,167.4,15144315
2019-06-14,167.5,167.5,163.5,164.2,10920508
2019-06-17,163.75,164.15,158.0,158.75,14381813
2019-06-18,159.0,161.0,156.75,158.3,14003043
2019-06-19,160.0,163.75,152.5,154.65,25257018
2019-06-20,153.45,160.0,152.15,159.25,19247947
2019-06-21,155.0,160.75,154.5,158.9,23304207
2019-06-24,158.7,160.2,156.2,159.3,13185118
2019-06-25,158.0,161.0,156.85,160.45,13368928
2019-06-26,160.1,162.2,158.75,161.1,18481332
2019-06-27,161.85,168.0,161.1,165.85,26612983
2019-06-28,165.2,166.75,161.35,162.55,15092229
2019-07-01,163.7,169.4,163.2,168.0,23990900
2019-07-02,166.8,167.35,161.35,163.75,16903683
2019-07-03,163.75,165.0,161.7,162.3,13606179
2019-07-04,162.5,167.75,162.0,165.2,19512938
2019-07-05,165.15,166.95,159.5,160.2,14374084
2019-07-08,159.35,159.5,153.5,154.55,15149035
2019-07-09,154.0,157.15,152.75,155.8,16112345
2019-07-10,156.25,156.25,149.1,151.65,31737846
2019-07-11,153.0,157.7,150.35,156.8,24099895
2019-07-12,155.9,162.85,154.0,159.3,27307153
2019-07-15,159.0,162.6,157.85,160.95,19924720
2019-07-16,159.8,170.95,159.05,170.0,39025331
2019-07-17,170.0,172.35,166.3,167.9,25236730
2019-07-18,167.25,167.25,160.0,160.75,19055022
2019-07-19,161.45,162.4,153.85,154.85,18954216
2019-07-22,155.45,159.3,155.25,156.75,15995349
2019-07-23,157.4,159.0,154.8,156.2,12942555
2019-07-24,156.35,157.55,150.5,151.25,16292964
2019-07-25,151.3,152.5,143.75,144.3,34364032
2019-07-26,138.1,150.15,138.1,147.15,83905651
2019-07-29,146.9,146.9,136.85,137.55,38844222
2019-07-30,138.0,139.7,132.6,133.45,35725524
2019-07-31,133.5,136.4,132.5,135.6,27024859
2019-08-01,135.5,136.3,127.55,129.55,38991424
2019-08-02,128.5,133.2,127.0,130.7,44016138
2019-08-05,128.0,128.2,122.3,123.75,35452262
2019-08-06,123.05,126.55,121.75,122.5,34790369
2019-08-07,122.6,123.85,116.5,117.4,37287779
2019-08-08,118.0,125.0,116.9,124.05,35876237
2019-08-09,124.5,126.5,120.7,122.05,39245417
2019-08-13,123.8,126.3,121.0,121.95,35498118
2019-08-14,122.7,123.8,118.6,120.9,30136178
2019-08-16,119.9,122.45,117.35,121.35,35264621
2019-08-19,121.2,122.6,120.0,120.8,23194786
2019-08-20,120.0,124.8,119.0,123.85,34809225
2019-08-21,123.0,123.0,109.5,112.4,83509593
2019-08-22,112.0,114.0,106.2,107.7,58612708
2019-08-23,108.9,111.6,107.65,111.05,41178606
2019-08-26,114.55,115.4,106.8,110.55,47757623
2019-08-27,112.7,121.4,111.8,120.35,70636441
2019-08-28,120.55,124.0,114.8,116.35,74245952
2019-08-29,116.5,118.5,112.1,114.3,48098849
2019-08-30,115.6,117.3,112.0,116.7,42250518
2019-09-03,113.05,115.35,111.2,112.65,36905736
2019-09-04,112.0,113.0,106.0,109.5,76317447
2019-09-05,109.75,119.35,109.5,118.05,75789807
2019-09-06,118.35,122.3,116.55,121.25,67761586
2019-09-09,119.0,122.6,117.35,121.9,51297512
2019-09-11,127.0,135.0,125.3,134.35,96568372
2019-09-12,134.6,135.35,126.7,127.95,72084195
2019-09-13,129.2,130.95,125.5,129.55,69088728
2019-09-16,128.0,130.3,126.5,128.6,40951047
2019-09-17,129.0,130.5,121.35,122.0,47652658
2019-09-18,123.05,125.9,120.5,121.75,53048836
2019-09-19,123.5,125.35,121.2,124.2,51011848
2019-09-20,125.0,137.75,122.6,133.25,89223235
2019-09-23,135.0,138.4,126.5,127.9,51032391
2019-09-24,128.05,132.2,128.0,130.9,41659100
2019-09-25,129.9,129.9,121.5,123.05,47567575
2019-09-26,123.9,127.25,122.8,124.5,45866398
2019-09-27,122.0,122.45,118.2,119.9,45875793
2019-09-30,120.65,120.85,116.4,117.45,32158885
2019-10-01,118.0,119.85,113.0,115.3,40232789
2019-10-03,112.65,123.5,112.65,122.4,65103359
2019-10-04,122.8,123.8,118.8,119.65,35712218
2019-10-07,120.25,120.55,116.35,117.5,35471184
2019-10-09,118.5,121.7,115.45,120.9,44666296
2019-10-10,119.3,119.7,116.2,116.8,31229192
2019-10-11,118.05,122.2,117.25,121.3,41027561
2019-10-14,122.6,130.0,122.5,127.85,68048611
2019-10-15,127.1,128.9,123.7,126.95,57548920
2019-10-16,127.3,128.3,124.5,125.85,31522518
2019-10-17,127.1,144.35,125.1,139.5,67933615
2019-10-18,139.0,141.8,135.6,136.85,64884113
2019-10-22,133.35,135.6,129.8,131.75,53532482
2019-10-23,130.45,133.8,127.25,132.65,50293574
2019-10-24,133.0,135.15,130.5,133.5,41951668
2019-10-25,132.0,133.0,125.7,126.85,42868958
2019-10-29,151.9,175.5,151.2,172.45,184435614
2019-10-30,175.0,175.65,166.55,171.9,90759545
2019-10-31,169.8,179.65,168.95,177.7,81392641
2019-11-01,175.2,178.0,172.4,175.05,40613555
2019-11-04,171.6,178.45,170.85,172.2,40641411
2019-11-05,173.25,175.75,169.95,172.0,36268596
2019-11-06,172.0,176.35,170.5,174.5,28923778
2019-11-07,174.7,174.7,167.6,171.5,38625387
2019-11-08,170.75,178.9,167.8,169.05,39102947
2019-11-11,169.2,172.95,169.05,172.0,22192924
2019-11-13,171.5,176.0,169.4,170.6,33926248
2019-11-14,170.2,170.3,165.5,167.05,25433481
2019-11-15,169.0,173.4,167.35,168.55,29614682
2019-11-18,172.1,172.1,169.25,170.1,19053232
2019-11-19,170.8,171.75,167.1,167.75,19599195
2019-11-20,167.75,170.2,166.2,167.4,19504078
2019-11-21,166.95,170.1,163.0,164.15,21609120
2019-11-22,164.9,165.25,160.55,162.35,21200979
2019-11-25,160.7,166.6,159.9,166.1,26131453
2019-11-26,166.65,167.3,162.55,163.4,25520822
2019-11-27,165.3,169.3,165.0,165.9,29527702
2019-11-28,165.75,166.3,163.55,164.8,16609775
2019-11-29,164.8,167.75,160.6,161.5,20010205
2019-12-02,160.95,163.0,158.95,161.05,19441998
2019-12-03,162.95,162.95,157.4,158.2,21156471
2019-12-04,158.5,170.35,157.7,169.4,72084687
2019-12-05,170.35,172.2,165.2,166.1,31787128
2019-12-06,167.0,168.0,160.05,161.5,27727162
2019-12-09,162.0,166.45,159.75,160.5,30920409
2019-12-10,162.15,163.25,159.05,159.7,26259395
2019-12-11,160.4,163.0,157.4,161.8,21154277
2019-12-12,163.45,174.9,162.5,173.35,66138915
2019-12-13,177.25,183.95,175.5,176.7,93019636
2019-12-16,177.0,178.8,173.35,174.95,26249975
2019-12-17,176.0,181.15,175.35,180.2,38213263
2019-12-18,182.1,184.5,170.45,174.8,63861334
2019-12-19,174.65,180.2,174.0,179.15,53466924
2019-12-20,180.4,181.7,174.85,175.95,48818008
2019-12-23,176.85,179.0,174.15,176.05,27192195
2019-12-24,177.65,178.0,174.65,175.5,20560311
2019-12-26,175.9,176.45,174.1,174.6,18785333
2019-12-27,176.0,176.95,174.85,176.15,12095797
2019-12-30,177.2,184.35,176.3,183.7,40948394
2019-12-31,184.0,187.9,181.55,185.15,52869996
2020-01-01,185.15,186.7,183.6,184.45,25968357
2020-01-02,185.0,194.7,184.6,193.75,57289863
2020-01-03,192.9,195.65,189.25,191.1,47572728
2020-01-06,191.0,191.0,185.05,185.65,28621212
2020-01-07,187.0,189.4,182.3,184.7,34995035
2020-01-08,180.2,184.2,180.2,182.55,21862695
2020-01-09,184.85,192.75,184.25,192.0,40803142
2020-01-10,192.0,199.0,190.0,196.35,60252338
2020-01-13,194.75,197.75,191.4,196.25,40535961
2020-01-14,195.7,198.25,193.6,195.85,29867542
2020-01-15,195.0,201.7,194.0,200.35,38485962
2020-01-16,199.5,200.6,196.9,197.55,28118140
2020-01-17,197.25,199.45,195.7,197.3,18204088
2020-01-20,198.0,201.45,194.3,195.0,28976013
2020-01-21,195.5,196.4,190.2,191.4,20859400
2020-01-22,191.95,192.5,184.25,185.6,32952072
2020-01-23,186.75,190.4,183.8,188.4,33032086
2020-01-24,188.0,191.0,185.0,186.5,21791825
2020-01-27,185.7,186.9,180.85,182.2,30132428
2020-01-28,183.9,184.3,174.9,176.1,38283588
2020-01-29,178.8,188.9,178.55,188.05,61585660
2020-01-30,190.95,192.55,184.25,186.2,70900581
2020-01-31,186.3,188.35,175.95,176.6,75621897
2020-02-03,163.5,168.3,159.55,163.85,66616190
2020-02-04,166.55,168.6,161.2,165.7,49034642
2020-02-05,167.4,184.95,166.6,183.75,92982265
2020-02-06,182.0,183.4,175.75,178.85,61821140
2020-02-07,177.4,178.15,173.0,173.6,45195760
2020-02-10,173.2,173.2,168.0,168.9,33279372
2020-02-11,171.85,175.15,168.4,169.75,42868276
2020-02-12,173.0,173.3,169.0,170.95,34621395
2020-02-13,171.35,172.35,168.1,169.5,25049848
2020-02-14,172.0,176.2,168.3,169.1,56676430
2020-02-17,170.4,171.35,166.35,169.1,32893274
2020-02-18,168.0,168.0,158.6,161.6,52744122
2020-02-19,162.85,164.6,153.05,158.05,78914233
2020-02-20,157.95,162.3,156.0,158.5,54328194
2020-02-24,154.0,155.9,149.6,150.65,39706007
2020-02-25,152.2,153.4,147.45,149.9,52719851
2020-02-26,146.9,147.9,143.7,144.55,47605927
2020-02-27,144.15,146.75,141.1,145.25,51328153
2020-02-28,138.85,139.6,127.05,128.95,94469619
2020-03-02,133.0,133.9,123.8,125.4,111585697
2020-03-03,127.5,131.4,125.25,130.35,86765576
2020-03-04,129.6,129.6,120.55,126.2,97546902
2020-03-05,127.55,129.15,124.25,125.75,87795649
2020-03-06,115.0,117.3,112.8,114.2,83971462
2020-03-09,109.0,109.85,104.25,105.7,81550460
2020-03-11,104.85,106.5,97.8,98.9,111148611
2020-03-12,91.1,94.9,84.1,88.0,143551005
2020-03-13,81.9,94.15,78.05,89.75,106153102
2020-03-16,85.6,87.65,82.2,82.95,73707690
2020-03-17,83.05,85.0,77.4,77.95,71849223
2020-03-18,79.9,80.45,75.1,75.5,70134169
2020-03-19,70.0,76.5,68.75,72.95,68124538
2020-03-20,74.0,79.6,72.65,77.3,86044637
2020-03-23,70.0,72.0,66.0,66.2,34184331
2020-03-24,69.9,71.5,63.5,68.55,49553202
2020-03-25,67.75,71.7,67.25,70.25,57716006
2020-03-26,71.45,73.5,68.3,70.8,63822905
2020-03-27,72.05,75.9,69.35,70.7,58824452
2020-03-30,68.8,70.0,67.25,68.15,35278179
2020-03-31,70.6,71.5,68.2,71.05,46166723
2020-04-01,70.5,71.65,67.55,67.95,38167981
2020-04-03,66.9,66.9,64.8,65.3,35346490
2020-04-07,68.55,69.3,66.9,67.25,42070735
2020-04-08,66.5,71.6,65.4,67.6,82182403
2020-04-09,69.6,76.25,69.1,74.6,112680750
2020-04-13,76.0,77.6,72.7,74.25,70414018
2020-04-15,75.4,78.7,71.95,72.9,81126343
2020-04-16,71.75,75.4,71.0,74.65,47910556
2020-04-17,78.3,78.3,74.7,76.85,58336227
2020-04-20,76.85,83.4,75.5,80.45,125427754
2020-04-21,78.0,78.0,74.0,74.65,58249560
2020-04-22,74.45,76.55,72.55,75.9,56529909
2020-04-23,76.75,78.65,75.4,75.65,50372620
2020-04-24,75.0,76.9,74.0,74.2,40054235
2020-04-27,75.9,76.2,74.8,75.25,27835405
2020-04-28,75.65,78.2,75.2,76.95,34825466
2020-04-29,77.45,79.3,76.55,78.15,40785025
2020-04-30,85.95,93.75,85.95,93.25,170645234
2020-05-04,87.0,87.2,81.5,83.9,91167307
2020-05-05,86.0,86.8,80.4,80.9,57123018
2020-05-06,81.55,83.95,80.35,83.2,53739428
2020-05-07,82.9,84.65,82.1,82.5,31160671
2020-05-08,84.5,84.95,80.55,81.05,35363226
2020-05-11,81.45,90.65,81.4,86.1,152592033
2020-05-12,85.95,87.7,83.5,86.2,77552355
2020-05-13,92.5,92.5,86.25,87.2,68086246
2020-05-14,83.95,85.3,82.55,83.8,46341703
2020-05-15,84.7,85.35,82.8,84.35,38594210
2020-05-18,84.5,84.5,79.6,80.65,44221575
2020-05-19,82.5,85.65,81.5,81.8,65379359
2020-05-20,81.25,84.4,80.7,83.45,36351616
2020-05-21,83.1,85.2,82.9,84.1,37290910
2020-05-22,83.4,83.9,82.0,82.8,29252936
2020-05-26,83.9,85.7,82.6,83.1,38018351
2020-05-27,84.1,86.0,84.0,84.55,57958863
2020-05-28,86.0,88.15,84.55,87.0,96183461
2020-05-29,85.55,87.5,84.65,87.0,80819025
2020-06-01,88.9,91.2,88.0,89.55,71081216
2020-06-02,90.0,97.3,89.75,96.5,125410755
2020-06-03,100.0,101.45,97.4,98.75,90600115
2020-06-04,99.0,101.4,96.8,98.5,72080989
2020-06-05,100.45,112.45,99.05,110.75,187212583
2020-06-08,114.0,119.15,113.35,115.45,136948454
2020-06-09,117.45,117.9,110.25,111.45,79474755
2020-06-10,111.0,113.0,108.5,111.4,84038803
2020-06-11,109.9,111.15,105.0,106.15,55488921
2020-06-12,98.0,106.25,98.0,105.3,92997378
2020-06-15,104.65,104.65,100.05,100.5,69320247
2020-06-16,102.0,103.5,92.0,94.75,215478234
2020-06-17,93.0,96.4,91.8,95.4,110831825
2020-06-18,95.0,97.2,94.15,96.35,58964763
2020-06-19,96.5,103.9,95.6,102.5,135463691
2020-06-22,102.35,104.9,101.0,102.65,68549914
2020-06-23,103.0,106.0,101.9,104.4,68638635
2020-06-24,105.25,110.8,104.2,104.8,125462474
2020-06-25,103.85,106.3,101.65,103.8,63198650
2020-06-26,105.4,106.05,100.35,101.4,56328105
2020-06-29,101.4,101.4,98.05,99.45,43275076
2020-06-30,101.75,102.3,97.3,98.25,50767147
2020-07-01,99.0,101.45,98.2,100.75,50868246
2020-07-02,100.75,102.95,100.4,101.55,48086112
2020-07-03,102.85,106.35,102.1,103.45,87312581
2020-07-06,105.0,109.9,104.5,109.0,91971938
2020-07-07,109.8,112.6,108.05,109.05,85842146
2020-07-08,109.5,110.85,104.2,105.35,55890628
2020-07-09,106.3,108.95,104.65,106.95,54492889
2020-07-10,106.7,108.6,105.4,107.6,64694703
2020-07-14,106.9,107.55,104.1,105.15,46926242
2020-07-15,106.8,106.8,102.5,103.2,49688858
2020-07-16,103.95,103.95,100.6,102.95,44334635
2020-07-17,103.65,106.95,103.3,106.4,42080407
2020-07-20,106.35,106.35,103.85,105.05,39787958
2020-07-21,106.0,109.7,105.5,108.45,66009182
2020-07-22,108.5,109.75,104.25,105.15,50740709
2020-07-23,105.45,106.45,104.7,106.05,30722468
2020-07-24,104.7,105.5,102.7,103.75,39366097
2020-07-27,104.0,104.5,101.3,101.7,29646442
2020-07-28,102.3,107.2,102.0,106.45,64271556
2020-07-29,108.1,108.75,104.85,105.75,44561874
2020-07-30,106.4,106.75,102.85,103.65,33382883
2020-07-31,104.0,105.4,102.3,104.65,33809020
2020-08-03,103.0,114.4,102.9,113.05,194765847
2020-08-04,112.95,115.1,110.8,111.45,95906991
2020-08-05,112.4,117.65,112.0,115.4,99372353
2020-08-06,116.2,117.7,115.5,116.8,60093689
2020-08-07,117.0,119.7,116.0,119.1,56489837
2020-08-10,119.95,124.7,119.7,123.85,71095910
2020-08-11,125.0,125.8,121.4,122.3,50225180
2020-08-12,121.0,126.4,120.6,125.35,50715485
2020-08-13,126.1,131.9,124.4,131.15,95490351
2020-08-14,131.15,132.65,123.7,124.6,75034602
2020-08-17,124.5,126.25,120.6,123.55,61154591
2020-08-18,124.0,127.5,123.6,125.6,62154483
2020-08-19,127.0,127.6,124.75,125.15,45133950
2020-08-20,123.45,125.65,121.1,121.7,43533457
2020-08-21,124.2,124.2,120.15,120.9,48650670
2020-08-24,122.0,123.0,120.8,121.2,31296668
2020-08-25,121.8,128.35,121.1,127.1,90267008
2020-08-26,130.5,139.0,128.35,137.9,197516356
2020-08-27,140.1,146.85,139.3,144.25,181382530
2020-08-28,144.15,146.2,140.5,142.8,95196419
2020-08-31,144.5,147.95,138.2,143.2,160564520
2020-09-01,143.4,145.15,140.4,143.8,58811608
2020-09-02,144.3,151.65,141.45,150.3,74951550
2020-09-03,151.6,155.2,149.55,151.85,110156875
2020-09-04,147.9,153.65,147.0,147.8,95565047
2020-09-07,150.0,152.0,148.0,149.4,82619417
2020-09-08,149.45,149.6,141.2,142.3,76297951
2020-09-09,141.0,141.75,135.7,140.1,105358206
2020-09-10,142.8,144.5,138.0,143.3,79606710
2020-09-11,143.1,146.8,141.65,144.3,65137801
2020-09-14,147.2,151.1,145.5,148.55,84506253
2020-09-15,149.4,149.4,146.55,148.4,42887987
2020-09-16,149.2,154.3,148.55,151.45,85057870
2020-09-17,150.8,151.0,146.2,147.65,48119523
2020-09-18,148.7,150.5,146.25,147.9,46271652
2020-09-21,147.75,147.75,135.5,137.45,64735434
2020-09-22,138.0,138.15,129.65,133.1,87298376
2020-09-23,135.5,136.7,127.9,131.4,74983029
2020-09-24,127.9,128.8,122.15,122.8,62423543
2020-09-25,123.7,128.35,123.1,127.25,65042619
2020-09-28,128.9,134.3,127.5,132.85,61830960
2020-09-29,134.95,136.0,130.7,131.7,63367335
2020-09-30,131.55,134.4,130.3,133.3,48859151
2020-10-01,135.9,136.5,132.55,133.5,40491787
2020-10-05,136.95,137.5,132.05,133.9,55268395
2020-10-06,138.0,145.8,136.0,144.75,162047240
2020-10-07,144.25,144.5,139.8,141.0,68274103
2020-10-08,142.85,143.5,139.6,140.95,40943141
2020-10-09,141.15,142.65,138.0,138.45,37097517
2020-10-12,139.65,139.65,133.0,135.9,39279464
2020-10-13,135.4,137.1,132.85,134.1,38973857
2020-10-14,133.75,134.65,128.8,130.7,45792723
2020-10-15,131.5,134.35,126.5,126.95,64004610
2020-10-16,129.4,130.05,126.0,127.75,62554211
2020-10-19,129.8,130.4,127.8,128.25,33161414
2020-10-20,128.1,130.3,126.35,129.65,27470025
2020-10-21,131.05,133.1,128.3,130.25,39252680
2020-10-22,129.7,134.6,128.45,133.5,48808808
2020-10-23,134.9,138.9,134.1,137.0,68712845
2020-10-26,138.4,140.8,131.25,133.7,88533181
2020-10-27,134.15,136.75,130.85,135.65,56861313
2020-10-28,139.0,143.25,133.5,134.8,152361862
2020-10-29,132.0,133.0,130.0,131.9,66634175
2020-10-30,133.2,134.5,130.3,132.65,51128679
2020-11-02,133.65,134.0,131.1,132.85,40388690
2020-11-03,135.0,137.4,133.55,134.1,52071476
2020-11-04,135.6,137.0,134.0,135.9,44675934
2020-11-05,137.0,138.0,136.0,137.65,38928602
2020-11-06,137.65,142.3,137.65,139.0,67966815
2020-11-09,140.6,141.5,138.7,141.0,40277460
2020-11-10,144.05,146.7,142.75,146.0,68794369
2020-11-11,146.5,151.5,145.65,150.95,78583629
2020-11-12,150.95,153.85,150.0,151.2,56145517
2020-11-13,150.0,150.0,145.35,146.35,32566537
2020-11-17,152.5,159.35,152.2,158.0,82644841
2020-11-18,158.85,178.8,158.55,173.5,171801183
2020-11-19,171.4,176.35,166.55,167.95,109449407
2020-11-20,170.05,171.55,165.55,169.1,66935703
2020-11-23,169.5,173.9,165.55,170.7,54566251
2020-11-24,171.85,175.5,171.1,172.05,47695247
2020-11-25,175.0,176.8,169.25,171.45,54366608
2020-11-26,171.6,175.0,171.05,173.75,39094724
2020-11-27,174.65,183.85,174.65,180.35,125926062
2020-12-01,182.35,182.4,178.1,179.75,48881250
2020-12-02,184.0,187.35,181.1,183.6,88107889
2020-12-03,185.0,186.0,183.25,184.85,33332481
2020-12-04,186.5,188.8,182.2,184.15,47995639
2020-12-07,184.45,186.45,182.7,183.55,29802472
2020-12-08,184.95,185.7,178.95,181.8,42143391
2020-12-09,183.0,186.4,181.65,182.7,40300535
2020-12-10,182.7,182.7,176.4,177.6,38368777
2020-12-11,177.95,181.45,176.5,178.85,43065542
2020-12-14,181.0,181.5,176.7,177.65,33186273
2020-12-15,176.45,179.7,173.25,178.9,41190341
2020-12-16,181.0,183.8,180.1,182.55,51259394
2020-12-17,184.0,184.0,180.65,181.7,34101954
2020-12-18,180.9,181.5,176.65,180.55,46065197
2020-12-21,176.0,177.55,162.5,164.55,75582907
2020-12-22,164.55,169.2,156.7,164.95,110009846
2020-12-23,165.0,169.7,163.4,169.2,56930071
2020-12-24,172.0,178.0,172.0,175.95,73831319
2020-12-28,179.85,187.4,179.0,186.35,98012135
2020-12-29,187.9,188.45,181.1,183.45,71318085
2020-12-30,183.1,185.4,180.4,184.15,38576159
2020-12-31,184.85,187.5,182.8,183.85,48978310
2021-01-01,184.95,187.0,184.5,186.5,27334421
2021-01-04,191.8,193.0,188.75,191.3,63980597
2021-01-05,187.1,193.9,185.05,193.2,75752593
2021-01-06,194.45,197.6,190.65,195.4,75621947
2021-01-07,197.0,200.35,195.1,196.75,66024848
2021-01-08,198.75,201.5,197.1,198.15,53991568
2021-01-11,199.9,225.4,199.65,220.65,182483100
2021-01-12,227.0,252.4,224.1,237.8,390577839
2021-01-13,242.9,248.8,238.4,242.6,164649387
2021-01-14,242.85,249.8,238.6,245.1,86819519
2021-01-15,246.0,264.65,242.6,260.3,250038029
2021-01-18,261.65,262.45,241.15,245.95,173383224
2021-01-19,251.5,261.7,251.3,258.65,136861059
2021-01-20,260.0,277.5,258.85,274.9,205145151
2021-01-21,281.0,299.0,280.0,290.6,283614463
2021-01-22,295.95,306.9,278.35,289.35,316008609
2021-01-25,296.9,299.5,277.35,279.15,164346913
2021-01-27,274.9,275.0,265.7,267.5,126586833
2021-01-28,260.05,273.4,259.05,266.8,129156876
2021-01-29,273.0,278.8,260.6,262.7,138442348
2021-02-01,269.75,282.0,255.35,279.6,165655500
2021-02-02,293.6,328.85,290.4,322.0,251965965
2021-02-03,339.2,341.9,326.2,331.0,224190114
2021-02-04,329.0,334.5,322.45,326.15,121033002
2021-02-05,327.6,330.0,312.6,315.9,103512235
2021-02-08,318.75,339.25,318.0,335.95,102123614
2021-02-09,337.0,338.5,322.2,325.05,105981081
2021-02-10,326.0,332.65,319.5,328.9,93466949
2021-02-11,326.45,331.35,323.4,325.0,55257166
2021-02-12,326.4,330.5,321.25,325.4,64093642
2021-02-15,329.9,335.8,324.0,333.35,78680452
2021-02-16,335.45,337.9,327.5,329.2,65943843
2021-02-17,326.9,334.25,325.45,330.15,52150941
2021-02-18,331.5,331.75,321.1,323.85,49204247
2021-02-19,321.95,321.95,301.4,311.85,80274683
2021-02-22,312.45,313.9,302.15,304.5,57723298
2021-02-23,308.5,328.9,308.5,324.0,133310157
2021-02-24,325.0,330.0,316.5,321.65,50821757
2021-02-25,325.35,334.7,323.25,333.15,64514912
2021-02-26,323.0,332.95,318.85,322.95,91901339
2021-03-01,330.0,331.85,322.7,328.3,61190868
2021-03-02,331.1,347.2,326.45,345.75,127708761
2021-03-03,348.65,357.0,346.5,348.5,92006451
2021-03-04,339.0,345.4,337.3,339.2,59863169
2021-03-05,333.0,337.85,319.7,325.15,86738909
2021-03-08,331.75,331.75,318.8,321.25,81925952
2021-03-09,325.0,328.35,309.6,315.2,74702208
2021-03-10,319.5,324.45,316.7,321.45,58643853
2021-03-12,325.05,326.5,314.15,317.55,48360842
2021-03-15,320.0,320.4,310.05,318.55,45083228
2021-03-16,321.0,321.9,315.1,319.95,39267404
2021-03-17,318.6,320.0,304.0,305.8,47262481
2021-03-18,311.0,316.6,299.75,307.0,73731921
2021-03-19,303.5,311.0,290.2,308.95,109932681
2021-03-22,306.45,307.5,300.1,303.05,56385019
2021-03-23,305.0,312.25,304.0,307.4,60240483
2021-03-24,303.55,305.0,293.2,294.45,61523819
2021-03-25,294.0,294.0,282.25,285.55,84528317
2021-03-26,290.5,301.4,290.5,296.4,80924011
2021-03-30,300.5,301.3,292.7,297.05,45257627
2021-03-31,299.0,307.5,297.5,301.8,58569012
2021-04-01,306.75,309.85,303.05,307.75,44088352
2021-04-05,306.8,311.7,297.2,305.05,66178755
2021-04-06,306.15,313.8,304.8,307.75,63031783
2021-04-07,306.75,310.65,305.1,307.8,39073986
2021-04-08,307.9,319.8,307.5,313.95,62459774
2021-04-09,313.2,325.0,312.5,318.2,75462572
2021-04-12,307.85,307.85,282.9,286.55,105342538
2021-04-13,287.25,304.55,280.55,302.85,116874853
2021-04-15,303.0,307.55,296.5,303.5,75262749
2021-04-16,302.0,315.0,300.15,310.0,75330709
2021-04-19,295.0,304.5,292.8,301.4,65791784
2021-04-20,307.7,308.15,294.2,298.05,56740291
2021-04-22,294.0,302.5,292.2,294.55,61022978
2021-04-23,291.0,300.0,290.5,294.0,58158986
2021-04-26,297.0,299.0,294.6,295.4,30583139
2021-04-27,295.7,302.5,295.1,301.5,35040532
2021-04-28,303.5,309.5,303.0,305.9,44668126
2021-04-29,308.9,310.0,301.25,301.9,36647292
2021-04-30,298.2,301.3,292.55,293.85,36121668
2021-05-03,289.3,294.75,285.0,293.0,35376618
2021-05-04,296.35,299.75,288.05,289.45,38640006
2021-05-05,293.5,293.9,288.5,291.5,29350536
2021-05-06,291.5,302.0,290.3,301.25,45032502
2021-05-07,303.0,305.95,300.5,302.75,41591323
2021-05-10,304.5,315.7,304.0,314.85,53260388
2021-05-11,309.55,320.75,308.1,315.55,58472304
2021-05-12,318.25,334.75,316.25,326.0,111584920
2021-05-14,329.35,329.5,310.0,312.25,81305325
2021-05-17,315.4,323.85,311.4,321.1,51162423
2021-05-18,325.95,336.65,324.0,332.45,86153088
2021-05-19,313.0,322.95,312.1,314.45,119407026
2021-05-20,316.0,316.6,306.1,307.7,54043899
2021-05-21,312.0,315.7,309.5,313.1,40358753
2021-05-24,314.75,315.8,310.2,311.85,31963997
2021-05-25,315.55,319.0,313.85,315.25,37382263
2021-05-26,316.1,320.0,314.8,315.5,28639717
2021-05-27,317.05,323.45,316.55,318.6,49484106
2021-05-28,322.65,324.5,316.5,318.75,26618815
2021-05-31,318.7,319.75,312.1,318.75,30917309
2021-06-01,319.2,325.7,317.3,318.1,32595728
2021-06-02,315.95,324.4,315.6,323.0,26323777
2021-06-03,325.3,327.7,323.65,325.65,21408371
2021-06-04,325.15,336.9,324.25,334.95,41278749
2021-06-07,339.75,351.0,339.75,345.5,64986814
2021-06-08,346.25,356.65,337.5,352.75,44104954
2021-06-09,356.2,358.9,339.75,343.35,59334814
2021-06-10,345.2,347.85,342.4,344.75,24351860
2021-06-11,346.0,352.9,344.35,350.75,36441967
2021-06-14,350.05,357.9,341.1,355.95,38482142
2021-06-15,355.75,360.75,351.5,352.7,35526159
2021-06-16,350.1,356.0,348.1,349.35,27550588
2021-06-17,348.4,352.9,342.25,345.65,29236974
2021-06-18,345.65,346.9,329.0,337.4,49440514
2021-06-21,330.9,335.8,326.2,334.3,29123887
2021-06-22,337.1,344.3,336.15,337.9,26708459
2021-06-23,341.0,343.25,334.3,335.25,25741628
2021-06-24,335.0,337.4,333.35,334.65,15580223
2021-06-28,340.8,345.0,337.55,342.8,17843975
2021-06-29,342.65,346.5,339.6,341.55,22462297
2021-06-30,342.0,345.35,338.85,339.6,18277841
2021-07-01,341.5,347.4,341.2,344.25,27944816
2021-07-02,345.3,345.55,340.5,344.9,18304387
2021-07-05,347.05,350.1,344.0,346.1,18399524
2021-07-06,348.0,358.2,311.5,316.9,164083830
2021-07-07,316.0,319.1,306.25,317.1,112183313
2021-07-08,314.8,314.8,305.0,306.35,87360324
2021-07-09,305.8,308.85,301.85,306.3,48807214
2021-07-12,310.8,312.0,306.1,307.45,32282319
2021-07-13,310.0,312.25,308.15,310.95,25736308
2021-07-14,310.0,313.3,308.65,309.55,21863250
2021-07-15,310.5,312.85,307.6,310.25,23617599
2021-07-16,311.1,315.45,310.5,311.25,25148606
2021-07-19,308.95,310.3,306.0,308.85,21346348
2021-07-20,307.0,308.0,301.05,302.15,27672567
2021-07-22,305.5,307.45,301.05,302.55,21338361
2021-07-23,300.5,301.9,295.0,295.55,33435130
2021-07-26,295.0,297.0,291.0,293.15,27502360
2021-07-27,293.0,297.65,288.6,291.4,55132877
2021-07-28,290.0,290.9,283.6,284.45,36139725
2021-07-29,287.55,295.4,287.55,292.9,57733359
2021-07-30,294.0,300.0,293.25,293.95,30589609
2021-08-02,299.15,299.4,295.6,296.85,19273390
2021-08-03,298.5,304.5,297.7,303.7,31063992
2021-08-04,304.75,306.45,297.2,298.15,26186248
2021-08-05,295.5,300.9,292.75,299.7,20704901
2021-08-06,300.05,303.4,297.65,300.05,16001898
2021-08-09,300.75,304.2,296.05,298.1,16985859
2021-08-10,297.9,300.2,291.0,294.2,15173990
2021-08-11,295.3,297.8,286.45,295.45,20802022
2021-08-12,297.3,307.4,297.3,306.0,33652880
2021-08-13,308.8,311.5,303.05,307.25,34922863
2021-08-16,305.95,307.85,303.05,303.7,14348786
2021-08-17,302.8,302.8,292.8,297.7,25539214
2021-08-18,296.9,297.75,292.6,293.35,18004320
2021-08-20,289.5,290.7,281.0,283.1,32578752
2021-08-23,287.2,288.3,275.0,276.95,24498294
2021-08-24,278.5,281.5,268.45,279.8,37589121
2021-08-25,282.8,289.2,282.45,284.4,31538128
2021-08-26,284.85,287.35,281.65,284.3,17864053
2021-08-27,282.9,286.8,281.7,285.75,13477390
2021-08-30,290.1,293.5,289.9,291.95,17217097
2021-08-31,291.75,291.95,286.1,287.3,36951003
2021-09-01,289.0,297.4,287.3,295.25,33103168
2021-09-02,295.25,296.3,291.7,293.15,14907001
2021-09-03,292.5,296.45,292.0,295.55,16594135
2021-09-06,297.5,298.95,296.0,297.45,16622865
2021-09-07,297.35,297.8,290.9,294.6,14325904
2021-09-08,293.5,298.8,291.6,295.25,14920479
2021-09-09,294.0,303.5,293.55,298.95,34020970
2021-09-13,299.0,302.0,295.5,301.2,16339860
2021-09-14,302.25,307.2,302.2,306.1,23234649
2021-09-15,306.1,313.0,306.1,311.95,26808872
2021-09-16,313.4,315.0,307.65,311.65,26249369
2021-09-17,312.0,315.35,306.0,308.6,24972069
2021-09-20,304.9,310.25,297.3,298.95,19632688
2021-09-21,298.6,302.7,293.1,301.95,19439330
2021-09-22,303.15,313.8,303.0,310.1,29545253
2021-09-23,313.2,324.0,313.2,321.5,52701665
2021-09-24,325.1,326.95,316.05,317.95,28901243
2021-09-27,323.15,333.6,323.15,331.65,56305136
2021-09-29,325.0,333.0,324.0,330.25,19740150
2021-09-30,331.25,337.9,329.1,333.35,30268517
2021-10-01,332.65,337.3,325.7,333.3,29877695
2021-10-04,336.8,343.25,335.15,342.0,29553072
2021-10-05,340.45,351.5,338.85,344.95,31861985
2021-10-06,347.0,348.7,335.0,336.05,25272592
2021-10-07,341.1,383.0,339.25,376.5,163238084
2021-10-08,385.9,397.55,380.0,382.95,93728117
2021-10-12,423.0,435.7,413.6,420.85,97349265
2021-10-14,530.0,530.0,492.0,497.6,103630901
2021-10-18,507.0,525.0,503.6,509.6,72322623
2021-10-21,491.75,510.4,485.75,508.0,52608672
2021-10-25,493.9,496.0,473.25,479.9,33107841
2021-10-26,483.5,510.0,483.25,508.65,58027770
2021-10-27,505.75,506.55,496.0,497.9,30361263
2021-10-28,493.9,493.9,478.55,481.05,25182748
2021-10-29,482.0,491.6,467.7,483.7,31054342
2021-11-03,483.8,495.0,481.6,484.9,22950198
2021-11-04,489.8,493.55,488.0,489.7,5531940
2021-11-08,493.9,504.85,490.25,501.4,31736426
2021-11-09,505.0,520.65,503.5,509.65,50458762
2021-11-10,506.25,515.95,500.2,510.75,26615777
2021-11-11,510.0,519.0,501.0,503.45,29256213
2021-11-12,506.95,509.55,497.35,507.05,20731808
2021-11-15,506.25,514.9,504.5,505.45,18014977
2021-11-16,506.9,526.85,506.2,519.05,55897781
2021-11-17,520.25,536.7,520.25,530.15,48463415
2021-11-18,531.45,534.2,501.3,509.7,47197742
2021-11-22,512.25,512.25,478.4,486.1,40044849
2021-11-23,484.4,499.35,477.0,495.5,27553684
2021-11-24,499.0,501.8,485.3,488.65,20915837
2021-11-25,490.8,495.15,486.5,492.75,15336539
2021-11-26,486.0,486.75,458.0,460.2,51787989
2021-11-29,457.0,470.75,443.1,461.45,42819150
2021-11-30,466.55,478.0,455.65,458.6,35471800
2021-12-01,467.85,478.4,463.55,475.25,28256188
2021-12-02,479.4,480.45,471.7,479.1,21012008
2021-12-03,480.0,484.7,477.3,480.1,20948900
2021-12-06,480.1,480.9,466.0,467.2,17473075
2021-12-07,476.85,484.9,471.0,481.8,21280797
2021-12-08,484.5,495.95,483.5,493.9,20581817
2021-12-09,498.0,498.5,489.55,493.95,16951593
2021-12-10,487.75,496.8,486.55,494.45,14567815
2021-12-13,499.45,506.4,494.2,495.35,21921272
2021-12-14,491.95,491.95,483.3,489.4,17722547
2021-12-15,487.8,497.7,487.25,491.65,16263723
2021-12-16,495.0,496.5,487.4,491.95,13581352
2021-12-17,488.0,488.85,468.2,470.2,27341178
2021-12-21,452.1,460.9,449.85,453.6,18838054
2021-12-22,458.15,472.15,458.15,470.5,22730750
2021-12-23,476.0,478.0,470.95,472.35,12116814
2021-12-24,474.9,474.9,460.0,467.6,15487368
2021-12-27,465.7,472.45,460.1,471.15,12557565
2021-12-28,475.2,482.8,472.65,480.2,22860916
2021-12-29,478.75,481.6,474.25,476.0,10263884
2021-12-30,472.55,476.4,468.6,470.4,11923961
2021-12-31,472.7,483.6,471.85,482.4,15541446
2022-01-03,493.5,500.85,492.0,497.6,32748423
2022-01-04,496.8,499.0,484.05,489.6,24100985
2022-01-05,486.95,492.75,483.55,489.75,15420105
2022-01-06,481.5,492.95,477.1,488.85,16563230
2022-01-07,490.05,495.5,483.75,490.6,15532165
2022-01-10,493.1,504.9,491.3,503.7,25193771
2022-01-12,505.85,511.85,503.5,507.25,16255334
2022-01-13,504.0,513.8,494.8,511.95,27572553
2022-01-14,509.0,515.4,505.65,509.9,12655602
2022-01-17,514.8,526.9,512.0,525.0,27942414
2022-01-18,527.9,528.5,507.15,510.8,19353195
2022-01-19,510.0,522.2,504.8,520.85,21799071
2022-01-20,519.95,523.2,512.0,515.7,18364451
2022-01-21,510.4,513.85,494.25,501.85,17946821
2022-01-24,499.7,504.3,473.35,478.45,25228959
2022-01-25,473.8,492.5,467.65,490.55,22565698
2022-01-28,500.5,509.35,495.3,497.3,21784640
2022-01-31,505.0,520.0,498.2,517.75,27306578
2022-02-01,508.0,514.75,493.0,504.3,48030231
2022-02-02,508.6,514.45,505.15,506.4,14311040
2022-02-03,509.1,514.3,502.85,504.5,15249245
2022-02-04,503.8,507.8,499.0,500.6,12663199
2022-02-07,502.9,504.35,492.5,494.6,13392910
2022-02-08,498.0,498.5,479.15,492.75,23378623
2022-02-09,496.5,503.7,494.7,501.25,12430730
2022-02-10,506.7,510.5,504.2,507.45,14537945
2022-02-11,503.25,507.0,497.0,498.85,13534899
2022-02-14,487.0,488.5,468.8,471.45,22157389
2022-02-15,476.15,505.5,467.3,504.0,30623088
2022-02-16,504.0,507.9,496.6,498.45,20176993
2022-02-17,505.9,511.5,498.3,499.95,27943077
2022-02-18,498.0,502.65,491.5,493.15,15476803
2022-02-21,490.15,500.4,486.1,494.45,22592161
2022-02-22,480.55,486.3,471.45,478.25,27957544
2022-02-23,481.75,485.4,475.3,477.0,17703998
2022-02-25,444.85,465.7,441.6,459.75,48876182
2022-02-28,445.0,457.35,440.45,454.05,34475468
2022-03-02,452.95,454.25,444.55,447.6,25791134
2022-03-03,458.5,458.5,435.0,437.1,29599672
2022-03-04,431.85,431.85,414.75,417.25,38765185
2022-03-08,390.5,395.45,376.35,391.75,55543383
2022-03-09,394.95,409.25,389.5,405.9,48376222
2022-03-10,427.0,434.95,414.0,419.6,59776817
2022-03-11,413.6,421.15,407.4,418.15,51510243
2022-03-14,418.75,419.0,404.0,411.7,40721277
2022-03-15,409.85,424.2,408.0,413.65,47706136
2022-03-16,427.05,428.55,420.7,424.9,27191170
2022-03-17,432.0,435.7,429.55,433.8,26704541
2022-03-21,435.5,436.3,427.1,427.95,18270995
2022-03-22,428.1,441.45,421.2,440.35,30441493
2022-03-23,443.5,447.0,434.6,435.8,25466395
2022-03-24,430.0,435.4,427.55,433.2,17109723
2022-03-25,437.0,437.0,427.65,432.1,15104414
2022-03-28,432.0,434.95,426.5,432.7,16757901
2022-03-29,436.0,439.35,431.4,433.7,18710736
2022-03-30,438.45,442.5,434.25,435.65,18149488
2022-03-31,436.0,438.3,432.6,433.75,14248045
2022-04-01,434.0,442.25,430.85,441.15,19380324
2022-04-04,444.4,449.5,441.3,446.75,18657201
2022-04-05,450.0,461.9,448.3,458.05,28530470
2022-04-06,455.9,462.7,452.6,456.15,24974477
2022-04-07,456.5,459.1,448.5,449.5,19950241
2022-04-08,450.0,456.25,449.7,452.05,16315704
2022-04-11,457.0,458.9,451.0,452.05,14339854
2022-04-12,450.8,450.8,435.0,438.3,22698696
2022-04-13,441.8,442.85,430.1,431.05,16817981
2022-04-18,430.0,436.35,423.65,433.8,15298361
2022-04-19,436.75,440.25,417.0,424.95,12669041
2022-04-20,431.0,441.7,428.25,440.55,19639290
2022-04-21,444.5,449.35,441.05,448.05,14124872
2022-04-22,442.05,447.25,438.0,438.85,14362036
2022-04-25,432.75,436.0,423.15,425.15,14729009
2022-04-26,433.9,437.45,431.6,434.9,13577513
2022-04-27,429.25,432.95,425.1,430.25,13701069
2022-04-28,434.8,439.2,430.8,436.05,13875650
2022-04-29,440.2,447.75,436.0,437.6,21991752
2022-05-02,437.95,442.95,428.5,432.85,18945234
2022-05-05,429.0,434.0,423.7,426.3,12240729
2022-05-06,418.85,420.2,407.0,408.55,25142225
2022-05-09,407.15,407.4,395.0,403.95,18076956
2022-05-10,400.0,408.5,389.6,391.75,16540303
2022-05-11,396.0,397.0,377.55,388.15,29215175
2022-05-12,382.0,384.65,366.2,372.3,33511538
2022-05-13,387.0,419.35,387.0,404.3,71425747
2022-05-16,411.9,411.9,396.25,405.35,24938704
2022-05-17,408.4,425.65,405.0,424.15,24651585
2022-05-18,424.0,427.35,414.05,415.15,20490516
2022-05-19,400.0,406.8,396.2,398.65,17706724
2022-05-20,410.0,421.4,410.0,418.0,23504236
2022-05-23,421.65,431.15,419.55,421.45,16345308
2022-05-24,423.9,427.5,416.0,425.75,14525617
2022-05-25,428.45,429.0,413.45,417.0,13540006
2022-05-26,422.0,422.65,405.0,420.65,17712299
2022-05-27,426.05,433.25,425.2,429.6,16867431
2022-05-30,437.0,445.2,436.0,442.4,18500266
2022-05-31,443.95,449.5,440.4,443.55,22308219
2022-06-01,445.1,446.0,439.6,444.6,11930669
2022-06-02,445.0,445.6,435.65,439.15,12742438
2022-06-03,444.9,445.05,430.5,431.9,12780122
2022-06-06,427.9,433.95,424.6,432.35,11896105
2022-06-07,432.5,438.2,429.1,435.85,11153869
2022-06-08,438.7,440.4,432.0,435.65,12844475
2022-06-09,431.9,435.65,426.1,428.5,13043367
2022-06-10,423.0,428.85,422.0,428.05,11914234
2022-06-13,414.9,418.15,405.6,406.7,17442641
2022-06-14,403.0,411.85,397.7,405.15,19626627
2022-06-15,410.0,416.4,407.45,414.1,15192826
2022-06-16,420.0,420.9,390.1,392.95,22261032
2022-06-17,387.95,394.45,382.65,388.95,24824899
2022-06-20,390.55,392.95,376.65,382.7,17049013
2022-06-21,389.0,399.0,387.0,397.6,14743366
2022-06-22,396.4,397.0,390.5,393.1,12426604
2022-06-23,396.3,409.9,394.55,407.2,26514004
2022-06-24,410.0,412.85,406.15,409.3,14806456
2022-06-27,417.55,419.45,412.35,414.5,12018949
2022-06-28,411.3,418.2,409.15,417.1,13238339
2022-06-29,412.05,419.9,411.55,416.95,13104313
2022-06-30,418.3,424.0,410.0,411.8,20121916
2022-07-01,410.65,414.6,402.3,412.7,14725989
2022-07-04,411.55,414.9,405.0,408.45,11525133
2022-07-05,415.0,418.8,410.2,412.0,16771012
2022-07-06,414.0,417.3,410.65,416.35,12196920
2022-07-07,419.9,432.95,419.3,430.85,17616800
2022-07-08,436.25,443.85,429.3,441.55,23730027
2022-07-11,438.05,441.2,433.45,437.05,12621150
2022-07-13,432.7,435.85,425.65,427.1,10181698
2022-07-14,428.0,431.25,423.3,428.05,10744547
2022-07-15,430.65,441.75,429.7,440.2,15774084
2022-07-18,443.95,453.8,443.2,450.9,21185764
2022-07-19,446.75,451.85,444.45,449.05,11553440
2022-07-20,454.35,460.75,451.75,453.45,17154184
2022-07-21,452.95,455.5,450.1,454.85,10931800
2022-07-22,456.6,459.95,452.3,454.9,10340910
2022-07-25,456.0,457.6,446.3,449.55,12505062
2022-07-26,448.7,448.7,439.75,441.15,11563528
2022-07-27,441.15,445.0,436.1,444.05,10081023
2022-07-28,440.25,449.25,427.4,442.25,36380444
2022-07-29,445.15,452.7,445.15,449.6,16004096
2022-08-01,451.95,481.0,451.05,479.2,43084536
2022-08-02,478.9,479.9,469.25,476.25,19065689
2022-08-03,475.0,476.25,459.6,467.8,19125906
2022-08-04,473.15,473.95,456.45,468.9,18540405
2022-08-05,468.9,472.9,464.0,465.25,11917799
2022-08-10,470.0,477.2,463.35,475.55,13360759
2022-08-11,482.55,485.0,475.6,476.65,12777503
2022-08-12,475.75,481.45,470.0,477.55,13482890
2022-08-16,479.6,491.4,478.2,489.85,16796376
2022-08-17,490.9,494.4,484.2,485.4,15948755
2022-08-18,484.0,486.8,479.25,484.8,12070974
2022-08-19,486.75,488.1,468.1,471.0,16636593
2022-08-22,468.5,468.95,452.55,454.6,15050653
2022-08-23,449.0,462.1,447.6,460.45,17779238
2022-08-24,459.0,464.9,457.7,463.2,12214113
2022-08-25,466.0,468.8,457.4,459.2,11255809
2022-08-26,465.0,470.45,463.95,465.05,11252560
2022-08-29,451.0,456.9,450.15,453.35,11647725
2022-08-30,458.65,472.4,457.1,471.1,14421066
2022-09-01,462.5,474.4,462.15,466.9,13385159
2022-09-02,470.85,471.8,460.15,461.75,10806707
2022-09-05,459.75,463.95,457.0,459.0,9378108
2022-09-06,462.7,463.7,456.6,457.75,9805875
2022-09-07,453.2,456.5,443.65,445.85,20764508
2022-09-08,452.45,452.55,440.0,442.2,19336014
2022-09-09,447.5,449.65,440.6,445.9,14294289
2022-09-13,454.3,458.95,453.55,456.8,10661280
2022-09-14,447.6,454.7,447.0,450.2,10360461
2022-09-15,452.4,455.85,446.05,447.25,10356713
2022-09-16,446.0,446.4,429.1,432.5,20992324
2022-09-19,431.5,431.6,424.05,425.45,15236142
2022-09-20,430.6,443.35,430.6,434.25,17557661
2022-09-21,433.95,436.0,425.5,427.65,10831068
2022-09-22,425.0,434.6,422.55,432.2,13600786
2022-09-23,431.9,431.9,420.55,423.1,13441609
2022-09-26,416.0,417.9,393.15,397.5,33230938
2022-09-27,403.9,404.0,390.35,398.8,21932747
2022-09-28,394.9,406.6,392.85,399.1,18114880
2022-09-29,411.0,413.25,399.6,402.25,20725995
2022-09-30,398.0,408.25,392.5,404.6,20951277
2022-10-03,405.5,406.55,395.5,397.65,20332430
2022-10-04,406.0,408.95,402.9,407.9,12761425
2022-10-06,409.6,417.65,409.5,414.1,12771199
2022-10-07,413.4,414.0,408.7,412.15,10670854
2022-10-10,403.4,403.4,393.05,395.95,32914630
2022-10-11,397.0,399.5,391.3,393.35,14641301
2022-10-12,394.55,398.2,391.1,396.55,14287344
2022-10-13,396.55,403.5,394.55,399.0,12584114
2022-10-14,407.0,409.2,395.3,396.25,12875470
2022-10-17,394.0,398.9,392.5,396.1,9543556
2022-10-18,401.0,406.7,400.7,404.25,14215544
2022-10-19,406.2,406.95,397.3,399.05,8648435
2022-10-20,397.0,399.9,393.1,398.1,10747183
2022-10-21,397.0,402.25,394.7,398.05,10279618
2022-10-25,404.35,410.5,403.2,404.55,17979661
2022-10-27,408.55,411.7,404.0,407.7,14614841
2022-10-28,408.0,411.2,406.1,409.9,12488938
2022-10-31,414.35,416.3,411.6,412.75,9928218
2022-11-01,414.9,422.4,412.8,421.35,17324893
2022-11-02,423.05,425.1,420.15,422.15,12433578
2022-11-03,419.4,423.3,414.5,416.25,10987519
2022-11-04,418.2,426.0,416.9,425.35,12277023
2022-11-07,428.25,437.5,428.25,435.0,15058076
2022-11-09,439.2,441.2,432.0,433.15,14471443
2022-11-10,420.5,420.55,409.2,412.2,26251660
2022-11-11,420.0,425.5,414.7,423.5,19296401
2022-11-14,424.0,437.7,423.5,433.7,17996083
2022-11-16,436.95,438.2,429.6,431.55,8206169
2022-11-17,422.0,427.55,419.6,423.15,15621809
2022-11-18,424.0,426.45,421.15,423.8,9851962
2022-11-21,425.6,427.6,420.0,421.1,9497812
2022-11-22,421.0,426.4,420.5,424.7,6407614
2022-11-23,426.85,429.3,422.85,424.05,6568241
2022-11-24,424.5,425.25,420.7,423.4,6768613
2022-11-25,425.0,435.15,424.0,433.2,18764073
2022-11-28,435.0,440.35,432.4,433.25,10701208
2022-11-29,432.5,437.9,429.55,433.15,8630105
2022-11-30,435.0,441.0,433.3,439.4,14727892
2022-12-01,443.0,443.6,436.85,438.25,8909310
2022-12-02,439.0,441.15,435.0,435.4,8352658
2022-12-05,435.5,437.5,427.8,428.75,12857807
2022-12-06,428.8,431.35,425.35,427.1,8461831
2022-12-07,428.0,428.0,419.1,420.1,12133315
2022-12-08,421.0,421.4,415.35,417.2,9539923
2022-12-09,419.3,420.95,409.55,413.3,9920219
2022-12-12,412.0,416.9,408.0,414.15,8009229
2022-12-13,419.95,421.5,417.25,418.5,9717894
2022-12-14,420.55,421.35,417.35,417.9,6314883
2022-12-15,418.85,422.8,415.7,416.7,7542601
2022-12-16,417.35,427.8,413.1,421.6,50949198
2022-12-19,421.9,422.85,415.5,418.0,9809103
2022-12-20,418.0,418.0,408.0,410.5,12341042
2022-12-21,412.6,414.4,401.0,402.6,11606059
2022-12-22,404.1,404.7,390.2,394.45,14908929
2022-12-23,390.0,390.0,377.0,378.35,19902886
2022-12-26,380.25,390.7,375.2,384.8,16979026
2022-12-27,390.0,397.45,388.5,394.15,14372461
2022-12-28,394.0,395.9,390.4,391.3,8443917
2022-12-29,389.0,390.0,383.05,385.9,15627403
2022-12-30,391.0,392.2,387.0,387.95,9198673
2023-01-03,396.0,398.35,393.0,393.9,9431220
2023-01-04,394.8,394.8,385.0,385.6,16121049
2023-01-05,387.9,388.75,382.5,386.9,10443908
2023-01-06,386.1,388.4,381.0,382.0,8715469
2023-01-09,386.35,392.7,385.0,389.45,14693099
2023-01-10,400.0,417.75,400.0,412.9,54021379
2023-01-11,415.75,420.0,413.55,418.2,22224361
2023-01-13,413.0,416.35,408.0,411.5,10449630
2023-01-16,413.5,414.9,407.6,413.0,11462140
2023-01-17,413.0,419.45,412.5,415.3,12337969
2023-01-18,415.9,415.95,407.45,408.4,13310316
2023-01-19,406.5,407.8,400.1,400.75,13126520
2023-01-20,404.0,412.5,401.2,403.15,23906114
2023-01-23,407.0,410.95,405.0,408.4,13113183
2023-01-24,410.0,424.0,410.0,422.15,30197475
2023-01-25,423.75,427.25,417.7,419.05,22975581
2023-01-27,438.0,453.4,435.15,445.6,63360467
2023-01-30,445.6,450.0,437.65,443.65,18316743
2023-01-31,443.7,454.8,440.9,452.1,25154475
2023-02-01,456.8,461.5,437.65,446.65,23798589
2023-02-02,446.75,449.2,440.7,444.8,11344554
2023-02-03,447.0,450.8,442.35,445.45,13067403
2023-02-07,441.7,443.4,432.9,435.45,9023645
2023-02-08,435.45,441.0,431.55,440.1,8668267
2023-02-09,440.0,440.7,433.55,436.75,7349418
2023-02-10,437.95,447.8,431.2,445.85,14798390
2023-02-13,445.5,446.9,438.9,441.05,8333767
2023-02-14,442.0,444.3,434.4,440.55,8565559
2023-02-15,438.5,444.9,438.15,444.15,9857016
2023-02-16,445.0,448.25,440.5,441.6,7670688
2023-02-17,436.0,442.45,436.0,439.9,6955445
2023-02-20,441.8,445.3,436.25,443.0,9717197
2023-02-21,445.2,445.2,435.25,436.5,8957930
2023-02-22,435.3,435.85,428.25,429.45,7209130
2023-02-23,428.65,436.45,427.2,433.2,9278920
2023-02-24,435.4,436.7,427.0,427.75,7895024
2023-02-27,427.75,428.05,413.05,417.95,10438928
2023-02-28,419.0,424.8,419.0,420.7,9652088
2023-03-01,421.5,428.0,421.5,426.0,7595114
2023-03-02,426.0,426.25,419.55,420.45,5661103
2023-03-03,422.6,430.5,421.95,428.0,8027522
2023-03-06,430.95,441.45,430.0,440.1,11307064
2023-03-08,439.0,441.25,436.1,439.3,7850052
2023-03-09,439.1,442.05,431.3,432.2,5696737
2023-03-10,433.0,437.8,430.8,435.85,10417015
2023-03-13,436.1,437.0,419.1,422.4,8780169
2023-03-14,422.85,424.2,413.4,416.65,9189043
2023-03-15,422.0,425.0,410.1,411.35,7681009
2023-03-16,413.3,418.5,405.0,415.7,11854885
2023-03-17,419.0,423.45,414.55,419.0,8658701
2023-03-20,415.6,416.95,405.5,410.75,10075022
2023-03-21,412.85,413.9,407.7,412.55,7391950
2023-03-22,416.0,418.4,413.75,416.1,5728054
2023-03-23,416.0,422.5,416.0,419.15,9817460
2023-03-24,419.0,420.55,414.8,416.5,6877960
2023-03-27,416.0,418.5,410.25,412.05,7433933
2023-03-28,414.15,414.5,400.45,401.6,9553659
2023-03-29,401.6,410.6,401.6,409.2,10478506
2023-03-31,411.35,421.75,411.0,420.8,11037881
2023-04-03,423.0,424.95,419.5,424.25,6948329
2023-04-05,424.25,428.75,423.15,426.55,8821326
2023-04-06,426.5,439.3,423.75,437.65,10907492
2023-04-10,452.05,473.3,452.0,461.3,50462653
2023-04-11,463.75,463.75,455.8,458.7,14495222
2023-04-12,459.35,468.6,458.2,465.5,13552440
2023-04-13,464.95,472.0,463.25,469.5,12733670
2023-04-17,471.0,473.0,465.8,472.15,10710167
2023-04-18,475.0,483.35,468.1,473.0,16140056
2023-04-19,473.0,475.5,467.85,469.4,7368610
2023-04-20,473.7,479.7,469.4,476.8,14264206
2023-04-21,476.7,476.7,467.2,471.2,8478118
2023-04-24,471.2,476.0,468.3,475.2,8020593
2023-04-25,475.2,476.4,471.9,473.55,6888352
2023-04-26,473.0,479.5,472.6,478.2,7791425
2023-04-27,478.5,482.0,476.5,481.6,7085793
2023-04-28,481.4,488.0,478.35,484.95,9947813
2023-05-02,482.5,484.0,474.55,480.25,11542592
2023-05-03,480.25,485.1,477.75,483.7,8529233
2023-05-04,483.6,486.4,478.75,480.8,5650101
2023-05-05,481.65,484.7,476.15,477.1,4830674
2023-05-08,480.0,502.3,478.1,500.5,23515333
2023-05-09,502.0,512.8,501.55,503.65,19818780
2023-05-10,508.0,512.9,504.35,509.5,12481404
2023-05-12,513.9,520.5,510.3,515.95,19766717
2023-05-15,523.85,537.15,521.5,530.85,38270067
2023-05-16,533.95,535.95,518.85,521.15,16514882
2023-05-17,522.5,523.95,512.5,515.5,13684847
2023-05-18,518.8,520.9,507.1,508.45,12293322
2023-05-19,509.8,526.4,504.75,524.95,19343560
2023-05-22,524.95,527.0,519.35,522.5,9978339
2023-05-23,522.5,531.0,521.15,528.5,12256902
2023-05-24,527.15,529.65,519.15,520.2,7648284
2023-05-25,518.0,518.0,509.1,514.85,11543712
2023-05-26,514.9,519.75,512.2,518.45,8360570
2023-05-29,525.0,525.1,519.7,521.45,6596504
2023-05-30,521.45,523.5,518.0,518.8,5134688
2023-05-31,519.95,527.5,516.4,526.3,12327284
2023-06-01,527.5,536.25,522.85,535.2,12511265
2023-06-02,537.0,541.25,532.75,535.9,12294728
2023-06-05,539.0,548.8,537.9,546.25,15008325
2023-06-06,549.45,557.0,545.35,555.75,15395092
2023-06-07,558.8,575.0,552.15,567.95,20855239
2023-06-08,570.0,576.55,557.0,559.7,21527339
2023-06-09,564.4,566.45,559.3,562.3,9361533
2023-06-12,567.0,568.9,560.65,564.15,7599572
2023-06-13,567.7,571.05,560.75,562.2,12845897
2023-06-14,566.0,571.2,564.0,570.3,12713256
2023-06-15,571.8,575.0,567.75,568.45,12475759
2023-06-16,569.65,572.2,566.05,569.8,8736313
2023-06-19,570.65,573.2,564.2,566.05,6280388
2023-06-20,566.05,583.95,562.5,583.25,18074902
2023-06-21,584.95,585.9,574.5,581.4,9146332
2023-06-22,584.0,584.7,568.2,569.35,11229179
2023-06-23,570.0,571.15,557.7,559.65,9362695
2023-06-26,560.0,569.0,557.8,567.85,6986621
2023-06-27,570.0,576.9,568.45,573.1,9404450
2023-06-28,579.0,590.0,575.5,586.65,16720940
2023-06-30,588.35,599.0,588.0,595.55,12488047
2023-07-03,600.0,602.3,590.0,590.8,11131048
2023-07-04,594.4,596.4,589.5,591.45,6917886
2023-07-05,592.0,593.0,584.95,588.25,8715919
2023-07-06,590.8,604.95,588.55,600.8,14356681
2023-07-07,600.0,624.8,592.2,618.2,21066726
2023-07-10,624.0,634.8,617.55,618.65,23802524
2023-07-11,624.95,630.45,622.15,628.5,12051173
2023-07-12,629.95,630.8,619.35,621.45,10785502
2023-07-13,625.0,626.5,615.5,620.65,9689708
2023-07-14,623.0,626.0,619.5,624.9,7010179
2023-07-17,626.9,627.0,617.15,618.5,7580645
2023-07-18,620.4,620.85,607.0,612.1,10359400
2023-07-19,614.0,625.3,610.15,620.6,11128348
2023-07-20,622.65,623.6,616.2,621.65,7834891
2023-07-21,621.0,631.0,617.7,625.75,12914610
2023-07-24,627.95,634.45,626.25,629.25,12247844
2023-07-25,636.0,642.5,633.35,639.45,13988137
2023-07-26,640.0,665.4,639.0,641.1,31673714
2023-07-27,647.0,648.45,636.75,643.7,11696851
2023-07-28,646.0,646.0,631.8,635.3,9299530
2023-07-31,640.2,645.55,635.9,644.3,7502361
2023-08-01,645.0,652.9,642.0,643.65,8924219
2023-08-02,644.0,644.3,616.45,622.65,15762687
2023-08-03,623.0,626.45,614.15,618.95,11458920
2023-08-04,624.85,625.0,613.3,615.0,11806739
2023-08-07,619.0,619.0,608.5,609.5,9893466
2023-08-08,612.55,614.75,605.25,607.3,8863640
2023-08-09,610.6,624.0,605.35,622.55,13362350
2023-08-10,623.0,628.3,598.0,618.25,53116980
2023-08-11,619.75,624.75,610.0,611.8,9347707
2023-08-14,612.0,612.0,594.5,607.35,14492164
2023-08-16,606.7,621.35,597.3,618.75,14562074
2023-08-17,620.0,622.0,611.0,613.75,12119293
2023-08-18,612.8,620.1,610.9,615.8,11190760
2023-08-21,617.0,623.3,614.8,620.5,9580365
2023-08-22,621.8,626.5,618.6,620.2,8534395
2023-08-23,622.75,622.75,613.15,613.9,8248333
2023-08-24,618.0,619.0,609.65,610.95,7096025
2023-08-25,610.85,616.7,593.3,605.1,16075509
2023-08-28,605.4,608.5,601.55,602.4,7479254
2023-08-29,603.6,610.5,603.6,607.15,6956667
2023-08-30,611.2,612.9,605.0,605.55,5676055
2023-08-31,608.8,609.65,599.05,601.0,10544271
2023-09-01,604.2,614.9,601.9,611.2,10297492
2023-09-04,615.6,615.6,606.0,609.0,8392665
2023-09-06,611.15,612.55,605.6,610.25,6520064
2023-09-07,610.9,616.5,609.05,614.9,6520293
2023-09-08,617.95,628.9,614.2,627.25,16190749
2023-09-11,634.65,635.4,630.5,634.85,8780510
2023-09-12,638.0,639.0,615.25,620.8,12541377
2023-09-13,621.0,628.5,619.55,625.9,6988358
2023-09-14,628.1,630.8,623.3,624.6,5722295
2023-09-15,628.7,636.5,627.15,634.25,18917805
2023-09-18,635.9,644.2,633.15,640.65,11108349
2023-09-20,640.7,647.0,637.0,638.5,11777925
2023-09-21,638.5,641.7,624.0,627.05,9266854
2023-09-22,628.0,630.8,619.0,620.45,6551917
2023-09-25,623.85,625.2,617.9,618.7,6390681
2023-09-26,618.7,625.7,617.95,619.8,6271108
2023-09-27,619.95,621.9,616.75,620.15,5960490
2023-09-28,622.9,623.8,612.25,614.1,6768196
2023-09-29,618.7,633.0,617.0,630.2,8969405
2023-10-03,632.6,632.65,618.6,620.45,6894577
2023-10-04,620.8,620.8,608.3,613.6,7612709
2023-10-05,619.0,621.35,614.65,619.6,7893892
2023-10-06,627.0,627.35,620.0,622.45,7922379
2023-10-09,620.8,622.0,613.7,617.35,6381189
2023-10-10,620.0,632.5,617.6,630.55,9833429
2023-10-11,633.0,637.8,632.6,634.0,7701931
2023-10-12,637.0,640.2,635.05,636.95,5928732
2023-10-13,633.95,669.0,633.0,667.1,28011678
2023-10-16,668.55,677.8,661.25,666.2,20005816
2023-10-17,670.0,670.9,654.65,655.7,10263992
2023-10-18,658.6,672.25,653.8,668.5,14908778
2023-10-19,662.95,672.3,658.6,668.8,10633043
2023-10-20,666.65,676.4,660.5,663.2,11759568
2023-10-23,663.65,667.25,645.0,647.35,8564004
2023-10-25,650.0,651.9,636.05,637.85,8229559
2023-10-26,635.0,635.65,624.15,626.55,8889373
2023-10-30,643.8,643.8,621.85,628.5,12786883
2023-10-31,642.0,642.0,627.3,628.65,11395766
2023-11-01,630.0,633.8,626.3,627.7,8785264
2023-11-02,632.0,638.2,630.1,636.45,9934305
2023-11-03,662.0,666.0,646.2,647.5,23087856
2023-11-06,652.85,652.85,643.2,646.05,10801301
2023-11-08,648.0,649.05,641.9,642.55,6551864
2023-11-09,644.0,653.65,642.7,649.35,10155047
2023-11-10,649.35,652.95,644.0,651.05,6425792
2023-11-13,653.0,654.0,649.3,653.25,3279829
2023-11-15,660.0,673.5,656.55,671.55,11324434
2023-11-16,674.0,685.5,670.9,680.4,17501373
2023-11-17,682.5,687.65,679.6,681.55,9563220
2023-11-20,682.0,686.75,670.7,674.3,8324354
2023-11-21,677.0,683.3,675.0,681.7,7291057
2023-11-22,683.95,687.35,676.05,681.2,9279642
2023-11-23,683.2,685.9,677.05,679.95,5885370
2023-11-24,681.4,681.95,671.25,673.7,6951690
2023-11-28,677.45,699.45,674.25,697.5,16015860
2023-11-29,702.75,714.4,694.35,712.35,16122864
2023-11-30,716.3,717.25,697.0,706.4,24275245
2023-12-01,708.0,711.0,703.0,705.45,10565415
2023-12-04,716.0,717.0,704.8,705.6,9348036
2023-12-05,705.9,714.9,705.0,708.95,9601509
2023-12-06,709.05,724.8,709.0,722.45,12148825
2023-12-07,725.0,727.5,716.0,721.95,10451801
2023-12-08,722.05,727.6,707.5,714.55,8557203
2023-12-11,717.8,726.5,716.55,720.8,6403209
2023-12-12,724.8,724.8,713.0,715.4,6461539
2023-12-13,716.0,721.45,713.5,720.3,5807736
2023-12-14,724.0,724.7,718.6,719.75,6732352
2023-12-15,723.9,734.0,721.25,732.4,12082079
2023-12-18,732.9,734.75,728.1,730.8,5450397
2023-12-19,732.6,732.6,726.0,728.95,4511101
2023-12-20,730.95,733.0,703.05,705.25,8107602
2023-12-21,703.0,711.9,696.25,708.85,7702232
2023-12-22,716.8,731.0,712.0,724.7,12062238
2023-12-26,727.4,727.5,716.6,719.55,7229143
2023-12-27,728.0,741.85,725.15,740.9,15052800
2023-12-28,742.65,757.95,739.05,753.9,14906199
2023-12-29,755.0,802.9,754.0,779.95,41170191
2024-01-01,785.0,798.7,781.05,790.6,12570717
2024-01-02,800.5,804.0,779.0,784.4,13791090
2024-01-03,786.05,790.0,776.25,781.45,8559060
2024-01-04,798.0,801.8,791.3,795.75,14298444
2024-01-05,799.0,805.9,787.1,790.95,11091198
2024-01-08,798.4,800.35,787.5,789.1,7668471
2024-01-09,799.95,809.2,793.15,799.8,12872757
2024-01-10,800.0,811.0,792.65,808.45,9980044
2024-01-11,813.5,817.5,808.45,815.65,11075167
2024-01-12,818.15,818.55,809.15,816.45,7664094
2024-01-15,820.0,820.4,810.3,812.45,4835856
2024-01-16,812.45,827.0,812.45,818.85,10159066
2024-01-17,811.0,813.7,804.0,805.55,7895439
2024-01-18,807.0,822.95,797.0,819.05,11500495
2024-01-19,823.85,826.0,819.5,823.55,5706888
2024-01-20,826.0,827.0,817.05,818.9,2837388
2024-01-23,824.9,827.6,796.3,800.45,9436209
2024-01-24,802.4,812.0,788.5,810.9,7217542
2024-01-25,814.0,814.15,800.3,811.85,10109720
2024-01-29,811.85,843.8,811.05,841.0,12823686
2024-01-30,843.0,885.95,842.85,858.85,19734613
2024-01-31,865.2,896.5,865.2,884.2,24562392
2024-02-01,900.0,900.15,876.3,878.5,14505885
2024-02-02,886.0,895.75,876.85,878.75,13003437
2024-02-05,934.0,950.0,915.35,926.8,38686871
2024-02-06,936.4,941.3,928.4,939.55,12714803
2024-02-07,944.0,944.0,928.05,933.8,7913010
2024-02-08,937.0,939.7,918.8,924.3,11576253
2024-02-09,926.0,927.4,906.05,915.0,7904881
2024-02-12,916.1,925.0,908.0,911.6,7286778
2024-02-13,911.6,919.1,894.0,906.9,8574218
2024-02-14,900.0,919.95,894.35,918.3,6570939
2024-02-15,923.7,927.0,916.35,920.55,6430799
2024-02-16,925.0,948.8,924.1,938.6,12826164
2024-02-19,942.95,942.95,931.05,932.6,4632214
2024-02-20,934.45,934.65,920.4,926.35,4733639
2024-02-21,926.35,937.2,916.5,921.05,6011018
2024-02-22,924.65,933.85,914.6,932.3,6437014
2024-02-23,933.1,939.8,929.4,937.4,7047473
2024-02-26,937.1,945.0,930.7,936.95,5600234
2024-02-27,936.75,965.0,935.5,962.7,12810206
2024-02-28,966.15,976.0,950.3,958.05,15219187
2024-02-29,959.0,959.25,942.9,950.2,10346657
2024-03-01,958.95,980.4,956.7,977.4,10645369
2024-03-04,993.25,995.0,980.1,987.2,6084495
2024-03-05,1027.0,1065.6,1005.35,1021.9,59811033
2024-03-06,1025.0,1030.65,1009.0,1017.65,14214823
2024-03-07,1025.0,1047.0,1014.05,1039.3,16877082
2024-03-11,1034.75,1035.95,1021.0,1028.0,7502450
2024-03-12,1027.8,1037.0,1011.3,1016.5,8763820
2024-03-13,1019.0,1021.0,963.55,973.2,16564155
2024-03-14,964.95,982.0,955.4,967.75,22931801
2024-03-15,968.4,979.75,940.0,945.85,23390913
2024-03-18,945.85,974.8,936.65,972.45,12121719
2024-03-19,968.55,970.6,951.6,957.75,9483750
2024-03-20,960.9,965.15,921.2,940.45,13900321
2024-03-21,951.0,969.25,946.0,964.9,11074207
2024-03-22,964.9,986.2,950.35,979.8,13638296
2024-03-27,991.6,995.0,976.7,978.65,6640537
2024-03-28,982.5,999.9,979.0,992.8,9862996
2024-04-01,1000.0,1009.85,987.45,992.25,8629407
2024-04-02,999.0,1008.0,993.4,1004.65,7995931
2024-04-03,1004.0,1014.45,992.55,1009.15,8040366
2024-04-04,1016.0,1017.0,998.15,1011.6,9138276
2024-04-05,1011.6,1012.5,1004.4,1007.1,4519120
2024-04-08,1010.05,1016.4,1004.0,1013.2,5188052
2024-04-09,1021.0,1029.5,1005.0,1008.5,8539041
2024-04-10,1012.25,1021.0,1010.0,1013.5,4554077
2024-04-12,1014.0,1029.0,1013.5,1018.5,11575194
2024-04-15,998.1,1006.95,978.5,998.8,12632409
2024-04-16,990.0,1004.9,982.1,992.8,9574762
2024-04-18,996.35,1003.1,966.25,971.35,13540490
2024-04-19,964.0,967.95,944.0,963.2,15381310
2024-04-22,978.75,978.75,966.0,973.55,7187959
2024-04-23,976.0,994.5,974.05,986.75,7994116
2024-04-24,992.4,995.9,988.0,991.65,4671450
2024-04-25,992.5,1003.3,989.5,1001.25,8366455
2024-04-26,1007.8,1008.95,996.6,999.5,7937500
2024-04-29,1003.05,1005.75,999.0,1000.6,4764750
2024-04-30,1005.0,1019.45,997.5,1007.9,9047011
2024-05-02,1020.0,1030.0,1011.55,1027.8,12695047
2024-05-03,1038.0,1040.2,996.0,1013.4,11871773
2024-05-06,1015.0,1019.8,1005.0,1016.2,5724760
2024-05-07,1016.2,1017.95,982.05,988.55,8877426
2024-05-08,986.95,1015.0,977.0,1012.1,7519352
2024-05-09,1011.0,1043.2,1007.3,1030.3,19189798
2024-05-10,1037.0,1050.35,1030.4,1046.65,13383183
2024-05-13,1005.0,1008.7,947.2,959.75,58974762
2024-05-14,965.1,968.0,953.25,964.65,16325689
2024-05-15,970.95,972.95,945.1,947.3,19668239
2024-05-16,953.2,954.4,919.0,936.4,31240770
2024-05-17,944.0,953.4,941.0,945.7,13205512
2024-05-18,950.0,958.0,947.0,953.95,1930324
2024-05-21,954.0,956.65,948.7,951.3,10055258
2024-05-22,952.0,954.9,942.55,947.5,9495279
2024-05-23,950.0,963.45,945.05,962.35,11211074
2024-05-24,962.5,970.95,958.0,960.55,9590588
2024-05-27,964.9,966.45,952.0,958.5,6916555
2024-05-28,959.0,961.9,946.0,947.55,6618946
2024-05-29,946.95,950.5,938.8,943.6,8184019
2024-05-30,943.5,951.45,921.0,923.95,10170912
2024-05-31,931.65,937.25,920.1,923.0,14289102
2024-06-03,963.0,963.0,934.0,950.45,12314329
2024-06-04,948.0,948.0,855.4,903.9,26554598
2024-06-05,924.95,933.75,890.0,929.95,13752553
2024-06-06,940.0,946.0,931.2,938.25,11792640
2024-06-07,940.0,973.0,935.25,970.5,15577866
2024-06-10,977.0,984.9,969.1,975.15,9258931
2024-06-11,973.8,992.55,966.65,987.1,14828702
2024-06-12,994.5,1010.25,987.0,988.7,17527993
2024-06-13,1002.0,1002.0,980.75,985.85,12157226
2024-06-14,990.0,997.25,981.4,993.4,11591421
2024-06-18,1000.0,1003.55,984.0,985.9,9845075
2024-06-19,990.0,994.9,975.15,977.35,7605719
2024-06-20,980.0,988.4,976.35,978.25,7299571
2024-06-21,979.0,980.9,958.1,961.8,14303735
2024-06-24,960.9,963.5,950.05,958.05,6655577
2024-06-25,960.0,962.85,949.3,955.0,7304128
2024-06-26,956.0,962.5,950.1,951.85,6908988
2024-06-27,952.5,974.85,948.05,972.1,19385412
2024-06-28,975.0,998.5,972.55,989.75,23025267
2024-07-01,989.75,1005.5,985.2,1002.05,14006105
2024-07-02,1004.05,1005.0,979.1,981.3,12284132
2024-07-03,984.95,987.35,973.5,975.65,7346258
2024-07-04,984.0,1004.0,979.6,998.2,12139832
2024-07-05,1005.0,1006.6,989.95,993.65,9050375
2024-07-08,1005.0,1016.6,996.2,1002.6,13312085
2024-07-09,1000.95,1017.0,998.1,1014.95,10948094
2024-07-10,1015.0,1019.85,986.05,1005.5,13412206
2024-07-11,1008.0,1025.5,1007.05,1020.8,11983571
2024-07-12,1023.85,1025.9,1015.0,1016.75,7339644
2024-07-15,1021.35,1029.8,1017.3,1024.45,5847333
2024-07-16,1025.5,1029.6,1019.2,1021.15,4824555
2024-07-18,1022.95,1027.0,1008.0,1024.55,8010324
2024-07-19,1024.0,1024.0,986.65,990.0,7400178
2024-07-22,990.0,1008.0,976.55,1003.15,7396198
2024-07-23,1007.9,1008.65,967.2,1001.8,10384177
2024-07-24,997.8,1034.25,995.15,1027.7,11469098
2024-07-25,1029.0,1094.0,1024.35,1090.95,32766835
2024-07-26,1111.95,1120.5,1083.6,1118.3,21232845
2024-07-29,1124.0,1139.9,1118.6,1124.0,11850624
2024-07-30,1125.8,1179.0,1118.6,1161.85,28592304
2024-07-31,1164.0,1167.9,1145.3,1156.65,10860623
2024-08-01,1167.0,1176.0,1136.5,1144.4,14375948
2024-08-02,1120.0,1120.0,1090.05,1096.65,21967812
2024-08-05,1059.95,1065.0,1014.05,1016.45,26651144
2024-08-06,1030.0,1060.65,1008.4,1013.75,16726393
2024-08-07,1036.05,1040.2,1015.05,1025.3,9978703
2024-08-08,1034.95,1056.4,1027.0,1041.75,19529790
2024-08-09,1055.0,1082.95,1052.05,1068.1,15443008
2024-08-12,1065.0,1079.9,1055.0,1076.15,11311050
2024-08-13,1074.85,1075.5,1048.2,1053.45,7508231
2024-08-14,1057.0,1067.05,1047.0,1062.35,8211830
2024-08-16,1072.0,1099.95,1070.0,1098.35,11435650
2024-08-19,1105.9,1107.0,1085.0,1087.7,6911441
2024-08-20,1097.0,1098.05,1082.05,1086.9,5625723
2024-08-21,1089.0,1095.3,1083.3,1085.2,4869876
2024-08-22,1090.0,1094.75,1064.95,1068.45,9377476
2024-08-23,1073.0,1092.6,1071.0,1085.15,10179655
2024-08-26,1089.0,1103.35,1082.85,1092.4,9415039
2024-08-27,1093.05,1096.65,1075.0,1077.25,8813305
2024-08-28,1082.95,1088.7,1070.1,1074.55,8145376
2024-08-29,1079.05,1142.0,1066.0,1121.65,40658159
2024-08-30,1113.95,1115.0,1097.45,1111.35,17647545
2024-09-02,1105.0,1105.0,1087.35,1092.65,8116675
2024-09-03,1097.6,1100.0,1082.2,1085.1,5088731
2024-09-04,1079.0,1085.0,1072.1,1080.45,4665908
2024-09-05,1081.0,1085.85,1066.95,1069.15,7900593
2024-09-06,1068.8,1072.95,1040.5,1049.35,8717377
2024-09-09,1049.35,1049.95,1026.25,1038.7,7206054
2024-09-10,1049.0,1049.0,1032.2,1035.8,6919238
2024-09-11,1000.0,1011.55,971.25,976.3,36140411
2024-09-12,976.3,988.0,958.0,986.15,25675836
2024-09-13,994.9,1006.0,988.0,992.1,13203676
2024-09-17,995.0,995.0,960.0,974.95,44516613
2024-09-18,978.2,983.7,957.15,962.05,12044431
2024-09-19,970.4,978.95,956.35,967.0,13466770
2024-09-20,967.0,977.5,949.2,970.85,16764981
2024-09-23,973.5,979.2,966.05,971.8,10254297
2024-09-24,974.0,985.0,972.6,977.3,12755422
2024-09-25,982.4,982.5,959.25,963.6,12959075
2024-09-26,970.8,994.95,965.6,993.15,21640021
2024-09-27,996.0,1000.4,989.15,993.0,10360030
2024-09-30,993.0,996.95,971.8,974.65,12225895
2024-10-01,976.9,984.5,958.9,965.2,10085203
2024-10-03,939.0,950.15,925.0,925.7,24418517
2024-10-04,930.0,949.2,920.0,930.75,19187758
2024-10-07,942.0,944.45,915.0,927.85,11772546
2024-10-08,916.0,924.8,893.85,919.8,21177886
2024-10-09,926.8,948.45,925.5,939.15,11557737
2024-10-10,933.75,943.6,912.35,928.5,13249851
2024-10-11,932.0,937.0,928.5,930.7,4459529
2024-10-14,930.0,940.0,925.35,928.25,5740649
2024-10-15,932.95,935.35,913.0,917.3,9058919
2024-10-16,917.05,923.0,900.0,907.45,10298258
2024-10-17,914.95,914.95,890.05,891.6,13864583
2024-10-18,894.3,917.7,886.8,910.15,11527914
2024-10-21,912.05,917.65,898.1,903.3,7390557
2024-10-22,905.0,906.1,875.25,879.5,13617490
2024-10-23,879.0,885.6,863.3,877.65,10553771
2024-10-24,875.25,890.0,875.25,880.0,7233484
2024-10-25,883.9,885.75,857.3,864.3,10873022
2024-10-28,867.85,886.75,860.2,878.45,7106045
2024-10-29,880.25,882.5,825.7,842.75,26818871
2024-10-30,846.0,853.6,838.05,840.2,12933218
2024-10-31,843.85,843.85,831.85,834.05,11904413
2024-11-04,840.0,844.45,814.5,824.1,15514419
2024-11-05,821.5,843.6,820.4,835.65,10215249
2024-11-06,843.9,843.9,826.0,839.7,10579596
2024-11-07,841.0,842.75,817.3,819.75,13237161
2024-11-08,821.95,822.0,801.1,805.45,16072692
2024-11-11,801.0,831.45,792.0,804.7,27587619
2024-11-12,806.0,813.1,783.05,784.85,16526921
2024-11-13,787.0,792.65,775.55,786.25,14674022
2024-11-14,786.6,792.0,772.0,774.3,11740909
2024-11-19,771.9,799.9,771.9,783.2,14012014
2024-11-21,784.95,785.95,766.25,773.85,14194678
2024-11-22,775.0,794.0,775.0,791.0,14535112
2024-11-25,808.05,810.2,793.65,796.6,15194167
2024-11-26,797.15,801.8,780.15,783.0,10310838
2024-11-27,785.05,791.9,779.1,783.95,10014685
2024-11-28,783.0,792.55,778.0,779.45,10939142
2024-11-29,779.5,789.4,777.05,786.45,10358590
2024-12-02,787.3,796.75,785.0,790.05,8425826
2024-12-03,795.0,806.0,790.0,801.25,9874135
2024-12-04,805.0,806.0,784.05,788.1,12392259
2024-12-05,793.0,797.5,781.0,792.55,12169428
2024-12-06,793.0,818.85,785.3,816.8,19716910
2024-12-09,816.8,820.35,797.0,798.75,15573233
2024-12-10,804.8,810.45,797.45,799.9,13113082
2024-12-11,802.9,806.95,798.2,799.1,7763357
2024-12-12,799.2,802.0,785.5,786.35,10602758
2024-12-13,789.0,792.5,775.0,790.3,14101869
2024-12-16,791.4,793.95,783.0,784.8,10015361
2024-12-17,785.5,796.35,778.0,779.75,10270253
2024-12-18,774.0,774.25,754.0,755.7,19085263
2024-12-19,744.45,755.8,741.4,744.05,17119599
2024-12-20,744.3,749.55,721.5,724.05,17962656
2024-12-23,733.7,734.4,717.7,722.2,9653868
2024-12-24,723.5,745.3,722.5,736.1,12553555
2024-12-26,736.1,747.8,735.55,740.8,9343210
2024-12-27,749.0,766.85,745.7,750.5,15835079
2024-12-30,753.9,754.9,730.7,733.65,17441198
2024-12-31,733.65,743.4,732.75,740.15,7092699
2025-01-02,759.3,767.35,749.35,765.05,15294572
2025-01-03,768.0,800.6,761.45,790.4,24773025
2025-01-06,797.7,797.7,765.3,776.25,16948151
2025-01-07,776.0,796.95,772.5,793.25,15547971
2025-01-08,792.6,797.0,781.65,794.95,11861066
2025-01-09,800.0,810.0,769.45,780.1,17948464
2025-01-10,780.05,787.95,766.8,774.65,11144005
2025-01-13,769.0,773.55,748.8,751.0,12230175
2025-01-14,751.5,779.0,751.5,770.5,11377053
2025-01-15,771.0,785.0,756.05,763.6,10500910
2025-01-16,769.9,781.0,767.35,774.35,8680163
2025-01-17,773.9,785.5,772.25,779.75,7007239
2025-01-20,780.0,783.0,767.0,774.35,9956101
2025-01-22,764.15,765.45,731.0,742.75,12418474
2025-01-23,742.75,759.7,739.8,752.5,7916689
2025-01-24,750.05,754.15,732.2,734.1,9513166
2025-01-27,732.95,732.95,709.3,713.05,14123990
2025-01-28,716.5,740.85,707.5,728.25,16104653
2025-01-29,731.5,755.0,726.55,752.5,12461404
2025-01-30,709.0,710.7,683.2,696.85,59390998
2025-01-31,706.0,717.0,696.45,716.1,19157717
2025-02-03,700.0,700.0,686.0,687.45,17806760
2025-02-04,696.3,713.35,693.75,710.55,16792005
2025-02-05,711.0,725.45,710.7,717.05,12907325
2025-02-06,723.0,723.4,708.15,709.65,10016927
2025-02-07,711.0,715.95,703.1,706.75,12259132
2025-02-10,709.75,709.9,693.05,696.0,10981963
2025-02-11,696.0,697.0,675.1,677.75,11939990
2025-02-12,680.0,687.55,667.05,684.35,12312424
2025-02-13,684.35,693.15,679.35,683.85,8490769
2025-02-14,685.95,690.95,669.15,680.65,9968127
2025-02-17,678.0,690.7,667.05,686.6,10313575
2025-02-18,686.6,687.95,672.15,682.4,7810143
2025-02-19,681.75,690.95,675.05,681.0,9986815
2025-02-20,680.0,692.85,675.0,689.8,8673335
2025-02-21,686.0,690.0,671.1,673.2,14577524
2025-02-24,670.0,676.6,666.0,668.25,8861769
2025-02-25,667.75,672.5,660.0,661.6,10251257
2025-02-27,662.0,665.0,645.65,648.55,12281857
2025-02-28,645.0,645.0,618.45,620.65,20477619
2025-03-03,620.65,626.85,606.3,621.15,18362700
2025-03-04,613.45,629.15,613.0,619.2,11878225
2025-03-05,619.0,641.6,618.6,640.8,12373061
2025-03-06,653.25,655.95,635.6,639.65,16991501
2025-03-07,640.0,651.5,635.0,648.3,10123450
2025-03-11,640.0,651.15,638.45,648.05,9534750
2025-03-12,654.5,671.9,652.25,668.3,18732785
2025-03-13,670.65,671.85,649.6,655.5,14004345
2025-03-17,665.05,666.45,657.45,661.05,9174408
2025-03-18,665.0,681.7,663.9,680.05,11236084
2025-03-19,685.4,685.75,678.55,682.25,9338414
2025-03-20,685.0,692.7,679.0,690.05,9712600
2025-03-21,693.0,705.0,688.55,702.95,14823483
2025-03-24,710.0,717.5,702.05,713.5,11671359
2025-03-25,719.0,723.05,706.35,710.3,13617465
2025-03-26,710.3,717.85,707.0,708.25,9363180
2025-03-27,668.0,676.6,661.1,668.55,34238666
2025-03-28,671.85,684.95,669.3,674.45,16013687
2025-04-01,670.55,681.85,665.75,671.85,9594669
2025-04-02,674.95,675.35,662.1,671.9,8025225
2025-04-03,660.0,669.0,652.5,653.95,13473832
2025-04-04,650.0,650.0,610.0,613.85,26621179
2025-04-07,560.5,582.0,535.75,579.75,49463598
2025-04-08,591.2,606.6,584.2,588.85,20987855
2025-04-09,588.0,594.9,581.05,582.9,17483412
2025-04-11,610.0,612.8,591.0,595.05,21055814
2025-04-15,614.0,628.3,612.65,622.2,19722072
2025-04-16,625.0,625.0,613.6,616.05,12318376
2025-04-17,616.05,627.0,608.25,621.55,14342652
2025-04-21,624.6,635.75,620.2,630.05,12785568
2025-04-22,630.25,633.95,626.2,630.85,10292748
2025-04-23,635.95,661.5,633.35,659.9,23390570
2025-04-24,660.1,671.0,660.1,668.35,15172229
2025-04-25,668.35,673.0,651.5,655.25,13207043
2025-04-28,654.3,669.6,652.55,668.15,10243493
2025-04-29,671.45,682.9,661.6,665.6,13754685
2025-04-30,667.0,667.0,641.1,644.25,19485917
2025-05-02,641.0,661.35,635.55,652.0,13141726
2025-05-05,662.95,666.65,655.85,661.55,8868484
2025-06-20,673.4,678.8,670.1,676.2,11393470
2025-06-23,670.0,676.0,666.1,671.25,10265601
2025-06-24,678.0,686.5,672.0,673.65,15359947
2025-06-25,676.0,679.0,673.45,674.5,10456015
2025-06-26,677.0,683.7,674.45,682.75,10104914
2025-06-27,685.0,691.45,683.0,686.9,7198028
2025-06-30,688.9,691.9,685.0,688.0,6960104
2025-07-01,691.1,693.85,680.4,683.8,6866073
2025-07-02,683.8,692.45,680.65,688.55,8034013
2025-07-03,693.85,696.95,688.5,690.4,9668110
2025-07-04,691.0,692.85,686.35,689.05,4942900
2025-07-07,689.05,691.95,683.35,688.85,5428220
2025-07-08,693.0,696.95,687.5,693.2,7615926
2025-07-09,688.95,695.5,688.5,692.8,5478813
2025-07-10,692.0,696.75,685.0,695.6,7733963
2025-07-11,692.95,698.4,677.05,681.8,8280654
2025-07-14,681.0,681.0,672.0,674.5,7748550
2025-07-15,676.0,685.95,674.3,684.4,7041706
2025-07-16,684.4,684.4,676.35,679.0,6244205
2025-07-17,679.0,686.9,678.15,681.7,6598144
2025-07-18,683.2,686.0,678.0,680.25,5558670
2025-07-21,680.5,688.5,671.25,687.45,6731863
2025-07-22,688.0,688.85,672.35,673.4,7749518
2025-07-23,676.7,693.1,676.25,690.1,14460727
2025-07-24,692.7,706.5,692.3,700.5,15197664
2025-07-25,701.0,702.45,684.7,687.4,7271718
2025-07-28,690.7,700.5,681.4,682.9,7788718
2025-07-29,681.9,694.0,680.6,692.35,6239871
2025-07-30,690.0,690.0,665.25,668.45,18923129
2025-07-31,659.85,673.4,652.35,665.95,18723710
2025-08-01,667.95,667.95,647.0,648.85,12546169
2025-08-04,650.05,656.8,646.0,653.6,8033881
2025-08-05,655.95,658.9,650.55,654.6,6714804
2025-08-07,650.0,651.7,635.5,646.5,13609913
2025-08-08,647.95,652.95,630.0,633.7,10144452
2025-08-11,636.2,655.0,627.1,653.75,17275390
2025-08-12,651.1,660.95,650.8,654.1,11212223
2025-08-13,657.2,667.0,656.65,663.75,7557556
2025-08-14,666.0,666.55,657.7,664.6,6250494
2025-08-18,677.0,685.0,672.9,676.0,14226172
2025-08-19,676.75,703.35,673.1,700.25,19440384
2025-08-20,700.25,700.8,689.0,689.6,10050137
2025-08-21,694.0,694.95,685.0,685.4,8432614
2025-08-22,685.9,691.5,678.6,680.3,6429718
2025-08-25,683.75,688.9,680.3,686.8,6429311
2025-08-26,686.8,686.95,678.3,681.65,7496633
2025-08-28,679.9,680.9,667.8,675.45,9466045
2025-08-29,675.45,681.15,668.0,669.0,8201917
2025-09-01,671.3,691.5,670.55,690.15,7644947
2025-09-02,690.15,694.65,681.65,684.4,7854694
2025-09-03,688.0,693.45,685.0,692.05,6094892
2025-09-04,705.9,706.35,685.7,687.5,13439418
2025-09-05,690.9,697.35,683.1,691.7,6692975
2025-09-08,695.0,722.0,694.05,719.5,20531027
2025-09-09,721.15,722.25,713.5,715.55,9409853
2025-09-10,717.65,720.0,702.7,709.1,10363493
2025-09-11,710.2,712.0,704.55,705.85,5530633
2025-09-12,708.0,718.9,707.35,715.25,8252416
2025-09-15,715.3,721.95,711.55,712.9,6007524
2025-09-16,715.0,719.7,705.0,713.25,9765743
2025-09-17,715.0,722.95,714.3,719.15,11872451
2025-09-18,722.0,725.25,707.6,711.2,12199357
2025-09-19,713.5,713.5,704.95,707.45,12127319
2025-09-22,709.0,712.0,694.85,696.25,9688597
2025-09-23,701.8,707.8,697.0,701.35,11904667
2025-09-24,700.5,703.3,681.3,682.95,13252215
2025-09-25,669.9,675.0,655.3,664.3,24687611
2025-09-26,666.0,680.35,662.35,672.9,15780434
2025-09-29,684.0,685.0,670.0,672.5,13014474
2025-09-30,672.0,683.5,666.65,680.2,15001606
2025-10-01,681.0,720.0,679.2,718.35,30163206
2025-10-03,718.5,739.7,715.0,716.1,27786917
2025-10-06,718.0,718.5,703.95,712.65,10333314
2025-10-07,712.65,712.9,697.15,698.05,13099357
2025-10-08,694.9,702.0,679.0,681.55,16568975
2025-10-09,684.6,685.0,668.8,681.1,16202851
2025-10-10,684.8,688.6,666.9,678.95,16069904
2025-10-13,679.0,679.4,658.1,660.75,33288645
2025-10-14,400.0,421.55,376.3,395.45,52267874
2025-10-15,403.0,403.0,388.0,390.85,26953559
2025-10-16,395.45,400.45,389.55,396.8,21983752
2025-10-17,396.8,402.5,392.25,396.6,16564547
2025-10-20,400.05,403.4,396.6,399.75,10471672
2025-10-21,402.8,403.4,400.05,401.85,3449156
2025-10-23,407.5,408.9,403.6,405.85,14126009
