Date,Open,High,Low,Close,Volume
2013-10-23,155.7,158.75,151.1,153.8,2030335
2013-10-24,154.0,158.2,149.55,154.75,2112650
2013-10-25,153.9,157.2,150.55,156.55,826848
2013-10-28,157.0,157.0,152.5,154.55,782577
2013-10-29,154.9,158.25,151.1,157.3,897462
2013-10-30,157.25,161.9,156.05,159.9,1480188
2013-10-31,161.2,165.0,159.3,164.5,1601117
2013-11-01,164.0,167.6,162.1,164.85,1503671
2013-11-05,164.1,170.3,164.1,166.95,1701287
2013-11-06,166.0,172.6,165.2,171.95,1828842
2013-11-07,172.0,175.5,166.75,167.75,2015569
2013-11-08,167.45,171.7,165.75,167.9,1075489
2013-11-11,168.95,169.45,165.0,165.55,525003
2013-11-12,165.0,170.7,164.6,167.65,1846125
2013-11-13,164.55,168.9,164.55,166.55,891002
2013-11-14,166.5,170.5,166.4,169.0,2353294
2013-11-18,169.3,173.8,168.6,170.3,679780
2013-11-19,171.0,171.4,165.5,166.7,670880
2013-11-20,164.55,167.25,160.5,162.1,1007683
2013-11-21,161.8,164.2,160.95,162.75,1081121
2013-11-22,163.0,164.95,157.0,158.05,693997
2013-11-25,159.0,160.75,155.55,159.25,946170
2013-11-26,157.1,163.2,157.1,162.0,801118
2013-11-27,159.05,168.5,159.05,167.75,1085018
2013-11-28,169.1,170.7,165.65,168.65,3258719
2013-11-29,168.5,168.8,166.2,167.1,509294
2013-12-02,167.8,170.0,166.25,166.95,762415
2013-12-03,165.45,169.5,163.35,163.8,976084
2013-12-04,163.05,167.0,161.1,161.95,1307451
2013-12-05,164.0,167.45,164.0,165.9,1107219
2013-12-06,166.0,171.4,165.85,169.55,2431700
2013-12-09,171.0,175.0,168.55,174.35,1963344
2013-12-10,176.0,181.0,175.1,179.1,2816745
2013-12-11,180.0,184.7,178.55,183.85,2333589
2013-12-12,183.2,186.45,179.25,180.0,3064898
2013-12-13,179.0,180.1,171.1,173.1,2522146
2013-12-16,173.1,180.25,173.1,178.0,1465158
2013-12-17,178.3,183.15,174.05,176.95,1717044
2013-12-18,177.25,179.5,175.8,176.95,3394055
2013-12-19,176.95,178.5,172.9,174.7,2777460
2013-12-20,174.5,188.55,173.5,185.65,3180957
2013-12-23,184.05,190.6,183.1,188.85,1659020
2013-12-24,190.8,193.75,186.05,187.45,1655886
2013-12-26,186.95,190.8,183.55,189.65,1704150
2013-12-27,190.0,194.8,190.0,193.6,1350394
2013-12-30,194.1,198.35,192.25,196.55,2917239
2013-12-31,198.7,200.4,196.5,197.95,1027434
2014-01-01,197.95,199.7,196.75,198.45,434871
2014-01-02,198.0,202.3,195.2,196.95,1109664
2014-01-03,194.9,201.0,194.4,200.1,1137763
2014-01-06,200.0,204.0,196.8,201.45,1773186
2014-01-07,201.8,205.0,201.0,201.75,1245497
2014-01-08,200.45,203.5,199.9,201.6,1142574
2014-01-09,202.65,204.6,201.55,203.7,1498691
2014-01-10,202.3,208.15,201.05,204.05,1576605
2014-01-13,204.4,206.9,203.7,206.1,1112351
2014-01-14,206.85,208.7,204.4,207.7,783844
2014-01-15,208.05,216.35,207.3,210.2,1981101
2014-01-16,210.55,217.1,210.2,215.85,3629272
2014-01-17,216.2,217.7,212.9,216.75,1531504
2014-01-20,216.7,216.95,213.6,216.35,900911
2014-01-21,215.5,216.2,212.0,212.75,2411841
2014-01-22,211.5,216.9,210.25,214.2,1400933
2014-01-23,213.5,213.9,205.1,206.7,1011926
2014-01-24,207.0,208.65,201.55,204.45,2539081
2014-01-27,204.0,204.0,192.5,193.95,2096895
2014-01-28,194.1,195.95,182.6,184.85,2640599
2014-01-29,187.0,196.0,186.0,194.25,2634457
2014-01-30,193.9,196.7,178.25,187.5,9770096
2014-01-31,186.4,191.5,184.3,189.1,1228656
2014-02-03,188.1,191.5,183.25,185.1,657846
2014-02-04,183.5,189.9,182.05,189.05,989349
2014-02-05,190.0,192.5,188.05,190.25,1320024
2014-02-06,190.2,192.65,184.1,186.8,848143
2014-02-07,190.0,196.8,189.0,195.1,1812487
2014-02-10,195.0,199.25,194.15,196.9,1455710
2014-02-11,197.6,197.75,188.1,188.75,1500096
2014-02-12,190.0,193.25,187.6,188.65,1020451
2014-02-13,189.0,189.95,181.2,182.8,1960737
2014-02-14,183.1,188.7,183.05,185.1,1596464
2014-02-17,186.2,187.15,181.75,182.75,936836
2014-02-18,183.1,187.1,182.9,186.3,760234
2014-02-19,184.6,188.0,184.6,185.55,478356
2014-02-20,185.0,186.0,181.65,182.85,568678
2014-02-21,183.5,185.35,178.8,180.0,1611291
2014-02-24,179.7,181.8,176.6,178.5,1182909
2014-02-25,179.2,186.0,179.2,185.15,1912888
2014-02-26,186.1,188.5,182.6,183.25,2671602
2014-02-28,184.9,185.85,182.05,182.8,1138025
2014-03-03,183.0,185.2,180.1,181.3,1329465
2014-03-04,181.2,183.65,179.5,182.55,1338783
2014-03-05,184.0,189.45,184.0,187.2,1761292
2014-03-06,188.0,190.85,187.15,188.3,1681014
2014-03-07,189.0,190.9,186.4,189.2,1183172
2014-03-10,188.5,194.85,187.05,189.25,2464163
2014-03-11,189.8,193.7,188.1,189.75,1715969
2014-03-12,189.9,192.2,188.55,190.9,1962774
2014-03-13,191.85,194.4,190.05,190.95,1422088
2014-03-14,187.2,190.75,184.3,187.45,1224790
2014-03-18,188.0,191.8,188.0,189.95,1153802
2014-03-19,190.5,192.95,185.55,186.2,1464033
2014-03-20,185.0,188.55,184.5,186.85,761050
2014-03-21,187.25,190.0,185.25,185.6,937448
2014-03-24,186.25,188.0,183.85,184.95,891612
2014-03-25,184.0,186.7,179.75,181.1,2418913
2014-03-26,182.1,185.5,181.25,184.6,1332254
2014-03-27,183.0,189.2,183.0,184.5,2918646
2014-03-28,186.0,186.5,182.1,183.15,1676844
2014-03-31,184.5,186.0,181.5,184.45,1222917
2014-04-01,185.5,193.7,184.0,192.75,2198307
2014-04-02,194.6,195.35,189.65,192.75,3448904
2014-04-03,193.95,202.5,193.5,200.8,4756820
2014-04-04,202.6,207.0,201.25,202.6,2528020
2014-04-07,203.0,206.0,198.5,202.3,1325553
2014-04-09,201.5,204.8,200.55,204.1,1456643
2014-04-10,204.0,214.9,203.5,212.4,2489621
2014-04-11,211.5,223.5,209.85,216.8,3487066
2014-04-15,217.0,225.65,212.45,221.05,3362534
2014-04-16,221.0,223.3,211.6,214.3,2249461
2014-04-17,216.4,217.0,209.6,215.0,1924574
2014-04-21,216.2,220.15,215.9,219.1,1405356
2014-04-22,220.6,222.5,217.8,218.5,1477618
2014-04-23,217.55,218.8,213.45,214.7,2215281
2014-04-25,215.05,233.4,214.2,230.35,11856099
2014-04-28,233.9,279.2,233.8,276.6,31256718
2014-04-29,279.4,286.0,272.2,275.15,10854602
2014-04-30,274.8,285.5,265.15,268.1,7640842
2014-05-02,271.2,286.55,270.65,279.95,11082260
2014-05-05,282.0,287.8,277.05,278.85,3604698
2014-05-06,281.5,283.4,277.2,279.2,2861078
2014-05-07,280.6,296.0,279.5,282.75,11531167
2014-05-08,285.1,288.3,268.5,270.85,8543415
2014-05-09,269.5,280.9,263.4,276.3,4398778
2014-05-12,270.0,279.85,268.3,270.1,2644560
2014-05-13,272.0,277.5,270.1,274.9,1996436
2014-05-14,276.05,281.0,273.15,277.65,2726208
2014-05-15,275.2,279.85,269.5,271.75,1725842
2014-05-16,273.55,293.4,271.1,284.85,2978624
2014-05-19,288.2,309.8,287.0,305.95,4151304
2014-05-20,310.5,313.5,291.6,297.25,3461268
2014-05-21,299.7,309.05,295.3,301.9,3994274
2014-05-22,302.25,311.1,302.25,306.75,2731590
2014-05-23,309.45,310.9,306.0,307.6,1144335
2014-05-26,310.2,322.0,290.0,308.4,3055317
2014-05-27,309.05,313.15,299.8,304.85,1004889
2014-05-28,303.65,312.8,299.05,311.05,2278881
2014-05-29,313.0,321.7,305.5,308.75,4742448
2014-05-30,308.75,316.5,298.05,301.8,2158634
2014-06-02,301.7,307.85,301.0,305.5,766567
2014-06-03,305.55,308.25,300.5,302.55,911173
2014-06-04,302.4,309.5,302.4,307.9,856641
2014-06-05,306.8,316.6,306.8,313.0,2061544
2014-06-06,314.0,320.1,310.8,315.25,1881041
2014-06-09,315.25,325.5,312.8,321.3,2010576
2014-06-10,325.45,325.5,310.2,315.1,1164030
2014-06-11,316.0,316.8,300.05,302.7,1898912
2014-06-12,303.0,310.0,302.15,305.7,1479856
2014-06-13,307.0,308.6,288.3,296.55,1301989
2014-06-16,298.0,309.0,285.55,301.85,2964186
2014-06-17,302.0,318.4,300.45,315.45,1963720
2014-06-18,312.3,322.2,305.75,313.15,1518422
2014-06-19,311.05,325.95,311.05,324.0,2523795
2014-06-20,327.05,328.85,310.15,312.4,2350399
2014-06-23,314.6,316.7,307.15,310.05,889424
2014-06-24,310.55,318.9,310.55,317.9,1557087
2014-06-25,318.6,323.4,314.15,315.15,1786660
2014-06-26,316.8,330.55,313.0,325.35,4676411
2014-06-27,326.95,330.05,320.3,329.6,2864299
2014-06-30,331.0,344.9,329.1,341.45,2682685
2014-07-01,339.15,345.0,333.5,335.0,1482632
2014-07-02,337.8,340.8,335.4,337.15,1499217
2014-07-03,340.0,348.8,339.5,343.7,2187976
2014-07-04,344.7,359.3,338.1,352.65,2940459
2014-07-07,347.0,352.35,341.2,342.25,1062306
2014-07-08,339.2,342.0,319.75,322.65,3220668
2014-07-09,322.0,328.95,315.8,320.9,1958867
2014-07-10,319.9,330.15,311.4,321.05,2321923
2014-07-11,320.0,329.0,317.8,321.05,1953643
2014-07-14,319.05,322.95,314.1,318.45,1248784
2014-07-15,319.15,331.9,319.15,328.8,1596147
2014-07-16,332.65,334.0,324.25,329.6,1492192
2014-07-17,326.55,332.9,325.1,326.65,1597412
2014-07-18,324.0,325.95,321.05,324.65,1192884
2014-07-21,322.3,332.65,322.3,324.3,1940071
2014-07-22,324.5,328.2,320.8,324.15,978808
2014-07-23,325.0,326.5,312.3,319.2,1474483
2014-07-24,317.85,320.5,312.95,314.6,1743940
2014-07-25,312.3,318.3,305.9,314.9,1402726
2014-07-28,314.3,320.95,309.45,310.85,3608196
2014-07-30,312.05,325.35,310.9,324.25,2138283
2014-07-31,324.0,333.9,321.9,328.85,6770218
2014-08-01,322.55,334.7,322.55,332.7,3420998
2014-08-04,330.25,335.95,329.5,334.2,2236243
2014-08-05,335.0,336.5,328.2,331.6,1430760
2014-08-06,329.7,338.4,329.7,333.15,1504099
2014-08-07,331.7,331.7,315.45,316.55,1953208
2014-08-08,314.4,314.4,302.0,303.6,1382292
2014-08-11,305.35,310.4,297.15,307.55,1876168
2014-08-12,310.45,311.35,306.3,308.3,825061
2014-08-13,305.2,314.95,304.0,305.9,1263417
2014-08-14,302.8,314.9,300.05,314.15,1331651
2014-08-18,311.05,325.0,311.05,324.55,1529156
2014-08-19,323.0,328.7,320.65,327.2,968552
2014-08-20,321.3,328.35,318.4,320.75,1143851
2014-08-21,321.0,329.6,321.0,325.5,1529069
2014-08-22,325.0,342.4,325.0,338.5,1730389
2014-08-25,341.9,345.4,322.8,324.55,2232677
2014-08-26,325.5,332.25,317.4,325.55,1864666
2014-08-27,326.1,331.5,323.25,324.85,1884034
2014-08-28,326.0,326.9,313.75,316.1,1434448
2014-09-01,318.95,328.35,318.7,327.7,718289
2014-09-02,326.1,331.35,323.45,324.55,639086
2014-09-03,324.0,345.2,324.0,342.85,1580017
2014-09-04,345.4,372.0,343.25,369.35,5261601
2014-09-05,370.0,382.0,365.35,378.3,3966753
2014-09-08,377.0,385.0,370.4,380.7,1993242
2014-09-09,377.05,388.7,373.85,386.1,1605467
2014-09-10,383.7,388.35,378.0,380.2,963920
2014-09-11,380.9,384.3,370.25,373.8,1079189
2014-09-12,374.3,375.85,363.1,367.8,1121908
2014-09-15,363.05,372.85,359.5,362.25,1276528
2014-09-16,359.65,368.8,340.45,342.25,1929660
2014-09-17,344.05,351.75,335.0,343.35,1795533
2014-09-18,339.9,363.5,337.05,359.4,2330658
2014-09-19,362.4,368.3,350.75,353.0,2332110
2014-09-22,349.5,358.4,348.5,354.95,1064142
2014-09-23,354.0,362.95,347.2,348.45,1236604
2014-09-24,345.0,349.45,336.15,345.7,840250
2014-09-25,342.35,348.0,328.75,335.9,1596774
2014-09-26,333.5,341.3,326.65,338.4,897067
2014-09-29,339.95,350.0,337.0,347.0,695360
2014-09-30,345.45,347.85,337.0,340.05,787400
2014-10-01,338.2,341.95,334.6,338.7,542390
2014-10-07,336.25,344.9,336.25,338.65,611660
2014-10-08,335.65,342.95,334.6,338.75,393842
2014-10-09,339.9,344.9,338.05,342.0,810515
2014-10-10,340.0,340.0,330.5,331.85,635922
2014-10-13,330.0,336.9,325.5,334.9,401757
2014-10-14,347.75,355.9,342.75,344.2,2583230
2014-10-16,343.5,345.1,313.7,320.05,1852453
2014-10-17,323.7,326.0,315.55,322.75,1271616
2014-10-20,329.65,333.3,324.45,330.6,1088968
2014-10-21,333.35,336.7,319.4,326.85,2830831
2014-10-22,330.0,336.5,327.7,335.65,1722355
2014-10-23,336.9,337.85,335.0,336.2,127121
2014-10-27,338.7,344.0,333.9,335.95,2080440
2014-10-28,334.6,338.5,333.15,335.2,910322
2014-10-29,336.5,343.3,335.0,342.05,1246320
2014-10-30,341.5,344.8,338.5,340.05,2439996
2014-10-31,340.4,350.5,340.4,348.55,1529698
2014-11-03,349.0,349.8,340.85,342.75,1320671
2014-11-05,343.0,353.5,337.5,338.45,2657732
2014-11-07,340.0,340.75,328.65,333.35,1071876
2014-11-10,333.0,339.0,331.4,335.6,1026040
2014-11-11,337.9,337.9,327.1,329.5,1481237
2014-11-12,330.3,351.2,329.0,348.4,2766350
2014-11-13,350.0,361.45,347.0,358.25,3461323
2014-11-14,361.0,365.4,356.65,361.75,2417406
2014-11-17,361.0,363.1,356.3,358.7,879555
2014-11-18,359.3,365.0,353.25,359.45,834721
2014-11-19,360.5,370.0,342.0,347.9,2532107
2014-11-20,348.05,354.5,345.9,353.3,1041122
2014-11-21,354.9,358.0,346.6,350.2,1355465
2014-11-24,350.35,358.95,348.25,354.85,1621618
2014-11-25,352.5,354.0,338.05,343.25,942525
2014-11-26,341.5,344.95,336.5,338.5,1425743
2014-11-27,340.0,340.9,332.2,338.5,1929650
2014-11-28,336.75,348.5,336.75,345.8,1566015
2014-12-01,346.8,350.5,341.35,343.35,1066292
2014-12-02,341.4,346.55,339.05,344.8,1794442
2014-12-03,347.6,350.5,343.1,346.7,1184789
2014-12-04,347.4,349.0,338.7,339.7,1468280
2014-12-05,340.0,342.7,333.6,335.75,1439689
2014-12-08,337.7,337.7,327.0,330.5,1618878
2014-12-09,330.0,331.5,316.1,318.05,1968101
2014-12-10,316.3,329.4,315.15,327.65,1511604
2014-12-11,325.1,328.25,318.15,322.75,1424813
2014-12-12,321.55,323.85,301.55,308.95,2494163
2014-12-15,308.5,311.7,299.45,307.3,1784857
2014-12-16,304.5,312.95,301.0,302.7,2804445
2014-12-17,300.0,314.8,300.0,311.85,2863846
2014-12-18,314.3,324.95,313.55,321.3,2277930
2014-12-19,325.5,328.65,321.0,322.9,1845892
2014-12-22,322.6,331.95,322.6,330.85,1232585
2014-12-23,331.6,333.1,326.5,330.65,1335033
2014-12-24,330.05,337.45,328.0,331.25,2846025
2014-12-26,331.25,334.9,329.0,334.2,670590
2014-12-29,333.25,340.9,333.1,336.1,1064046
2014-12-30,336.1,340.4,335.4,338.1,815900
2014-12-31,336.6,349.0,336.6,346.55,1976913
2015-01-01,346.2,346.2,338.45,341.6,525154
2015-01-02,341.75,355.25,341.75,352.25,2323652
2015-01-05,350.0,354.0,345.1,345.7,970159
2015-01-06,342.95,342.95,326.1,328.95,1380745
2015-01-07,327.9,334.6,315.3,323.05,2480122
2015-01-08,326.05,334.65,323.9,332.8,1494112
2015-01-09,334.9,338.45,327.3,332.35,2060313
2015-01-12,332.8,334.95,328.05,330.6,900701
2015-01-13,332.0,357.4,332.0,344.75,4629859
2015-01-14,345.8,359.9,343.0,358.2,2878372
2015-01-15,363.0,365.0,353.6,362.5,1983289
2015-01-16,361.5,373.95,358.95,370.15,1853314
2015-01-19,370.7,374.5,367.25,371.05,1490704
2015-01-20,372.0,375.2,369.1,371.35,1252342
2015-01-21,372.8,372.8,357.1,364.3,1639284
2015-01-22,363.05,367.6,357.0,360.35,1148951
2015-01-23,363.75,365.55,356.3,358.05,1025195
2015-01-27,359.0,363.0,349.0,350.65,1327359
2015-01-28,353.0,360.3,349.25,354.25,1093703
2015-01-29,354.0,367.4,350.2,365.2,1722592
2015-01-30,369.8,374.25,364.0,368.35,1265602
2015-02-02,369.9,395.7,359.05,393.8,4039918
2015-02-03,397.05,419.0,389.75,416.3,7005164
2015-02-04,418.8,436.0,415.15,429.6,6008793
2015-02-05,428.0,428.0,415.65,417.95,1841414
2015-02-06,414.0,436.75,409.05,428.35,3732392
2015-02-09,426.0,426.0,409.0,413.6,1405363
2015-02-10,412.3,429.5,411.35,424.65,1641816
2015-02-11,427.05,439.9,418.05,435.65,3583011
2015-02-12,439.5,447.75,437.2,442.15,1886537
2015-02-13,442.65,443.05,426.7,429.6,1530513
2015-02-16,428.0,436.4,422.15,426.45,991380
2015-02-18,426.45,430.1,416.55,417.85,1055227
2015-02-19,419.8,433.25,419.0,427.95,1291594
2015-02-20,427.85,427.85,417.1,421.05,853791
2015-02-23,425.1,428.9,413.35,417.15,1422503
2015-02-24,415.15,424.0,411.75,414.1,1966082
2015-02-25,416.8,421.6,404.0,411.25,2936426
2015-02-26,412.0,414.25,399.1,407.35,1477562
2015-02-27,408.5,421.4,408.5,419.8,1015008
2015-03-02,418.0,425.75,415.6,422.85,865497
2015-03-03,423.1,426.25,417.1,418.55,640048
2015-03-04,422.6,426.0,411.3,415.25,1392030
2015-03-05,417.5,424.0,414.05,421.7,1104006
2015-03-09,422.2,439.95,417.7,436.5,2730311
2015-03-10,440.25,442.2,432.0,433.9,1356430
2015-03-11,432.3,434.8,424.0,425.55,698885
2015-03-12,424.0,431.8,420.25,428.85,950802
2015-03-13,431.05,434.0,409.6,413.2,1327374
2015-03-16,413.2,414.7,400.75,408.35,1158109
2015-03-17,408.9,422.95,407.45,417.55,1858087
2015-03-18,421.0,428.4,417.2,422.45,1325369
2015-03-19,426.0,433.75,419.8,428.3,1820649
2015-03-20,434.7,436.5,411.3,417.3,2324985
2015-03-23,419.0,425.95,416.15,419.8,1140061
2015-03-24,419.7,423.85,413.55,414.45,725735
2015-03-25,415.9,425.5,415.0,419.95,959717
2015-03-26,419.8,431.05,417.35,426.85,1694828
2015-03-27,430.0,446.95,415.5,435.25,2625045
2015-03-30,439.7,445.9,437.0,440.6,1485677
2015-03-31,442.9,457.85,438.35,442.15,2623854
2015-04-01,443.5,449.65,435.95,440.7,1263388
2015-04-06,440.7,452.5,438.4,450.3,1888769
2015-04-07,454.85,478.8,451.05,473.25,2842805
2015-04-08,475.95,475.95,458.4,462.25,1741004
2015-04-09,462.6,470.15,452.15,454.25,1885806
2015-04-10,453.8,465.2,453.0,463.4,1762467
2015-04-13,464.95,478.4,462.6,474.7,3325753
2015-04-15,476.0,485.0,458.35,460.85,3550023
2015-04-16,462.9,467.85,438.65,451.95,1788201
2015-04-17,453.8,455.9,427.35,428.9,2555563
2015-04-20,429.0,429.45,404.1,409.9,1997796
2015-04-21,409.4,429.5,397.35,424.95,1804540
2015-04-22,428.4,435.55,418.2,429.85,2093006
2015-04-23,432.9,439.5,431.2,437.25,1526047
2015-04-24,438.7,438.7,423.65,434.7,1267341
2015-04-27,431.6,452.75,424.15,445.85,5126962
2015-04-28,448.0,479.85,444.1,475.85,3496279
2015-04-29,475.0,483.2,466.0,468.65,2439809
2015-04-30,466.0,496.0,462.25,490.65,5377455
2015-05-04,491.5,501.4,485.1,497.15,3005925
2015-05-05,494.3,505.9,487.3,495.1,2614949
2015-05-06,491.5,502.0,476.7,478.9,3380818
2015-05-07,484.9,493.8,475.1,488.0,2026498
2015-05-08,494.5,510.9,492.35,506.55,1845532
2015-05-11,510.75,512.6,500.4,504.75,2852382
2015-05-12,499.55,502.0,477.2,489.1,3186825
2015-05-13,496.9,513.3,495.25,507.8,4812652
2015-05-14,510.5,525.0,510.45,515.25,2861613
2015-05-15,516.4,526.5,515.1,521.35,1609375
2015-05-18,521.45,532.0,519.3,527.7,2886536
2015-05-19,527.8,533.15,518.75,521.15,1198711
2015-05-20,525.0,529.0,514.6,517.15,1776499
2015-05-21,519.7,540.6,519.2,538.8,2540373
2015-05-22,547.0,547.0,529.55,537.65,1324857
2015-05-25,538.7,555.4,537.85,551.6,2123650
2015-05-26,551.6,568.4,546.1,565.25,4126700
2015-05-27,557.1,560.0,532.3,537.1,4634250
2015-05-28,532.0,541.7,510.2,518.9,4624566
2015-05-29,518.6,570.0,512.8,552.65,31588737
2015-06-01,535.0,561.5,532.15,543.05,3212973
2015-06-02,546.4,555.65,525.65,531.1,1914326
2015-06-03,531.95,544.85,526.65,539.9,2228295
2015-06-04,541.25,563.4,541.25,560.5,2304583
2015-06-05,560.25,567.8,543.65,550.15,2422295
2015-06-08,548.7,548.7,532.65,534.6,1713261
2015-06-09,533.0,536.1,512.85,516.4,2301317
2015-06-10,518.5,525.8,511.4,520.75,1466414
2015-06-11,526.0,526.85,504.0,506.55,1275865
2015-06-12,506.4,526.95,501.4,524.05,1309872
2015-06-15,526.4,536.0,511.2,514.1,2231819
2015-06-16,513.0,522.7,507.75,519.2,1353251
2015-06-17,522.8,536.0,519.35,532.3,1439829
2015-06-18,533.4,536.5,523.25,525.05,1122710
2015-06-19,527.8,528.3,516.55,521.5,1969637
2015-06-22,524.75,550.05,521.5,546.2,2065756
2015-06-23,551.0,562.3,550.45,559.45,2476051
2015-06-24,560.0,564.05,536.5,541.45,1827927
2015-06-25,539.9,561.0,536.9,557.95,4138639
2015-06-26,553.05,574.8,546.3,559.05,2857890
2015-06-29,541.0,551.6,536.5,538.15,1383006
2015-06-30,540.8,547.0,531.25,535.6,2507753
2015-07-01,538.8,550.7,537.0,547.2,1688333
2015-07-02,547.45,556.7,543.55,548.9,1188478
2015-07-03,551.0,557.4,544.0,547.4,928121
2015-07-06,540.0,560.0,539.0,558.6,1579059
2015-07-07,559.1,562.4,548.3,552.9,1703178
2015-07-08,548.0,552.75,530.25,533.3,1794636
2015-07-09,533.2,533.2,514.0,516.8,3534740
2015-07-10,520.0,525.6,514.6,518.7,2940194
2015-07-13,520.5,525.4,511.0,521.3,1917945
2015-07-14,522.5,529.5,520.05,522.5,1722690
2015-07-15,523.45,529.2,519.05,526.75,1189616
2015-07-16,524.2,539.0,521.2,536.45,2046679
2015-07-17,539.95,544.25,531.65,533.95,1510162
2015-07-20,535.5,549.5,533.7,546.6,1454628
2015-07-21,547.0,555.0,538.05,543.0,1518086
2015-07-22,544.7,552.9,542.05,546.15,1428131
2015-07-23,549.9,550.0,537.0,541.3,845344
2015-07-24,542.7,549.9,533.6,536.5,1003279
2015-07-27,537.0,546.95,522.5,536.85,1249836
2015-07-28,535.8,546.0,524.0,526.15,1013284
2015-07-29,531.5,538.7,515.0,526.7,2188494
2015-07-30,530.0,534.0,517.5,519.3,1393239
2015-07-31,520.0,548.0,519.5,535.7,2365115
2015-08-03,536.95,546.35,535.0,541.3,974202
2015-08-04,542.0,563.0,541.5,560.8,2134441
2015-08-05,565.6,575.0,562.05,566.5,2231870
2015-08-06,567.85,568.0,546.4,550.25,1431421
2015-08-07,551.8,556.0,542.25,544.05,1322244
2015-08-10,544.9,572.0,544.0,562.85,2654039
2015-08-11,566.4,576.4,555.0,562.35,2536983
2015-08-12,555.0,559.4,540.8,542.7,888524
2015-08-13,548.0,564.0,545.05,552.05,1848242
2015-08-14,555.0,559.85,544.1,547.5,1529736
2015-08-17,548.7,558.95,536.5,553.45,938696
2015-08-18,558.0,564.5,552.5,560.55,699849
2015-08-19,561.0,571.0,556.25,565.1,1043748
2015-08-20,563.0,565.1,545.0,547.5,1020542
2015-08-21,542.9,542.9,520.35,535.7,1016733
2015-08-24,519.8,519.8,456.0,488.45,2089969
2015-08-25,493.0,507.45,484.75,499.9,2227508
2015-08-26,499.9,517.95,492.45,505.35,1417127
2015-08-27,514.0,527.95,512.0,518.75,1817347
2015-08-28,525.0,533.7,514.4,521.75,1876785
2015-08-31,515.1,517.35,500.2,502.55,1581237
2015-09-01,498.0,530.0,494.05,525.85,2975680
2015-09-02,532.0,540.0,526.95,531.05,1903304
2015-09-03,541.0,551.4,537.4,548.0,2705817
2015-09-04,547.35,547.35,521.6,529.65,1021963
2015-09-07,535.0,535.15,521.9,525.05,1059870
2015-09-08,526.7,530.0,499.25,518.8,1749201
2015-09-09,527.9,533.9,515.55,520.6,1285639
2015-09-10,509.0,515.0,485.1,496.1,2736465
2015-09-11,497.0,509.8,487.8,506.45,2060779
2015-09-14,509.8,510.0,495.0,502.15,1970032
2015-09-15,504.2,506.0,490.0,492.2,1534820
2015-09-16,496.45,501.0,473.5,477.9,2237627
2015-09-18,487.95,502.4,475.0,481.05,7956559
2015-09-21,478.0,484.0,468.25,470.75,1544396
2015-09-22,478.0,482.0,458.8,462.6,1349592
2015-09-23,456.0,467.0,449.05,465.05,1541765
2015-09-24,465.7,469.2,460.5,466.5,1605687
2015-09-28,468.7,471.85,451.05,454.35,762139
2015-09-29,446.2,451.15,438.0,441.3,1350701
2015-09-30,449.0,461.7,443.75,458.3,1974376
2015-10-01,463.4,463.5,448.15,454.0,951801
2015-10-05,457.85,457.85,433.8,452.0,2194832
2015-10-06,457.3,466.7,452.0,464.75,1818228
2015-10-07,466.8,466.8,444.5,448.9,1932827
2015-10-08,450.0,452.6,439.8,444.55,2528715
2015-10-09,445.25,455.95,445.25,453.0,1384209
2015-10-12,457.5,469.0,455.1,467.2,1121083
2015-10-13,471.0,477.45,467.2,475.6,1499509
2015-10-14,475.0,478.95,465.2,470.3,1044419
2015-10-15,472.0,478.5,468.3,476.45,2161269
2015-10-16,477.0,482.95,463.25,476.55,1184018
2015-10-19,476.55,489.8,475.75,488.05,1316455
2015-10-20,487.0,489.0,475.05,481.75,823741
2015-10-21,481.9,486.4,470.5,479.65,794664
2015-10-23,481.5,487.85,460.0,461.75,1280785
2015-10-26,466.0,468.9,440.8,448.05,4335896
2015-10-27,451.7,472.25,449.75,469.1,2355493
2015-10-28,471.45,480.4,464.2,474.15,1783549
2015-10-29,474.15,479.5,472.65,475.75,1201263
2015-10-30,477.0,480.6,456.65,459.7,1719569
2015-11-02,460.6,464.0,451.5,458.15,865592
2015-11-03,458.0,461.9,450.1,451.3,968077
2015-11-04,453.0,456.9,443.1,454.6,1562015
2015-11-05,453.0,455.05,437.6,439.55,1040337
2015-11-06,438.95,451.3,433.0,448.55,1583891
2015-11-09,444.9,463.45,436.25,460.8,1265863
2015-11-10,459.0,460.0,448.6,453.3,779640
2015-11-11,454.6,459.9,451.85,453.9,86942
2015-11-13,443.05,446.0,430.0,434.95,1583633
2015-11-16,433.6,443.9,430.85,439.2,934593
2015-11-17,446.15,448.0,438.05,444.75,1041420
2015-11-18,447.5,454.0,442.1,445.05,1008769
2015-11-19,449.5,455.75,445.25,449.9,811795
2015-11-20,453.65,462.85,451.15,459.2,1055313
2015-11-23,464.0,472.0,439.25,441.95,4313904
2015-11-24,445.85,446.6,435.5,437.05,1662616
2015-11-26,438.65,440.5,429.2,430.4,1486957
2015-11-27,433.9,435.45,419.4,421.05,1512089
2015-11-30,419.1,424.95,413.1,415.75,2475188
2015-12-01,417.9,430.0,417.9,425.15,1106297
2015-12-02,426.0,431.9,422.7,424.6,1167204
2015-12-03,422.15,426.15,419.25,421.4,657075
2015-12-04,417.0,421.25,416.0,418.9,994791
2015-12-07,421.5,422.2,409.3,413.75,915637
2015-12-08,412.0,412.6,402.65,404.55,1588166
2015-12-09,400.75,401.25,390.6,394.75,1603146
2015-12-10,394.7,411.9,387.3,408.4,1710557
2015-12-11,411.0,412.75,395.0,396.6,1170160
2015-12-14,393.9,407.2,385.0,405.15,1166655
2015-12-15,407.0,419.95,405.25,419.1,2061454
2015-12-16,422.8,425.75,419.5,424.4,1538339
2015-12-17,425.0,428.9,417.0,427.05,1564141
2015-12-18,410.0,424.8,410.0,422.15,1378187
2015-12-21,416.7,433.7,416.7,428.15,1035996
2015-12-22,428.0,431.95,424.5,427.2,988129
2015-12-23,428.55,436.4,427.65,434.15,899827
2015-12-24,435.0,435.65,429.8,433.05,315309
2015-12-28,433.05,436.8,431.0,434.85,640557
2015-12-29,434.5,438.0,430.05,433.85,425114
2015-12-30,433.85,438.0,430.3,434.95,445346
2015-12-31,435.0,443.7,430.5,438.1,1740068
2016-01-01,438.1,442.75,435.6,440.35,215763
2016-01-04,436.5,445.0,426.8,433.85,707107
2016-01-05,436.5,437.65,427.55,435.3,840235
2016-01-06,434.65,445.2,433.35,443.35,944180
2016-01-07,441.5,441.5,412.2,417.4,1104380
2016-01-08,421.0,428.55,417.55,425.45,584362
2016-01-11,420.0,427.85,417.3,424.9,641044
2016-01-12,426.2,432.6,419.75,424.9,850649
2016-01-13,430.15,430.15,404.3,411.1,1079341
2016-01-14,404.1,405.9,391.65,398.55,1283876
2016-01-15,401.0,405.0,388.55,390.35,1364926
2016-01-18,385.6,394.25,374.65,388.0,951035
2016-01-19,389.0,398.9,387.1,391.95,768965
2016-01-20,385.0,388.45,370.35,373.45,1847785
2016-01-21,372.1,382.4,372.0,377.7,1406889
2016-01-22,382.65,402.25,380.25,399.2,1035614
2016-01-25,402.8,405.1,394.25,401.6,720941
2016-01-27,404.0,416.7,401.0,413.15,1484018
2016-01-28,413.1,421.0,409.05,410.65,1468535
2016-01-29,413.95,438.9,410.9,437.15,2515714
2016-02-01,441.0,441.95,430.5,438.15,897004
2016-02-02,437.0,438.0,412.6,416.0,1139482
2016-02-03,409.0,413.85,402.85,409.1,737736
2016-02-04,414.7,418.25,397.5,405.25,870586
2016-02-05,407.85,414.85,403.55,412.0,912361
2016-02-08,413.5,418.0,401.05,403.55,466188
2016-02-09,399.5,405.05,386.3,390.3,679610
2016-02-10,385.0,397.95,384.2,395.3,942150
2016-02-11,393.0,397.75,376.8,387.7,1242801
2016-02-12,388.85,393.3,367.25,379.4,1044446
2016-02-17,402.9,407.0,382.6,395.6,863061
2016-02-18,402.7,403.0,387.5,393.7,533185
2016-02-19,392.0,400.0,382.75,398.05,659256
2016-02-22,399.0,402.95,392.0,394.7,626194
2016-02-23,395.0,399.65,388.0,394.35,581248
2016-02-24,391.8,393.5,376.55,378.7,735394
2016-02-25,379.95,386.25,369.45,382.2,1598429
2016-02-26,386.0,390.0,376.0,378.55,893981
2016-02-29,377.0,388.3,368.25,381.65,1515535
2016-03-01,382.4,410.4,382.0,406.3,1165938
2016-03-02,408.2,423.5,408.2,411.55,1365655
2016-03-03,424.0,426.95,416.25,424.75,1197877
2016-03-04,424.1,448.2,424.1,444.8,2811572
2016-03-08,444.0,444.75,431.45,435.5,736768
2016-03-09,433.0,438.4,428.5,435.05,1003946
2016-03-10,437.8,454.4,435.0,447.45,1587424
2016-03-11,445.0,446.65,432.0,438.5,730722
2016-03-14,441.0,447.6,438.1,440.0,436110
2016-03-15,438.0,442.0,432.15,434.25,512726
2016-03-16,434.0,436.4,420.0,430.4,596291
2016-03-17,436.0,444.6,433.7,437.3,771562
2016-03-18,442.1,445.85,430.55,441.0,823538
2016-03-21,442.0,446.45,433.6,445.25,830843
2016-03-22,446.8,448.4,438.2,444.4,986603
2016-03-23,443.95,458.6,442.95,456.35,1058026
2016-03-28,461.0,465.2,447.65,451.65,975892
2016-03-29,451.6,462.4,449.25,451.35,1091922
2016-03-30,454.0,475.4,454.0,472.1,2170665
2016-03-31,470.15,483.0,466.15,477.7,1336470
2016-04-01,474.45,474.85,461.45,466.45,801799
2016-04-04,471.0,471.55,460.5,467.5,707374
2016-04-05,466.7,476.7,456.6,458.6,848376
2016-04-06,458.05,464.0,448.55,458.0,859881
2016-04-07,459.0,469.25,453.4,462.75,598326
2016-04-08,466.8,468.7,457.6,460.0,508493
2016-04-11,462.0,477.25,458.15,475.85,1566863
2016-04-12,478.0,499.6,477.0,493.65,2445049
2016-04-13,501.0,506.8,498.2,503.8,1496067
2016-04-18,505.0,512.45,502.2,507.25,1076904
2016-04-20,511.1,511.4,496.75,504.4,1568927
2016-04-21,506.0,518.0,506.0,514.2,1126424
2016-04-22,510.55,524.85,507.5,523.3,1423016
2016-04-25,523.05,526.8,514.5,524.6,1333751
2016-04-26,520.0,524.55,508.3,510.55,1226441
2016-04-27,507.1,518.35,505.5,514.95,947980
2016-04-28,514.0,522.0,510.9,516.95,1813795
2016-04-29,518.0,542.0,517.9,537.9,3545802
2016-05-02,541.65,599.75,538.3,594.9,8363282
2016-05-03,595.0,603.4,576.25,579.45,3294214
2016-05-04,579.7,586.45,571.2,579.1,2464332
2016-05-05,582.5,606.9,577.55,592.45,2775356
2016-05-06,590.9,608.0,587.75,592.9,2663003
2016-05-09,596.05,596.05,582.2,587.2,1296772
2016-05-10,590.5,597.85,583.1,588.6,2074272
2016-05-11,582.0,599.5,577.8,593.55,1807615
2016-05-12,596.4,606.8,594.6,599.35,2358945
2016-05-13,601.55,612.95,572.9,583.75,3224504
2016-05-16,583.2,591.0,576.25,584.85,1465565
2016-05-17,588.0,593.4,577.3,580.2,2001669
2016-05-18,578.0,578.9,564.15,570.4,1621554
2016-05-19,569.5,576.8,558.5,561.05,1304016
2016-05-20,562.0,580.8,555.0,576.3,2081809
2016-05-23,579.4,585.4,568.1,570.7,1146103
2016-05-24,571.8,574.1,564.2,568.25,1289741
2016-05-25,573.7,590.8,573.7,588.35,2033177
2016-05-26,591.3,598.65,588.0,592.95,5711005
2016-05-27,594.7,603.7,591.2,595.4,1436979
2016-05-30,597.9,602.6,586.4,591.75,1165140
2016-05-31,594.5,607.5,590.25,595.5,3304889
2016-06-01,598.25,598.35,585.4,591.35,1586330
2016-06-02,592.0,609.2,590.3,604.95,3717971
2016-06-03,608.0,616.95,603.05,606.05,2649694
2016-06-06,608.0,616.35,606.2,611.6,2219453
2016-06-07,614.65,614.95,596.4,600.1,1877935
2016-06-08,600.0,605.0,594.0,599.1,1053752
2016-06-09,600.05,602.3,587.05,590.4,1072892
2016-06-10,586.6,589.75,578.05,580.0,1613356
2016-06-13,577.5,588.7,566.55,586.9,962031
2016-06-14,590.0,591.85,576.0,582.4,888684
2016-06-15,584.9,589.0,580.5,584.9,773670
2016-06-16,583.0,583.0,561.5,568.45,1799304
2016-06-17,572.1,576.0,564.55,567.15,947393
2016-06-20,561.05,571.35,556.65,569.05,2254686
2016-06-21,571.9,574.2,560.35,561.55,1454154
2016-06-22,563.9,566.3,551.6,556.0,1002547
2016-06-23,556.0,557.0,540.5,542.05,1730836
2016-06-24,525.0,543.0,490.0,540.2,2646553
2016-06-27,541.8,548.5,538.0,545.0,638103
2016-06-28,547.85,552.8,543.55,546.15,1999615
2016-06-29,549.0,554.5,545.65,549.65,1485978
2016-06-30,553.45,563.9,548.1,550.1,2332269
2016-07-01,553.9,563.75,553.0,560.5,1872015
2016-07-04,563.7,566.7,554.25,555.9,1011628
2016-07-05,552.0,553.2,542.5,546.3,908529
2016-07-07,544.0,558.5,541.05,554.25,1626218
2016-07-08,556.7,561.2,547.5,551.65,1519023
2016-07-11,554.0,557.35,538.35,546.6,912927
2016-07-12,546.0,552.35,543.35,550.2,1075599
2016-07-13,550.2,563.8,547.55,561.3,2214242
2016-07-14,563.95,571.0,561.6,569.1,2219908
2016-07-15,571.9,573.95,563.1,566.6,1454009
2016-07-18,567.7,569.0,551.25,555.7,615211
2016-07-19,555.65,559.6,549.0,553.2,987524
2016-07-20,553.2,556.0,550.6,552.75,837136
2016-07-21,553.3,561.5,549.0,559.1,1183414
2016-07-22,561.8,586.0,560.3,584.1,2229256
2016-07-25,586.7,586.7,574.45,579.4,1071407
2016-07-26,579.4,589.75,574.35,578.1,1260143
2016-07-27,581.0,610.85,581.0,608.8,5370941
2016-07-28,612.75,618.0,602.8,610.1,2784990
2016-07-29,612.95,629.75,605.95,624.85,8831562
2016-08-01,627.95,629.95,607.35,611.6,1815342
2016-08-02,615.9,616.95,582.2,588.0,2398932
2016-08-03,588.0,594.8,575.85,583.2,2287439
2016-08-04,588.85,606.35,586.15,602.3,2435520
2016-08-05,604.0,616.35,603.05,614.0,1354323
2016-08-08,614.6,629.4,614.5,622.15,1849660
2016-08-09,625.95,625.95,605.5,615.9,1169212
2016-08-10,618.15,629.0,614.75,620.3,1793127
2016-08-11,620.9,636.45,614.6,628.35,2324769
2016-08-12,629.55,634.9,626.85,629.55,1120266
2016-08-16,632.0,637.75,620.2,626.2,1097689
2016-08-17,627.0,646.4,623.05,642.6,1706075
2016-08-18,646.0,652.5,639.1,644.05,1594279
2016-08-19,646.25,649.9,638.0,645.2,1211146
2016-08-22,644.0,655.5,641.35,652.0,1553265
2016-08-23,648.0,653.6,639.8,645.25,913169
2016-08-24,642.05,651.7,641.15,644.2,737226
2016-08-25,645.0,646.05,629.3,632.25,1421234
2016-08-26,634.5,639.0,625.65,634.8,1284634
2016-08-29,631.6,649.2,631.6,637.15,1693138
2016-08-30,640.05,643.7,637.95,638.75,517904
2016-08-31,641.4,644.65,634.75,638.95,1414184
2016-09-01,639.9,645.0,612.8,627.15,876847
2016-09-02,625.1,639.9,617.1,635.2,936009
2016-09-06,632.0,650.8,632.0,647.95,1201199
2016-09-07,646.6,668.0,646.55,660.85,2101398
2016-09-08,661.0,662.6,652.35,659.35,656016
2016-09-09,650.0,671.35,650.0,660.5,1633446
2016-09-12,648.0,657.9,635.1,649.1,1753618
2016-09-14,648.35,700.25,648.35,696.3,2349569
2016-09-15,703.1,710.7,682.25,684.75,2481208
2016-09-16,686.55,700.5,682.55,692.8,3224824
2016-09-19,699.7,699.7,678.9,682.25,1953697
2016-09-20,686.0,691.25,677.6,679.8,1396637
2016-09-21,682.4,697.0,675.75,684.2,1933873
2016-09-22,691.0,696.3,680.8,684.25,1694575
2016-09-23,688.0,706.9,683.1,692.4,2740874
2016-09-26,694.2,694.2,678.65,682.15,1229284
2016-09-27,686.7,694.9,680.75,683.7,1391126
2016-09-28,688.0,690.85,679.3,683.0,1854121
2016-09-29,687.45,687.55,643.15,650.3,2010374
2016-09-30,645.0,677.0,644.15,673.85,890121
2016-10-03,675.9,686.2,674.05,680.2,770968
2016-10-04,682.7,682.7,663.2,676.5,974764
2016-10-05,681.0,688.8,675.75,680.4,1141880
2016-10-06,682.0,683.3,666.35,671.5,911842
2016-10-07,673.5,681.0,668.35,672.2,603127
2016-10-10,678.3,679.4,670.0,670.9,263590
2016-10-13,667.9,673.3,647.8,669.35,1318319
2016-10-14,670.0,686.0,666.3,683.35,1146193
2016-10-17,678.8,693.0,678.0,686.85,1817729
2016-10-18,690.0,694.35,687.1,692.6,1109599
2016-10-19,693.0,712.75,683.25,710.25,2494933
2016-10-20,712.0,720.9,705.8,714.95,2416259
2016-10-21,712.0,722.2,711.0,718.35,1191762
2016-10-24,717.1,730.7,713.25,721.45,879910
2016-10-25,716.6,722.1,701.45,712.9,859918
2016-10-26,710.55,718.4,693.5,699.15,1076459
2016-10-27,699.0,714.15,695.05,706.5,1677187
2016-10-28,704.1,713.65,664.4,697.8,6093817
2016-11-01,698.9,709.45,698.3,706.25,1575977
2016-11-02,696.0,701.4,676.85,680.15,1541761
2016-11-03,683.95,687.0,661.6,669.35,2615531
2016-11-04,675.0,676.0,658.8,672.45,1262242
2016-11-07,675.0,684.9,665.2,668.35,1065436
2016-11-08,671.0,687.35,656.4,684.4,1642646
2016-11-09,641.5,670.0,624.05,661.2,2249007
2016-11-10,671.7,703.3,668.6,694.25,1545779
2016-11-11,692.0,692.05,643.05,647.1,1525662
2016-11-15,647.0,647.0,596.0,600.35,2089813
2016-11-16,601.05,636.3,594.0,620.7,2233058
2016-11-17,620.7,626.6,609.5,617.1,945261
2016-11-18,624.9,629.2,617.5,623.6,828521
2016-11-21,623.5,628.5,599.6,608.85,1088943
2016-11-22,610.15,623.0,584.2,606.2,2288495
2016-11-23,613.9,620.5,608.05,611.05,1615159
2016-11-24,610.9,614.8,597.5,609.25,1313739
2016-11-25,609.35,631.0,601.4,628.7,1092235
2016-11-28,625.1,634.5,620.05,628.65,721679
2016-11-29,620.2,638.7,620.2,625.45,1696319
2016-11-30,628.0,636.0,624.15,633.95,1605002
2016-12-01,631.0,654.1,630.0,650.5,2180181
2016-12-02,647.8,660.45,643.0,652.2,1784642
2016-12-05,649.0,666.85,648.95,663.65,735061
2016-12-06,667.3,680.0,660.95,672.55,1113924
2016-12-07,677.2,678.1,666.05,672.2,466868
2016-12-08,679.45,703.5,677.05,700.15,1340805
2016-12-09,702.5,712.0,690.5,695.5,1127650
2016-12-12,695.0,703.0,687.0,695.55,641528
2016-12-13,695.0,702.45,674.35,678.05,1053489
2016-12-14,680.0,680.05,648.0,651.1,1721417
2016-12-15,638.0,660.0,638.0,644.85,2182228
2016-12-16,649.7,666.95,639.85,663.4,1667478
2016-12-19,662.85,662.85,636.1,641.0,1047989
2016-12-20,641.0,649.1,630.75,634.3,785850
2016-12-21,635.0,638.4,625.35,631.1,685134
2016-12-22,628.1,630.9,616.3,618.95,648979
2016-12-23,623.0,636.35,610.35,627.0,1103100
2016-12-26,628.9,628.9,606.5,612.3,879938
2016-12-27,610.0,640.0,606.05,636.45,995647
2016-12-28,642.05,646.0,628.75,631.3,1775517
2016-12-29,632.1,640.0,630.1,638.0,838184
2016-12-30,644.8,653.5,642.0,647.0,793645
2017-01-02,649.3,660.45,645.0,658.65,630573
2017-01-03,660.5,664.4,652.65,655.0,646417
2017-01-04,653.5,671.45,651.85,667.55,1753095
2017-01-05,668.0,677.0,665.1,674.6,1248822
2017-01-06,676.0,677.7,657.8,659.9,1102393
2017-01-09,662.0,676.45,660.05,672.9,587555
2017-01-10,672.9,680.0,660.6,663.5,927771
2017-01-11,666.0,672.5,658.0,669.2,2114062
2017-01-12,676.3,687.0,666.1,685.55,1477860
2017-01-13,689.0,696.95,683.6,688.05,1483522
2017-01-16,687.8,704.9,681.15,702.7,1712230
2017-01-17,706.25,737.0,706.0,734.55,4665850
2017-01-18,737.35,737.35,723.9,730.5,1545659
2017-01-19,729.95,747.5,725.05,739.6,1853796
2017-01-20,735.35,744.9,729.0,733.75,1427685
2017-01-23,730.9,734.75,717.0,726.05,1101389
2017-01-24,730.8,734.85,721.0,729.55,1468981
2017-01-25,730.25,754.5,724.4,740.2,3886150
2017-01-27,740.5,751.65,726.25,728.45,2002366
2017-01-30,728.8,741.2,728.8,738.05,1123250
2017-01-31,741.55,741.55,722.35,724.75,861064
2017-02-01,725.65,744.9,714.2,741.3,2270029
2017-02-02,739.3,751.65,734.0,740.1,1576538
2017-02-03,740.95,744.9,732.6,738.2,1338656
2017-02-06,740.0,740.3,717.2,726.35,1726012
2017-02-07,729.0,739.0,722.05,729.05,1604701
2017-02-08,729.0,731.75,723.05,727.7,803715
2017-02-09,729.0,741.15,725.15,738.45,2152286
2017-02-10,740.0,740.6,723.4,726.95,1301800
2017-02-13,730.0,732.75,721.3,730.1,511470
2017-02-14,729.9,730.0,710.2,715.85,801530
2017-02-15,718.4,720.6,700.25,709.1,928990
2017-02-16,704.6,708.95,692.2,699.9,2170027
2017-02-17,699.8,713.65,695.0,710.3,851471
2017-02-20,710.5,721.15,709.8,714.75,725029
2017-02-21,713.85,715.0,706.15,711.35,638541
2017-02-22,711.3,715.55,704.0,708.9,1524113
2017-02-23,711.95,722.75,705.05,718.1,1770114
2017-02-27,719.5,720.05,708.0,715.55,1407519
2017-02-28,715.0,726.5,713.95,718.3,922229
2017-03-01,716.8,724.5,713.0,717.35,700967
2017-03-02,721.9,725.0,688.35,701.55,1218854
2017-03-03,696.3,700.55,684.25,690.6,1597291
2017-03-06,691.6,693.75,680.4,684.15,1145144
2017-03-07,685.0,705.0,684.95,702.9,1841179
2017-03-08,707.4,714.35,703.25,707.8,1829216
2017-03-09,709.35,720.55,707.85,713.45,1126295
2017-03-10,708.1,716.75,701.25,704.55,732956
2017-03-14,716.0,718.5,698.5,702.1,2052711
2017-03-15,697.25,713.0,693.3,710.8,1047007
2017-03-16,715.0,719.85,706.0,708.7,2030009
2017-03-17,713.4,730.6,709.35,716.35,3459822
2017-03-20,717.0,721.4,710.1,716.85,577631
2017-03-21,717.0,728.9,716.85,727.45,2352808
2017-03-22,722.5,727.5,715.15,718.25,888548
2017-03-23,722.9,732.5,715.1,729.25,1058512
2017-03-24,730.7,735.6,719.6,722.1,984813
2017-03-27,721.7,729.7,720.0,725.75,901856
2017-03-28,729.8,734.85,719.7,722.15,2007440
2017-03-29,722.0,728.6,715.85,719.4,1379079
2017-03-30,720.0,725.4,709.8,714.5,1526258
2017-03-31,718.8,733.7,717.55,726.9,1229746
2017-04-03,727.15,745.6,726.35,735.45,1821400
2017-04-05,737.5,739.85,725.0,732.1,1450296
2017-04-06,736.4,739.3,726.45,729.1,1148532
2017-04-07,729.9,734.65,723.0,726.85,667873
2017-04-10,728.65,735.8,725.4,732.15,753141
2017-04-11,735.0,745.8,731.15,734.75,1340295
2017-04-12,735.4,743.4,727.0,736.0,1303918
2017-04-13,735.7,739.35,724.0,727.25,1790255
2017-04-17,723.0,737.8,720.6,735.75,458607
2017-04-18,734.0,778.9,734.0,761.4,3811889
2017-04-19,766.3,790.0,765.0,772.4,2289288
2017-04-20,773.5,796.5,773.5,782.1,2973237
2017-04-21,789.9,789.9,773.35,779.5,1072550
2017-04-24,780.4,801.6,780.4,794.3,1179142
2017-04-25,799.8,809.4,796.2,807.0,1043777
2017-04-26,809.9,836.95,808.4,831.25,2519713
2017-04-27,832.5,864.95,802.3,818.5,9425305
2017-04-28,812.5,821.7,800.15,806.15,4382491
2017-05-02,812.2,815.6,793.95,804.45,1184667
2017-05-03,810.7,819.5,804.3,812.6,1049555
2017-05-04,817.0,817.0,805.1,811.4,1607781
2017-05-05,813.0,817.75,804.0,807.9,1365694
2017-05-08,808.0,814.3,800.25,803.85,1565587
2017-05-09,803.9,816.25,801.15,813.9,1067850
2017-05-10,818.95,826.5,817.6,823.5,1116650
2017-05-11,826.8,837.0,818.8,825.35,1223198
2017-05-12,826.9,829.9,818.5,824.25,869885
2017-05-15,827.9,845.8,824.25,837.25,1384655
2017-05-16,837.9,839.4,823.05,827.05,844940
2017-05-17,828.9,832.0,822.45,830.45,469001
2017-05-18,820.0,828.4,814.0,817.95,833014
2017-05-19,809.95,809.95,749.5,791.45,5582307
2017-05-22,792.1,806.15,780.55,790.5,1187580
2017-05-23,789.0,793.0,765.65,785.55,1073054
2017-05-24,790.6,794.9,775.85,787.2,899155
2017-05-25,790.95,828.4,790.55,810.35,5360047
2017-05-26,806.2,843.0,805.4,837.6,795062
2017-05-29,840.0,858.4,825.0,845.75,1097557
2017-05-30,847.0,864.9,836.1,850.15,1117049
2017-05-31,852.4,876.0,850.25,861.3,1840674
2017-06-01,861.55,880.0,861.55,876.95,877250
2017-06-02,877.95,882.95,862.1,865.15,517027
2017-06-05,866.0,881.35,865.0,874.75,718925
2017-06-06,874.8,880.75,861.2,865.6,819601
2017-06-07,874.25,879.35,857.7,859.3,683210
2017-06-08,861.9,874.5,859.95,866.65,999292
2017-06-09,868.4,872.5,848.05,856.65,578994
2017-06-12,856.5,856.5,838.85,842.25,465065
2017-06-13,840.0,856.7,838.55,849.0,572089
2017-06-14,854.95,854.95,838.0,846.85,749295
2017-06-15,847.0,864.7,841.4,853.75,1116250
2017-06-16,858.0,881.0,858.0,866.05,2190520
2017-06-19,867.25,884.25,865.1,873.75,1305259
2017-06-20,886.0,891.85,858.9,861.95,1649870
2017-06-21,860.0,874.0,855.35,866.15,1041405
2017-06-22,861.8,865.6,856.2,861.2,949558
2017-06-23,861.5,864.8,830.2,834.05,956381
2017-06-27,836.05,844.85,825.1,835.1,1046026
2017-06-28,834.0,835.1,823.0,832.9,497427
2017-06-29,831.1,840.5,821.1,826.55,868497
2017-06-30,824.5,844.0,821.4,840.4,1138316
2017-07-03,841.0,859.0,841.0,856.1,1037822
2017-07-04,860.7,860.7,845.0,847.7,562771
2017-07-05,847.7,856.85,846.1,853.55,586392
2017-07-06,853.1,856.05,843.1,849.75,933551
2017-07-07,845.35,851.85,840.75,849.4,695738
2017-07-10,861.85,861.85,848.0,850.8,131388
2017-07-11,849.55,864.0,849.05,853.9,1101137
2017-07-12,852.2,874.9,852.2,864.4,1863453
2017-07-13,868.0,873.9,859.05,864.85,1616447
2017-07-14,862.7,876.85,857.05,863.2,820278
2017-07-17,866.0,871.75,858.0,864.1,434613
2017-07-18,857.1,868.5,852.95,856.5,1036076
2017-07-19,857.6,863.0,854.1,859.1,692901
2017-07-20,859.95,862.65,854.55,855.95,473535
2017-07-21,855.95,867.75,854.85,863.2,1233955
2017-07-24,861.25,873.65,857.9,867.9,937014
2017-07-25,870.0,892.3,868.4,883.85,2813173
2017-07-26,885.0,900.0,870.85,873.3,2973483
2017-07-27,877.0,882.3,865.0,868.6,912243
2017-07-28,858.55,875.95,858.55,868.5,656899
2017-07-31,870.2,888.6,867.6,877.15,2020713
2017-08-01,879.8,902.5,875.75,894.1,1702074
2017-08-02,897.9,901.0,886.1,889.0,951400
2017-08-03,890.5,896.95,878.05,880.75,947932
2017-08-04,884.0,888.9,878.6,887.05,783711
2017-08-07,888.0,893.95,873.1,877.65,664918
2017-08-08,882.9,883.0,860.7,863.35,660740
2017-08-09,862.0,862.95,822.05,830.5,1211850
2017-08-10,832.9,839.4,789.0,821.5,1278567
2017-08-11,815.0,829.75,794.6,811.35,1259736
2017-08-14,815.1,865.05,815.1,858.45,1013700
2017-08-16,858.45,879.55,849.25,852.1,1197405
2017-08-17,858.0,864.75,846.0,855.25,886995
2017-08-18,853.2,859.0,841.8,844.95,604126
2017-08-21,848.9,852.9,805.0,810.75,1405283
2017-08-22,812.5,826.5,793.0,796.55,1340235
2017-08-23,803.0,816.7,801.45,814.1,772199
2017-08-24,821.9,837.0,810.85,833.1,879641
2017-08-28,835.75,842.7,827.55,839.1,730266
2017-08-29,848.0,856.25,835.4,840.15,1066800
2017-08-30,845.9,846.9,838.1,839.85,1179595
2017-08-31,842.0,842.75,823.1,828.05,1532020
2017-09-01,834.2,840.2,825.0,832.7,955148
2017-09-04,832.0,837.0,808.3,817.0,963622
2017-09-05,816.0,822.2,812.0,819.95,624292
2017-09-06,811.15,827.7,811.15,823.95,580081
2017-09-07,828.0,828.85,821.0,824.35,531540
2017-09-08,825.05,832.4,811.0,813.95,1141701
2017-09-11,819.85,824.0,809.8,811.9,836222
2017-09-12,817.7,821.2,813.0,814.4,953116
2017-09-13,820.7,827.45,808.1,811.45,920480
2017-09-14,812.0,823.9,811.6,820.95,841527
2017-09-15,819.0,833.0,817.0,827.7,1855722
2017-09-18,834.9,843.9,830.2,834.2,844888
2017-09-19,839.0,842.1,831.2,835.7,494308
2017-09-20,839.7,842.95,826.3,830.25,919443
2017-09-21,830.0,833.95,812.75,819.6,559033
2017-09-22,816.5,818.25,803.0,806.75,931865
2017-09-25,809.65,809.65,773.0,784.3,1463397
2017-09-26,782.85,783.65,763.7,778.7,1728051
2017-09-27,785.9,792.9,765.4,770.0,1436439
2017-09-28,771.7,777.7,755.0,766.2,7136093
2017-09-29,768.0,789.2,768.0,778.5,1960985
2017-10-03,787.95,798.5,769.5,796.0,1493573
2017-10-04,797.5,803.8,785.2,788.15,808639
2017-10-05,791.0,793.75,781.0,784.7,996774
2017-10-06,786.9,797.0,778.55,793.4,1304505
2017-10-09,796.9,802.7,790.3,792.85,759701
2017-10-10,792.85,824.0,792.85,819.6,2664726
2017-10-11,827.0,832.0,800.8,813.2,1556350
2017-10-12,812.0,817.5,805.05,809.25,624617
2017-10-13,811.9,816.65,800.3,802.4,816201
2017-10-16,805.0,816.65,803.2,812.35,1025481
2017-10-17,812.8,812.8,801.0,805.9,649945
2017-10-18,810.7,810.7,786.85,789.35,1338926
2017-10-19,791.5,798.0,785.1,793.7,270417
2017-10-23,791.95,800.45,769.4,778.35,1741250
2017-10-24,783.0,802.35,778.05,799.15,1159011
2017-10-25,802.0,805.25,790.5,798.65,966446
2017-10-26,805.0,816.7,796.25,813.0,2309531
2017-10-27,819.0,834.65,815.6,831.3,1843388
2017-10-30,834.9,849.7,816.75,824.4,4183324
2017-10-31,827.9,835.6,794.4,799.3,2559806
2017-11-01,799.5,804.3,777.0,782.05,2683256
2017-11-02,784.7,793.95,777.25,779.3,1645243
2017-11-03,780.25,785.65,772.4,775.6,881466
2017-11-06,777.65,781.8,760.2,761.9,1348019
2017-11-07,761.9,764.15,735.5,739.8,2835242
2017-11-08,742.0,745.7,729.7,735.95,3207483
2017-11-09,744.0,755.75,738.85,744.55,2129536
2017-11-10,744.8,748.5,731.0,735.1,1119379
2017-11-13,733.7,744.7,724.45,739.65,1294509
2017-11-14,741.0,753.75,739.0,742.75,859617
2017-11-15,746.5,746.5,716.7,721.45,871937
2017-11-16,721.1,735.95,719.05,731.35,995572
2017-11-17,735.95,741.7,722.5,724.2,960343
2017-11-20,727.0,733.0,721.0,728.9,555269
2017-11-21,732.0,756.5,731.05,754.5,1958694
2017-11-22,760.0,760.0,743.2,747.1,1111558
2017-11-23,745.0,756.2,738.9,749.2,1181496
2017-11-24,751.95,755.85,741.2,744.05,1278595
2017-11-27,740.15,759.8,740.15,755.3,2656632
2017-11-28,758.8,768.75,753.75,761.7,2322204
2017-11-29,761.65,767.25,749.3,752.3,874776
2017-11-30,751.4,755.0,720.25,731.35,1827371
2017-12-01,731.05,742.45,726.2,729.9,1010799
2017-12-04,733.0,736.6,707.75,711.05,1034365
2017-12-05,711.2,714.7,695.0,698.75,1783487
2017-12-06,698.75,703.85,684.65,685.9,1890886
2017-12-07,686.3,729.65,684.7,722.0,3522782
2017-12-08,723.0,736.8,723.0,728.05,1802908
2017-12-11,733.5,747.5,726.2,745.55,1063615
2017-12-12,747.0,749.5,727.1,730.45,980697
2017-12-13,730.5,745.0,720.0,726.05,1788701
2017-12-14,729.7,733.0,706.05,719.6,1284940
2017-12-15,727.0,730.0,715.2,717.8,1798233
2017-12-18,714.5,720.4,687.5,710.05,3754324
2017-12-19,714.4,741.35,712.25,738.0,2738136
2017-12-20,739.1,744.3,733.55,736.7,1376825
2017-12-21,736.85,743.25,727.65,730.95,914965
2017-12-22,732.9,737.0,725.0,731.6,914494
2017-12-26,734.8,739.0,729.5,735.55,778604
2017-12-27,738.7,746.5,735.6,740.35,1137701
2017-12-28,740.85,768.7,740.35,763.3,3225471
2017-12-29,767.9,772.0,757.35,762.7,984285
2018-01-01,761.8,770.0,752.5,755.75,1068067
2018-01-02,757.55,776.0,748.5,773.45,1885242
2018-01-03,776.95,787.75,774.0,775.8,1914605
2018-01-04,779.9,787.6,778.0,781.65,1374445
2018-01-05,785.6,785.6,770.8,774.2,887317
2018-01-08,778.25,790.0,778.25,784.35,1327482
2018-01-09,785.0,792.0,780.4,790.6,1291299
2018-01-10,793.0,794.0,774.05,778.85,1023925
2018-01-11,781.4,788.3,775.05,786.2,697993
2018-01-12,789.0,790.0,768.05,775.35,1955588
2018-01-15,778.0,784.0,770.2,774.35,764055
2018-01-16,774.95,780.7,762.05,766.85,1222684
2018-01-17,767.0,783.95,754.9,780.75,1188663
2018-01-18,787.8,814.9,786.25,800.5,5203775
2018-01-19,799.5,808.1,791.0,802.35,1023467
2018-01-22,809.7,819.8,805.0,813.6,2396370
2018-01-23,817.7,817.9,797.6,807.25,1371476
2018-01-24,807.0,828.5,803.1,824.25,2577167
2018-01-25,827.0,827.85,761.6,768.95,6508094
2018-01-29,777.95,795.4,772.0,788.5,5546134
2018-01-30,787.7,790.35,767.6,770.75,2353656
2018-01-31,775.0,777.0,746.5,752.05,1831502
2018-02-01,752.05,772.0,735.3,758.85,2563374
2018-02-02,750.0,752.0,723.95,733.05,2254820
2018-02-05,712.5,728.95,697.0,722.5,1661523
2018-02-06,696.0,711.5,680.0,700.05,2199496
2018-02-07,711.8,715.8,699.8,701.25,1802253
2018-02-08,704.0,722.0,702.9,718.05,1603409
2018-02-09,710.0,715.2,700.35,708.35,1245192
2018-02-12,713.5,729.9,710.5,726.5,1291508
2018-02-14,733.0,733.45,718.1,721.9,1446323
2018-02-15,727.05,729.15,713.0,716.1,845055
2018-02-16,719.9,725.0,700.1,703.6,1123772
2018-02-19,703.9,710.0,692.8,701.3,925618
2018-02-20,702.0,707.0,694.0,695.35,774441
2018-02-21,697.5,701.7,682.65,688.25,2279472
2018-02-22,685.0,686.95,672.5,675.45,2071478
2018-02-23,679.0,703.0,679.0,700.55,2454631
2018-02-26,707.0,725.8,706.0,720.5,2329195
2018-02-27,724.0,726.0,712.0,721.15,1233367
2018-02-28,724.0,732.4,718.2,728.75,2577819
2018-03-01,728.95,732.9,711.8,714.25,1877954
2018-03-05,714.0,723.35,701.35,720.9,1093480
2018-03-06,725.0,726.8,699.0,702.4,1118988
2018-03-07,699.0,710.85,692.65,702.0,1434135
2018-03-08,708.0,714.0,700.0,710.8,1223027
2018-03-09,715.0,722.5,708.75,712.15,1168118
2018-03-12,720.0,720.0,705.6,717.95,944809
2018-03-13,718.65,728.9,712.95,722.8,1452302
2018-03-14,723.5,727.0,713.15,718.35,1045412
2018-03-15,719.95,727.6,717.45,721.15,683615
2018-03-16,715.0,733.15,713.4,719.7,2219725
2018-03-19,719.0,721.5,699.25,701.85,910706
2018-03-20,698.25,717.35,693.0,712.3,1296133
2018-03-21,718.0,719.95,710.1,714.9,1419662
2018-03-22,715.1,727.65,714.65,716.9,1437816
2018-03-23,705.0,711.8,698.8,704.75,1360837
2018-03-26,705.0,730.2,699.65,724.4,1150358
2018-03-27,728.5,742.05,728.5,736.8,1980372
2018-03-28,738.7,746.8,726.3,730.25,2977328
2018-04-02,736.9,756.0,730.5,752.4,1257184
2018-04-03,751.8,767.0,747.0,765.65,1751966
2018-04-04,769.95,769.95,730.4,732.5,1713329
2018-04-05,747.0,758.55,745.15,756.95,1081941
2018-04-06,753.05,756.35,745.45,753.2,485882
2018-04-09,757.0,765.6,747.4,751.2,2040662
2018-04-10,757.85,760.8,747.0,751.7,639074
2018-04-11,754.8,756.2,740.4,745.55,582360
2018-04-12,749.0,750.1,740.15,747.9,696989
2018-04-13,754.4,755.5,741.8,747.1,898951
2018-04-16,743.0,765.0,741.0,763.6,738851
2018-04-17,768.9,768.9,753.35,757.55,894003
2018-04-18,760.0,763.1,752.6,757.6,593398
2018-04-19,759.15,774.9,757.6,768.9,1459613
2018-04-20,767.9,770.9,751.3,765.75,1158211
2018-04-23,768.0,774.4,751.8,753.8,1065116
2018-04-24,753.4,753.4,739.9,744.7,1203996
2018-04-25,744.7,752.8,736.5,743.9,1071862
2018-04-26,745.7,755.0,740.8,750.25,1695596
2018-04-27,754.95,760.95,751.6,754.35,1141207
2018-04-30,757.9,759.7,725.1,729.85,2062138
2018-05-02,732.0,741.0,728.0,733.4,961840
2018-05-03,733.4,735.25,704.3,707.9,1708227
2018-05-04,708.0,711.6,700.15,703.65,1058027
2018-05-07,705.0,718.9,695.0,717.4,1042114
2018-05-08,720.0,726.0,718.5,721.5,1029189
2018-05-09,721.0,733.55,721.0,731.3,1470498
2018-05-10,733.0,733.45,720.05,722.0,632606
2018-05-11,724.7,739.6,723.0,735.25,1100151
2018-05-14,736.7,739.85,725.1,728.5,690433
2018-05-15,728.3,740.0,720.1,733.3,702195
2018-05-16,730.0,737.85,721.55,725.85,746111
2018-05-17,726.3,728.05,705.05,707.1,695344
2018-05-18,707.1,713.2,704.4,709.45,888263
2018-05-21,711.9,711.9,675.2,682.55,2386302
2018-05-22,690.0,690.0,672.75,682.3,1841667
2018-05-23,682.0,696.45,680.0,685.45,998647
2018-05-24,689.0,697.4,683.0,694.7,930021
2018-05-25,695.0,702.35,687.55,697.25,1036560
2018-05-28,700.0,750.0,700.0,721.0,1927472
2018-05-29,722.9,722.9,701.25,704.85,756109
2018-05-30,702.9,717.7,699.8,704.7,938111
2018-05-31,708.9,715.75,704.0,707.6,3805358
2018-06-01,709.4,713.45,694.3,697.75,814923
2018-06-04,700.2,704.8,683.0,686.45,575852
2018-06-05,684.9,692.0,680.7,685.7,800021
2018-06-06,688.6,696.0,682.6,693.55,861304
2018-06-07,695.0,706.9,687.95,704.05,1103080
2018-06-08,701.4,716.85,696.35,712.9,1787248
2018-06-11,712.8,712.8,697.45,699.3,1105632
2018-06-12,697.9,703.55,687.7,688.7,1125424
2018-06-13,690.05,694.0,684.0,687.55,794416
2018-06-14,692.0,693.5,681.85,684.9,854417
2018-06-15,689.8,706.75,686.0,700.7,2743888
2018-06-18,699.9,699.9,690.8,692.25,453545
2018-06-19,689.0,689.55,672.1,674.1,1182968
2018-06-20,675.0,676.4,648.9,652.25,2714660
2018-06-21,652.25,654.35,641.1,646.0,3150079
2018-06-22,641.35,643.35,632.2,640.2,3066113
2018-06-25,644.0,648.75,631.45,634.15,1616870
2018-06-26,632.0,642.0,625.9,639.8,1801843
2018-06-27,639.8,640.0,617.0,620.65,1371101
2018-06-28,616.1,625.8,604.3,606.65,3666655
2018-06-29,608.55,621.65,605.0,618.8,2004445
2018-07-02,617.1,628.4,614.2,624.7,1122923
2018-07-03,622.3,632.0,615.0,630.25,873384
2018-07-04,630.15,634.0,620.55,624.2,716832
2018-07-05,627.7,632.35,621.1,623.05,577543
2018-07-06,624.0,628.0,619.25,621.4,906505
2018-07-09,625.8,628.0,621.0,623.8,976270
2018-07-10,627.4,641.0,624.05,637.1,2259469
2018-07-11,636.1,636.3,598.05,603.45,3113076
2018-07-12,605.9,610.95,577.65,581.95,3843962
2018-07-13,581.0,581.5,548.85,562.55,10107859
2018-07-16,569.3,569.3,553.1,559.8,4769976
2018-07-17,561.65,575.75,560.0,571.0,2101596
2018-07-18,574.0,577.65,551.4,556.85,2487108
2018-07-19,558.0,561.6,537.25,552.0,2182587
2018-07-20,552.95,555.0,542.0,549.6,1756703
2018-07-23,572.8,639.5,561.1,632.1,23805782
2018-07-24,635.0,662.65,622.35,630.2,10343818
2018-07-25,632.0,643.25,620.3,637.75,3566181
2018-07-26,638.0,645.25,628.05,637.5,6454211
2018-07-27,638.55,644.0,632.8,635.5,1058464
2018-07-30,638.95,648.5,634.95,642.6,2248688
2018-07-31,644.5,655.85,631.25,644.05,4223714
2018-08-01,648.1,649.45,637.0,641.85,1522499
2018-08-02,641.85,647.45,633.6,636.75,1806144
2018-08-03,639.0,644.5,637.05,641.05,985794
2018-08-06,640.1,661.9,640.1,656.1,2388810
2018-08-07,661.7,663.9,644.6,647.2,1294429
2018-08-08,650.0,653.75,641.9,647.85,1000237
2018-08-09,643.1,644.3,634.0,637.75,1025283
2018-08-10,639.9,649.3,631.55,636.6,1610870
2018-08-13,630.0,635.0,621.2,625.4,1019939
2018-08-14,625.4,628.95,599.2,610.45,2616139
2018-08-16,612.0,621.9,607.15,609.65,1695284
2018-08-17,612.7,618.8,607.65,616.75,1212452
2018-08-20,619.85,622.25,609.0,618.9,1909370
2018-08-21,624.9,651.0,619.5,646.2,3668520
2018-08-23,650.2,658.0,639.1,649.95,2712150
2018-08-24,647.0,674.0,643.05,653.5,5113561
2018-08-27,658.4,662.7,651.0,659.6,1654053
2018-08-28,662.0,667.0,651.0,654.15,1836804
2018-08-29,655.9,686.5,654.65,680.0,5247632
2018-08-30,686.0,699.0,683.0,696.15,5979259
2018-08-31,695.0,721.9,689.45,715.3,5840817
2018-09-03,719.65,726.0,710.0,720.65,2229639
2018-09-04,717.2,720.0,694.35,698.6,2253401
2018-09-05,698.9,712.5,683.5,697.35,5272834
2018-09-06,701.4,709.45,696.75,705.05,2053405
2018-09-07,708.7,718.0,701.75,714.0,1932868
2018-09-11,707.5,715.0,682.3,687.65,2626499
2018-09-14,710.0,738.9,709.1,736.75,3848531
2018-09-17,734.9,735.95,722.0,723.5,1600458
2018-09-18,727.0,738.15,704.65,709.05,2627124
2018-09-19,714.0,715.75,688.0,692.3,2618411
2018-09-21,692.5,709.0,588.5,665.8,5107837
2018-09-24,669.0,672.0,639.95,651.4,2641335
2018-09-25,651.3,664.9,639.95,660.95,1960748
2018-09-26,664.0,705.0,653.75,697.55,3830064
2018-09-27,702.45,703.5,678.65,683.1,2626141
2018-09-28,685.0,690.6,655.0,664.3,1536357
2018-10-01,664.65,670.0,638.15,665.6,2029698
2018-10-03,666.0,669.1,639.4,642.65,3496373
2018-10-04,630.05,645.45,621.2,628.75,2463238
2018-10-05,627.8,631.95,590.65,596.65,2554877
2018-10-08,598.0,625.0,582.15,619.15,3628920
2018-10-09,622.95,622.95,591.25,604.1,1699809
2018-10-10,605.0,625.0,605.0,622.45,1225919
2018-10-11,609.0,622.4,590.2,605.15,1592797
2018-10-12,609.1,635.0,609.1,627.95,1602515
2018-10-15,627.95,638.5,620.75,635.95,1363957
2018-10-16,640.0,648.0,633.15,642.1,1514602
2018-10-17,646.15,665.0,631.7,638.25,1706506
2018-10-19,637.95,648.75,627.6,644.35,2119966
2018-10-22,645.0,652.0,626.1,633.65,1083604
2018-10-23,631.0,635.0,608.75,615.35,1895431
2018-10-24,616.0,629.0,613.7,622.8,930010
2018-10-25,617.9,618.55,595.4,599.45,1651219
2018-10-26,602.9,626.4,585.0,622.7,4592411
2018-10-29,620.0,634.7,613.3,631.6,2035438
2018-10-30,628.0,647.9,623.5,636.8,2495380
2018-10-31,639.0,677.2,637.0,674.35,3088884
2018-11-01,676.0,699.0,670.0,695.9,3202739
2018-11-02,699.0,716.5,699.0,711.45,4845338
2018-11-05,708.45,728.7,699.45,724.3,1482446
2018-11-06,721.15,727.95,714.85,721.9,1456851
2018-11-07,722.35,731.9,722.25,729.6,386070
2018-11-09,727.45,744.9,722.5,740.0,1860293
2018-11-12,740.0,751.7,730.3,733.2,1415482
2018-11-13,729.0,739.95,716.4,736.55,1569155
2018-11-14,738.2,761.8,736.5,760.25,2952089
2018-11-15,761.95,769.95,756.0,763.65,3199903
2018-11-16,762.0,774.65,757.85,771.85,2174834
2018-11-19,773.0,777.75,767.3,775.2,2193793
2018-11-20,771.0,772.8,747.0,759.2,3285928
2018-11-21,760.0,784.5,760.0,779.25,2860585
2018-11-22,779.0,784.9,771.6,778.3,1202373
2018-11-26,778.3,779.95,758.0,773.1,1427107
2018-11-27,766.0,773.9,754.0,768.55,2047904
2018-11-28,766.0,779.65,765.5,771.85,1050205
2018-11-29,775.0,789.4,762.05,779.1,2804385
2018-11-30,780.15,785.5,755.05,757.8,2132736
2018-12-03,762.0,762.0,728.2,732.6,2846330
2018-12-04,732.7,759.5,732.7,751.45,2730131
2018-12-05,749.0,754.0,737.2,749.4,1270524
2018-12-06,747.0,759.0,736.65,746.8,2036209
2018-12-07,753.9,763.8,739.45,757.7,1457822
2018-12-10,740.0,758.5,739.95,746.55,1356394
2018-12-11,740.0,751.0,731.2,747.95,1611563
2018-12-12,750.1,794.3,750.1,790.05,2275207
2018-12-13,789.0,789.0,771.2,773.45,1907746
2018-12-14,770.0,777.0,758.85,764.75,1586661
2018-12-17,769.8,772.0,763.0,768.05,730799
2018-12-18,762.0,774.1,741.0,743.65,2006619
2018-12-19,746.9,760.0,745.0,755.7,1579478
2018-12-20,752.0,774.2,746.85,770.0,1453122
2018-12-21,771.05,773.9,733.05,735.65,3492197
2018-12-24,736.0,747.7,721.0,736.45,1786546
2018-12-26,737.0,751.9,728.0,750.2,1995314
2018-12-27,756.0,759.0,745.25,749.65,1167096
2018-12-28,752.5,771.0,752.5,758.4,2247517
2018-12-31,762.0,766.25,753.45,758.25,1499975
2019-01-01,760.0,765.7,746.5,753.5,1610248
2019-01-02,750.0,758.45,744.0,756.5,1308043
2019-01-03,755.0,757.95,744.25,746.65,1053144
2019-01-04,748.8,759.25,743.1,756.4,1060318
2019-01-07,760.0,767.75,759.0,763.75,1589933
2019-01-08,763.5,765.0,748.0,752.2,981440
2019-01-09,758.0,767.0,753.45,764.8,1039851
2019-01-10,765.8,780.0,765.05,773.1,2401210
2019-01-11,775.0,787.0,773.0,783.45,2603033
2019-01-14,784.0,784.0,766.9,770.4,1392118
2019-01-15,772.6,782.1,771.95,775.95,1364863
2019-01-16,775.95,775.95,752.6,766.1,2584090
2019-01-17,767.65,773.55,761.75,769.05,1442884
2019-01-18,768.0,771.0,764.0,766.05,919475
2019-01-21,765.0,772.85,756.2,769.15,1127435
2019-01-22,766.2,772.05,753.45,763.3,1416981
2019-01-23,764.0,782.15,759.85,762.85,2336913
2019-01-24,765.0,767.35,742.95,747.35,2109205
2019-01-25,753.0,767.1,747.0,753.1,1770239
2019-01-28,755.0,764.0,744.0,760.05,1226284
2019-01-29,757.5,767.45,747.05,760.3,1134462
2019-01-30,763.1,770.0,755.3,767.35,1057185
2019-01-31,775.7,789.9,764.2,786.5,2299676
2019-02-01,799.75,799.75,766.4,779.85,2960388
2019-02-04,771.25,775.05,758.0,770.9,1254011
2019-02-05,772.85,800.0,772.85,795.95,2516447
2019-02-06,802.0,810.0,796.25,805.25,3747561
2019-02-07,805.25,817.5,802.3,809.0,1667638
2019-02-08,804.5,816.8,800.6,812.2,1395055
2019-02-11,812.0,815.0,801.45,805.85,1159530
2019-02-12,807.0,812.5,791.65,796.2,2037705
2019-02-13,794.0,824.0,792.35,817.2,3034355
2019-02-14,814.3,824.5,811.65,821.05,1743651
2019-02-15,819.0,821.0,806.2,818.35,1867644
2019-02-18,819.25,830.0,806.05,821.85,1903564
2019-02-19,821.0,824.45,812.0,816.45,1485171
2019-02-20,819.3,829.0,813.8,822.75,1495943
2019-02-21,825.0,832.7,818.0,826.25,1044953
2019-02-22,825.9,829.9,819.3,827.35,828622
2019-02-25,828.0,851.9,828.0,847.65,3685601
2019-02-26,842.25,857.75,837.55,855.05,2500705
2019-02-27,856.85,871.9,856.85,869.3,3139617
2019-02-28,877.0,881.6,862.2,877.6,2485884
2019-03-01,876.1,881.9,868.15,869.75,1659613
2019-03-05,872.8,878.5,865.55,875.5,1365302
2019-03-06,879.0,884.6,866.7,877.35,2096752
2019-03-07,877.0,877.0,867.25,872.05,1304920
2019-03-08,871.3,885.0,863.55,881.75,1780245
2019-03-11,889.45,899.45,887.6,896.7,2575062
2019-03-12,900.0,906.9,893.65,898.3,2202033
2019-03-13,900.0,914.9,892.0,911.2,1607325
2019-03-14,911.2,916.25,900.3,903.75,1367655
2019-03-15,904.0,928.4,902.4,923.45,2609765
2019-03-18,923.5,935.95,916.8,927.1,1280561
2019-03-19,929.0,935.0,918.35,931.3,1133020
2019-03-20,930.0,939.8,927.1,935.4,900335
2019-03-22,933.9,941.0,927.25,934.95,1339685
2019-03-25,930.0,931.7,905.8,912.7,2309109
2019-03-26,910.55,917.3,891.1,903.3,3647229
2019-03-27,903.35,911.95,894.55,901.9,2085332
2019-03-28,905.9,935.95,896.4,929.05,2452629
2019-03-29,930.1,962.9,926.05,958.85,2110469
2019-04-01,958.0,962.0,931.0,934.3,1436157
2019-04-02,940.0,940.0,915.5,927.1,1940263
2019-04-03,928.0,936.9,918.75,924.25,1614049
2019-04-04,920.6,935.3,901.0,931.5,2377767
2019-04-05,935.0,942.4,928.8,941.0,1054122
2019-04-08,938.0,950.9,933.65,946.8,1892458
2019-04-09,943.5,945.85,930.0,944.65,1300087
2019-04-10,938.0,945.5,923.4,925.95,1540216
2019-04-11,925.8,930.7,918.25,922.55,1434794
2019-04-12,922.45,929.75,911.0,925.8,1151008
2019-04-15,927.0,931.8,916.8,929.75,634532
2019-04-16,935.0,939.6,925.65,933.9,1108757
2019-04-18,935.05,938.95,926.1,934.05,915911
2019-04-22,931.1,942.35,922.95,937.3,981962
2019-04-23,937.3,945.0,929.7,942.75,1381405
2019-04-24,942.75,951.0,941.1,948.2,1554387
2019-04-25,950.5,973.9,946.0,965.1,3417287
2019-04-26,970.55,972.7,958.55,970.35,1254591
2019-04-30,970.35,975.25,959.65,969.15,1876948
2019-05-02,967.0,973.0,955.05,963.9,1081955
2019-05-03,961.2,974.0,959.05,970.35,1284695
2019-05-06,965.75,965.75,938.55,949.8,3209489
2019-05-07,950.1,955.05,934.05,951.15,2112971
2019-05-08,953.0,968.4,945.4,961.65,2384763
2019-05-09,961.6,961.6,942.8,948.9,1869690
2019-05-10,951.0,962.95,947.0,959.0,876783
2019-05-13,955.0,961.6,948.0,953.15,860014
2019-05-14,953.2,958.05,938.7,955.1,1159391
2019-05-15,955.0,977.9,954.9,969.5,2328984
2019-05-16,969.5,982.95,957.15,970.85,2322742
2019-05-17,970.85,992.95,958.35,970.65,4507521
2019-05-20,980.35,1023.0,965.35,1018.85,2757852
2019-05-21,1018.0,1043.6,996.8,999.85,2636501
2019-05-22,1000.0,1018.95,991.35,1014.65,1605787
2019-05-23,1025.0,1036.7,1005.25,1012.2,1177490
2019-05-24,1015.0,1024.4,1012.45,1020.85,1140646
2019-05-27,1025.0,1043.75,1017.25,1024.45,1175219
2019-05-28,1023.0,1040.0,1011.9,1015.55,2088317
2019-05-29,1014.0,1014.0,991.5,997.0,1643240
2019-05-30,992.3,1013.8,987.2,1005.85,2430852
2019-05-31,1006.0,1016.45,992.5,998.95,1586324
2019-06-03,1005.0,1010.85,993.6,1007.1,1116588
2019-06-04,1005.6,1022.85,1001.75,1010.95,1137729
2019-06-06,1014.0,1018.0,996.85,1012.2,1603855
2019-06-07,1014.95,1022.95,1004.8,1019.45,1202622
2019-06-10,1021.0,1026.65,1003.65,1016.4,1504225
2019-06-11,1019.0,1037.0,1009.45,1034.5,1397771
2019-06-12,1030.25,1040.0,1013.2,1020.75,1063652
2019-06-13,1019.5,1021.0,983.5,1005.0,2542549
2019-06-14,1005.0,1014.5,996.45,1006.0,1044308
2019-06-17,1007.5,1013.8,991.0,994.95,1437711
2019-06-18,994.0,1003.5,988.0,999.7,1125228
2019-06-19,1003.0,1005.85,936.9,950.3,2657234
2019-06-20,940.55,940.55,833.0,870.25,12905733
2019-06-21,876.0,914.75,868.15,890.1,12447297
2019-06-24,903.4,941.6,895.2,936.55,6506356
2019-06-25,933.9,939.8,910.45,934.95,5140843
2019-06-26,931.0,963.8,922.1,958.45,3365399
2019-06-27,952.15,961.8,937.15,943.5,5241680
2019-06-28,946.0,951.0,918.65,937.45,3292847
2019-07-01,945.0,957.0,935.55,948.2,2692425
2019-07-02,637.4,658.9,625.05,656.15,6615515
2019-07-03,658.5,662.65,648.1,651.8,2997163
2019-07-04,654.85,705.95,652.9,698.35,12488054
2019-07-05,706.9,709.05,660.8,665.8,12058104
2019-07-08,669.95,673.5,653.0,662.1,4403598
2019-07-09,660.0,660.0,632.25,640.05,7434335
2019-07-10,635.0,646.65,627.3,634.85,4906675
2019-07-11,641.1,649.0,629.05,631.25,2705479
2019-07-12,632.0,646.9,627.0,630.05,4796783
2019-07-15,634.0,650.0,621.5,647.4,4505796
2019-07-16,642.5,645.75,630.35,641.9,3830334
2019-07-17,644.0,664.95,643.7,659.75,4855881
2019-07-18,658.0,670.95,647.4,654.75,4968435
2019-07-19,655.1,664.15,630.5,643.45,3836625
2019-07-22,647.0,647.0,634.65,638.85,2261563
2019-07-23,642.6,654.8,641.0,645.15,2462809
2019-07-24,645.95,649.0,608.65,617.05,3341555
2019-07-25,618.0,624.45,601.4,604.35,4049926
2019-07-26,607.0,610.45,589.0,601.55,6739394
2019-07-29,600.0,604.75,580.5,584.55,2606057
2019-07-30,589.35,593.25,568.95,573.7,3709631
2019-07-31,573.2,598.1,571.4,595.25,3530131
2019-08-01,574.9,592.95,560.6,576.8,15112906
2019-08-02,578.0,579.0,567.75,573.5,4635838
2019-08-05,568.2,568.95,535.45,540.95,6014276
2019-08-06,537.95,552.95,533.05,549.35,4148711
2019-08-07,549.0,551.5,528.0,532.8,3675109
2019-08-08,533.4,542.25,515.35,532.85,3881771
2019-08-09,534.25,550.0,529.2,533.45,4917555
2019-08-13,532.0,542.75,497.85,503.1,4193917
2019-08-14,510.0,532.7,509.65,527.2,5344625
2019-08-16,526.9,553.25,522.05,549.05,8856958
2019-08-19,553.0,556.8,532.25,542.05,4932998
2019-08-20,540.0,545.0,535.0,539.9,3581202
2019-08-21,540.0,542.75,527.5,535.9,2780039
2019-08-22,535.0,552.65,507.85,518.05,6205902
2019-08-23,518.0,550.35,514.05,547.25,4297069
2019-08-26,551.0,560.8,537.1,549.8,3787015
2019-08-27,553.75,573.15,552.85,556.0,6063055
2019-08-28,559.0,571.5,546.15,557.0,3747446
2019-08-29,558.0,562.65,550.2,558.35,2733962
2019-08-30,559.0,565.25,547.15,563.2,3216244
2019-09-03,559.95,570.45,549.0,553.35,3021248
2019-09-04,555.0,563.0,547.55,561.05,2442694
2019-09-05,558.3,573.9,558.3,569.65,2437099
2019-09-06,573.75,573.75,563.1,567.95,2101090
2019-09-09,564.4,590.6,564.3,587.45,4813239
2019-09-11,585.0,590.5,575.5,577.7,5104552
2019-09-12,581.8,585.9,565.1,567.3,2118984
2019-09-13,570.0,580.0,559.35,578.15,2636025
2019-09-16,570.0,575.0,561.1,564.1,2148620
2019-09-17,569.1,571.5,560.8,563.3,2829239
2019-09-18,565.0,565.0,542.75,557.05,3855762
2019-09-19,555.5,566.4,549.2,562.05,1832868
2019-09-20,564.7,585.0,555.05,562.1,5023091
2019-09-23,568.95,596.4,564.6,580.85,3697264
2019-09-24,580.85,584.65,572.2,579.4,2552214
2019-09-25,575.3,578.9,572.0,576.75,1911916
2019-09-26,576.8,595.0,576.0,583.6,3330782
2019-09-27,584.5,588.15,573.5,582.05,1561920
2019-09-30,582.0,607.8,578.05,603.95,3914781
2019-10-01,609.95,614.35,584.5,594.95,4548803
2019-10-03,590.0,598.5,572.25,594.4,1610688
2019-10-04,598.9,604.95,580.35,582.55,3019366
2019-10-07,583.0,592.65,576.5,581.05,1808468
2019-10-09,581.0,584.6,573.75,581.7,1743937
2019-10-10,578.0,588.8,574.7,583.45,1789997
2019-10-11,584.2,593.2,581.0,589.85,1710191
2019-10-14,583.0,589.65,568.1,586.65,3373152
2019-10-15,585.0,591.0,580.8,583.1,2213363
2019-10-16,586.8,592.0,580.0,588.75,1733497
2019-10-17,585.0,593.7,580.35,591.95,2290127
2019-10-18,591.0,603.5,588.5,599.0,2426210
2019-10-22,599.0,603.9,592.95,597.0,2264692
2019-10-23,598.3,600.9,591.1,597.0,1544878
2019-10-24,600.0,606.5,595.1,597.7,2250928
2019-10-25,601.45,601.95,589.9,594.6,2174674
2019-10-29,596.0,600.0,591.5,594.9,1791840
2019-10-30,599.8,599.8,580.1,584.15,2393149
2019-10-31,586.0,599.0,578.1,596.45,2419308
2019-11-01,599.55,600.8,586.0,588.55,1393105
2019-11-04,590.0,600.95,587.2,594.25,1912912
2019-11-05,596.45,617.75,590.0,605.65,5995240
2019-11-06,611.0,615.0,603.85,606.6,2513814
2019-11-07,612.0,612.0,557.1,577.7,4504826
2019-11-08,563.6,574.5,552.55,555.85,8050823
2019-11-11,555.0,561.0,541.25,548.85,3188430
2019-11-13,551.0,553.75,538.5,541.3,2509847
2019-11-14,541.55,544.2,531.1,535.55,2412598
2019-11-15,539.0,541.75,518.35,530.3,4164016
2019-11-18,530.15,551.45,527.5,549.0,5257399
2019-11-19,551.0,556.75,538.1,551.25,4602774
2019-11-20,552.9,556.5,546.4,552.85,1835821
2019-11-21,553.2,559.8,542.0,544.8,2177445
2019-11-22,541.0,542.5,530.5,533.5,2553689
2019-11-25,534.0,547.75,534.0,544.5,2853307
2019-11-26,543.6,551.9,538.55,541.7,4319616
2019-11-27,544.2,554.9,544.2,551.85,3722294
2019-11-28,554.8,582.8,554.05,579.9,7529348
2019-11-29,577.25,582.8,571.4,573.25,1835816
2019-12-02,582.95,582.95,566.05,570.25,2224559
2019-12-03,570.2,573.45,562.4,569.5,2108231
2019-12-04,568.9,574.8,562.45,570.25,2149586
2019-12-05,571.95,574.8,565.0,568.55,1408785
2019-12-06,570.9,570.9,558.15,561.7,2316037
2019-12-09,565.0,574.5,560.4,563.55,1815303
2019-12-10,565.3,572.7,553.6,557.75,2347290
2019-12-11,557.0,563.75,551.7,561.05,1706296
2019-12-12,562.55,581.0,561.1,569.95,3672353
2019-12-13,573.45,578.1,563.5,565.0,1888212
2019-12-16,572.0,573.4,562.1,563.7,1875145
2019-12-17,564.05,568.2,556.0,564.1,1794161
2019-12-18,565.5,571.8,559.35,566.25,1833572
2019-12-19,565.6,573.0,561.6,562.75,1381005
2019-12-20,566.0,580.9,559.1,578.15,2631973
2019-12-23,579.95,596.2,573.85,577.65,5469024
2019-12-24,577.65,582.45,567.3,569.15,2277180
2019-12-26,572.7,577.0,566.25,569.45,2179063
2019-12-27,572.35,581.85,568.65,580.25,1748259
2019-12-30,582.95,592.0,578.45,589.35,1557550
2019-12-31,590.2,591.7,583.0,584.5,1374096
2020-01-01,585.0,589.5,580.7,588.25,720807
2020-01-02,589.5,597.2,584.2,595.45,1388201
2020-01-03,591.5,594.2,587.3,590.75,1063950
2020-01-06,589.0,589.0,579.0,584.95,1218216
2020-01-07,584.95,604.0,583.05,595.05,4247207
2020-01-08,585.75,603.0,584.6,600.85,2090846
2020-01-09,602.0,614.9,598.25,604.55,2795225
2020-01-10,607.0,608.5,595.05,600.3,1921690
2020-01-13,604.0,605.75,590.0,591.95,2174995
2020-01-14,593.2,594.9,579.2,583.55,2911749
2020-01-15,584.0,589.5,573.8,585.8,3419279
2020-01-16,587.1,591.8,582.1,588.1,1705322
2020-01-17,589.95,597.35,585.9,589.25,1813763
2020-01-20,590.0,590.85,580.55,584.6,2425877
2020-01-21,582.8,582.8,572.2,577.7,4789489
2020-01-22,582.85,582.85,553.4,562.95,7453773
2020-01-23,560.0,564.55,540.3,542.2,4533870
2020-01-24,541.0,564.5,541.0,543.3,8132638
2020-01-27,545.4,550.1,535.0,537.25,4285510
2020-01-28,538.25,548.0,533.2,536.95,4042406
2020-01-29,543.9,545.9,537.05,542.15,2182366
2020-01-30,541.95,551.35,539.1,544.15,3514667
2020-01-31,547.45,549.0,525.0,526.55,4340034
2020-02-03,506.75,517.5,505.0,513.3,3012267
2020-02-04,516.95,525.95,515.0,522.6,2253175
2020-02-05,525.1,542.3,521.55,537.45,3105094
2020-02-06,537.05,545.2,533.6,536.85,2052126
2020-02-07,539.0,555.45,538.3,543.1,5702296
2020-02-10,570.3,579.6,555.7,574.1,15352223
2020-02-11,574.4,584.8,569.9,576.65,5097454
2020-02-12,578.45,583.0,570.45,573.9,3277025
2020-02-13,572.0,582.9,562.9,578.75,2902199
2020-02-14,579.6,601.4,578.1,591.65,6213486
2020-02-17,593.0,599.8,591.15,595.0,2418399
2020-02-18,592.0,592.0,574.0,585.2,2972328
2020-02-19,589.9,593.85,581.3,585.2,2843587
2020-02-20,586.0,596.25,580.7,584.35,1802988
2020-02-24,586.95,590.75,570.1,573.25,1975289
2020-02-25,573.3,577.65,562.1,566.35,2912488
2020-02-26,565.8,569.8,556.0,563.0,2885119
2020-02-27,561.55,561.55,548.85,550.85,1668088
2020-02-28,543.0,546.6,514.0,519.7,2974535
2020-03-02,527.0,541.6,509.6,514.35,1907596
2020-03-03,519.9,526.65,512.55,521.55,2499968
2020-03-04,525.0,533.6,498.1,511.6,4037644
2020-03-05,518.9,529.0,513.0,516.05,2794208
2020-03-06,499.0,516.85,491.35,513.6,3567046
2020-03-09,504.65,519.9,494.65,513.0,4467786
2020-03-11,498.55,523.45,497.6,516.95,5659075
2020-03-12,504.55,520.4,434.8,443.6,8133221
2020-03-13,428.0,438.0,377.1,410.85,9712611
2020-03-16,392.3,394.95,373.5,376.8,5282609
2020-03-17,370.0,379.95,343.1,350.85,9227987
2020-03-18,360.0,363.95,314.6,321.85,5545883
2020-03-19,301.2,313.3,293.0,296.75,7227501
2020-03-20,294.0,320.65,287.0,300.15,7465488
2020-03-23,270.15,283.0,240.15,254.6,3029255
2020-03-24,265.5,277.0,249.5,262.05,4168346
2020-03-25,257.0,301.35,252.0,292.8,3838980
2020-03-26,298.0,330.8,290.2,312.55,5887832
2020-03-27,327.6,336.0,315.3,322.2,4833123
2020-03-30,317.2,317.2,293.7,308.45,3121312
2020-03-31,315.45,331.75,309.25,326.5,2779879
2020-04-01,328.5,328.5,303.0,305.75,2681565
2020-04-03,306.15,307.5,295.0,298.1,3265474
2020-04-07,311.0,326.0,307.15,323.65,3624533
2020-04-08,320.0,337.5,316.45,320.2,4632236
2020-04-09,330.0,332.4,312.75,319.0,4691012
2020-04-13,321.0,334.2,316.5,324.95,4850281
2020-04-15,329.95,381.75,329.9,350.55,22250838
2020-04-16,356.0,369.0,356.0,363.2,10132741
2020-04-17,376.55,379.0,358.25,363.3,5328293
2020-04-20,369.8,369.8,352.8,354.75,4741110
2020-04-21,348.7,352.9,343.05,345.95,2817261
2020-04-22,345.0,359.0,336.2,353.65,4105568
2020-04-23,359.9,366.4,345.7,348.9,5688683
2020-04-24,345.0,347.6,334.2,335.85,2736141
2020-04-27,343.4,355.7,340.5,349.35,4557197
2020-04-28,361.95,369.95,357.05,360.5,7805874
2020-04-29,363.95,364.4,354.35,360.6,2824041
2020-04-30,367.25,429.35,364.05,420.05,18224218
2020-05-04,394.85,419.5,381.35,385.4,10395308
2020-05-05,395.0,408.0,385.0,387.05,11637265
2020-05-06,392.95,392.95,373.0,379.0,7610764
2020-05-07,378.0,383.9,366.3,368.4,4316135
2020-05-08,373.45,375.8,363.0,364.6,3282167
2020-05-11,367.0,378.6,366.5,368.1,3903903
2020-05-12,368.5,382.45,363.9,374.55,9371378
2020-05-13,398.2,398.8,380.6,389.65,7474559
2020-05-14,386.5,396.0,376.1,391.85,7302616
2020-05-15,393.7,393.7,377.45,378.9,3690162
2020-05-18,381.4,384.7,365.4,375.8,5496993
2020-05-19,380.65,380.65,338.25,339.65,18772895
2020-05-20,339.05,358.6,336.0,356.55,16718318
2020-05-21,359.65,370.0,356.35,366.8,10088455
2020-05-22,366.75,373.9,362.7,371.15,8545227
2020-05-26,376.95,386.45,365.65,367.05,14907868
2020-05-27,370.5,390.0,367.05,387.8,15176464
2020-05-28,394.2,398.9,388.2,391.1,9298423
2020-05-29,392.55,419.75,388.4,405.85,22301405
2020-06-01,411.0,423.0,410.75,419.3,7782283
2020-06-02,420.1,428.95,414.7,424.7,6847561
2020-06-03,428.95,433.8,417.0,419.1,7203500
2020-06-04,419.9,432.95,418.0,422.05,5729522
2020-06-05,425.25,445.95,423.55,439.4,12315989
2020-06-08,449.0,449.7,433.5,436.8,4520992
2020-06-09,443.95,445.0,428.15,430.6,4048019
2020-06-10,432.1,435.55,421.0,425.0,4333713
2020-06-11,430.7,434.25,415.45,417.45,3873618
2020-06-12,402.0,415.2,400.05,411.65,4995018
2020-06-15,405.65,411.0,398.05,405.0,4693725
2020-06-16,416.0,429.4,410.0,414.25,10359468
2020-06-17,419.8,424.0,409.0,420.8,6088271
2020-06-18,422.85,431.9,422.4,427.9,5641321
2020-06-19,427.95,439.55,427.5,436.9,6059411
2020-06-22,436.95,448.4,432.1,446.2,4990109
2020-06-23,453.0,469.1,452.75,463.1,7873312
2020-06-24,466.85,470.0,441.0,444.95,3907935
2020-06-25,438.15,454.7,437.45,442.9,3982270
2020-06-26,450.0,450.85,438.65,440.25,2128151
2020-06-29,440.0,440.25,429.15,431.9,2317361
2020-06-30,435.0,446.45,422.0,425.2,5184094
2020-07-01,430.9,449.0,429.0,446.95,8180143
2020-07-02,451.35,453.75,440.35,442.45,3807815
2020-07-03,445.2,452.95,442.4,444.2,3812085
2020-07-06,447.0,460.4,446.3,456.6,4257602
2020-07-07,457.9,457.9,448.1,450.95,3664426
2020-07-08,459.85,464.0,441.25,444.0,8686831
2020-07-09,447.0,447.9,437.15,442.55,5160583
2020-07-10,444.0,452.0,433.5,436.5,5806559
2020-07-14,439.95,444.5,429.1,437.5,4214243
2020-07-15,441.75,442.85,430.45,437.55,4334532
2020-07-16,440.55,441.75,423.55,433.45,4189313
2020-07-17,435.0,442.35,433.0,436.45,3644145
2020-07-20,440.0,456.0,439.3,453.65,9435359
2020-07-21,457.3,462.8,450.35,458.4,6154188
2020-07-22,460.0,464.5,447.7,460.25,4431711
2020-07-23,461.0,478.0,459.0,462.75,9427289
2020-07-24,461.0,461.0,444.1,454.15,4059461
2020-07-27,455.8,457.0,440.25,445.8,2974332
2020-07-28,446.4,451.95,441.5,448.95,4626424
2020-07-29,449.5,464.1,449.05,461.75,7119905
2020-07-30,464.95,471.5,461.45,464.6,6219459
2020-07-31,467.85,486.0,460.25,478.15,11062532
2020-08-03,484.0,484.9,445.2,452.15,14444377
2020-08-04,455.85,464.35,454.0,461.7,6194319
2020-08-05,462.0,467.7,452.3,453.6,4736989
2020-08-06,452.5,466.5,451.6,463.9,4177616
2020-08-07,465.5,484.9,465.5,480.3,10013682
2020-08-10,483.85,496.5,478.45,494.3,7603928
2020-08-11,496.5,496.65,480.0,481.9,4360609
2020-08-12,481.25,489.0,471.05,487.15,4332818
2020-08-13,487.3,499.9,487.3,489.15,4549602
2020-08-14,494.6,496.9,480.85,485.65,2431513
2020-08-17,489.5,494.7,487.75,492.35,2230316
2020-08-18,492.2,508.95,491.85,500.15,8890754
2020-08-19,499.9,507.15,492.5,499.4,5405986
2020-08-20,494.85,498.75,487.25,491.9,3081600
2020-08-21,496.5,504.05,491.0,493.4,3426545
2020-08-24,496.0,504.75,496.0,497.4,4042121
2020-08-25,499.05,500.55,490.2,492.1,3431282
2020-08-26,492.95,496.6,488.35,493.55,2839626
2020-08-27,493.05,500.0,492.5,496.75,2426413
2020-08-28,500.0,521.1,498.3,519.25,9809948
2020-08-31,524.0,534.9,501.0,505.95,10825186
2020-09-01,505.0,510.0,491.25,505.05,3980644
2020-09-02,505.0,506.0,492.7,500.85,4153159
2020-09-03,505.8,526.75,504.25,521.85,8589275
2020-09-04,514.75,517.85,504.55,508.45,3768854
2020-09-07,509.5,510.45,490.8,494.45,5255103
2020-09-08,497.65,503.4,485.0,487.0,4844567
2020-09-09,482.0,498.4,467.05,494.55,6078537
2020-09-10,497.9,497.9,485.0,491.0,4004655
2020-09-11,492.6,501.0,488.1,499.0,3410700
2020-09-14,507.95,519.8,502.0,515.9,5861925
2020-09-15,518.25,532.25,516.05,529.7,6222427
2020-09-16,530.05,533.25,521.95,528.5,3961768
2020-09-17,524.95,537.0,520.3,530.55,4036648
2020-09-18,530.9,540.0,529.05,537.3,3868205
2020-09-21,537.0,546.5,521.85,532.2,4907579
2020-09-22,532.2,537.9,512.35,529.15,4623271
2020-09-23,530.0,534.9,519.85,532.4,3647987
2020-09-24,525.45,525.45,502.2,505.15,4119459
2020-09-25,508.95,513.8,500.75,504.65,4858021
2020-09-28,506.4,517.75,506.0,509.8,3786838
2020-09-29,514.5,514.5,490.6,493.1,5023517
2020-09-30,494.0,506.0,491.55,502.9,4501377
2020-10-01,508.0,512.7,503.3,505.65,2462815
2020-10-05,509.5,510.15,502.1,507.1,2533261
2020-10-06,511.45,519.0,508.25,509.55,3662272
2020-10-07,511.45,524.9,507.4,510.85,4997523
2020-10-08,513.95,519.85,506.5,509.4,2814294
2020-10-09,510.4,513.2,495.9,497.3,3712048
2020-10-12,499.9,508.3,493.15,507.1,3332484
2020-10-13,507.8,515.55,504.1,506.5,3992135
2020-10-14,501.35,513.0,495.3,510.9,3424315
2020-10-15,510.0,520.0,502.9,506.55,4927087
2020-10-16,490.0,490.0,458.25,466.95,22982753
2020-10-19,474.8,474.8,447.5,463.45,13196083
2020-10-20,464.0,467.7,453.95,455.95,7255239
2020-10-21,459.9,463.5,446.75,454.2,6312709
2020-10-22,452.8,458.2,450.2,454.5,4495486
2020-10-23,458.5,458.5,450.0,450.95,3682129
2020-10-26,454.95,454.95,431.5,433.4,6280314
2020-10-27,435.0,441.4,429.35,438.55,4881972
2020-10-28,440.35,454.5,437.5,450.75,7235748
2020-10-29,447.4,455.6,444.25,450.25,4598075
2020-10-30,451.9,457.5,446.45,453.25,3684252
2020-11-02,465.0,465.0,431.65,445.35,10356782
2020-11-03,444.4,449.5,414.0,417.05,16512536
2020-11-04,415.7,415.7,399.0,401.35,19363947
2020-11-05,407.95,419.6,405.15,418.4,11470585
2020-11-06,421.45,428.0,417.8,422.4,7614066
2020-11-09,426.6,431.0,424.15,426.75,4271081
2020-11-10,430.1,438.5,426.55,432.8,6424909
2020-11-11,429.0,442.95,429.0,435.7,7504886
2020-11-12,436.8,437.8,425.1,429.6,5511536
2020-11-13,429.0,431.1,423.0,425.35,4644051
2020-11-17,431.4,434.5,428.25,429.65,5929010
2020-11-18,430.0,430.0,424.05,426.3,4415523
2020-11-19,425.9,425.9,415.05,416.5,6331928
2020-11-20,416.5,422.4,406.55,420.4,12763134
2020-11-23,423.0,429.5,421.35,426.45,5172468
2020-11-24,428.0,431.5,426.45,427.45,4538696
2020-11-25,428.8,430.15,417.6,418.6,4753592
2020-11-26,418.6,422.3,414.15,420.55,3896795
2020-11-27,421.2,425.5,416.3,417.7,7024437
2020-12-01,420.0,434.2,418.0,433.05,14928450
2020-12-02,442.75,447.0,437.45,441.95,14187495
2020-12-03,446.75,458.9,437.5,454.75,13251977
2020-12-04,458.95,463.0,452.5,455.7,7719922
2020-12-07,455.0,478.2,453.55,475.95,11443788
2020-12-08,481.25,488.5,469.45,472.8,15624166
2020-12-09,475.1,495.0,475.1,492.6,13836059
2020-12-10,478.0,479.0,416.1,438.45,87279054
2020-12-11,456.0,456.85,429.2,435.0,50283569
2020-12-14,433.0,443.9,431.8,442.15,14595495
2020-12-15,443.25,449.8,437.0,448.8,9187569
2020-12-16,453.85,461.5,451.5,459.65,11503251
2020-12-17,461.45,466.4,453.2,455.4,7362825
2020-12-18,456.0,462.0,454.0,460.3,5402464
2020-12-21,460.0,460.75,417.0,437.3,7376210
2020-12-22,437.3,445.8,425.55,444.65,7910320
2020-12-23,444.5,452.7,438.3,451.95,3488991
2020-12-24,454.9,456.6,448.0,449.4,4384445
2020-12-28,452.05,457.5,451.05,453.4,3146922
2020-12-29,454.5,459.0,445.4,454.7,3781566
2020-12-30,464.0,472.4,461.25,467.1,21753642
2020-12-31,467.7,468.5,461.2,466.35,5429481
2021-01-01,469.9,476.6,466.85,469.3,7090451
2021-01-04,473.4,475.0,466.65,473.15,3615832
2021-01-05,469.0,472.5,466.35,471.25,3226777
2021-01-06,471.95,481.9,467.15,472.4,5947103
2021-01-07,476.0,486.5,474.45,482.5,7025121
2021-01-08,485.0,506.0,484.8,503.65,16114942
2021-01-11,506.0,508.9,493.3,497.45,5666689
2021-01-12,494.75,505.5,491.2,501.5,5008167
2021-01-13,502.0,505.8,484.4,491.7,4694033
2021-01-14,494.1,515.0,493.0,509.4,15231242
2021-01-15,511.95,527.9,511.4,522.55,19836600
2021-01-18,524.95,568.0,524.0,561.3,37175310
2021-01-19,561.0,570.9,553.65,564.0,15094630
2021-01-20,563.0,581.85,556.5,576.35,10900743
2021-01-21,576.35,594.0,576.35,584.55,11759051
2021-01-22,585.4,592.5,564.0,566.95,10118222
2021-01-25,571.7,593.0,567.0,588.15,13563025
2021-01-27,588.15,601.15,569.0,574.25,15463821
2021-01-28,569.0,570.7,557.2,565.45,8146430
2021-01-29,569.85,576.0,557.0,560.65,9298672
2021-02-01,548.9,548.9,510.0,534.1,20250736
2021-02-02,541.0,568.5,541.0,566.3,13416792
2021-02-03,562.1,579.95,555.0,558.25,7268499
2021-02-04,558.7,568.55,544.3,548.05,6751111
2021-02-05,553.85,553.85,535.0,536.5,6377789
2021-02-08,538.0,546.0,528.15,538.3,8511429
2021-02-09,539.5,556.0,535.55,538.6,9171011
2021-02-10,543.0,546.45,532.45,534.4,4446858
2021-02-11,530.2,545.6,530.2,543.55,5684777
2021-02-12,545.8,547.3,531.5,535.8,3043562
2021-02-15,540.0,543.95,534.55,537.45,2569470
2021-02-16,542.65,545.65,537.1,538.95,2976504
2021-02-17,525.3,542.6,525.3,539.0,2934589
2021-02-18,536.35,556.6,532.0,541.05,6399026
2021-02-19,542.95,565.0,539.5,552.8,16693854
2021-02-22,556.0,560.95,536.55,539.75,7702962
2021-02-23,530.0,570.0,514.05,566.4,20867768
2021-02-24,547.0,567.0,546.0,553.95,7229614
2021-02-25,560.8,597.0,559.0,593.0,16764202
2021-02-26,585.0,589.4,555.45,561.55,11511171
2021-03-01,570.0,592.7,570.0,590.6,8570035
2021-03-02,603.0,608.8,580.15,589.45,10602015
2021-03-03,595.8,616.85,589.2,613.6,8740632
2021-03-04,602.0,631.45,599.1,615.45,14124256
2021-03-05,615.45,615.9,586.0,591.55,7517590
2021-03-08,601.0,636.2,600.0,629.95,14163149
2021-03-09,634.0,637.7,611.25,624.9,10566829
2021-03-10,630.6,630.6,612.5,621.3,5583509
2021-03-12,626.6,632.95,614.1,620.3,4994965
2021-03-15,623.3,625.45,604.45,621.35,5438311
2021-03-16,625.05,639.55,616.55,620.25,8396917
2021-03-17,623.65,626.85,605.0,609.2,4503677
2021-03-18,617.65,622.8,594.05,601.3,6154177
2021-03-19,598.0,628.9,586.2,625.45,8322870
2021-03-22,624.95,636.9,617.65,628.15,6196079
2021-03-23,622.5,643.95,621.0,633.35,5999369
2021-03-24,625.0,636.4,607.0,608.85,4832842
2021-03-25,613.0,618.25,591.5,595.65,10648953
2021-03-26,606.0,606.0,581.0,585.4,7778619
2021-03-30,597.0,634.65,591.0,627.95,14663831
2021-03-31,623.0,654.0,620.1,641.85,15862803
2021-04-01,640.95,656.9,635.0,653.6,7348750
2021-04-05,650.0,664.75,631.6,646.25,9077724
2021-04-06,648.0,668.85,645.0,661.35,7227685
2021-04-07,660.0,673.95,652.4,654.45,4948757
2021-04-08,657.0,664.6,650.0,651.6,3926359
2021-04-09,656.0,656.0,630.7,634.9,4995747
2021-04-12,625.0,627.65,581.5,589.55,5954644
2021-04-13,594.0,618.5,589.0,604.6,10046450
2021-04-15,611.0,623.9,597.4,607.35,7395673
2021-04-16,610.0,618.8,602.0,611.75,3577455
2021-04-19,595.1,603.0,587.0,597.45,3198847
2021-04-20,606.0,613.0,585.6,591.75,3403144
2021-04-22,589.0,598.9,581.9,591.6,3182229
2021-04-23,592.1,597.05,581.3,585.4,3356598
2021-04-26,587.1,597.9,585.9,590.65,3162291
2021-04-27,591.1,605.2,589.4,597.45,4496811
2021-04-28,602.95,613.7,601.2,608.05,4983043
2021-04-29,613.4,621.0,609.8,615.8,6257014
2021-04-30,610.8,621.0,604.05,606.9,3072295
2021-05-03,605.5,619.75,596.15,617.8,3609311
2021-05-04,621.0,645.65,608.05,611.25,13505599
2021-05-05,621.7,643.0,616.65,640.7,11454883
2021-05-06,640.7,641.0,626.65,633.0,5545420
2021-05-07,635.0,641.85,625.25,629.4,3675295
2021-05-10,635.7,680.35,635.55,674.6,16727737
2021-05-11,673.0,688.45,667.9,684.35,14135052
2021-05-12,691.95,702.55,680.6,691.65,10562440
2021-05-14,710.0,764.4,705.05,743.3,57232233
2021-05-17,757.0,785.0,752.05,770.75,28018670
2021-05-18,776.5,778.0,759.15,769.4,10306166
2021-05-19,773.0,805.3,765.55,782.15,17761845
2021-05-20,786.4,797.4,763.0,767.5,8495432
2021-05-21,775.0,786.0,763.25,779.85,8097156
2021-05-24,781.95,793.95,773.7,789.35,5586202
2021-05-25,795.0,806.0,789.5,796.65,7350432
2021-05-26,795.0,815.75,791.5,812.6,7822821
2021-05-27,816.05,825.5,809.6,819.75,10004617
2021-05-28,818.45,824.45,809.0,811.7,4829944
2021-05-31,811.7,821.85,808.25,815.1,3857904
2021-06-01,818.0,826.4,808.35,815.8,4414474
2021-06-02,815.0,840.85,810.5,837.6,7228801
2021-06-03,842.95,845.0,828.0,840.25,6863737
2021-06-04,835.0,845.35,832.1,836.25,4116012
2021-06-07,841.0,862.25,834.2,850.5,4774564
2021-06-08,850.4,864.7,840.2,853.55,4214138
2021-06-09,855.0,862.95,838.65,845.55,5068262
2021-06-10,849.0,853.8,837.0,838.7,4012050
2021-06-11,842.95,844.7,830.0,835.15,2633076
2021-06-14,838.2,838.2,815.2,834.6,2361786
2021-06-15,834.2,845.65,830.4,841.8,3093053
2021-06-16,843.9,854.55,836.15,838.2,4555364
2021-06-17,834.85,848.0,828.65,835.05,3684099
2021-06-18,839.0,839.25,790.85,808.0,8145772
2021-06-21,800.0,800.0,768.3,772.2,10319132
2021-06-22,779.0,806.5,776.6,802.5,8773658
2021-06-23,809.0,810.95,793.1,804.0,5498823
2021-06-24,809.0,815.45,796.6,813.45,3569898
2021-06-28,805.0,812.6,801.3,809.1,2499662
2021-06-29,810.0,817.95,799.3,805.4,2509072
2021-06-30,810.0,811.0,790.6,792.85,2180444
2021-07-01,796.0,798.55,786.45,791.5,1933865
2021-07-02,791.5,806.6,789.0,799.35,2511086
2021-07-05,801.5,810.7,798.05,807.6,1812638
2021-07-06,808.0,816.0,801.4,803.3,3097194
2021-07-07,804.9,821.5,802.0,816.9,4641521
2021-07-08,813.4,824.75,807.35,814.1,2536653
2021-07-09,812.0,823.0,808.1,814.55,2662681
2021-07-12,820.0,831.7,815.95,821.45,4414998
2021-07-13,828.9,833.8,823.1,831.95,2610471
2021-07-14,823.4,827.4,818.0,819.75,2456567
2021-07-15,821.75,839.3,819.25,836.25,3435337
2021-07-16,843.0,852.4,830.8,837.55,3907867
2021-07-19,834.9,849.0,822.3,833.25,4744590
2021-07-20,835.45,837.5,803.75,814.25,3280049
2021-07-22,817.95,829.5,816.0,828.0,2978752
2021-07-23,827.5,827.6,816.0,819.7,2212963
2021-07-26,819.0,826.75,806.65,819.95,2449095
2021-07-27,820.0,825.65,806.15,812.75,1721268
2021-07-28,818.65,818.65,796.95,814.65,3172824
2021-07-29,822.95,822.95,810.0,819.7,1839368
2021-07-30,821.25,834.5,786.15,808.55,7703034
2021-08-02,808.55,810.65,785.05,791.05,6205784
2021-08-03,795.0,795.0,780.6,790.55,3265559
2021-08-04,792.7,798.85,780.3,785.0,2722366
2021-08-05,790.0,790.0,772.0,777.25,2264430
2021-08-06,779.9,791.7,775.6,777.3,1788211
2021-08-09,780.8,784.4,770.2,778.1,1517468
2021-08-10,780.35,787.0,762.5,771.1,2331179
2021-08-11,772.0,781.9,757.0,773.8,3147475
2021-08-12,773.0,785.65,772.05,777.1,2248810
2021-08-13,778.0,784.3,770.6,779.1,2549137
2021-08-16,780.0,784.5,770.0,772.8,1711689
2021-08-17,775.7,777.55,745.8,760.75,2895739
2021-08-18,764.55,766.3,753.5,762.2,1846331
2021-08-20,751.0,757.8,722.1,728.25,4257864
2021-08-23,732.0,737.55,714.5,718.95,2573379
2021-08-24,721.9,732.8,717.0,731.05,1771956
2021-08-25,731.05,737.95,721.45,726.1,1895556
2021-08-26,725.0,729.8,717.0,719.65,1538567
2021-08-27,724.95,743.4,722.55,729.25,4292477
2021-08-30,732.95,744.55,730.0,740.45,2358153
2021-08-31,743.0,747.35,735.45,741.25,3074791
2021-09-01,745.15,752.5,739.8,748.65,2051308
2021-09-02,752.0,757.9,746.0,753.35,3029716
2021-09-03,756.35,760.0,747.1,752.8,1679831
2021-09-06,755.0,759.0,749.45,755.75,1427518
2021-09-07,757.0,759.95,746.0,752.05,1377576
2021-09-08,753.5,772.5,747.4,762.0,4079877
2021-09-09,761.65,762.0,754.1,757.9,1174804
2021-09-13,754.0,767.7,751.65,756.0,2724206
2021-09-14,760.9,764.85,751.0,752.5,1932973
2021-09-15,756.8,763.6,752.6,762.1,1374264
2021-09-16,763.0,769.75,753.1,754.0,2065099
2021-09-17,759.0,759.0,736.1,742.35,3348764
2021-09-20,738.0,738.0,701.0,705.6,3082145
2021-09-21,705.6,727.9,700.0,721.85,4222370
2021-09-22,721.0,726.15,713.75,724.9,1913723
2021-09-23,725.1,732.0,723.05,726.85,1337563
2021-09-24,728.0,731.9,713.55,718.65,1372681
2021-09-27,722.95,737.0,716.25,725.85,2611791
2021-09-29,711.9,722.9,709.0,717.15,2160616
2021-09-30,717.15,719.9,706.15,707.7,2487764
2021-10-01,707.0,714.05,698.25,712.65,1947637
2021-10-04,713.1,719.9,694.0,702.95,7682864
2021-10-05,705.0,719.6,700.55,714.65,3780191
2021-10-06,716.0,744.45,715.5,727.3,7773811
2021-10-07,735.3,736.0,723.0,727.5,2233111
2021-10-08,728.05,747.45,726.25,738.0,3181166
2021-10-12,742.45,749.9,738.05,744.3,1837397
2021-10-14,753.0,759.0,745.25,747.85,2144296
2021-10-18,749.2,762.0,745.2,751.1,2620289
2021-10-21,723.05,723.4,706.3,717.45,1625612
2021-10-25,704.0,708.0,686.25,695.3,1746556
2021-10-26,695.0,716.45,693.6,713.25,1475209
2021-10-27,714.5,748.0,712.0,741.5,4677615
2021-10-28,743.0,748.2,725.85,729.9,2875850
2021-10-29,735.9,746.0,716.55,740.2,3448037
2021-11-03,720.3,756.5,720.3,737.05,6580294
2021-11-04,745.0,745.0,731.1,737.7,390092
2021-11-08,740.0,744.0,731.0,742.65,1227750
2021-11-09,744.7,753.4,742.65,746.35,1622626
2021-11-10,746.25,774.0,741.1,771.3,6430811
2021-11-11,774.0,777.95,760.5,764.7,3322415
2021-11-12,770.0,774.7,765.05,769.55,1608464
2021-11-15,771.0,791.4,770.35,784.05,5069793
2021-11-16,786.0,794.0,777.1,780.05,2830062
2021-11-17,777.0,777.0,752.7,755.6,2998582
2021-11-18,755.6,761.9,740.0,741.45,2120918
2021-11-22,743.0,747.1,706.75,716.5,2041278
2021-11-23,710.0,729.05,705.25,725.25,1772081
2021-11-24,726.0,736.1,716.15,721.7,1312705
2021-11-25,725.05,737.85,721.75,727.3,4133359
2021-11-26,726.0,726.0,701.0,703.8,2482446
2021-11-29,704.0,710.25,679.25,689.35,2997007
2021-11-30,689.0,702.75,678.55,681.7,2524084
2021-12-01,687.5,693.75,681.55,690.5,1355645
2021-12-02,691.5,700.45,687.25,698.2,1673311
2021-12-03,700.1,717.75,699.75,712.75,3981290
2021-12-06,712.7,733.0,705.0,716.55,4551735
2021-12-07,720.0,730.7,717.0,726.95,1467958
2021-12-08,727.1,735.65,725.95,728.1,1827973
2021-12-09,728.1,744.0,727.55,742.2,2396147
2021-12-10,741.95,747.65,734.85,737.45,1084590
2021-12-13,739.5,751.9,735.5,740.4,2203948
2021-12-14,733.6,748.45,733.6,747.05,1561018
2021-12-15,746.95,755.7,736.25,739.95,3260708
2021-12-16,740.0,747.4,728.85,733.9,1028360
2021-12-17,729.0,732.15,713.55,715.6,2810650
2021-12-21,716.65,737.6,712.65,733.65,1660409
2021-12-22,735.0,757.0,735.0,754.3,3623916
2021-12-23,759.0,759.0,748.65,754.75,1539991
2021-12-24,759.0,759.0,739.1,746.85,1276729
2021-12-27,746.65,760.0,740.25,756.6,1315245
2021-12-28,763.9,765.0,757.2,761.75,1955283
2021-12-29,759.0,767.7,754.6,758.35,1192837
2021-12-30,755.0,760.35,744.9,746.65,1686223
2021-12-31,748.0,757.1,745.55,747.1,1131359
2022-01-03,753.0,766.9,750.0,764.2,1157591
2022-01-04,769.15,769.15,755.5,761.75,1247395
2022-01-05,759.0,769.85,757.4,764.5,1156604
2022-01-06,766.0,787.0,759.45,782.75,5436867
2022-01-07,782.0,790.7,776.55,788.95,2052552
2022-01-10,792.1,825.0,791.7,821.6,7424271
2022-01-12,821.1,825.1,812.4,822.4,2242638
2022-01-13,823.1,844.9,823.1,841.0,4410699
2022-01-14,836.0,836.05,818.0,824.65,3690548
2022-01-17,825.45,830.7,815.7,824.75,2569165
2022-01-18,821.55,825.0,795.85,799.1,2820426
2022-01-19,798.0,815.0,789.2,813.25,2193951
2022-01-20,820.0,823.0,804.0,808.45,1950781
2022-01-21,801.0,804.85,780.1,786.9,1449766
2022-01-24,776.7,786.0,755.5,762.6,1663579
2022-01-25,754.5,795.15,746.1,791.15,2981161
2022-01-28,778.0,806.5,777.55,790.25,4007799
2022-01-31,803.75,812.7,775.0,776.5,5138792
2022-02-01,785.0,795.6,766.9,785.0,3693825
2022-02-02,786.6,799.6,782.0,785.95,1771793
2022-02-03,788.95,791.0,771.0,773.5,1493402
2022-02-04,773.6,776.8,765.0,767.2,992052
2022-02-07,764.2,774.9,750.25,756.6,1255955
2022-02-08,757.0,763.95,744.1,758.65,2063533
2022-02-09,764.5,772.45,760.0,770.5,1342782
2022-02-10,775.0,778.95,767.95,770.1,2561635
2022-02-11,765.85,766.95,750.0,753.2,1621795
2022-02-14,744.3,749.05,716.0,721.7,1950243
2022-02-15,725.1,746.95,716.15,744.7,1467359
2022-02-16,750.0,750.0,732.3,735.8,1398493
2022-02-17,737.0,742.7,725.75,727.05,1174134
2022-02-18,728.0,736.2,719.0,724.95,1973922
2022-02-21,724.9,724.9,701.85,704.15,2577455
2022-02-22,689.0,695.7,676.25,693.35,2841052
2022-02-23,700.05,702.65,684.85,688.0,2713053
2022-02-25,656.2,663.85,644.65,654.7,3890925
2022-02-28,651.0,668.95,644.1,665.45,3060915
2022-03-02,663.65,697.0,659.5,689.55,8499711
2022-03-03,707.9,724.6,688.95,713.75,9676442
2022-03-04,712.0,735.9,704.8,713.75,10189495
2022-03-08,730.4,740.95,707.6,724.2,4117923
2022-03-09,732.5,734.8,712.7,725.2,2888800
2022-03-10,731.55,742.4,720.0,724.2,4218131
2022-03-11,723.85,729.0,716.2,725.45,2559363
2022-03-14,728.0,733.55,720.1,730.75,2845328
2022-03-15,730.0,746.0,728.55,741.0,4051465
2022-03-16,749.95,756.65,743.9,752.45,2879590
2022-03-17,759.0,764.5,754.55,761.6,2297497
2022-03-21,770.0,777.75,760.0,775.9,3221656
2022-03-22,775.0,787.0,771.05,780.95,2788207
2022-03-23,780.5,796.4,780.0,793.95,2365083
2022-03-24,795.0,801.85,789.05,799.1,2117672
2022-03-25,807.0,814.5,791.6,798.55,4762541
2022-03-28,795.05,797.95,778.0,780.75,2207764
2022-03-29,781.5,790.4,779.05,782.0,1636109
2022-03-30,782.0,785.5,774.0,776.15,1113587
2022-03-31,778.55,778.95,765.0,769.6,1874608
2022-04-01,770.5,783.5,770.5,781.55,1467955
2022-04-04,781.45,790.0,779.05,784.35,1111794
2022-04-05,791.95,800.65,790.3,793.55,2326745
2022-04-06,796.2,811.8,792.1,805.3,2880663
2022-04-07,797.0,809.0,790.45,803.35,2227078
2022-04-08,806.0,819.5,805.65,809.75,3285707
2022-04-11,811.0,824.0,810.15,819.85,3167295
2022-04-12,817.65,817.65,800.5,805.65,3123878
2022-04-13,805.65,836.45,805.0,818.65,4974212
2022-04-18,813.65,817.7,792.3,805.15,3037877
2022-04-19,807.0,823.9,800.0,804.9,2907063
2022-04-20,809.5,826.9,807.05,825.25,3042831
2022-04-21,831.0,833.65,821.0,829.15,2691988
2022-04-22,828.9,828.9,811.3,816.55,3147260
2022-04-25,805.0,808.95,791.5,803.05,2050099
2022-04-26,814.0,819.3,807.1,812.35,2022477
2022-04-27,809.9,810.15,794.2,798.4,1627577
2022-04-28,814.25,827.0,804.25,824.3,4606626
2022-04-29,832.0,834.0,816.35,822.9,3236877
2022-05-02,815.55,837.7,812.7,830.25,3855822
2022-05-05,830.4,841.4,819.1,823.25,2630497
2022-05-06,815.0,815.0,779.45,786.85,3256336
2022-05-09,772.0,806.65,768.55,777.6,6800255
2022-05-10,792.0,800.65,778.55,789.8,4027939
2022-05-11,801.0,812.7,782.8,792.15,3654568
2022-05-12,782.0,789.25,753.0,764.95,2998405
2022-05-13,774.0,795.0,772.1,781.55,3062695
2022-05-16,784.7,806.5,775.05,802.25,3267900
2022-05-17,808.0,819.7,798.7,817.35,1844532
2022-05-18,817.0,827.0,809.25,821.1,1792368
2022-05-19,807.8,816.35,803.0,814.0,1801424
2022-05-20,818.0,828.0,803.5,808.25,2235524
2022-05-23,810.0,815.35,788.75,791.25,3341478
2022-05-24,789.0,798.8,783.65,792.55,1695450
2022-05-25,794.5,798.0,758.4,764.0,1484158
2022-05-26,764.0,766.0,733.05,747.45,2577097
2022-05-27,754.0,762.7,746.65,756.6,1529970
2022-05-30,760.35,787.8,760.35,782.55,1735999
2022-05-31,782.5,791.2,775.0,779.6,1981316
2022-06-01,772.6,784.4,772.6,779.75,1136166
2022-06-02,775.0,787.45,769.0,775.35,1662461
2022-06-03,782.9,782.9,766.55,769.65,1175685
2022-06-06,771.95,781.0,764.55,779.0,891806
2022-06-07,778.5,779.8,742.1,746.2,2074139
2022-06-08,746.0,748.7,730.0,735.15,2112443
2022-06-09,734.2,751.0,726.7,747.3,2312524
2022-06-10,738.0,739.95,732.55,734.4,1103946
2022-06-13,726.0,732.4,719.55,726.4,1517285
2022-06-14,721.9,731.95,712.25,715.7,1590761
2022-06-15,721.5,723.6,707.05,712.15,1108371
2022-06-16,722.1,725.5,679.4,683.65,1733865
2022-06-17,683.4,687.7,659.25,665.15,2607500
2022-06-20,668.0,671.95,630.55,640.45,2523321
2022-06-21,642.25,656.95,642.25,654.2,1316846
2022-06-22,650.2,651.95,611.0,613.65,4180495
2022-06-23,613.0,635.65,607.5,633.2,3857527
2022-06-24,633.0,645.25,631.05,640.85,1901670
2022-06-27,648.0,666.5,644.1,657.1,2442598
2022-06-28,651.1,665.5,647.65,656.0,2692035
2022-06-29,652.05,653.95,641.55,644.4,2371912
2022-06-30,645.0,645.75,630.15,632.4,3792264
2022-07-01,630.0,646.0,621.95,643.5,3575548
2022-07-04,643.4,657.8,636.05,654.5,3002770
2022-07-05,659.0,671.65,654.6,656.4,2721295
2022-07-06,655.9,664.15,652.6,662.5,1674576
2022-07-07,667.0,684.65,664.45,682.75,3320190
2022-07-08,685.0,692.3,681.25,690.25,3024014
2022-07-11,688.45,695.0,683.25,690.8,1822281
2022-07-13,683.65,686.25,677.0,679.5,1152719
2022-07-14,680.3,685.0,666.6,670.15,1460677
2022-07-15,672.45,676.45,663.05,669.35,1143520
2022-07-18,676.95,687.75,675.0,685.05,1868531
2022-07-19,679.95,687.75,677.2,684.35,1909300
2022-07-20,693.0,697.5,685.15,686.25,1624888
2022-07-21,687.9,706.95,685.5,705.0,2747265
2022-07-22,710.95,730.65,709.0,725.0,5783131
2022-07-25,725.1,737.7,723.9,733.95,2179454
2022-07-26,733.95,739.5,724.05,726.35,1501349
2022-07-27,715.0,723.0,708.0,721.6,1463655
2022-07-28,725.9,730.8,719.4,727.7,1335287
2022-07-29,737.0,745.0,732.0,741.1,1518704
2022-08-01,753.0,780.4,744.05,767.35,7797234
2022-08-02,766.2,766.2,730.0,739.6,5611299
2022-08-03,739.9,744.4,725.0,731.35,3058290
2022-08-04,738.4,740.95,721.4,731.75,1781136
2022-08-05,735.0,750.0,731.0,743.45,1828490
2022-08-10,757.0,767.4,752.0,765.3,3248773
2022-08-11,769.35,774.2,760.35,767.5,2071502
2022-08-12,768.0,790.0,768.0,788.9,3744532
2022-08-16,790.0,804.25,786.1,788.55,2269603
2022-08-17,787.0,793.7,783.85,790.5,982454
2022-08-18,789.0,791.5,773.0,773.95,2239104
2022-08-19,773.95,779.55,764.0,768.25,1693235
2022-08-22,760.25,762.95,743.15,744.7,1749489
2022-08-23,737.0,762.0,737.0,759.55,1594035
2022-08-24,760.2,763.7,753.0,759.75,1245022
2022-08-25,762.5,778.0,758.3,762.65,2516409
2022-08-26,766.5,779.0,758.15,760.0,3643595
2022-08-29,750.0,756.05,739.4,750.45,1406170
2022-08-30,754.25,770.1,751.65,769.25,3414234
2022-09-01,764.05,766.65,751.3,756.45,2440603
2022-09-02,760.25,762.1,744.3,745.8,2098827
2022-09-05,741.35,753.75,740.0,746.85,1963379
2022-09-06,749.7,751.95,735.9,738.1,1799028
2022-09-07,736.05,743.0,734.0,741.1,1874233
2022-09-08,744.85,747.65,734.0,737.5,1993343
2022-09-09,742.0,756.85,740.1,742.0,2659280
2022-09-13,759.0,768.0,753.35,755.7,2541324
2022-09-14,748.0,760.15,743.8,748.3,2044162
2022-09-15,750.0,756.4,741.0,742.6,1449814
2022-09-16,746.35,753.25,699.0,703.4,6546670
2022-09-19,706.95,718.55,696.05,712.25,2189179
2022-09-20,715.85,723.6,714.2,719.9,1342093
2022-09-21,717.0,724.45,705.0,717.5,2077807
2022-09-22,709.1,726.6,709.1,721.35,2203643
2022-09-23,724.0,727.3,700.0,702.85,2230894
2022-09-26,698.0,701.95,670.4,679.9,2182907
2022-09-27,683.3,687.85,672.5,677.7,1199827
2022-09-28,676.7,677.5,660.55,663.7,1617322
2022-09-29,667.05,675.45,654.0,656.8,2121416
2022-09-30,656.8,674.85,654.4,672.05,1745532
2022-10-03,671.2,681.8,664.0,665.1,1815744
2022-10-04,678.0,691.7,674.0,689.95,2372225
2022-10-06,691.0,694.85,683.5,686.0,1208462
2022-10-07,685.0,699.9,683.95,690.45,2367283
2022-10-10,680.0,686.8,677.5,683.0,1009423
2022-10-11,686.45,686.45,660.2,664.15,1257522
2022-10-12,665.0,675.55,660.7,673.6,1171443
2022-10-13,675.0,676.5,662.1,663.9,745089
2022-10-14,674.0,687.6,672.0,678.3,2108845
2022-10-17,679.6,684.0,671.8,678.05,1360600
2022-10-18,681.45,689.05,680.0,682.05,1238762
2022-10-19,685.0,689.1,675.6,676.8,938837
2022-10-20,675.0,715.8,666.9,713.5,7210550
2022-10-21,712.7,724.0,696.8,700.2,5022081
2022-10-25,709.95,709.95,691.15,694.45,2890000
2022-10-27,701.4,709.0,695.8,706.45,2548464
2022-10-28,707.0,715.9,703.45,713.9,1834544
2022-10-31,717.5,732.0,711.0,730.2,2733496
2022-11-01,737.8,739.45,711.25,717.0,5060223
2022-11-02,720.6,728.3,713.8,717.55,1949252
2022-11-03,716.9,727.7,711.1,726.2,1665899
2022-11-04,730.0,739.95,725.0,738.85,3318868
2022-11-07,742.55,749.95,739.05,748.45,3102187
2022-11-09,755.8,759.45,747.3,753.6,3649011
2022-11-10,754.95,758.6,748.05,756.1,4929698
2022-11-11,760.0,769.9,759.05,767.9,3077741
2022-11-14,771.75,785.0,768.65,774.05,3532456
2022-11-16,770.45,771.3,762.25,767.5,1407784
2022-11-17,767.5,776.0,761.1,771.45,1846461
2022-11-18,776.0,776.0,760.25,765.95,2466319
2022-11-21,765.0,765.0,755.3,759.6,818375
2022-11-22,760.0,770.0,757.05,768.75,1288326
2022-11-23,772.95,776.05,766.25,768.5,907504
2022-11-24,772.35,779.95,767.8,774.15,1463574
2022-11-25,778.05,780.95,770.6,777.15,867124
2022-11-28,777.0,784.95,775.45,779.65,943112
2022-11-29,782.0,784.8,772.3,774.85,1266481
2022-11-30,777.9,793.55,774.35,789.7,3241756
2022-12-01,780.0,788.65,776.45,778.85,1517442
2022-12-02,780.1,785.0,768.0,783.7,2337749
2022-12-05,787.5,807.0,784.5,802.8,4114694
2022-12-06,801.9,802.8,782.3,787.9,1575896
2022-12-07,788.0,792.3,776.15,778.15,970940
2022-12-08,782.05,782.9,773.3,777.85,1500182
2022-12-09,779.45,781.95,757.05,763.7,1636084
2022-12-12,762.0,775.0,756.6,773.05,1124301
2022-12-13,776.0,776.0,763.05,767.4,1521073
2022-12-14,768.5,782.0,762.6,780.9,1480610
2022-12-15,782.0,788.5,765.5,770.75,1692394
2022-12-16,766.2,774.15,759.05,770.45,2566446
2022-12-19,770.95,773.9,763.25,770.15,884769
2022-12-20,769.0,771.55,749.0,754.85,1598234
2022-12-21,761.45,767.5,751.8,754.9,2220101
2022-12-22,755.25,761.45,727.45,729.35,2404863
2022-12-23,722.1,727.5,707.95,711.2,1175968
2022-12-26,712.45,725.35,707.5,718.25,955078
2022-12-27,724.95,724.95,710.0,716.35,1693081
2022-12-28,716.0,731.9,714.0,723.55,3025343
2022-12-29,724.7,729.85,717.0,722.55,1898772
2022-12-30,726.2,732.0,713.4,716.15,1387568
2023-01-03,722.5,727.25,717.2,719.35,1277112
2023-01-04,721.2,722.1,712.0,715.65,1354737
2023-01-05,719.25,724.7,713.4,720.3,1407487
2023-01-06,721.4,729.35,715.35,718.15,1209522
2023-01-09,724.0,736.15,722.6,734.2,1358106
2023-01-10,735.85,735.85,720.0,724.65,1484340
2023-01-11,726.0,727.7,715.4,717.8,1400355
2023-01-13,721.0,723.6,714.4,718.8,1310587
2023-01-16,721.45,723.0,710.5,714.05,1079570
2023-01-17,715.0,723.0,713.6,719.2,1349682
2023-01-18,721.25,734.0,721.05,732.35,1430862
2023-01-19,732.0,748.85,730.0,747.55,3553403
2023-01-20,747.6,748.4,735.2,737.8,979497
2023-01-23,742.95,753.45,738.2,749.45,2526843
2023-01-24,750.0,753.6,743.0,745.95,1132275
2023-01-25,744.0,746.75,735.25,737.95,1865988
2023-01-27,741.65,756.7,735.2,744.7,4903817
2023-01-30,748.75,750.55,737.6,745.15,1189091
2023-01-31,748.0,766.7,748.0,757.2,3629320
2023-02-01,765.1,771.6,730.0,742.15,3623038
2023-02-02,741.0,744.95,684.25,696.4,7698238
2023-02-03,701.1,718.0,697.5,715.7,2601859
2023-02-07,715.4,716.95,701.15,709.25,1571287
2023-02-08,711.0,723.8,710.0,722.65,1050880
2023-02-09,721.05,722.75,714.05,717.1,1097590
2023-02-10,717.1,729.35,716.55,726.9,1282246
2023-02-13,730.0,736.4,725.0,733.8,1265376
2023-02-14,736.5,766.95,735.6,761.6,7326901
2023-02-15,760.95,770.4,759.2,769.35,2786352
2023-02-16,770.0,773.7,767.0,770.35,1575168
2023-02-17,763.0,780.0,763.0,770.15,2374926
2023-02-20,762.0,769.75,755.0,757.95,1149759
2023-02-21,761.75,764.1,744.3,747.15,1964019
2023-02-22,745.05,749.3,736.55,739.3,1950321
2023-02-23,743.0,756.65,740.0,745.15,2936268
2023-02-24,748.85,754.8,736.0,738.3,2100294
2023-02-27,736.0,738.0,704.0,708.3,2252550
2023-02-28,708.0,710.6,693.25,694.2,2676043
2023-03-01,699.2,714.45,694.55,713.3,1835234
2023-03-02,713.65,716.0,704.1,705.9,993892
2023-03-03,709.0,714.85,704.85,710.0,1154106
2023-03-06,713.55,718.5,709.0,711.05,1066876
2023-03-08,702.05,717.65,702.05,716.7,1007033
2023-03-09,716.7,723.2,710.95,712.1,1212451
2023-03-10,710.0,714.9,705.05,711.65,1344227
2023-03-13,712.0,718.9,702.25,704.7,1173419
2023-03-14,708.25,709.0,687.6,697.65,1690322
2023-03-15,705.8,714.9,700.15,702.45,1248597
2023-03-16,705.85,705.85,692.05,696.4,713926
2023-03-17,705.5,717.85,696.8,715.65,2568540
2023-03-20,714.0,714.7,700.25,708.1,913310
2023-03-21,708.65,720.0,704.65,708.15,838991
2023-03-22,710.0,717.2,710.0,716.15,569287
2023-03-23,717.75,718.2,708.1,709.7,914840
2023-03-24,713.8,713.8,694.2,696.9,982591
2023-03-27,698.45,708.0,693.2,700.65,1355800
2023-03-28,704.15,715.5,702.4,714.65,2618934
2023-03-29,714.6,718.0,698.4,707.4,2871532
2023-03-31,705.0,722.45,705.0,717.65,1383231
2023-04-03,718.5,731.25,717.8,729.65,1768965
2023-04-05,729.65,736.2,725.9,732.3,1500202
2023-04-06,734.0,734.0,723.0,726.15,1391534
2023-04-10,729.95,739.0,727.3,737.75,883124
2023-04-11,742.0,744.0,737.7,742.55,731229
2023-04-12,746.0,747.7,736.0,739.9,1347769
2023-04-13,739.9,744.1,734.0,737.0,994060
2023-04-17,742.95,744.5,732.0,737.15,1043080
2023-04-18,737.15,743.1,735.25,738.65,1280463
2023-04-19,741.9,741.9,731.5,735.95,1012743
2023-04-20,738.4,739.0,730.65,732.05,1084257
2023-04-21,732.5,743.9,731.0,734.7,1829162
2023-04-24,735.0,739.2,723.25,729.85,1049786
2023-04-25,719.9,721.2,705.3,714.65,3407713
2023-04-26,714.7,716.8,707.5,715.35,3621655
2023-04-27,716.3,730.75,716.3,727.2,2470510
2023-04-28,733.0,741.9,730.8,740.3,2374556
2023-05-02,744.3,759.95,743.55,752.5,2225369
2023-05-03,751.5,755.8,738.55,739.8,1031469
2023-05-04,740.25,742.75,728.15,731.5,1655943
2023-05-05,735.1,735.1,709.65,714.85,3930399
2023-05-08,718.7,725.0,700.45,715.4,6201290
2023-05-09,710.0,710.0,692.65,694.4,8030712
2023-05-10,695.8,695.8,677.3,679.7,5803203
2023-05-12,685.05,685.8,673.0,678.2,1805619
2023-05-15,679.4,680.95,675.0,675.95,2432818
2023-05-16,677.0,677.85,671.0,672.85,1866298
2023-05-17,673.25,683.45,672.15,677.8,2527136
2023-05-18,679.0,681.8,672.15,673.35,1408554
2023-05-19,674.0,676.0,657.05,668.0,4632213
2023-05-22,668.0,672.05,661.95,670.4,2116815
2023-05-23,670.45,681.75,670.45,680.65,2087867
2023-05-24,680.65,684.8,674.0,682.25,1920527
2023-05-25,682.5,685.45,674.15,675.8,2210598
2023-05-26,676.0,688.95,676.0,688.1,2131442
2023-05-29,690.0,691.5,686.25,690.0,1116759
2023-05-30,691.0,694.0,684.1,689.05,900153
2023-05-31,684.25,691.05,682.0,685.1,3370272
2023-06-01,685.0,685.1,676.5,677.95,2470088
2023-06-02,679.0,684.5,678.9,683.35,1168519
2023-06-05,689.0,691.5,684.65,690.0,1227013
2023-06-06,691.0,696.95,690.4,694.0,1618425
2023-06-07,697.0,697.75,692.8,693.95,1147072
2023-06-08,695.0,698.9,689.05,690.05,1312986
2023-06-09,692.0,692.4,677.8,680.25,1411515
2023-06-12,680.25,682.55,674.2,678.95,2017017
2023-06-13,676.1,684.0,676.1,682.25,2175343
2023-06-14,682.0,689.45,678.65,682.75,4009140
2023-06-15,682.75,688.0,676.65,680.8,1890165
2023-06-16,681.3,695.8,681.1,690.85,3397721
2023-06-19,694.95,696.0,681.5,685.6,1510117
2023-06-20,685.0,685.1,678.7,683.45,1537058
2023-06-21,683.5,687.0,682.05,686.1,1194618
2023-06-22,686.1,686.1,671.05,674.4,2165875
2023-06-23,674.75,675.75,665.5,666.85,1884124
2023-06-26,672.65,680.85,667.5,679.2,2550546
2023-06-27,679.0,681.0,672.1,674.35,1844795
2023-06-28,675.85,682.0,674.0,680.35,2993257
2023-06-30,681.0,688.25,681.0,687.55,1756332
2023-07-03,688.4,688.95,678.0,680.3,1650880
2023-07-04,684.9,688.55,675.8,676.95,1707986
2023-07-05,679.0,679.0,669.2,669.8,2257766
2023-07-06,671.0,674.0,669.5,672.75,1668647
2023-07-07,672.85,676.0,661.8,663.0,2924889
2023-07-10,666.5,666.5,658.85,660.1,1532305
2023-07-11,654.95,654.95,640.15,644.25,3874013
2023-07-12,647.85,651.2,642.5,643.85,2355259
2023-07-13,642.5,649.5,630.0,631.0,4725978
2023-07-14,632.0,640.1,631.5,639.55,2430626
2023-07-17,643.0,647.0,637.25,643.8,2618535
2023-07-18,645.6,646.0,638.35,639.95,3048982
2023-07-19,642.4,645.7,638.2,639.15,2990583
2023-07-20,642.0,643.7,637.0,639.4,2365174
2023-07-21,640.0,640.5,633.75,634.6,2618007
2023-07-24,637.8,637.8,630.7,632.15,1626647
2023-07-25,635.0,635.0,624.05,626.0,2391696
2023-07-26,628.0,635.85,627.55,631.9,1885345
2023-07-27,634.2,637.3,625.3,626.75,1822820
2023-07-28,628.0,630.45,622.25,625.15,1972225
2023-07-31,625.0,631.0,621.0,624.7,5257210
2023-08-01,621.0,628.3,611.0,625.7,7565764
2023-08-02,628.8,629.55,614.0,619.15,2977294
2023-08-03,612.5,612.5,590.1,600.45,6714021
2023-08-04,604.5,607.35,600.45,603.35,1698361
2023-08-07,604.5,609.75,604.0,606.8,1586290
2023-08-08,608.4,608.9,602.15,604.35,2297368
2023-08-09,604.0,616.9,602.8,615.2,4701339
2023-08-10,615.95,618.9,606.25,609.65,2552655
2023-08-11,611.0,611.9,598.05,599.7,1772170
2023-08-14,600.0,600.5,586.0,590.3,2087103
2023-08-16,590.3,593.0,583.0,589.8,1504238
2023-08-17,589.0,591.3,584.0,584.95,1816344
2023-08-18,584.0,587.65,576.95,578.45,2394208
2023-08-21,582.0,590.0,580.1,585.7,1884006
2023-08-22,590.0,590.0,583.0,583.85,1199386
2023-08-23,585.0,587.95,583.35,585.75,1218953
2023-08-24,589.0,593.85,585.0,586.4,1673004
2023-08-25,585.0,588.75,580.0,583.2,1132264
2023-08-28,583.2,587.55,582.0,585.15,1005968
2023-08-29,589.5,601.0,589.0,597.6,6318164
2023-08-30,600.0,607.5,598.6,599.9,3729681
2023-08-31,601.95,602.1,590.25,591.15,7321307
2023-09-01,593.0,604.55,591.0,603.0,2466406
2023-09-04,605.0,608.85,599.25,607.45,4215928
2023-09-06,609.0,611.0,603.85,609.35,2896499
2023-09-07,609.3,615.9,607.05,612.3,3079054
2023-09-08,614.45,614.9,606.0,606.8,2137652
2023-09-11,610.0,619.35,608.1,617.95,3724960
2023-09-12,621.95,622.35,602.35,604.5,2923292
2023-09-13,605.0,610.8,603.6,608.3,1430448
2023-09-14,610.95,633.5,610.0,631.75,9184356
2023-09-15,634.8,635.5,627.65,634.65,3745966
2023-09-18,634.65,639.05,628.0,630.1,2579565
2023-09-20,625.05,628.3,620.5,622.5,2474148
2023-09-21,627.0,635.0,622.1,625.05,3925418
2023-09-22,627.45,629.5,612.6,614.8,1850344
2023-09-25,614.8,624.8,613.1,616.95,2303387
2023-09-26,616.95,623.0,615.0,617.55,1906824
2023-09-27,617.6,618.55,609.05,615.1,2018781
2023-09-28,615.1,618.9,602.55,605.0,2158105
2023-09-29,614.0,621.5,609.25,616.25,2002347
2023-10-03,615.95,615.95,606.05,607.0,2407302
2023-10-04,605.0,606.75,597.8,603.05,1922433
2023-10-05,606.2,609.4,601.85,604.3,1413612
2023-10-06,607.6,613.0,605.0,612.15,1750968
2023-10-09,606.55,610.95,598.3,609.95,1866768
2023-10-10,610.0,625.5,609.15,621.8,3281868
2023-10-11,625.9,629.6,623.9,627.75,2053212
2023-10-12,629.15,629.4,619.7,620.6,1645852
2023-10-13,618.85,625.15,616.4,623.05,1171758
2023-10-16,622.0,633.0,621.4,630.95,1917226
2023-10-17,634.9,634.9,624.0,624.9,1462594
2023-10-18,625.0,628.25,618.3,620.55,1222311
2023-10-19,614.4,617.7,607.3,613.55,1842555
2023-10-20,613.0,613.0,602.0,603.45,1174201
2023-10-23,603.0,608.0,585.1,586.7,2109981
2023-10-25,586.7,592.75,577.85,580.15,2986843
2023-10-26,580.15,580.95,560.0,561.05,4015200
2023-10-30,560.0,563.2,531.9,538.65,7164172
2023-10-31,534.95,543.7,528.15,540.5,5210230
2023-11-01,531.6,540.6,529.55,532.05,3767073
2023-11-02,535.35,542.55,535.0,540.75,1797928
2023-11-03,544.95,551.9,544.0,550.3,1809034
2023-11-06,552.05,555.45,548.4,554.7,1069714
2023-11-08,555.9,557.8,553.1,555.7,1190583
2023-11-09,555.7,557.8,548.8,550.4,1794405
2023-11-10,550.0,550.4,545.0,547.15,1414936
2023-11-13,555.0,556.5,550.1,552.7,1449034
2023-11-15,557.0,564.75,556.35,561.8,1766163
2023-11-16,561.75,563.6,556.0,560.85,2112355
2023-11-17,560.35,565.7,558.65,561.75,1787739
2023-11-20,561.75,563.95,554.8,556.7,1079422
2023-11-21,556.6,564.0,556.5,563.05,1333644
2023-11-22,564.9,569.55,563.1,565.9,2648583
2023-11-23,568.05,571.7,565.05,565.9,1264347
2023-11-24,565.5,568.35,558.05,558.95,868199
2023-11-28,558.95,564.85,556.15,563.55,1284890
2023-11-29,565.0,571.9,563.1,570.05,1780095
2023-11-30,570.0,572.9,566.2,570.65,3931052
2023-12-01,570.65,575.95,569.05,575.15,1811072
2023-12-04,578.5,584.85,577.0,578.9,3025773
2023-12-05,578.5,583.9,576.85,581.4,1870544
2023-12-06,583.0,596.3,583.0,588.55,3437918
2023-12-07,594.0,594.0,585.5,586.55,1824646
2023-12-08,590.0,595.9,580.25,585.2,2175978
2023-12-11,585.0,603.7,583.55,602.4,4467164
2023-12-12,606.0,606.75,595.85,597.7,2339706
2023-12-13,601.0,602.7,592.8,599.35,2110586
2023-12-14,603.05,604.0,596.5,599.15,2026994
2023-12-15,601.45,612.8,601.45,610.85,4941179
2023-12-18,613.8,614.75,605.0,606.55,1685280
2023-12-19,607.0,612.0,597.85,598.75,2396755
2023-12-20,605.0,605.0,569.0,572.15,5509320
2023-12-21,572.15,579.95,565.7,577.4,3089260
2023-12-22,581.0,585.75,577.4,581.65,2464945
2023-12-26,587.9,595.0,585.0,586.1,3443852
2023-12-27,590.1,592.3,581.1,583.2,2155491
2023-12-28,585.9,591.0,582.0,589.45,2270681
2023-12-29,592.0,592.0,585.05,587.25,2223633
2024-01-01,588.0,599.9,587.2,592.7,2825708
2024-01-02,593.0,603.8,589.05,594.45,3406640
2024-01-03,595.35,596.8,585.3,586.85,2435233
2024-01-04,587.0,589.2,582.65,587.65,3606404
2024-01-05,589.3,590.95,576.5,581.25,2433275
2024-01-08,581.0,582.8,560.05,560.9,5345743
2024-01-09,566.0,567.95,553.25,558.15,3590645
2024-01-10,561.0,561.75,551.9,558.6,2204496
2024-01-11,561.95,566.15,560.55,562.25,1620693
2024-01-12,566.1,568.35,562.4,565.1,1441096
2024-01-15,568.0,571.65,564.5,567.75,1659661
2024-01-16,568.0,569.2,560.5,564.5,1653823
2024-01-17,561.0,562.5,549.6,551.0,4724845
2024-01-18,550.0,552.0,539.15,544.2,3512857
2024-01-19,549.0,557.2,542.75,553.4,2415540
2024-01-20,556.95,557.4,551.6,552.45,811281
2024-01-23,558.45,558.45,533.55,535.1,2849229
2024-01-24,539.9,547.0,535.1,545.75,1386191
2024-01-25,545.75,547.6,536.0,537.3,1723625
2024-01-29,542.2,542.7,534.4,539.65,2162690
2024-01-30,541.9,547.5,534.4,535.25,1912294
2024-01-31,538.9,542.75,534.1,537.7,3570913
2024-02-01,536.3,539.0,526.5,530.05,3662000
2024-02-02,533.9,540.65,529.25,533.65,4224992
2024-02-05,524.0,525.0,470.05,474.0,23096694
2024-02-06,476.2,486.0,468.3,481.85,6661787
2024-02-07,484.0,485.0,477.25,477.8,3069307
2024-02-08,480.0,481.8,463.55,464.85,5214678
2024-02-09,467.9,467.9,453.3,457.95,5881661
2024-02-12,461.8,465.8,455.05,458.4,4404671
2024-02-13,462.05,479.95,452.15,479.1,7706461
2024-02-14,479.2,482.4,472.25,481.4,3210526
2024-02-15,486.9,490.45,484.7,487.35,3568439
2024-02-16,484.05,494.2,481.05,490.9,3374827
2024-02-19,493.7,500.0,491.55,497.55,3383768
2024-02-20,497.6,505.45,495.25,498.05,3033673
2024-02-21,499.0,500.2,490.95,492.15,1697299
2024-02-22,493.3,494.2,484.05,492.3,2881064
2024-02-23,494.0,496.6,487.9,488.7,1341328
2024-02-26,488.6,493.1,485.75,489.15,2253561
2024-02-27,489.9,491.5,481.5,484.6,2920314
2024-02-28,484.2,486.0,474.0,475.9,1572519
2024-02-29,472.0,475.0,466.8,469.7,5632071
2024-03-01,474.0,477.9,471.15,474.55,2877161
2024-03-04,476.05,480.15,470.0,474.25,1820722
2024-03-05,474.0,491.05,473.5,474.25,6182475
2024-03-06,476.95,477.5,464.5,473.2,3213293
2024-03-07,475.0,485.95,474.85,482.3,5420581
2024-03-11,485.1,488.0,475.5,476.55,2888338
2024-03-12,478.7,478.95,472.35,474.05,3030937
2024-03-13,474.05,476.8,450.05,451.9,3446385
2024-03-14,451.85,464.2,447.8,462.1,2505609
2024-03-15,462.2,477.5,459.45,475.15,6120565
2024-03-18,475.0,475.0,463.0,466.05,2951978
2024-03-19,464.0,471.45,460.25,461.05,2538838
2024-03-20,461.0,464.7,449.25,455.45,3018788
2024-03-21,457.0,461.95,452.25,455.55,3138092
2024-03-22,455.6,474.35,455.0,470.0,7019704
2024-03-27,465.0,467.2,453.45,455.5,27876181
2024-03-28,458.45,459.7,452.1,456.0,5435115
2024-04-01,460.0,468.35,458.45,466.2,2840448
2024-04-02,463.0,476.95,461.0,475.25,5564890
2024-04-03,475.0,482.95,470.5,476.7,4788697
2024-04-04,480.0,496.75,473.1,492.95,9778795
2024-04-05,499.5,500.6,489.9,494.35,6753966
2024-04-08,500.55,500.55,483.05,489.05,4603981
2024-04-09,492.7,496.5,486.8,489.85,2166661
2024-04-10,490.5,509.0,489.4,504.3,7937541
2024-04-12,505.55,511.1,500.5,502.05,5337775
2024-04-15,495.0,499.55,486.5,489.95,4994330
2024-04-16,488.05,492.0,483.05,484.65,3104362
2024-04-18,488.3,492.85,476.2,478.4,2706609
2024-04-19,473.25,489.95,466.55,487.55,3209153
2024-04-22,492.0,494.6,487.6,493.4,1860795
2024-04-23,494.9,500.6,492.25,495.5,3014860
2024-04-24,495.85,503.9,495.6,498.45,1683615
2024-04-25,499.0,506.95,496.35,505.9,4660938
2024-04-26,509.0,513.9,502.5,508.45,2825380
2024-04-29,510.95,510.95,504.5,507.05,2501739
2024-04-30,506.9,513.7,506.3,507.15,3509055
2024-05-02,508.1,510.4,497.3,498.2,2405482
2024-05-03,500.85,503.95,490.05,493.6,2196892
2024-05-06,495.25,498.3,481.1,483.4,3652474
2024-05-07,485.0,486.45,470.4,474.1,4535131
2024-05-08,475.5,479.95,471.15,477.85,1861827
2024-05-09,477.85,482.25,464.35,466.45,2726979
2024-05-10,471.0,505.0,464.45,501.9,6834995
2024-05-13,502.45,540.0,502.45,534.1,27039443
2024-05-14,531.8,531.8,501.65,510.05,15011896
2024-05-15,512.95,521.3,510.05,514.8,4234215
2024-05-16,516.15,519.8,505.85,510.0,2398088
2024-05-17,510.1,515.3,510.1,511.25,1911312
2024-05-18,515.35,515.35,510.05,511.4,213106
2024-05-21,508.5,514.0,508.5,512.1,2372489
2024-05-22,514.0,522.05,510.35,515.55,2807354
2024-05-23,515.55,517.7,507.2,510.85,1824121
2024-05-24,516.5,522.0,513.4,515.8,4320492
2024-05-27,518.4,529.65,516.85,524.95,6701240
2024-05-28,527.5,529.0,516.1,517.5,2462629
2024-05-29,519.0,522.6,515.5,517.25,2522672
2024-05-30,516.7,518.35,505.0,506.1,1828288
2024-05-31,508.0,517.9,506.85,508.8,8552013
2024-06-03,517.0,531.25,514.0,528.15,5297460
2024-06-04,529.75,529.75,478.0,495.95,4202540
2024-06-05,505.05,531.95,496.1,528.45,3690376
2024-06-06,529.8,545.5,527.7,537.4,6939999
2024-06-07,541.9,542.9,534.2,539.75,2223919
2024-06-10,542.65,555.6,532.1,551.5,6964090
2024-06-11,550.2,557.3,543.3,554.3,4059315
2024-06-12,555.4,558.6,548.5,550.05,2173771
2024-06-13,551.7,561.85,547.25,557.7,3845237
2024-06-14,557.7,559.8,549.7,551.7,2022269
2024-06-18,554.0,557.6,550.1,556.15,1587670
2024-06-19,560.0,568.45,550.7,557.3,6124293
2024-06-20,557.3,577.7,554.6,569.0,7472902
2024-06-21,574.35,574.35,561.25,565.95,5890175
2024-06-24,562.0,578.7,551.1,572.1,5572012
2024-06-25,573.0,576.8,567.0,571.1,1985056
2024-06-26,570.9,576.0,564.65,570.35,2354064
2024-06-27,570.2,574.6,559.25,567.85,1627135
2024-06-28,568.0,576.0,566.5,570.85,1535016
2024-07-01,570.05,574.7,567.3,573.45,1451065
2024-07-02,574.1,580.3,561.9,566.65,2781201
2024-07-03,567.5,576.0,567.2,572.15,1898741
2024-07-04,575.0,579.95,568.65,570.45,2148117
2024-07-05,570.8,573.9,567.7,572.7,1072378
2024-07-08,572.7,574.8,562.15,567.4,2695359
2024-07-09,568.0,572.3,563.0,563.95,1427039
2024-07-10,566.05,569.95,547.35,559.8,2033444
2024-07-11,560.85,566.4,555.1,557.7,3781459
2024-07-12,560.45,570.95,558.1,563.65,3741532
2024-07-15,566.0,567.5,560.8,565.05,1699641
2024-07-16,566.0,572.0,555.5,557.3,1674706
2024-07-18,557.3,561.0,554.95,558.65,1258371
2024-07-19,558.65,560.25,541.25,542.6,1483516
2024-07-22,540.0,558.2,532.85,545.45,2445572
2024-07-23,548.0,553.35,522.3,540.4,2813862
2024-07-24,536.3,543.45,535.0,537.05,1398404
2024-07-25,532.0,534.8,525.4,529.45,1833988
2024-07-26,529.15,545.0,529.1,544.15,1488053
2024-07-29,548.05,566.5,545.5,553.15,4404641
2024-07-30,553.6,568.8,552.5,564.9,2046419
2024-07-31,569.9,573.7,565.1,572.05,2390519
2024-08-01,575.0,577.0,557.1,560.45,1900787
2024-08-02,555.0,563.95,531.45,537.6,6452127
2024-08-05,520.0,551.5,520.0,528.3,8199938
2024-08-06,533.0,549.9,531.2,533.55,3839963
2024-08-07,539.0,549.0,535.55,546.7,2623663
2024-08-08,546.75,555.8,544.05,547.8,2763841
2024-08-09,558.5,562.0,550.65,554.6,2061454
2024-08-12,552.5,568.95,546.65,565.1,3191587
2024-08-13,566.0,566.1,550.8,552.05,1666599
2024-08-14,552.5,553.9,540.4,542.85,1066850
2024-08-16,542.85,554.4,539.6,553.35,1635134
2024-08-19,553.0,563.55,551.65,560.6,2412431
2024-08-20,560.6,567.0,560.1,566.15,1194020
2024-08-21,566.0,572.8,563.0,568.3,2235790
2024-08-22,570.0,587.9,568.25,579.15,6309020
2024-08-23,584.7,584.8,572.0,573.7,1995012
2024-08-26,578.9,578.9,572.1,577.45,1283196
2024-08-27,584.35,587.75,578.25,582.95,2705825
2024-08-28,585.0,585.9,575.55,578.05,1369570
2024-08-29,576.95,581.9,571.0,577.8,1530143
2024-08-30,584.0,604.0,582.0,598.35,7616878
2024-09-02,602.0,607.2,593.0,599.5,3640344
2024-09-03,600.0,605.95,596.0,602.2,2147598
2024-09-04,599.95,610.9,593.05,607.85,3139837
2024-09-05,612.0,622.95,606.8,618.7,3431993
2024-09-06,616.95,623.7,607.25,609.8,3569845
2024-09-09,606.0,610.8,601.1,604.4,2334227
2024-09-10,609.9,620.0,605.25,619.2,1638324
2024-09-11,618.8,619.1,609.0,611.0,1421907
2024-09-12,614.0,616.45,608.7,614.85,1707391
2024-09-13,616.0,616.95,610.25,611.4,1237013
2024-09-17,615.0,615.8,609.3,610.65,1165443
2024-09-18,610.9,614.75,598.95,605.1,1728906
2024-09-19,605.1,612.75,582.55,594.8,2721915
2024-09-20,594.95,602.7,585.6,587.1,5717560
2024-09-23,589.4,593.75,584.05,592.8,2106715
2024-09-24,593.8,606.75,587.0,603.75,2301515
2024-09-25,600.1,606.45,597.1,599.55,2193166
2024-09-26,602.0,604.15,593.6,601.1,1948570
2024-09-27,601.1,616.5,600.0,610.65,1893789
2024-09-30,610.65,617.9,607.65,613.15,1686660
2024-10-01,612.0,625.0,610.8,621.2,2317620
2024-10-03,618.8,623.7,601.0,605.45,2181886
2024-10-04,608.9,612.95,596.6,599.3,1780533
2024-10-07,602.4,605.5,576.0,580.3,3393703
2024-10-08,577.7,585.55,573.35,576.8,3035568
2024-10-09,579.05,584.65,575.2,577.6,881946
2024-10-10,580.0,593.65,580.0,584.4,1378203
2024-10-11,585.65,589.3,578.75,583.05,568562
2024-10-14,585.0,586.9,573.2,578.65,1308354
2024-10-15,579.9,580.85,569.15,574.1,1611364
2024-10-16,573.0,576.4,564.05,568.85,1303677
2024-10-17,568.0,570.5,551.1,553.7,1577470
2024-10-18,554.0,557.75,542.6,555.25,1402020
2024-10-21,557.05,563.35,543.05,545.45,2757430
2024-10-22,545.0,547.5,528.0,530.35,2074618
2024-10-23,529.1,538.75,521.1,531.75,1624355
2024-10-24,536.0,540.85,526.3,535.0,1554879
2024-10-25,535.9,536.85,517.45,521.95,1390234
2024-10-28,520.05,541.25,520.05,531.8,1080853
2024-10-29,531.8,538.2,524.5,534.65,1053752
2024-10-30,533.0,552.4,527.65,546.25,1751552
2024-10-31,546.25,555.95,542.0,553.65,1171233
2024-11-04,555.1,559.9,539.8,552.65,1334874
2024-11-05,552.0,561.85,549.05,559.05,894138
2024-11-06,559.1,569.0,554.3,567.25,1491608
2024-11-07,569.9,575.45,564.7,567.15,886267
2024-11-08,569.95,572.95,555.05,557.6,696687
2024-11-11,553.15,553.2,510.0,515.15,9914435
2024-11-12,530.0,552.8,524.0,527.75,9415040
2024-11-13,528.0,530.5,504.3,515.4,3436328
2024-11-14,519.9,532.8,509.45,525.8,3741207
2024-11-19,533.1,555.55,531.85,546.8,2877510
2024-11-21,544.0,565.65,536.85,555.75,10011530
2024-11-22,555.75,569.95,545.85,566.4,3455747
2024-11-25,570.0,578.4,566.6,568.55,5873405
2024-11-26,545.0,558.75,541.1,551.75,2645846
2024-11-27,553.0,554.3,539.0,548.2,1703921
2024-11-28,548.2,557.15,545.0,546.9,1748362
2024-11-29,546.5,547.9,538.25,545.0,1465623
2024-12-02,546.9,558.0,540.55,555.05,1687736
2024-12-03,556.0,566.9,553.6,563.1,2073190
2024-12-04,565.8,572.7,563.5,567.95,2218877
2024-12-05,568.9,569.75,552.0,558.2,2006983
2024-12-06,557.85,566.25,556.0,562.65,2970258
2024-12-09,559.8,562.25,552.05,555.4,2922928
2024-12-10,554.85,557.6,548.6,549.95,2949316
2024-12-11,552.0,566.7,551.05,552.0,5334736
2024-12-12,553.95,554.85,542.95,547.45,1581082
2024-12-13,547.45,551.25,535.7,550.25,2242153
2024-12-16,549.8,551.5,542.7,547.95,1210467
2024-12-17,544.1,552.0,536.65,538.4,1637281
2024-12-18,538.8,543.85,531.3,532.25,1208566
2024-12-19,524.0,525.55,517.35,518.35,1187222
2024-12-20,520.0,522.6,501.5,504.5,2851827
2024-12-23,505.55,510.15,496.0,507.7,1178165
2024-12-24,507.0,512.5,501.7,504.5,949150
2024-12-26,503.1,507.05,495.85,499.65,1427526
2024-12-27,498.0,519.65,497.4,502.05,1670587
2024-12-30,502.0,508.35,497.0,500.75,2019209
2024-12-31,497.05,505.45,493.0,501.0,1217836
2025-01-02,500.0,511.9,499.85,509.45,1552787
2025-01-03,508.5,533.25,508.5,529.55,2888197
2025-01-06,525.0,535.45,516.1,521.3,2241869
2025-01-07,521.0,548.65,520.0,544.45,4787940
2025-01-08,541.15,543.4,531.65,539.55,1559514
2025-01-09,541.95,554.65,539.7,545.45,2805890
2025-01-10,545.9,555.75,534.5,548.85,1992839
2025-01-13,546.25,549.0,530.95,533.65,1770971
2025-01-14,534.95,542.95,531.3,541.85,1831287
2025-01-15,544.9,552.0,543.15,546.9,901487
2025-01-16,546.95,552.95,545.25,546.3,813698
2025-01-17,545.0,557.65,543.5,551.7,1461267
2025-01-20,551.7,555.0,545.35,552.85,812869
2025-01-22,548.0,548.0,531.6,542.7,1191929
2025-01-23,542.5,559.75,542.05,557.85,1477011
2025-01-24,559.95,560.45,550.0,552.0,1591661
2025-01-27,548.95,550.4,536.2,542.35,2486727
2025-01-28,546.0,546.5,536.1,538.65,2048155
2025-01-29,542.0,555.95,539.3,553.1,2181049
2025-01-30,556.0,578.3,554.6,566.95,2784958
2025-01-31,573.0,617.8,567.75,603.75,8663742
2025-02-03,610.0,636.8,607.55,630.25,12713558
2025-02-04,637.5,641.55,625.0,636.9,3541038
2025-02-05,636.0,649.45,632.0,645.45,3372838
2025-02-06,644.0,646.85,626.45,644.75,3885141
2025-02-07,642.05,648.7,635.1,641.35,2340663
2025-02-10,641.25,643.0,631.8,634.95,1932363
2025-02-11,635.0,636.8,608.2,610.7,2525324
2025-02-12,610.7,624.3,594.45,620.5,2315031
2025-02-13,620.5,638.9,615.0,629.75,3181044
2025-02-14,631.0,633.9,610.25,618.35,3746024
2025-02-17,618.2,633.75,609.9,632.2,1481549
2025-02-18,633.0,634.35,625.2,630.8,1409475
2025-02-19,629.85,651.7,621.0,650.05,2762726
2025-02-20,650.05,653.95,644.25,647.25,2142244
2025-02-21,648.0,658.25,637.4,646.35,1366273
2025-02-24,643.75,648.95,638.3,645.2,1293274
2025-02-25,648.1,657.3,645.0,647.5,1581083
2025-02-27,648.0,648.35,634.2,643.65,2717730
2025-02-28,635.0,641.0,619.5,632.95,4676015
2025-03-03,628.1,634.15,611.25,616.7,3273667
2025-03-04,607.0,619.6,607.0,613.4,1557537
2025-03-05,615.0,630.2,614.15,627.85,2367281
2025-03-06,634.9,639.25,622.7,624.7,1617185
2025-03-07,624.55,642.7,620.4,629.85,2073888
2025-03-11,613.45,618.85,602.35,615.05,1564110
2025-03-12,617.95,620.15,599.95,608.05,1815285
2025-03-13,610.9,614.4,600.4,601.45,1476114
2025-03-17,601.45,627.9,601.45,626.15,2377362
2025-03-18,630.0,636.75,623.15,635.2,2132031
2025-03-19,641.0,648.0,636.9,646.3,1533871
2025-03-20,648.95,651.45,644.1,646.85,1272076
2025-03-21,649.0,671.3,645.65,658.85,5231169
2025-03-24,667.95,668.8,657.4,658.45,1878198
2025-03-25,663.9,663.9,648.1,653.0,988124
2025-03-26,652.0,656.85,644.0,652.4,1570129
2025-03-27,650.0,663.75,649.95,656.4,3398420
2025-03-28,656.65,660.4,624.0,636.25,4421109
2025-04-01,621.3,641.8,621.3,634.75,1451347
2025-04-02,631.9,656.1,630.85,654.45,1932828
2025-04-03,642.8,653.7,636.05,651.25,2635192
2025-04-04,649.5,655.4,631.15,637.7,2529542
2025-04-07,595.0,624.1,588.85,614.45,2010970
2025-04-08,619.0,628.1,610.1,614.5,1696619
2025-04-09,614.0,615.8,601.2,614.25,1911793
2025-04-11,622.0,645.55,620.1,638.85,2007695
2025-04-15,649.0,661.9,638.85,658.0,2242497
2025-04-16,660.0,665.4,654.55,659.65,2228299
2025-04-17,659.65,664.95,650.75,656.2,1595004
2025-04-21,656.25,672.9,653.7,671.15,3468794
2025-04-22,673.45,681.15,666.1,672.7,3727936
2025-04-23,672.0,682.0,662.05,679.9,2856974
2025-04-24,679.55,687.0,675.45,684.2,2692652
2025-04-25,683.75,692.2,656.55,661.85,3157081
2025-04-28,662.0,679.4,661.35,678.3,1423133
2025-04-29,680.0,686.9,666.7,669.6,1676069
2025-04-30,668.1,678.15,663.95,669.9,1402279
2025-05-02,671.0,692.8,670.55,680.8,2812460
2025-05-05,687.0,688.95,682.0,686.5,1475543
2025-06-20,628.4,637.4,626.35,633.5,4218765
2025-06-23,631.0,641.45,628.8,638.85,834251
2025-06-24,641.0,646.0,638.5,644.45,1131402
2025-06-25,648.0,654.3,643.8,650.7,1565175
2025-06-26,650.7,650.7,629.05,636.5,3968851
2025-06-27,638.0,647.45,637.55,644.9,3212791
2025-06-30,646.5,664.5,643.7,661.25,2075636
2025-07-01,665.0,674.95,659.15,671.05,3182249
2025-07-02,671.05,676.0,665.2,672.65,1348689
2025-07-03,672.65,687.75,670.1,684.15,3054421
2025-07-04,684.0,696.95,678.7,681.3,2791223
2025-07-07,681.05,689.5,676.35,680.25,960264
2025-07-08,680.5,683.9,668.6,673.3,820969
2025-07-09,668.6,674.8,663.7,664.75,630384
2025-07-10,666.0,668.15,655.5,661.65,2206322
2025-07-11,657.7,658.5,645.7,652.8,2145893
2025-07-14,654.0,661.8,646.75,659.5,1745640
2025-07-15,662.0,675.8,661.95,673.8,1726609
2025-07-16,673.0,677.0,668.4,671.45,1928069
2025-07-17,673.0,697.45,670.55,692.65,5685069
2025-07-18,694.0,697.9,684.35,686.85,1515065
2025-07-21,688.0,717.55,682.45,713.75,8073738
2025-07-22,715.0,730.95,711.4,722.85,4108448
2025-07-23,726.6,729.8,718.5,727.35,2827536
2025-07-24,726.0,730.5,718.7,726.55,2189801
2025-07-25,726.55,729.0,718.45,722.2,1507020
2025-07-28,725.0,735.85,720.15,729.85,4881892
2025-07-29,727.0,734.55,721.05,726.05,3504831
2025-07-30,727.0,728.5,716.9,721.9,1589570
2025-07-31,715.0,723.65,701.3,703.8,2497511
2025-08-01,703.95,713.9,658.0,665.15,6828070
2025-08-04,673.5,719.45,672.05,711.7,12572025
2025-08-05,708.3,723.8,702.0,720.45,3136768
2025-08-07,700.0,710.8,688.2,705.45,1933447
2025-08-08,704.05,704.95,685.9,688.75,1164817
2025-08-11,688.95,696.6,678.15,693.7,1129449
2025-08-12,693.7,696.0,686.05,688.65,1449415
2025-08-13,686.1,693.15,680.9,686.15,1062727
2025-08-14,684.2,693.9,681.0,683.75,1066750
2025-08-18,690.15,700.7,686.45,690.95,1319724
2025-08-19,697.5,709.45,693.0,707.3,2030825
2025-08-20,708.5,730.3,702.0,713.45,3114706
2025-08-21,717.05,718.55,710.2,712.45,2041917
2025-08-22,712.9,722.9,707.95,716.45,1635644
2025-08-25,717.2,741.0,713.5,722.8,4678348
2025-08-26,725.25,729.8,712.4,723.1,3299511
2025-08-28,736.5,736.5,713.45,716.7,3935173
2025-08-29,713.05,722.2,702.6,715.75,2472182
2025-09-01,715.7,730.65,711.8,727.95,1785815
2025-09-02,731.55,732.0,709.65,710.65,3003994
2025-09-03,718.0,730.0,712.8,715.6,2196910
2025-09-04,720.0,723.15,692.0,695.4,2075117
2025-09-05,697.5,700.9,684.2,688.85,1054221
2025-09-08,691.0,708.0,691.0,705.8,1677209
2025-09-09,709.95,715.95,698.0,704.0,2826300
2025-09-10,705.4,708.25,690.65,696.95,1965357
2025-09-11,696.95,703.8,693.05,701.65,1913878
2025-09-12,704.3,705.9,688.0,693.1,1539148
2025-09-15,695.5,699.4,687.9,693.6,1791929
2025-09-16,692.9,705.0,686.35,702.7,3099583
2025-09-17,706.0,710.0,698.15,704.65,2209645
2025-09-18,704.6,713.4,693.3,698.95,3106450
2025-09-19,697.1,704.85,688.7,691.1,7803326
2025-09-22,693.7,693.7,679.35,682.8,2102153
2025-09-23,680.0,684.85,670.0,677.2,2559504
2025-09-24,675.75,680.0,669.6,676.15,2138799
2025-09-25,676.0,678.55,667.45,669.1,1246931
2025-09-26,667.0,668.2,645.0,648.0,1970948
2025-09-29,648.0,654.9,643.25,654.2,2520967
2025-09-30,660.2,661.0,650.15,655.8,2037016
2025-10-01,655.8,662.3,651.3,661.45,1196873
2025-10-03,667.7,680.0,664.65,674.0,3592605
2025-10-06,676.0,682.0,668.75,681.35,881397
2025-10-07,682.0,685.4,679.05,679.85,994752
2025-10-08,679.85,686.65,671.55,674.8,1714962
2025-10-09,673.0,677.5,666.9,675.05,1011011
2025-10-10,676.9,683.6,671.2,681.3,960905
2025-10-13,667.0,680.95,667.0,673.8,1031190
2025-10-14,673.8,681.45,666.0,669.95,1458278
2025-10-15,672.9,678.7,668.4,677.65,1722151
2025-10-16,678.0,686.0,674.7,680.4,1284794
2025-10-17,680.95,683.7,671.9,674.15,882467
2025-10-20,677.1,685.0,677.0,680.8,1330873
2025-10-21,681.0,684.05,678.0,680.95,86005
2025-10-23,684.25,689.8,674.1,675.65,1551907
2025-10-24,678.0,678.55,669.85,672.05,587809
2025-10-27,673.0,681.7,672.7,679.85,1365682
2025-10-28,682.0,709.0,675.5,702.6,4557745
2025-10-29,708.2,721.8,708.2,720.05,3405916
2025-10-30,721.85,726.5,712.3,721.35,3573819
2025-10-31,720.0,729.4,713.75,720.1,3852202
2025-11-03,720.1,735.0,719.3,730.6,2805423
2025-11-04,728.0,736.6,726.65,731.35,1916707
2025-11-06,730.0,747.4,713.4,733.35,9280167
2025-11-07,725.0,753.8,720.75,747.95,5598140
2025-11-10,750.05,759.0,746.7,750.65,2547152
2025-11-11,750.65,755.45,742.4,752.35,1645749
2025-11-12,754.35,767.8,752.45,760.6,4193619
2025-11-13,760.6,765.5,753.0,758.15,1752051
2025-11-14,755.0,766.35,754.1,758.6,2148563
2025-11-17,758.6,774.95,758.0,773.2,3590666
2025-11-18,774.0,776.0,757.1,759.65,1862425
2025-11-19,760.0,762.0,750.6,752.65,2359649
2025-11-20,758.0,760.3,750.95,753.5,2794809
2025-11-21,755.0,755.25,747.0,750.85,2033481
2025-11-24,752.0,755.55,731.0,742.7,5530635
2025-11-25,741.05,754.0,735.8,749.7,1677991
2025-11-26,750.15,763.35,746.6,760.6,1482487
2025-11-27,764.0,769.2,756.55,758.65,1201547
2025-11-28,757.0,766.15,755.25,758.65,1546792
2025-12-01,761.0,762.9,748.05,750.85,1611007
2025-12-02,754.0,757.9,744.25,746.75,1519168
2025-12-03,748.75,755.1,737.0,743.0,6025366
2025-12-04,748.0,758.95,745.25,756.45,2855120
2025-12-05,759.95,761.05,751.05,759.1,1936558
2025-12-08,759.9,761.3,733.1,739.85,1584321
2025-12-09,740.0,741.65,729.6,739.7,2172777
2025-12-10,743.0,752.25,733.8,736.9,1346660
2025-12-11,736.85,748.45,732.55,745.85,2062566
2025-12-12,748.8,750.9,741.45,748.35,4075773
2025-12-15,751.0,769.55,743.0,765.65,1840513
2025-12-16,765.9,765.9,747.1,749.9,1218572
2025-12-17,751.7,752.8,740.95,746.3,1655654
2025-12-18,743.0,748.1,736.5,744.4,748699
2025-12-19,747.4,753.8,740.25,751.55,6064263
2025-12-22,753.05,779.0,752.1,776.55,3673981
2025-12-23,779.9,786.3,774.5,781.0,3043436
2025-12-24,783.0,785.0,772.0,772.7,3570117
2025-12-26,775.0,780.7,770.2,774.05,1476893
2025-12-29,774.4,783.0,767.5,770.95,1364589
2025-12-30,770.0,792.65,768.9,787.35,8329037
2025-12-31,793.3,801.0,786.05,795.15,3039998
2026-01-01,797.3,806.5,786.1,805.35,2644289
2026-01-02,806.95,812.2,797.3,804.65,4562526
2026-01-05,810.0,811.45,798.1,805.1,2068765
2026-01-06,805.1,807.3,797.55,799.3,1710964
2026-01-07,801.0,809.2,797.85,802.95,3691946
2026-01-08,806.5,810.8,788.5,794.5,2238370
2026-01-09,789.0,797.75,768.3,771.7,2293012
2026-01-12,785.0,793.7,762.8,773.85,2279267
2026-01-13,777.7,780.5,764.7,773.45,2207561
2026-01-14,774.0,784.0,761.4,780.4,2672389
2026-01-16,786.2,796.95,779.05,790.15,3461231
2026-01-19,790.15,800.05,783.1,787.15,2156885
2026-01-20,792.0,796.75,708.45,723.45,6196941
2026-01-21,715.3,731.0,671.5,691.7,7967753
2026-01-22,699.05,710.5,688.45,700.5,3505671
2026-01-23,701.0,711.5,697.65,702.55,3808963
2026-01-27,702.6,725.8,700.0,716.55,3625276
2026-01-28,720.1,722.85,707.6,715.1,1299211
2026-01-29,718.9,720.35,701.6,715.95,2742480
2026-01-30,717.1,717.15,699.85,703.95,4668042
2026-02-02,669.25,707.1,665.05,698.55,5879658
2026-02-03,742.0,753.15,726.85,739.8,7513174
2026-02-04,740.0,764.35,736.75,758.7,4830902
2026-02-05,762.0,762.0,735.5,747.65,1548274
2026-02-06,744.0,756.75,736.95,741.3,2249941
2026-02-09,747.8,749.1,734.2,744.05,1489737
2026-02-10,749.8,756.2,740.15,746.0,1977229
2026-02-11,746.95,757.2,743.05,749.0,1142581
2026-02-12,750.9,750.9,738.7,744.9,1117676
2026-02-13,740.15,742.95,720.95,724.3,1332082
2026-02-16,719.15,736.65,716.4,733.8,685996
2026-02-17,731.0,741.95,728.55,741.15,472779
2026-02-18,742.95,757.0,739.75,747.65,2240635
2026-02-19,747.65,771.9,747.65,765.05,2242488
2026-02-20,760.1,770.9,744.6,752.35,2400204
2026-02-23,714.75,714.75,625.55,644.8,22336295
2026-02-24,645.0,653.65,627.35,630.55,7889253
2026-02-25,635.0,635.0,620.5,626.2,5081011
2026-02-26,626.85,641.7,622.0,640.45,4874080
2026-02-27,640.55,643.25,631.5,637.4,4377806
2026-03-02,622.25,638.0,617.25,622.85,2404381
2026-03-04,621.0,621.0,601.0,614.1,3558558
2026-03-05,621.05,631.6,616.05,629.6,2530219
2026-03-06,629.3,635.0,626.2,628.35,3095128
2026-03-09,610.0,627.4,606.25,625.0,4705618
2026-03-10,630.0,633.55,622.85,630.3,1476957
2026-03-11,631.7,636.3,624.0,625.85,1418800
2026-03-12,623.5,633.75,616.95,629.05,1299556
2026-03-13,628.0,628.1,603.0,609.4,1954960
2026-03-16,610.0,621.45,601.8,608.8,2470861
2026-03-17,612.0,618.4,609.3,615.85,1500040
2026-03-18,618.0,634.0,611.2,631.5,1491586
2026-03-19,621.3,628.85,607.0,611.8,2849379
2026-03-20,619.4,635.3,614.8,625.55,4640376
2026-03-23,615.0,618.0,599.25,602.4,1690435
2026-03-24,615.0,625.6,608.45,620.45,2609729
2026-03-25,625.0,632.85,621.4,625.25,1449608
2026-03-27,616.5,630.9,593.25,595.85,4252300
2026-03-30,591.75,592.4,565.15,567.95,5317081
2026-04-01,573.0,601.85,573.0,594.5,2182769
2026-04-02,587.0,594.95,573.95,593.0,1403119
2026-04-06,593.3,609.65,585.2,607.75,1075781
2026-04-07,607.5,610.75,600.1,607.55,1533818
2026-04-08,625.0,643.5,622.7,640.25,3241939
2026-04-09,645.0,649.5,638.05,642.0,2904575
2026-04-10,643.9,653.75,640.5,644.85,2162418
2026-04-13,629.5,646.4,615.0,643.75,1737923
2026-04-15,654.0,661.55,648.55,659.8,2544691
2026-04-16,662.45,665.8,648.8,659.95,1666120
2026-04-17,659.0,671.7,657.75,664.7,1023994
2026-04-20,664.7,670.65,653.65,656.65,1301749
2026-04-21,659.65,664.85,653.0,654.3,1144716
2026-04-22,650.8,657.4,649.0,653.85,1709380
2026-04-23,653.5,656.55,638.45,642.05,2471569
2026-04-24,643.6,645.15,629.95,631.4,1793446
2026-04-27,634.9,643.75,632.5,639.5,1137864
2026-04-28,636.8,651.9,634.95,645.5,2114630
2026-04-29,647.9,651.0,641.55,644.1,1669659
2026-04-30,644.1,646.0,629.8,641.85,2123914
2026-05-04,645.9,656.0,639.0,643.35,1985598
2026-05-06,645.0,663.1,642.3,660.0,1770864
2026-05-07,664.0,664.0,649.15,650.45,2407109
2026-05-08,653.65,654.3,643.5,646.0,1751781
2026-05-11,644.0,682.6,634.05,669.0,7880947
2026-05-12,670.8,671.15,622.25,626.15,5371994
2026-05-13,627.0,636.5,624.3,630.1,2501012
2026-05-14,635.0,641.25,629.9,638.4,1486427
2026-05-15,636.8,640.65,629.85,632.25,1535195
2026-05-18,627.5,640.0,618.3,637.85,1850656
2026-05-19,640.4,646.25,632.05,633.3,1844391
2026-05-20,629.9,637.5,624.25,634.35,1549873
2026-05-21,639.8,639.8,625.15,629.0,1405142
2026-05-22,632.05,635.5,625.05,632.0,2217195
2026-05-25,636.9,654.55,636.85,652.3,1467073
2026-05-26,654.0,661.6,652.4,655.0,1770548
2026-05-27,657.9,659.7,653.75,656.15,896366
2026-05-29,656.25,660.9,638.5,644.8,6468953
2026-06-01,647.25,655.6,644.0,645.25,1051878
2026-06-02,641.35,645.2,640.0,641.65,2047381
2026-06-03,641.3,648.0,634.5,646.05,2055293
2026-06-04,642.75,646.5,636.35,639.15,1291962
2026-06-05,643.0,644.05,630.0,637.45,2556112
2026-06-08,630.0,634.25,621.1,624.95,1901848
2026-06-09,625.5,630.65,622.0,628.4,1324061
2026-06-10,631.7,636.2,606.05,611.0,2242695
2026-06-11,606.0,609.4,592.25,593.75,1253041
2026-06-12,598.75,615.0,598.05,610.1,1385523
2026-06-15,618.95,628.0,615.1,616.6,1326328
2026-06-16,613.95,624.9,613.1,615.35,982601
2026-06-17,618.75,618.75,608.25,614.4,1441041
2026-06-18,616.0,617.7,608.7,610.8,881306
2026-06-19,610.8,611.7,603.0,608.65,4384034
2026-06-22,611.9,614.8,602.55,605.5,1107992
2026-06-23,605.0,614.7,594.25,596.8,1765065
2026-06-24,597.95,602.2,587.0,599.25,1338785
2026-06-25,604.9,607.0,589.0,590.5,1617776
2026-06-29,590.5,593.6,564.1,568.4,13423996
2026-06-30,574.0,579.85,564.85,571.2,3979387
2026-07-01,575.0,575.55,563.15,565.05,1598382
2026-07-02,567.5,590.0,567.5,588.75,1686853
2026-07-03,592.95,612.9,592.7,607.4,3200516
2026-07-06,607.4,614.15,605.55,608.65,1694807
2026-07-07,610.0,614.15,598.4,600.85,1635338
2026-07-08,597.0,599.2,575.5,581.7,3889043
2026-07-09,580.0,588.0,579.0,581.85,4537195
2026-07-10,585.0,599.8,585.0,594.75,872284
2026-07-13,590.0,592.5,586.2,591.75,711085
2026-07-14,591.7,594.8,583.95,593.15,1068690
2026-07-15,597.0,608.0,584.05,597.3,2709031
2026-07-16,597.15,629.0,597.0,625.85,5435872
2026-07-17,625.05,625.05,609.8,616.6,1757526
2026-07-20,613.5,613.85,605.0,606.05,1748870
2026-07-21,609.0,621.95,605.9,618.15,2611970
2026-07-22,618.15,620.55,606.65,608.85,725603
2026-07-23,606.0,614.15,603.95,607.0,627797
2026-07-24,603.1,604.9,594.95,602.45,622872
2026-07-27,605.45,610.95,603.25,608.5,1543100
2026-07-28,607.0,610.45,596.75,599.65,2262031
2026-07-29,602.2,611.6,602.2,609.15,1140985
2026-07-30,609.95,610.0,600.35,602.55,770756
2026-07-31,607.6,607.6,599.05,604.3,1386415
2026-08-03,606.45,622.6,598.0,620.0,2234338
2026-08-04,618.75,619.65,580.2,581.9,7452417
2026-08-05,581.0,583.9,576.4,577.25,3366460
2026-08-07,573.05,575.0,570.15,573.0,882844
2026-08-10,572.75,577.05,567.0,567.0,1964879
2026-08-11,567.0,570.9,564.0,568.0,981675
2026-08-12,570.75,574.75,564.25,570.5,1452949
2026-08-14,568.2,568.2,558.05,563.0,1557252
2026-08-17,566.0,568.7,561.5,567.1,1106329
2026-08-18,570.0,570.05,560.0,560.05,1746720
2026-08-19,559.2,571.4,557.95,568.0,2733671
2026-08-20,569.1,575.2,568.2,571.9,2830644
2026-08-21,571.0,573.7,566.0,569.0,885783
2026-08-24,570.9,573.8,563.8,571.9,1480656
2026-08-25,574.95,585.0,570.55,585.0,3864498
2026-08-26,585.0,589.3,579.7,589.3,2061911
2026-08-27,587.8,591.0,578.1,578.1,1266550
2026-08-28,580.0,580.05,569.55,571.0,1181623
2026-08-31,568.0,569.45,562.25,562.25,2572084
2026-09-01,567.65,568.7,560.9,567.1,4060300
2026-09-02,562.95,580.7,560.25,578.45,4050279
2026-09-03,579.0,586.15,578.0,585.35,1643846
2026-09-04,581.05,589.4,579.45,582.15,1730115
2026-09-07,580.1,586.75,573.0,573.0,1754057
2026-09-08,575.5,576.75,569.95,576.75,1635290
2026-09-09,573.5,578.35,568.55,575.7,1763304
2026-09-10,578.0,578.6,572.5,575.3,1242223
2026-09-11,571.8,577.65,567.55,572.95,1449635
