Date,Open,High,Low,Close,Volume
2010-06-10,628.0,645.0,625.0,642.55,851283
2010-06-11,650.0,653.95,645.1,647.4,871447
2010-06-14,650.05,675.9,647.4,674.2,1379247
2010-06-15,422.4,422.4,404.1,408.2,1376335
2010-06-16,410.55,414.75,405.1,408.8,781372
2010-06-17,409.6,415.9,403.2,413.4,950945
2010-06-18,415.0,422.0,407.05,409.6,1092145
2010-06-21,412.0,418.0,410.1,415.45,828089
2010-06-22,415.45,415.45,399.55,406.4,893835
2010-06-23,406.0,409.0,400.35,404.85,1234359
2010-06-24,405.35,407.45,399.0,402.25,2493045
2010-06-25,405.0,405.0,387.0,389.3,1760460
2010-06-28,390.0,397.0,390.0,394.7,915436
2010-06-29,395.1,397.9,386.85,389.65,1025809
2010-06-30,380.0,387.65,380.0,384.5,1486477
2010-07-01,384.0,384.0,372.1,375.15,1289953
2010-07-02,376.15,388.0,372.55,385.6,2051600
2010-07-05,386.0,391.4,383.8,390.05,747906
2010-07-06,390.0,398.5,384.0,397.35,1429192
2010-07-07,398.0,398.7,390.0,393.3,701896
2010-07-08,398.0,401.9,394.25,395.4,941735
2010-07-09,398.0,402.65,396.45,401.2,966488
2010-07-12,403.0,412.0,401.8,409.8,1251584
2010-07-13,411.0,416.65,400.05,403.95,2050071
2010-07-14,405.0,409.0,395.0,399.15,1011115
2010-07-15,398.0,403.75,397.05,402.0,811235
2010-07-16,403.0,410.0,398.1,402.25,1213503
2010-07-19,402.5,405.9,396.65,404.25,1109484
2010-07-20,405.0,409.5,403.1,408.0,1075665
2010-07-21,410.0,416.85,408.3,415.05,1107015
2010-07-22,417.0,419.8,411.15,415.4,1121581
2010-07-23,417.05,430.45,410.55,412.45,4543564
2010-07-26,415.1,418.1,411.65,413.45,1137196
2010-07-27,414.95,419.5,414.7,418.05,1024451
2010-07-28,419.0,420.9,412.9,414.8,513011
2010-07-29,415.0,418.5,412.1,416.65,844624
2010-07-30,415.0,417.0,408.5,412.3,789796
2010-08-02,415.0,419.0,409.35,413.75,1042164
2010-08-03,417.0,418.2,411.0,411.95,461968
2010-08-04,413.0,430.5,412.35,428.8,2292351
2010-08-05,428.75,434.95,425.55,431.2,1665383
2010-08-06,429.75,439.6,429.5,432.95,1988828
2010-08-09,433.0,438.5,428.0,436.95,1381965
2010-08-10,435.15,436.5,426.6,427.8,1368169
2010-08-11,433.0,433.0,417.1,418.95,785888
2010-08-12,417.85,417.85,407.35,411.65,1138385
2010-08-13,413.15,421.9,412.55,415.0,731739
2010-08-16,413.2,419.0,410.0,414.15,779561
2010-08-17,414.0,418.5,410.05,411.85,1230541
2010-08-18,413.25,423.5,412.6,420.6,806474
2010-08-19,422.0,424.5,416.05,419.55,720873
2010-08-20,419.7,419.7,411.0,411.7,562552
2010-08-23,414.0,415.7,411.75,412.95,492207
2010-08-24,413.0,415.4,407.0,408.1,716477
2010-08-25,408.0,408.0,397.45,399.55,841770
2010-08-26,401.0,404.8,397.4,399.8,1328117
2010-08-27,400.0,400.0,393.9,396.95,629648
2010-08-30,398.15,406.7,393.05,398.0,997302
2010-08-31,397.6,402.0,393.35,400.25,1024542
2010-09-01,400.25,404.5,398.65,403.55,1944613
2010-09-02,407.0,407.85,401.2,403.45,657454
2010-09-03,407.2,407.2,398.25,401.3,696142
2010-09-06,402.0,407.75,401.35,405.25,1119657
2010-09-07,406.95,409.65,403.15,408.25,1581728
2010-09-08,407.8,415.65,403.5,410.55,1355859
2010-09-09,411.0,413.55,405.75,408.0,1039049
2010-09-13,410.0,412.0,400.6,403.2,1499094
2010-09-14,405.0,419.7,403.8,417.9,1577855
2010-09-15,419.0,429.55,418.6,428.05,1954121
2010-09-16,429.0,431.9,421.6,423.45,1537194
2010-09-17,425.0,430.75,418.1,420.25,931203
2010-09-20,422.0,426.0,417.7,420.35,972372
2010-09-21,422.0,437.4,422.0,435.3,2499589
2010-09-22,436.0,444.8,430.5,439.65,2517678
2010-09-23,439.5,445.0,433.0,443.15,1701184
2010-09-24,444.0,450.0,438.3,447.05,1465925
2010-09-27,448.3,452.0,442.95,444.6,1018255
2010-09-28,444.6,450.0,438.0,441.5,971361
2010-09-29,441.5,450.2,437.5,442.35,1115818
2010-09-30,445.0,454.4,438.15,449.45,1641695
2010-10-01,448.0,462.95,446.0,461.7,2010238
2010-10-04,464.0,472.0,461.05,464.3,1495178
2010-10-05,463.35,467.5,459.55,461.1,780545
2010-10-06,464.0,469.95,461.25,464.9,508408
2010-10-07,465.0,466.0,456.4,457.7,805728
2010-10-08,459.05,468.0,454.0,462.5,1002488
2010-10-11,460.6,468.65,459.6,463.65,486194
2010-10-12,466.0,472.0,460.1,463.45,1403407
2010-10-13,462.0,486.95,462.0,483.4,2631940
2010-10-14,488.0,500.0,483.35,490.45,2415464
2010-10-15,492.0,499.75,470.1,473.45,2034277
2010-10-18,473.1,475.0,461.25,467.85,2591954
2010-10-19,471.0,476.95,461.0,464.5,957381
2010-10-20,461.0,472.5,460.0,464.0,761998
2010-10-21,468.0,472.35,460.0,470.15,951384
2010-10-22,463.7,463.7,444.15,448.9,3863860
2010-10-25,446.5,450.0,425.65,430.35,4624296
2010-10-26,426.05,438.75,425.7,430.4,4866010
2010-10-27,433.0,437.45,426.4,430.75,1227270
2010-10-28,435.0,436.0,421.5,427.05,3366488
2010-10-29,429.5,430.0,415.0,419.75,970170
2010-11-01,428.0,428.0,422.05,423.7,984965
2010-11-02,425.05,436.6,422.5,433.85,1442069
2010-11-03,436.15,438.45,431.5,434.7,1031618
2010-11-04,439.0,440.0,435.0,436.75,693243
2010-11-05,439.0,441.9,437.1,438.05,137610
2010-11-08,441.5,441.5,430.0,431.2,684838
2010-11-09,432.7,436.7,426.25,431.65,919005
2010-11-10,435.0,439.0,432.0,436.55,982088
2010-11-11,436.0,438.9,427.6,428.65,336637
2010-11-12,432.0,432.0,422.1,425.2,604855
2010-11-15,422.55,437.2,419.05,433.2,1017134
2010-11-16,435.8,435.8,417.1,421.75,1048384
2010-11-18,427.9,427.9,415.25,418.4,1142118
2010-11-19,421.0,421.0,397.5,400.85,1114491
2010-11-22,405.0,420.0,400.85,418.3,2119945
2010-11-23,417.0,422.0,407.5,417.05,1637555
2010-11-24,418.0,418.0,406.1,409.7,655424
2010-11-25,410.5,421.0,399.1,406.25,1968824
2010-11-26,407.0,412.0,398.5,407.5,1161380
2010-11-29,410.8,421.0,408.0,417.75,1128688
2010-11-30,417.0,424.7,412.25,419.6,2061588
2010-12-01,421.0,421.75,412.15,414.7,1756960
2010-12-02,421.0,431.4,417.75,426.05,3016637
2010-12-03,425.0,433.7,424.0,427.6,1631236
2010-12-06,430.0,436.6,428.9,430.65,1362630
2010-12-07,432.0,437.0,431.95,434.95,851123
2010-12-08,436.7,439.95,432.0,435.3,1450105
2010-12-09,435.0,441.85,431.0,437.1,1532958
2010-12-10,437.0,453.9,433.05,450.95,2211164
2010-12-13,453.0,453.0,438.1,448.15,1696062
2010-12-14,449.9,456.65,444.9,454.4,1703288
2010-12-15,452.1,459.5,451.0,458.4,1498877
2010-12-16,458.7,475.5,457.15,470.05,3230286
2010-12-20,465.1,480.0,462.75,477.6,2373177
2010-12-21,480.0,494.8,479.25,485.5,3991741
2010-12-22,482.0,484.85,473.85,477.3,1086154
2010-12-23,482.0,486.7,476.75,479.5,1310608
2010-12-24,470.0,486.45,470.0,483.45,1229117
2010-12-27,480.1,486.7,480.1,485.1,932068
2010-12-28,485.0,496.25,485.0,491.35,1598981
2010-12-29,491.0,492.1,486.05,488.5,647487
2010-12-30,490.0,495.0,485.45,489.95,2742160
2010-12-31,488.05,493.65,486.0,491.25,791645
2011-01-03,496.8,496.8,482.3,483.05,978985
2011-01-04,484.1,489.9,483.1,484.65,1454621
2011-01-05,482.55,490.8,481.0,485.65,1394192
2011-01-06,484.35,489.95,477.2,486.35,1179681
2011-01-07,486.1,492.15,473.25,476.95,1328575
2011-01-10,474.8,475.9,460.7,464.6,1649284
2011-01-11,461.2,475.0,455.25,467.45,1651901
2011-01-12,472.65,472.65,457.0,467.7,1222762
2011-01-13,461.5,474.2,447.3,453.55,2290068
2011-01-14,451.25,468.0,451.25,463.1,1978448
2011-01-17,460.1,473.0,456.55,466.75,1174264
2011-01-18,471.2,484.0,471.2,478.55,1519718
2011-01-19,477.0,481.95,472.1,476.1,1452931
2011-01-20,474.85,482.15,465.5,477.5,1747370
2011-01-21,466.0,466.0,454.5,455.95,3910042
2011-01-24,453.2,454.0,435.5,443.9,2389317
2011-01-25,448.0,451.75,433.25,446.9,2185153
2011-01-27,450.0,450.0,434.05,438.65,2961526
2011-01-28,443.9,444.9,435.6,437.6,1622191
2011-01-31,425.0,446.9,424.6,438.1,1694934
2011-02-01,438.6,444.0,423.0,429.35,1531420
2011-02-02,431.7,442.3,430.0,437.85,1278427
2011-02-03,437.2,444.9,431.55,442.0,1700271
2011-02-04,441.5,444.05,430.0,436.7,1688294
2011-02-07,435.75,440.95,425.0,426.9,1409226
2011-02-08,428.0,431.35,421.0,425.75,1423375
2011-02-09,425.25,431.0,418.05,424.1,1269726
2011-02-10,424.0,425.1,415.05,417.95,1163105
2011-02-11,414.05,423.5,407.5,420.25,1690910
2011-02-14,421.5,427.8,416.1,424.4,1431185
2011-02-15,425.0,427.4,417.0,425.45,1085948
2011-02-16,421.55,439.8,421.0,437.15,1527422
2011-02-17,439.95,439.95,428.6,432.05,1135111
2011-02-18,432.9,441.7,430.0,432.7,1005527
2011-02-21,433.15,453.7,433.15,451.05,1846690
2011-02-22,450.0,460.0,435.2,444.8,1761810
2011-02-23,445.3,445.9,433.4,436.8,1109643
2011-02-24,431.0,440.8,422.1,427.15,2243205
2011-02-25,432.75,435.7,423.1,433.05,1604694
2011-03-01,440.0,445.0,433.0,443.45,1292806
2011-03-03,435.0,445.9,435.0,444.3,1622884
2011-03-04,448.0,452.4,440.0,441.4,737330
2011-03-07,437.55,449.5,436.15,447.25,856221
2011-03-08,449.5,452.0,445.15,449.0,1054306
2011-03-09,448.0,453.15,443.55,450.95,711523
2011-03-10,449.0,456.0,445.5,454.8,1137431
2011-03-11,450.55,456.7,446.3,449.3,1456256
2011-03-14,445.0,457.8,445.0,456.25,1303060
2011-03-15,445.0,457.0,440.2,442.4,1053767
2011-03-16,445.0,449.0,441.3,445.4,1026428
2011-03-17,439.1,446.5,439.1,443.45,586012
2011-03-18,444.0,446.3,434.45,439.9,910247
2011-03-21,441.0,445.0,431.4,433.9,1075515
2011-03-22,436.6,439.0,433.0,434.4,262430
2011-03-23,434.4,439.9,432.0,436.6,475242
2011-03-24,437.6,445.65,437.6,439.65,926915
2011-03-25,447.45,458.65,443.85,455.9,2296793
2011-03-28,453.55,464.15,453.55,461.9,1764812
2011-03-29,461.5,467.4,461.0,463.5,1445036
2011-03-30,462.55,475.0,462.55,472.85,935927
2011-03-31,471.15,484.7,467.0,480.2,3176324
2011-04-01,477.0,479.6,470.0,476.05,703638
2011-04-04,480.0,490.0,479.25,481.0,2183439
2011-04-05,482.3,485.0,472.05,481.0,1454812
2011-04-06,479.6,483.35,461.5,465.95,1692622
2011-04-07,464.95,473.75,458.65,472.45,1101813
2011-04-08,470.85,472.0,460.1,465.55,938885
2011-04-11,465.0,465.0,456.55,460.0,988211
2011-04-13,455.0,474.5,455.0,472.4,1812317
2011-04-15,468.0,472.0,448.0,449.8,2063220
2011-04-18,450.1,455.0,444.0,445.4,1231504
2011-04-19,444.0,451.8,439.5,449.55,639452
2011-04-20,452.0,465.8,452.0,463.65,1438610
2011-04-21,462.55,471.7,460.1,463.15,1788384
2011-04-25,464.0,468.4,460.65,466.2,450333
2011-04-26,465.0,467.8,454.05,464.7,724505
2011-04-27,448.8,454.7,444.4,451.1,4569198
2011-04-28,454.0,454.8,445.0,446.6,1558580
2011-04-29,446.0,451.65,444.15,450.3,863520
2011-05-02,450.0,453.9,443.0,447.6,539401
2011-05-03,445.0,449.9,433.0,436.65,817493
2011-05-04,438.35,440.8,428.0,437.0,939570
2011-05-05,436.0,438.7,428.0,432.5,1340012
2011-05-06,437.0,452.9,435.2,442.45,1228754
2011-05-09,440.55,442.5,435.2,436.15,287835
2011-05-10,435.1,442.45,432.2,436.3,361611
2011-05-11,439.9,442.9,435.25,439.15,702219
2011-05-12,434.15,439.8,431.6,433.3,524830
2011-05-13,433.0,445.2,432.5,442.55,1182663
2011-05-16,444.7,444.7,435.15,439.95,748683
2011-05-17,437.2,443.7,434.3,437.5,786055
2011-05-18,438.0,450.0,438.0,446.15,873244
2011-05-19,448.6,448.6,440.2,442.8,284897
2011-05-20,446.8,448.85,440.5,447.35,372881
2011-05-23,440.0,442.0,435.0,440.05,336306
2011-05-24,438.55,444.95,438.55,439.9,706846
2011-05-25,442.0,442.0,430.55,435.6,950874
2011-05-26,437.1,439.85,432.75,434.9,1706769
2011-05-27,433.1,444.7,433.1,442.05,597057
2011-05-30,441.55,446.65,439.65,441.8,616964
2011-05-31,440.4,450.5,440.4,446.4,1909425
2011-06-01,445.1,450.9,445.1,448.3,446583
2011-06-02,445.0,447.45,441.3,442.95,619349
2011-06-03,439.0,449.9,439.0,443.1,545229
2011-06-06,442.0,446.95,438.0,445.05,390150
2011-06-07,442.5,444.5,439.55,440.6,941417
2011-06-08,441.8,443.3,437.6,441.2,440868
2011-06-09,440.5,442.55,435.5,438.8,922040
2011-06-10,437.8,442.0,434.1,437.45,718479
2011-06-13,434.45,438.5,432.6,435.45,689026
2011-06-14,435.5,440.0,435.5,436.85,456835
2011-06-15,437.0,438.45,422.15,424.4,2074171
2011-06-16,422.65,423.0,414.75,416.05,1129049
2011-06-17,413.6,418.9,408.0,408.85,747507
2011-06-20,410.0,412.45,381.45,402.3,1829456
2011-06-21,402.6,405.5,395.5,402.4,1005952
2011-06-22,402.6,408.95,401.5,403.8,836570
2011-06-23,402.25,412.0,402.25,409.9,808957
2011-06-24,409.6,425.8,408.1,424.2,1119691
2011-06-27,422.45,428.3,418.3,422.65,892746
2011-06-28,421.1,424.0,413.0,419.1,1311855
2011-06-29,418.7,422.7,417.75,420.55,785460
2011-06-30,422.45,424.05,411.6,417.6,1555322
2011-07-01,423.8,424.95,418.0,423.15,1060783
2011-07-04,427.7,427.7,422.3,424.4,1630436
2011-07-05,422.65,430.5,422.5,428.0,1017951
2011-07-06,427.8,429.8,422.6,424.85,2508127
2011-07-07,424.0,432.4,420.05,431.05,893788
2011-07-08,431.0,435.0,350.0,431.5,1154821
2011-07-11,427.3,429.0,417.35,420.9,464736
2011-07-12,412.5,417.65,407.6,414.6,1696181
2011-07-13,410.5,415.4,410.5,413.5,667209
2011-07-14,411.15,414.9,410.05,411.5,563300
2011-07-15,414.2,417.0,410.4,414.8,570160
2011-07-18,412.15,416.3,410.3,413.65,518426
2011-07-19,414.85,417.0,410.65,415.2,912642
2011-07-20,417.0,417.0,395.05,398.95,4690625
2011-07-21,398.0,402.8,392.95,401.1,829248
2011-07-22,404.95,407.0,402.05,405.85,1263304
2011-07-25,406.0,411.6,401.8,410.15,682805
2011-07-26,409.9,412.3,405.15,410.45,1148100
2011-07-27,408.05,409.9,401.45,402.55,1148344
2011-07-28,395.9,399.9,391.3,395.0,1206791
2011-07-29,391.55,400.0,388.0,389.3,1097964
2011-08-01,391.5,397.2,387.0,391.9,498158
2011-08-02,391.05,391.9,382.1,383.45,862653
2011-08-03,379.0,385.0,376.0,381.2,1265118
2011-08-04,379.65,383.65,375.0,375.7,1077137
2011-08-05,362.05,370.7,359.05,367.3,1343064
2011-08-08,355.0,360.4,337.0,357.85,2845336
2011-08-09,340.1,352.1,338.3,346.75,3496937
2011-08-10,353.0,358.3,349.15,354.9,2147642
2011-08-11,349.0,356.7,347.55,352.9,1240189
2011-08-12,356.0,357.7,337.0,342.95,1871808
2011-08-16,345.0,348.85,336.7,340.4,957227
2011-08-17,338.0,352.25,338.0,344.3,1644316
2011-08-18,345.0,345.5,323.95,328.15,2396107
2011-08-19,320.0,327.95,310.5,320.35,1561982
2011-08-22,317.6,337.45,315.1,332.35,1044871
2011-08-23,335.0,338.0,320.7,332.95,1128510
2011-08-24,333.0,335.0,326.2,329.85,1277305
2011-08-25,331.8,332.9,325.25,328.2,1861202
2011-08-26,326.6,330.75,316.4,319.75,1005526
2011-08-29,323.15,335.75,323.15,328.9,1250607
2011-08-30,334.4,338.4,325.6,335.25,1382316
2011-09-02,345.1,352.95,328.6,334.35,1530898
2011-09-05,330.0,333.3,320.0,321.75,2732319
2011-09-06,320.0,330.0,312.3,323.05,2041335
2011-09-07,326.6,330.95,326.1,329.55,1529887
2011-09-08,330.05,344.0,330.05,338.15,2213315
2011-09-09,338.25,342.0,332.3,338.35,1805002
2011-09-12,329.0,332.3,323.0,325.2,1758591
2011-09-13,327.8,333.6,323.35,329.1,1112311
2011-09-14,330.1,346.4,326.35,342.4,2230979
2011-09-15,346.1,350.0,339.0,348.2,1859718
2011-09-16,349.2,354.35,337.75,338.75,1500083
2011-09-19,339.0,344.8,337.0,341.0,958745
2011-09-20,341.95,355.0,340.2,350.95,2080017
2011-09-21,351.9,359.95,351.1,356.65,1708409
2011-09-22,350.75,352.7,337.15,340.35,1568181
2011-09-23,338.0,348.9,334.3,339.5,1964088
2011-09-26,340.35,346.5,337.2,340.05,1651135
2011-09-27,343.3,353.8,343.0,348.2,1847884
2011-09-28,351.4,358.4,345.15,347.55,1853049
2011-09-29,346.0,350.0,342.25,347.6,1298387
2011-09-30,348.5,352.8,335.1,340.8,1208078
2011-10-03,335.0,336.75,323.6,330.2,1277993
2011-10-04,326.55,338.0,325.35,333.55,1205540
2011-10-05,336.05,341.85,326.0,327.95,1345851
2011-10-07,338.0,345.0,330.0,333.8,1872134
2011-10-10,335.05,350.0,334.3,348.9,763084
2011-10-11,352.3,353.95,338.65,341.7,1068111
2011-10-12,347.05,358.7,347.05,350.55,2497908
2011-10-13,353.0,355.0,348.5,349.5,971907
2011-10-14,346.7,364.95,346.7,363.3,1659394
2011-10-17,364.05,366.4,354.75,356.8,1010473
2011-10-18,348.65,351.7,342.7,346.05,540511
2011-10-19,346.8,358.9,346.8,357.6,945720
2011-10-20,352.25,355.9,347.0,354.55,486759
2011-10-21,356.4,358.0,350.25,354.05,615202
2011-10-24,357.05,365.0,355.7,358.1,652144
2011-10-25,360.55,381.95,354.2,372.15,2636230
2011-10-26,370.1,374.5,367.15,368.7,147473
2011-10-28,376.55,390.0,365.65,374.05,1698761
2011-10-31,375.0,385.0,363.4,366.6,3505449
2011-11-01,367.75,374.9,364.95,372.05,1989482
2011-11-02,369.95,377.0,364.55,374.15,1444224
2011-11-03,373.85,373.85,366.75,370.8,1029949
2011-11-04,373.2,377.0,368.5,371.85,982400
2011-11-08,368.35,373.5,367.2,369.3,374870
2011-11-09,369.3,380.5,369.3,376.5,1169188
2011-11-11,374.0,387.3,370.45,382.1,3745920
2011-11-14,382.35,389.45,382.35,387.4,1643586
2011-11-15,384.95,386.9,382.2,383.75,884981
2011-11-16,382.0,384.1,368.25,374.15,1405230
2011-11-17,371.55,378.1,363.1,367.65,1477885
2011-11-18,365.1,377.0,360.05,374.0,2043004
2011-11-21,370.0,374.5,365.65,370.1,1279060
2011-11-22,370.1,380.0,368.25,377.8,1407865
2011-11-23,373.95,374.8,361.25,365.9,1184940
2011-11-24,363.3,374.4,361.9,370.65,1574804
2011-11-25,367.0,373.0,365.0,369.95,3449706
2011-11-28,374.8,376.8,369.2,372.05,2122668
2011-11-29,373.9,376.0,370.55,373.7,2556117
2011-11-30,373.9,382.0,371.8,377.2,3102265
2011-12-01,384.0,394.0,381.65,386.45,1416126
2011-12-02,384.85,400.0,379.05,391.8,4940550
2011-12-05,390.1,397.0,386.55,390.15,1573780
2011-12-07,390.0,405.6,388.0,404.1,3246148
2011-12-08,400.1,415.25,398.55,412.75,3200969
2011-12-09,408.5,412.9,401.55,404.95,1472016
2011-12-12,405.2,419.8,402.7,414.75,2039648
2011-12-13,413.7,420.9,405.25,412.6,1900127
2011-12-14,410.05,417.85,409.4,415.55,1702628
2011-12-15,415.0,418.0,402.5,406.6,4353438
2011-12-16,402.35,409.4,396.35,403.65,1762681
2011-12-19,399.05,405.15,392.3,404.0,1051036
2011-12-20,402.2,407.0,392.0,396.15,1383197
2011-12-21,402.9,411.9,393.4,407.15,2223890
2011-12-22,396.05,403.1,393.5,397.55,1846641
2011-12-23,401.0,409.0,395.75,406.0,1150850
2011-12-26,403.15,411.8,403.15,406.3,915317
2011-12-27,408.0,411.7,404.0,406.85,607814
2011-12-28,405.35,410.75,394.25,397.05,1657719
2011-12-29,396.0,400.4,394.5,398.35,1485184
2011-12-30,395.2,402.5,395.2,398.7,1200331
2012-01-02,399.0,401.9,395.4,399.0,640672
2012-01-03,402.35,417.9,401.35,416.5,2161837
2012-01-04,418.7,425.0,415.35,418.25,1903417
2012-01-05,415.7,422.9,411.2,414.95,1136797
2012-01-06,412.95,412.95,403.1,405.75,1247864
2012-01-09,407.0,408.5,400.05,401.15,847024
2012-01-10,404.05,407.6,401.9,403.55,1190427
2012-01-11,403.75,406.95,399.4,401.3,1014722
2012-01-12,390.0,397.45,382.5,391.45,2920897
2012-01-13,394.4,404.85,390.7,401.0,1094437
2012-01-16,398.5,408.8,397.55,407.45,768097
2012-01-17,406.0,419.0,405.9,415.15,1764213
2012-01-18,410.1,413.9,402.55,404.1,831339
2012-01-19,406.0,409.4,399.25,404.15,1336692
2012-01-20,415.0,424.9,410.1,413.75,4306361
2012-01-23,410.75,420.5,410.75,415.8,1479247
2012-01-24,415.75,422.0,415.1,419.05,1189433
2012-01-25,419.05,422.9,416.0,419.55,1168090
2012-01-27,421.0,422.0,415.7,418.0,794473
2012-01-30,415.1,422.0,408.0,409.8,1208958
2012-01-31,410.55,415.5,410.1,413.9,1258023
2012-02-01,413.0,414.6,410.0,411.85,1059014
2012-02-02,413.0,429.0,413.0,426.05,3295625
2012-02-03,426.0,429.05,421.75,427.45,1859130
2012-02-06,429.95,432.15,422.6,427.1,778975
2012-02-07,427.15,431.35,426.0,428.05,941839
2012-02-08,428.35,438.75,428.3,434.6,1623431
2012-02-09,430.45,448.4,428.4,445.6,1838753
2012-02-10,445.0,450.45,441.05,449.35,986251
2012-02-13,446.0,448.0,435.45,436.6,767312
2012-02-14,434.9,439.75,432.0,435.1,618167
2012-02-15,436.1,440.75,433.4,436.1,1066185
2012-02-16,435.0,440.5,433.05,439.35,784894
2012-02-17,445.0,453.0,438.25,448.85,1489281
2012-02-21,447.1,450.7,441.2,443.7,1405382
2012-02-22,443.7,451.0,440.05,442.8,1414622
2012-02-23,439.25,445.95,436.4,441.45,1313937
2012-02-24,440.1,447.8,435.35,437.9,698630
2012-02-27,440.0,440.8,422.15,424.8,780800
2012-02-28,424.9,430.9,418.5,420.25,1285098
2012-02-29,424.65,436.25,421.3,432.35,1156324
2012-03-01,433.0,433.0,418.9,424.85,1028957
2012-03-02,426.1,443.05,420.35,429.0,1143610
2012-03-05,425.0,434.45,422.0,431.35,506390
2012-03-06,427.9,439.0,426.5,432.1,905588
2012-03-07,428.8,444.0,428.6,439.95,2082292
2012-03-09,443.5,448.05,429.25,432.2,1581732
2012-03-12,435.1,440.15,429.5,437.75,1735445
2012-03-13,432.1,434.0,427.55,430.95,1054659
2012-03-14,431.55,431.95,421.4,426.05,1198930
2012-03-15,421.85,431.8,420.55,427.45,1338520
2012-03-16,430.1,435.9,426.5,428.55,707018
2012-03-19,425.15,429.0,419.95,428.0,1023560
2012-03-20,425.25,430.4,425.2,429.6,1208482
2012-03-21,428.5,433.95,423.2,427.6,892390
2012-03-22,428.8,432.8,419.25,421.3,1074533
2012-03-23,420.25,427.6,420.1,425.25,1699141
2012-03-26,425.0,429.8,420.95,423.1,1246974
2012-03-27,424.05,429.7,416.25,428.4,1537441
2012-03-28,427.0,431.0,422.0,429.85,1566870
2012-03-29,428.85,439.0,421.55,436.8,3047497
2012-03-30,435.3,441.7,431.05,440.1,1517213
2012-04-02,437.6,444.0,436.3,443.15,1242977
2012-04-03,445.35,448.9,441.15,446.5,764251
2012-04-04,443.0,451.7,440.25,443.8,1050851
2012-04-09,438.55,444.9,437.2,439.05,609568
2012-04-10,439.3,449.3,439.3,445.4,1333312
2012-04-11,440.55,448.0,440.1,445.95,1000041
2012-04-12,443.3,446.1,437.45,439.1,356226
2012-04-13,423.2,437.95,413.1,419.3,3579190
2012-04-16,419.0,427.65,413.2,420.95,2338318
2012-04-17,420.0,425.0,419.9,421.2,2027639
2012-04-18,425.2,429.5,424.65,427.4,744088
2012-04-19,428.95,428.95,419.2,420.65,1601808
2012-04-20,420.9,427.9,420.7,424.8,948892
2012-04-23,421.1,426.45,421.1,424.15,806899
2012-04-24,426.9,444.1,426.9,442.0,1845282
2012-04-25,423.0,423.0,405.8,410.4,6026415
2012-04-26,412.0,412.65,398.5,402.65,4548883
2012-04-27,402.0,409.0,402.0,405.8,916011
2012-04-30,405.1,408.8,402.0,405.05,860489
2012-05-02,406.2,409.7,402.2,404.0,1153521
2012-05-03,403.8,413.65,402.7,412.35,1778346
2012-05-04,412.35,419.9,411.25,414.9,1992165
2012-05-07,409.9,420.5,407.0,413.85,1112795
2012-05-08,409.1,409.15,395.05,404.0,1816356
2012-05-09,401.25,409.75,399.35,406.25,1278682
2012-05-10,406.5,415.6,406.15,408.65,981341
2012-05-11,405.0,411.6,397.15,400.9,765303
2012-05-14,398.3,406.15,398.3,403.5,816823
2012-05-15,398.35,409.9,398.35,404.25,962337
2012-05-16,400.25,407.9,388.55,390.35,1532646
2012-05-17,391.05,395.85,385.8,390.75,1530647
2012-05-18,382.5,393.05,382.35,391.25,873939
2012-05-21,388.05,393.9,380.0,383.2,1075410
2012-05-22,384.8,387.6,380.2,381.45,846505
2012-05-23,382.5,386.9,378.7,384.95,662991
2012-05-24,385.0,393.7,380.1,392.3,854510
2012-05-25,392.0,396.0,388.25,394.1,493706
2012-05-28,395.0,401.85,394.4,399.85,623215
2012-05-29,398.55,411.35,397.0,409.75,733323
2012-05-30,405.3,415.0,405.3,412.15,825033
2012-05-31,405.6,415.75,404.0,410.0,1645807
2012-06-01,404.4,405.1,398.0,401.5,1182821
2012-06-04,394.9,402.75,394.1,396.25,509899
2012-06-05,396.15,404.4,394.45,398.6,781184
2012-06-06,400.2,412.45,400.2,410.6,1291309
2012-06-07,410.1,414.9,399.05,400.8,1148016
2012-06-08,399.5,405.0,397.2,403.35,1054218
2012-06-11,404.0,407.5,397.15,400.25,730859
2012-06-12,396.0,397.4,387.0,393.15,2230075
2012-06-13,394.0,398.45,393.3,396.55,912366
2012-06-14,398.8,398.8,392.1,394.35,852361
2012-06-15,397.0,401.0,395.6,397.95,757399
2012-06-18,398.25,402.7,387.15,395.3,1088027
2012-06-19,394.0,401.0,394.0,399.55,725532
2012-06-20,399.55,401.9,397.3,400.0,1278370
2012-06-21,397.1,403.5,396.25,401.75,1200192
2012-06-22,393.0,404.5,393.0,400.05,1124336
2012-06-25,399.3,402.4,397.5,400.05,593715
2012-06-26,398.15,402.6,397.2,401.05,519904
2012-06-27,402.15,404.7,398.1,399.2,423871
2012-06-28,397.55,399.85,396.2,398.8,796357
2012-06-29,401.4,409.75,398.25,399.9,1844267
2012-07-02,401.2,402.95,398.5,400.25,891152
2012-07-03,401.0,404.5,398.5,400.5,1038860
2012-07-04,401.15,403.8,392.0,394.75,1359738
2012-07-05,394.75,396.85,391.05,395.65,1374871
2012-07-06,394.6,395.05,389.05,392.15,1403539
2012-07-09,389.05,391.75,384.1,385.9,1233391
2012-07-10,387.8,390.95,383.5,384.5,1492238
2012-07-11,384.0,384.95,371.5,374.3,4532673
2012-07-12,368.0,369.0,355.55,359.25,4760861
2012-07-13,361.5,364.7,357.0,358.85,1786386
2012-07-16,358.0,361.5,354.2,355.75,1061722
2012-07-17,357.0,364.35,353.2,362.65,1521834
2012-07-18,365.0,367.0,363.05,364.35,1845745
2012-07-19,366.25,369.7,365.25,368.55,977931
2012-07-20,368.95,372.0,362.3,363.3,629102
2012-07-23,360.6,361.7,353.0,356.45,759566
2012-07-24,353.0,353.0,340.6,345.9,3615888
2012-07-25,346.0,349.9,334.3,338.65,3221883
2012-07-26,339.5,341.5,327.35,329.95,1929302
2012-07-27,333.05,337.2,331.7,334.4,1511069
2012-07-30,335.0,338.05,325.3,332.7,2615018
2012-07-31,336.4,343.4,336.4,340.05,1752039
2012-08-01,340.2,341.5,335.65,339.55,671761
2012-08-02,338.0,341.5,337.1,340.05,534152
2012-08-03,338.5,348.25,336.0,347.15,1116505
2012-08-06,350.0,353.0,343.55,345.8,1146043
2012-08-07,347.55,350.8,345.0,348.4,1702391
2012-08-08,350.0,352.5,347.35,350.55,853623
2012-08-09,351.0,355.0,344.5,345.6,794851
2012-08-10,344.2,352.0,343.3,349.7,603803
2012-08-13,348.0,356.65,347.35,355.6,668664
2012-08-14,356.0,357.55,352.4,355.5,549869
2012-08-16,354.2,354.7,347.0,349.4,1109561
2012-08-17,349.4,354.5,346.5,353.5,1072447
2012-08-21,350.65,358.5,350.65,355.75,1130568
2012-08-22,355.0,357.45,350.25,354.5,1625363
2012-08-23,355.65,366.75,355.65,363.1,1819859
2012-08-24,362.95,366.5,360.25,365.1,1124352
2012-08-27,366.5,366.85,360.05,361.25,603648
2012-08-28,360.5,365.0,359.0,363.65,779408
2012-08-29,364.0,369.0,361.5,364.15,1161031
2012-08-30,364.0,370.0,362.1,369.0,1558631
2012-08-31,369.0,372.5,360.55,362.6,1652870
2012-09-03,362.9,372.5,361.65,364.2,1001677
2012-09-04,363.0,366.0,360.4,363.05,559430
2012-09-05,361.0,364.0,357.7,362.1,690773
2012-09-06,362.5,379.0,360.7,377.45,1945627
2012-09-07,381.5,384.8,376.9,377.8,1149623
2012-09-10,380.0,382.3,375.0,376.45,706573
2012-09-11,373.5,377.0,372.1,374.85,558294
2012-09-12,377.25,386.0,375.3,384.55,1004046
2012-09-13,387.1,389.35,385.5,387.9,679508
2012-09-14,395.95,395.95,387.55,391.55,2101150
2012-09-17,393.4,394.95,380.5,384.8,1075681
2012-09-18,384.2,385.0,368.65,369.7,2264520
2012-09-20,370.0,375.0,368.0,373.05,2015544
2012-09-21,374.4,382.55,372.0,378.0,1560312
2012-09-24,375.3,383.65,371.1,380.45,2115763
2012-09-25,380.2,383.0,375.55,377.25,1242964
2012-09-26,376.15,381.5,376.15,379.85,538095
2012-09-27,379.9,380.3,368.0,375.7,2040201
2012-09-28,378.0,383.65,378.0,381.05,2112664
2012-10-01,379.0,386.4,377.5,382.7,1358933
2012-10-03,384.25,387.25,379.2,380.25,2132629
2012-10-04,382.0,385.0,378.55,382.9,1427363
2012-10-05,383.55,384.6,320.5,373.25,1934963
2012-10-08,372.0,372.9,363.75,365.4,961564
2012-10-09,367.0,368.3,360.45,367.15,1091336
2012-10-10,364.85,365.9,360.0,360.85,1533854
2012-10-11,362.0,364.5,357.55,358.25,2960796
2012-10-12,355.0,355.9,349.05,352.05,2587754
2012-10-15,351.0,353.65,350.75,351.9,596360
2012-10-16,353.1,357.4,351.0,352.3,740770
2012-10-17,353.55,355.5,349.75,352.05,1059427
2012-10-18,352.4,352.7,344.6,346.1,2186208
2012-10-19,347.6,349.5,343.0,344.55,1435923
2012-10-22,347.0,347.45,341.8,343.6,1046385
2012-10-23,342.05,345.0,341.1,342.9,1117525
2012-10-25,344.5,348.1,339.2,340.1,3806183
2012-10-26,339.8,340.1,334.4,336.05,1606370
2012-10-29,340.0,345.95,338.0,344.85,1788651
2012-10-30,345.25,349.05,341.55,347.55,2785417
2012-10-31,348.1,355.25,348.1,350.65,1965690
2012-11-01,348.0,366.0,348.0,361.25,6803137
2012-11-02,370.0,372.95,358.3,364.6,5104438
2012-11-05,364.95,367.5,360.45,362.5,863131
2012-11-06,362.5,367.35,360.0,366.0,1245014
2012-11-07,366.0,371.0,365.55,367.85,1112101
2012-11-08,364.9,376.5,295.0,375.4,2353477
2012-11-09,375.45,378.05,369.25,370.8,934742
2012-11-12,370.2,373.1,367.05,368.75,718907
2012-11-13,370.0,372.7,367.1,369.2,126767
2012-11-15,368.2,369.35,360.25,361.75,564971
2012-11-16,361.0,365.8,358.0,359.1,576259
2012-11-19,358.35,362.4,355.15,358.15,625297
2012-11-20,361.0,363.8,356.2,361.75,666353
2012-11-21,361.6,368.0,360.9,366.8,663865
2012-11-22,368.15,372.6,366.3,370.8,714417
2012-11-23,372.0,375.65,365.0,366.85,715712
2012-11-26,368.0,376.7,367.0,375.45,1394205
2012-11-27,376.0,380.65,375.65,378.95,1851454
2012-11-29,377.55,389.85,377.25,386.35,2879682
2012-11-30,385.3,396.0,384.85,393.25,1954671
2012-12-03,393.1,397.45,393.0,394.6,1192332
2012-12-04,395.1,399.95,385.55,388.1,1058222
2012-12-05,388.55,391.15,378.9,380.95,1392648
2012-12-06,382.65,383.0,375.2,379.85,1026705
2012-12-07,382.65,382.65,378.5,380.2,844806
2012-12-10,389.85,390.0,381.0,382.1,1212089
2012-12-11,384.5,387.9,374.3,379.55,1205955
2012-12-12,381.4,385.5,371.7,374.8,1596796
2012-12-13,374.8,379.4,372.75,373.6,1035697
2012-12-14,372.35,377.7,372.35,375.95,772091
2012-12-17,377.0,378.0,366.4,370.2,1145735
2012-12-18,370.75,379.5,367.95,375.85,1219440
2012-12-19,377.05,387.1,374.55,386.15,935909
2012-12-20,387.5,391.0,379.15,382.05,1187991
2012-12-21,378.3,383.9,377.1,379.45,818384
2012-12-24,380.15,386.9,380.15,385.95,572444
2012-12-26,384.1,385.85,381.55,385.05,716105
2012-12-27,387.5,388.0,382.25,385.5,1349300
2012-12-28,386.15,392.95,386.15,392.05,781501
2012-12-31,393.7,398.5,392.6,394.5,2328104
2013-01-01,396.05,399.0,391.15,396.9,796404
2013-01-02,398.3,399.25,391.7,393.75,856196
2013-01-03,395.5,399.0,393.85,397.8,1742438
2013-01-04,398.9,404.9,397.65,403.65,1699278
2013-01-07,403.75,408.5,403.05,404.95,1249633
2013-01-08,402.9,404.75,395.6,398.15,1094727
2013-01-09,398.25,400.9,393.55,397.05,1438598
2013-01-10,398.8,405.8,393.5,395.6,1857422
2013-01-11,406.0,422.8,404.55,419.95,4507551
2013-01-14,423.05,424.9,417.35,419.15,1580960
2013-01-15,421.5,423.6,417.0,420.95,976940
2013-01-16,421.0,425.0,416.3,419.95,1542323
2013-01-17,424.0,436.5,422.4,430.7,3904977
2013-01-18,438.0,439.6,395.25,397.35,8013521
2013-01-21,401.05,401.8,393.25,397.55,2877914
2013-01-22,398.15,403.25,395.9,398.75,2226337
2013-01-23,397.25,402.95,396.95,401.75,1547877
2013-01-24,402.0,408.0,401.8,404.95,1478239
2013-01-25,404.0,408.4,400.6,407.65,1272889
2013-01-28,407.9,417.25,405.5,413.55,1433910
2013-01-29,410.25,413.0,405.45,408.65,1226607
2013-01-30,407.8,416.9,405.15,414.85,1029202
2013-01-31,412.1,415.5,406.6,411.55,1357403
2013-02-01,410.0,413.45,407.05,407.6,1109376
2013-02-04,408.3,410.35,405.85,408.1,1020747
2013-02-05,406.0,407.95,402.6,407.0,800826
2013-02-06,408.7,409.95,402.1,405.65,832790
2013-02-07,403.0,407.6,401.0,405.7,478637
2013-02-08,408.0,415.5,403.25,412.4,1064708
2013-02-11,414.0,420.85,408.1,409.5,1477913
2013-02-12,410.0,413.7,405.25,411.85,845269
2013-02-13,412.25,415.9,406.4,409.45,1098304
2013-02-14,405.2,406.0,394.0,395.8,2920033
2013-02-15,395.0,402.4,385.1,399.25,1543952
2013-02-18,397.75,404.0,393.65,402.9,1144986
2013-02-19,404.05,412.1,400.6,410.75,946706
2013-02-20,411.0,415.4,408.85,412.3,1025942
2013-02-21,410.15,416.55,403.85,405.8,1336099
2013-02-22,404.5,418.45,403.15,415.95,2171761
2013-02-25,416.2,425.8,416.2,419.1,1852079
2013-02-26,416.95,420.55,412.85,415.9,1446460
2013-02-27,418.0,422.65,413.15,418.5,1547510
2013-02-28,420.0,425.5,411.5,416.4,2877375
2013-03-01,420.0,425.5,418.4,421.7,1313859
2013-03-04,420.05,424.8,418.15,419.5,1330580
2013-03-05,420.05,434.65,419.0,433.05,2553625
2013-03-06,433.5,446.0,433.45,441.9,1993558
2013-03-07,443.1,452.8,443.1,449.35,2740228
2013-03-08,448.9,456.0,444.3,445.35,2576694
2013-03-11,442.75,449.45,437.6,439.55,1570405
2013-03-12,440.1,443.7,434.3,438.65,1123760
2013-03-13,437.9,445.25,435.4,439.3,1271395
2013-03-14,439.3,443.75,434.4,438.5,1035221
2013-03-15,438.9,442.7,436.15,440.95,807882
2013-03-18,438.4,440.85,432.0,433.65,508330
2013-03-19,435.0,438.9,429.7,433.65,727250
2013-03-20,433.35,435.75,426.4,429.95,1510086
2013-03-21,430.5,437.25,427.35,434.75,1008414
2013-03-22,435.3,439.45,429.15,435.7,1183897
2013-03-25,439.3,440.4,429.55,431.35,1593936
2013-03-26,431.5,441.1,426.5,437.95,1201564
2013-03-28,433.95,441.9,431.4,437.15,3358225
2013-04-01,437.3,441.75,428.1,431.0,875529
2013-04-02,431.0,451.2,427.7,449.65,1903267
2013-04-03,447.1,454.7,446.0,448.6,1961744
2013-04-04,447.0,451.75,441.5,445.1,1632050
2013-04-05,441.5,463.0,438.75,454.6,1807534
2013-04-08,451.5,456.0,429.55,448.8,6135656
2013-04-09,407.0,418.0,390.25,393.7,7085821
2013-04-10,395.1,404.8,395.1,402.25,2437937
2013-04-11,407.4,408.0,399.0,402.95,1280567
2013-04-12,389.9,390.0,379.05,383.8,3876325
2013-04-15,383.9,392.65,376.3,379.1,1576580
2013-04-16,378.5,383.1,376.7,381.35,687009
2013-04-17,385.0,385.45,371.2,374.55,1136496
2013-04-18,373.25,377.9,362.3,369.05,2546372
2013-04-22,346.3,348.0,327.5,339.4,8949583
2013-04-23,342.25,347.9,340.1,342.75,1735308
2013-04-25,343.0,344.95,332.7,335.5,2424253
2013-04-26,336.2,339.0,327.75,330.2,1479955
2013-04-29,331.0,342.9,327.2,342.0,1729385
2013-04-30,344.15,350.0,339.25,348.35,1534689
2013-05-02,348.0,355.5,343.45,352.25,1547811
2013-05-03,350.65,357.85,349.2,355.25,1272125
2013-05-06,356.9,361.45,353.7,357.35,1148196
2013-05-07,358.0,360.0,349.05,350.8,2339804
2013-05-08,352.0,354.4,347.25,351.05,1050894
2013-05-09,352.4,357.0,352.0,354.8,1261781
2013-05-10,356.55,357.15,352.6,355.0,1506921
2013-05-13,355.0,355.6,346.2,347.95,1340087
2013-05-14,348.0,350.5,344.6,347.65,522393
2013-05-15,347.25,351.5,341.5,346.15,1538095
2013-05-16,346.5,347.35,342.55,346.45,1922015
2013-05-17,346.0,349.4,338.6,344.0,1097772
2013-05-20,341.25,341.85,334.15,337.95,4592868
2013-05-21,338.05,343.75,336.05,338.9,1517317
2013-05-22,339.4,343.6,339.1,342.05,1441658
2013-05-23,341.05,342.55,331.8,337.1,2155853
2013-05-24,338.55,342.4,332.8,336.2,669850
2013-05-27,337.0,342.0,333.0,340.25,1232836
2013-05-28,338.7,343.45,336.0,340.1,1326134
2013-05-29,339.0,344.3,336.05,339.35,1712408
2013-05-30,337.55,342.3,334.5,336.1,1170213
2013-05-31,337.75,339.85,314.85,327.65,2724191
2013-06-03,330.1,334.0,323.1,324.95,1473931
2013-06-04,326.35,333.85,326.35,330.9,959616
2013-06-05,332.0,332.7,324.05,325.0,1006670
2013-06-06,324.0,331.25,323.1,330.0,1359786
2013-06-07,328.0,339.0,328.0,334.9,817159
2013-06-10,337.0,344.9,336.8,343.25,1044394
2013-06-11,344.1,347.0,319.9,345.05,2330596
2013-06-12,345.75,346.0,341.0,344.35,1113034
2013-06-13,340.0,341.0,332.0,340.0,679082
2013-06-14,330.25,342.8,330.25,337.55,1209713
2013-06-17,337.6,340.0,332.0,338.05,538891
2013-06-18,338.1,342.0,337.2,341.2,440487
2013-06-19,342.0,344.7,337.5,343.5,942351
2013-06-20,344.0,349.4,341.4,347.5,4004986
2013-06-21,345.9,351.0,344.9,348.4,3643922
2013-06-24,348.0,349.9,330.95,346.55,1300616
2013-06-25,346.0,346.0,336.0,343.75,1373978
2013-06-26,343.3,349.4,340.0,348.1,1239406
2013-06-27,348.0,351.7,343.0,347.1,1900608
2013-06-28,351.9,352.0,341.0,349.0,1905374
2013-07-01,349.0,352.0,345.5,351.25,834272
2013-07-02,352.0,354.7,349.15,352.95,1874655
2013-07-03,352.0,353.9,341.5,343.35,972952
2013-07-04,346.0,350.9,345.0,349.65,1067417
2013-07-05,351.15,351.9,348.0,350.95,1608528
2013-07-08,346.25,357.7,346.25,355.5,1587016
2013-07-09,355.2,361.0,355.0,360.15,1145703
2013-07-10,360.0,365.35,360.0,364.85,1619188
2013-07-11,366.85,368.8,362.6,364.0,1247048
2013-07-12,370.0,380.0,367.75,375.6,2077613
2013-07-15,374.9,383.4,374.9,381.9,1200195
2013-07-16,375.6,384.95,371.0,375.4,1141020
2013-07-17,376.0,390.35,375.15,387.1,1325122
2013-07-18,386.2,394.0,382.6,385.85,1106816
2013-07-19,390.0,393.0,387.05,391.4,1277493
2013-07-22,391.0,394.5,385.8,392.95,1003705
2013-07-23,392.75,397.5,381.85,384.2,1409834
2013-07-24,382.0,394.45,380.0,392.35,1579521
2013-07-25,392.0,393.95,369.3,376.25,2611827
2013-07-26,380.1,387.65,368.0,381.95,2534526
2013-07-29,401.0,418.0,391.6,408.05,6388294
2013-07-30,410.0,423.0,408.05,418.8,3201962
2013-07-31,420.0,441.0,420.0,438.0,3612568
2013-08-01,438.0,443.8,427.5,436.4,1966728
2013-08-02,436.25,451.7,434.4,438.7,2037304
2013-08-05,438.0,451.0,434.55,449.25,2502575
2013-08-06,447.25,463.7,447.2,451.3,3370405
2013-08-07,450.0,462.7,445.75,451.05,3278073
2013-08-08,448.0,450.0,432.9,447.15,2014836
2013-08-12,443.0,455.05,443.0,454.7,1653480
2013-08-13,454.0,469.45,454.0,467.6,1988776
2013-08-14,466.25,472.9,454.1,460.1,1414568
2013-08-16,456.7,467.9,453.35,456.5,2632253
2013-08-19,455.3,464.0,451.8,456.45,1334560
2013-08-20,453.2,460.0,441.8,448.25,2058427
2013-08-21,447.6,452.85,437.8,441.95,1563402
2013-08-22,440.0,448.85,435.5,444.7,1473598
2013-08-23,444.15,451.0,437.55,448.2,2619924
2013-08-26,449.5,466.0,449.5,459.1,2650970
2013-08-27,459.55,465.6,451.6,454.95,2354672
2013-08-28,458.45,474.05,458.0,471.45,4762967
2013-08-29,472.0,479.9,462.25,473.45,4606114
2013-09-03,485.25,500.6,473.5,479.35,2735720
2013-09-04,481.25,492.5,476.5,481.3,3487244
2013-09-05,481.65,484.0,464.0,468.9,3066361
2013-09-06,468.15,483.9,464.9,468.5,4330716
2013-09-10,473.65,484.0,466.3,472.05,4135880
2013-09-11,472.35,482.9,470.3,475.0,4465838
2013-09-12,474.0,479.6,468.15,471.9,4495572
2013-09-13,474.0,474.0,450.95,455.5,3403033
2013-09-16,456.3,458.0,446.9,451.7,2565707
2013-09-17,453.85,480.0,453.25,474.95,2752914
2013-09-18,475.0,485.0,472.75,480.7,2525171
2013-09-19,478.0,483.65,468.6,472.0,1586818
2013-09-20,471.0,481.3,471.0,474.9,1645415
2013-09-23,476.0,489.9,474.0,483.5,2585731
2013-09-24,486.0,490.4,473.25,477.85,1702216
2013-09-25,480.0,485.55,474.1,475.55,1907677
2013-09-26,474.25,489.9,474.0,478.25,5184238
2013-09-27,482.0,484.9,472.5,475.85,2161742
2013-09-30,476.05,484.9,470.1,473.05,1521460
2013-10-01,475.9,479.5,470.05,471.85,1160095
2013-10-03,474.0,489.0,473.9,485.1,3146947
2013-10-04,484.05,491.0,479.35,482.95,1302326
2013-10-07,484.5,486.5,481.0,482.0,1047217
2013-10-08,485.0,493.0,480.2,483.45,1970441
2013-10-09,480.05,485.9,475.9,477.25,2685451
2013-10-10,480.0,484.55,478.0,480.15,2351292
2013-10-11,491.0,499.0,484.0,488.25,3533479
2013-10-14,490.8,508.0,490.5,501.1,3698995
2013-10-15,505.0,519.75,504.1,510.6,5414683
2013-10-17,512.1,516.5,491.5,495.0,3576396
2013-10-18,501.0,511.9,494.5,506.4,3079855
2013-10-21,510.0,514.8,501.3,506.0,4079955
2013-10-22,515.0,517.7,509.0,514.8,4203415
2013-10-23,510.8,510.9,482.2,492.45,6854634
2013-10-24,492.45,494.2,469.15,470.85,4739985
2013-10-25,470.0,483.65,467.7,481.1,3707763
2013-10-28,483.6,485.6,476.7,483.85,1949379
2013-10-29,485.7,488.05,481.0,486.55,2291411
2013-10-30,487.9,487.9,473.1,476.75,2473936
2013-10-31,475.1,485.85,475.0,477.7,3774672
2013-11-01,477.25,484.8,477.25,482.55,1303432
2013-11-05,482.25,483.95,475.0,480.1,1361604
2013-11-06,483.0,487.85,479.4,482.4,1766349
2013-11-07,485.0,489.0,478.0,481.95,2492057
2013-11-08,484.7,486.9,478.0,481.55,1043002
2013-11-11,480.05,487.05,479.05,481.6,2257398
2013-11-12,484.8,489.65,477.6,482.6,4462881
2013-11-13,483.0,487.0,479.95,482.3,1576669
2013-11-14,485.0,490.8,480.6,486.3,2317706
2013-11-18,489.0,497.7,489.0,492.2,2331013
2013-11-19,493.25,494.0,487.25,488.05,1652090
2013-11-20,485.25,493.5,480.25,483.05,1475848
2013-11-21,482.05,486.95,475.8,478.4,2222344
2013-11-22,480.5,482.9,477.1,477.95,935597
2013-11-25,479.0,483.6,477.65,478.85,1584036
2013-11-26,477.1,479.6,471.3,474.9,2198028
2013-11-27,473.25,475.35,468.4,469.8,1563462
2013-11-28,471.0,475.0,470.5,472.6,2002282
2013-11-29,476.75,476.75,469.9,470.8,1750008
2013-12-02,474.0,484.0,466.65,481.25,2206937
2013-12-03,484.0,486.3,480.8,482.45,1533118
2013-12-04,480.65,494.8,479.1,491.35,2171558
2013-12-05,496.0,498.75,486.05,492.9,1986358
2013-12-06,489.6,498.0,486.0,493.8,1314035
2013-12-09,498.0,509.0,490.6,507.2,1563447
2013-12-10,507.1,522.65,502.6,516.7,3561323
2013-12-11,513.0,521.5,510.0,518.6,1795188
2013-12-12,515.0,516.5,508.3,510.65,900521
2013-12-13,509.9,520.3,507.45,518.75,1050606
2013-12-16,520.0,526.1,515.25,524.1,2269307
2013-12-17,525.25,529.95,515.25,517.9,1269311
2013-12-18,517.9,523.9,512.95,521.7,1019590
2013-12-19,522.25,538.2,518.3,529.15,2336557
2013-12-20,534.4,552.7,530.35,548.9,2653515
2013-12-23,549.55,556.9,544.55,552.0,1663449
2013-12-24,550.65,554.0,539.0,540.1,733507
2013-12-26,541.25,552.0,536.65,548.6,2132896
2013-12-27,550.0,557.4,547.0,555.1,1160341
2013-12-30,555.3,557.95,546.15,551.55,876120
2013-12-31,555.0,561.5,549.25,559.2,704304
2014-01-01,564.0,564.0,551.1,552.7,443007
2014-01-02,552.7,556.8,546.15,552.95,915486
2014-01-03,547.0,558.4,546.3,556.6,1107663
2014-01-06,559.9,564.8,555.0,558.0,1855578
2014-01-07,558.0,558.7,545.0,550.2,1232292
2014-01-08,549.0,550.9,543.45,547.15,1077593
2014-01-09,547.0,553.75,537.55,540.9,1637153
2014-01-10,543.1,556.9,531.6,553.35,2657892
2014-01-13,555.0,568.0,555.0,561.45,1891221
2014-01-14,562.55,563.0,549.6,553.6,1460471
2014-01-15,557.25,564.0,551.7,560.7,1303011
2014-01-16,555.0,573.85,555.0,571.55,1717084
2014-01-17,575.0,575.9,549.3,552.7,2517653
2014-01-20,552.6,577.7,552.1,573.05,4712091
2014-01-21,574.75,578.0,568.4,571.55,2214120
2014-01-22,570.0,582.85,568.05,577.95,2096716
2014-01-23,576.0,580.35,565.0,578.5,2039827
2014-01-24,575.6,587.0,570.45,572.85,2151627
2014-01-27,570.0,579.0,565.7,570.55,1949218
2014-01-28,568.8,572.9,564.1,567.6,1152906
2014-01-29,565.0,575.8,565.0,571.5,1140851
2014-01-30,568.0,574.8,561.65,571.2,1943078
2014-01-31,571.9,579.65,569.8,575.05,1046685
2014-02-03,563.2,574.0,562.15,565.95,1131649
2014-02-04,561.7,561.7,544.0,555.65,2108872
2014-02-05,558.0,565.45,550.8,560.4,1585005
2014-02-06,559.1,571.7,555.0,568.55,2669065
2014-02-07,569.95,573.85,556.55,561.65,1380044
2014-02-10,563.0,569.6,561.1,563.2,1045040
2014-02-11,566.0,571.4,560.3,563.15,1364572
2014-02-12,564.55,571.2,558.05,562.45,1418547
2014-02-13,565.0,566.0,549.8,555.2,1089476
2014-02-14,556.55,566.25,552.7,563.8,1194129
2014-02-17,565.0,569.5,557.0,561.0,856546
2014-02-18,559.25,564.9,554.45,557.05,922441
2014-02-19,556.0,568.0,556.0,565.55,746613
2014-02-20,564.95,570.65,561.1,565.2,1095687
2014-02-21,565.5,575.0,565.5,571.55,1353479
2014-02-24,573.1,581.95,570.0,577.65,1041237
2014-02-25,580.0,598.0,580.0,596.25,1651574
2014-02-26,596.0,611.0,593.7,603.05,2739680
2014-02-28,603.0,605.0,589.5,597.25,1820677
2014-03-03,600.0,600.0,583.1,585.9,934482
2014-03-04,586.0,594.8,585.15,588.2,1403123
2014-03-05,593.1,596.0,586.45,590.5,1679861
2014-03-06,592.0,594.85,583.5,584.85,1244942
2014-03-07,588.0,588.0,559.95,565.35,1981648
2014-03-10,564.1,571.75,555.1,557.25,2073312
2014-03-11,557.0,566.55,553.4,559.85,1796880
2014-03-12,559.9,570.0,559.0,566.75,1211907
2014-03-13,562.0,574.8,550.6,563.6,1969289
2014-03-14,564.0,564.0,544.6,547.6,2234360
2014-03-18,550.0,551.0,537.25,540.45,1820785
2014-03-19,540.55,549.95,528.7,545.1,2138912
2014-03-20,547.0,559.8,546.0,552.35,1691269
2014-03-21,558.65,577.5,554.0,568.2,3412152
2014-03-24,571.0,575.0,561.15,562.8,1045777
2014-03-25,557.35,559.95,546.15,548.5,2300896
2014-03-26,550.9,557.7,544.0,545.55,1344740
2014-03-27,546.0,559.95,540.0,553.4,2207336
2014-03-28,554.05,559.45,550.45,552.05,1133226
2014-03-31,552.0,554.1,538.5,543.2,2666235
2014-04-01,547.0,563.0,546.95,561.05,1886694
2014-04-02,564.5,572.5,559.0,565.9,1796200
2014-04-03,565.0,568.05,557.65,560.95,923771
2014-04-04,565.0,568.95,551.45,553.4,1028562
2014-04-07,553.0,560.6,551.45,556.9,1139018
2014-04-09,559.0,562.45,549.5,554.45,1444851
2014-04-10,555.0,564.9,550.5,561.2,1445069
2014-04-11,555.6,570.8,551.0,568.1,1766113
2014-04-15,565.05,591.35,565.05,588.55,2355416
2014-04-16,594.7,594.7,568.1,572.1,1979808
2014-04-17,576.9,589.55,573.55,585.85,1898422
2014-04-21,566.0,568.3,544.05,546.2,5708980
2014-04-22,549.0,554.9,526.0,530.55,4252307
2014-04-23,533.0,538.7,521.0,524.7,4505036
2014-04-25,527.5,528.65,517.0,519.25,3071291
2014-04-28,520.05,531.6,518.0,529.6,3187852
2014-04-29,531.0,536.5,523.0,524.8,2276633
2014-04-30,529.0,529.9,517.6,522.35,2424985
2014-05-02,518.2,530.8,518.2,528.5,2138626
2014-05-05,524.0,529.0,519.05,520.75,1748280
2014-05-06,519.0,525.0,513.65,514.85,1287041
2014-05-07,510.1,514.65,500.0,506.1,3703693
2014-05-08,505.65,515.7,501.6,510.95,1545947
2014-05-09,508.0,517.9,508.0,513.95,1475798
2014-05-12,513.35,516.0,501.75,511.95,2960446
2014-05-13,515.0,530.4,512.5,529.2,1927501
2014-05-14,531.0,531.95,522.1,524.55,1393190
2014-05-15,525.3,526.95,513.0,516.5,1461152
2014-05-16,521.0,531.0,497.5,502.8,4826811
2014-05-19,503.25,504.85,474.7,482.05,3612336
2014-05-20,486.0,498.7,483.4,494.65,3068579
2014-05-21,496.0,498.1,486.2,493.1,2286858
2014-05-22,494.9,497.0,482.05,483.5,2255478
2014-05-23,483.7,493.5,480.45,490.0,2680509
2014-05-26,493.0,509.9,490.1,506.0,2677961
2014-05-27,511.7,518.65,503.25,508.2,2077898
2014-05-28,512.0,515.7,503.25,514.25,1934294
2014-05-29,514.0,514.3,495.05,499.8,2600664
2014-05-30,500.0,509.4,485.0,506.2,2350716
2014-06-02,506.7,507.0,498.0,499.1,1189526
2014-06-03,503.9,503.9,492.1,494.2,1848280
2014-06-04,496.0,497.05,485.2,492.05,1745959
2014-06-05,493.5,502.5,490.35,500.95,2068198
2014-06-06,504.0,510.7,495.0,509.15,2243028
2014-06-09,510.0,516.1,505.1,511.75,1597783
2014-06-10,511.8,526.3,511.8,525.0,3170320
2014-06-11,526.4,537.5,523.7,527.7,2880498
2014-06-12,532.05,533.95,522.75,532.15,2013539
2014-06-13,532.25,535.65,525.0,530.4,1646477
2014-06-16,531.4,538.0,529.05,536.1,1964206
2014-06-17,539.0,542.0,533.7,536.1,1670249
2014-06-18,537.85,539.25,528.15,530.5,1406939
2014-06-19,528.0,539.95,527.85,537.2,1802666
2014-06-20,540.5,543.3,531.2,536.8,1205723
2014-06-23,534.1,537.0,529.0,531.4,980226
2014-06-24,534.0,534.0,527.2,531.3,1065573
2014-06-25,531.1,534.0,526.0,529.15,1186346
2014-06-26,531.0,539.9,529.1,535.45,2881314
2014-06-27,540.0,549.0,536.3,545.95,1870455
2014-06-30,548.95,553.0,543.65,546.4,1431986
2014-07-01,547.9,547.9,536.0,538.2,1408426
2014-07-02,542.0,548.65,538.4,540.85,1612823
2014-07-03,547.0,558.05,544.15,555.5,2241467
2014-07-04,559.5,559.55,543.9,546.75,1138062
2014-07-07,549.0,559.0,549.0,557.6,1957549
2014-07-08,558.0,558.85,548.0,549.75,1293713
2014-07-09,549.25,554.9,541.3,545.3,980781
2014-07-10,546.0,558.0,540.0,544.75,1655708
2014-07-11,550.35,556.7,547.05,552.85,1530829
2014-07-14,552.0,555.0,537.0,538.8,1413022
2014-07-15,538.15,542.4,534.2,535.85,937929
2014-07-16,539.7,539.7,532.75,535.3,882973
2014-07-17,535.85,544.65,534.0,537.35,1657271
2014-07-18,545.1,555.0,544.2,547.05,3540246
2014-07-21,550.05,553.4,542.5,544.95,2017229
2014-07-22,544.15,561.0,542.6,558.75,1866096
2014-07-23,559.5,572.7,554.4,570.9,2232380
2014-07-24,574.0,580.0,561.6,576.85,3001899
2014-07-25,530.0,555.0,530.0,551.05,7092507
2014-07-28,552.15,558.8,545.0,557.05,1682719
2014-07-30,556.9,557.1,549.0,550.75,1958288
2014-07-31,550.05,551.0,541.05,544.4,3568621
2014-08-01,544.0,546.15,535.0,536.0,1717523
2014-08-04,536.2,550.0,536.0,548.65,2568974
2014-08-05,549.8,551.65,543.75,549.55,1051169
2014-08-06,545.8,552.55,545.8,551.4,1901467
2014-08-07,547.0,554.5,535.0,552.65,2191533
2014-08-08,550.9,551.6,541.1,548.05,992969
2014-08-11,550.2,550.5,540.2,542.95,1319293
2014-08-12,545.0,545.5,541.1,543.75,1176266
2014-08-13,543.1,551.55,542.7,550.25,1334434
2014-08-14,551.7,552.1,543.5,545.95,1099314
2014-08-18,545.0,548.7,541.15,547.65,1201737
2014-08-19,546.8,552.4,544.0,547.4,1179073
2014-08-20,547.4,555.0,547.4,552.15,1116268
2014-08-21,551.4,553.9,547.7,551.15,1233049
2014-08-22,551.25,558.05,548.3,556.95,1441671
2014-08-25,557.15,561.2,554.05,555.35,1574016
2014-08-26,558.7,560.25,546.15,550.9,1245491
2014-08-27,548.0,560.8,548.0,558.55,1449055
2014-08-28,558.55,568.05,558.55,565.25,3069833
2014-09-01,566.0,573.05,563.55,565.85,1083060
2014-09-02,567.0,567.65,559.1,561.0,1363752
2014-09-03,563.95,580.0,560.3,577.2,2833393
2014-09-04,579.95,582.35,572.1,577.15,1300908
2014-09-05,581.0,583.8,575.5,581.9,1145143
2014-09-08,582.9,595.0,578.05,592.7,1236026
2014-09-09,593.05,594.0,581.9,588.0,823206
2014-09-10,588.0,590.0,580.5,581.65,994162
2014-09-11,585.0,586.8,571.65,574.0,1346970
2014-09-12,575.5,578.9,569.25,575.0,1189344
2014-09-15,575.0,576.0,562.5,568.25,1277472
2014-09-16,570.0,574.95,556.0,559.45,1618102
2014-09-17,562.0,571.6,558.45,567.35,1387589
2014-09-18,565.25,584.9,564.5,581.8,1604791
2014-09-19,581.9,592.9,576.85,588.4,1716108
2014-09-22,585.4,585.4,577.1,581.5,856690
2014-09-23,579.25,593.5,576.0,582.7,1999705
2014-09-24,588.0,596.0,586.1,592.75,2065446
2014-09-25,592.0,597.65,576.4,582.55,1696689
2014-09-26,584.0,591.0,577.0,588.6,1063307
2014-09-29,588.2,598.9,584.3,592.85,1064369
2014-09-30,599.0,599.0,588.2,596.8,2468336
2014-10-01,598.1,617.65,598.1,615.75,2800054
2014-10-07,614.0,621.9,611.05,618.5,2088223
2014-10-08,617.0,618.85,589.15,593.55,2326749
2014-10-09,596.75,601.9,583.0,587.25,2677069
2014-10-10,580.2,599.3,580.2,584.7,3951634
2014-10-13,583.8,586.0,566.1,584.55,2345576
2014-10-14,590.0,593.0,578.25,580.05,2019464
2014-10-16,579.95,584.6,565.65,573.3,2201624
2014-10-17,575.3,581.5,560.1,565.9,3266062
2014-10-20,567.0,575.0,553.4,556.4,1610944
2014-10-21,559.0,575.0,557.8,573.3,1502473
2014-10-22,582.8,586.75,576.0,583.65,1256537
2014-10-23,560.0,564.1,554.3,560.25,1175673
2014-10-27,550.0,558.5,547.15,554.8,2975614
2014-10-28,555.4,564.5,550.05,553.7,2307114
2014-10-29,555.65,560.25,554.6,556.8,1633880
2014-10-30,558.0,563.2,557.9,560.25,3019242
2014-10-31,565.0,567.0,559.65,563.7,2913985
2014-11-03,570.0,570.0,561.4,564.9,3229044
2014-11-05,569.0,569.0,556.8,559.0,3818621
2014-11-07,562.7,563.0,548.4,553.45,3034146
2014-11-10,554.0,560.0,552.05,558.85,1805913
2014-11-11,560.5,561.0,554.85,557.3,1271431
2014-11-12,554.0,561.05,552.8,556.05,1848271
2014-11-13,559.0,564.4,554.05,558.8,1919778
2014-11-14,561.9,568.0,560.7,563.9,2185128
2014-11-17,564.1,566.0,559.0,564.15,1504469
2014-11-18,564.95,568.0,562.3,566.25,1972986
2014-11-19,569.0,571.0,560.3,564.9,1646770
2014-11-20,569.0,575.0,563.15,571.9,1323076
2014-11-21,573.0,576.65,567.15,572.1,1844516
2014-11-24,572.75,582.65,572.2,579.35,1450192
2014-11-25,584.0,587.4,577.3,581.55,4010956
2014-11-26,584.0,584.0,573.5,579.8,1412004
2014-11-27,579.75,585.0,579.0,582.0,2004238
2014-11-28,585.5,590.0,580.15,585.8,1963275
2014-12-01,588.0,600.9,587.05,592.6,3016239
2014-12-02,595.0,595.0,583.5,590.95,915148
2014-12-03,591.6,596.0,585.3,593.85,1130152
2014-12-04,593.75,595.95,589.7,592.7,938872
2014-12-05,591.0,591.0,576.7,578.85,1037636
2014-12-08,578.0,580.25,565.45,568.35,969284
2014-12-09,569.0,575.75,555.55,556.9,1533128
2014-12-10,556.0,559.25,551.4,552.15,1299523
2014-12-11,551.9,554.0,544.7,546.3,1317446
2014-12-12,546.3,553.9,539.0,543.15,1078109
2014-12-15,537.4,545.9,524.85,541.55,1485285
2014-12-16,539.0,549.7,535.0,536.75,1861094
2014-12-17,535.0,543.0,527.65,535.15,2189924
2014-12-18,537.9,540.05,531.0,537.95,1357551
2014-12-19,544.4,554.55,544.0,550.55,1702620
2014-12-22,556.0,556.95,548.85,555.15,1550651
2014-12-23,556.5,556.5,548.9,552.4,1356202
2014-12-24,552.4,554.8,540.1,545.5,1999479
2014-12-26,546.6,548.5,541.1,547.4,727228
2014-12-29,548.0,552.4,547.4,550.15,945071
2014-12-30,550.0,554.9,548.1,552.55,812462
2014-12-31,552.0,556.5,550.2,555.2,670545
2015-01-01,552.55,554.4,550.5,552.4,202978
2015-01-02,553.4,560.25,553.0,557.3,787304
2015-01-05,557.05,565.0,555.5,558.3,719738
2015-01-06,555.0,556.4,542.1,545.25,2324381
2015-01-07,543.2,545.0,538.35,541.1,1557297
2015-01-08,556.15,558.9,543.2,545.0,1461025
2015-01-09,549.2,560.0,543.25,553.5,2547585
2015-01-12,550.0,559.0,547.7,556.05,829086
2015-01-13,557.1,566.7,555.0,563.5,1183627
2015-01-14,566.0,569.5,550.0,551.95,1823224
2015-01-15,560.0,564.0,551.25,559.5,1311267
2015-01-16,560.8,563.4,552.9,555.05,1557128
2015-01-19,591.1,598.5,582.35,584.2,6062665
2015-01-20,586.1,594.0,582.9,590.4,2510737
2015-01-21,589.6,595.0,576.65,588.7,3319015
2015-01-22,590.0,597.7,584.7,594.55,3648498
2015-01-23,599.2,604.0,590.25,601.8,3614595
2015-01-27,602.4,605.75,595.0,598.55,2955854
2015-01-28,596.0,612.0,595.75,607.25,3144370
2015-01-29,608.0,614.5,599.8,602.7,2529061
2015-01-30,606.9,610.05,597.15,606.55,1761224
2015-02-02,612.0,627.7,609.0,625.1,2990374
2015-02-03,624.0,628.05,617.75,621.55,1587289
2015-02-04,623.2,629.9,616.25,619.2,1673112
2015-02-05,620.95,643.1,620.9,638.25,2299427
2015-02-06,638.0,654.7,636.0,643.25,2076434
2015-02-09,639.9,650.0,635.6,647.8,1273983
2015-02-10,641.0,652.0,637.35,642.6,2088859
2015-02-11,646.0,649.0,633.15,638.4,2656220
2015-02-12,643.5,653.0,641.25,646.8,1807455
2015-02-13,648.0,663.9,646.8,660.7,1732344
2015-02-16,660.9,667.25,660.0,661.5,959525
2015-02-18,662.0,671.0,655.5,669.0,1133545
2015-02-19,669.0,669.0,655.0,659.5,1384133
2015-02-20,659.5,661.0,647.5,650.0,909333
2015-02-23,650.0,658.0,643.55,649.75,1066850
2015-02-24,652.5,659.8,649.6,653.0,1581301
2015-02-25,653.55,665.6,652.1,663.8,1842951
2015-02-26,663.8,668.9,651.4,657.9,1964702
2015-02-27,657.0,658.6,648.7,654.3,2299617
2015-03-02,660.1,674.4,654.0,664.5,1848683
2015-03-03,665.0,677.0,663.0,672.45,1801839
2015-03-04,672.25,673.75,656.3,659.5,1630010
2015-03-05,659.9,669.9,655.25,667.8,1352490
2015-03-09,667.0,667.0,656.05,660.1,1423829
2015-03-10,651.0,661.8,645.0,654.3,1749075
2015-03-11,657.55,677.6,650.5,654.75,2285766
2015-03-12,655.8,656.95,646.5,655.3,1176692
2015-03-13,658.4,658.4,631.95,639.25,1876432
2015-03-16,641.2,650.95,636.6,646.25,1653857
2015-03-17,650.0,651.4,639.25,643.4,1478033
2015-03-18,647.0,648.0,628.75,631.4,1673555
2015-03-19,637.7,642.7,632.5,635.05,1471576
2015-03-20,638.7,656.7,636.65,652.65,2257073
2015-03-23,652.7,660.5,641.2,645.1,1149989
2015-03-24,645.0,658.5,643.1,652.25,1314563
2015-03-25,651.0,663.95,646.55,661.1,1098652
2015-03-26,657.9,657.9,625.2,631.9,2292616
2015-03-27,639.7,641.6,608.55,612.15,2559929
2015-03-30,620.0,624.95,616.2,623.4,1277713
2015-03-31,623.05,634.6,618.2,628.85,1689533
2015-04-01,623.4,636.45,620.2,633.2,1191542
2015-04-06,628.95,628.95,617.4,621.15,1476030
2015-04-07,623.4,627.9,609.15,615.05,1854541
2015-04-08,614.0,623.0,613.1,616.3,1788943
2015-04-09,621.5,624.3,612.05,617.15,1321860
2015-04-10,620.25,621.9,614.55,617.7,1075974
2015-04-13,618.9,625.75,614.85,624.2,866150
2015-04-15,623.0,623.0,600.75,606.65,1371735
2015-04-16,607.0,608.2,590.05,601.95,2451912
2015-04-17,596.05,596.7,585.0,586.85,1564242
2015-04-20,586.85,591.05,570.5,575.4,1485403
2015-04-21,568.0,588.4,550.55,578.15,3946681
2015-04-22,562.0,563.25,542.0,544.55,6270181
2015-04-23,548.95,548.95,532.55,534.25,3043814
2015-04-24,535.55,538.65,512.5,523.2,3565799
2015-04-27,528.6,535.75,518.15,533.8,1840543
2015-04-28,533.0,537.55,525.0,532.25,3071168
2015-04-29,533.0,546.7,530.2,541.65,2817203
2015-04-30,537.05,542.05,533.75,538.6,3178167
2015-05-04,539.1,544.6,534.55,541.15,987086
2015-05-05,545.05,548.35,541.25,544.9,1617499
2015-05-06,543.75,543.75,529.45,532.35,2779652
2015-05-07,531.0,542.7,525.1,538.15,2274572
2015-05-08,541.1,544.5,536.1,540.5,1556955
2015-05-11,542.95,544.3,537.1,541.5,2101092
2015-05-12,542.5,544.4,530.65,533.85,1432110
2015-05-13,535.0,543.4,529.65,542.25,1504313
2015-05-14,542.8,542.8,533.05,536.5,1025608
2015-05-15,536.0,541.6,535.0,538.45,1010864
2015-05-18,539.0,545.0,535.4,544.25,1064875
2015-05-19,545.0,554.75,543.6,552.6,2316793
2015-05-20,554.75,564.9,552.65,564.0,1471459
2015-05-21,566.0,566.1,558.5,564.25,1459842
2015-05-22,560.55,562.9,554.6,560.5,1983773
2015-05-25,561.0,565.5,557.5,563.1,1552433
2015-05-26,560.55,563.8,556.1,558.25,1204749
2015-05-27,556.25,557.7,546.05,552.35,1677377
2015-05-28,553.5,557.7,541.25,554.55,2317827
2015-05-29,554.6,565.0,554.6,561.7,3310309
2015-06-01,560.0,567.95,558.75,563.55,836468
2015-06-02,561.95,562.0,546.05,548.8,1017819
2015-06-03,550.25,558.25,544.05,545.6,1863451
2015-06-04,547.0,560.9,547.0,552.7,2328406
2015-06-05,554.3,564.95,550.6,555.8,1696683
2015-06-08,555.8,561.7,550.5,555.0,1138456
2015-06-09,553.2,557.35,540.6,543.55,1192589
2015-06-10,542.5,566.95,541.7,562.75,1784344
2015-06-11,565.0,566.0,543.05,546.05,1997726
2015-06-12,546.05,554.4,529.0,537.35,2215415
2015-06-15,536.0,548.0,531.85,540.9,1032846
2015-06-16,543.0,546.45,535.05,540.3,1128789
2015-06-17,542.0,553.95,541.1,546.55,1365147
2015-06-18,547.5,560.4,544.7,556.1,1786565
2015-06-19,558.45,577.75,556.8,561.55,5166628
2015-06-22,559.9,563.55,553.05,560.2,1515199
2015-06-23,564.0,564.0,555.0,557.4,1067772
2015-06-24,558.0,568.0,557.0,565.4,1423531
2015-06-25,563.5,563.9,549.75,552.15,2199982
2015-06-26,554.1,561.35,554.1,558.65,782109
2015-06-29,553.1,554.95,542.25,552.4,839478
2015-06-30,552.0,554.55,545.0,546.7,1570104
2015-07-01,544.05,556.0,541.25,552.75,1204636
2015-07-02,555.95,560.5,549.05,555.75,1005479
2015-07-03,553.4,554.4,548.0,549.55,858561
2015-07-06,544.55,551.75,543.7,550.05,725183
2015-07-07,553.5,562.3,552.7,553.8,780960
2015-07-08,551.1,558.75,549.0,552.75,974247
2015-07-09,552.7,556.45,543.25,544.9,687081
2015-07-10,550.0,554.4,545.55,548.65,1113652
2015-07-13,549.1,562.0,549.1,559.65,905841
2015-07-14,557.5,567.4,555.9,565.4,617609
2015-07-15,568.0,579.8,566.55,577.75,1634304
2015-07-16,578.9,582.0,572.2,575.3,869575
2015-07-17,577.0,579.9,565.2,568.35,943908
2015-07-20,564.0,572.7,562.0,568.6,748362
2015-07-21,567.55,585.1,567.35,576.6,1564475
2015-07-22,580.0,588.6,576.0,584.6,1026549
2015-07-23,587.6,593.8,574.65,589.05,2229413
2015-07-24,583.05,586.0,565.2,566.75,2258511
2015-07-27,565.0,569.75,559.75,561.65,987657
2015-07-28,561.5,562.25,553.5,556.65,1549849
2015-07-29,557.0,568.0,556.95,564.85,1126555
2015-07-30,568.0,569.7,555.7,562.0,1045887
2015-07-31,563.0,572.0,562.95,569.85,1321332
2015-08-03,571.0,575.9,569.0,570.4,647866
2015-08-04,570.9,570.9,557.5,559.85,1459987
2015-08-05,561.25,578.0,559.85,575.35,1068081
2015-08-06,579.0,579.75,569.0,571.6,941807
2015-08-07,571.6,575.9,566.05,569.1,791237
2015-08-10,568.05,573.45,560.1,563.45,722731
2015-08-11,566.0,567.45,555.05,566.15,1251175
2015-08-12,562.25,581.3,562.25,577.75,1373245
2015-08-13,577.55,579.5,565.8,571.2,1033298
2015-08-14,571.2,577.8,566.65,575.25,856542
2015-08-17,575.8,579.0,568.85,575.85,414912
2015-08-18,577.7,587.5,568.5,571.15,1402485
2015-08-19,573.7,586.75,572.0,584.75,1090309
2015-08-20,585.0,586.35,573.75,576.75,1204492
2015-08-21,574.8,577.0,563.7,576.0,1384738
2015-08-24,568.95,574.0,536.1,544.35,2228412
2015-08-25,549.35,551.5,528.3,541.3,2868240
2015-08-26,544.9,556.6,543.1,550.95,2070752
2015-08-27,557.45,557.45,546.6,551.35,2410790
2015-08-28,554.3,565.45,552.35,563.6,1071547
2015-08-31,563.6,575.0,560.7,571.8,1678949
2015-09-01,571.3,572.0,560.0,564.15,1331821
2015-09-02,566.15,569.2,549.2,554.25,1232289
2015-09-03,559.0,568.0,558.55,567.15,616022
2015-09-04,568.0,571.6,547.2,554.0,1486567
2015-09-07,553.9,556.8,544.15,552.1,1070478
2015-09-08,550.3,566.0,550.0,563.6,767654
2015-09-09,566.8,573.55,558.2,561.1,768588
2015-09-10,555.0,559.75,550.35,552.1,1645476
2015-09-11,555.0,562.85,554.8,559.1,765874
2015-09-14,561.0,573.7,559.2,571.65,2003431
2015-09-15,569.0,574.0,566.05,569.9,925819
2015-09-16,573.9,582.0,571.45,580.55,1864071
2015-09-18,580.7,595.0,580.0,592.0,1856046
2015-09-21,589.8,597.0,584.5,592.2,2220138
2015-09-22,592.0,604.25,590.0,595.9,3380258
2015-09-23,589.1,596.4,582.15,590.75,1411719
2015-09-24,594.0,604.9,587.0,603.05,2080264
2015-09-28,602.0,602.0,590.05,592.95,997996
2015-09-29,585.6,597.9,585.0,588.3,1522181
2015-09-30,594.1,598.95,592.0,597.85,1798206
2015-10-01,598.05,613.3,597.35,599.75,3500187
2015-10-05,600.4,609.9,597.1,600.3,1706301
2015-10-06,602.4,610.0,598.2,599.35,1519897
2015-10-07,599.8,599.8,585.0,588.85,934819
2015-10-08,591.6,596.95,585.65,589.8,1102227
2015-10-09,595.7,596.65,585.2,592.35,1349408
2015-10-12,600.0,600.0,582.0,583.95,1060687
2015-10-13,585.0,593.7,583.65,585.35,974152
2015-10-14,582.1,594.45,581.05,582.9,1050171
2015-10-15,587.95,587.95,576.1,577.1,841140
2015-10-16,579.0,582.15,565.6,577.35,916513
2015-10-19,581.9,584.25,571.1,577.55,999500
2015-10-20,579.0,579.9,570.0,571.8,1341904
2015-10-21,574.8,579.5,571.2,577.85,1013401
2015-10-23,573.8,573.8,564.65,567.75,1859286
2015-10-26,570.6,574.3,565.7,569.05,1065369
2015-10-27,570.25,577.4,566.0,575.1,2938919
2015-10-28,574.9,581.25,569.75,578.0,1405681
2015-10-29,579.05,579.9,571.0,574.6,1528155
2015-10-30,572.5,579.05,569.15,572.85,1134312
2015-11-02,573.5,577.35,568.5,575.15,1817822
2015-11-03,575.15,579.65,571.35,574.25,1056986
2015-11-04,577.1,578.95,571.45,573.05,815785
2015-11-05,573.25,574.9,569.35,570.85,614621
2015-11-06,568.25,572.65,566.7,569.95,686204
2015-11-09,563.5,567.0,556.2,560.25,1327976
2015-11-10,560.95,561.8,551.45,556.05,1430715
2015-11-11,558.0,561.0,556.0,556.5,83884
2015-11-13,554.0,555.25,550.4,551.5,623741
2015-11-16,549.9,557.95,542.25,553.5,1110826
2015-11-17,557.0,557.0,551.0,555.85,1465537
2015-11-18,553.5,556.85,551.15,554.35,1230338
2015-11-19,555.45,562.0,552.65,556.75,1006337
2015-11-20,561.7,575.0,558.0,569.7,1853958
2015-11-23,573.95,576.15,567.55,570.1,1111794
2015-11-24,573.2,577.4,562.5,563.85,1020358
2015-11-26,559.0,572.95,559.0,569.5,1926209
2015-11-27,569.5,570.4,564.9,569.95,1338360
2015-11-30,569.0,575.75,567.2,573.3,4168988
2015-12-01,579.2,587.45,579.2,581.95,1725073
2015-12-02,584.8,585.4,576.05,577.75,710176
2015-12-03,585.0,585.0,569.3,572.55,1307704
2015-12-04,572.35,572.35,562.2,569.3,1033750
2015-12-07,571.85,577.4,567.9,576.05,1165015
2015-12-08,574.2,578.9,564.35,566.7,700651
2015-12-09,564.0,573.85,562.55,565.3,791915
2015-12-10,567.05,570.0,559.65,565.1,1127698
2015-12-11,567.0,567.75,560.6,565.9,692121
2015-12-14,563.2,570.0,560.0,567.05,744942
2015-12-15,568.4,570.0,556.4,558.9,1198868
2015-12-16,552.25,558.85,552.25,554.95,2056888
2015-12-17,557.5,558.4,553.1,556.1,1905689
2015-12-18,554.0,557.35,550.45,554.2,2805312
2015-12-21,553.8,559.25,548.5,555.85,1163941
2015-12-22,554.8,557.5,553.0,555.45,1247602
2015-12-23,560.0,560.0,554.0,556.3,791612
2015-12-24,556.5,559.8,554.5,557.2,404033
2015-12-28,555.55,564.0,555.55,561.45,978882
2015-12-29,561.9,568.2,558.95,564.05,800357
2015-12-30,565.9,568.0,556.0,558.1,502172
2015-12-31,558.0,563.4,557.0,559.9,1322771
2016-01-01,559.8,559.8,554.1,556.45,593536
2016-01-04,557.0,560.0,556.0,557.7,643432
2016-01-05,562.0,565.0,554.25,556.9,878912
2016-01-06,557.0,559.8,553.0,555.1,1148164
2016-01-07,553.0,557.45,547.1,549.85,2094055
2016-01-08,552.1,557.85,549.55,555.8,871557
2016-01-11,552.0,553.95,534.4,537.45,1866410
2016-01-12,536.5,551.0,531.2,548.9,1309157
2016-01-13,547.0,551.9,540.45,546.5,672669
2016-01-14,545.0,549.9,536.0,545.25,1094750
2016-01-15,546.6,548.85,537.0,543.1,625158
2016-01-18,537.0,550.8,530.75,547.15,1693486
2016-01-19,548.0,552.0,538.0,542.0,957428
2016-01-20,539.05,551.9,533.2,542.55,1169646
2016-01-21,541.55,555.0,541.55,550.8,1743800
2016-01-22,555.7,555.7,547.1,550.1,833487
2016-01-25,547.9,549.8,543.8,547.05,795530
2016-01-27,550.0,554.95,543.55,552.55,2092598
2016-01-28,553.2,553.7,544.4,547.25,1211162
2016-01-29,548.6,565.7,548.6,562.8,1450233
2016-02-01,565.6,573.9,557.3,568.15,1506973
2016-02-02,570.1,571.55,564.2,567.25,1285343
2016-02-03,566.5,566.5,554.05,557.8,602527
2016-02-04,560.3,561.65,553.7,559.95,1051872
2016-02-05,560.0,565.8,555.4,557.9,1076643
2016-02-08,558.05,560.2,543.3,545.0,822141
2016-02-09,539.9,539.9,534.0,536.25,800236
2016-02-10,536.25,536.65,528.0,531.2,967008
2016-02-11,531.2,532.3,513.1,517.2,988027
2016-02-12,524.8,529.45,508.25,517.3,1799742
2016-02-17,523.0,529.95,517.25,526.95,1080696
2016-02-18,528.1,543.8,528.1,541.3,888820
2016-02-19,541.4,549.5,538.15,547.35,1081601
2016-02-22,547.2,548.1,536.5,542.75,847687
2016-02-23,542.15,543.7,535.6,539.95,944414
2016-02-24,540.1,542.25,530.5,533.95,972998
2016-02-25,534.4,538.75,522.1,533.85,959822
2016-02-26,540.2,541.9,526.7,530.5,984483
2016-02-29,529.0,531.85,507.9,520.25,2079616
2016-03-01,525.0,539.0,523.45,535.45,1725272
2016-03-02,540.0,541.85,530.15,539.55,1790337
2016-03-03,540.15,548.45,535.25,542.7,1220839
2016-03-04,544.9,545.65,535.1,536.95,1600026
2016-03-08,537.7,543.5,534.2,541.45,1551999
2016-03-09,542.0,542.0,533.25,538.15,1986973
2016-03-10,539.05,539.9,532.7,535.85,1212160
2016-03-11,535.8,539.8,535.7,539.0,1118101
2016-03-14,543.0,543.0,536.5,540.85,1041114
2016-03-15,541.5,543.0,528.4,533.2,1947163
2016-03-16,535.1,540.5,530.05,538.45,1888434
2016-03-17,541.6,543.95,535.6,539.2,1844902
2016-03-18,540.55,553.8,540.5,551.25,2533610
2016-03-21,554.4,562.4,541.8,556.45,1104727
2016-03-22,556.5,556.6,551.1,552.85,1482267
2016-03-23,550.1,559.2,545.8,555.75,1442509
2016-03-28,558.55,563.6,549.3,556.15,1457996
2016-03-29,557.0,559.0,548.0,553.15,1503438
2016-03-30,552.7,563.65,551.25,561.95,1478150
2016-03-31,561.85,570.0,557.2,564.25,3875911
2016-04-01,567.0,572.5,557.2,562.15,1379141
2016-04-04,566.9,571.1,563.15,566.25,697336
2016-04-05,566.25,566.6,557.25,559.0,824142
2016-04-06,560.0,562.0,552.75,558.2,1089149
2016-04-07,558.0,560.0,550.35,551.8,608719
2016-04-08,548.0,551.4,546.5,549.55,940527
2016-04-11,549.0,568.6,542.2,565.75,1115536
2016-04-12,565.3,571.75,561.1,569.55,842604
2016-04-13,583.0,591.9,580.55,584.9,2001562
2016-04-18,589.0,594.5,580.2,588.6,2457249
2016-04-20,598.0,607.0,589.6,601.25,4693918
2016-04-21,570.0,575.65,556.85,558.85,5808173
2016-04-22,560.0,562.65,555.1,557.95,2154879
2016-04-25,558.1,561.75,551.1,552.45,1715874
2016-04-26,552.4,558.0,550.2,554.45,1810782
2016-04-27,552.25,561.25,552.25,560.0,898146
2016-04-28,559.5,564.0,551.0,553.1,2719843
2016-04-29,555.0,556.8,548.35,554.35,1280679
2016-05-02,551.0,552.95,545.3,548.5,993077
2016-05-03,549.0,549.75,539.05,543.85,1726951
2016-05-04,542.5,543.4,537.0,540.0,1311959
2016-05-05,539.0,545.3,537.0,543.1,1092135
2016-05-06,546.7,546.7,531.6,533.1,1288204
2016-05-09,532.95,540.1,531.5,539.0,1004280
2016-05-10,538.75,542.1,534.45,538.65,977159
2016-05-11,534.4,539.45,533.1,537.8,723648
2016-05-12,538.0,543.25,535.7,542.3,999034
2016-05-13,542.7,542.7,537.0,539.65,849097
2016-05-16,540.7,543.5,536.2,540.8,1167312
2016-05-17,542.0,542.4,538.05,540.15,1276727
2016-05-18,538.9,540.85,535.0,539.55,1428962
2016-05-19,540.0,543.95,537.25,542.95,1253487
2016-05-20,543.4,547.95,542.5,543.4,882471
2016-05-23,544.0,544.45,538.3,539.85,914192
2016-05-24,539.85,540.4,535.55,537.65,991164
2016-05-25,540.0,546.95,539.0,546.1,1245202
2016-05-26,546.1,548.8,543.0,544.95,1234981
2016-05-27,543.15,551.0,543.0,545.4,1211378
2016-05-30,547.2,552.5,544.45,550.15,1069996
2016-05-31,551.0,552.0,543.35,545.45,2070089
2016-06-01,545.6,555.8,545.6,554.5,1022436
2016-06-02,556.0,558.95,534.45,540.4,2580517
2016-06-03,541.5,543.5,539.0,540.8,1329106
2016-06-06,541.0,541.9,533.4,535.1,1932039
2016-06-07,540.0,541.15,537.2,539.85,1933849
2016-06-08,541.0,545.05,540.0,544.6,1524222
2016-06-09,547.1,547.1,542.2,544.8,1768142
2016-06-10,544.5,547.15,543.0,545.35,1192347
2016-06-13,540.6,544.7,538.85,541.2,652571
2016-06-14,541.2,544.0,540.0,543.1,1050459
2016-06-15,545.8,547.75,542.3,547.05,424356
2016-06-16,545.7,551.0,541.55,549.9,690373
2016-06-17,551.3,554.0,549.0,552.05,1615089
2016-06-20,550.0,558.85,545.1,557.05,1389231
2016-06-21,557.7,562.85,553.4,561.0,989444
2016-06-22,562.05,564.0,559.5,563.15,1385923
2016-06-23,563.0,564.85,559.35,563.7,671251
2016-06-24,553.25,557.75,547.3,555.15,1351887
2016-06-27,554.95,554.95,547.2,548.0,1065940
2016-06-28,544.95,546.75,541.25,542.4,992969
2016-06-29,544.4,557.0,542.0,554.55,936348
2016-06-30,557.7,562.15,555.05,557.95,1459731
2016-07-01,559.75,565.0,557.05,558.9,538677
2016-07-04,562.0,565.0,560.0,561.7,994691
2016-07-05,561.65,569.0,556.05,564.95,905901
2016-07-07,567.0,567.95,557.55,559.6,1427629
2016-07-08,559.6,563.45,555.05,561.65,871571
2016-07-11,565.0,571.0,562.65,568.85,1032957
2016-07-12,566.5,571.9,565.0,570.8,656044
2016-07-13,573.9,577.8,569.8,573.95,1057197
2016-07-14,569.55,573.95,565.5,570.6,508871
2016-07-15,569.9,574.9,553.2,554.5,3427539
2016-07-18,553.5,553.95,544.8,551.95,1647148
2016-07-19,545.0,553.75,544.0,549.25,2789566
2016-07-20,518.0,541.25,518.0,538.85,9520746
2016-07-21,538.9,544.8,538.9,542.0,1444403
2016-07-22,540.0,541.0,535.0,537.75,1374380
2016-07-25,537.7,543.7,535.0,542.85,732852
2016-07-26,542.0,550.75,540.95,546.1,1641039
2016-07-27,546.1,552.75,542.55,549.15,1412829
2016-07-28,547.3,556.75,544.0,553.8,1148900
2016-07-29,552.3,553.0,542.65,545.05,1394086
2016-08-01,545.05,561.75,545.0,557.7,2273195
2016-08-02,558.0,559.0,548.0,549.6,1165562
2016-08-03,548.0,555.15,546.8,547.95,1444485
2016-08-04,547.8,552.0,545.35,548.2,1149770
2016-08-05,545.95,552.5,545.6,547.2,582867
2016-08-08,546.25,552.85,546.25,549.0,1025346
2016-08-09,547.7,552.5,546.3,551.35,876922
2016-08-10,550.0,551.0,540.05,542.65,631833
2016-08-11,540.9,547.55,540.0,543.0,499801
2016-08-12,540.5,549.5,540.5,543.75,780651
2016-08-16,543.75,546.0,534.8,536.5,926075
2016-08-17,536.7,538.15,526.6,527.8,993836
2016-08-18,529.95,530.05,523.2,525.1,909700
2016-08-19,526.9,529.8,519.05,520.1,1031960
2016-08-22,518.0,520.0,514.5,515.5,1016786
2016-08-23,515.25,520.5,515.0,519.6,1154254
2016-08-24,520.1,522.0,517.05,519.65,1047588
2016-08-25,521.0,521.25,502.25,504.0,4837138
2016-08-26,504.0,506.05,488.0,490.0,3318483
2016-08-29,491.0,491.55,477.1,478.8,5095626
2016-08-30,478.9,490.45,478.15,489.45,4531046
2016-08-31,491.8,496.0,486.25,491.65,2811028
2016-09-01,489.7,489.7,481.5,483.95,1988414
2016-09-02,484.0,485.55,479.3,483.6,1614602
2016-09-06,485.0,485.4,480.0,482.9,1592073
2016-09-07,487.8,489.75,480.05,481.75,2147450
2016-09-08,477.0,479.65,470.2,473.95,2229724
2016-09-09,477.6,483.0,474.3,480.65,1896208
2016-09-12,474.8,483.4,472.15,480.4,1887831
2016-09-14,484.5,484.95,475.85,478.05,1842448
2016-09-15,479.8,479.8,474.25,478.45,1814622
2016-09-16,481.3,482.3,478.0,479.4,2310804
2016-09-19,480.0,481.95,476.2,479.95,2118736
2016-09-20,482.5,482.5,478.1,481.05,1092998
2016-09-21,482.95,484.5,480.25,483.85,1625366
2016-09-22,485.0,485.2,479.6,481.75,1431194
2016-09-23,483.25,483.7,479.05,480.2,2306416
2016-09-26,480.4,481.0,476.1,479.3,2238608
2016-09-27,480.35,485.0,479.0,484.2,1852179
2016-09-28,484.4,484.7,480.35,483.7,795943
2016-09-29,483.7,483.95,470.0,472.2,4940828
2016-09-30,473.0,480.0,473.0,478.95,2103183
2016-10-03,480.0,480.1,474.3,478.95,1000629
2016-10-04,479.0,484.95,479.0,481.8,1330496
2016-10-05,481.8,483.15,476.65,479.55,1413444
2016-10-06,480.0,480.6,477.05,478.0,1386753
2016-10-07,478.0,479.7,475.6,476.95,1043681
2016-10-10,477.2,479.75,476.1,477.0,663376
2016-10-13,477.0,479.0,474.4,478.25,1374255
2016-10-14,477.8,481.2,474.3,475.0,1290787
2016-10-17,475.05,475.65,471.6,472.15,1555949
2016-10-18,473.1,484.1,473.0,482.75,1087752
2016-10-19,485.0,496.9,483.75,495.0,2320995
2016-10-20,497.9,501.15,492.2,495.4,1172322
2016-10-21,499.85,501.0,493.3,499.2,1990718
2016-10-24,490.0,490.0,477.6,483.95,3483647
2016-10-25,484.0,484.6,479.2,481.4,3487360
2016-10-26,480.75,480.75,470.55,471.55,1374261
2016-10-27,471.3,473.65,460.0,461.7,1883031
2016-10-28,461.7,466.4,454.1,462.1,2310047
2016-11-01,465.05,466.45,460.0,460.75,710011
2016-11-02,457.7,460.85,452.4,457.9,1410681
2016-11-03,458.0,459.95,446.05,447.6,1510121
2016-11-04,447.75,453.75,444.2,452.5,1227647
2016-11-07,455.0,455.45,448.45,450.0,1337733
2016-11-08,453.0,455.9,446.45,451.75,1296795
2016-11-09,425.0,450.45,408.1,446.9,2167264
2016-11-10,451.15,451.4,440.1,444.95,1559321
2016-11-11,441.9,444.15,434.05,442.35,1966056
2016-11-15,441.5,451.4,439.55,447.95,7069827
2016-11-16,449.0,454.5,442.1,445.3,1655458
2016-11-17,443.1,444.95,433.8,438.4,2076829
2016-11-18,439.95,442.0,432.6,437.15,1080583
2016-11-21,437.5,443.75,437.2,441.8,1670546
2016-11-22,442.0,453.0,439.1,450.4,1104664
2016-11-23,450.4,451.85,442.1,448.9,1266901
2016-11-24,448.45,454.9,446.6,450.75,1382663
2016-11-25,453.0,467.0,451.0,464.75,1279236
2016-11-28,468.0,468.0,455.6,460.6,1150410
2016-11-29,461.4,466.5,460.5,465.15,625064
2016-11-30,465.0,470.95,462.0,465.25,2172696
2016-12-01,469.7,470.95,464.25,468.3,619149
2016-12-02,470.5,471.0,458.5,460.4,757738
2016-12-05,460.0,460.0,453.05,456.65,595522
2016-12-06,456.0,462.85,455.9,457.8,629585
2016-12-07,458.4,459.75,452.0,453.35,589671
2016-12-08,455.0,459.45,454.1,458.6,1049331
2016-12-09,458.1,461.2,456.5,458.1,1018176
2016-12-12,455.0,455.9,451.5,453.55,718375
2016-12-13,456.5,464.05,455.05,463.75,1175447
2016-12-14,464.15,468.35,463.25,466.3,1032733
2016-12-15,460.6,471.9,460.6,466.1,1033371
2016-12-16,466.3,470.15,459.95,463.5,1653535
2016-12-19,462.75,466.5,462.45,463.55,777104
2016-12-20,466.9,469.9,461.65,466.65,812684
2016-12-21,468.5,470.5,461.2,462.45,1028742
2016-12-22,462.6,466.2,459.3,461.7,808616
2016-12-23,464.65,465.0,455.4,458.75,672211
2016-12-26,458.4,460.5,453.3,456.1,621902
2016-12-27,455.0,466.0,454.1,465.2,553523
2016-12-28,466.0,475.45,465.05,469.35,1191369
2016-12-29,469.0,477.0,464.05,472.35,2045230
2016-12-30,473.65,476.5,471.05,474.45,521181
2017-01-02,475.05,478.4,470.5,471.55,461428
2017-01-03,473.0,474.1,465.7,467.0,691301
2017-01-04,467.0,477.6,466.1,475.6,1134495
2017-01-05,477.1,485.9,477.1,480.4,978187
2017-01-06,478.5,480.1,469.0,469.95,1571573
2017-01-09,469.0,474.45,461.8,472.0,735422
2017-01-10,472.6,478.85,471.25,476.5,661572
2017-01-11,477.9,481.5,475.0,476.2,845068
2017-01-12,476.0,484.25,474.25,483.2,701527
2017-01-13,485.1,486.45,480.35,484.65,810523
2017-01-16,482.9,487.7,479.8,484.75,605125
2017-01-17,485.35,487.7,480.5,482.4,552927
2017-01-18,482.4,487.0,480.0,482.95,536929
2017-01-19,483.4,484.45,475.25,479.0,897240
2017-01-20,476.55,479.8,475.0,477.9,764479
2017-01-23,472.55,484.3,471.75,479.75,1145339
2017-01-24,482.65,483.0,476.0,481.5,735219
2017-01-25,482.0,484.0,471.2,473.7,2044971
2017-01-27,469.5,473.7,464.3,465.55,1926030
2017-01-30,464.0,468.0,457.5,465.75,1847613
2017-01-31,465.8,465.8,445.35,458.0,2742827
2017-02-01,461.0,461.0,450.0,456.0,1640767
2017-02-02,456.0,457.95,446.1,455.65,1532200
2017-02-03,456.0,459.6,454.1,457.75,877960
2017-02-06,458.65,462.8,454.5,461.1,1237410
2017-02-07,462.0,462.0,455.55,458.55,836207
2017-02-08,458.35,465.15,457.1,460.5,1313945
2017-02-09,458.3,466.85,457.35,466.0,988901
2017-02-10,467.35,472.2,464.4,469.25,767522
2017-02-13,468.0,476.0,467.25,474.45,848151
2017-02-14,477.15,477.7,472.2,476.7,866074
2017-02-15,476.55,479.3,468.6,474.7,1057592
2017-02-16,473.0,481.9,473.0,480.8,1062565
2017-02-17,482.0,483.65,474.05,475.35,789505
2017-02-20,475.0,477.4,473.05,475.65,572727
2017-02-21,475.0,480.75,474.15,475.8,1280515
2017-02-22,475.1,477.55,470.2,474.5,1042271
2017-02-23,474.5,489.25,471.55,486.1,1630100
2017-02-27,480.0,492.6,479.65,489.75,1411538
2017-02-28,490.0,492.2,487.05,488.8,1012714
2017-03-01,488.0,495.15,485.8,488.55,1017432
2017-03-02,494.0,495.45,488.1,490.2,1016827
2017-03-03,490.8,495.65,487.2,493.85,740118
2017-03-06,491.3,492.65,488.6,491.9,589369
2017-03-07,493.5,499.6,491.9,495.15,1650203
2017-03-08,494.65,496.2,489.3,495.1,574626
2017-03-09,493.0,493.0,483.35,484.5,704895
2017-03-10,485.1,488.95,483.6,487.05,546451
2017-03-14,490.0,504.6,489.4,501.35,1228734
2017-03-15,505.7,505.9,492.4,494.8,1801427
2017-03-16,497.3,502.9,495.0,500.55,1659167
2017-03-17,504.0,507.0,498.95,504.25,1664216
2017-03-20,504.0,504.25,495.2,497.5,703478
2017-03-21,493.1,502.0,493.1,498.65,1115886
2017-03-22,493.5,503.4,492.0,500.55,1991266
2017-03-23,503.0,512.0,500.9,510.0,2798039
2017-03-24,509.45,514.0,509.45,513.25,1511636
2017-03-27,508.35,512.45,502.8,504.0,981134
2017-03-28,505.0,511.0,502.7,507.55,623110
2017-03-29,508.45,513.9,502.2,512.25,1008883
2017-03-30,510.75,518.7,506.4,515.95,2679436
2017-03-31,512.2,517.65,509.8,515.7,1511559
2017-04-03,516.45,516.5,505.65,507.1,780054
2017-04-05,506.0,512.0,502.1,510.65,1219278
2017-04-06,507.1,515.55,506.45,514.7,1496305
2017-04-07,513.4,513.5,508.9,511.9,2286934
2017-04-10,514.95,517.8,502.5,504.4,2587277
2017-04-11,503.8,511.4,500.2,510.15,1181999
2017-04-12,509.7,509.85,499.3,500.75,1360936
2017-04-13,500.75,503.95,492.3,495.4,1814019
2017-04-17,495.75,495.75,490.1,492.3,1462174
2017-04-18,491.0,497.75,490.6,494.0,1178496
2017-04-19,497.5,499.55,490.3,498.25,1226899
2017-04-20,498.0,505.1,496.05,499.75,942309
2017-04-21,500.0,503.4,483.0,491.25,1583588
2017-04-24,487.4,495.0,484.6,491.55,1291379
2017-04-25,493.5,500.0,489.15,494.3,2207008
2017-04-26,503.0,512.5,488.6,490.85,11346384
2017-04-27,493.9,498.15,488.4,496.05,3724520
2017-04-28,497.0,497.7,490.05,494.25,2266250
2017-05-02,496.15,497.95,493.6,494.9,1044093
2017-05-03,498.1,499.7,494.25,496.45,762259
2017-05-04,497.15,501.3,493.9,499.95,759174
2017-05-05,499.7,501.0,496.35,499.3,510545
2017-05-08,500.0,504.3,496.1,502.3,937883
2017-05-09,504.0,509.75,500.55,508.9,1421594
2017-05-10,507.4,510.15,498.65,499.65,836075
2017-05-11,502.85,505.75,500.4,504.65,636337
2017-05-12,505.65,507.8,504.2,507.05,1130832
2017-05-15,510.0,510.0,501.65,506.3,665563
2017-05-16,505.5,516.2,505.5,515.35,1340034
2017-05-17,517.0,517.5,508.0,510.55,1380493
2017-05-18,506.95,527.85,505.8,525.4,3210684
2017-05-19,527.0,527.85,518.05,519.75,955803
2017-05-22,521.7,523.35,506.55,521.2,1074951
2017-05-23,522.0,529.0,520.2,526.4,1637877
2017-05-24,527.7,532.2,519.85,525.0,1244436
2017-05-25,525.65,538.7,525.65,536.45,3768770
2017-05-26,534.0,544.9,531.6,539.0,1456096
2017-05-29,539.0,539.05,530.0,534.6,593802
2017-05-30,530.0,540.0,529.4,536.15,1244509
2017-05-31,537.55,540.0,533.0,535.5,2933063
2017-06-01,535.45,545.0,534.6,541.15,797029
2017-06-02,543.05,553.9,540.8,551.65,1205264
2017-06-05,551.55,557.9,546.55,555.55,1806370
2017-06-06,556.0,568.0,551.55,560.55,2071865
2017-06-07,560.2,561.5,535.25,549.4,2580416
2017-06-08,549.9,553.0,541.65,545.9,1500337
2017-06-09,544.05,544.05,531.6,536.95,1759615
2017-06-12,535.6,535.6,520.65,526.35,2324265
2017-06-13,260.0,266.7,256.75,259.0,3354767
2017-06-14,261.3,261.3,252.3,256.1,3030195
2017-06-15,260.0,261.9,255.05,260.85,3119177
2017-06-16,260.1,263.1,252.8,255.25,3011359
2017-06-19,256.0,257.9,253.35,254.55,1459377
2017-06-20,255.0,256.35,253.5,254.25,773797
2017-06-21,254.25,256.5,252.0,255.9,1835890
2017-06-22,256.0,258.85,253.2,255.05,1441215
2017-06-23,254.0,259.9,253.0,256.85,2269483
2017-06-27,255.5,258.05,253.45,256.55,3577687
2017-06-28,258.0,259.4,254.25,258.4,1668027
2017-06-29,260.0,260.9,256.05,259.3,4854364
2017-06-30,256.8,260.85,256.2,258.35,2715958
2017-07-03,260.0,260.4,252.0,259.6,2089768
2017-07-04,258.0,260.95,255.0,260.0,2200628
2017-07-05,260.0,260.4,256.45,257.8,1886501
2017-07-06,257.8,260.05,255.85,257.75,1649570
2017-07-07,255.1,258.25,255.0,257.7,1458678
2017-07-10,260.0,268.95,257.0,268.25,667432
2017-07-11,266.2,273.5,262.1,263.2,4060405
2017-07-12,263.7,265.8,261.3,263.8,1189091
2017-07-13,263.9,265.85,261.45,264.05,1624316
2017-07-14,264.15,264.95,259.0,259.85,2454505
2017-07-17,266.4,274.0,264.55,266.85,7769247
2017-07-18,267.3,272.65,266.5,269.0,2753504
2017-07-19,270.0,272.05,267.3,271.1,2973058
2017-07-20,270.75,274.25,268.25,269.15,2676624
2017-07-21,283.9,290.9,280.25,286.05,16392253
2017-07-24,290.2,293.5,289.25,291.55,6554857
2017-07-25,292.85,292.95,289.0,289.55,3372477
2017-07-26,290.0,291.5,287.8,289.35,2970592
2017-07-27,290.0,293.25,287.25,289.7,5905630
2017-07-28,290.0,290.85,287.9,289.05,2433017
2017-07-31,290.0,290.5,287.4,288.45,2550406
2017-08-01,289.0,295.95,289.0,294.8,4035172
2017-08-02,294.0,297.7,293.0,293.8,2426114
2017-08-03,294.7,295.4,288.6,289.1,3645825
2017-08-04,289.8,293.2,289.0,289.4,2548522
2017-08-07,289.6,289.9,287.1,287.75,1470499
2017-08-08,291.3,291.55,284.9,287.4,2729913
2017-08-09,287.1,288.55,285.9,286.5,1089850
2017-08-10,286.0,289.45,285.75,288.15,2708344
2017-08-11,288.0,294.55,287.7,289.7,3549897
2017-08-14,290.05,290.9,287.25,288.5,1609558
2017-08-16,289.4,290.1,288.0,289.95,2011284
2017-08-17,290.9,291.0,288.0,288.35,2637344
2017-08-18,288.05,291.0,287.9,288.1,2980838
2017-08-21,289.35,291.2,287.3,287.7,2855010
2017-08-22,290.5,293.0,288.9,290.25,2714521
2017-08-23,291.1,291.8,289.6,290.0,2333779
2017-08-24,290.45,291.0,288.8,289.4,2780093
2017-08-28,290.0,291.8,289.7,290.7,2143420
2017-08-29,290.8,292.0,290.1,290.75,1759428
2017-08-30,291.45,292.0,290.6,291.2,1837382
2017-08-31,295.0,300.5,294.1,299.1,10344646
2017-09-01,298.0,298.3,295.8,296.45,3200862
2017-09-04,296.95,298.0,295.7,297.3,3007517
2017-09-05,297.4,298.4,296.4,297.25,2920881
2017-09-06,297.0,297.9,296.1,297.2,3091237
2017-09-07,298.0,299.9,297.5,298.95,3341280
2017-09-08,300.0,301.7,298.5,300.5,4517471
2017-09-11,301.4,303.4,300.25,301.15,5353348
2017-09-12,302.1,302.9,297.5,298.1,7841809
2017-09-13,298.1,299.7,295.3,295.9,6631530
2017-09-14,281.5,288.9,281.2,283.45,5813915
2017-09-15,287.0,287.25,281.65,285.75,5625481
2017-09-18,283.5,290.0,283.5,289.3,1822747
2017-09-19,289.3,291.45,287.5,289.25,1708963
2017-09-20,288.85,292.15,286.25,291.9,2142355
2017-09-21,290.6,292.9,289.7,291.9,1857914
2017-09-22,290.65,294.95,290.45,294.45,3036437
2017-09-25,293.2,294.55,290.1,291.9,1342043
2017-09-26,291.0,292.3,289.05,290.25,1552002
2017-09-27,290.65,290.8,287.3,288.3,2288571
2017-09-28,289.65,290.25,284.9,285.9,3991666
2017-09-29,287.25,287.9,279.2,280.25,1588557
2017-10-03,281.4,285.65,280.25,282.95,1286305
2017-10-04,282.9,286.25,281.6,282.75,875598
2017-10-05,283.6,285.0,281.95,283.6,580154
2017-10-06,285.0,287.0,283.75,286.6,1493349
2017-10-09,285.95,287.3,284.55,286.8,506365
2017-10-10,286.8,288.3,285.0,287.0,913273
2017-10-11,286.95,291.85,286.2,290.65,1917664
2017-10-12,291.0,295.0,289.9,293.45,1728000
2017-10-13,294.55,295.75,290.8,291.9,1583494
2017-10-16,291.9,292.45,287.25,290.7,2601918
2017-10-17,292.0,292.65,286.15,289.85,3690358
2017-10-18,289.6,299.1,289.6,294.75,5449623
2017-10-19,294.8,294.8,291.1,292.05,277319
2017-10-23,292.7,297.4,292.3,296.9,2799741
2017-10-24,296.45,298.9,295.1,296.8,1492008
2017-10-25,297.3,301.85,296.0,298.9,1726066
2017-10-26,297.8,303.95,297.15,302.3,3776497
2017-10-27,299.4,299.95,295.0,296.95,1229178
2017-10-30,296.3,296.3,292.05,293.25,1428720
2017-10-31,293.25,296.45,292.7,294.05,1082300
2017-11-01,296.0,296.65,293.05,293.55,854059
2017-11-02,293.5,295.7,292.95,293.25,961626
2017-11-03,293.75,295.85,293.6,294.55,790322
2017-11-06,293.9,301.0,293.45,299.85,1453699
2017-11-07,299.85,308.75,298.25,302.25,5685446
2017-11-08,303.75,306.6,301.05,302.4,1970831
2017-11-09,303.0,304.45,299.6,302.5,957389
2017-11-10,302.55,304.0,298.25,302.65,1580252
2017-11-13,300.3,304.4,298.05,298.6,777589
2017-11-14,299.8,300.15,295.45,298.5,1329646
2017-11-15,298.5,299.75,294.1,296.5,1469507
2017-11-16,298.0,299.15,294.7,297.65,1817307
2017-11-17,298.2,298.85,294.5,295.15,1740080
2017-11-20,295.1,296.9,292.4,294.35,1928445
2017-11-21,297.15,298.0,293.15,294.0,2060394
2017-11-22,295.7,295.7,293.0,294.3,1271922
2017-11-23,295.2,295.2,293.1,293.55,676444
2017-11-24,294.4,294.4,291.0,292.7,1608493
2017-11-27,291.25,295.35,291.0,294.8,1048839
2017-11-28,295.0,295.9,293.3,294.85,1503548
2017-11-29,295.0,299.2,293.5,298.65,2525804
2017-11-30,299.35,300.45,289.35,291.9,6849560
2017-12-01,292.0,293.85,288.05,289.4,1428280
2017-12-04,286.95,291.1,282.75,289.95,3296492
2017-12-05,288.6,288.6,282.7,283.45,1858587
2017-12-06,283.3,284.45,280.6,282.5,2159973
2017-12-07,283.55,284.75,280.0,281.2,2524500
2017-12-08,282.7,286.0,281.6,282.9,1816424
2017-12-11,284.2,290.0,284.2,289.4,1547204
2017-12-12,290.5,291.35,285.2,287.8,1242956
2017-12-13,288.4,289.45,285.25,287.2,1091782
2017-12-14,288.4,290.5,282.35,288.6,1265680
2017-12-15,288.6,290.75,286.7,289.7,1849115
2017-12-18,287.0,297.75,284.25,295.8,2583941
2017-12-19,295.0,296.95,290.55,292.4,3818939
2017-12-20,294.85,298.5,292.4,296.5,2655605
2017-12-21,295.8,299.0,294.4,297.75,1391731
2017-12-22,298.0,303.4,296.05,301.6,1758584
2017-12-26,301.25,307.0,298.15,302.9,1855536
2017-12-27,303.9,308.0,300.05,306.6,1815733
2017-12-28,305.9,309.9,302.5,308.0,5047272
2017-12-29,305.4,316.4,303.0,314.25,3776248
2018-01-01,311.5,320.0,309.45,316.55,3350397
2018-01-02,315.85,324.0,314.45,318.7,2874518
2018-01-03,320.4,320.4,308.75,309.95,2197677
2018-01-04,310.1,313.0,307.45,311.65,1464584
2018-01-05,313.0,313.9,307.7,309.55,1613205
2018-01-08,310.0,312.9,309.1,311.15,1785248
2018-01-09,312.6,320.0,306.4,317.2,4575572
2018-01-10,316.4,327.85,315.1,326.7,3811138
2018-01-11,323.55,326.05,319.0,321.1,2116462
2018-01-12,321.0,323.75,317.2,318.8,3162664
2018-01-15,318.85,324.25,313.4,315.0,1195210
2018-01-16,316.9,334.0,316.0,331.95,6166445
2018-01-17,333.0,333.5,325.0,325.7,3042506
2018-01-18,327.0,328.25,322.15,325.35,1770781
2018-01-19,327.0,330.0,320.5,328.95,1608101
2018-01-22,317.0,328.95,317.0,321.55,4572569
2018-01-23,322.1,322.95,313.4,315.25,3230027
2018-01-24,316.5,323.4,312.2,313.95,6578273
2018-01-25,315.7,318.0,308.75,311.95,8298689
2018-01-29,314.1,316.1,309.6,311.15,3523977
2018-01-30,309.55,312.3,304.7,307.3,2279998
2018-01-31,306.1,308.95,301.55,304.7,2823913
2018-02-01,305.05,309.1,300.0,300.75,2202328
2018-02-02,299.3,302.45,295.2,300.6,2517624
2018-02-05,298.0,305.55,295.95,298.75,2194146
2018-02-06,291.7,296.15,290.1,294.65,2433492
2018-02-07,298.2,298.2,288.0,289.35,2498537
2018-02-08,290.1,294.65,287.05,289.8,5297067
2018-02-09,289.0,289.0,284.0,285.0,3151977
2018-02-12,287.9,290.95,285.9,288.95,2520859
2018-02-14,290.0,296.75,289.55,293.45,3023672
2018-02-15,295.6,295.6,290.45,292.5,1655650
2018-02-16,292.95,295.9,290.05,291.0,3078393
2018-02-19,293.0,293.0,288.8,289.95,1657827
2018-02-20,290.0,293.25,289.1,291.45,3435235
2018-02-21,294.0,294.85,290.55,292.2,5155603
2018-02-22,292.9,294.25,291.05,292.65,4814439
2018-02-23,295.5,295.95,292.3,295.0,3667414
2018-02-26,294.8,295.7,290.4,291.6,5032102
2018-02-27,292.45,294.35,291.15,291.75,3925139
2018-02-28,293.0,293.8,289.0,292.8,5146717
2018-03-01,292.8,294.1,291.2,292.5,4085785
2018-03-05,293.6,293.75,289.8,290.95,3748745
2018-03-06,291.25,291.95,286.15,286.95,4726588
2018-03-07,288.45,290.85,284.3,285.35,1825628
2018-03-08,286.45,287.75,283.15,285.2,2020258
2018-03-09,285.0,287.9,284.1,285.05,1005546
2018-03-12,286.3,292.0,286.1,290.7,1746849
2018-03-13,292.5,299.4,292.5,296.6,3204842
2018-03-14,295.0,296.6,293.0,293.85,2080252
2018-03-15,295.45,302.0,292.0,293.4,4942929
2018-03-16,295.0,297.15,291.05,295.75,4834160
2018-03-19,293.55,296.5,286.6,288.65,1486227
2018-03-20,286.9,295.2,284.65,293.6,3024209
2018-03-21,294.5,296.3,291.2,295.25,3143562
2018-03-22,293.8,295.0,287.15,288.45,1888816
2018-03-23,284.05,287.6,283.05,284.65,3289391
2018-03-26,284.6,285.6,272.35,274.0,7029093
2018-03-27,278.95,280.8,273.25,274.05,5339857
2018-03-28,274.0,283.5,273.0,281.15,5194922
2018-04-02,283.5,290.8,278.8,289.65,2453933
2018-04-03,287.3,287.35,283.05,283.9,1612729
2018-04-04,285.0,286.5,280.0,281.6,1634266
2018-04-05,283.0,286.7,283.0,286.25,1055111
2018-04-06,286.0,286.0,283.3,283.95,675853
2018-04-09,284.7,286.05,283.25,285.05,1119910
2018-04-10,280.6,288.4,277.75,286.0,4377685
2018-04-11,288.0,289.2,283.85,285.7,1300675
2018-04-12,286.3,290.5,285.1,286.85,2246208
2018-04-13,289.5,294.95,286.85,294.15,3184290
2018-04-16,289.0,294.0,287.45,289.9,2346056
2018-04-17,288.1,288.8,283.3,284.75,2195268
2018-04-18,288.2,293.8,286.5,292.65,2650004
2018-04-19,293.0,293.8,289.65,292.45,957095
2018-04-20,294.8,300.0,293.9,298.05,3351507
2018-04-23,299.8,301.0,293.8,297.35,3997685
2018-04-24,294.4,295.65,286.15,286.95,3541285
2018-04-25,287.9,293.8,283.15,287.15,6448168
2018-04-26,275.0,283.0,274.0,281.35,9581301
2018-04-27,276.4,279.3,274.35,276.15,2444786
2018-04-30,276.15,282.35,276.1,278.75,2118289
2018-05-02,279.0,279.0,274.35,275.55,2383103
2018-05-03,275.0,275.75,269.55,271.45,3356041
2018-05-04,272.5,272.65,264.05,269.9,3096047
2018-05-07,270.0,275.65,267.2,274.75,1974705
2018-05-08,275.2,275.95,270.0,272.75,1957943
2018-05-09,273.0,274.4,269.6,270.25,1937183
2018-05-10,270.9,271.6,268.4,270.45,1803318
2018-05-11,271.5,273.6,268.3,272.65,1525070
2018-05-14,271.4,273.95,270.0,272.35,1539271
2018-05-15,272.8,273.85,268.15,271.0,1688107
2018-05-16,270.9,278.95,270.0,274.7,3155210
2018-05-17,275.0,280.8,274.35,278.35,2606144
2018-05-18,276.5,276.5,268.05,268.9,4816593
2018-05-21,269.1,269.45,264.1,264.85,3045146
2018-05-22,264.0,266.95,263.1,264.95,1487525
2018-05-23,265.55,265.7,262.6,263.45,3525447
2018-05-24,264.1,266.0,261.95,264.35,2350421
2018-05-25,265.0,265.65,263.65,264.6,2349381
2018-05-28,262.65,264.75,262.65,263.3,1174145
2018-05-29,261.65,264.5,261.65,263.0,1788224
2018-05-30,262.9,263.45,258.55,260.85,2924795
2018-05-31,261.8,264.5,258.0,261.9,5148537
2018-06-01,262.95,264.5,259.05,260.6,1425020
2018-06-04,261.45,262.45,258.05,260.15,1583746
2018-06-05,260.2,262.0,254.0,255.25,2464517
2018-06-06,257.15,260.5,253.5,259.25,1904820
2018-06-07,258.05,265.85,258.05,264.6,2002310
2018-06-08,264.6,265.0,262.5,264.0,1884800
2018-06-11,264.5,266.25,263.25,264.4,2077925
2018-06-12,266.75,269.15,265.55,266.45,2274737
2018-06-13,269.0,270.0,266.85,268.8,1537840
2018-06-14,267.15,269.1,264.65,266.4,2336679
2018-06-15,268.75,268.75,265.0,266.9,4835437
2018-06-18,269.0,269.0,263.9,265.75,3119539
2018-06-19,265.95,265.95,260.1,261.0,3667556
2018-06-20,261.3,262.55,258.35,259.7,1921955
2018-06-21,261.0,261.3,257.1,258.65,3815401
2018-06-22,258.75,259.6,255.0,258.25,2612052
2018-06-25,257.9,261.25,256.0,257.5,1639454
2018-06-26,257.5,259.95,256.15,257.6,1983623
2018-06-27,259.1,259.9,254.2,256.05,3198964
2018-06-28,256.4,258.95,255.7,257.1,3904763
2018-06-29,259.0,262.5,255.0,261.5,3619783
2018-07-02,260.7,262.25,258.1,260.6,3770856
2018-07-03,261.45,262.8,258.55,261.9,3934114
2018-07-04,262.05,262.55,258.1,261.95,3834319
2018-07-05,262.5,264.8,260.15,264.1,4677308
2018-07-06,263.0,264.4,261.5,262.8,2842723
2018-07-09,263.3,265.25,262.15,264.95,2187251
2018-07-10,266.0,272.3,263.7,270.6,4965837
2018-07-11,272.95,274.8,269.4,272.1,3958697
2018-07-12,272.45,281.5,269.85,279.45,4462606
2018-07-13,279.8,289.8,278.25,280.85,7734425
2018-07-16,279.25,287.0,278.85,283.1,4703923
2018-07-17,283.0,288.95,281.75,283.9,5426840
2018-07-18,286.0,287.3,283.65,284.8,2297219
2018-07-19,286.0,288.35,281.6,285.8,2787897
2018-07-20,287.5,290.6,280.5,283.0,5237399
2018-07-23,282.5,282.5,263.35,276.45,8843493
2018-07-24,278.2,278.5,269.2,272.95,3459105
2018-07-25,275.0,276.7,272.6,274.7,2486066
2018-07-26,273.4,275.1,269.65,271.4,4333086
2018-07-27,272.0,275.5,272.0,274.5,1811083
2018-07-30,273.8,274.0,269.5,273.15,2727347
2018-07-31,273.5,277.25,271.2,276.4,2788567
2018-08-01,276.0,278.5,273.7,277.35,1582340
2018-08-02,277.0,280.8,274.6,279.1,3003757
2018-08-03,280.45,280.45,277.1,278.0,1636066
2018-08-06,279.0,279.7,275.25,277.05,1702524
2018-08-07,275.6,279.5,275.6,277.45,1722163
2018-08-08,279.45,279.45,274.4,278.5,1432933
2018-08-09,278.1,280.35,275.55,278.7,2395696
2018-08-10,279.9,279.9,276.5,278.85,1349318
2018-08-13,278.0,284.45,277.5,281.85,2430428
2018-08-14,285.0,287.0,281.0,285.05,1965719
2018-08-16,285.0,285.0,278.05,279.45,2255730
2018-08-17,279.4,281.0,277.45,280.05,2728968
2018-08-20,280.8,286.4,280.0,285.05,1609461
2018-08-21,284.85,294.5,284.0,288.95,6071109
2018-08-23,290.0,293.1,288.4,289.75,2729236
2018-08-24,288.7,294.85,286.9,292.15,4225138
2018-08-27,292.0,297.3,291.05,295.85,2554272
2018-08-28,296.75,298.0,294.1,295.6,1519200
2018-08-29,296.55,297.55,293.1,296.75,1607049
2018-08-30,297.5,300.0,294.0,298.95,3400412
2018-08-31,300.0,306.5,299.5,301.25,6782746
2018-09-03,327.0,327.0,306.3,308.35,25734670
2018-09-04,310.45,315.0,309.3,313.35,8185732
2018-09-05,314.55,320.0,314.5,318.85,11576807
2018-09-06,320.0,322.5,318.0,321.2,10096625
2018-09-07,321.9,328.25,319.1,324.7,8602776
2018-09-11,326.95,328.0,323.15,323.95,4766569
2018-09-14,328.75,333.0,324.2,330.2,4276779
2018-09-17,332.25,336.0,328.1,329.9,4632353
2018-09-18,329.4,333.55,325.0,332.55,2718255
2018-09-19,333.4,333.55,327.05,332.7,2924075
2018-09-21,331.9,337.9,328.0,335.2,6637721
2018-09-24,330.25,338.0,330.25,332.7,3740868
2018-09-25,333.0,334.9,326.25,328.3,3389131
2018-09-26,328.2,328.95,316.4,319.25,7864825
2018-09-27,321.9,323.65,316.7,318.95,17997289
2018-09-28,319.0,326.65,315.4,324.0,6912444
2018-10-01,324.0,332.45,323.0,330.15,4079726
2018-10-03,329.35,330.0,322.5,327.5,3581472
2018-10-04,325.1,330.4,321.6,325.65,4611187
2018-10-05,324.8,327.95,321.2,325.3,3351631
2018-10-08,321.4,323.4,312.7,317.5,3549522
2018-10-09,317.0,322.8,311.7,321.65,3724535
2018-10-10,320.4,320.75,310.15,315.95,3661605
2018-10-11,308.0,315.45,304.85,313.05,2676772
2018-10-12,316.15,319.95,309.5,316.3,3360276
2018-10-15,317.35,322.05,314.15,319.95,3128553
2018-10-16,320.0,320.7,316.1,319.05,3120343
2018-10-17,322.7,329.1,316.5,323.15,4740737
2018-10-19,323.35,326.1,317.5,323.15,2644369
2018-10-22,324.6,327.25,320.0,322.2,1815802
2018-10-23,318.9,320.25,305.1,309.1,3816253
2018-10-24,309.2,311.65,300.0,308.8,4679957
2018-10-25,296.0,323.15,296.0,318.55,14176566
2018-10-26,318.8,322.5,316.0,320.6,4427137
2018-10-29,319.0,332.2,316.65,329.5,2475139
2018-10-30,329.0,334.65,325.65,327.5,3705132
2018-10-31,328.2,333.75,322.1,331.2,3004968
2018-11-01,332.95,332.95,322.5,329.65,2505700
2018-11-02,329.0,331.6,317.05,318.4,3660725
2018-11-05,315.1,325.5,314.1,324.1,2554071
2018-11-06,324.8,326.85,321.1,324.9,2290933
2018-11-07,325.4,327.75,324.55,325.35,142541
2018-11-09,328.0,328.0,317.65,324.85,4623479
2018-11-12,324.75,326.5,321.8,323.35,2586579
2018-11-13,323.5,327.7,321.0,326.15,2288150
2018-11-14,325.0,326.1,318.65,324.55,1831417
2018-11-15,324.15,330.5,321.65,323.15,3353550
2018-11-16,323.5,330.4,323.5,326.2,2728443
2018-11-19,325.5,335.4,321.5,332.85,2817505
2018-11-20,330.9,330.9,320.1,321.3,2590244
2018-11-21,320.0,320.0,313.25,314.15,2603932
2018-11-22,315.0,318.8,306.0,307.1,3089809
2018-11-26,303.4,319.9,302.65,318.45,6996420
2018-11-27,316.85,322.3,311.0,312.05,4296839
2018-11-28,313.95,315.55,309.25,310.3,6347516
2018-11-29,314.0,316.65,309.6,314.9,2922520
2018-11-30,315.05,326.4,313.7,324.65,6371721
2018-12-03,325.0,329.5,323.05,328.25,2668224
2018-12-04,328.25,341.25,325.7,334.95,5971913
2018-12-05,333.0,338.7,328.15,336.45,3849080
2018-12-06,333.25,336.45,329.0,331.65,2337100
2018-12-07,332.8,336.35,324.45,333.3,3474102
2018-12-10,328.3,336.5,325.1,326.6,3198111
2018-12-11,325.4,333.8,324.8,328.0,4423215
2018-12-12,329.8,332.0,327.95,330.05,2635669
2018-12-13,331.0,343.95,329.0,338.65,5148093
2018-12-14,339.0,343.0,332.3,333.1,4797032
2018-12-17,335.95,341.75,334.4,339.6,3435752
2018-12-18,335.25,338.4,332.55,335.05,3699153
2018-12-19,335.05,342.25,331.4,340.7,3741754
2018-12-20,336.25,340.0,332.35,333.25,2408153
2018-12-21,333.2,334.8,320.75,322.1,9828513
2018-12-24,322.7,330.5,321.4,326.7,4231888
2018-12-26,325.7,327.3,319.35,326.15,2355520
2018-12-27,327.8,331.35,324.0,327.45,5072651
2018-12-28,326.2,332.9,325.8,330.05,2229453
2018-12-31,331.0,333.8,329.05,330.85,2136121
2019-01-01,330.75,332.75,325.4,326.65,1513704
2019-01-02,328.8,331.3,323.0,325.55,3308303
2019-01-03,327.0,327.95,323.05,325.5,3542281
2019-01-04,324.5,326.85,319.65,324.45,2405278
2019-01-07,326.1,326.75,322.3,324.25,1903604
2019-01-08,325.0,327.5,322.6,325.55,2084659
2019-01-09,324.55,332.6,324.55,329.0,3927881
2019-01-10,330.8,331.05,323.0,325.75,3099392
2019-01-11,325.6,329.9,323.5,328.7,1598939
2019-01-14,330.05,331.1,311.35,312.55,6913323
2019-01-15,319.0,332.3,315.05,329.8,15070795
2019-01-16,331.8,339.8,329.05,336.55,9896290
2019-01-17,337.0,338.6,331.6,335.4,5289184
2019-01-18,336.0,347.5,333.4,346.15,10091966
2019-01-21,340.0,344.9,333.2,337.8,15621848
2019-01-22,336.8,349.6,336.0,346.5,6681724
2019-01-23,348.65,355.8,348.0,351.55,9937426
2019-01-24,350.2,353.0,346.5,351.75,4230546
2019-01-25,348.25,358.35,348.0,353.45,5236553
2019-01-28,354.35,362.7,354.25,355.15,6899957
2019-01-29,356.0,360.8,353.05,359.4,4620099
2019-01-30,359.0,367.65,358.0,363.25,7408937
2019-01-31,366.0,371.4,363.3,369.2,7694071
2019-02-01,370.1,372.45,363.5,371.55,3366604
2019-02-04,370.0,374.7,368.1,371.25,3143722
2019-02-05,370.0,372.2,365.8,368.45,2456401
2019-02-06,369.15,374.95,368.75,372.2,2179261
2019-02-07,372.0,374.5,369.65,373.6,2243431
2019-02-08,371.5,374.9,368.7,372.7,1400929
2019-02-11,370.9,377.4,369.7,373.05,2972778
2019-02-12,374.15,376.25,368.35,375.0,2977246
2019-02-13,374.8,379.7,373.25,377.45,3297274
2019-02-14,376.4,378.4,373.95,375.1,3074852
2019-02-15,375.25,377.35,370.15,376.1,3522673
2019-02-18,378.8,378.8,370.75,375.6,3480075
2019-02-19,372.55,375.4,362.2,363.45,3064358
2019-02-20,363.2,374.0,361.2,372.2,4410484
2019-02-21,372.8,376.8,370.8,374.55,2573085
2019-02-22,375.0,380.0,373.5,378.75,3194664
2019-02-25,380.8,386.7,379.25,385.4,4678470
2019-02-26,384.5,388.95,381.25,387.65,3802537
2019-02-27,380.25,383.85,372.4,374.4,8009017
2019-02-28,374.9,376.7,366.6,368.9,9428265
2019-03-01,370.9,378.35,365.5,375.7,7036417
2019-03-05,374.0,374.65,362.0,363.6,13515990
2019-03-06,274.4,285.9,273.1,277.45,21507060
2019-03-07,280.0,280.3,267.5,268.85,8100134
2019-03-08,261.1,262.25,256.55,257.7,27344869
2019-03-11,259.0,260.9,257.45,259.75,7354227
2019-03-12,261.0,263.35,260.15,261.35,6290354
2019-03-13,262.5,265.6,256.2,257.9,7219723
2019-03-14,259.35,259.7,255.0,256.85,4489473
2019-03-15,258.0,264.25,257.2,263.45,8720097
2019-03-18,264.75,264.75,256.05,257.6,5748614
2019-03-19,257.8,258.9,255.1,257.45,5051847
2019-03-20,258.4,263.0,258.4,261.55,6114562
2019-03-22,262.45,263.75,258.5,260.55,3198029
2019-03-25,262.0,262.0,256.0,256.5,3373962
2019-03-26,257.1,258.6,253.4,255.0,3850516
2019-03-27,255.2,256.4,253.75,254.55,3357731
2019-03-28,255.9,257.9,254.1,254.75,7104836
2019-03-29,257.1,259.6,254.35,254.8,5241216
2019-04-01,256.0,263.9,255.95,261.65,7066566
2019-04-02,263.4,263.9,259.2,261.65,3706567
2019-04-03,262.4,263.1,258.2,261.65,3769354
2019-04-04,261.0,262.25,254.95,259.05,6419198
2019-04-05,261.0,263.85,259.5,262.1,3614552
2019-04-08,263.7,265.5,260.75,263.7,3637464
2019-04-09,263.5,275.0,263.35,273.8,13991384
2019-04-10,278.0,281.8,275.0,281.0,18530666
2019-04-11,283.5,284.6,280.15,281.3,9441628
2019-04-12,282.4,284.7,281.4,283.4,5789054
2019-04-15,285.0,289.5,284.15,287.7,7067192
2019-04-16,291.35,291.45,278.0,280.9,20367059
2019-04-18,289.0,289.55,280.2,284.8,27425578
2019-04-22,285.5,289.0,285.1,288.25,8412054
2019-04-23,289.7,291.85,286.7,291.1,6177784
2019-04-24,292.05,294.3,290.2,293.05,9149069
2019-04-25,293.05,295.95,292.85,295.2,10390816
2019-04-26,296.4,296.65,293.5,294.8,6196551
2019-04-30,295.0,299.45,295.0,298.55,7339917
2019-05-02,298.55,298.85,292.65,293.65,4539125
2019-05-03,293.5,293.7,288.55,290.9,7408308
2019-05-06,289.9,293.8,289.2,290.85,4304345
2019-05-07,292.65,294.95,290.3,293.85,4353844
2019-05-08,294.25,294.25,290.05,290.85,3952116
2019-05-09,291.8,293.1,290.3,291.05,3748997
2019-05-10,291.5,292.4,290.0,290.35,3066672
2019-05-13,290.5,293.5,288.25,289.1,4281950
2019-05-14,289.0,289.0,283.1,284.6,8370424
2019-05-15,285.5,285.95,282.3,283.0,4315622
2019-05-16,283.85,287.0,283.85,285.35,3595548
2019-05-17,286.5,289.9,285.3,286.4,3356781
2019-05-20,289.5,291.5,287.4,290.25,4183461
2019-05-21,290.6,291.0,286.0,286.9,2514667
2019-05-22,287.0,287.5,281.0,283.1,7650054
2019-05-23,285.6,285.9,281.5,282.2,4856284
2019-05-24,283.9,284.2,280.0,282.9,4927649
2019-05-27,284.0,284.1,280.2,280.5,5450311
2019-05-28,281.0,285.75,279.65,282.95,44137428
2019-05-29,284.5,288.5,283.5,285.7,5505873
2019-05-30,286.0,290.0,285.5,288.0,11575957
2019-05-31,288.15,290.0,285.0,286.4,7324481
2019-06-03,288.5,292.05,287.25,291.3,5853338
2019-06-04,294.0,295.95,290.8,293.75,11081667
2019-06-06,294.0,294.6,291.0,291.5,8600880
2019-06-07,292.5,295.9,292.0,295.05,6784884
2019-06-10,295.75,298.0,295.5,297.1,7481893
2019-06-11,297.0,299.5,296.1,297.7,7234084
2019-06-12,297.5,298.8,296.85,298.0,6222540
2019-06-13,298.0,298.9,297.15,298.4,5002281
2019-06-14,298.75,301.6,298.0,298.8,7965803
2019-06-17,300.0,300.75,298.85,299.15,6178604
2019-06-18,299.5,300.5,296.0,298.0,8401792
2019-06-19,299.0,299.2,292.15,294.05,11902961
2019-06-20,284.05,287.8,282.4,286.95,9560422
2019-06-21,287.0,290.0,284.2,285.85,6477258
2019-06-24,285.5,287.6,283.15,283.9,3171739
2019-06-25,284.0,286.3,281.85,285.3,2809748
2019-06-26,285.15,288.0,284.55,286.15,2331769
2019-06-27,287.35,287.8,280.7,282.1,5089200
2019-06-28,283.8,283.8,280.0,280.5,3149389
2019-07-01,281.6,283.4,280.95,282.0,1735921
2019-07-02,282.45,285.0,281.7,284.25,2609369
2019-07-03,284.9,285.6,282.05,282.85,1258276
2019-07-04,283.0,284.9,282.0,283.85,1628331
2019-07-05,284.0,284.55,271.0,271.85,4585463
2019-07-08,267.75,271.25,266.05,266.9,3574785
2019-07-09,267.5,270.75,264.25,265.5,2620062
2019-07-10,264.7,269.5,263.3,266.95,2780563
2019-07-11,267.5,270.0,266.1,267.75,2691893
2019-07-12,268.0,268.65,258.05,258.95,7595278
2019-07-15,260.0,262.0,255.9,259.9,4747449
2019-07-16,259.0,262.7,256.25,260.0,4861657
2019-07-17,262.0,262.8,258.1,259.6,5818769
2019-07-18,261.0,274.15,259.55,269.1,21027353
2019-07-19,269.1,269.65,263.5,264.7,4229695
2019-07-22,265.6,266.3,262.4,264.8,4419890
2019-07-23,264.9,270.0,263.8,264.5,4680618
2019-07-24,264.5,265.85,262.0,264.2,2249472
2019-07-25,265.45,265.45,261.5,262.25,4991181
2019-07-26,262.2,264.75,260.8,263.6,2719372
2019-07-29,263.0,267.15,260.25,262.4,2882263
2019-07-30,262.9,264.8,261.0,262.3,2415087
2019-07-31,262.5,266.3,260.55,265.3,2849216
2019-08-01,271.5,276.15,268.55,270.4,17651207
2019-08-02,269.9,270.9,261.7,263.65,4978666
2019-08-05,261.15,265.4,260.3,262.0,3832734
2019-08-06,262.0,262.7,257.8,258.9,3953226
2019-08-07,259.0,264.25,259.0,262.55,3996033
2019-08-08,263.0,267.0,261.35,265.75,3625435
2019-08-09,266.0,268.7,262.85,263.5,3530499
2019-08-13,264.9,264.9,258.0,258.5,2190450
2019-08-14,259.8,260.1,250.25,251.05,4353363
2019-08-16,250.0,251.0,245.05,249.2,4972435
2019-08-19,250.3,253.2,250.0,252.1,2770076
2019-08-20,253.3,259.1,252.2,253.3,7965121
2019-08-21,253.5,254.9,251.1,252.4,3413265
2019-08-22,252.0,253.5,248.5,252.05,3369902
2019-08-23,252.95,257.1,249.55,251.4,4896969
2019-08-26,252.4,252.95,247.85,249.1,3264710
2019-08-27,248.7,251.65,247.1,250.1,4022551
2019-08-28,250.1,253.2,248.1,249.25,2681657
2019-08-29,247.05,250.25,247.05,248.8,2719051
2019-08-30,250.1,255.25,249.15,254.4,4184013
2019-09-03,254.1,255.35,252.55,253.65,2205559
2019-09-04,251.5,256.85,251.3,256.05,3303331
2019-09-05,258.9,258.9,254.5,255.6,4405617
2019-09-06,255.35,257.3,248.8,252.0,11436052
2019-09-09,251.4,256.1,250.35,255.6,5790956
2019-09-11,254.0,255.0,247.35,248.15,9799112
2019-09-12,245.7,248.5,244.0,244.55,4664757
2019-09-13,245.0,247.4,243.2,245.35,3810120
2019-09-16,245.1,247.85,244.1,247.1,3975191
2019-09-17,246.95,247.4,243.7,244.15,3164765
2019-09-18,245.4,245.95,243.3,244.3,2526280
2019-09-19,245.25,245.85,240.25,241.5,2568837
2019-09-20,241.9,248.7,240.5,245.95,6196250
2019-09-23,247.7,248.0,236.5,239.35,6776981
2019-09-24,240.9,242.95,239.5,240.7,5768331
2019-09-25,240.5,241.35,238.0,238.8,3604998
2019-09-26,239.2,240.45,236.55,237.1,5388740
2019-09-27,237.4,239.0,235.8,236.6,3191675
2019-09-30,237.0,240.65,235.75,239.8,3298953
2019-10-01,240.0,240.45,232.2,233.5,4377330
2019-10-03,234.2,239.6,232.55,235.85,4785230
2019-10-04,238.0,240.9,236.25,237.7,2975521
2019-10-07,238.05,242.4,236.2,237.05,2223668
2019-10-09,239.25,239.6,236.4,237.75,2278138
2019-10-10,237.75,239.6,235.8,239.2,2067862
2019-10-11,237.0,240.4,236.5,239.45,2658289
2019-10-14,239.8,244.85,238.0,243.45,3592137
2019-10-15,244.95,245.5,239.25,243.65,8551893
2019-10-16,245.9,251.7,244.0,248.9,16285829
2019-10-17,248.9,250.15,246.6,247.85,5162240
2019-10-18,247.85,250.7,247.85,248.9,2764389
2019-10-22,249.0,254.45,247.1,253.55,6273288
2019-10-23,252.8,255.55,250.05,254.35,2674254
2019-10-24,253.9,254.2,249.2,249.6,3917098
2019-10-25,252.05,253.5,248.75,253.0,3265289
2019-10-29,253.65,255.9,252.2,255.2,3191442
2019-10-30,258.0,260.9,253.4,254.75,4059545
2019-10-31,254.0,260.0,253.8,259.3,3496262
2019-11-01,260.2,261.0,256.75,258.6,2530921
2019-11-04,259.3,260.7,255.75,256.6,1920535
2019-11-05,257.3,259.4,254.7,258.5,1584724
2019-11-06,259.0,259.45,256.05,256.85,1627619
2019-11-07,257.0,260.5,256.6,259.65,2126967
2019-11-08,260.15,260.8,255.75,256.4,1539854
2019-11-11,257.2,257.5,253.4,256.45,1902379
2019-11-13,257.3,259.0,252.15,253.1,1861473
2019-11-14,254.0,254.75,251.4,252.75,2898206
2019-11-15,254.0,254.2,251.65,252.55,1212917
2019-11-18,252.5,252.5,248.3,249.45,2878437
2019-11-19,248.2,251.15,247.7,250.4,2030656
2019-11-20,251.75,251.75,248.4,248.9,1494149
2019-11-21,248.4,249.5,247.0,247.55,1744098
2019-11-22,243.3,245.65,242.1,243.1,4091556
2019-11-25,243.05,243.8,241.3,243.0,1891197
2019-11-26,244.2,244.6,236.5,237.55,7690402
2019-11-27,239.0,240.9,238.05,240.05,1947247
2019-11-28,239.95,240.5,238.25,239.8,1599370
2019-11-29,240.05,241.2,236.85,237.7,2666961
2019-12-02,238.25,239.7,235.55,238.6,3629960
2019-12-03,238.5,238.5,235.4,236.8,2865185
2019-12-04,236.6,242.75,236.5,242.2,3335966
2019-12-05,242.7,244.9,241.1,243.7,2613145
2019-12-06,243.7,244.5,240.35,241.0,1367558
2019-12-09,240.8,241.65,238.6,240.4,1207295
2019-12-10,240.4,240.4,237.1,238.15,2205613
2019-12-11,237.65,240.8,236.35,240.05,2387660
2019-12-12,240.35,241.25,238.7,239.45,1405948
2019-12-13,242.0,244.85,240.0,243.85,4311833
2019-12-16,243.9,246.4,242.6,243.15,2842577
2019-12-17,244.25,245.95,243.55,244.75,2211379
2019-12-18,245.85,249.9,245.5,248.3,5299107
2019-12-19,248.6,250.65,247.65,249.2,2484211
2019-12-20,248.0,253.8,247.3,251.8,5211626
2019-12-23,252.8,254.7,251.6,253.85,1850652
2019-12-24,253.0,253.95,251.1,252.25,1544480
2019-12-26,252.0,252.4,249.55,250.3,2026434
2019-12-27,250.0,250.75,246.35,247.55,2511120
2019-12-30,248.45,249.55,246.6,248.95,2166807
2019-12-31,247.7,248.6,245.3,245.8,2164914
2020-01-01,246.5,248.65,246.2,247.7,1413866
2020-01-02,246.6,249.9,246.35,248.3,1443966
2020-01-03,249.5,252.7,247.35,251.1,3381404
2020-01-06,251.0,254.45,250.15,252.15,4566695
2020-01-07,253.25,256.35,250.2,255.2,4402787
2020-01-08,254.0,256.15,252.55,254.8,2794410
2020-01-09,254.25,256.5,252.65,253.65,2495023
2020-01-10,253.95,255.2,251.0,251.75,2056577
2020-01-13,254.0,257.9,252.85,254.8,6963599
2020-01-14,256.85,258.35,254.55,257.2,7296777
2020-01-15,254.0,256.0,246.6,248.25,10140451
2020-01-16,248.0,252.6,247.0,250.45,8811836
2020-01-17,252.0,253.9,249.65,251.1,4140818
2020-01-20,250.8,250.8,247.2,248.0,1908583
2020-01-21,247.9,248.2,246.0,247.1,1507942
2020-01-22,248.6,251.95,245.4,245.85,3400424
2020-01-23,246.45,249.1,245.35,248.7,1696544
2020-01-24,248.65,249.45,246.25,247.6,1710777
2020-01-27,247.9,247.9,244.75,245.35,1653497
2020-01-28,245.9,246.1,241.8,244.05,2136181
2020-01-29,244.6,247.4,243.25,246.75,2004689
2020-01-30,247.6,247.6,240.2,240.7,2147465
2020-01-31,238.0,239.15,235.0,236.8,5553638
2020-02-03,237.7,240.15,235.25,237.4,4231830
2020-02-04,239.0,241.25,237.9,240.25,3164756
2020-02-05,241.6,243.0,237.3,242.25,3875603
2020-02-06,242.75,245.95,241.65,243.65,3056198
2020-02-07,247.0,247.0,242.95,243.95,2759512
2020-02-10,245.4,245.65,239.45,240.9,2258996
2020-02-11,240.55,242.9,239.8,241.25,2730310
2020-02-12,241.7,247.15,241.7,244.45,3419400
2020-02-13,245.8,245.8,242.5,243.75,2414955
2020-02-14,243.8,245.35,242.0,242.9,1809793
2020-02-17,242.9,245.0,241.95,243.8,1017778
2020-02-18,243.75,244.85,241.25,244.05,1252637
2020-02-19,244.5,248.35,244.5,247.6,1785384
2020-02-20,248.0,248.55,245.1,245.7,2120807
2020-02-24,245.0,247.8,242.4,244.2,3521975
2020-02-25,244.15,246.65,242.45,244.1,2529786
2020-02-26,243.05,243.45,238.4,239.9,3994194
2020-02-27,238.95,238.95,230.5,231.6,4866814
2020-02-28,228.5,229.5,219.7,221.45,5637309
2020-03-02,225.8,227.0,218.4,220.8,5766175
2020-03-03,224.0,225.8,220.6,223.7,5173113
2020-03-04,224.9,229.75,222.45,228.85,4518178
2020-03-05,229.05,233.9,228.65,229.7,2970778
2020-03-06,225.0,226.0,222.55,223.55,2934283
2020-03-09,220.2,221.0,213.0,214.4,8731114
2020-03-11,203.7,214.4,203.7,213.1,6135166
2020-03-12,204.0,206.95,197.5,199.1,5382005
2020-03-13,199.0,204.45,169.25,197.4,6521699
2020-03-16,193.95,193.95,178.55,179.75,5600578
2020-03-17,178.55,185.55,170.75,173.1,6087886
2020-03-18,176.7,178.5,168.5,169.95,6367196
2020-03-19,165.0,171.35,159.4,162.35,5990642
2020-03-20,163.1,185.8,162.5,179.2,10160070
2020-03-23,165.0,177.0,165.0,170.15,5360393
2020-03-24,168.5,181.75,168.05,176.35,6037867
2020-03-25,177.4,188.0,170.2,174.65,6728276
2020-03-26,176.95,186.8,172.5,182.6,5124357
2020-03-27,183.15,189.5,181.5,183.5,6767560
2020-03-30,181.1,187.4,179.35,184.15,3667803
2020-03-31,187.0,199.8,185.65,196.7,5307678
2020-04-01,195.7,195.7,187.0,189.5,4937836
2020-04-03,188.0,189.6,177.75,180.0,6573737
2020-04-07,188.25,192.7,183.05,191.9,4781444
2020-04-08,191.5,200.0,188.8,192.9,5137654
2020-04-09,198.4,202.95,195.05,196.7,3465831
2020-04-13,198.0,198.0,182.9,189.2,6193223
2020-04-15,190.05,193.6,185.8,186.55,11326600
2020-04-16,180.0,189.75,180.0,187.85,21690456
2020-04-17,192.5,193.75,185.55,187.0,6606453
2020-04-20,189.0,189.0,180.15,181.1,8101663
2020-04-21,179.0,179.9,173.8,178.05,9043319
2020-04-22,177.0,179.5,175.05,178.55,5311640
2020-04-23,179.4,182.6,177.1,180.9,5555420
2020-04-24,179.95,180.8,177.15,177.75,4641140
2020-04-27,180.0,182.9,175.5,182.05,9141635
2020-04-28,182.1,182.95,178.0,179.7,6664917
2020-04-29,180.1,182.45,179.4,180.65,5030900
2020-04-30,185.0,192.6,183.55,190.95,8833932
2020-05-04,184.5,191.3,183.05,190.05,8570375
2020-05-05,191.45,194.0,182.2,184.2,6932589
2020-05-06,185.7,188.0,181.0,187.05,5442793
2020-05-07,184.0,185.4,181.2,184.1,5701094
2020-05-08,185.2,186.0,182.55,184.0,4113747
2020-05-11,185.0,189.95,184.1,184.7,4393928
2020-05-12,184.2,188.0,182.6,187.05,3515679
2020-05-13,191.5,191.5,185.15,189.7,5280548
2020-05-14,184.75,187.35,183.1,186.0,5162330
2020-05-15,186.0,186.0,182.65,183.8,3425171
2020-05-18,182.05,185.0,179.6,182.2,7227687
2020-05-19,182.25,186.0,178.0,184.4,5743344
2020-05-20,185.0,185.9,182.2,184.95,7707953
2020-05-21,183.4,191.7,183.4,189.1,7129397
2020-05-22,189.05,190.85,186.45,189.0,4588831
2020-05-26,189.0,193.2,185.7,188.8,5911144
2020-05-27,189.6,205.5,187.7,201.25,18083494
2020-05-28,203.5,203.5,196.05,199.35,12347801
2020-05-29,199.35,214.9,196.15,212.8,30630218
2020-06-01,215.5,221.0,213.4,215.05,13374769
2020-06-02,215.1,218.55,210.95,215.85,6407279
2020-06-03,216.1,217.45,210.55,211.35,8422156
2020-06-04,211.35,219.95,210.15,216.25,7397708
2020-06-05,220.0,220.25,215.0,218.75,7245834
2020-06-08,219.0,227.3,215.85,226.45,12213696
2020-06-09,224.1,226.3,217.15,218.35,7845381
2020-06-10,220.0,221.05,215.6,217.0,7394276
2020-06-11,217.0,217.65,212.35,212.9,6248955
2020-06-12,208.0,209.5,206.3,207.9,6209370
2020-06-15,211.95,217.9,208.15,213.8,14256050
2020-06-16,217.45,217.9,209.6,212.4,7960887
2020-06-17,212.0,218.75,211.05,217.8,13969454
2020-06-18,216.8,219.3,214.65,218.15,6204216
2020-06-19,218.0,224.1,215.0,222.05,11223711
2020-06-22,221.15,221.75,216.8,218.05,6481204
2020-06-23,215.0,222.3,213.0,220.6,7425152
2020-06-24,224.0,224.0,217.55,218.2,8246086
2020-06-25,216.95,222.0,215.3,218.2,5096856
2020-06-26,219.3,230.0,218.3,225.45,19194612
2020-06-29,222.05,225.9,218.7,219.7,6687961
2020-06-30,219.6,221.95,218.0,219.65,5501193
2020-07-01,221.0,222.4,218.35,219.05,3952617
2020-07-02,221.0,225.45,219.55,224.2,7179975
2020-07-03,224.2,228.5,222.65,224.8,5420863
2020-07-06,225.9,227.25,221.6,222.65,7588014
2020-07-07,223.2,228.4,222.0,224.9,9117569
2020-07-08,226.65,227.7,222.5,223.1,7076184
2020-07-09,224.25,224.6,219.65,221.6,6709048
2020-07-10,221.0,223.45,219.5,222.1,4548779
2020-07-14,228.4,231.7,224.1,225.0,13939467
2020-07-15,236.0,268.7,235.0,262.75,130367693
2020-07-16,262.5,268.45,255.05,261.9,52277954
2020-07-17,258.6,263.85,257.0,261.35,18856512
2020-07-20,261.35,273.55,259.0,270.8,21395182
2020-07-21,278.5,281.6,269.4,271.35,32999595
2020-07-22,272.45,272.85,263.65,266.0,12583854
2020-07-23,268.3,268.45,262.55,266.6,10368338
2020-07-24,267.0,271.8,265.55,270.55,22122258
2020-07-27,270.55,273.2,267.15,268.85,13990387
2020-07-28,269.3,276.75,269.3,275.45,14043918
2020-07-29,273.8,278.0,272.35,277.0,10783679
2020-07-30,280.1,286.8,280.1,284.1,25847766
2020-07-31,289.6,290.8,278.6,280.95,16700905
2020-08-03,283.0,284.8,279.5,281.55,8908831
2020-08-04,281.55,283.35,278.25,281.05,8119584
2020-08-05,281.25,284.45,277.4,278.2,7345555
2020-08-06,280.7,284.25,277.75,279.65,10152605
2020-08-07,281.05,281.85,276.4,277.4,7321209
2020-08-10,280.0,281.2,276.6,277.4,6310815
2020-08-11,279.0,284.65,278.3,279.65,10078908
2020-08-12,280.4,280.7,274.55,276.2,8903667
2020-08-13,277.9,281.85,274.8,277.0,9653956
2020-08-14,278.5,280.75,275.9,276.5,6581719
2020-08-17,278.6,286.4,277.65,281.95,14547013
2020-08-18,284.75,287.4,281.7,282.7,12054273
2020-08-19,285.5,285.95,279.25,279.75,9373235
2020-08-20,279.0,279.0,273.2,274.2,9891770
2020-08-21,278.95,278.95,272.7,273.35,7984131
2020-08-24,273.5,274.45,271.9,272.7,6154814
2020-08-25,274.35,274.7,269.35,269.95,7796364
2020-08-26,269.95,274.7,268.0,272.05,9632864
2020-08-27,273.0,275.2,271.5,272.35,6190218
2020-08-28,274.7,275.0,271.3,272.05,7601545
2020-08-31,274.0,282.0,268.0,271.3,20571550
2020-09-01,271.0,279.4,269.0,271.6,12293054
2020-09-02,272.9,276.5,271.2,273.7,8432055
2020-09-03,275.5,287.85,274.5,282.85,24895166
2020-09-04,278.7,279.5,275.1,276.0,10707714
2020-09-07,276.5,279.5,271.5,278.75,8326285
2020-09-08,282.2,286.95,278.5,282.55,22294866
2020-09-09,279.8,289.45,278.5,282.85,22794437
2020-09-10,286.65,286.85,281.1,284.55,9517932
2020-09-11,282.5,298.45,282.5,293.3,41937351
2020-09-14,293.25,308.55,293.15,307.2,38090115
2020-09-15,307.2,311.25,302.75,307.35,28156339
2020-09-16,307.0,313.5,304.05,312.15,14994220
2020-09-17,307.25,316.7,307.2,311.7,26811653
2020-09-18,314.0,319.0,312.25,316.5,18487980
2020-09-21,315.9,324.5,309.95,311.9,22739047
2020-09-22,315.4,316.75,303.95,312.25,23510335
2020-09-23,315.0,321.8,311.15,314.85,22139808
2020-09-24,313.4,313.4,302.45,304.7,17920812
2020-09-25,306.3,315.25,304.2,313.9,22007095
2020-09-28,315.0,317.0,309.6,311.55,12460913
2020-09-29,315.0,318.55,310.5,311.5,14830395
2020-09-30,312.0,315.85,309.6,313.55,12393317
2020-10-01,316.4,317.85,312.05,313.05,9257331
2020-10-05,315.2,336.0,315.2,333.95,38906392
2020-10-06,335.0,335.3,323.0,330.05,27579966
2020-10-07,327.0,336.55,325.5,335.3,17739988
2020-10-08,351.0,367.75,346.45,359.45,107270570
2020-10-09,362.0,376.1,357.25,374.0,55431052
2020-10-12,377.0,379.8,369.1,377.5,52966063
2020-10-13,377.3,381.7,372.95,375.95,36092383
2020-10-14,365.0,365.0,348.3,350.45,74138275
2020-10-15,351.0,354.25,338.95,341.6,38961585
2020-10-16,342.9,348.1,338.6,339.65,25245262
2020-10-19,342.45,346.5,338.65,343.2,12848026
2020-10-20,344.75,349.5,341.85,346.75,16996774
2020-10-21,349.6,350.1,339.1,343.45,9967721
2020-10-22,341.0,348.2,340.85,344.45,9541284
2020-10-23,346.9,347.1,341.3,342.4,8673514
2020-10-26,343.7,344.9,336.7,339.8,8695206
2020-10-27,338.3,339.75,331.05,334.05,9910942
2020-10-28,335.75,339.85,334.4,335.65,8984606
2020-10-29,333.65,340.0,331.15,337.45,7239961
2020-10-30,339.25,345.0,338.45,340.7,11496123
2020-11-02,341.75,341.75,333.7,334.8,4831133
2020-11-03,335.5,339.45,332.65,335.65,4757798
2020-11-04,338.0,351.55,337.5,342.95,15381900
2020-11-05,347.95,349.0,344.05,345.4,5602436
2020-11-06,346.15,349.0,343.4,345.75,5457793
2020-11-09,350.0,352.8,347.0,351.95,7107285
2020-11-10,350.75,350.75,341.15,342.3,9049620
2020-11-11,344.5,347.75,341.5,346.75,7637879
2020-11-12,348.0,350.7,344.3,345.55,5114424
2020-11-13,344.5,346.25,342.7,344.15,4727888
2020-11-17,347.0,350.5,343.7,348.7,6653834
2020-11-18,349.75,352.35,341.8,345.3,7407808
2020-11-19,347.7,349.5,341.6,342.6,11056851
2020-11-20,343.8,348.5,342.05,346.3,6181393
2020-11-23,348.0,357.4,346.0,355.85,10333347
2020-11-24,359.0,361.4,355.0,355.5,10092441
2020-11-25,357.9,358.8,349.55,350.0,6812338
2020-11-26,351.0,356.4,347.2,354.85,7366370
2020-11-27,354.85,357.5,347.85,350.5,12402084
2020-12-01,352.7,353.9,346.25,352.85,10693567
2020-12-02,354.45,360.3,354.2,358.9,9434077
2020-12-03,364.0,364.0,358.0,360.3,10697045
2020-12-04,361.1,362.4,359.0,360.8,7427393
2020-12-07,362.0,362.75,357.5,358.45,8392383
2020-12-08,360.3,365.0,358.4,363.7,11813301
2020-12-09,367.75,367.75,357.5,359.5,18137688
2020-12-10,356.2,358.0,352.75,355.9,6897397
2020-12-11,357.4,360.0,352.65,353.5,5863616
2020-12-14,353.5,354.55,347.1,349.35,11501839
2020-12-15,349.3,353.9,347.5,352.7,7231781
2020-12-16,353.9,358.95,353.2,358.4,6666272
2020-12-17,358.4,359.25,355.5,356.9,4165371
2020-12-18,358.95,365.8,357.5,363.55,17398081
2020-12-21,362.5,367.45,348.35,353.95,9665063
2020-12-22,354.0,365.7,349.45,364.2,8186039
2020-12-23,374.0,387.6,371.7,385.55,44874433
2020-12-24,386.45,386.7,378.65,382.2,12240172
2020-12-28,383.45,386.4,382.0,382.9,4725879
2020-12-29,384.0,390.5,383.1,385.0,11459126
2020-12-30,385.0,386.6,382.8,384.4,7188435
2020-12-31,381.2,387.6,381.2,386.25,6394605
2021-01-01,385.05,390.75,385.05,388.1,5042336
2021-01-04,390.0,397.95,387.8,396.4,9755721
2021-01-05,394.1,409.8,393.5,406.3,25156747
2021-01-06,405.0,417.4,403.3,406.4,22486300
2021-01-07,412.25,413.0,403.85,406.75,12344755
2021-01-08,407.5,432.65,407.25,430.2,40993230
2021-01-11,436.0,451.0,435.0,446.8,47334018
2021-01-12,447.95,460.75,442.4,457.7,22134465
2021-01-13,461.0,467.45,452.8,459.0,29190193
2021-01-14,452.0,466.0,430.0,454.35,71551807
2021-01-15,454.75,459.4,436.6,438.55,25307779
2021-01-18,441.0,445.0,429.1,431.55,21510587
2021-01-19,433.0,439.55,427.7,430.25,15677790
2021-01-20,434.0,447.85,433.0,444.95,24419679
2021-01-21,451.6,453.45,442.3,445.8,15911377
2021-01-22,447.45,452.0,440.45,444.75,11398812
2021-01-25,445.15,451.0,435.15,437.25,7380169
2021-01-27,438.0,454.75,437.25,446.45,29590210
2021-01-28,443.25,448.6,427.3,431.9,14812435
2021-01-29,437.4,437.7,415.55,417.9,15632421
2021-02-01,416.1,423.8,408.2,421.5,15081852
2021-02-02,428.0,435.55,423.65,428.35,13310498
2021-02-03,430.2,439.95,430.2,433.5,9897666
2021-02-04,433.5,436.9,428.25,429.9,7193299
2021-02-05,432.0,433.4,420.55,425.55,8679026
2021-02-08,430.35,437.7,426.3,435.3,12516340
2021-02-09,440.25,451.75,435.2,439.35,29474830
2021-02-10,442.0,444.15,435.0,439.0,10607735
2021-02-11,439.0,440.5,433.4,437.0,9237026
2021-02-12,440.0,449.2,439.6,442.0,19280834
2021-02-15,444.6,444.9,436.8,439.7,7844877
2021-02-16,446.0,447.8,433.8,437.55,12453798
2021-02-17,435.9,439.0,428.5,430.2,7390192
2021-02-18,430.3,436.65,429.35,432.95,8385736
2021-02-19,433.15,435.75,426.1,429.95,8478666
2021-02-22,430.7,432.85,416.0,418.7,10666087
2021-02-23,419.7,426.0,414.3,415.5,8992353
2021-02-24,417.7,425.8,414.75,423.1,5060297
2021-02-25,423.1,429.0,420.45,421.3,9110392
2021-02-26,417.95,419.85,408.0,410.3,11731941
2021-03-01,411.0,418.7,409.2,414.4,6421696
2021-03-02,419.7,433.1,418.25,430.4,14875234
2021-03-03,433.0,436.65,428.25,435.5,8782452
2021-03-04,428.9,444.3,427.5,438.8,12963797
2021-03-05,440.0,440.0,417.0,420.85,43931172
2021-03-08,425.1,425.15,415.55,416.9,12354838
2021-03-09,419.8,422.8,410.05,419.2,11905629
2021-03-10,426.1,430.7,423.0,426.7,17291368
2021-03-12,431.5,432.8,422.1,425.2,8960126
2021-03-15,424.8,428.6,417.8,426.35,7517124
2021-03-16,427.25,434.95,425.65,429.3,10673647
2021-03-17,429.0,435.5,417.7,419.65,12134812
2021-03-18,423.25,424.15,404.3,410.15,10082931
2021-03-19,408.95,413.65,399.45,410.5,16875402
2021-03-22,411.05,416.25,410.2,414.45,6622984
2021-03-23,417.7,423.4,412.7,415.5,11575194
2021-03-24,411.35,415.45,409.2,411.0,5140347
2021-03-25,410.7,411.7,397.75,399.65,12737129
2021-03-26,404.8,407.7,400.65,403.9,9033369
2021-03-30,405.0,420.45,405.0,418.1,13171390
2021-03-31,419.8,419.8,413.35,414.15,7445134
2021-04-01,418.85,422.85,414.35,416.4,7596943
2021-04-05,416.45,427.9,416.2,425.45,21216395
2021-04-06,427.95,428.9,422.35,427.15,8320520
2021-04-07,425.0,439.0,423.4,438.0,13867650
2021-04-08,441.95,445.95,440.0,442.1,12916614
2021-04-09,442.9,451.35,440.0,450.1,11699385
2021-04-12,450.0,450.1,429.4,432.6,15086267
2021-04-13,432.0,437.55,412.6,418.95,20420320
2021-04-15,418.9,434.45,415.0,430.7,26758891
2021-04-16,441.7,473.65,436.0,469.2,109361636
2021-04-19,463.0,477.95,461.1,472.75,43809855
2021-04-20,476.0,477.55,467.8,470.1,17730691
2021-04-22,471.6,494.5,471.6,486.65,42620929
2021-04-23,483.55,487.35,474.35,475.7,13596003
2021-04-26,479.4,483.85,477.0,480.3,9314644
2021-04-27,481.4,487.0,481.0,485.05,7209467
2021-04-28,485.85,493.2,481.25,489.3,9615534
2021-04-29,492.7,492.8,485.7,489.85,7641133
2021-04-30,491.5,511.8,489.3,492.75,29115571
2021-05-03,487.95,496.0,483.25,487.35,8599731
2021-05-04,487.3,488.3,477.8,481.95,8102429
2021-05-05,484.8,496.0,483.3,490.6,11856591
2021-05-06,493.7,514.8,487.25,512.3,24413544
2021-05-07,514.0,516.55,507.5,515.25,14666581
2021-05-10,517.6,528.5,513.25,525.95,12544472
2021-05-11,517.95,523.3,514.05,518.4,7649499
2021-05-12,519.95,522.55,504.85,507.6,7871107
2021-05-14,507.5,508.4,492.75,498.45,6799879
2021-05-17,498.45,503.7,495.0,499.8,5752650
2021-05-18,502.0,514.8,500.9,508.05,9380746
2021-05-19,508.3,517.8,505.15,511.65,7490396
2021-05-20,516.0,517.0,503.6,508.25,6292304
2021-05-21,510.0,515.9,509.15,512.7,5197503
2021-05-24,511.9,518.5,509.65,514.9,7436812
2021-05-25,517.4,524.85,515.7,517.55,7954564
2021-05-26,514.9,530.45,514.75,527.25,8823190
2021-05-27,527.25,545.0,525.05,540.9,29411126
2021-05-28,539.0,540.3,532.65,538.7,5878626
2021-05-31,538.7,540.55,531.05,539.05,5386205
2021-06-01,541.9,547.0,539.65,542.8,5965044
2021-06-02,541.95,545.0,533.0,543.0,4713568
2021-06-03,545.7,549.9,538.3,539.05,5637991
2021-06-04,543.5,545.5,540.45,541.2,4771716
2021-06-07,544.7,551.2,542.7,548.25,4348433
2021-06-08,550.0,555.5,549.15,550.6,5429734
2021-06-09,553.0,553.25,542.2,544.2,6206899
2021-06-10,545.55,555.5,545.55,554.25,5720744
2021-06-11,555.0,558.95,551.5,554.3,5612359
2021-06-14,553.9,562.8,553.0,561.6,5952159
2021-06-15,561.5,564.0,557.0,557.9,3837245
2021-06-16,559.9,562.55,553.5,555.25,5497269
2021-06-17,552.5,561.5,549.55,558.7,4399348
2021-06-18,560.0,561.95,546.05,549.8,10007116
2021-06-21,544.75,544.75,535.2,542.15,5390821
2021-06-22,545.25,559.95,542.3,556.55,5752921
2021-06-23,560.0,560.85,538.4,540.15,11242702
2021-06-24,541.9,550.55,539.2,549.05,8668680
2021-06-28,549.75,550.8,544.25,547.4,3259830
2021-06-29,547.8,553.75,541.0,542.6,7927880
2021-06-30,544.85,548.0,542.0,545.65,4293322
2021-07-01,545.0,545.9,538.0,539.35,4329374
2021-07-02,540.1,542.3,533.6,538.6,4157307
2021-07-05,542.9,542.9,535.55,536.35,3439169
2021-07-06,536.55,538.3,531.85,532.6,4193441
2021-07-07,534.05,536.4,525.1,532.15,5377687
2021-07-08,533.9,536.95,528.0,531.0,4565510
2021-07-09,527.4,530.95,523.25,525.8,5724608
2021-07-12,530.75,532.15,523.2,525.85,3865556
2021-07-13,528.0,529.5,522.6,524.85,4172358
2021-07-14,526.25,563.3,525.6,561.7,29348083
2021-07-15,561.0,579.65,559.0,575.9,31066201
2021-07-16,580.0,589.25,568.3,577.75,36907827
2021-07-19,572.55,584.0,570.0,573.8,10857851
2021-07-20,575.7,578.15,561.55,568.1,10523527
2021-07-22,577.1,585.0,571.0,584.2,12043385
2021-07-23,586.5,601.8,583.7,599.15,14057455
2021-07-26,600.1,600.5,588.25,590.45,6099903
2021-07-27,588.9,594.65,584.15,591.45,3983137
2021-07-28,590.95,593.35,583.0,591.95,4573930
2021-07-29,593.6,598.0,587.9,590.45,5834470
2021-07-30,588.85,593.0,585.0,587.15,3178206
2021-08-02,588.2,595.4,582.25,592.25,4623898
2021-08-03,604.0,604.0,594.15,599.4,5165607
2021-08-04,603.5,604.0,594.3,596.8,4509356
2021-08-05,597.5,614.5,597.5,600.9,11294364
2021-08-06,603.75,606.4,596.3,598.0,5270200
2021-08-09,600.0,606.0,595.5,596.8,4646751
2021-08-10,598.4,608.95,593.1,603.85,7027782
2021-08-11,601.9,606.5,598.45,601.25,4282513
2021-08-12,602.0,608.9,600.65,605.85,3952508
2021-08-13,606.0,620.45,606.0,615.5,8364684
2021-08-16,616.1,620.9,610.5,614.05,3572426
2021-08-17,613.75,637.05,611.2,634.9,11822772
2021-08-18,635.75,639.2,624.6,629.4,6923577
2021-08-20,622.5,631.95,618.0,620.05,6170693
2021-08-23,626.0,636.95,623.5,628.85,7036375
2021-08-24,636.0,636.0,624.1,633.55,4483718
2021-08-25,635.0,642.8,629.55,631.65,6407718
2021-08-26,632.2,638.5,626.0,628.95,4208351
2021-08-27,629.5,636.0,625.3,634.95,4371554
2021-08-30,635.95,639.5,630.55,632.45,4371855
2021-08-31,634.6,642.55,628.9,640.95,7795908
2021-09-01,643.8,647.35,635.25,642.05,4725222
2021-09-02,645.0,657.0,640.75,651.45,4538778
2021-09-03,653.0,656.7,649.5,655.1,3774970
2021-09-06,656.65,688.7,656.65,686.45,12338416
2021-09-07,690.0,690.0,672.75,674.25,6406109
2021-09-08,675.4,675.4,660.0,662.2,6716231
2021-09-09,660.9,664.55,654.0,662.35,5805730
2021-09-13,662.35,671.85,657.85,670.75,5588789
2021-09-14,671.0,675.7,670.0,673.45,3661338
2021-09-15,674.0,680.55,670.0,674.05,4145416
2021-09-16,679.75,680.75,665.0,667.85,4657846
2021-09-17,671.4,674.4,662.75,665.25,5407781
2021-09-20,657.75,670.5,653.4,662.5,4546430
2021-09-21,660.5,669.0,657.1,667.6,3683551
2021-09-22,669.0,674.5,663.0,668.15,4791652
2021-09-23,672.9,677.0,671.4,674.3,3231293
2021-09-24,680.5,699.15,675.0,676.5,12126588
2021-09-27,678.05,678.35,651.0,653.9,8399082
2021-09-29,629.95,646.5,627.35,640.75,8839566
2021-09-30,638.75,646.75,632.55,634.1,6013959
2021-10-01,634.8,639.75,630.2,636.25,4208854
2021-10-04,639.9,643.6,635.95,641.05,5247122
2021-10-05,636.45,649.5,634.05,646.85,5456074
2021-10-06,650.4,650.45,634.4,635.75,4836599
2021-10-07,639.0,648.55,636.9,642.95,3724343
2021-10-08,646.15,667.55,645.0,661.15,11045983
2021-10-12,652.0,662.4,642.55,659.1,9340216
2021-10-14,697.0,739.85,695.0,708.25,59188803
2021-10-18,719.0,720.8,702.4,709.75,10599446
2021-10-21,708.95,709.0,681.7,696.3,7958456
2021-10-25,682.75,684.2,660.8,667.7,8810958
2021-10-26,671.05,678.8,665.0,668.15,6096983
2021-10-27,668.15,674.55,663.45,671.1,6315589
2021-10-28,671.0,671.6,655.0,656.9,5178771
2021-10-29,658.25,659.4,644.25,646.75,6761317
2021-11-03,659.4,661.85,650.2,652.5,3435591
2021-11-04,655.0,657.65,647.4,653.7,782905
2021-11-08,652.95,661.0,647.5,658.35,4752230
2021-11-09,663.1,666.25,656.7,658.45,4142065
2021-11-10,655.9,659.0,651.55,652.6,4045695
2021-11-11,649.75,649.75,636.8,641.8,6033898
2021-11-12,648.0,662.5,645.8,660.05,6063253
2021-11-15,661.55,666.0,657.15,658.9,4717998
2021-11-16,658.4,668.75,654.65,661.45,5663547
2021-11-17,661.45,668.0,658.0,661.8,4427497
2021-11-18,663.4,665.95,645.25,651.45,3921249
2021-11-22,658.0,660.45,638.0,644.05,5791217
2021-11-23,642.7,648.95,626.05,642.8,4567462
2021-11-24,644.3,647.6,633.1,636.5,3992776
2021-11-25,637.0,641.8,633.0,636.7,3330681
2021-11-26,632.0,634.4,619.65,621.45,4138537
2021-11-29,616.55,632.85,603.95,630.6,5188030
2021-11-30,630.6,645.5,630.5,637.25,13425100
2021-12-01,642.6,645.95,633.25,634.8,4726822
2021-12-02,636.9,648.1,629.0,646.8,5105228
2021-12-03,644.75,653.95,639.9,640.75,6702505
2021-12-06,637.25,644.2,623.15,624.5,4704953
2021-12-07,628.0,634.55,623.0,632.4,4278545
2021-12-08,639.0,653.0,638.25,641.7,7680329
2021-12-09,641.75,647.6,637.85,643.2,3432802
2021-12-10,642.15,645.9,635.1,638.25,4262606
2021-12-13,643.5,656.55,640.2,645.4,6561840
2021-12-14,646.0,651.9,639.25,646.9,4304706
2021-12-15,646.7,646.7,635.35,636.4,3561772
2021-12-16,644.0,649.9,639.4,644.3,6218620
2021-12-17,660.0,676.8,650.1,670.8,52300009
2021-12-21,676.0,697.1,671.0,690.8,13681048
2021-12-22,695.9,695.9,681.2,685.65,6163877
2021-12-23,690.1,702.0,689.1,694.55,6472454
2021-12-24,697.75,702.4,690.15,698.45,6591213
2021-12-27,699.85,701.0,691.15,699.6,5094328
2021-12-28,703.0,707.5,701.55,705.45,5079022
2021-12-29,705.25,710.0,700.05,703.7,3949208
2021-12-30,705.1,719.9,704.0,714.1,9043675
2021-12-31,715.8,718.8,709.1,715.35,4274779
2022-01-03,718.0,726.8,716.0,718.7,4640405
2022-01-04,722.75,723.1,711.55,721.5,5114400
2022-01-05,720.0,720.85,703.0,713.5,7355632
2022-01-06,705.8,712.25,699.95,705.75,6441610
2022-01-07,708.0,721.5,707.6,711.5,6560163
2022-01-10,709.0,709.0,690.0,693.5,13768910
2022-01-12,700.0,701.75,683.2,691.35,11730341
2022-01-13,663.2,666.0,648.0,649.75,30752967
2022-01-14,649.25,649.25,636.5,639.8,13257274
2022-01-17,639.5,651.65,633.05,646.65,10228938
2022-01-18,648.9,650.0,631.15,633.3,7164990
2022-01-19,631.0,631.65,619.0,621.15,8691383
2022-01-20,620.65,622.4,610.5,615.2,8413562
2022-01-21,610.0,611.0,600.8,605.05,9823347
2022-01-24,605.5,605.5,568.45,572.75,13075358
2022-01-25,562.5,572.0,550.7,562.7,17356185
2022-01-28,550.1,564.95,546.65,552.15,14949890
2022-01-31,569.0,574.4,562.55,572.6,13126087
2022-02-01,579.9,582.4,566.45,576.65,10460101
2022-02-02,582.0,590.0,575.0,588.0,8184413
2022-02-03,584.7,588.8,576.15,578.25,7041390
2022-02-04,577.0,577.8,568.05,571.75,6816779
2022-02-07,571.9,573.8,555.6,557.0,7545679
2022-02-08,561.4,565.8,554.45,560.25,6976907
2022-02-09,564.4,570.75,563.3,568.95,5103738
2022-02-10,572.4,574.75,566.2,573.65,5801912
2022-02-11,566.0,566.0,557.1,561.45,7721229
2022-02-14,550.0,557.15,540.0,541.7,8120773
2022-02-15,545.6,565.25,543.25,563.35,6838496
2022-02-16,565.15,570.3,557.55,563.9,7303911
2022-02-17,572.0,572.4,561.15,564.9,7114420
2022-02-18,559.0,565.7,555.35,562.45,6705919
2022-02-21,555.75,572.7,555.4,570.8,8767001
2022-02-22,556.25,569.0,556.1,564.15,10745062
2022-02-23,569.2,570.9,562.65,567.1,7204256
2022-02-25,548.0,558.75,547.5,555.25,7961312
2022-02-28,551.0,560.1,544.1,555.8,9158437
2022-03-02,555.0,558.3,550.4,555.2,8177055
2022-03-03,563.0,575.95,560.35,569.55,12955663
2022-03-04,561.0,580.0,554.05,575.3,13474186
2022-03-08,572.0,590.75,572.0,587.45,11019999
2022-03-09,588.0,596.4,582.15,585.5,11763616
2022-03-10,595.0,596.5,584.6,588.25,8080983
2022-03-11,587.0,590.0,582.4,586.2,4963594
2022-03-14,586.4,600.8,586.0,598.15,7503221
2022-03-15,603.7,603.7,584.3,587.7,6926622
2022-03-16,595.25,599.45,592.5,598.25,5575148
2022-03-17,605.0,611.0,599.0,601.2,8440645
2022-03-21,605.1,616.0,598.0,600.0,7796476
2022-03-22,603.4,611.0,596.15,610.05,7790250
2022-03-23,613.95,615.0,607.7,611.2,5696918
2022-03-24,607.0,613.8,605.8,610.55,3875745
2022-03-25,611.0,614.0,597.25,603.35,5993097
2022-03-28,608.0,609.0,597.1,600.2,5738405
2022-03-29,603.0,605.35,599.15,602.5,4701003
2022-03-30,605.1,609.3,599.5,600.8,7744382
2022-03-31,600.0,603.3,590.2,591.9,7238089
2022-04-01,591.7,603.4,589.3,601.8,4283997
2022-04-04,605.0,606.5,599.0,605.6,4427974
2022-04-05,605.45,609.5,598.05,599.15,6431244
2022-04-06,598.0,598.0,591.0,593.55,4117951
2022-04-07,592.0,592.0,577.5,580.85,7860765
2022-04-08,586.0,587.0,580.5,583.65,4318316
2022-04-11,584.0,584.25,568.1,571.1,8582108
2022-04-12,568.0,568.0,556.2,558.7,8169266
2022-04-13,560.0,565.5,554.6,559.2,5602288
2022-04-18,549.85,549.85,536.0,538.6,9465031
2022-04-19,544.0,545.55,526.05,530.45,6643004
2022-04-20,536.0,540.55,531.35,536.5,4330488
2022-04-21,541.0,542.5,537.35,539.2,6694391
2022-04-22,535.0,540.85,530.65,537.7,4891212
2022-04-25,529.95,531.15,523.3,529.35,4736884
2022-04-26,537.0,537.75,527.1,529.25,4359370
2022-04-27,527.0,527.0,514.5,518.95,8137539
2022-04-28,524.0,526.65,516.0,522.55,6620669
2022-04-29,528.5,528.5,507.0,508.8,12075630
2022-05-02,515.5,519.0,492.6,495.0,21911427
2022-05-05,501.0,503.7,496.3,501.15,5434766
2022-05-06,490.0,490.9,481.0,485.1,9220891
2022-05-09,482.0,489.35,474.6,483.15,8337625
2022-05-10,483.0,483.75,476.15,477.65,7484767
2022-05-11,480.05,481.95,462.55,471.9,10514671
2022-05-12,468.1,476.0,462.15,473.8,7286500
2022-05-13,479.5,479.5,467.0,468.65,8387659
2022-05-16,474.0,474.35,465.0,468.0,3657033
2022-05-17,471.0,489.0,468.3,486.65,5660725
2022-05-18,490.9,495.25,480.6,481.25,7695484
2022-05-19,466.15,473.8,450.0,451.15,11472989
2022-05-20,462.0,462.2,455.0,459.6,6365956
2022-05-23,463.8,467.8,457.5,466.0,7055784
2022-05-24,468.45,469.6,458.0,459.95,6889730
2022-05-25,460.15,460.85,443.2,444.85,7740753
2022-05-26,446.0,454.7,444.0,453.35,5791541
2022-05-27,460.0,467.95,456.25,466.95,5707236
2022-05-30,473.15,481.5,473.15,476.25,6145574
2022-05-31,475.9,480.75,470.4,478.05,15793502
2022-06-01,478.95,478.95,468.5,470.75,5257283
2022-06-02,471.8,476.45,468.1,474.15,5267520
2022-06-03,479.65,488.0,474.5,475.5,11634889
2022-06-06,472.0,475.5,464.2,473.2,6895578
2022-06-07,470.0,470.75,465.15,467.65,2350671
2022-06-08,471.05,472.0,464.3,470.4,2813826
2022-06-09,467.05,476.15,464.25,475.05,3701119
2022-06-10,467.2,467.2,456.3,460.95,8726549
2022-06-13,450.05,453.0,445.0,446.1,7065411
2022-06-14,440.0,453.7,438.0,445.9,6528192
2022-06-15,448.45,450.65,439.3,440.1,5695798
2022-06-16,446.0,446.75,419.75,422.3,8972343
2022-06-17,416.0,418.75,402.05,405.2,20775273
2022-06-20,409.0,417.9,404.15,414.65,10375419
2022-06-21,420.0,426.75,416.65,425.15,6093902
2022-06-22,422.7,422.7,410.3,411.25,8101431
2022-06-23,412.5,420.8,411.3,419.05,9827505
2022-06-24,421.0,426.0,415.75,418.75,7681051
2022-06-27,427.0,430.75,424.0,424.9,6223935
2022-06-28,422.0,429.1,415.7,427.25,6045914
2022-06-29,420.0,424.8,417.4,420.75,8342088
2022-06-30,421.9,423.0,415.0,416.05,6061642
2022-07-01,415.0,423.2,411.4,422.0,4453624
2022-07-04,420.95,421.75,416.0,420.3,3186358
2022-07-05,421.1,423.05,413.05,413.6,5756605
2022-07-06,418.6,418.6,413.1,416.05,5261455
2022-07-07,420.0,423.95,417.2,420.8,5353012
2022-07-08,424.0,424.7,416.55,419.1,4767716
2022-07-11,414.75,415.0,405.55,411.2,8344787
2022-07-13,412.0,412.0,405.35,406.7,5978390
2022-07-14,410.6,410.6,400.5,401.45,6580621
2022-07-15,400.95,404.1,391.0,393.85,11164177
2022-07-18,399.0,405.7,396.65,404.75,6816197
2022-07-19,403.0,407.8,401.2,405.65,6448589
2022-07-20,410.8,417.5,407.1,412.1,12618706
2022-07-21,408.85,417.5,402.6,414.0,22691171
2022-07-22,415.75,417.4,409.05,410.85,7734271
2022-07-25,410.5,415.65,408.55,414.8,6267831
2022-07-26,414.8,415.4,404.3,405.2,7593149
2022-07-27,404.95,407.4,401.95,406.65,7042079
2022-07-28,411.8,417.0,410.9,416.0,7949232
2022-07-29,420.6,424.3,417.8,423.7,7959892
2022-08-01,426.2,430.9,422.6,429.0,5182874
2022-08-02,428.95,431.65,424.65,429.6,8456213
2022-08-03,429.0,433.0,427.5,432.35,6017469
2022-08-04,437.05,440.3,427.1,435.5,8894567
2022-08-05,436.15,442.0,436.15,440.0,6483793
2022-08-10,435.0,436.0,426.3,430.15,5664871
2022-08-11,438.0,442.0,436.3,438.45,4577322
2022-08-12,437.1,438.5,435.0,436.1,3546199
2022-08-16,438.5,439.8,436.6,437.1,2387104
2022-08-17,437.25,444.9,436.65,443.05,5200738
2022-08-18,441.75,441.75,434.05,435.05,8444130
2022-08-19,438.95,442.5,431.0,432.45,8626954
2022-08-22,430.9,430.9,419.05,420.0,6450290
2022-08-23,415.0,418.5,410.0,416.65,8514388
2022-08-24,417.8,419.5,414.35,416.15,3714585
2022-08-25,419.3,420.1,414.95,415.2,4376951
2022-08-26,418.5,422.5,416.3,417.25,3952097
2022-08-29,405.0,406.35,399.0,404.35,11759757
2022-08-30,409.15,415.95,406.25,413.55,9875496
2022-09-01,409.9,411.65,404.85,410.45,5889353
2022-09-02,412.55,412.75,407.1,407.7,4907540
2022-09-05,407.0,408.0,404.0,405.5,9009254
2022-09-06,407.0,407.35,401.25,404.45,9113081
2022-09-07,402.1,408.85,401.0,407.45,6124266
2022-09-08,410.0,414.35,409.6,412.8,7032474
2022-09-09,417.0,419.45,411.35,417.15,7335671
2022-09-13,424.9,426.0,421.5,422.65,4704167
2022-09-14,409.0,422.7,409.0,416.3,8791982
2022-09-15,419.7,420.9,413.25,415.05,5320157
2022-09-16,412.75,412.75,400.2,401.65,10096243
2022-09-19,405.0,406.2,397.0,401.95,6792094
2022-09-20,406.0,409.4,404.45,404.9,4494911
2022-09-21,405.9,405.9,399.5,400.75,9645056
2022-09-22,398.0,400.35,395.0,397.95,8250162
2022-09-23,398.1,399.4,393.65,394.35,6983355
2022-09-26,392.0,399.2,384.6,394.8,9497072
2022-09-27,396.8,401.4,392.0,398.4,6227347
2022-09-28,396.0,400.5,395.35,398.05,4460795
2022-09-29,401.0,401.9,391.55,392.8,5941534
2022-09-30,392.45,396.7,387.5,394.25,6785265
2022-10-03,393.9,398.0,390.6,394.5,4070417
2022-10-04,399.95,406.0,399.0,405.5,6295848
2022-10-06,409.35,413.0,407.45,410.15,5601939
2022-10-07,409.8,411.75,406.25,408.1,3790093
2022-10-10,400.3,413.5,399.75,411.3,9357463
2022-10-11,414.9,417.9,402.3,404.4,11361646
2022-10-12,404.25,409.6,401.6,407.95,6305059
2022-10-13,387.0,392.35,378.1,379.1,42448106
2022-10-14,387.0,387.5,376.25,377.3,13932397
2022-10-17,377.3,378.95,372.4,375.1,8454769
2022-10-18,383.7,384.25,378.4,379.3,11164240
2022-10-19,381.2,381.2,377.05,378.05,5099139
2022-10-20,377.0,382.6,376.0,381.5,5934407
2022-10-21,382.5,383.3,380.2,382.55,4465770
2022-10-25,386.45,386.45,383.65,384.65,2891628
2022-10-27,386.0,386.95,381.1,382.65,5861559
2022-10-28,382.8,385.85,382.0,383.25,3804838
2022-10-31,386.55,388.4,384.75,386.55,3319191
2022-11-01,388.0,393.0,386.6,392.4,5770098
2022-11-02,392.85,394.85,390.65,393.95,3358307
2022-11-03,389.75,393.75,385.55,388.5,5156238
2022-11-04,388.5,392.4,385.65,390.55,4511815
2022-11-07,393.0,394.85,387.6,391.5,4126299
2022-11-09,394.05,394.4,389.15,390.95,3431273
2022-11-10,388.8,391.1,387.0,388.9,2747454
2022-11-11,398.5,405.85,397.25,399.7,14208523
2022-11-14,402.65,402.65,395.55,396.55,8811714
2022-11-16,399.0,401.7,396.2,398.25,5519764
2022-11-17,397.9,398.0,395.0,396.75,3028808
2022-11-18,397.85,398.9,392.8,393.85,4773101
2022-11-21,393.85,394.45,387.6,388.65,3952306
2022-11-22,389.0,389.4,384.5,388.8,4205414
2022-11-23,390.75,391.95,388.0,388.75,3358880
2022-11-24,389.9,399.75,389.15,398.25,6685133
2022-11-25,399.0,404.4,395.9,402.8,6824275
2022-11-28,402.8,409.45,402.0,405.65,6839600
2022-11-29,403.0,408.9,402.9,405.15,4551301
2022-11-30,406.9,408.0,402.65,406.9,6946173
2022-12-01,412.85,416.35,411.65,413.7,7926492
2022-12-02,413.8,413.9,409.05,412.4,5863311
2022-12-05,413.25,414.95,410.65,412.35,4973531
2022-12-06,410.5,412.6,407.8,411.35,4416259
2022-12-07,409.0,409.5,405.3,406.3,3284308
2022-12-08,407.25,408.0,403.3,403.7,4470356
2022-12-09,406.0,406.0,391.25,394.05,7711668
2022-12-12,392.9,397.5,388.0,396.35,5182940
2022-12-13,398.35,399.35,396.0,397.75,3406921
2022-12-14,400.8,404.5,399.25,400.05,4997576
2022-12-15,399.75,399.75,394.05,395.2,3883463
2022-12-16,391.4,394.8,388.05,389.75,9006317
2022-12-19,388.45,390.5,385.7,389.05,4419023
2022-12-20,388.8,389.9,383.0,388.95,4389279
2022-12-21,390.9,393.25,387.85,389.5,5107607
2022-12-22,390.1,391.95,386.0,388.75,4546900
2022-12-23,384.0,385.85,377.0,377.65,6060355
2022-12-26,378.0,381.6,376.3,380.5,3630574
2022-12-27,382.5,387.35,380.25,386.6,3842920
2022-12-28,385.0,389.55,383.25,387.8,3838001
2022-12-29,386.25,392.1,384.8,390.75,4742699
2022-12-30,393.0,396.3,391.55,392.75,4128278
2023-01-03,393.05,397.75,391.7,397.05,2997211
2023-01-04,397.5,397.5,388.6,389.7,4463261
2023-01-05,390.0,392.2,383.75,386.9,4784490
2023-01-06,387.0,388.8,381.4,382.0,4242377
2023-01-09,386.0,393.0,385.1,391.8,3673716
2023-01-10,392.0,393.9,387.35,393.05,3939748
2023-01-11,393.0,396.0,391.5,393.85,3828300
2023-01-13,396.0,396.6,386.5,393.9,6810930
2023-01-16,390.0,401.0,389.0,398.6,11933722
2023-01-17,400.05,402.05,393.75,396.35,7155016
2023-01-18,398.5,403.85,398.0,403.2,8040213
2023-01-19,402.1,404.0,398.75,403.4,4723728
2023-01-20,403.55,405.4,401.3,403.15,4632807
2023-01-23,405.2,407.75,402.5,407.0,4407645
2023-01-24,408.4,410.2,405.15,406.6,4776320
2023-01-25,405.0,405.9,400.0,401.55,3177777
2023-01-27,401.55,403.6,394.2,398.05,3705067
2023-01-30,398.05,404.8,395.05,402.25,3630628
2023-01-31,402.3,402.55,397.7,398.85,4783423
2023-02-01,401.5,403.9,398.35,402.4,3514948
2023-02-02,402.4,410.0,402.4,409.45,5417730
2023-02-03,412.55,413.0,406.15,407.9,4425118
2023-02-07,405.5,405.5,399.05,400.5,3341790
2023-02-08,401.0,407.6,401.0,406.75,4150488
2023-02-09,406.75,408.95,403.55,408.3,2638687
2023-02-10,407.0,407.0,402.8,405.8,2580070
2023-02-13,405.65,405.65,399.2,400.6,2412678
2023-02-14,403.0,406.45,401.5,405.1,2319411
2023-02-15,402.7,407.85,400.35,407.4,2613836
2023-02-16,408.8,413.25,408.55,409.9,5594681
2023-02-17,406.85,408.0,404.0,406.3,2808122
2023-02-20,405.3,407.8,402.2,407.05,3248594
2023-02-21,407.4,408.0,402.1,402.75,2880586
2023-02-22,399.5,400.35,394.45,395.15,3441686
2023-02-23,395.8,398.7,393.4,393.95,3039161
2023-02-24,395.95,396.5,392.55,393.3,2553317
2023-02-27,392.75,393.3,385.45,390.35,2777355
2023-02-28,391.85,393.2,385.7,387.05,5030801
2023-03-01,388.1,391.75,387.3,390.95,2271306
2023-03-02,388.7,390.35,387.3,388.05,2219486
2023-03-03,390.6,391.45,389.1,390.45,2196968
2023-03-06,392.45,396.65,392.1,393.75,3363861
2023-03-08,391.65,393.0,388.85,392.6,2454421
2023-03-09,392.8,393.85,389.6,390.1,2078527
2023-03-10,387.9,389.9,386.6,389.1,2283698
2023-03-13,389.0,392.6,383.75,385.45,2991260
2023-03-14,386.55,387.15,377.35,379.45,4047426
2023-03-15,383.7,383.7,374.9,375.75,3843963
2023-03-16,375.35,376.7,370.0,372.85,3843310
2023-03-17,377.2,378.35,373.85,376.5,4522141
2023-03-20,375.0,375.95,365.15,367.15,4092377
2023-03-21,369.0,370.25,365.45,366.4,3605576
2023-03-22,367.85,370.0,365.85,366.4,2687423
2023-03-23,364.9,364.9,360.35,361.5,4742596
2023-03-24,363.35,366.85,361.0,361.75,3953348
2023-03-27,361.75,364.0,359.2,361.25,3113857
2023-03-28,363.0,364.05,355.4,356.2,3906548
2023-03-29,358.0,360.75,355.0,359.05,4411920
2023-03-31,363.35,365.75,361.3,365.25,3957106
2023-04-03,367.95,368.4,365.15,367.95,2026750
2023-04-05,369.7,371.9,367.2,369.75,3221555
2023-04-06,369.0,370.45,365.85,366.65,3214807
2023-04-10,368.0,374.4,367.6,373.3,2812470
2023-04-11,373.5,374.85,368.6,370.25,3392177
2023-04-12,370.6,373.45,369.35,372.15,2789105
2023-04-13,369.9,369.9,366.0,368.3,3362317
2023-04-17,359.95,361.95,352.0,361.35,6801645
2023-04-18,363.45,368.9,359.25,367.9,4012449
2023-04-19,367.9,367.9,360.4,360.8,3737972
2023-04-20,360.5,363.7,359.0,362.85,2211633
2023-04-21,364.1,368.7,363.65,368.05,2649994
2023-04-24,375.0,378.6,370.55,377.95,8889522
2023-04-25,378.2,378.9,374.1,375.65,3764276
2023-04-26,377.65,377.65,373.4,374.55,3504073
2023-04-27,376.4,376.6,372.05,374.4,4245850
2023-04-28,380.0,388.0,380.0,385.0,13854703
2023-05-02,389.0,392.15,387.45,388.35,4873304
2023-05-03,388.35,388.35,382.05,385.1,2414244
2023-05-04,384.75,386.15,383.05,383.7,3126679
2023-05-05,382.75,384.4,379.0,379.4,3951097
2023-05-08,381.0,383.0,379.6,380.35,4806772
2023-05-09,382.5,383.45,380.05,382.3,2858349
2023-05-10,384.0,384.55,382.0,383.75,1835201
2023-05-12,384.6,385.25,381.55,383.25,2290179
2023-05-15,383.25,387.0,382.5,385.75,2544847
2023-05-16,387.5,388.8,386.5,386.95,2029676
2023-05-17,386.2,387.35,381.35,382.3,2688051
2023-05-18,385.2,385.35,382.25,382.6,2118508
2023-05-19,384.8,388.2,383.5,386.2,3640791
2023-05-22,386.5,396.6,385.4,395.75,6098695
2023-05-23,397.0,402.1,396.05,397.65,6362817
2023-05-24,394.5,400.45,393.35,399.7,4128487
2023-05-25,399.0,399.0,392.65,394.1,6802527
2023-05-26,395.15,402.55,395.0,401.7,3963090
2023-05-29,404.0,406.0,399.35,399.8,3979654
2023-05-30,400.0,403.85,399.45,402.5,3689486
2023-05-31,401.75,404.8,400.5,403.65,5891791
2023-06-01,405.0,408.0,404.05,407.15,3532742
2023-06-02,408.7,409.8,404.0,404.95,3160377
2023-06-05,408.9,409.75,403.7,404.2,3626430
2023-06-06,403.35,403.35,395.55,399.95,6853700
2023-06-07,402.4,403.6,401.0,402.8,4107930
2023-06-08,404.1,404.75,398.75,399.55,5307526
2023-06-09,399.45,400.35,396.05,397.3,6009116
2023-06-12,399.8,399.8,394.6,395.6,5986811
2023-06-13,397.95,398.5,394.5,395.55,6508093
2023-06-14,396.3,397.15,392.7,396.45,9256282
2023-06-15,397.1,397.45,388.25,388.95,14351160
2023-06-16,385.55,388.65,379.15,381.3,20555324
2023-06-19,382.0,382.0,377.1,380.15,5314720
2023-06-20,381.8,384.95,380.6,382.5,5901329
2023-06-21,384.25,387.25,383.1,385.5,4414632
2023-06-22,386.0,386.0,381.6,382.3,4678087
2023-06-23,382.3,383.0,378.1,379.95,3235203
2023-06-26,380.0,381.9,379.05,380.9,2050200
2023-06-27,384.25,384.25,381.5,382.6,2940375
2023-06-28,383.75,383.75,380.8,381.7,3570056
2023-06-30,385.0,389.75,383.0,389.15,4535405
2023-07-03,393.9,393.9,389.5,391.6,4518462
2023-07-04,393.75,397.35,393.0,395.95,6308617
2023-07-05,394.1,395.4,391.85,393.9,6183479
2023-07-06,394.5,396.95,393.15,396.2,4518621
2023-07-07,395.0,397.45,393.2,395.85,4532610
2023-07-10,395.85,395.85,389.65,389.95,2815200
2023-07-11,390.0,392.8,387.85,392.05,4817419
2023-07-12,393.9,393.95,390.35,391.85,3424110
2023-07-13,391.85,398.6,391.25,394.3,6797863
2023-07-14,394.75,405.5,392.35,405.05,15683392
2023-07-17,407.0,424.95,405.8,415.25,22879930
2023-07-18,418.0,420.3,412.25,417.2,8884513
2023-07-19,420.0,421.0,414.15,417.95,5415495
2023-07-20,418.5,420.0,414.65,417.65,4127855
2023-07-21,405.0,414.35,401.0,404.7,11757106
2023-07-24,406.3,408.0,403.5,404.05,3404230
2023-07-25,405.5,405.5,400.0,400.4,3229100
2023-07-26,403.5,403.6,401.4,402.75,2664831
2023-07-27,404.0,406.6,399.0,399.95,4474179
2023-07-28,401.05,402.85,396.55,398.75,3380030
2023-07-31,399.75,406.0,398.95,405.05,3381090
2023-08-01,405.5,408.0,404.05,406.95,3590902
2023-08-02,405.9,405.9,399.0,402.8,2699809
2023-08-03,402.0,402.0,397.05,399.65,3410849
2023-08-04,400.85,410.0,400.3,408.85,6240770
2023-08-07,409.95,413.0,408.05,411.15,4411433
2023-08-08,412.4,417.5,409.95,416.35,7862142
2023-08-09,415.5,418.5,412.55,417.8,4654694
2023-08-10,417.1,420.8,415.55,418.65,4950822
2023-08-11,418.65,422.15,412.35,413.05,3785734
2023-08-14,413.25,416.2,409.5,415.15,2896090
2023-08-16,414.15,420.2,414.0,418.65,4065890
2023-08-17,418.65,420.4,414.5,417.55,3170480
2023-08-18,415.05,416.35,408.0,411.7,5301196
2023-08-21,411.8,417.35,411.65,414.6,3667130
2023-08-22,415.0,418.1,412.75,417.1,3175120
2023-08-23,417.25,417.95,414.6,415.25,3067117
2023-08-24,418.75,420.0,412.0,412.7,2888478
2023-08-25,410.0,411.3,407.1,409.7,3299255
2023-08-28,411.45,412.45,407.65,408.05,1700987
2023-08-29,409.65,411.9,407.1,408.1,1999281
2023-08-30,410.0,410.2,406.65,407.2,2009091
2023-08-31,408.0,410.0,406.45,408.4,11030976
2023-09-01,407.95,417.75,407.5,416.35,4238065
2023-09-04,418.0,436.5,416.0,434.1,13817324
2023-09-06,433.75,435.55,425.9,429.3,6765956
2023-09-07,429.95,433.7,426.75,432.85,4661325
2023-09-08,433.45,433.45,429.3,430.0,2874205
2023-09-11,433.0,437.5,430.1,434.85,4126657
2023-09-12,437.1,441.5,426.9,435.0,7272664
2023-09-13,434.95,437.95,431.5,435.7,3722835
2023-09-14,438.4,443.25,435.3,436.45,7447505
2023-09-15,439.8,443.75,438.25,441.05,9917938
2023-09-18,441.05,441.05,435.2,436.1,3012598
2023-09-20,434.25,436.85,429.05,430.1,4551350
2023-09-21,429.9,431.25,423.05,428.95,4446535
2023-09-22,424.4,426.75,416.6,418.5,9909130
2023-09-25,418.5,419.75,412.0,414.1,4650566
2023-09-26,416.8,416.8,411.7,412.9,3240283
2023-09-27,412.25,416.55,410.3,415.65,3886997
2023-09-28,416.5,416.5,404.0,405.35,8438058
2023-09-29,405.0,409.25,401.5,406.05,6390136
2023-10-03,406.45,408.1,403.6,405.45,2864052
2023-10-04,402.7,405.45,400.65,404.9,3452935
2023-10-05,407.95,410.4,405.0,406.8,4062652
2023-10-06,408.0,409.8,406.95,407.85,3182502
2023-10-09,404.2,411.0,403.4,405.6,3015225
2023-10-10,406.4,408.75,406.2,407.75,2564007
2023-10-11,409.0,423.95,409.0,421.15,9546114
2023-10-12,421.75,421.9,414.7,417.1,5117199
2023-10-13,411.9,414.4,409.05,411.05,5457027
2023-10-16,411.0,411.9,408.15,410.2,2638826
2023-10-17,411.7,413.85,411.05,411.4,2989694
2023-10-18,409.0,413.65,407.0,407.45,2440533
2023-10-19,391.95,396.75,390.1,395.3,12814551
2023-10-20,395.05,396.05,391.0,391.85,4214668
2023-10-23,390.85,393.0,382.2,383.15,4418913
2023-10-25,384.4,387.7,381.1,381.85,3339147
2023-10-26,378.8,380.55,375.05,378.25,5497791
2023-10-30,384.0,384.35,380.4,382.0,2344372
2023-10-31,383.2,384.1,379.15,381.8,3076768
2023-11-01,383.85,385.55,380.15,380.95,2120976
2023-11-02,383.8,385.15,382.1,383.65,2371365
2023-11-03,386.0,386.7,382.65,383.55,2645764
2023-11-06,386.0,386.45,383.0,384.65,2469968
2023-11-08,384.6,385.85,381.5,382.2,3551026
2023-11-09,383.0,384.0,379.7,380.85,4615563
2023-11-10,380.3,381.8,377.0,379.3,5355350
2023-11-13,382.6,382.9,380.0,381.65,1792951
2023-11-15,385.55,392.25,384.25,391.65,5396259
2023-11-16,391.65,399.5,389.3,397.1,6921788
2023-11-17,398.0,399.0,394.5,395.4,3943464
2023-11-20,393.2,401.1,393.2,400.2,4305248
2023-11-21,402.6,402.6,400.05,400.65,2720124
2023-11-22,402.5,402.6,399.1,400.25,2659291
2023-11-23,400.5,405.0,400.5,402.5,4838680
2023-11-24,402.5,403.5,395.55,396.0,3125283
2023-11-28,397.0,398.75,393.1,396.85,4072657
2023-11-29,398.0,408.55,398.0,406.25,7772043
2023-11-30,406.95,414.5,404.05,413.05,9912979
2023-12-01,413.75,413.75,406.5,407.65,4915213
2023-12-04,412.7,413.0,406.75,407.45,5331236
2023-12-05,407.4,409.0,402.1,404.35,5582684
2023-12-06,406.75,420.4,405.95,418.75,11041035
2023-12-07,420.0,421.5,416.65,418.25,5625276
2023-12-08,418.8,424.5,415.0,422.6,7739561
2023-12-11,420.0,422.2,417.25,420.6,5042121
2023-12-12,420.7,427.9,420.15,422.2,5951682
2023-12-13,423.55,424.3,415.0,419.65,4848408
2023-12-14,423.5,436.0,423.25,434.4,12340688
2023-12-15,436.05,449.5,433.5,446.55,20783617
2023-12-18,446.0,453.5,442.0,445.25,10091036
2023-12-19,445.6,447.35,435.0,438.7,8032347
2023-12-20,442.0,449.5,429.35,431.95,13224971
2023-12-21,428.9,436.5,427.2,434.0,5331504
2023-12-22,435.3,466.3,434.0,462.65,23040407
2023-12-26,454.0,475.8,448.35,470.1,27314322
2023-12-27,468.5,475.4,464.1,470.95,12631496
2023-12-28,472.55,477.4,467.65,469.45,8419978
2023-12-29,470.95,475.35,466.1,471.3,7980570
2024-01-01,473.0,483.5,468.3,477.15,10173639
2024-01-02,478.0,478.0,464.3,469.2,7141257
2024-01-03,463.9,463.9,455.0,455.9,9767182
2024-01-04,457.0,459.85,451.4,452.4,7585168
2024-01-05,455.05,463.0,453.5,456.6,8444565
2024-01-08,457.5,460.0,449.05,450.35,5041443
2024-01-09,458.0,462.5,449.95,450.75,7232524
2024-01-10,451.45,456.0,449.0,453.6,4437338
2024-01-11,454.95,456.9,446.7,448.2,4319409
2024-01-12,455.0,469.0,455.0,465.45,18043367
2024-01-15,511.95,529.0,489.15,494.6,63922132
2024-01-16,495.0,495.0,480.5,485.0,12956246
2024-01-17,475.15,491.5,472.0,482.4,14334466
2024-01-18,482.4,489.0,468.4,482.65,13072462
2024-01-19,488.0,493.35,483.6,485.05,7749310
2024-01-20,486.4,488.9,469.05,477.95,6045801
2024-01-23,478.05,486.0,467.05,469.9,9986168
2024-01-24,471.0,479.0,468.05,478.05,5854375
2024-01-25,478.05,479.35,468.55,470.0,6426490
2024-01-29,470.0,477.0,470.0,473.0,5025650
2024-01-30,474.4,482.9,471.5,472.5,5914007
2024-01-31,472.5,479.9,469.0,478.15,5292240
2024-02-01,477.55,477.7,470.6,471.35,3914060
2024-02-02,475.0,486.5,475.0,483.15,8148111
2024-02-05,483.0,489.5,479.15,482.35,5783302
2024-02-06,484.7,501.8,483.1,499.65,14512019
2024-02-07,500.95,501.7,492.55,495.2,4551767
2024-02-08,495.9,500.1,485.1,488.85,5651920
2024-02-09,490.9,494.75,482.75,490.45,3946894
2024-02-12,491.0,510.8,491.0,501.45,24436750
2024-02-13,503.1,513.0,491.7,511.6,11186788
2024-02-14,503.95,517.0,497.05,514.5,11297328
2024-02-15,516.95,522.85,513.05,518.5,7285388
2024-02-16,522.5,545.0,520.95,543.0,17471322
2024-02-19,545.9,545.9,531.35,535.95,9301379
2024-02-20,535.8,538.15,526.25,531.95,5187063
2024-02-21,535.9,536.3,519.5,521.4,6557787
2024-02-22,522.8,533.0,521.45,531.05,7298241
2024-02-23,535.0,541.25,533.3,536.15,9930497
2024-02-26,536.25,536.5,526.05,532.9,4410318
2024-02-27,534.0,537.4,527.55,531.45,5199630
2024-02-28,530.0,530.95,515.0,517.7,6394528
2024-02-29,517.3,524.25,513.2,518.6,7231382
2024-03-01,522.4,525.2,517.55,519.1,4710315
2024-03-04,522.95,526.4,518.55,520.5,2831185
2024-03-05,517.75,520.5,510.65,513.3,5260774
2024-03-06,513.7,514.85,500.0,513.15,5545961
2024-03-07,513.75,520.4,510.5,515.5,4853991
2024-03-11,517.4,518.95,512.3,514.55,5565756
2024-03-12,512.75,522.5,507.75,510.85,5826380
2024-03-13,513.8,518.7,496.8,504.4,6790240
2024-03-14,501.15,518.9,495.15,517.95,6412736
2024-03-15,514.75,518.25,506.4,517.0,6824543
2024-03-18,518.0,518.55,509.0,510.2,3196980
2024-03-19,509.0,509.0,493.15,494.85,4808693
2024-03-20,496.05,501.25,489.2,493.5,4192672
2024-03-21,499.65,505.3,498.45,500.45,5822290
2024-03-22,489.25,490.75,479.55,487.1,14323251
2024-03-27,479.7,480.95,471.25,472.3,7160334
2024-03-28,476.7,483.05,475.3,480.1,7727575
2024-04-01,483.7,486.4,481.55,484.95,3020504
2024-04-02,481.95,482.7,479.6,481.2,3466327
2024-04-03,480.0,487.7,475.95,483.2,6897258
2024-04-04,485.8,491.95,479.6,487.4,8002023
2024-04-05,486.5,487.15,482.55,485.05,3207172
2024-04-08,490.0,491.6,478.2,479.9,13320385
2024-04-09,483.95,485.25,475.2,475.8,7900625
2024-04-10,477.5,479.45,473.1,477.3,5385767
2024-04-12,475.0,480.0,470.0,470.75,6585023
2024-04-15,466.45,468.35,458.2,459.35,6088236
2024-04-16,453.05,458.5,444.8,448.35,10719712
2024-04-18,452.5,455.45,442.85,444.35,10993129
2024-04-19,440.0,453.9,437.0,452.75,10235053
2024-04-22,452.75,466.15,450.0,462.0,9440870
2024-04-23,466.8,466.8,460.2,462.1,5161356
2024-04-24,463.9,464.65,458.6,459.9,2957584
2024-04-25,458.9,462.55,455.8,461.0,5902545
2024-04-26,461.9,475.8,461.6,464.6,10739147
2024-04-29,467.65,468.0,461.6,462.95,3624970
2024-04-30,463.0,466.75,461.5,462.4,4451478
2024-05-02,462.4,463.0,455.45,457.4,7468638
2024-05-03,460.4,462.0,453.2,457.35,4865313
2024-05-06,458.8,462.6,456.0,458.65,3459063
2024-05-07,461.8,465.35,454.0,463.9,4639264
2024-05-08,465.0,466.4,461.3,463.2,4102840
2024-05-09,461.75,464.4,454.05,455.9,4616742
2024-05-10,456.05,457.5,450.3,451.85,3327357
2024-05-13,451.85,453.25,445.0,451.95,3555804
2024-05-14,452.7,459.9,452.2,456.35,2454710
2024-05-15,456.35,459.75,454.65,458.3,2396712
2024-05-16,462.0,467.5,456.1,464.45,7310736
2024-05-17,464.4,464.4,460.05,461.0,3438410
2024-05-18,460.7,463.15,459.15,462.55,439806
2024-05-21,463.0,464.8,459.7,460.9,4233724
2024-05-22,462.9,463.45,458.85,461.3,3882942
2024-05-23,462.5,468.0,461.75,465.8,6585666
2024-05-24,467.0,470.5,462.0,463.65,4102763
2024-05-27,462.0,462.15,451.6,452.45,20491879
2024-05-28,454.0,457.25,453.1,456.05,7889063
2024-05-29,454.0,455.5,449.5,450.8,4878018
2024-05-30,449.0,449.5,435.1,436.95,10362284
2024-05-31,437.55,442.15,435.5,438.2,10719002
2024-06-03,450.2,450.55,441.55,444.1,4482212
2024-06-04,445.9,445.9,417.0,438.15,8865366
2024-06-05,439.7,455.0,439.05,451.5,6133714
2024-06-06,454.95,462.0,452.6,461.0,7712784
2024-06-07,470.0,486.4,468.3,484.55,36336220
2024-06-10,488.4,488.4,473.35,475.25,9155876
2024-06-11,479.2,479.2,474.35,476.05,4685857
2024-06-12,478.0,484.4,475.55,476.9,6937558
2024-06-13,480.0,485.35,478.15,482.6,6497966
2024-06-14,485.0,485.6,476.2,477.5,5661298
2024-06-18,481.0,493.0,480.05,491.85,15935492
2024-06-19,492.25,497.15,486.75,495.75,10440142
2024-06-20,497.5,497.5,488.25,490.4,6285563
2024-06-21,497.95,500.95,489.1,490.55,47585588
2024-06-24,490.1,494.9,489.45,490.55,4967259
2024-06-25,490.55,498.0,489.3,496.85,4629105
2024-06-26,496.85,499.9,493.8,495.2,6406045
2024-06-27,492.15,511.95,489.2,510.8,21068569
2024-06-28,512.0,516.3,505.85,514.85,8202916
2024-07-01,517.9,535.8,514.1,527.35,15378764
2024-07-02,529.3,545.0,528.3,538.2,18138484
2024-07-03,541.9,545.45,535.5,539.0,8024692
2024-07-04,541.4,548.8,529.1,530.7,9762316
2024-07-05,531.35,536.5,529.45,535.1,5188045
2024-07-08,535.95,543.0,535.0,541.2,6088180
2024-07-09,544.0,544.95,537.6,541.0,4340722
2024-07-10,541.0,543.35,531.75,535.55,4616874
2024-07-11,536.7,539.55,530.0,534.1,4403809
2024-07-12,545.0,564.8,541.55,560.15,27093021
2024-07-15,566.9,566.9,556.15,559.7,8049739
2024-07-16,561.85,562.6,556.4,559.7,5619531
2024-07-18,556.55,574.4,556.35,573.2,12509893
2024-07-19,579.9,579.9,554.7,557.2,13261745
2024-07-22,521.0,526.75,501.55,505.8,38007284
2024-07-23,508.0,508.0,486.35,500.55,12923816
2024-07-24,502.5,506.35,499.85,500.1,6120138
2024-07-25,496.0,507.5,493.3,506.85,10943945
2024-07-26,510.0,528.55,508.5,524.8,13076998
2024-07-29,528.0,530.55,522.85,524.4,6005777
2024-07-30,524.4,526.95,519.75,521.5,5408263
2024-07-31,521.8,524.9,519.45,522.0,3879254
2024-08-01,523.0,526.8,517.5,521.55,5379876
2024-08-02,515.0,519.25,501.0,502.15,7826114
2024-08-05,490.0,495.85,480.25,485.0,10969040
2024-08-06,489.75,499.35,486.6,489.5,5635792
2024-08-07,498.7,500.1,492.65,497.4,3539913
2024-08-08,494.0,494.0,486.35,487.3,6580285
2024-08-09,495.35,496.45,489.65,491.3,3032974
2024-08-12,491.55,494.0,487.4,489.05,3669234
2024-08-13,489.05,492.7,487.15,490.5,3144709
2024-08-14,493.0,496.85,490.45,495.15,5560878
2024-08-16,501.0,517.45,497.95,516.25,12965570
2024-08-19,516.0,523.2,513.7,519.75,5733281
2024-08-20,519.9,527.6,519.65,524.65,4771906
2024-08-21,523.4,528.1,521.05,526.35,3227201
2024-08-22,527.8,530.55,518.05,519.0,5748253
2024-08-23,519.9,521.45,511.35,512.4,5638853
2024-08-26,516.0,524.8,515.95,520.0,8675690
2024-08-27,520.0,523.25,516.0,517.15,3982898
2024-08-28,520.0,538.1,517.85,534.6,17187783
2024-08-29,535.0,541.95,534.05,538.7,12842659
2024-08-30,541.7,542.0,535.7,538.4,9717402
2024-09-02,538.4,542.0,531.85,532.45,7867991
2024-09-03,533.0,540.85,529.5,536.05,7528343
2024-09-04,528.0,528.25,516.75,519.15,10201064
2024-09-05,521.2,526.0,519.5,524.85,6034559
2024-09-06,524.85,529.9,518.45,520.6,7289977
2024-09-09,517.1,521.75,513.45,514.85,5959770
2024-09-10,516.8,528.0,514.0,525.75,5143636
2024-09-11,525.0,526.25,513.25,514.35,4130762
2024-09-12,520.45,532.0,517.75,530.05,7889737
2024-09-13,533.8,552.5,530.85,550.6,17959853
2024-09-17,549.0,554.9,547.05,551.9,4364119
2024-09-18,549.05,549.05,532.65,538.15,8332760
2024-09-19,544.2,551.45,529.15,533.35,10484591
2024-09-20,537.9,540.75,531.0,539.1,8332116
2024-09-23,539.1,540.4,532.0,534.9,4272145
2024-09-24,532.2,541.9,529.35,539.55,6177847
2024-09-25,538.8,539.4,530.75,536.2,4032598
2024-09-26,538.7,543.1,535.7,541.9,5701700
2024-09-27,548.9,558.9,540.7,541.8,13231192
2024-09-30,538.0,544.5,534.0,541.45,4099723
2024-10-01,540.2,549.6,540.2,546.75,4705637
2024-10-03,540.1,542.4,526.25,530.15,7017684
2024-10-04,528.05,541.95,528.05,533.55,5961377
2024-10-07,538.0,541.7,525.95,531.45,4939037
2024-10-08,531.55,533.8,520.3,526.95,5751402
2024-10-09,529.8,538.7,528.5,531.15,4420844
2024-10-10,535.0,537.6,523.45,525.0,6310122
2024-10-11,520.35,534.4,520.35,528.3,4218491
2024-10-14,538.7,551.85,536.3,549.55,16568133
2024-10-15,552.85,552.85,530.85,532.95,10800626
2024-10-16,533.0,538.8,529.0,532.15,6276811
2024-10-17,534.95,538.0,525.05,528.75,11877639
2024-10-18,532.0,558.4,524.8,548.65,37326527
2024-10-21,551.6,561.9,547.0,548.1,11983482
2024-10-22,549.8,555.5,543.85,545.45,9239150
2024-10-23,547.5,554.5,542.2,547.2,6349288
2024-10-24,547.2,550.5,545.15,546.9,4788302
2024-10-25,549.75,552.0,540.5,543.45,5062270
2024-10-28,543.45,559.8,542.7,558.6,5592929
2024-10-29,559.8,563.4,553.25,562.2,6027815
2024-10-30,562.5,578.75,561.1,565.25,10377746
2024-10-31,564.8,566.3,548.3,551.8,7840047
2024-11-04,551.0,552.45,534.2,540.8,4927780
2024-11-05,543.0,545.35,540.4,543.7,3431130
2024-11-06,547.45,565.85,541.0,563.9,9777442
2024-11-07,566.0,569.7,554.45,563.4,5998571
2024-11-08,565.0,578.8,565.0,569.0,10426329
2024-11-11,569.0,583.2,566.05,573.5,8069722
2024-11-12,575.0,579.7,569.05,570.65,5630445
2024-11-13,570.0,573.6,565.55,569.0,5695600
2024-11-14,568.95,574.55,564.2,566.7,4891760
2024-11-19,556.0,569.8,554.7,562.0,6459889
2024-11-21,562.0,567.6,555.3,557.15,5836304
2024-11-22,561.95,573.6,557.9,571.65,7366616
2024-11-25,575.5,587.55,573.9,582.45,11648737
2024-11-26,585.0,590.35,579.3,589.0,7885670
2024-11-27,591.5,596.0,581.9,582.9,6829838
2024-11-28,585.75,586.0,570.55,572.2,5948278
2024-11-29,575.0,580.75,571.6,577.85,4270056
2024-12-02,582.45,585.55,578.2,584.55,5597000
2024-12-03,295.35,296.2,289.3,291.65,15445286
2024-12-04,294.65,297.0,291.8,294.0,14036431
2024-12-05,295.0,300.9,293.9,299.3,13487264
2024-12-06,299.15,299.15,296.2,297.35,7894350
2024-12-09,295.0,305.7,293.75,303.75,9285213
2024-12-10,306.0,311.0,303.45,308.1,17028502
2024-12-11,308.15,309.9,305.55,309.0,8608406
2024-12-12,308.0,313.8,307.45,309.1,12958440
2024-12-13,309.1,311.05,304.2,309.95,7382211
2024-12-16,310.0,311.4,307.1,309.2,7221189
2024-12-17,311.0,312.25,307.3,308.85,10568517
2024-12-18,309.0,313.25,308.55,312.6,10965226
2024-12-19,306.35,313.4,301.15,312.75,12405595
2024-12-20,315.5,320.0,304.4,305.2,22214824
2024-12-23,306.6,310.65,305.0,307.9,6693583
2024-12-24,307.5,309.2,302.8,305.3,8837902
2024-12-26,305.4,306.95,304.0,305.05,6516148
2024-12-27,305.2,310.9,304.7,309.1,8063921
2024-12-30,309.1,309.4,302.65,303.7,13709891
2024-12-31,300.95,303.0,295.25,301.85,9337030
2025-01-02,298.0,304.45,297.15,303.8,8800435
2025-01-03,303.3,303.8,294.0,294.45,12535720
2025-01-06,295.0,297.8,290.55,294.3,9173687
2025-01-07,294.3,297.5,291.3,294.05,7381943
2025-01-08,293.0,298.45,289.3,297.55,7937785
2025-01-09,297.0,298.0,291.35,292.3,7964702
2025-01-10,294.3,303.25,294.3,300.55,19505556
2025-01-13,298.95,299.25,290.25,291.85,9541248
2025-01-14,291.8,294.55,286.55,292.85,7670070
2025-01-15,293.0,294.7,289.7,292.65,4662694
2025-01-16,295.9,296.5,286.7,288.05,10345666
2025-01-17,287.8,287.8,280.5,281.95,9358955
2025-01-20,302.0,305.4,296.95,300.25,39380165
2025-01-22,299.35,310.0,299.35,309.1,30859317
2025-01-23,311.1,324.6,310.65,317.7,39904371
2025-01-24,319.0,322.5,316.6,320.1,17479586
2025-01-27,317.8,319.15,306.75,307.95,12372895
2025-01-28,304.0,307.6,301.55,303.6,12077491
2025-01-29,305.05,314.7,305.05,312.45,16338112
2025-01-30,311.0,313.7,305.95,309.0,9984186
2025-01-31,311.7,315.7,309.55,311.9,15597644
2025-02-03,303.0,314.0,300.3,313.6,14877076
2025-02-04,318.0,318.85,313.35,316.25,15366864
2025-02-05,317.8,321.45,314.9,317.1,9628027
2025-02-06,320.0,323.6,314.55,317.95,15062390
2025-02-07,319.0,319.0,314.0,318.0,8589587
2025-02-10,318.8,321.0,315.85,319.05,12304840
2025-02-11,319.5,320.4,311.6,313.0,10627890
2025-02-12,313.45,315.75,309.35,310.2,9668342
2025-02-13,310.3,313.65,306.95,308.55,8832731
2025-02-14,310.05,312.4,304.55,308.1,7371341
2025-02-17,308.1,310.3,302.0,305.35,7507772
2025-02-18,305.35,312.75,305.35,312.2,10368789
2025-02-19,311.25,316.5,308.3,314.1,7835672
2025-02-20,311.2,314.3,310.25,313.3,7697134
2025-02-21,312.8,312.8,305.05,306.35,8722925
2025-02-24,302.95,303.3,293.35,295.05,12600963
2025-02-25,294.35,296.3,290.1,291.3,10810040
2025-02-27,294.0,295.8,291.35,294.5,15555649
2025-02-28,294.0,294.0,277.0,277.65,17458839
2025-03-03,279.45,286.35,279.3,283.55,11471554
2025-03-04,279.0,283.1,276.3,280.0,9331785
2025-03-05,281.4,286.95,278.65,285.1,10285712
2025-03-06,288.45,292.0,283.5,285.9,9782051
2025-03-07,287.4,287.7,282.9,284.8,8097300
2025-03-11,277.0,279.3,273.2,277.75,8602609
2025-03-12,277.7,277.7,262.2,268.55,18584311
2025-03-13,268.55,271.1,263.35,264.0,8683943
2025-03-17,264.0,265.2,258.9,259.85,12697930
2025-03-18,261.75,263.05,259.4,261.25,11450247
2025-03-19,262.0,266.5,256.25,265.7,14044300
2025-03-20,269.2,273.95,267.5,268.0,17038774
2025-03-21,264.0,269.55,260.2,264.3,22659168
2025-03-24,267.05,271.65,265.4,269.4,9269617
2025-03-25,272.0,274.7,269.35,271.0,12563930
2025-03-26,272.0,272.25,266.75,267.4,7308412
2025-03-27,270.0,273.55,269.6,272.2,14783522
2025-03-28,271.0,271.85,261.6,262.25,14283389
2025-04-01,260.35,263.0,258.5,262.6,8388635
2025-04-02,262.8,265.55,261.1,263.6,7136992
2025-04-03,259.9,260.5,255.3,256.35,12262561
2025-04-04,253.0,253.95,244.85,246.3,14639785
2025-04-07,231.05,243.85,228.0,242.9,13011904
2025-04-08,244.75,249.5,243.85,247.25,13806651
2025-04-09,240.7,242.3,234.0,236.65,19063559
2025-04-11,245.0,245.0,238.35,239.75,11205821
2025-04-15,245.05,245.05,241.35,244.0,10694621
2025-04-16,244.0,248.45,241.2,247.65,16203319
2025-04-17,235.0,237.8,232.15,236.9,54875421
2025-04-21,237.4,240.8,237.4,238.45,16298364
2025-04-22,238.45,239.0,233.5,234.15,18367713
2025-04-23,237.2,245.35,236.1,243.6,31898042
2025-04-24,244.8,245.15,241.5,242.75,23000820
2025-04-25,243.95,246.15,238.05,240.9,16620430
2025-04-28,240.5,241.95,238.75,240.5,14218414
2025-04-29,241.6,243.6,239.85,241.4,16647246
2025-04-30,241.55,243.4,239.2,241.5,14206640
2025-05-02,242.04,245.8,240.75,242.87,14411726
2025-05-05,244.0,246.87,242.7,243.57,12170446
2025-06-20,266.0,267.2,262.87,266.54,12904674
2025-06-23,264.0,265.2,261.81,263.24,6214062
2025-06-24,265.5,268.65,264.71,264.97,6319428
2025-06-25,265.9,269.96,265.85,269.41,5331739
2025-06-26,269.1,271.3,267.19,268.52,8564099
2025-06-27,269.0,270.0,264.5,265.05,8906108
2025-06-30,266.1,266.74,262.9,265.98,7119563
2025-07-01,265.5,268.35,263.7,264.55,3886095
2025-07-02,265.0,268.7,264.45,267.0,8750887
2025-07-03,268.4,270.85,266.45,267.05,9357962
2025-07-04,268.3,271.4,267.5,270.05,7141779
2025-07-07,270.05,270.55,267.3,267.75,4849218
2025-07-08,267.8,270.3,267.35,269.65,5519016
2025-07-09,268.0,269.4,264.85,267.8,11564433
2025-07-10,267.55,267.55,263.15,265.05,6911031
2025-07-11,261.0,262.05,257.75,258.3,13109857
2025-07-14,258.3,259.55,251.65,254.25,10388421
2025-07-15,254.0,259.85,252.8,257.4,8750149
2025-07-16,257.4,264.0,256.05,262.8,12179338
2025-07-17,263.85,264.35,258.0,260.6,7484171
2025-07-18,268.6,271.9,265.6,266.95,30319126
2025-07-21,266.95,267.15,259.2,260.35,12190000
2025-07-22,261.7,262.15,258.75,259.7,6724044
2025-07-23,260.25,261.75,258.15,261.4,6510321
2025-07-24,262.0,263.4,260.25,261.85,8139900
2025-07-25,261.8,262.05,256.05,259.2,8427780
2025-07-28,254.0,254.0,249.0,250.05,8998911
2025-07-29,249.2,252.7,247.25,251.8,12923128
2025-07-30,251.45,252.5,249.2,250.2,6057152
2025-07-31,248.1,250.15,246.05,248.3,7338764
2025-08-01,246.5,246.9,242.2,242.75,7436999
2025-08-04,242.75,246.42,241.1,246.05,5234393
2025-08-05,246.05,246.95,244.53,245.91,7383968
2025-08-07,239.11,243.18,238.61,242.32,6190830
2025-08-08,242.4,243.25,238.4,239.05,8922847
2025-08-11,239.05,244.75,238.62,241.62,3047287
2025-08-12,242.7,246.29,241.1,241.72,8101435
2025-08-13,242.89,242.89,240.12,241.65,5820844
2025-08-14,243.1,248.43,242.41,246.81,12857225
2025-08-18,248.64,249.01,244.76,245.21,5789317
2025-08-19,245.46,247.5,244.78,246.96,4090961
2025-08-20,245.3,252.89,245.3,250.84,10099384
2025-08-21,252.74,252.74,249.61,249.91,7607486
2025-08-22,252.0,253.0,247.61,248.64,13572686
2025-08-25,250.6,257.29,250.6,253.84,16391069
2025-08-26,253.0,254.82,251.31,252.03,15797327
2025-08-28,252.02,252.35,249.08,250.65,5851451
2025-08-29,250.5,253.1,248.66,249.41,10117017
2025-09-01,249.42,252.99,249.4,250.36,3198345
2025-09-02,250.36,253.15,249.6,250.93,5046939
2025-09-03,251.9,252.4,249.12,249.56,3862765
2025-09-04,249.5,250.34,244.44,244.97,5021036
2025-09-05,246.1,247.32,241.27,243.67,6233782
2025-09-08,244.36,246.99,242.2,242.52,6596932
2025-09-09,245.0,249.85,245.0,249.15,12836972
2025-09-10,249.3,257.17,249.25,255.75,15261331
2025-09-11,255.7,255.7,252.17,253.91,5865301
2025-09-12,254.88,255.9,250.82,251.94,5345794
2025-09-15,251.5,251.79,249.6,251.28,3700703
2025-09-16,252.0,254.5,250.2,254.01,7316998
2025-09-17,253.3,255.5,252.85,254.15,7339871
2025-09-18,257.0,259.8,256.0,256.93,10498239
2025-09-19,257.0,257.66,254.7,255.88,10741757
2025-09-22,248.55,251.78,247.21,250.33,15784007
2025-09-23,250.22,252.0,248.75,249.63,8674114
2025-09-24,248.33,249.12,244.25,244.59,7888797
2025-09-25,245.45,245.64,241.28,242.0,7957740
2025-09-26,241.45,241.55,235.01,235.75,16999628
2025-09-29,236.88,240.79,236.29,239.64,8894412
2025-09-30,239.93,241.5,239.0,239.37,5590909
2025-10-01,240.0,243.57,237.84,241.07,9479378
2025-10-03,240.98,241.4,238.06,240.98,10968346
2025-10-06,240.0,242.96,239.32,242.13,6064946
2025-10-07,242.9,245.0,242.14,243.53,6587728
2025-10-08,243.25,246.35,242.57,244.27,7360563
2025-10-09,243.99,246.8,243.16,246.4,4629760
2025-10-10,248.0,251.25,246.25,248.7,7070200
2025-10-13,246.06,247.7,244.51,245.13,6717589
2025-10-14,245.8,250.15,245.11,248.42,7888607
2025-10-15,250.0,252.13,248.54,250.21,13278925
2025-10-16,250.4,254.07,248.8,253.81,10661302
2025-10-17,250.0,250.0,239.11,240.9,43802251
2025-10-20,240.9,241.94,239.27,241.24,9871824
2025-10-21,241.0,242.16,240.36,241.36,2082336
2025-10-23,244.8,247.8,243.37,244.3,18964626
2025-10-24,245.0,245.88,242.16,242.98,6803979
2025-10-27,243.29,245.73,243.06,243.91,9550336
2025-10-28,243.66,244.7,241.4,242.38,8780789
2025-10-29,243.6,243.6,241.64,242.28,8776917
2025-10-30,242.89,244.77,240.5,241.92,8344622
2025-10-31,242.11,243.19,240.5,240.67,5659566
2025-11-03,240.67,241.29,239.5,240.5,4902693
2025-11-04,240.5,240.84,237.52,237.92,6848284
2025-11-06,240.0,240.62,238.37,240.05,7141517
2025-11-07,238.7,239.25,236.0,236.49,5520619
2025-11-10,237.44,241.55,237.02,239.84,8566758
2025-11-11,241.1,242.05,238.81,241.69,8831094
2025-11-12,242.75,246.3,242.1,245.22,13152546
2025-11-13,246.0,246.0,244.0,245.33,6211124
2025-11-14,243.92,245.9,242.15,244.37,6841554
2025-11-17,243.97,244.78,242.69,244.05,6559062
2025-11-18,242.93,244.0,240.3,240.9,4730012
2025-11-19,241.2,246.85,240.54,246.07,13298452
2025-11-20,247.5,247.8,245.71,246.26,6705862
2025-11-21,245.0,247.25,243.61,244.49,5516450
2025-11-24,245.02,249.38,245.02,247.27,19711070
2025-11-25,248.0,248.0,244.0,245.64,8188793
2025-11-26,246.0,250.55,245.62,250.19,8202096
2025-11-27,250.4,251.92,247.69,249.56,5268129
2025-11-28,251.0,251.99,248.6,249.53,7049965
2025-12-01,250.1,250.75,248.86,250.28,3865446
2025-12-02,250.0,251.45,248.87,250.17,8535708
2025-12-03,250.6,257.13,250.55,254.69,17215454
2025-12-04,256.0,258.8,255.5,256.93,10687381
2025-12-05,258.2,261.1,257.7,259.91,7886562
2025-12-08,260.01,263.07,259.71,261.38,9684253
2025-12-09,261.38,261.82,257.05,257.41,8560580
2025-12-10,258.01,260.37,257.25,257.98,7944200
2025-12-11,258.31,259.98,257.72,259.25,6473376
2025-12-12,259.5,260.82,257.36,260.6,4008271
2025-12-15,259.99,262.5,258.54,261.74,4023911
2025-12-16,261.74,261.75,258.8,259.22,2982041
2025-12-17,259.0,262.13,258.31,261.14,4923276
2025-12-18,261.18,264.99,261.0,263.85,9008412
2025-12-19,267.0,267.0,263.3,264.45,12750745
2025-12-22,267.51,273.1,266.8,272.67,14651313
2025-12-23,272.0,272.48,270.21,271.4,7572420
2025-12-24,270.94,270.98,267.2,268.06,4694861
2025-12-26,267.2,268.88,265.74,266.3,2899112
2025-12-29,265.99,267.39,263.6,264.24,3755074
2025-12-30,264.0,264.72,263.02,263.65,5117699
2025-12-31,264.0,264.6,261.26,263.28,5705044
2026-01-01,264.5,268.05,263.75,267.35,3639755
2026-01-02,267.35,272.4,266.15,269.0,8286204
2026-01-05,269.45,269.65,261.7,263.3,7006599
2026-01-06,263.3,266.1,262.95,265.6,4083654
2026-01-07,265.0,272.5,264.5,270.8,10242615
2026-01-08,270.9,270.9,261.35,262.2,9269522
2026-01-09,261.35,263.95,260.45,261.95,4735387
2026-01-12,260.7,264.5,259.05,263.1,3802164
2026-01-13,263.45,264.85,261.3,264.2,6931244
2026-01-14,264.0,264.0,259.6,260.2,5625861
2026-01-16,263.25,269.8,263.0,267.45,12028289
2026-01-19,252.0,252.0,241.55,245.95,65833247
2026-01-20,245.95,246.0,239.4,239.9,16796201
2026-01-21,239.9,242.6,237.6,239.55,14397792
2026-01-22,242.0,242.9,239.2,240.65,8537915
2026-01-23,242.3,243.55,237.85,238.4,13546802
2026-01-27,235.2,236.4,231.75,234.8,15677537
2026-01-28,235.5,238.1,234.95,237.35,10155128
2026-01-29,236.2,240.9,235.45,239.8,12201949
2026-01-30,238.0,238.0,235.3,236.9,11362317
2026-02-02,244.0,244.08,239.29,242.3,12335721
2026-02-03,259.21,259.89,242.28,242.69,25915412
2026-02-04,235.91,235.92,226.26,233.34,25995324
2026-02-05,233.34,235.57,231.7,233.39,10102736
2026-02-06,232.93,232.93,228.6,230.72,12279085
2026-02-09,231.85,232.93,229.61,230.08,9112474
2026-02-10,229.98,232.86,227.2,231.47,12435622
2026-02-11,231.47,233.0,229.5,229.81,7874912
2026-02-12,226.2,226.26,218.5,219.08,40899346
2026-02-13,210.65,216.48,209.01,214.09,23721186
2026-02-16,214.62,216.91,210.11,213.26,20754327
2026-02-17,213.26,219.39,212.26,215.69,26941553
2026-02-18,216.2,216.4,210.26,211.95,22679760
2026-02-19,214.0,215.44,210.4,211.21,14151588
2026-02-20,209.7,211.96,208.25,209.86,17690420
2026-02-23,210.36,211.74,204.28,205.89,20946229
2026-02-24,203.0,203.29,199.36,200.14,25036686
2026-02-25,201.31,205.48,201.31,201.92,13979068
2026-02-26,203.71,204.63,199.12,201.08,14378069
2026-02-27,204.0,204.0,200.05,200.96,13288519
2026-03-02,195.0,200.36,194.7,198.57,10486866
2026-03-04,196.01,197.12,194.51,195.55,19562075
2026-03-05,196.4,196.97,193.22,195.68,13149281
2026-03-06,195.6,198.93,195.0,195.4,9022914
2026-03-09,194.0,199.5,193.03,198.75,25862728
2026-03-10,200.5,201.31,197.42,200.93,12982340
2026-03-11,202.69,205.95,201.58,202.23,29199002
2026-03-12,201.06,203.8,199.7,202.51,19042475
2026-03-13,200.6,202.07,196.04,197.58,12629652
2026-03-16,196.24,198.29,192.77,195.11,12631649
2026-03-17,195.0,195.11,188.25,191.32,21778468
2026-03-18,193.0,198.0,192.69,194.3,24529164
2026-03-19,191.98,192.79,187.68,188.41,13685195
2026-03-20,191.19,192.3,188.41,190.9,24395304
2026-03-23,189.41,190.62,187.0,187.54,12014988
2026-03-24,191.5,191.5,187.8,188.74,11843191
2026-03-25,189.0,190.62,187.9,189.05,13862888
2026-03-27,189.05,192.29,187.9,191.6,26269256
2026-03-30,189.99,191.63,186.5,187.64,27946986
2026-04-01,191.51,194.49,190.41,191.18,11769673
2026-04-02,190.5,195.34,188.58,194.91,16623045
2026-04-06,197.0,201.18,196.11,197.29,23282287
2026-04-07,197.01,205.27,197.01,204.72,24771466
2026-04-08,207.7,209.0,202.8,203.42,22084158
2026-04-09,203.71,204.16,201.63,202.87,14540807
2026-04-10,208.7,208.7,200.62,204.88,51219565
2026-04-13,203.01,203.4,200.31,202.97,21930624
2026-04-15,206.5,210.49,205.1,209.75,27890080
2026-04-16,212.98,212.98,208.21,210.26,36305074
2026-04-17,205.0,206.45,202.5,204.32,80542603
2026-04-20,204.5,205.2,202.0,202.48,27927164
2026-04-21,203.0,205.7,202.48,205.01,21530723
2026-04-22,203.5,205.38,202.2,204.0,21790433
2026-04-23,204.0,204.9,202.3,202.76,20307250
2026-04-24,202.75,202.75,197.88,199.36,39363394
2026-04-27,199.36,205.25,199.36,205.05,42632215
2026-04-28,204.56,205.68,201.02,201.58,23455983
2026-04-29,201.58,203.6,200.3,200.68,15667662
2026-04-30,200.89,202.15,200.0,200.65,15300274
2026-05-04,202.4,203.37,200.06,200.75,8446995
2026-05-06,200.51,201.13,198.25,199.12,13166683
2026-05-07,199.5,200.28,197.19,197.36,19303572
2026-05-08,198.0,198.94,196.7,197.91,15970687
2026-05-11,197.88,198.24,196.15,196.68,9199527
2026-05-12,196.1,196.14,189.1,189.57,27435195
2026-05-13,190.67,191.3,187.31,187.8,17242394
2026-05-14,188.25,190.18,187.0,188.3,18280387
2026-05-15,189.9,191.9,188.8,190.0,17902610
2026-05-18,190.99,192.75,189.2,192.17,16327369
2026-05-19,192.4,198.0,192.4,195.17,20534622
2026-05-20,194.61,197.94,194.01,197.12,16201692
2026-05-21,198.5,200.04,197.5,199.74,18980608
2026-05-22,200.0,205.4,198.83,203.11,40014399
2026-05-25,207.0,209.55,204.06,206.84,72041558
2026-05-26,206.99,208.69,202.94,203.73,46458415
2026-05-27,203.85,205.99,200.2,201.58,39465643
2026-05-29,211.0,211.0,203.65,204.25,82734524
2026-06-01,205.1,207.75,205.1,206.41,26491139
2026-06-02,208.0,210.18,206.51,209.84,42476874
2026-06-03,208.0,208.4,202.0,204.1,62282204
2026-06-04,203.0,205.09,202.1,204.32,40659957
2026-06-05,191.52,199.0,188.15,198.37,43539069
2026-06-08,193.39,193.89,181.0,181.76,75164049
2026-06-09,183.97,184.35,180.6,181.67,28381665
2026-06-10,182.1,182.29,178.5,178.93,16935979
2026-06-11,176.97,178.2,175.83,177.37,14468882
2026-06-12,178.65,180.45,177.57,180.14,13850153
2026-06-15,183.0,183.0,180.91,181.38,13870660
2026-06-16,182.39,183.38,181.63,182.67,11706020
2026-06-17,184.0,185.25,183.58,184.47,16131548
2026-06-18,184.47,184.76,181.71,182.84,18165845
2026-06-19,176.76,181.48,174.89,180.8,37469436
2026-06-22,180.84,182.4,180.0,180.18,10368112
2026-06-23,179.5,179.5,174.0,174.49,23954730
2026-06-24,171.5,175.49,171.49,174.48,56627728
2026-06-25,176.0,176.39,172.69,175.0,21544904
2026-06-29,176.28,176.69,174.6,175.48,24484011
2026-06-30,175.0,175.4,170.05,170.39,26845383
2026-07-01,171.0,172.15,169.25,170.13,34638511
2026-07-02,169.49,174.97,169.0,174.0,43447174
2026-07-03,176.2,178.14,174.59,176.08,29538753
2026-07-06,176.08,176.3,173.57,174.32,8304046
2026-07-07,173.9,176.2,172.77,173.0,18837725
2026-07-08,173.0,175.4,172.24,172.72,16482564
2026-07-09,173.0,174.29,171.65,172.76,10270117
2026-07-10,175.23,177.22,175.0,175.46,16249590
2026-07-13,174.6,179.95,174.36,178.43,22417855
2026-07-14,178.5,180.5,176.71,177.14,14461463
2026-07-15,175.12,176.6,174.49,174.65,10398720
2026-07-16,175.6,177.99,175.41,177.74,11184572
2026-07-17,173.55,176.26,173.55,176.0,22960032
2026-07-20,177.0,177.8,175.85,176.38,10183661
2026-07-21,176.11,177.5,174.5,174.97,11350578
2026-07-22,174.77,174.96,173.42,174.44,5057035
2026-07-23,173.81,175.56,173.31,174.82,9055905
2026-07-24,174.0,177.9,172.8,177.12,13282944
2026-07-27,177.5,178.78,175.61,178.53,12504426
2026-07-28,178.55,181.7,178.55,181.12,26873060
2026-07-29,183.0,185.76,181.45,183.61,26147867
2026-07-30,183.4,191.34,183.4,186.33,54015268
2026-07-31,184.85,185.24,180.83,183.65,18762810
2026-08-03,184.02,189.81,184.02,188.66,15840516
2026-08-04,189.0,189.4,186.3,186.3,11903457
2026-08-05,187.0,188.54,186.07,186.99,8829250
2026-08-07,185.87,188.37,185.65,187.53,7823102
2026-08-10,187.53,187.89,185.0,185.5,5337618
2026-08-11,185.5,187.48,183.31,184.6,9182421
2026-08-12,184.51,185.0,181.91,183.94,8624548
2026-08-14,183.55,185.84,183.1,184.0,7366162
2026-08-17,183.5,183.71,181.0,181.9,4436515
2026-08-18,181.9,181.99,178.06,178.06,7074731
2026-08-19,179.06,179.95,178.22,179.55,5964187
2026-08-20,181.56,182.46,180.51,181.0,5364164
2026-08-21,180.6,181.76,180.0,180.79,4637869
2026-08-24,181.0,183.92,180.56,181.31,9441129
2026-08-25,181.29,181.29,178.39,180.09,8352475
2026-08-26,180.09,180.95,176.66,177.35,9355776
2026-08-27,177.35,178.7,176.4,176.4,4695019
2026-08-28,178.25,181.85,178.25,180.95,14686269
2026-08-31,180.17,184.5,176.17,184.5,16666567
2026-09-01,181.0,182.1,178.5,181.7,6813425
2026-09-02,180.0,180.39,176.8,177.09,12056634
2026-09-03,177.5,178.04,175.72,175.72,6496396
2026-09-04,176.74,178.75,176.4,176.4,6882678
2026-09-07,175.89,176.47,172.65,172.8,10720636
2026-09-08,172.8,172.9,171.13,171.5,6948945
2026-09-09,168.7,169.15,166.37,167.0,12001620
2026-09-10,167.9,169.19,166.0,166.3,9586645
2026-09-11,165.2,167.75,165.16,167.4,8484897
