,equity
2010-06-10,100000.0
2010-06-11,100000.0
2010-06-14,100000.0
2010-06-15,100000.0
2010-06-16,100000.0
2010-06-17,100000.0
2010-06-18,100000.0
2010-06-21,100000.0
2010-06-22,100000.0
2010-06-23,100000.0
2010-06-24,100000.0
2010-06-25,100000.0
2010-06-28,100000.0
2010-06-29,100000.0
2010-06-30,100000.0
2010-07-01,100000.0
2010-07-02,100000.0
2010-07-05,100000.0
2010-07-06,100000.0
2010-07-07,100000.0
2010-07-08,100000.0
2010-07-09,99629.94057771821
2010-07-12,98916.65818176346
2010-07-13,99215.57568176344
2010-07-14,98706.67651169442
2010-07-15,97486.66280398233
2010-07-16,97462.42280398234
2010-07-19,97013.34071969416
2010-07-20,97289.40571969414
2010-07-21,97243.45071969417
2010-07-22,98604.08071969416
2010-07-23,99842.74071969413
2010-07-26,100588.02571969415
2010-07-27,100185.73571969414
2010-07-28,101093.10571969415
2010-07-29,100889.49071969415
2010-07-30,99668.17071969416
2010-08-02,100609.06071969414
2010-08-03,100972.58571969415
2010-08-04,101020.79071969415
2010-08-05,101180.74542200082
2010-08-06,100691.01368966843
2010-08-09,100837.13078502784
2010-08-10,100509.7659466615
2010-08-11,99588.5009466615
2010-08-12,98851.63307875696
2010-08-13,98791.94299317937
2010-08-16,98333.57299317938
2010-08-17,98366.30299317936
2010-08-18,98973.85299317937
2010-08-19,100172.71799317937
2010-08-20,99862.70799317939
2010-08-23,99848.01462101306
2010-08-24,99403.71533491861
2010-08-25,98415.42533491862
2010-08-26,100973.59533491862
2010-08-27,101006.77033491862
2010-08-30,100454.81033491863
2010-08-31,101151.23033491863
2010-09-01,102164.99533491863
2010-09-02,102632.00533491862
2010-09-03,102140.3853349186
2010-09-06,103491.99033491862
2010-09-07,103649.55033491862
2010-09-08,103418.36033491862
2010-09-09,103329.42533491862
2010-09-13,103802.42033491861
2010-09-14,105152.99033491862
2010-09-15,105083.97533491862
2010-09-16,104038.35552549214
2010-09-17,105420.6897262851
2010-09-20,107001.7947262851
2010-09-21,107235.5047262851
2010-09-22,106315.2847262851
2010-09-23,105185.84254625856
2010-09-24,106338.14342722902
2010-09-27,105886.01842722905
2010-09-28,105302.63342722901
2010-09-29,104824.28342722903
2010-09-30,105304.13342722901
2010-10-01,107095.00842722904
2010-10-04,107341.38842722902
2010-10-05,106963.98342722905
2010-10-06,106743.81342722903
2010-10-07,105941.56842722904
2010-10-08,105450.15842722903
2010-10-11,105173.46842722903
2010-10-12,105111.6002032447
2010-10-13,107317.67520324471
2010-10-14,105607.52106619786
2010-10-15,103610.50718889057
2010-10-18,103466.63576509658
2010-10-19,103403.48686457478
2010-10-20,102658.31686457478
2010-10-21,103428.98186457479
2010-10-22,104124.8983866805
2010-10-25,105438.85588668051
2010-10-26,105367.33858254651
2010-10-27,105023.13959776385
2010-10-28,104829.59709776382
2010-10-29,105605.62959776384
2010-11-01,107602.72959776384
2010-11-02,107310.49459776383
2010-11-03,107819.24959776385
2010-11-04,108893.69459776384
2010-11-05,109588.88709776384
2010-11-08,109518.95709776382
2010-11-09,111476.73709776382
2010-11-10,111901.73709776383
2010-11-11,110244.42186868546
2010-11-12,108492.06483796722
2010-11-15,108852.63318469608
2010-11-16,107739.69068469608
2010-11-18,106716.12068469607
2010-11-19,105472.3405491035
2010-11-22,105758.11132045623
2010-11-23,105641.12382045624
2010-11-24,106096.95075172633
2010-11-25,106032.46825172633
2010-11-26,104969.70575172633
2010-11-29,105006.22175559773
2010-11-30,104396.86666649304
2010-12-01,103880.1725952033
2010-12-02,103529.15182941897
2010-12-03,104321.88941683114
2010-12-06,104306.36691683115
2010-12-07,105082.81941683113
2010-12-08,104908.58191683114
2010-12-09,102348.26492787912
2010-12-10,101780.72208432038
2010-12-13,102240.00349035545
2010-12-14,103084.07722693133
2010-12-15,102724.88222693132
2010-12-16,103188.44722693133
2010-12-20,102357.26472693132
2010-12-21,102738.43624418767
2010-12-22,102511.74475643039
2010-12-23,103230.87225643039
2010-12-24,103229.86975643037
2010-12-27,102639.95225643039
2010-12-28,102842.63225643038
2010-12-29,102823.43225643039
2010-12-30,103536.38475643039
2010-12-31,103713.96475643039
2011-01-03,103158.77475643039
2011-01-04,103636.23975643038
2011-01-05,104652.61975643039
2011-01-06,104889.63225643038
2011-01-07,102927.43467079318
2011-01-10,101141.89717079319
2011-01-11,101375.41854856639
2011-01-12,101433.1310485664
2011-01-13,100924.4060485664
2011-01-14,101040.37077800321
2011-01-17,101197.24077800321
2011-01-18,101543.7632780032
2011-01-19,102103.47939381536
2011-01-20,102693.81939381536
2011-01-21,102020.24939381535
2011-01-24,102241.13439381536
2011-01-25,101754.35189381536
2011-01-27,101696.64439381537
2011-01-28,100635.82045267502
2011-01-31,99821.39094566254
2011-02-01,99556.34094566254
2011-02-02,100139.87844566254
2011-02-03,99836.35344566253
2011-02-04,99376.79094566253
2011-02-07,99263.50344566254
2011-02-08,99203.91378103873
2011-02-09,99203.91378103873
2011-02-10,99203.91378103873
2011-02-11,99203.91378103873
2011-02-14,99203.91378103873
2011-02-15,99203.91378103873
2011-02-16,99203.91378103873
2011-02-17,99203.91378103873
2011-02-18,98910.74921173276
2011-02-21,99317.78921173274
2011-02-22,98386.01921173275
2011-02-23,97472.72475739004
2011-02-24,95876.2504796855
2011-02-25,95449.9605832015
2011-03-01,95449.9605832015
2011-03-03,95865.70497262481
2011-03-04,95428.30497262481
2011-03-07,94281.28021061484
2011-03-08,93851.94526820793
2011-03-09,93947.14526820791
2011-03-10,93031.44526820793
2011-03-11,92134.14526820791
2011-03-14,92735.74526820792
2011-03-15,90631.81637187056
2011-03-16,90829.76189486569
2011-03-17,89982.48658651924
2011-03-18,89384.17699493757
2011-03-21,89619.22699493758
2011-03-22,90513.57699493758
2011-03-23,90645.96569216588
2011-03-24,91176.51569216586
2011-03-25,92137.06569216585
2011-03-28,91976.71569216586
2011-03-29,92979.36569216587
2011-03-30,93889.51569216586
2011-03-31,94938.91569216586
2011-04-01,94837.96569216585
2011-04-04,95170.96569216586
2011-04-05,94849.71569216586
2011-04-06,94471.66569216587
2011-04-07,93731.51569216586
2011-04-08,93378.36569216587
2011-04-11,94287.96569216588
2011-04-13,94716.36569216587
2011-04-15,94666.66569216586
2011-04-18,93763.51569216586
2011-04-19,94827.01569216586
2011-04-20,96870.91569216584
2011-04-21,96453.41569216586
2011-04-25,95829.86569216587
2011-04-26,96082.41569216587
2011-04-27,97049.66569216586
2011-04-28,97812.46569216586
2011-04-29,97480.36569216585
2011-05-02,96737.61569216587
2011-05-03,95214.11569216587
2011-05-04,94581.39766024392
2011-05-05,93410.66970963702
2011-05-06,93466.95796963263
2011-05-09,94773.66130296596
2011-05-10,94259.86880296595
2011-05-11,94177.16952881863
2011-05-12,93932.31786215198
2011-05-13,94957.33702881864
2011-05-16,94853.75036215197
2011-05-17,95167.3486954853
2011-05-18,93257.70168767171
2011-05-19,93423.94668767173
2011-05-20,92989.15168767172
2011-05-23,92135.11451098097
2011-05-24,92919.43701098098
2011-05-25,92766.95133742492
2011-05-26,93310.12633742494
2011-05-27,93050.48004418172
2011-05-30,93786.47004418171
2011-05-31,94292.99796918202
2011-06-01,95100.26296918202
2011-06-02,95435.33296918201
2011-06-03,95008.43796918202
2011-06-06,95121.26296918202
2011-06-07,96064.33296918203
2011-06-08,95773.81796918201
2011-06-09,94493.09978622152
2011-06-10,93670.7878546108
2011-06-13,94486.21785461082
2011-06-14,94477.39785461081
2011-06-15,93896.96285461081
2011-06-16,93262.82785461082
2011-06-17,93285.66614883437
2011-06-20,91804.16374907631
2011-06-21,91852.48971953482
2011-06-22,90388.36471953482
2011-06-23,91352.63971953483
2011-06-24,93261.7897195348
2011-06-27,94648.92580341155
2011-06-28,94773.22580341157
2011-06-29,95418.99524785599
2011-06-30,96046.72858118932
2011-07-01,94986.29247007822
2011-07-04,94602.92302563376
2011-07-05,94397.9841367449
2011-07-06,94353.84247007823
2011-07-07,96746.37580341156
2011-07-08,96193.63413674489
2011-07-11,95575.76469230044
2011-07-12,94732.39247007822
2011-07-13,95677.11191452265
2011-07-14,95670.35080341157
2011-07-15,95404.97302563378
2011-07-18,94960.34524785602
2011-07-19,95525.83135896712
2011-07-20,94787.90635896713
2011-07-21,94175.07858118933
2011-07-22,95276.84792524326
2011-07-25,96380.45070302104
2011-07-26,94650.63380587782
2011-07-27,94832.95195973181
2011-07-28,93917.18496753645
2011-07-29,94334.03496753646
2011-08-01,94678.35996753645
2011-08-02,94314.26845744338
2011-08-03,92881.27595744339
2011-08-04,91730.70074079934
2011-08-05,90539.8062923727
2011-08-08,90193.35629237271
2011-08-09,89734.94344763893
2011-08-10,90719.69344763893
2011-08-11,90270.44344763893
2011-08-12,90250.94344763893
2011-08-16,89997.44917349162
2011-08-17,89325.1491734916
2011-08-18,88773.5241734916
2011-08-19,88145.48257936604
2011-08-22,88782.93257936604
2011-08-23,88689.98257936604
2011-08-24,87903.46443219273
2011-08-25,88127.31443219274
2011-08-26,87829.41443219275
2011-08-29,88908.16443219273
2011-08-30,87451.5021830199
2011-09-02,88424.46782115297
2011-09-05,89375.01067684023
2011-09-06,89491.05817684025
2011-09-07,89388.49567684022
2011-09-08,89039.87317684025
2011-09-09,88424.81291458866
2011-09-12,87459.33971470826
2011-09-13,87774.10143451879
2011-09-14,88137.37643451878
2011-09-15,88871.84862816292
2011-09-16,87674.74210361601
2011-09-19,87492.97531686901
2011-09-20,88636.82531686901
2011-09-21,88528.21531686903
2011-09-22,86266.84804024329
2011-09-23,86178.91610259781
2011-09-26,85289.52110259779
2011-09-27,86009.5911025978
2011-09-28,85573.63610259778
2011-09-29,86929.90262213051
2011-09-30,87141.9201221305
2011-10-03,85950.1326221305
2011-10-04,84857.11163844785
2011-10-05,84997.66413844784
2011-10-07,85182.79163844784
2011-10-10,86155.77413844786
2011-10-11,85471.87413844786
2011-10-12,87649.32343235043
2011-10-13,86538.39093235042
2011-10-14,87605.24343235043
2011-10-17,87051.23343235042
2011-10-18,86800.82843235042
2011-10-19,87734.28343235044
2011-10-20,87369.45843235042
2011-10-21,86403.23843235042
2011-10-24,87534.13186495955
2011-10-25,88354.7840001748
2011-10-26,88402.2315001748
2011-10-28,89712.2215001748
2011-10-31,90129.75150017481
2011-11-01,88785.8690001748
2011-11-02,88235.3690001748
2011-11-03,88312.88900017481
2011-11-04,89402.17150017481
2011-11-08,89591.31400017481
2011-11-09,88278.3990001748
2011-11-11,88249.64037883868
2011-11-14,87212.70941039154
2011-11-15,86492.01576413469
2011-11-16,86555.5083372535
2011-11-17,86350.6583372535
2011-11-18,86113.7833372535
2011-11-21,85616.25833725349
2011-11-22,86347.88333725349
2011-11-23,85359.17083725349
2011-11-24,85296.6215553814
2011-11-25,85026.64655538139
2011-11-28,85888.1840553814
2011-11-29,85733.4340553814
2011-11-30,86214.8090553814
2011-12-01,86227.41984687018
2011-12-02,87323.99484687019
2011-12-05,87167.39208562039
2011-12-07,86564.54208562039
2011-12-08,86564.86708562038
2011-12-09,85992.62958562038
2011-12-12,85682.89208562039
2011-12-13,86054.00458562038
2011-12-14,86296.56708562038
2011-12-15,86311.61708562038
2011-12-16,85347.72958562039
2011-12-19,84781.16702581295
2011-12-20,84092.40452581293
2011-12-21,85034.6446879581
2011-12-22,84780.2321879581
2011-12-23,84558.37084939372
2011-12-26,85700.02084939371
2011-12-27,84870.05834939372
2011-12-28,84459.71372148674
2011-12-29,84260.58872148675
2011-12-30,83952.10065024084
2012-01-02,83745.70065024083
2012-01-03,84850.26315024083
2012-01-04,83608.38815024083
2012-01-05,83378.28654661326
2012-01-06,83403.43654661327
2012-01-09,83735.80373635147
2012-01-10,84079.93604373674
2012-01-11,83013.89854373674
2012-01-12,81371.50969139705
2012-01-13,81547.3127515156
2012-01-16,80870.51333177896
2012-01-17,82757.56333177896
2012-01-18,81980.45333177896
2012-01-19,82756.94845663114
2012-01-20,81586.90379033901
2012-01-23,80969.25629033904
2012-01-24,80693.62629033902
2012-01-25,81536.14629033902
2012-01-27,81717.76516350557
2012-01-30,80891.74516719533
2012-01-31,81247.34144904125
2012-02-01,81823.03076140612
2012-02-02,81722.85570833893
2012-02-03,83101.63920833895
2012-02-06,83956.69970833894
2012-02-07,84016.97170833894
2012-02-08,85059.66020833896
2012-02-09,85846.51120833895
2012-02-10,85487.54170833895
2012-02-13,85412.99320833894
2012-02-14,85101.69670833895
2012-02-15,86890.65020833895
2012-02-16,86749.61620833894
2012-02-17,88139.47870833895
2012-02-21,88369.23120833896
2012-02-22,86828.54820833897
2012-02-23,86145.87820833895
2012-02-24,85562.05027526067
2012-02-27,83169.80348916625
2012-02-28,84827.77679758251
2012-02-29,84879.79105613068
2012-03-01,84655.99605613068
2012-03-02,84616.41855613068
2012-03-05,83877.15119704977
2012-03-06,83219.4414042253
2012-03-07,83230.9889042253
2012-03-09,85057.39140422532
2012-03-12,84703.28390422532
2012-03-13,85263.8914042253
2012-03-14,86114.6314042253
2012-03-15,84884.81140422531
2012-03-16,83781.72736992038
2012-03-19,82720.5431674558
2012-03-20,82855.9556674558
2012-03-21,83922.32515460181
2012-03-22,82240.74734865176
2012-03-23,82646.86901531843
2012-03-26,81097.73401531843
2012-03-27,82332.67132785033
2012-03-28,81822.61788488552
2012-03-29,82437.00538488553
2012-03-30,84577.60121821886
2012-04-02,85732.17621821887
2012-04-03,85857.18038488552
2012-04-04,85675.1595515522
2012-04-09,84342.79288488551
2012-04-10,84320.32706212167
2012-04-11,83688.68206535204
2012-04-12,84817.14456535205
2012-04-13,84792.36180955869
2012-04-16,84930.32747109616
2012-04-17,85473.10247109612
2012-04-18,86198.00247109614
2012-04-19,87848.97747109615
2012-04-20,87457.53997109615
2012-04-23,86243.35247109615
2012-04-24,85534.32747109616
2012-04-25,85432.52747109614
2012-04-26,86010.51497109613
2012-04-27,86356.10247109615
2012-04-30,86559.18997109614
2012-05-02,87014.78997109612
2012-05-03,86993.57747109616
2012-05-04,85035.51497109613
2012-05-07,85102.45247109613
2012-05-08,84345.05086383414
2012-05-09,83693.10776910077
2012-05-10,84342.50776910076
2012-05-11,84025.10776910077
2012-05-14,83230.40776910077
2012-05-15,82890.60485656575
2012-05-16,83248.3569136167
2012-05-17,82645.64274695003
2012-05-18,82478.98024695004
2012-05-21,82529.29524695005
2012-05-22,82134.61191361671
2012-05-23,81890.88117829472
2012-05-24,82333.29784496137
2012-05-25,82525.60534496137
2012-05-28,82421.80201162805
2012-05-29,82137.35784496137
2012-05-30,81771.41172328021
2012-05-31,83484.90593002237
2012-06-01,81503.78093002239
2012-06-04,81018.96093002238
2012-06-05,81203.58593002238
2012-06-06,82350.75593002237
2012-06-07,83420.08210391534
2012-06-08,83698.93543724866
2012-06-11,83014.28210391532
2012-06-12,83710.10210391533
2012-06-13,83423.66377058199
2012-06-14,82869.71210391533
2012-06-15,83756.89710391533
2012-06-18,83541.17543724866
2012-06-19,84117.14543724866
2012-06-20,84561.81043724866
2012-06-21,85475.548770582
2012-06-22,85535.65043724867
2012-06-25,84382.608770582
2012-06-26,85027.12543724866
2012-06-27,85344.20379380985
2012-06-28,85276.95252876572
2012-06-29,88264.59252876573
2012-07-02,88715.47586209906
2012-07-03,88289.51252876571
2012-07-04,88737.11252876572
2012-07-05,88939.12919543238
2012-07-06,88108.90252876571
2012-07-09,86644.28252876572
2012-07-10,87179.72252876572
2012-07-11,87335.88252876571
2012-07-12,86965.23919543238
2012-07-13,87300.82919543238
2012-07-16,86960.36252876572
2012-07-17,86715.1125287657
2012-07-18,87423.62969130026
2012-07-19,87530.12144338792
2012-07-20,87336.35144338792
2012-07-23,87349.43144338792
2012-07-24,87466.64730091469
2012-07-25,88444.89507048795
2012-07-26,87794.58107048796
2012-07-27,87858.2115268936
2012-07-30,88687.10249252227
2012-07-31,90547.08758706061
2012-08-01,90268.34758706062
2012-08-02,90536.93758706062
2012-08-03,89613.01758706062
2012-08-06,90500.64758706062
2012-08-07,92557.46758706062
2012-08-08,92632.06758706062
2012-08-09,94295.78758706061
2012-08-10,95054.11758706061
2012-08-13,95698.1575870606
2012-08-14,97301.66758706061
2012-08-16,96443.99758706061
2012-08-17,95370.3475870606
2012-08-21,97216.16758706061
2012-08-22,96613.04758706062
2012-08-23,95061.20758706062
2012-08-24,93113.69758706061
2012-08-27,92172.47758706062
2012-08-28,91704.71177108248
2012-08-29,91386.0637442914
2012-08-30,91708.93374429141
2012-08-31,90611.03832486011
2012-09-03,90634.69832486012
2012-09-04,90935.4183248601
2012-09-05,91297.18832486012
2012-09-06,90509.06393240886
2012-09-07,91041.70472180382
2012-09-10,90552.1797218038
2012-09-11,90651.94222180381
2012-09-12,91914.31722180381
2012-09-13,92464.80472180381
2012-09-14,92352.36722180381
2012-09-17,89870.31722180381
2012-09-18,88735.17589434006
2012-09-20,88577.77283536608
2012-09-21,90211.51033536608
2012-09-24,89900.29189959659
2012-09-25,89429.06514318998
2012-09-26,89149.04003525413
2012-09-27,88675.46503525414
2012-09-28,90201.79003525413
2012-10-01,89772.19003525414
2012-10-03,90285.79003525415
2012-10-04,90796.66503525415
2012-10-05,85327.58929829198
2012-10-08,84016.09005226353
2012-10-09,84794.2006806698
2012-10-10,83879.56202474449
2012-10-11,84888.50646918896
2012-10-12,84752.75646918894
2012-10-15,84393.50646918894
2012-10-16,83699.63424696671
2012-10-17,83490.97869141118
2012-10-18,84207.72313585562
2012-10-19,83472.18980252228
2012-10-22,84695.52065525514
2012-10-23,84837.49319116335
2012-10-25,85159.9687467189
2012-10-26,83913.16985783001
2012-10-29,83166.46909677221
2012-10-30,81815.44395511717
2012-10-31,82452.79839956162
2012-11-01,82933.31839956161
2012-11-02,84120.54728845051
2012-11-05,83934.66395511718
2012-11-06,85041.41839956163
2012-11-07,84786.04506622828
2012-11-08,84093.59728845052
2012-11-09,83332.12062178383
2012-11-12,83367.39395511718
2012-11-13,83173.51320107811
2012-11-15,82887.57601501941
2012-11-16,82413.22941276223
2012-11-19,82843.94941276223
2012-11-20,82766.25941276223
2012-11-21,83385.40679245364
2012-11-22,83711.52327488699
2012-11-23,83672.278274887
2012-11-26,83377.223274887
2012-11-27,85492.22327488699
2012-11-29,86765.308274887
2012-11-30,87859.08827488699
2012-12-03,86988.46827488698
2012-12-04,86640.718274887
2012-12-05,86708.33327488699
2012-12-06,86871.51827488698
2012-12-07,86409.20327488698
2012-12-10,85331.14327488698
2012-12-11,85063.58827488699
2012-12-12,85763.86827488699
2012-12-13,85447.31827488699
2012-12-14,85279.558274887
2012-12-17,84363.27403974139
2012-12-18,84084.87532580324
2012-12-19,84453.96621799335
2012-12-20,84264.24621799335
2012-12-21,82452.56544944199
2012-12-24,82760.54044944198
2012-12-26,82784.7940612548
2012-12-27,82035.64406125479
2012-12-28,82347.2163937297
2012-12-31,82479.5063937297
2013-01-01,83316.56999380578
2013-01-02,84428.03166047245
2013-01-03,84437.08666047244
2013-01-04,84356.57166047246
2013-01-07,84941.67332713911
2013-01-08,84442.7149938058
2013-01-09,84436.46332713914
2013-01-10,84612.02499380578
2013-01-11,84033.39166047247
2013-01-14,84766.95968323063
2013-01-15,85574.9945141206
2013-01-16,84701.23451412057
2013-01-17,87511.1178474539
2013-01-18,89460.42951412057
2013-01-21,89089.31118078725
2013-01-22,87813.55941716944
2013-01-23,86734.44775050278
2013-01-24,84938.6464057673
2013-01-25,86460.90807243397
2013-01-28,86868.138072434
2013-01-29,86526.97822287078
2013-01-30,86114.40351006576
2013-01-31,88394.84351006578
2013-02-01,88933.84517673244
2013-02-04,87461.43017673244
2013-02-05,86755.5768433991
2013-02-06,87296.48517673243
2013-02-07,86686.50017673244
2013-02-08,85452.91184339911
2013-02-11,85505.78517673243
2013-02-12,85338.5677548506
2013-02-13,85372.27571060542
2013-02-14,84169.06737727209
2013-02-15,84363.47555235741
2013-02-18,84164.58805235742
2013-02-19,84641.00471902407
2013-02-20,85065.53728457511
2013-02-21,83886.42061790846
2013-02-22,84242.07478457512
2013-02-25,83870.05395124179
2013-02-26,82297.76562095509
2013-02-27,81951.28168986182
2013-02-28,82754.60668986182
2013-03-01,83357.23168986182
2013-03-04,83159.23168986182
2013-03-05,83305.88168986182
2013-03-06,84115.80996996348
2013-03-07,85468.53496996347
2013-03-08,85602.28496996348
2013-03-11,85728.30996996348
2013-03-12,85028.13496996347
2013-03-13,84635.54743512068
2013-03-14,85552.76212112338
2013-03-15,86018.58712112338
2013-03-18,85926.08712112338
2013-03-19,85156.51212112338
2013-03-20,85089.91212112339
2013-03-21,84700.73499638682
2013-03-22,84302.90999638682
2013-03-25,84040.05999638682
2013-03-26,84497.50999638683
2013-03-28,84834.1589801512
2013-04-01,84640.95898015122
2013-04-02,84578.64667928772
2013-04-03,83608.92435598839
2013-04-04,82943.21435598837
2013-04-05,82961.565471103
2013-04-08,83421.75547110298
2013-04-09,83024.835471103
2013-04-10,82716.55547110298
2013-04-11,82421.54325474983
2013-04-12,82494.70595988022
2013-04-15,81099.46595988022
2013-04-16,81717.02773780428
2013-04-17,80918.22628610747
2013-04-18,81588.64628610747
2013-04-22,82246.19628610746
2013-04-23,81725.43628610746
2013-04-25,82913.06128610746
2013-04-26,82478.84628610745
2013-04-29,83758.92128610745
2013-04-30,86646.85628610746
2013-05-02,86569.62628610746
2013-05-03,86683.13128610745
2013-05-06,86420.50628610745
2013-05-07,86869.55128610745
2013-05-08,87685.31128610745
2013-05-09,86815.13128610747
2013-05-10,87309.01128610746
2013-05-13,87327.59128610746
2013-05-14,86947.35128610747
2013-05-15,88742.64128610746
2013-05-16,90668.25628610747
2013-05-17,91004.11628610746
2013-05-20,90172.91628610746
2013-05-21,89183.74628610746
2013-05-22,88760.66128610745
2013-05-23,88379.65628610746
2013-05-24,88706.62128610746
2013-05-27,89268.68128610746
2013-05-28,89225.44628610746
2013-05-29,89297.16128610745
2013-05-30,88808.59158192578
2013-05-31,88161.31989738187
2013-06-03,87496.35489738185
2013-06-04,87528.8964969363
2013-06-05,87164.1764969363
2013-06-06,86546.15792143659
2013-06-07,86657.43434539235
2013-06-10,86628.06434539235
2013-06-11,85431.93006207614
2013-06-12,85233.03603899403
2013-06-13,85083.54603899404
2013-06-14,85206.32603899404
2013-06-17,85004.58603899405
2013-06-18,84872.92967295615
2013-06-19,84540.27967295615
2013-06-20,82977.74235773855
2013-06-21,83141.48141621912
2013-06-24,82972.61891621911
2013-06-25,82572.02107982963
2013-06-26,83678.99607982962
2013-06-27,85024.79607982963
2013-06-28,84304.17107982963
2013-07-01,83652.72866411308
2013-07-02,83241.91616411306
2013-07-03,82509.89116411307
2013-07-04,83953.37866411307
2013-07-05,84218.20366411307
2013-07-08,84884.15366411307
2013-07-09,85591.89116411307
2013-07-10,86547.67866411309
2013-07-11,86424.89116411307
2013-07-12,88621.12866411307
2013-07-15,89418.80366411307
2013-07-16,88658.70366411307
2013-07-17,89420.02866411308
2013-07-18,89008.96616411308
2013-07-19,91485.57866411307
2013-07-22,92269.29116411308
2013-07-23,92020.26616411307
2013-07-24,93367.20366411308
2013-07-25,91905.26616411307
2013-07-26,93358.77866411307
2013-07-29,94685.69116411307
2013-07-30,94411.69116411307
2013-07-31,96208.52866411308
2013-08-01,96148.25366411307
2013-08-02,95733.52866411307
2013-08-05,96709.39116411307
2013-08-06,95969.3077365515
2013-08-07,95014.82023655149
2013-08-08,95067.5827365515
2013-08-12,96477.4827365515
2013-08-13,98528.17204479549
2013-08-14,97404.24746111866
2013-08-16,97397.33496111866
2013-08-19,96377.86583187472
2013-08-20,94239.7658318747
2013-08-21,93162.85333187469
2013-08-22,94490.6783318747
2013-08-23,97608.03248333701
2013-08-26,98577.44498333702
2013-08-27,97543.76998333703
2013-08-28,99663.057483337
2013-08-29,101051.53248333701
2013-09-03,101543.04498333702
2013-09-04,102595.15748333704
2013-09-05,101402.05748333703
2013-09-06,100850.63248333702
2013-09-10,103646.51998333703
2013-09-11,104231.45748333703
2013-09-12,102620.56998333702
2013-09-13,101349.02186482218
2013-09-16,99748.56712146898
2013-09-17,101387.97128813565
2013-09-18,101341.967121469
2013-09-19,102824.69212146898
2013-09-20,102087.06712146898
2013-09-23,102436.60045480233
2013-09-24,102002.44628813566
2013-09-25,101991.38795480231
2013-09-26,102045.6629548023
2013-09-27,101891.04628813567
2013-09-30,100571.36295480232
2013-10-01,100075.67475272581
2013-10-03,101814.46225272582
2013-10-04,101786.28028182853
2013-10-07,102667.73778182853
2013-10-08,102007.07528182853
2013-10-09,102715.06528182853
2013-10-10,102671.99028182853
2013-10-11,104178.22528182853
2013-10-14,104960.88278182854
2013-10-15,105206.96778182853
2013-10-17,102953.26778182853
2013-10-18,104717.16778182852
2013-10-21,104817.99778182854
2013-10-22,105483.45778182852
2013-10-23,104092.10528182852
2013-10-24,101732.85950111822
2013-10-25,101455.7086340501
2013-10-28,101030.10863405009
2013-10-29,101620.34351823344
2013-10-30,101045.84670231988
2013-10-31,102732.89670231988
2013-11-01,102410.35670231987
2013-11-05,102035.75670231988
2013-11-06,100619.23670231989
2013-11-07,99905.99670231987
2013-11-08,99308.47096910262
2013-11-11,98619.77241253751
2013-11-12,97490.80244324506
2013-11-13,97561.07025844883
2013-11-14,98179.62025844883
2013-11-18,98902.4472721135
2013-11-19,99399.94417934329
2013-11-20,98789.9916793433
2013-11-21,97315.19917934327
2013-11-22,98057.46636885089
2013-11-25,98566.22636885088
2013-11-26,98646.76994761502
2013-11-27,99255.38994761501
2013-11-28,100425.92778562455
2013-11-29,101415.19778562454
2013-12-02,103816.44778562454
2013-12-03,104292.81278562456
2013-12-04,102931.96278562455
2013-12-05,103697.31778562456
2013-12-06,104319.54278562454
2013-12-09,104371.80278562455
2013-12-10,103647.76278562454
2013-12-11,103281.09278562455
2013-12-12,102689.30778562452
2013-12-13,101984.75434700298
2013-12-16,101419.29434700299
2013-12-17,101436.51282302386
2013-12-18,103359.75032302387
2013-12-19,102991.75032302388
2013-12-20,104273.96782302388
2013-12-23,104271.66532302386
2013-12-24,104320.59407302387
2013-12-26,104987.83032302388
2013-12-27,105505.65657302388
2013-12-30,105194.05782302388
2013-12-31,105058.56532302387
2014-01-01,105093.01907302387
2014-01-02,104035.99782302388
2014-01-03,103428.79879821325
2014-01-06,103858.8427728712
2014-01-07,103185.9752417912
2014-01-08,103397.3485841283
2014-01-09,103092.81090943268
2014-01-10,102304.99622058637
2014-01-13,103123.47927340059
2014-01-14,102506.95427340058
2014-01-15,102430.7642734006
2014-01-16,103514.2342734006
2014-01-17,100266.27348312958
2014-01-20,101491.3351397539
2014-01-21,101222.38847308724
2014-01-22,101490.67680642057
2014-01-23,101252.03347308723
2014-01-24,100198.65680642058
2014-01-27,98927.34312386655
2014-01-28,99093.83860936284
2014-01-29,100050.54194269616
2014-01-30,100007.19975882699
2014-01-31,101315.74108217726
2014-02-03,100808.73537595283
2014-02-04,98674.1159442104
2014-02-05,98554.01594421039
2014-02-06,98962.35761087706
2014-02-07,98513.6916064425
2014-02-10,98097.23123164487
2014-02-11,98569.80524011649
2014-02-12,98824.83024011648
2014-02-13,96875.2635734498
2014-02-14,97498.81357344982
2014-02-17,97781.02190678316
2014-02-18,97155.58024011648
2014-02-19,97412.48024011648
2014-02-20,96601.18024011649
2014-02-21,98093.26357344983
2014-02-24,98146.41217565427
2014-02-25,98934.01479648915
2014-02-26,100085.43979648915
2014-02-28,100405.75979648916
2014-03-03,100799.49812982249
2014-03-04,102711.25146315583
2014-03-05,102478.11646315583
2014-03-06,104758.7731298225
2014-03-07,107789.91812982249
2014-03-10,107562.90979648917
2014-03-11,106643.83979648916
2014-03-12,106145.20812982251
2014-03-13,108254.22479648916
2014-03-14,107639.16646315582
2014-03-18,107764.23812982251
2014-03-19,107151.65979648916
2014-03-20,105106.48978365463
2014-03-21,104470.29407397793
2014-03-24,105506.51332192965
2014-03-25,106050.20999648278
2014-03-26,105880.62332981611
2014-03-27,107055.07999648277
2014-03-28,107707.09666314944
2014-03-31,108602.31666314944
2014-04-01,107790.62499648276
2014-04-02,107769.32666314945
2014-04-03,107888.7983298161
2014-04-04,108213.48499648277
2014-04-07,107264.77832981611
2014-04-09,108846.51332981611
2014-04-10,109261.77999648277
2014-04-11,109032.19999648277
2014-04-15,107585.60499648277
2014-04-16,106626.49666314943
2014-04-17,108376.8183298161
2014-04-21,109637.51999648278
2014-04-22,110448.74832981611
2014-04-23,109740.74499648278
2014-04-25,108719.44666314944
2014-04-28,108972.40814874669
2014-04-29,109088.14308773607
2014-04-30,108132.92308773607
2014-05-02,108801.22142106941
2014-05-05,109174.32308773606
2014-05-06,109845.02808773605
2014-05-07,110081.8237309844
2014-05-08,110449.50028021446
2014-05-09,112781.27694688113
2014-05-12,114349.65194688113
2014-05-13,115914.41028021446
2014-05-14,117707.56194688113
2014-05-15,118077.88361354779
2014-05-16,120655.64694688113
2014-05-19,124678.40861354778
2014-05-20,124214.21028021447
2014-05-21,123624.06861354779
2014-05-22,126079.22528021445
2014-05-23,125553.29028021447
2014-05-26,125710.09194688113
2014-05-27,124794.56528021448
2014-05-28,124606.0436135478
2014-05-29,123464.73528021447
2014-05-30,121036.56861354779
2014-06-02,123393.54517923539
2014-06-03,123325.2780542469
2014-06-04,125076.55805424691
2014-06-05,126268.8730542469
2014-06-06,127012.0830542469
2014-06-09,126420.3330542469
2014-06-10,128719.45805424689
2014-06-11,127413.7980542469
2014-06-12,126132.36694020146
2014-06-13,123327.79194020148
2014-06-16,123001.61052611766
2014-06-17,123433.0785447707
2014-06-18,121765.5635447707
2014-06-19,123348.8585447707
2014-06-20,123398.7935447707
2014-06-23,122150.9485447707
2014-06-24,123120.81510207307
2014-06-25,123822.02074444198
2014-06-26,123549.030744442
2014-06-27,125880.34074444199
2014-06-30,127272.515744442
2014-07-01,127072.335744442
2014-07-02,127959.030744442
2014-07-03,128298.26074444198
2014-07-04,128184.27074444198
2014-07-07,129533.46574444199
2014-07-08,127704.17574444199
2014-07-09,127758.29574444199
2014-07-10,125961.04074444198
2014-07-11,125517.3474635877
2014-07-14,124793.45972588041
2014-07-15,124471.4647258804
2014-07-16,125177.52972588042
2014-07-17,124838.65921069344
2014-07-18,125984.11421069344
2014-07-21,126279.39921069343
2014-07-22,126824.41421069343
2014-07-23,126852.23921069343
2014-07-24,127117.60921069345
2014-07-25,128691.97421069343
2014-07-28,129288.91921069344
2014-07-30,129984.19421069344
2014-07-31,129296.96921069344
2014-08-01,128332.31421069344
2014-08-04,128558.53421069344
2014-08-05,129258.74921069344
2014-08-06,128215.01421069345
2014-08-07,127374.96974407755
2014-08-08,126847.56654158713
2014-08-11,126919.41654158714
2014-08-12,127314.38883666007
2014-08-13,128929.39383666006
2014-08-14,129644.90883666006
2014-08-18,130129.80383666007
2014-08-19,130755.99883666006
2014-08-20,131425.89883666008
2014-08-21,132394.97883666007
2014-08-22,132766.74883666006
2014-08-25,133441.51883666008
2014-08-26,135070.58383666005
2014-08-27,135597.53383666006
2014-08-28,136598.95883666008
2014-09-01,136561.85883666007
2014-09-02,137675.06383666006
2014-09-03,137991.36883666005
2014-09-04,138477.88383666007
2014-09-05,137953.62883666006
2014-09-08,139150.36383666008
2014-09-09,139180.90383666006
2014-09-10,138238.73383666005
2014-09-11,138217.4325769075
2014-09-12,137458.34990355698
2014-09-15,138102.39345222135
2014-09-16,136257.33345222138
2014-09-17,136196.4268130841
2014-09-18,136665.47121673462
2014-09-19,135392.6812167346
2014-09-22,135289.04121673462
2014-09-23,134698.93121673464
2014-09-24,135612.43515156748
2014-09-25,136163.63469205255
2014-09-26,135205.67469205256
2014-09-29,134657.9580253859
2014-09-30,134473.4114904098
2014-10-01,134319.23492746358
2014-10-07,133197.2049274636
2014-10-08,131995.36716734729
2014-10-09,132537.89716734728
2014-10-10,130473.38178687444
2014-10-13,130386.25681655967
2014-10-14,130185.98285267228
2014-10-16,128823.91848309408
2014-10-17,129472.84348309408
2014-10-20,130010.75098309407
2014-10-21,130814.01227591347
2014-10-22,131317.90324041637
2014-10-23,132057.5132404164
2014-10-27,133234.34324041638
2014-10-28,133028.05574041637
2014-10-29,132565.78824041638
2014-10-30,134095.58324041637
2014-10-31,135655.40324041637
2014-11-03,135135.93574041637
2014-11-05,137096.59074041637
2014-11-07,137227.94324041638
2014-11-10,136905.10324041639
2014-11-11,137300.26574041636
2014-11-12,139682.9282404164
2014-11-13,139267.31824041638
2014-11-14,140208.39574041637
2014-11-17,142052.65824041638
2014-11-18,141693.14074041636
2014-11-19,140736.01824041636
2014-11-20,140454.76074041636
2014-11-21,141255.01324041636
2014-11-24,141141.70074041636
2014-11-25,139517.48824041637
2014-11-26,140524.2057404164
2014-11-27,141187.9282404164
2014-11-28,142540.83824041637
2014-12-01,143812.1307404164
2014-12-02,144370.12574041638
2014-12-03,145559.3857404164
2014-12-04,146609.64074041636
2014-12-05,146603.50824041638
2014-12-08,146396.39824041637
2014-12-09,145737.17494162841
2014-12-10,146175.46649085853
2014-12-11,147245.9064908585
2014-12-12,147107.1864908585
2014-12-15,147434.96649085853
2014-12-16,144852.4392171672
2014-12-17,144535.19921716722
2014-12-18,146151.02012358588
2014-12-19,146011.31012358586
2014-12-22,145531.86012358588
2014-12-23,146253.61761556717
2014-12-24,145335.98761556717
2014-12-26,145321.67928436585
2014-12-29,145490.16928436584
2014-12-30,145378.27928436585
2014-12-31,146882.60928436584
2015-01-01,147126.50928436586
2015-01-02,147299.03928436583
2015-01-05,147583.33928436582
2015-01-06,146441.99928436585
2015-01-07,146490.24928436585
2015-01-08,147329.77928436582
2015-01-09,146912.11928436585
2015-01-12,147195.8741858416
2015-01-13,147657.2423980549
2015-01-14,150547.16239805488
2015-01-15,152534.4123980549
2015-01-16,153374.2723980549
2015-01-19,152369.94239805487
2015-01-20,153452.8423980549
2015-01-21,154210.6323980549
2015-01-22,154663.5823980549
2015-01-23,156139.8323980549
2015-01-27,157401.2223980549
2015-01-28,159422.95239805488
2015-01-29,158273.5823980549
2015-01-30,156637.4723980549
2015-02-02,157153.70239805488
2015-02-03,157402.1723980549
2015-02-04,156823.2123980549
2015-02-05,156968.7423980549
2015-02-06,155529.24239805486
2015-02-09,154000.65162504328
2015-02-10,153470.16069168094
2015-02-11,153728.7795929847
2015-02-12,154207.7195929847
2015-02-13,153609.70508018715
2015-02-16,154745.27048390583
2015-02-18,154486.22048390584
2015-02-19,155480.64048390585
2015-02-20,153833.61548390583
2015-02-23,153377.15048390586
2015-02-24,153272.93048390583
2015-02-25,153261.1827711649
2015-02-26,152444.8177711649
2015-02-27,153466.51761395327
2015-03-02,155424.09261395328
2015-03-03,155446.04761395327
2015-03-04,155010.90261395328
2015-03-05,155707.61761395328
2015-03-09,153628.2976139533
2015-03-10,153108.75041463465
2015-03-11,153646.94541463465
2015-03-12,155730.1654352257
2015-03-13,155190.0254352257
2015-03-16,153164.8004352257
2015-03-17,153841.12718130887
2015-03-18,152864.97718130884
2015-03-19,153281.57319415623
2015-03-20,150907.881987793
2015-03-23,150577.30698779298
2015-03-24,151791.631987793
2015-03-25,151944.631987793
2015-03-26,151218.97493160743
2015-03-27,149838.17493160744
2015-03-30,150442.6930822779
2015-03-31,150386.8930822779
2015-04-01,150345.92096831958
2015-04-06,151535.00107844098
2015-04-07,151673.03441177434
2015-04-08,151824.62607844098
2015-04-09,151437.426078441
2015-04-10,151523.61774510765
2015-04-13,152840.14274510765
2015-04-15,151591.451078441
2015-04-16,150720.37607844098
2015-04-17,148958.7892336219
2015-04-20,147244.4072144477
2015-04-21,145952.9322144477
2015-04-22,145942.04864587946
2015-04-23,146372.35697921278
2015-04-24,144635.92139138634
2015-04-27,144762.57460267027
2015-04-28,145184.07960267027
2015-04-29,144550.96592818413
2015-04-30,144315.88592818414
2015-05-04,144284.8019165813
2015-05-05,144900.63691658128
2015-05-06,141954.55191315993
2015-05-07,141084.7234203797
2015-05-08,142773.5434203797
2015-05-11,143320.26342037972
2015-05-12,140998.50327795604
2015-05-13,143070.3938793973
2015-05-14,144698.91571584519
2015-05-15,146617.8657158452
2015-05-18,147427.66571584519
2015-05-19,147181.16571584519
2015-05-20,147998.96571584517
2015-05-21,149065.3157158452
2015-05-22,149317.16571584519
2015-05-25,151195.3657158452
2015-05-26,152344.26571584522
2015-05-27,148998.2657158452
2015-05-28,147530.1657158452
2015-05-29,152327.3157158452
2015-06-01,151706.66571584519
2015-06-02,149002.76571584516
2015-06-03,147015.2657158452
2015-06-04,147628.3657158452
2015-06-05,147674.88012936816
2015-06-08,146479.3337496179
2015-06-09,145161.15874961787
2015-06-10,145422.73374961788
2015-06-11,145395.2837496179
2015-06-12,144875.60931792355
2015-06-15,146016.83431792355
2015-06-16,146506.48431792355
2015-06-17,148535.00360703754
2015-06-18,147152.65360703753
2015-06-19,147758.47860703754
2015-06-22,149734.8536070375
2015-06-23,149181.90360703753
2015-06-24,148232.67860703752
2015-06-25,149164.3536070375
2015-06-26,148555.75360703754
2015-06-29,149108.07860703752
2015-06-30,150034.57860703752
2015-07-01,149208.57860703755
2015-07-02,151828.42860703752
2015-07-03,151094.1536070375
2015-07-06,150819.7286070375
2015-07-07,149729.55360703752
2015-07-08,149783.80360703752
2015-07-09,148976.75360703754
2015-07-10,148685.37860703754
2015-07-13,149703.25910528138
2015-07-14,150064.95747730366
2015-07-15,150378.2074773037
2015-07-16,151695.35747730365
2015-07-17,152902.33247730366
2015-07-20,152113.35747730365
2015-07-21,151119.53247730367
2015-07-22,152379.45747730366
2015-07-23,151452.9269488629
2015-07-24,149883.06285369513
2015-07-27,150175.48608980712
2015-07-28,149941.2277564738
2015-07-29,150608.0777564738
2015-07-30,151952.07912403974
2015-07-31,151952.35972086008
2015-08-03,152412.70463528245
2015-08-04,154578.53463528247
2015-08-05,155273.82963528245
2015-08-06,154541.4346352825
2015-08-07,154966.37963528244
2015-08-10,155656.39463528246
2015-08-11,156021.26963528246
2015-08-12,154309.69463528247
2015-08-13,154813.14463528246
2015-08-14,156585.29463528248
2015-08-17,154553.10463528248
2015-08-18,153830.46963528247
2015-08-19,153280.56412051053
2015-08-20,151795.1009068017
2015-08-21,151301.18224274408
2015-08-24,146951.73008082772
2015-08-25,146905.82961863955
2015-08-26,146905.82961863955
2015-08-27,146905.82961863955
2015-08-28,146631.4646488078
2015-08-31,146437.66464880778
2015-09-01,146292.3146488078
2015-09-02,145546.0466131815
2015-09-03,145546.0466131815
2015-09-04,145546.0466131815
2015-09-07,145546.0466131815
2015-09-08,145546.0466131815
2015-09-09,145546.0466131815
2015-09-10,145546.0466131815
2015-09-11,145546.0466131815
2015-09-14,145434.81296028444
2015-09-15,145427.76296028442
2015-09-16,145434.51296028442
2015-09-18,145983.06296028444
2015-09-21,145751.03273418223
2015-09-22,145665.21023418225
2015-09-23,145261.72023418223
2015-09-24,145277.3577341822
2015-09-28,144454.18657987917
2015-09-29,144736.02907987917
2015-09-30,146758.60907987918
2015-10-01,147106.45657987916
2015-10-05,147498.27907987917
2015-10-06,146871.46641862718
2015-10-07,145516.74475425217
2015-10-08,145738.07225425215
2015-10-09,146304.39475425216
2015-10-12,144532.03725425215
2015-10-13,143299.8488191865
2015-10-14,143510.61881918652
2015-10-15,143278.9413191865
2015-10-16,144675.78541018284
2015-10-19,145596.34541018284
2015-10-20,146443.39541018283
2015-10-21,145978.90041018283
2015-10-23,145757.9979101828
2015-10-26,145770.90041018283
2015-10-27,144602.9954101828
2015-10-28,144615.13541018282
2015-10-29,144470.94541018282
2015-10-30,143882.25777075288
2015-11-02,143810.56815650218
2015-11-03,144143.6131565022
2015-11-04,143545.2031565022
2015-11-05,142105.3889751605
2015-11-06,142102.69397516048
2015-11-09,141334.2961234121
2015-11-10,140649.69307995753
2015-11-11,140913.72763076605
2015-11-13,140532.87763076604
2015-11-16,140614.17763076606
2015-11-17,140570.22763076605
2015-11-18,140273.22763076605
2015-11-19,140624.52763076604
2015-11-20,140820.17355231778
2015-11-23,141950.1204113947
2015-11-24,141344.53207806137
2015-11-26,142743.68507806136
2015-11-27,142438.9599113947
2015-11-30,142425.70857806134
2015-12-01,142100.56707806134
2015-12-02,142233.90857806135
2015-12-03,141478.28191139468
2015-12-04,140317.50741139468
2015-12-07,140562.474744728
2015-12-08,139536.32807806134
2015-12-09,138855.96148178034
2015-12-10,138656.3227514878
2015-12-11,138484.5366736154
2015-12-14,138199.4581736154
2015-12-15,138537.63915184533
2015-12-16,137918.53801055794
2015-12-17,139593.38289875025
2015-12-18,139139.51289875025
2015-12-21,138224.69276112356
2015-12-22,138125.65421608824
2015-12-23,138812.60871608823
2015-12-24,139102.63471608824
2015-12-28,138767.34021608825
2015-12-29,138811.97971608827
2015-12-30,138588.49171608826
2015-12-31,139021.55921608827
2016-01-01,138973.97021608826
2016-01-04,139224.53421608824
2016-01-05,139662.50021608826
2016-01-06,139248.47621608828
2016-01-07,138103.04327508505
2016-01-08,139546.42127508507
2016-01-11,139332.66427508506
2016-01-12,138601.40669782175
2016-01-13,138477.33119782174
2016-01-14,138618.74069782175
2016-01-15,137260.31669782172
2016-01-18,133606.86999103965
2016-01-19,133258.4188580461
2016-01-20,133020.862084263
2016-01-21,133020.862084263
2016-01-22,133020.862084263
2016-01-25,133020.862084263
2016-01-27,133238.6119270514
2016-01-28,132768.0019270514
2016-01-29,132782.5250395525
2016-02-01,132216.23263240285
2016-02-02,130562.64193332897
2016-02-03,130027.09193332896
2016-02-04,131191.641933329
2016-02-05,131759.24193332897
2016-02-08,130385.28285018948
2016-02-09,129795.61957042401
2016-02-10,130029.319570424
2016-02-11,127873.59513052879
2016-02-12,128205.04513052879
2016-02-17,127883.54092009319
2016-02-18,128285.24092009317
2016-02-19,129284.74654725248
2016-02-22,129869.79654725247
2016-02-23,128191.54654725248
2016-02-24,126963.89654725247
2016-02-25,126984.89654725247
2016-02-26,126298.88856567038
2016-02-29,125016.43286122021
2016-03-01,126382.93286122021
2016-03-02,126920.63286122022
2016-03-03,129416.88440729321
2016-03-04,129585.78440729322
2016-03-08,130994.48440729322
2016-03-09,130339.43440729321
2016-03-10,131203.78440729322
2016-03-11,131100.88440729323
2016-03-14,131811.4844072932
2016-03-15,131121.08440729324
2016-03-16,129745.58440729322
2016-03-17,129949.74501313735
2016-03-18,132470.63888519374
2016-03-21,133646.78888519373
2016-03-22,134350.38888519374
2016-03-23,135797.03888519373
2016-03-28,131121.08888519375
2016-03-29,131936.88888519374
2016-03-30,134446.68888519373
2016-03-31,134074.43888519373
2016-04-01,133197.03888519373
2016-04-04,134606.98888519374
2016-04-05,131128.63888519374
2016-04-06,132058.15952741608
2016-04-07,131301.005715743
2016-04-08,131052.92071574302
2016-04-11,133202.890715743
2016-04-12,133939.09571574302
2016-04-13,136363.450715743
2016-04-18,136757.43071574302
2016-04-20,138462.205715743
2016-04-21,137752.800715743
2016-04-22,138034.010715743
2016-04-25,136993.005715743
2016-04-26,138846.98071574303
2016-04-27,138324.68071574302
2016-04-28,136551.98071574303
2016-04-29,136447.31795797832
2016-05-02,137544.65490102512
2016-05-03,137344.0749010251
2016-05-04,135190.8899010251
2016-05-05,134883.20395979466
2016-05-06,134814.08395979466
2016-05-09,135747.67010468803
2016-05-10,136589.89510468804
2016-05-11,137144.20510468804
2016-05-12,137338.74343802137
2016-05-13,136571.25343802138
2016-05-16,136535.08843802137
2016-05-17,137650.4967713547
2016-05-18,137408.06010468805
2016-05-19,136211.62343802137
2016-05-20,135456.72510468803
2016-05-23,135146.60447709975
2016-05-24,135344.59503190516
2016-05-25,137916.05169857183
2016-05-26,138949.85503190514
2016-05-27,138612.35503190514
2016-05-30,138441.00503190514
2016-05-31,137853.43503190513
2016-06-01,138357.5883652385
2016-06-02,139082.3316985718
2016-06-03,139306.53836523846
2016-06-06,139148.76503190515
2016-06-07,139414.41836523847
2016-06-08,139702.7283652385
2016-06-09,139484.10503190514
2016-06-10,138744.36836523848
2016-06-13,138391.66503190514
2016-06-14,138545.36836523848
2016-06-15,139332.39503190515
2016-06-16,138599.48503190515
2016-06-17,139366.79836523847
2016-06-20,139085.8783652385
2016-06-21,138466.12169857183
2016-06-22,137727.98169857182
2016-06-23,138776.9516985718
2016-06-24,136985.66332664667
2016-06-27,136812.02998028486
2016-06-28,137562.57903947087
2016-06-29,138751.20570613752
2016-06-30,140333.85570613752
2016-07-01,141111.51570613752
2016-07-04,139855.97070613754
2016-07-05,139014.09070613753
2016-07-07,139370.57570613752
2016-07-08,139422.63070613754
2016-07-11,140437.81070613753
2016-07-12,141307.66570613754
2016-07-13,140292.42070613752
2016-07-14,141497.56570613754
2016-07-15,142442.24570613753
2016-07-18,143014.53070613754
2016-07-19,142784.29070613752
2016-07-20,144003.84570613754
2016-07-21,144990.53570613754
2016-07-22,144553.62070613753
2016-07-25,144747.73070613752
2016-07-26,145500.3207061375
2016-07-27,144756.79070613752
2016-07-28,145329.70070613752
2016-07-29,146280.82570613752
2016-08-01,148034.90070613753
2016-08-02,147943.18570613753
2016-08-03,146121.24570613753
2016-08-04,146350.59570613754
2016-08-05,148601.63570613752
2016-08-08,148457.03070613754
2016-08-09,147406.45070613755
2016-08-10,146001.08570613753
2016-08-11,145637.43070613753
2016-08-12,145703.05086315796
2016-08-16,145071.44540166
2016-08-17,145137.10540166002
2016-08-18,145822.49540165998
2016-08-19,145301.36540165998
2016-08-22,145376.02540166
2016-08-23,144712.31540166
2016-08-24,144721.41540166
2016-08-25,144819.10040166002
2016-08-26,145472.12540165999
2016-08-29,145583.21540166
2016-08-30,146845.02540166
2016-08-31,148663.75540166
2016-09-01,149332.23040166002
2016-09-02,149862.27540166
2016-09-06,151742.37540166
2016-09-07,151020.66040166002
2016-09-08,152554.21540166
2016-09-09,150442.36540166
2016-09-12,147744.61540166
2016-09-14,147681.06540166
2016-09-15,147725.54040166002
2016-09-16,147999.38040166
2016-09-19,148595.02540166
2016-09-20,148770.54540166
2016-09-21,149292.0123223535
2016-09-22,150250.88030358235
2016-09-23,149457.5638510511
2016-09-26,148229.7587177337
2016-09-27,147762.8597077477
2016-09-28,147643.1097077477
2016-09-29,145983.16694913164
2016-09-30,144977.1749620136
2016-10-03,147645.8349620136
2016-10-04,147250.0967502187
2016-10-05,146967.65175021873
2016-10-06,147360.0317502187
2016-10-07,147649.42175021872
2016-10-10,147239.27675021873
2016-10-13,145999.02175021873
2016-10-14,146469.1895602835
2016-10-17,146031.4041095071
2016-10-18,147766.83744284045
2016-10-19,148545.3574428404
2016-10-20,147771.9174428404
2016-10-21,148126.2274428404
2016-10-24,147429.34910950708
2016-10-25,147006.61410950706
2016-10-26,146798.1491095071
2016-10-27,145214.93749375377
2016-10-28,146787.20821697725
2016-11-01,147255.33821697725
2016-11-02,145735.17518069345
2016-11-03,144771.94851402676
2016-11-04,142806.74541636734
2016-11-07,142785.79673092958
2016-11-08,142886.73656332417
2016-11-09,139916.30107567977
2016-11-10,140116.67778131756
2016-11-11,138454.0177143155
2016-11-15,136785.26768431065
2016-11-16,136313.73033001623
2016-11-17,137081.5969966829
2016-11-18,136383.14001370445
2016-11-21,134390.6314035643
2016-11-22,133406.65441147625
2016-11-23,133394.05441147625
2016-11-24,133627.15441147625
2016-11-25,134828.35441147623
2016-11-28,135346.9774929246
2016-11-29,134964.7774929246
2016-11-30,134970.84342163484
2016-12-01,134052.54342163485
2016-12-02,133783.32140603988
2016-12-05,134110.93807270657
2016-12-06,134630.57140603988
2016-12-07,134083.8714060399
2016-12-08,135027.60473937323
2016-12-09,135403.40382245346
2016-12-12,135465.95382245348
2016-12-13,136231.07048912015
2016-12-14,134620.30382245348
2016-12-15,134170.37048912013
2016-12-16,133180.6802194046
2016-12-19,132926.44801507087
2016-12-20,133146.59801507086
2016-12-21,133130.56757746713
2016-12-22,131912.6714142868
2016-12-23,132062.8076245691
2016-12-26,131522.70762456907
2016-12-27,132142.65515186416
2016-12-28,132043.05515186416
2016-12-29,133035.40515186416
2016-12-30,133272.3576798329
2017-01-02,133701.7897302577
2017-01-03,135163.53973025765
2017-01-04,135183.9647302577
2017-01-05,135913.91473025767
2017-01-06,134686.9147302577
2017-01-09,134903.81473025767
2017-01-10,135411.8397302577
2017-01-11,136024.2147302577
2017-01-12,137362.3397302577
2017-01-13,136172.56363078943
2017-01-16,135831.92396680778
2017-01-17,136419.3573001411
2017-01-18,135665.74063347443
2017-01-19,137693.75730014112
2017-01-20,136732.97396680777
2017-01-23,137787.02396680776
2017-01-24,138891.10730014113
2017-01-25,140229.8073001411
2017-01-27,141120.7073001411
2017-01-30,140468.9573001411
2017-01-31,138955.69063347444
2017-02-01,141695.8573001411
2017-02-02,142196.02396680778
2017-02-03,142314.3739668078
2017-02-06,143558.8739668078
2017-02-07,143180.9573001411
2017-02-08,143426.8573001411
2017-02-09,142827.64063347445
2017-02-10,141716.74119587583
2017-02-13,140916.89790183614
2017-02-14,140764.33123516946
2017-02-15,139958.3645685028
2017-02-16,139853.25345597795
2017-02-17,139405.9903215581
2017-02-20,139032.51023654762
2017-02-21,139123.48495659098
2017-02-22,138153.054956591
2017-02-23,137742.59495659097
2017-02-27,136892.989956591
2017-02-28,136901.243154896
2017-03-01,136572.4426058832
2017-03-02,135384.06093921655
2017-03-03,135345.77372277627
2017-03-06,135862.67265069007
2017-03-07,134899.79931735672
2017-03-08,133845.56431735674
2017-03-09,127924.76235961518
2017-03-10,127872.9623596152
2017-03-14,128032.4623596152
2017-03-15,127724.0545035718
2017-03-16,129094.6545035718
2017-03-17,128127.04036417935
2017-03-20,127711.99925962271
2017-03-21,127790.44925962272
2017-03-22,127146.8992596227
2017-03-23,127586.84925962272
2017-03-24,127500.54925962271
2017-03-27,126593.49925962271
2017-03-28,126891.64925962272
2017-03-29,127257.54925962271
2017-03-30,127938.54925962271
2017-03-31,128892.54925962273
2017-04-03,128412.3492596227
2017-04-05,128702.74925962272
2017-04-06,128813.69925962272
2017-04-07,129260.6992596227
2017-04-10,129974.04925962271
2017-04-11,129898.3326466567
2017-04-12,129742.0953653411
2017-04-13,130008.86539665709
2017-04-17,128959.59267073814
2017-04-18,128300.06522372004
2017-04-19,128621.62781690818
2017-04-20,128281.70737728893
2017-04-21,127813.03071062225
2017-04-24,128264.82404395557
2017-04-25,130952.04737728892
2017-04-26,130797.78071062226
2017-04-27,130957.58071062225
2017-04-28,130058.61404395559
2017-05-02,129927.22737728892
2017-05-03,130407.99404395558
2017-05-04,130141.08404395558
2017-05-05,129309.85737728892
2017-05-08,129202.20737728893
2017-05-09,130161.42737728891
2017-05-10,131319.4073772889
2017-05-11,130737.3140439556
2017-05-12,130184.25737728892
2017-05-15,131254.83071062225
2017-05-16,131795.79071062227
2017-05-17,131392.5340439556
2017-05-18,130430.61737728892
2017-05-19,128772.4040439556
2017-05-22,127234.43923884702
2017-05-23,127088.76124789027
2017-05-24,127283.37374789026
2017-05-25,128484.72606206885
2017-05-26,129478.61712802493
2017-05-29,130258.94212802491
2017-05-30,130135.0296280249
2017-05-31,130505.91712802491
2017-06-01,130747.16712802491
2017-06-02,131191.7796280249
2017-06-05,131274.1046280249
2017-06-06,130853.5546280249
2017-06-07,131590.1671280249
2017-06-08,131211.6046280249
2017-06-09,131302.9171280249
2017-06-12,130692.55462802491
2017-06-13,130670.64212802492
2017-06-14,130806.91712802491
2017-06-15,130443.55645795865
2017-06-16,130266.7146479943
2017-06-19,130844.51214799432
2017-06-20,129161.80462392204
2017-06-21,129387.25835994194
2017-06-22,128623.08835994196
2017-06-23,128278.51585994195
2017-06-27,127355.2930153832
2017-06-28,127022.64653369687
2017-06-29,126979.19653369684
2017-06-30,126985.59653369685
2017-07-03,128322.68403369686
2017-07-04,128125.37153369686
2017-07-05,128782.32153369686
2017-07-06,128654.92153369686
2017-07-07,128556.28403369685
2017-07-10,129265.02153369685
2017-07-11,129412.53403369685
2017-07-12,130211.44653369686
2017-07-13,130727.87153369686
2017-07-14,130461.02153369687
2017-07-17,131557.02153369685
2017-07-18,131569.77153369685
2017-07-19,128234.2726016173
2017-07-20,128478.14287996427
2017-07-21,129557.97037996427
2017-07-24,130246.72787996427
2017-07-25,130129.61037996427
2017-07-26,130516.58576394944
2017-07-27,130703.10848263386
2017-07-28,130622.78598263385
2017-07-31,131002.53098263388
2017-08-01,132268.76598263386
2017-08-02,132110.5434826339
2017-08-03,132197.47348263388
2017-08-04,133638.78848263388
2017-08-07,135149.72348263385
2017-08-08,134564.88098263388
2017-08-09,131795.23848263387
2017-08-10,129680.13740088098
2017-08-11,128799.76972513698
2017-08-14,129719.991397629
2017-08-16,130559.08054831221
2017-08-17,128978.10213133848
2017-08-18,129243.89713133851
2017-08-21,128282.7121313385
2017-08-22,128280.4871313385
2017-08-23,128518.3671313385
2017-08-24,129274.22213133851
2017-08-28,129944.9471313385
2017-08-29,128624.84586938642
2017-08-30,129240.92586938644
2017-08-31,129637.39470978538
2017-09-01,129126.99970978538
2017-09-04,128040.90470978538
2017-09-05,128493.78970978537
2017-09-06,128576.32087118237
2017-09-07,130456.609926386
2017-09-08,129710.764926386
2017-09-11,131120.884926386
2017-09-12,131621.89992638602
2017-09-13,131566.179926386
2017-09-14,131469.679926386
2017-09-15,131516.35992638598
2017-09-18,131961.969926386
2017-09-19,131841.61492638598
2017-09-20,131179.249926386
2017-09-21,130428.609926386
2017-09-22,127993.449926386
2017-09-25,127808.37426365999
2017-09-26,127481.37426365998
2017-09-27,127067.52130889664
2017-09-28,127359.72130889664
2017-09-29,127326.32703474932
2017-10-03,127354.22703474932
2017-10-04,127344.47014837468
2017-10-05,127123.82014837465
2017-10-06,128567.47014837468
2017-10-09,128124.22014837468
2017-10-10,128374.82014837468
2017-10-11,128219.02014837466
2017-10-12,129037.47014837468
2017-10-13,129181.67014837466
2017-10-16,129828.77014837466
2017-10-17,130149.42014837466
2017-10-18,130565.72014837468
2017-10-19,129663.02014837466
2017-10-23,130046.12014837467
2017-10-24,130701.12014837467
2017-10-25,131556.92014837466
2017-10-26,132227.4201483747
2017-10-27,132934.17014837466
2017-10-30,133881.12014837467
2017-10-31,133205.82014837465
2017-11-01,133463.12014837467
2017-11-02,133429.27014837466
2017-11-03,133111.22014837468
2017-11-06,133855.52014837466
2017-11-07,132858.87014837467
2017-11-08,132719.7485748803
2017-11-09,132150.31251331646
2017-11-10,132889.01076751918
2017-11-13,131196.77013310447
2017-11-14,130596.77888846138
2017-11-15,130377.69138846139
2017-11-16,130299.60388846138
2017-11-17,130173.66549737837
2017-11-20,129759.81209137363
2017-11-21,130232.61209137362
2017-11-22,129611.42459137362
2017-11-23,130077.51209137362
2017-11-24,129824.52777241012
2017-11-27,129588.19973098331
2017-11-28,128911.1497309833
2017-11-29,129139.59973098332
2017-11-30,128605.7997309833
2017-12-01,127737.75949682687
2017-12-04,128047.48440064672
2017-12-05,127772.93440064671
2017-12-06,127666.23830974943
2017-12-07,128488.43830974943
2017-12-08,128163.24681071895
2017-12-11,128671.74681071896
2017-12-12,128808.34681071895
2017-12-13,128259.84681071897
2017-12-14,127863.44681071896
2017-12-15,128049.04681071897
2017-12-18,128860.44681071896
2017-12-19,130217.44681071898
2017-12-20,130092.64681071894
2017-12-21,129860.14681071896
2017-12-22,130574.14681071896
2017-12-26,131185.84681071894
2017-12-27,130711.94681071896
2017-12-28,130387.14681071896
2017-12-29,130445.44681071895
2018-01-01,130157.64681071894
2018-01-02,129023.14681071897
2018-01-03,128599.74681071896
2018-01-04,128615.44681071896
2018-01-05,129198.41258370443
2018-01-08,128678.37828361773
2018-01-09,128769.02828361772
2018-01-10,128765.94976921499
2018-01-11,129341.10004756195
2018-01-12,129686.55004756196
2018-01-15,129083.92504756195
2018-01-16,130118.32504756196
2018-01-17,131268.2739692115
2018-01-18,130122.12718909064
2018-01-19,130945.25218909064
2018-01-22,131843.82718909063
2018-01-23,133076.82718909063
2018-01-24,133353.97847490854
2018-01-25,132354.0367783201
2018-01-29,131692.63403594543
2018-01-30,130417.03007515437
2018-01-31,129694.70507515436
2018-02-01,129911.63007515437
2018-02-02,128043.38693289124
2018-02-05,127586.86193289125
2018-02-06,125775.78070384763
2018-02-07,125449.94377081952
2018-02-08,125672.03856287093
2018-02-09,125295.03856287093
2018-02-12,125152.93856287093
2018-02-14,125479.43161568514
2018-02-15,125110.37161568514
2018-02-16,124247.53161568515
2018-02-19,124115.24523088882
2018-02-20,124161.31523088881
2018-02-21,124022.42523088881
2018-02-22,123948.98523088882
2018-02-23,124179.50523088881
2018-02-26,124721.57535058743
2018-02-27,124338.57923872618
2018-02-28,123879.10464118684
2018-03-01,123351.50964118684
2018-03-05,122451.17071853875
2018-03-06,121929.83071853875
2018-03-07,121910.72571342281
2018-03-08,121796.55571342281
2018-03-09,121652.24571342282
2018-03-12,121651.54071342282
2018-03-13,121954.43686034685
2018-03-14,120891.3535270135
2018-03-15,120655.47361848033
2018-03-16,119424.56198504916
2018-03-19,118781.78427289921
2018-03-20,119258.2792728992
2018-03-21,119476.31927289921
2018-03-22,119983.19427289921
2018-03-23,119994.28427289921
2018-03-26,121122.08427289921
2018-03-27,122683.39874576511
2018-03-28,122946.1737457651
2018-04-02,124301.37874576512
2018-04-03,124524.13374576512
2018-04-04,123583.75374576512
2018-04-05,125169.2687457651
2018-04-06,125971.27874576511
2018-04-09,126833.07374576511
2018-04-10,126726.4137457651
2018-04-11,127095.65874576512
2018-04-12,127551.72874576511
2018-04-13,127933.1687457651
2018-04-16,128633.40374576511
2018-04-17,129625.03874576511
2018-04-18,128879.11874576511
2018-04-19,128658.62374576512
2018-04-20,127978.80374576512
2018-04-23,128025.97043096289
2018-04-24,127770.70498740993
2018-04-25,127267.65498740994
2018-04-26,128684.92498740993
2018-04-27,129068.87498740994
2018-04-30,130610.55498740994
2018-05-02,129343.23998740994
2018-05-03,128716.63498740993
2018-05-04,128660.15998740995
2018-05-07,128956.79998740993
2018-05-08,128685.69998740996
2018-05-09,128911.66498740995
2018-05-10,127986.82998740993
2018-05-11,129280.91413459173
2018-05-14,128949.22392978641
2018-05-15,129179.0204679674
2018-05-16,129725.35011312811
2018-05-17,129416.08011312812
2018-05-18,129791.4251131281
2018-05-21,128769.83011312812
2018-05-22,128969.1876131281
2018-05-23,128576.50704798661
2018-05-24,129038.28753238822
2018-05-25,129387.48644618649
2018-05-28,129796.08644618647
2018-05-29,128541.88644618649
2018-05-30,128577.18644618648
2018-05-31,129926.67144618649
2018-06-01,129594.78644618648
2018-06-04,129151.6464461865
2018-06-05,128291.51644618646
2018-06-06,129585.45144618649
2018-06-07,130271.01210932797
2018-06-08,130529.48251536791
2018-06-11,130550.9275153679
2018-06-12,131053.75251536792
2018-06-13,131959.0675153679
2018-06-14,130659.32751536793
2018-06-15,131012.80251536793
2018-06-18,129807.72417270698
2018-06-19,128534.71787439717
2018-06-20,128793.45287439716
2018-06-21,129178.00787439715
2018-06-22,129719.17787439717
2018-06-25,129270.88287439717
2018-06-26,130106.43787439718
2018-06-27,128658.49356288268
2018-06-28,128413.46397006529
2018-06-29,129049.8439700653
2018-07-02,129412.4089700653
2018-07-03,129676.08397006529
2018-07-04,129545.21254262392
2018-07-05,128984.73203938405
2018-07-06,128791.40062148205
2018-07-09,128733.43239751266
2018-07-10,129421.42239751265
2018-07-11,131361.34239751266
2018-07-12,130312.51239751265
2018-07-13,131489.04739751265
2018-07-16,131901.78239751264
2018-07-17,132245.7723975127
2018-07-18,131746.98739751265
2018-07-19,131318.68739751267
2018-07-20,130344.33239751266
2018-07-23,130853.66235257445
2018-07-24,131257.54590421342
2018-07-25,131269.08590421343
2018-07-26,131220.67590421342
2018-07-27,130501.8509042134
2018-07-30,129366.95233303348
2018-07-31,129781.0664433473
2018-08-01,129044.46553444525
2018-08-02,128208.16156458428
2018-08-03,127552.17411459313
2018-08-06,127013.9498284987
2018-08-07,125272.4498284987
2018-08-08,125552.14046986481
2018-08-09,125387.23383009667
2018-08-10,124545.25855032675
2018-08-13,124230.3044312972
2018-08-14,125377.5694312972
2018-08-16,126122.01443129721
2018-08-17,126721.3444312972
2018-08-20,125965.7094312972
2018-08-21,126280.22443129722
2018-08-23,126510.46443129721
2018-08-24,126309.03943129719
2018-08-27,128051.38443129722
2018-08-28,128368.6394312972
2018-08-29,128563.65943129722
2018-08-30,128271.88443129722
2018-08-31,127743.63943129721
2018-09-03,125514.9494312972
2018-09-04,126011.14580375639
2018-09-05,125547.25100141173
2018-09-06,125557.82600141173
2018-09-07,126080.05100141173
2018-09-11,125633.31638213192
2018-09-14,125094.11638213194
2018-09-17,124229.54585499784
2018-09-18,122992.14585499783
2018-09-19,123028.47958306516
2018-09-21,121742.97760442416
2018-09-24,121576.23394266856
2018-09-25,121375.2501912671
2018-09-26,120614.5501912671
2018-09-27,120887.685455297
2018-09-28,120155.985455297
2018-10-01,120931.58545529701
2018-10-03,120624.135455297
2018-10-04,119976.21025570991
2018-10-05,118749.76025570993
2018-10-08,117142.6017283398
2018-10-09,117081.55172833981
2018-10-10,116807.6517283398
2018-10-11,116309.68083541689
2018-10-12,116309.68083541689
2018-10-15,116309.68083541689
2018-10-16,116309.68083541689
2018-10-17,116309.68083541689
2018-10-19,116309.68083541689
2018-10-22,116309.68083541689
2018-10-23,116309.68083541689
2018-10-24,116309.68083541689
2018-10-25,116309.68083541689
2018-10-26,116309.68083541689
2018-10-29,116309.68083541689
2018-10-30,115218.7976941564
2018-10-31,115117.36912238959
2018-11-01,114704.84466156068
2018-11-02,115360.27716156069
2018-11-05,115650.08716156069
2018-11-06,115047.07216156069
2018-11-07,115381.4996615607
2018-11-09,115430.69466156069
2018-11-12,114075.28216156068
2018-11-13,114759.5064525981
2018-11-14,115754.59395259811
2018-11-15,116276.61474415993
2018-11-16,116935.35224415993
2018-11-19,116013.40224415994
2018-11-20,115211.60224415995
2018-11-21,115433.68974415996
2018-11-22,115010.85224415995
2018-11-26,116336.10224415995
2018-11-27,116548.51474415994
2018-11-28,116214.18974415994
2018-11-29,116918.80224415995
2018-11-30,116800.30224415995
2018-12-03,116760.75224415996
2018-12-04,116124.76474415995
2018-12-05,115137.90224415994
2018-12-06,113703.62724415994
2018-12-07,114038.18890570727
2018-12-10,113323.87806209782
2018-12-11,114029.30556209783
2018-12-12,114662.83556209784
2018-12-13,115136.14571525733
2018-12-14,114702.92821525733
2018-12-17,114582.60321525732
2018-12-18,114165.89654859065
2018-12-19,114583.02488192398
2018-12-20,115588.40571525731
2018-12-21,113684.70097559478
2018-12-24,111928.69148782775
2018-12-26,111772.38098598832
2018-12-27,111645.02098598833
2018-12-28,112120.51465218818
2018-12-31,111997.46215218819
2019-01-01,111924.84658365874
2019-01-02,110219.17218159566
2019-01-03,110097.49468159566
2019-01-04,110838.40853991528
2019-01-07,111477.04353991529
2019-01-08,111646.53853991529
2019-01-09,111674.96603991529
2019-01-10,111308.9985399153
2019-01-11,110300.58947686192
2019-01-14,110062.91541749495
2019-01-15,110759.61541749495
2019-01-16,110107.20291749496
2019-01-17,111002.45291749496
2019-01-18,111032.47791749495
2019-01-21,110579.56541749494
2019-01-22,110063.27652564173
2019-01-23,109172.54845879383
2019-01-24,108185.57700564423
2019-01-25,107844.26141916722
2019-01-28,107219.71398192663
2019-01-29,107520.81647390794
2019-01-30,107491.38711723345
2019-01-31,108627.18095470648
2019-02-01,109532.53095470648
2019-02-04,109757.90595470648
2019-02-05,109969.40595470648
2019-02-06,110486.94345470649
2019-02-07,111048.01845470649
2019-02-08,109809.24345470649
2019-02-11,109145.99345470649
2019-02-12,108542.09814238672
2019-02-13,108787.37314238673
2019-02-14,108262.94814238673
2019-02-15,107898.97314238672
2019-02-18,107067.67960886263
2019-02-19,106252.5005505896
2019-02-20,106406.98041318696
2019-02-21,106372.30541318696
2019-02-22,106795.40680608993
2019-02-25,106931.46427092252
2019-02-26,106978.76427092252
2019-02-27,106980.56427092252
2019-02-28,106628.1242709225
2019-03-01,107588.63927092252
2019-03-05,109311.87927092251
2019-03-06,108595.08927092252
2019-03-07,107739.26927092251
2019-03-08,106289.38927092252
2019-03-11,107284.2970124952
2019-03-12,107466.86801313165
2019-03-13,106069.92801313165
2019-03-14,106472.26801313164
2019-03-15,107255.64801313163
2019-03-18,107851.47301313165
2019-03-19,107924.75301313165
2019-03-20,105596.26301313164
2019-03-22,105785.09301313164
2019-03-25,105859.00077835523
2019-03-26,105934.64216531017
2019-03-27,105529.29838041044
2019-03-28,104519.00838041042
2019-03-29,105210.41752497532
2019-04-01,104914.50952876915
2019-04-02,105758.88866900513
2019-04-03,105276.16866900513
2019-04-04,105310.48366900513
2019-04-05,105934.30866900511
2019-04-08,105310.03866900512
2019-04-09,104457.51196525226
2019-04-10,104246.8109728622
2019-04-11,105078.74097286219
2019-04-12,104596.1059728622
2019-04-15,105170.18097286219
2019-04-16,106232.89597286218
2019-04-18,106105.2809728622
2019-04-22,105477.68097286219
2019-04-23,106609.7009728622
2019-04-24,108348.46097286219
2019-04-25,108888.6859728622
2019-04-26,109191.84097286219
2019-04-30,109240.6109728622
2019-05-02,109107.75097286218
2019-05-03,108514.3009728622
2019-05-06,108440.71597286219
2019-05-07,108363.18097286219
2019-05-08,106682.0959728622
2019-05-09,106546.91192397929
2019-05-10,105726.03192397929
2019-05-13,104934.27192397928
2019-05-14,104146.3621168578
2019-05-15,104119.88700791317
2019-05-16,104119.88700791317
2019-05-17,104172.24523973942
2019-05-20,105278.71681346465
2019-05-21,104356.619770848
2019-05-22,104346.02700805718
2019-05-23,102771.66148092307
2019-05-24,103197.52753331214
2019-05-27,103704.94589520128
2019-05-28,102750.5858952013
2019-05-29,102489.2108952013
2019-05-30,103831.81089520128
2019-05-31,103544.95589520129
2019-06-03,104898.3708952013
2019-06-04,104636.95089520128
2019-06-06,103997.61089520129
2019-06-07,104598.1908952013
2019-06-10,105210.80589520128
2019-06-11,105477.6208952013
2019-06-12,104775.96089520128
2019-06-13,105625.00589520128
2019-06-14,104262.8358952013
2019-06-17,102713.24589520128
2019-06-18,103232.64986460104
2019-06-19,103606.15986460104
2019-06-20,104716.20438460208
2019-06-21,104264.61438460206
2019-06-24,104112.65438460206
2019-06-25,104775.25438460207
2019-06-26,105776.71860687062
2019-06-27,106067.22360687063
2019-06-28,106615.94360687063
2019-07-01,106697.34360687059
2019-07-02,106749.7336068706
2019-07-03,106922.39360687061
2019-07-04,106813.99360687062
2019-07-05,105057.89860687061
2019-07-08,100592.08360099769
2019-07-09,100819.32017205418
2019-07-10,100868.27017205418
2019-07-11,101161.97017205418
2019-07-12,100992.87017205419
2019-07-15,100837.12017205419
2019-07-16,101803.8741082575
2019-07-17,101761.07691671414
2019-07-18,101294.11584567599
2019-07-19,100217.36584567599
2019-07-22,100207.28091286233
2019-07-23,100683.59091286235
2019-07-24,100931.27895382683
2019-07-25,102417.95895382682
2019-07-26,102923.46895382684
2019-07-29,101832.16895382683
2019-07-30,100348.59895382683
2019-07-31,100437.59559046375
2019-08-01,99955.19559046376
2019-08-02,99981.1112778591
2019-08-05,98906.9112778591
2019-08-06,99088.51039221625
2019-08-07,98861.0126336002
2019-08-08,99769.75648594627
2019-08-09,100103.91090391384
2019-08-13,98374.01090391385
2019-08-14,99031.43590391387
2019-08-16,98741.73590391385
2019-08-19,98510.48590391384
2019-08-20,99217.46090391386
2019-08-21,98827.33590391386
2019-08-22,99100.51090391385
2019-08-23,99664.36090391385
2019-08-26,100564.98590391384
2019-08-27,99529.21090391384
2019-08-28,99362.25594477923
2019-08-29,99407.25594477923
2019-08-30,99830.25594477922
2019-09-03,98962.28207634704
2019-09-04,98901.53207634707
2019-09-05,98501.22238933138
2019-09-06,98245.93071063931
2019-09-09,97913.1307106393
2019-09-11,97331.65475062358
2019-09-12,96496.99777140383
2019-09-13,98323.89510944618
2019-09-16,96774.50471373039
2019-09-17,94536.40535602938
2019-09-18,95065.43924421682
2019-09-19,94062.88511087024
2019-09-20,97294.73511087021
2019-09-23,100902.32897597733
2019-09-24,100763.54810221033
2019-09-25,99544.89810221034
2019-09-26,101364.67310221032
2019-09-27,99493.24810221033
2019-09-30,99677.89810221034
2019-10-01,100139.14810221034
2019-10-03,101395.72650632063
2019-10-04,99623.85150632064
2019-10-07,98333.15150632063
2019-10-09,98481.55150632063
2019-10-10,97494.91542365811
2019-10-11,97923.61815173723
2019-10-14,98306.89315173723
2019-10-15,98292.27898947851
2019-10-16,99690.25398947851
2019-10-17,100244.09148947851
2019-10-18,101666.7914894785
2019-10-22,102060.52898947851
2019-10-23,99720.32898947851
2019-10-24,98601.79324648432
2019-10-25,99387.09162745479
2019-10-29,99755.46662745479
2019-10-30,100427.1291274548
2019-10-31,100437.72912745478
2019-11-01,99582.72912745478
2019-11-04,99551.90585152482
2019-11-05,99081.7332659472
2019-11-06,98912.4457659472
2019-11-07,98910.99576594721
2019-11-08,97942.68326594721
2019-11-11,98066.89576594719
2019-11-13,98255.91730335259
2019-11-14,98662.09230335259
2019-11-15,98157.6568513831
2019-11-18,98579.9068513831
2019-11-19,99235.85685138311
2019-11-20,100790.5318513831
2019-11-21,99363.6318513831
2019-11-22,98614.48185138311
2019-11-25,99045.13857843017
2019-11-26,98694.57802150131
2019-11-27,98864.56245976368
2019-11-28,99290.89637189404
2019-11-29,98419.29637189404
2019-12-02,98249.14637189402
2019-12-03,97567.96676975074
2019-12-04,97066.351335984
2019-12-05,96412.17195506334
2019-12-06,96258.22195506335
2019-12-09,96315.23195506335
2019-12-10,95879.70928937357
2019-12-11,96248.22928937356
2019-12-12,96803.86928937357
2019-12-13,96076.33570520251
2019-12-16,95400.27589197396
2019-12-17,96736.50589197397
2019-12-18,97084.79589197396
2019-12-19,97355.36589197397
2019-12-20,96331.57589197396
2019-12-23,96335.08589197397
2019-12-24,96205.45589197396
2019-12-26,96018.94015925113
2019-12-27,96625.93475386078
2019-12-30,97001.15475386081
2019-12-31,96334.25475386079
2020-01-01,96238.3247538608
2020-01-02,97479.5747538608
2020-01-03,96526.34475386079
2020-01-06,93914.7578738684
2020-01-07,94727.9722584881
2020-01-08,94900.85685067912
2020-01-09,94794.87671258544
2020-01-10,95064.16283225483
2020-01-13,95196.68783225483
2020-01-14,96034.38783225484
2020-01-15,95666.21283225485
2020-01-16,95486.76283225484
2020-01-17,94971.53783225483
2020-01-20,93538.12822039703
2020-01-21,92729.14560958976
2020-01-22,92468.9543725821
2020-01-23,93363.90806985907
2020-01-24,94393.65724141322
2020-01-27,93224.20724141323
2020-01-28,92309.42248991072
2020-01-29,92269.92248991072
2020-01-30,90489.60263373099
2020-01-31,89732.9855668801
2020-02-03,88860.52344765348
2020-02-04,89226.44238913505
2020-02-05,89126.96569854452
2020-02-06,89177.55069854454
2020-02-07,88867.76269399961
2020-02-10,88471.5176939996
2020-02-11,88703.1076939996
2020-02-12,89272.18448308924
2020-02-13,89366.96948308925
2020-02-14,88698.29773963426
2020-02-17,88678.4786147529
2020-02-18,87928.8936147529
2020-02-19,88262.3386147529
2020-02-20,87933.39861475289
2020-02-24,86262.98825784212
2020-02-25,86519.36353665983
2020-02-26,86097.20853665983
2020-02-27,85788.72853665984
2020-02-28,83263.35790539952
2020-03-02,83263.35790539952
2020-03-03,83263.35790539952
2020-03-04,83263.35790539952
2020-03-05,83208.91139795625
2020-03-06,82722.06139795625
2020-03-09,82042.1958136142
2020-03-11,82042.1958136142
2020-03-12,82042.1958136142
2020-03-13,82042.1958136142
2020-03-16,82042.1958136142
2020-03-17,82042.1958136142
2020-03-18,82042.1958136142
2020-03-19,82042.1958136142
2020-03-20,82042.1958136142
2020-03-23,82042.1958136142
2020-03-24,82042.1958136142
2020-03-25,82042.1958136142
2020-03-26,82042.1958136142
2020-03-27,82042.1958136142
2020-03-30,82042.1958136142
2020-03-31,82042.1958136142
2020-04-01,81564.68070037637
2020-04-03,81462.48070037636
2020-04-07,82625.68070037637
2020-04-08,83898.56853166988
2020-04-09,85117.48853166988
2020-04-13,85689.73853166988
2020-04-15,86586.05853166989
2020-04-16,87355.61853166988
2020-04-17,86825.29853166988
2020-04-20,86246.05853166989
2020-04-21,86843.22853166988
2020-04-22,87537.74853166989
2020-04-23,87105.04853166989
2020-04-24,87311.24853166987
2020-04-27,88008.74853166989
2020-04-28,87019.35853166989
2020-04-29,86559.78853166988
2020-04-30,86686.39879215576
2020-05-04,86444.50277665057
2020-05-05,85524.73277665056
2020-05-06,85561.36277665057
2020-05-07,85063.10277665056
2020-05-08,86350.60277665056
2020-05-11,86198.09277665056
2020-05-12,85789.55277665057
2020-05-13,85994.60955921578
2020-05-14,87302.57987891675
2020-05-15,86675.67987891674
2020-05-18,85352.57987891675
2020-05-19,87106.06640727022
2020-05-20,86317.54773023544
2020-05-21,86640.44773023544
2020-05-22,85911.6195661964
2020-05-26,85835.0195661964
2020-05-27,86883.3195661964
2020-05-28,87389.4195661964
2020-05-29,88014.87431485212
2020-06-01,88455.61094771203
2020-06-02,88798.56094771205
2020-06-03,88776.01094771206
2020-06-04,88868.76094771206
2020-06-05,89702.86094771203
2020-06-08,89203.91094771205
2020-06-09,89424.01094771206
2020-06-10,88984.01094771206
2020-06-11,87183.06094771205
2020-06-12,87407.71024969459
2020-06-15,86437.39297304986
2020-06-16,86569.87978379554
2020-06-17,86507.32978379553
2020-06-18,86819.92978379554
2020-06-19,87896.70991302263
2020-06-22,88389.33491302263
2020-06-23,89097.60991302262
2020-06-24,88707.38491302263
2020-06-25,88103.00991302263
2020-06-26,88381.03491302262
2020-06-29,88609.98491302264
2020-06-30,88836.65991302262
2020-07-01,88641.90991302262
2020-07-02,89925.98491302264
2020-07-03,91009.30991302263
2020-07-06,93012.90991302262
2020-07-07,91960.58491302263
2020-07-08,91297.05991302263
2020-07-09,91980.23491302264
2020-07-10,92386.03491302262
2020-07-14,92451.26928654223
2020-07-15,91123.21008997815
2020-07-16,91991.80310973985
2020-07-17,92916.646203184
2020-07-20,94049.66620318402
2020-07-21,93687.93120318401
2020-07-22,93794.01620318403
2020-07-23,95252.19620318402
2020-07-24,95553.16120318402
2020-07-27,95266.03620318402
2020-07-28,96724.56620318402
2020-07-29,96528.16120318402
2020-07-30,97236.09120318401
2020-07-31,96947.35620318403
2020-08-03,95526.08620318404
2020-08-04,98028.116203184
2020-08-05,98264.66120318402
2020-08-06,98115.30620318401
2020-08-07,98381.821203184
2020-08-10,99372.15120318401
2020-08-11,98875.52620318401
2020-08-12,98342.87620318402
2020-08-13,98095.62120318401
2020-08-14,97465.926203184
2020-08-17,98324.90120318404
2020-08-18,98775.15120318401
2020-08-19,98440.07120318402
2020-08-20,97574.321203184
2020-08-21,97549.771203184
2020-08-24,97484.33120318403
2020-08-25,96995.06457081571
2020-08-26,97280.3869937764
2020-08-27,96878.2369937764
2020-08-28,96248.82199377641
2020-08-31,94806.89080716293
2020-09-01,94720.44470297957
2020-09-02,95150.41970297956
2020-09-03,94960.34071522226
2020-09-04,93853.40926572523
2020-09-07,95171.20926572522
2020-09-08,93319.13426572524
2020-09-09,93395.44883978437
2020-09-10,94867.32383978437
2020-09-11,95162.04952999049
2020-09-14,94960.39952999048
2020-09-15,95135.79952999046
2020-09-16,95108.89952999048
2020-09-17,94678.49952999047
2020-09-18,95168.80320306234
2020-09-21,91983.09362462867
2020-09-22,91221.80967468326
2020-09-23,91171.33467468325
2020-09-24,89721.73467468326
2020-09-25,89953.42687867585
2020-09-28,89971.11849712132
2020-09-29,90382.31849712132
2020-09-30,89391.26574395949
2020-10-01,89579.66574395951
2020-10-05,89090.59049630036
2020-10-06,89634.06549630035
2020-10-07,89989.3692396455
2020-10-08,90610.95106346457
2020-10-09,89766.05106346458
2020-10-12,89831.75106346457
2020-10-13,90606.77606346457
2020-10-14,91383.07606346457
2020-10-15,90181.17606346456
2020-10-16,90655.37606346457
2020-10-19,90448.36853070266
2020-10-20,91238.12659722927
2020-10-21,91830.32659722927
2020-10-22,91498.02659722927
2020-10-23,91002.54964273228
2020-10-26,89905.88680055129
2020-10-27,91697.7368005513
2020-10-28,90825.02013388465
2020-10-29,91312.9868005513
2020-10-30,91575.32013388464
2020-11-02,92178.57013388464
2020-11-03,92476.90346721798
2020-11-04,92009.9868005513
2020-11-05,94301.10346721797
2020-11-06,93802.30346721798
2020-11-09,95242.27013388462
2020-11-10,96746.03680055129
2020-11-11,98403.0868005513
2020-11-12,98651.5868005513
2020-11-13,99501.70346721797
2020-11-17,100361.57013388464
2020-11-18,100973.52013388462
2020-11-19,98803.18680055131
2020-11-20,99483.78680055132
2020-11-23,99633.47013388464
2020-11-24,100534.17013388465
2020-11-25,98854.4868005513
2020-11-26,100075.4868005513
2020-11-27,99757.75346721799
2020-12-01,101345.32013388464
2020-12-02,103033.27013388462
2020-12-03,103669.02013388462
2020-12-04,105681.13680055132
2020-12-07,106416.02013388465
2020-12-08,106444.65346721798
2020-12-09,107869.92013388465
2020-12-10,106343.62013388463
2020-12-11,106163.8368005513
2020-12-14,107446.62013388463
2020-12-15,107127.37013388463
2020-12-16,107620.17013388465
2020-12-17,107508.30346721798
2020-12-18,107397.82013388464
2020-12-21,103196.18680055131
2020-12-22,103245.7868254717
2020-12-23,103802.0028596122
2020-12-24,103639.21392680192
2020-12-28,104356.01392680191
2020-12-29,104839.31392680191
2020-12-30,105927.16392680192
2020-12-31,106050.26392680191
2021-01-01,106436.66392680194
2021-01-04,107483.41392680192
2021-01-05,108041.36392680192
2021-01-06,108096.86392680192
2021-01-07,107250.56392680193
2021-01-08,110009.71392680191
2021-01-11,112601.41392680192
2021-01-12,111415.61392680192
2021-01-13,111396.11392680192
2021-01-14,110017.46392680192
2021-01-15,107959.61230191363
2021-01-18,106115.64023484677
2021-01-19,106748.13237996543
2021-01-20,107552.20768225532
2021-01-21,106801.05768225534
2021-01-22,106150.18268225534
2021-01-25,104871.43268225533
2021-01-27,103954.08680391105
2021-01-28,103913.88423117109
2021-01-29,103448.08423117109
2021-02-01,105115.6842311711
2021-02-02,106511.19492189141
2021-02-03,107071.0949218914
2021-02-04,108189.39492189139
2021-02-05,107851.7149218914
2021-02-08,109686.1449218914
2021-02-09,110126.97492189141
2021-02-10,110503.7649218914
2021-02-11,110773.1749218914
2021-02-12,111614.2449218914
2021-02-15,113764.16492189141
2021-02-16,113136.4349218914
2021-02-17,112446.1249218914
2021-02-18,111577.6149218914
2021-02-19,109745.0149218914
2021-02-22,108182.38492189141
2021-02-23,108916.35075794425
2021-02-24,110315.05104261394
2021-02-25,111302.48104261393
2021-02-26,106501.65104261393
2021-03-01,107575.53819940353
2021-03-02,108209.93819940352
2021-03-03,108639.8926821714
2021-03-04,109754.8926821714
2021-03-05,108440.66529893177
2021-03-08,107973.91529893177
2021-03-09,106423.95558134922
2021-03-10,106780.65558134923
2021-03-12,105015.97993489
2021-03-15,104530.19034360383
2021-03-16,104939.64759693488
2021-03-17,102898.04759693488
2021-03-18,101899.04503514536
2021-03-19,102606.99503514537
2021-03-22,103643.26170073825
2021-03-23,103923.01170073827
2021-03-24,102078.86170073826
2021-03-25,100149.28599552493
2021-03-26,101384.43599552492
2021-03-30,102583.25940515386
2021-03-31,102672.19529846101
2021-04-01,103210.64529846102
2021-04-05,102560.845298461
2021-04-06,103230.19529846101
2021-04-07,103791.44529846101
2021-04-08,104980.745298461
2021-04-09,104553.095298461
2021-04-12,102288.495298461
2021-04-13,102011.2078011822
2021-04-15,101268.7183972761
2021-04-16,101803.66839727608
2021-04-19,101385.93891227685
2021-04-20,100951.66391227684
2021-04-22,100903.68891227685
2021-04-23,99939.68478229872
2021-04-26,100293.30171568996
2021-04-27,100810.58783354537
2021-04-28,101559.97580790789
2021-04-29,103113.90080790789
2021-04-30,102710.50080790788
2021-05-03,103169.30080790789
2021-05-04,102319.10080790789
2021-05-05,103664.27580790789
2021-05-06,104977.82580790788
2021-05-07,105546.2008079079
2021-05-10,106555.0008079079
2021-05-11,105910.52580790788
2021-05-12,104624.97580790789
2021-05-14,105365.60080790789
2021-05-17,105618.7258079079
2021-05-18,107201.80080790789
2021-05-19,107440.75080790788
2021-05-20,106305.30080790789
2021-05-21,107158.57580790788
2021-05-24,106779.77580790789
2021-05-25,108240.90080790788
2021-05-26,108575.2508079079
2021-05-27,109348.67580790787
2021-05-28,108428.42580790787
2021-05-31,109236.20777162444
2021-06-01,108361.12624149625
2021-06-02,108666.72624149625
2021-06-03,108918.05124149626
2021-06-04,108822.32624149625
2021-06-07,109151.30124149626
2021-06-08,108895.07624149627
2021-06-09,107969.69935386462
2021-06-10,107939.63857613316
2021-06-11,108972.11357613318
2021-06-14,109222.16357613316
2021-06-15,109507.96112556929
2021-06-16,108313.81900454962
2021-06-17,108402.69400454962
2021-06-18,106716.58425559354
2021-06-21,106493.02272977147
2021-06-22,105973.87599059919
2021-06-23,105985.91715800836
2021-06-24,106574.66110648737
2021-06-28,105390.02110648736
2021-06-29,105632.22110648737
2021-06-30,105133.68110648738
2021-07-01,104835.84110648737
2021-07-02,104448.26376543086
2021-07-05,104567.75852263672
2021-07-06,104424.80852263671
2021-07-07,104414.96922464385
2021-07-08,103305.48473569185
2021-07-09,103663.36973569184
2021-07-12,103087.13605489329
2021-07-13,103067.97213915957
2021-07-14,103043.99213915957
2021-07-15,103117.05005777034
2021-07-16,102854.11923801489
2021-07-19,102109.75294570845
2021-07-20,100997.34788365227
2021-07-22,102054.6232103073
2021-07-23,102195.26321030731
2021-07-26,102907.8432103073
2021-07-27,104084.86321030729
2021-07-28,104335.33382031975
2021-07-29,108290.97415250179
2021-07-30,106510.87415250178
2021-08-02,106143.06415250179
2021-08-03,107412.12415250178
2021-08-04,106726.41415250179
2021-08-05,106926.8941525018
2021-08-06,106187.09415250178
2021-08-09,106011.1041525018
2021-08-10,104879.1141525018
2021-08-11,106138.31415250179
2021-08-12,106458.8541525018
2021-08-13,107150.69415250179
2021-08-16,108056.10415250176
2021-08-17,108259.8292694922
2021-08-18,108289.59165917625
2021-08-20,106745.97165917626
2021-08-23,107444.49014153611
2021-08-24,109172.44691228596
2021-08-25,108621.2736644223
2021-08-26,108984.8036644223
2021-08-27,109257.10366442232
2021-08-30,109861.70366442233
2021-08-31,111612.62366442231
2021-09-01,111459.2436644223
2021-09-02,112019.34366442231
2021-09-03,112349.78366442231
2021-09-06,112326.98366442233
2021-09-07,112139.94366442232
2021-09-08,111137.4936644223
2021-09-09,112000.56366442231
2021-09-13,112306.79366442232
2021-09-14,112185.0536644223
2021-09-15,112155.14366442233
2021-09-16,111690.62366442231
2021-09-17,111965.69366442232
2021-09-20,112250.18366442231
2021-09-21,114093.7336644223
2021-09-22,114364.4636644223
2021-09-23,115649.4236644223
2021-09-24,115347.7636644223
2021-09-27,113799.76366442232
2021-09-29,111060.52896174313
2021-09-30,111408.49301072286
2021-10-01,110689.54301072286
2021-10-04,111136.46628787025
2021-10-05,112129.36513069659
2021-10-06,111426.56196870288
2021-10-07,110637.10863536957
2021-10-08,110251.77863536957
2021-10-12,111744.19863536955
2021-10-14,111841.98863536956
2021-10-18,112628.17196870288
2021-10-21,110290.14873927095
2021-10-25,109367.23130976204
2021-10-26,109921.88618597313
2021-10-27,107816.94801654342
2021-10-28,106033.97749102172
2021-10-29,105289.01914350934
2021-11-03,105494.24247684267
2021-11-04,105859.49827437806
2021-11-08,108010.66160771139
2021-11-09,107793.22160771137
2021-11-10,107888.18827437807
2021-11-11,105710.99266466075
2021-11-12,106728.75599799407
2021-11-15,106206.41089648698
2021-11-16,106003.46422982031
2021-11-17,105575.51422982033
2021-11-18,104339.21422982033
2021-11-22,101904.55632842422
2021-11-23,101590.73714426218
2021-11-24,101590.73714426218
2021-11-25,101740.73714426218
2021-11-26,101198.51048205429
2021-11-29,100127.79823658007
2021-11-30,99393.59823658007
2021-12-01,99263.7100819496
2021-12-02,99599.4955452578
2021-12-03,98932.53623768775
2021-12-06,97740.61445444901
2021-12-07,98067.66445444901
2021-12-08,98474.71445444901
2021-12-09,99139.014454449
2021-12-10,99507.61445444901
2021-12-13,99021.21445444901
2021-12-14,99815.36445444901
2021-12-15,99129.11445444901
2021-12-16,99412.014454449
2021-12-17,97212.814454449
2021-12-21,97155.520716067
2021-12-22,97273.05351838125
2021-12-23,98029.85351838123
2021-12-24,99117.51669661587
2021-12-27,99937.84169661588
2021-12-28,100786.56669661589
2021-12-29,100578.39169661587
2021-12-30,101598.04169661587
2021-12-31,101542.96669661588
2022-01-03,102166.24169661588
2022-01-04,102733.94169661589
2022-01-05,101072.14169661587
2022-01-06,99541.21669661588
2022-01-07,100036.66038946269
2022-01-10,99600.6127740173
2022-01-12,100436.5877740173
2022-01-13,98719.3377740173
2022-01-14,99117.7213721736
2022-01-17,97943.41287947934
2022-01-18,96751.94105160264
2022-01-19,95248.0535420085
2022-01-20,94260.83950164454
2022-01-21,93535.45339613559
2022-01-24,92936.77808080828
2022-01-25,93279.17808080827
2022-01-28,91853.10519497015
2022-01-31,93420.2264683865
2022-02-01,93001.21697943448
2022-02-02,93493.41697943449
2022-02-03,93668.06697943449
2022-02-04,93093.91697943449
2022-02-07,92593.41697943449
2022-02-08,91882.63327732339
2022-02-09,92155.2332773234
2022-02-10,93153.19979080949
2022-02-11,92247.0497908095
2022-02-14,90747.12274748144
2022-02-15,90528.05916156861
2022-02-16,90518.8591615686
2022-02-17,90243.1091615686
2022-02-18,90523.1591615686
2022-02-21,90293.25916156861
2022-02-22,90176.1591615686
2022-02-23,90029.30916156861
2022-02-25,88731.22930313299
2022-02-28,88840.97930313299
2022-03-02,89085.45260879735
2022-03-03,89414.58065524872
2022-03-04,86297.73065524871
2022-03-08,87034.94821424552
2022-03-09,85550.30118381945
2022-03-10,83919.25466890303
2022-03-11,84254.45466890302
2022-03-14,84388.47065564459
2022-03-15,82443.69565564458
2022-03-16,83773.8456556446
2022-03-17,84264.7456556446
2022-03-21,83806.94664742246
2022-03-22,84001.2544020943
2022-03-23,84928.20440209431
2022-03-24,86117.57940209431
2022-03-25,85630.77940209431
2022-03-28,85772.6794020943
2022-03-29,86002.02940209431
2022-03-30,84077.87940209432
2022-03-31,82892.10440209432
2022-04-01,83402.40440209431
2022-04-04,84647.35440209432
2022-04-05,84989.95440209431
2022-04-06,85523.57940209431
2022-04-07,84969.40440209431
2022-04-08,85828.72940209431
2022-04-11,85931.10440209432
2022-04-12,83831.77711006791
2022-04-13,84226.84521987714
2022-04-18,84342.12855321047
2022-04-19,83190.64249018871
2022-04-20,83166.64183986075
2022-04-21,83199.52517319408
2022-04-22,82599.49183986076
2022-04-25,80158.96982075027
2022-04-26,80542.15797184044
2022-04-27,79504.14157410746
2022-04-28,80038.47490744082
2022-04-29,78434.82645249652
2022-05-02,78042.56410848224
2022-05-05,76490.24107537458
2022-05-06,75269.52495400107
2022-05-09,74235.95141545273
2022-05-10,73895.39348735313
2022-05-11,73573.84348735312
2022-05-12,72797.15325690647
2022-05-13,72826.35325690647
2022-05-16,72746.05325690647
2022-05-17,72997.90325690647
2022-05-18,72411.2660626696
2022-05-19,71908.56374077276
2022-05-20,72985.90330911824
2022-05-23,73441.28195568081
2022-05-24,72835.16195568081
2022-05-25,73316.76972574583
2022-05-26,73016.91972574583
2022-05-27,73941.11972574583
2022-05-30,73754.72972574583
2022-05-31,73708.18972574582
2022-06-01,73109.15972574582
2022-06-02,73085.61972574583
2022-06-03,72867.33972574583
2022-06-06,72815.27972574582
2022-06-07,71501.01992579835
2022-06-08,70900.56871040814
2022-06-09,71278.48871040814
2022-06-10,70529.04871040813
2022-06-13,69644.99679916895
2022-06-14,69488.35733832308
2022-06-15,69488.35733832308
2022-06-16,69488.35733832308
2022-06-17,69488.35733832308
2022-06-20,69465.26528501732
2022-06-21,69366.86528501731
2022-06-22,69432.46528501732
2022-06-23,69616.96528501732
2022-06-24,70275.84222263448
2022-06-27,69762.92195330496
2022-06-28,70078.62195330497
2022-06-29,69843.92195330496
2022-06-30,69424.92195330496
2022-07-01,69356.32195330496
2022-07-04,69441.59378673759
2022-07-05,68996.8937867376
2022-07-06,70919.69378673758
2022-07-07,71410.2437867376
2022-07-08,70950.64378673758
2022-07-11,72534.3937867376
2022-07-13,72291.44378673758
2022-07-14,72737.7437867376
2022-07-15,74412.64378673758
2022-07-18,73890.6937867376
2022-07-19,74142.19378673758
2022-07-20,73742.7937867376
2022-07-21,74408.74378673758
2022-07-22,74878.94378673758
2022-07-25,73319.19378673758
2022-07-26,72712.7437867376
2022-07-27,73286.1437867376
2022-07-28,73574.5437867376
2022-07-29,74118.84378673758
2022-08-01,76156.6937867376
2022-08-02,76281.9437867376
2022-08-03,74882.24378673758
2022-08-04,75138.74980377624
2022-08-05,74100.46925323484
2022-08-10,74833.61925323484
2022-08-11,74763.06925323483
2022-08-12,74725.46925323484
2022-08-16,76862.06925323483
2022-08-17,76972.66925323484
2022-08-18,76908.46925323484
2022-08-19,76077.01925323484
2022-08-22,74568.61891623435
2022-08-23,74897.16933398086
2022-08-24,75144.97375678571
2022-08-25,75378.22375678571
2022-08-26,74378.17375678572
2022-08-29,74711.70878621553
2022-08-30,75765.65878621553
2022-09-01,75975.85878621553
2022-09-02,76002.30878621554
2022-09-05,76434.20878621553
2022-09-06,77200.70878621553
2022-09-07,76112.45398591517
2022-09-08,76379.05398591518
2022-09-09,76430.14272256408
2022-09-13,77094.04272256409
2022-09-14,77144.84272256408
2022-09-15,77777.99272256409
2022-09-16,76418.49272256407
2022-09-19,76826.84272256408
2022-09-20,77797.09272256408
2022-09-21,77418.24272256407
2022-09-22,77213.04272256409
2022-09-23,75815.90619058293
2022-09-26,74046.72538664866
2022-09-27,74315.60127101156
2022-09-28,74632.40127101156
2022-09-29,73654.85620581242
2022-09-30,73913.49365207288
2022-10-03,72881.16049736756
2022-10-04,73261.40095376209
2022-10-06,72942.0009537621
2022-10-07,72799.85047441648
2022-10-10,72733.60047441647
2022-10-11,71624.45047441647
2022-10-12,71793.90047441647
2022-10-13,72481.35047441647
2022-10-14,73089.02974432436
2022-10-17,73189.87301431323
2022-10-18,73789.57301431322
2022-10-19,73072.60019790931
2022-10-20,73883.05019790931
2022-10-21,73763.55019790932
2022-10-25,74567.25019790932
2022-10-27,75294.2001979093
2022-10-28,74997.90019790933
2022-10-31,75720.0001979093
2022-11-01,76833.7501979093
2022-11-02,76915.85019790933
2022-11-03,76920.30019790931
2022-11-04,76559.15019790933
2022-11-07,76484.50019790932
2022-11-09,77008.05019790932
2022-11-10,76819.60019790933
2022-11-11,77560.95019790932
2022-11-14,76623.75019790932
2022-11-16,76318.95019790933
2022-11-17,75664.03097886538
2022-11-18,75433.31312058582
2022-11-21,75209.41312058583
2022-11-22,75468.56312058584
2022-11-23,75683.81312058582
2022-11-24,76656.06312058584
2022-11-25,76599.71312058583
2022-11-28,76171.61312058583
2022-11-29,76804.61312058584
2022-11-30,77001.51312058582
2022-12-01,77257.31312058582
2022-12-02,77251.96312058583
2022-12-05,76938.86312058584
2022-12-06,75981.96312058583
2022-12-07,75382.11312058583
2022-12-08,74599.16312058583
2022-12-09,74190.31568607042
2022-12-12,74236.90282644532
2022-12-13,74214.25860550006
2022-12-14,74228.88360550007
2022-12-15,73842.70860550007
2022-12-16,72814.53360550008
2022-12-19,73533.84111751511
2022-12-20,72487.97254855094
2022-12-21,71850.77377745658
2022-12-22,71581.13617447761
2022-12-23,71344.00897400125
2022-12-26,71344.00897400125
2022-12-27,71344.00897400125
2022-12-28,71315.62043974757
2022-12-29,71492.72043974757
2022-12-30,71461.67043974757
2023-01-03,71458.22043974757
2023-01-04,70079.86154245009
2023-01-05,70389.66154245009
2023-01-06,69519.81701296475
2023-01-09,69933.89561350414
2023-01-10,70136.29281319489
2023-01-11,70718.09281319489
2023-01-13,70410.54060940228
2023-01-16,70160.79060940228
2023-01-17,70149.53153230938
2023-01-18,70818.13153230939
2023-01-19,71138.38153230939
2023-01-20,70852.89518384305
2023-01-23,71211.39518384305
2023-01-24,71093.59518384305
2023-01-25,70652.49518384304
2023-01-27,70267.69518384304
2023-01-30,70557.39167208648
2023-01-31,71125.54167208647
2023-02-01,70848.89167208647
2023-02-02,70688.62807735697
2023-02-03,71237.30701333287
2023-02-07,69195.49095270736
2023-02-08,69649.99968582569
2023-02-09,69838.70968582571
2023-02-10,69275.58968582569
2023-02-13,68983.0696858257
2023-02-14,69440.9796858257
2023-02-15,69666.23968582568
2023-02-16,69407.4496858257
2023-02-17,68595.73968582568
2023-02-20,68393.5996858257
2023-02-21,68274.05325403155
2023-02-22,67596.44325403155
2023-02-23,67605.01977998178
2023-02-24,67762.71977998177
2023-02-27,67502.57428087715
2023-02-28,67247.57892127417
2023-03-01,67377.32892127417
2023-03-02,67316.77892127416
2023-03-03,67697.37892127415
2023-03-06,68200.02575964574
2023-03-08,68912.69301219769
2023-03-09,68105.19301219768
2023-03-10,68080.29301219768
2023-03-13,67036.12026020966
2023-03-14,66466.57398874432
2023-03-15,66587.57398874432
2023-03-16,66732.82398874432
2023-03-17,66304.8269670109
2023-03-20,66374.67696701089
2023-03-21,65439.4269670109
2023-03-22,64954.77713088174
2023-03-23,64484.65673312731
2023-03-24,64168.4067331273
2023-03-27,64103.84188366537
2023-03-28,63392.708494431055
2023-03-29,63757.90849443106
2023-03-31,63697.47713322243
2023-04-03,63603.577133222425
2023-04-05,64560.217133222424
2023-04-06,64930.19713322242
2023-04-10,65416.94713322242
2023-04-11,65514.45713322243
2023-04-12,66090.27713322244
2023-04-13,65592.06786469951
2023-04-17,65818.13786469953
2023-04-18,65910.01786469952
2023-04-19,65528.07786469952
2023-04-20,65008.207864699514
2023-04-21,64749.08594970429
2023-04-24,64571.75497004044
2023-04-25,64664.825906987084
2023-04-26,64895.385688976625
2023-04-27,65230.94568897662
2023-04-28,65726.73568897662
2023-05-02,65976.37568897661
2023-05-03,66189.75568897661
2023-05-04,66771.30568897663
2023-05-05,66873.70568897662
2023-05-08,67122.78568897661
2023-05-09,66986.20568897662
2023-05-10,66917.09568897664
2023-05-12,65450.32420010217
2023-05-15,65228.58472798325
2023-05-16,64938.634727983255
2023-05-17,64670.08472798325
2023-05-18,63834.15637937756
2023-05-19,63804.856379377554
2023-05-22,63898.82883106975
2023-05-23,64043.62883106976
2023-05-24,63857.528831069765
2023-05-25,64170.67883106976
2023-05-26,64290.07883106977
2023-05-29,64714.87883106976
2023-05-30,64933.42883106976
2023-05-31,65028.47883106976
2023-06-01,64781.17883106976
2023-06-02,64945.1829820954
2023-06-05,65056.077617420095
2023-06-06,65467.2276174201
2023-06-07,65566.6776174201
2023-06-08,64773.6776174201
2023-06-09,64517.8276174201
2023-06-12,64731.45151164666
2023-06-13,65284.49855100083
2023-06-14,65721.1985510008
2023-06-15,65640.29601168657
2023-06-16,65859.96128452258
2023-06-19,65628.31128452258
2023-06-20,65692.46128452256
2023-06-21,65751.91128452258
2023-06-22,64906.81128452258
2023-06-23,64296.53225521442
2023-06-26,64935.43225521442
2023-06-27,64884.50311800443
2023-06-28,65321.05311800442
2023-06-30,65514.903118004426
2023-07-03,65818.75311800442
2023-07-04,65824.10311800442
2023-07-05,66037.25311800442
2023-07-06,66329.90311800443
2023-07-07,65609.65311800443
2023-07-10,65501.95311800443
2023-07-11,66274.50311800442
2023-07-12,66445.75311800442
2023-07-13,66080.80311800443
2023-07-14,66234.70311800443
2023-07-17,67161.50311800442
2023-07-18,67167.95311800443
2023-07-19,67421.20311800443
2023-07-20,68419.25311800442
2023-07-21,67997.00311800442
2023-07-24,68456.20311800443
2023-07-25,67915.65311800443
2023-07-26,68171.75311800442
2023-07-27,69494.50311800442
2023-07-28,69881.10311800442
2023-07-31,70163.70311800443
2023-08-01,69928.20311800441
2023-08-02,69702.10311800442
2023-08-03,69617.40311800441
2023-08-04,70173.75311800443
2023-08-07,70704.25311800442
2023-08-08,71253.45311800441
2023-08-09,71589.00311800443
2023-08-10,70719.95311800443
2023-08-11,70422.94424988862
2023-08-14,70047.34424988861
2023-08-16,70293.69424988862
2023-08-17,69855.85412987375
2023-08-18,69596.95412987376
2023-08-21,69949.60412987375
2023-08-22,69870.65412987376
2023-08-23,70190.65412987376
2023-08-24,69558.45412987375
2023-08-25,68568.35626928911
2023-08-28,68853.12077672494
2023-08-29,68890.52077672494
2023-08-30,68807.80745291682
2023-08-31,68030.94568251545
2023-09-01,68947.19568251545
2023-09-04,68830.34568251544
2023-09-06,69664.74568251544
2023-09-07,70033.09568251544
2023-09-08,70802.19568251543
2023-09-11,71441.04568251544
2023-09-12,70310.53616330556
2023-09-13,70192.50624493894
2023-09-14,70498.50624493895
2023-09-15,71824.45624493895
2023-09-18,71469.00624493894
2023-09-20,70944.25624493894
2023-09-21,70498.30624493894
2023-09-22,70774.20624493893
2023-09-25,70719.90624493896
2023-09-26,71175.50624493894
2023-09-27,71380.71850629561
2023-09-28,71269.4053897042
2023-09-29,72063.70538970419
2023-10-03,71908.10538970419
2023-10-04,70691.8553897042
2023-10-05,70832.08867607014
2023-10-06,70488.23867607013
2023-10-09,70210.64492079875
2023-10-10,72082.89492079875
2023-10-11,72691.64492079875
2023-10-12,73216.99492079875
2023-10-13,73008.54492079875
2023-10-16,73038.54492079874
2023-10-17,73605.89492079876
2023-10-18,72759.29492079875
2023-10-19,72923.74492079875
2023-10-20,71971.59492079876
2023-10-23,70406.29492079875
2023-10-25,70207.98353046714
2023-10-26,69309.80061287056
2023-10-30,69890.57001285811
2023-10-31,69872.57001285811
2023-11-01,69416.57001285811
2023-11-02,69531.21578688882
2023-11-03,69844.27966070862
2023-11-06,70580.6874410277
2023-11-08,71908.3624410277
2023-11-09,72302.7374410277
2023-11-10,70688.92293716587
2023-11-13,72558.52781633125
2023-11-15,73292.85281633123
2023-11-16,73584.75281633125
2023-11-17,72988.60281633123
2023-11-20,73248.42781633124
2023-11-21,71848.02781633125
2023-11-22,72620.82781633124
2023-11-23,73644.07781633124
2023-11-24,73408.87781633122
2023-11-28,75488.32215815164
2023-11-29,75818.08665685955
2023-11-30,76612.11165685953
2023-12-01,76981.51165685954
2023-12-04,79708.21165685952
2023-12-05,81331.51165685954
2023-12-06,81590.23665685953
2023-12-07,82414.41165685953
2023-12-08,81570.63665685954
2023-12-11,81395.11165685953
2023-12-12,80181.33665685955
2023-12-13,80794.61165685955
2023-12-14,80648.56165685953
2023-12-15,81968.21165685955
2023-12-18,81523.13665685955
2023-12-19,82953.38665685954
2023-12-20,80238.38665685953
2023-12-21,81225.73587529296
2023-12-22,81400.17804030298
2023-12-26,82597.92804030298
2023-12-27,82558.50304030298
2023-12-28,85037.47804030297
2023-12-29,84041.57804030298
2024-01-01,84443.75304030298
2024-01-02,85157.90304030299
2024-01-03,84763.75304030298
2024-01-04,84982.57804030298
2024-01-05,85159.60304030299
2024-01-08,84804.12804030298
2024-01-09,84960.26129091643
2024-01-10,84157.54112219594
2024-01-11,85447.34112219592
2024-01-12,85494.54112219594
2024-01-15,86301.59112219594
2024-01-16,87029.14112219593
2024-01-17,86713.79112219592
2024-01-18,86019.94112219593
2024-01-19,87154.68854113326
2024-01-20,86814.51200068947
2024-01-23,84679.5087211366
2024-01-24,86261.46404267658
2024-01-25,85738.68973361311
2024-01-29,86176.3826193313
2024-01-30,86438.67056975089
2024-01-31,86271.02056975088
2024-02-01,86264.2884026235
2024-02-02,90895.28570461954
2024-02-05,92965.53570461953
2024-02-06,96153.83570461953
2024-02-07,96024.48570461954
2024-02-08,98247.03570461953
2024-02-09,95818.73570461952
2024-02-12,93704.68570461955
2024-02-13,93491.53570461954
2024-02-14,96867.53570461953
2024-02-15,99410.78570461953
2024-02-16,99077.78570461954
2024-02-19,100058.28570461954
2024-02-20,100279.43570461952
2024-02-21,97831.48570461955
2024-02-22,97671.43570461955
2024-02-23,96407.53570461953
2024-02-26,97006.03570461954
2024-02-27,96610.28570461954
2024-02-28,94021.03570461953
2024-02-29,93227.85595842596
2024-03-01,93670.89306420837
2024-03-04,94114.53266082302
2024-03-05,94155.83266082304
2024-03-06,94138.83266082304
2024-03-07,94129.33266082304
2024-03-11,93255.93266082305
2024-03-12,92595.57885931752
2024-03-13,90880.12635139622
2024-03-14,91383.08249205154
2024-03-15,91758.68249205154
2024-03-18,91584.78249205154
2024-03-19,91175.91690419803
2024-03-20,91236.46690419802
2024-03-21,90906.91825125227
2024-03-22,91721.98153081827
2024-03-27,91364.8255311723
2024-03-28,91844.2255311723
2024-04-01,92057.17553117231
2024-04-02,91355.92553117228
2024-04-03,91333.9755311723
2024-04-04,91432.67553117231
2024-04-05,91243.37553117229
2024-04-08,92194.12553117229
2024-04-09,92819.4755311723
2024-04-10,93927.52553117229
2024-04-12,93108.17553117228
2024-04-15,92843.1329291474
2024-04-16,92714.52249749286
2024-04-18,92756.37249749286
2024-04-19,93191.12730344113
2024-04-22,93709.37730344113
2024-04-23,94350.0596808372
2024-04-24,95517.00968083719
2024-04-25,94546.2355652001
2024-04-26,94398.65262766939
2024-04-29,94855.5026276694
2024-04-30,94707.65262766939
2024-05-02,94118.5026276694
2024-05-03,93967.2526276694
2024-05-06,93578.40262766939
2024-05-07,92350.2026276694
2024-05-08,92652.48844628129
2024-05-09,91181.22300352778
2024-05-10,91944.96759581285
2024-05-13,92138.76759581285
2024-05-14,91914.46112360629
2024-05-15,92426.96112360629
2024-05-16,93084.0611236063
2024-05-17,93260.01112360628
2024-05-18,93464.3611236063
2024-05-21,94329.1611236063
2024-05-22,94131.71112360629
2024-05-23,95346.9611236063
2024-05-24,95860.66112360629
2024-05-27,96087.3611236063
2024-05-28,95605.5611236063
2024-05-29,95975.11112360629
2024-05-30,95406.46112360629
2024-05-31,95124.76112360631
2024-06-03,96919.0111236063
2024-06-04,90980.09143965639
2024-06-05,91895.28010072286
2024-06-06,90853.1774965268
2024-06-07,91464.5274965268
2024-06-10,92224.72749652682
2024-06-11,92294.0274965268
2024-06-12,92080.62749652681
2024-06-13,91824.0774965268
2024-06-14,92035.2274965268
2024-06-18,91994.37749652681
2024-06-19,91695.37749652681
2024-06-20,91601.2274965268
2024-06-21,91090.5774965268
2024-06-24,90778.65002206122
2024-06-25,91056.58329957073
2024-06-26,91094.35746796503
2024-06-27,91258.53034082087
2024-06-28,90474.95564451326
2024-07-01,90804.08564451327
2024-07-02,90271.52564451327
2024-07-03,91390.67064451324
2024-07-04,91596.08064451325
2024-07-05,90949.40753918435
2024-07-08,91036.6081671875
2024-07-09,91334.4581671875
2024-07-10,91265.86816718751
2024-07-11,91337.4681671875
2024-07-12,91748.9381671875
2024-07-15,91925.64816718751
2024-07-16,91576.43816718752
2024-07-18,92274.8181671875
2024-07-19,91595.52816718751
2024-07-22,91221.63518227295
2024-07-23,90998.36518227293
2024-07-24,90392.57363025389
2024-07-25,90011.29697248145
2024-07-26,90901.40896848659
2024-07-29,90257.5505691331
2024-07-30,90464.1305691331
2024-07-31,91321.2105691331
2024-08-01,92490.8705691331
2024-08-02,92233.43056913311
2024-08-05,90284.55056913312
2024-08-06,90292.1305691331
2024-08-07,91172.79056913311
2024-08-08,90601.9505691331
2024-08-09,91339.6605691331
2024-08-12,89713.3933973231
2024-08-13,89646.72339732312
2024-08-14,89317.06260076191
2024-08-16,89595.60260076192
2024-08-19,89635.45020686183
2024-08-20,89683.20020686185
2024-08-21,90344.88020686182
2024-08-22,90418.96020686183
2024-08-23,91105.07020686184
2024-08-26,91794.71020686183
2024-08-27,91625.18020686184
2024-08-28,92348.51020686183
2024-08-29,92872.79020686184
2024-08-30,93485.35020686184
2024-09-02,93662.04020686183
2024-09-03,93268.85020686183
2024-09-04,93247.58020686184
2024-09-05,92959.20349557529
2024-09-06,92524.28678713711
2024-09-09,92990.83678713713
2024-09-10,93510.88678713712
2024-09-11,93927.33678713713
2024-09-12,96105.58678713712
2024-09-13,95860.88678713712
2024-09-17,96550.63678713712
2024-09-18,95735.03678713713
2024-09-19,96097.08678713713
2024-09-20,97199.92993780761
2024-09-23,98765.93288984642
2024-09-24,98146.58288984641
2024-09-25,98236.23288984639
2024-09-26,99190.08288984638
2024-09-27,98646.53288984639
2024-09-30,96907.2328898464
2024-10-01,96333.34493342022
2024-10-03,94682.63563359303
2024-10-04,93482.14377686643
2024-10-07,93240.93873584976
2024-10-08,92772.35908886968
2024-10-09,92772.35908886968
2024-10-10,92772.35908886968
2024-10-11,92772.35908886968
2024-10-14,92772.35908886968
2024-10-15,92801.68617328546
2024-10-16,92607.53617328547
2024-10-17,93017.48617328546
2024-10-18,92974.8303883955
2024-10-21,92839.03038839548
2024-10-22,92086.78038839548
2024-10-23,92465.76441665426
2024-10-24,92456.11441665427
2024-10-25,92330.16441665425
2024-10-28,92365.76441665426
2024-10-29,92325.26441665426
2024-10-30,91576.25738491773
2024-10-31,89421.66949740154
2024-11-04,88508.33563546099
2024-11-05,88734.48966960181
2024-11-06,89134.68966960182
2024-11-07,89239.88966960182
2024-11-08,88949.43966960182
2024-11-11,88918.1396696018
2024-11-12,88328.18966960182
2024-11-13,87775.53966960181
2024-11-14,87596.33966960182
2024-11-18,88521.7774696018
2024-11-19,87760.0040831248
2024-11-21,87670.4040831248
2024-11-22,87679.3603822888
2024-11-25,87021.65368269793
2024-11-26,87045.35368269793
2024-11-27,87012.80368269791
2024-11-28,84699.95223084882
2024-11-29,84930.55223084881
2024-12-02,85346.98294475439
2024-12-03,86767.26294475439
2024-12-04,87007.06092533196
2024-12-05,88309.28291611854
2024-12-06,88135.34291611855
2024-12-09,87881.46791611855
2024-12-10,87863.80791611853
2024-12-11,87828.49791611856
2024-12-12,87528.13291611856
2024-12-13,87639.01291611853
2024-12-16,87590.86791611854
2024-12-17,86709.30291611854
2024-12-18,86076.74791611855
2024-12-19,84949.87790195909
2024-12-20,84476.63791449422
2024-12-23,84468.18480055156
2024-12-24,84445.53480055156
2024-12-26,84481.68480055156
2024-12-27,85076.9673344208
2024-12-30,85033.46733442081
2024-12-31,84960.7173344208
2025-01-02,85516.07242362262
2025-01-03,84515.5834003648
2025-01-06,83285.26431795534
2025-01-07,83274.01431795536
2025-01-08,83789.89557963479
2025-01-09,82956.64557963477
2025-01-10,82786.59490275309
2025-01-13,81702.6403471991
2025-01-14,81460.26997956423
2025-01-15,81021.27997956422
2025-01-16,80978.37997956423
2025-01-17,80018.71751081376
2025-01-20,80513.17297421936
2025-01-22,79689.47861633678
2025-01-23,79794.77565470993
2025-01-24,79075.61105676071
2025-01-27,77189.4600848671
2025-01-28,77521.00226862158
2025-01-29,77640.7022686216
2025-01-30,78157.4522686216
2025-01-31,79199.50226862158
2025-02-03,80806.7022686216
2025-02-04,81258.05226862157
2025-02-05,81159.0887508932
2025-02-06,80460.43302774758
2025-02-07,81260.09302774759
2025-02-10,80491.58302774759
2025-02-11,79101.95302774759
2025-02-12,79211.80661912756
2025-02-13,80058.55661912756
2025-02-14,79443.79960035645
2025-02-17,79806.99960035644
2025-02-18,79845.34960035644
2025-02-19,80172.59960035644
2025-02-20,80128.43166384831
2025-02-21,80072.73166384832
2025-02-24,79393.98166384832
2025-02-25,79222.01698580646
2025-02-27,79549.61698580647
2025-02-28,78076.4181771099
2025-03-03,77483.94976302757
2025-03-04,76936.49976302756
2025-03-05,76778.53204008561
2025-03-06,77330.6913684613
2025-03-07,77432.1243244202
2025-03-11,77117.8043244202
2025-03-12,76639.75432442021
2025-03-13,76275.46432442022
2025-03-17,77215.17432442021
2025-03-18,78502.67432442021
2025-03-19,79744.3043244202
2025-03-20,80216.78432442021
2025-03-21,80766.56432442021
2025-03-24,81691.9943244202
2025-03-25,81229.06432442021
2025-03-26,80453.3243244202
2025-03-27,80862.4943244202
2025-03-28,79919.9843244202
2025-04-01,79144.2443244202
2025-04-02,79903.91793615324
2025-04-03,79857.29439559719
2025-04-04,76783.63439559718
2025-04-07,72318.91628861183
2025-04-08,72519.83429763275
2025-04-09,72869.22600456995
2025-04-11,73224.72995095084
2025-04-15,73859.32995095084
2025-04-16,74352.22995095083
2025-04-17,75231.12995095084
2025-04-21,75198.27995095083
2025-04-22,74974.07995095084
2025-04-23,75671.22995095083
2025-04-24,75339.32995095082
2025-04-25,74356.87995095084
2025-04-28,75118.72995095083
2025-04-29,74826.27995095083
2025-04-30,74762.67995095083
2025-05-02,72766.07995095084
2025-05-05,73269.35660016813
2025-06-20,72653.76306189349
2025-06-23,72749.97439558848
2025-06-24,74183.77439558847
2025-06-25,74303.37439558847
2025-06-26,75486.57439558847
2025-06-27,75651.97439558848
2025-06-30,75909.37439558847
2025-07-01,75945.97439558848
2025-07-02,76080.07439558847
2025-07-03,76018.07439558847
2025-07-04,76410.77439558848
2025-07-07,76245.27439558848
2025-07-08,76058.17439558847
2025-07-09,75557.27439558848
2025-07-10,75296.47439558848
2025-07-11,74710.52004243918
2025-07-14,74737.33913348417
2025-07-15,75097.63913348419
2025-07-16,75078.85502640177
2025-07-17,74862.26892557851
2025-07-18,74287.56892557851
2025-07-21,74365.6689255785
2025-07-22,73893.36892557848
2025-07-23,73810.93092929841
2025-07-24,73083.70753414919
2025-07-25,71010.02333194512
2025-07-28,71277.41529717433
2025-07-29,71292.81529717433
2025-07-30,71120.81529717433
2025-07-31,70933.4112975673
2025-08-01,69821.91276200998
2025-08-04,69863.59561196661
2025-08-05,69552.76905000981
2025-08-07,69450.98128466378
2025-08-08,68759.66624687467
2025-08-11,68841.46624687467
2025-08-12,68776.26624687467
2025-08-13,69267.08877498949
2025-08-14,68825.27528983903
2025-08-18,70794.67528983903
2025-08-19,71289.87528983904
2025-08-20,71861.67528983904
2025-08-21,71538.27528983903
2025-08-22,70721.07528983903
2025-08-25,71077.07528983905
2025-08-26,71346.3888880314
2025-08-28,70697.91346890831
2025-08-29,70533.86901260803
2025-09-01,71219.26901260804
2025-09-02,71755.7697265136
2025-09-03,71918.16972651359
2025-09-04,71893.7697265136
2025-09-05,71637.41814604632
2025-09-08,73065.28145028568
2025-09-09,73076.68145028567
2025-09-10,72276.48145028568
2025-09-11,71614.88145028568
