symbol,signal_date,entry_date,entry_fill,shares,stop_price,exit_date,exit_fill,exit_reason,gapped_stop,net_pnl,period
INDUSINDBK,2010-07-08 00:00:00,2010-07-09 00:00:00,221.6214,81,209.53111150461086,2010-07-14 00:00:00,209.32158039310625,stop_touch,False,-1071.1058471730526,IS
BPCL,2010-07-08 00:00:00,2010-07-09 00:00:00,58.62940416666666,307,54.6732490021156,2010-07-15 00:00:00,54.61857575311348,stop_touch,False,-1305.9583748652112,IS
GRASIM,2010-07-09 00:00:00,2010-07-12 00:00:00,379.37899999999996,47,363.9627056694331,2010-07-15 00:00:00,363.59874296376364,stop_touch,False,-816.4933305105155,IS
AXISBANK,2010-07-14 00:00:00,2010-07-15 00:00:00,270.27,66,259.03262791020387,2010-08-05 00:00:00,266.63309999999996,channel_exit,False,-315.5745718406413,IS
BRITANNIA,2010-08-05 00:00:00,2010-08-06 00:00:00,1161.1599999999999,15,1082.5040641245084,2010-08-09 00:00:00,1081.4215600603839,stop_touch,False,-1269.0546369729877,IS
TITAN,2010-07-08 00:00:00,2010-07-09 00:00:00,124.87474999999999,144,119.6270359275837,2010-08-12 00:00:00,137.41744500000001,channel_exit,False,1727.3418436116092,IS
BHARTIARTL,2010-07-09 00:00:00,2010-07-12 00:00:00,308.7083999999999,58,289.4935900926422,2010-08-23 00:00:00,311.688,channel_exit,False,96.5065469959924,IS
EICHERMOT,2010-08-12 00:00:00,2010-08-13 00:00:00,1101.1,16,1016.7064170720109,2010-09-16 00:00:00,1216.6821,channel_exit,False,1771.5151049959277,IS
ASIANPAINT,2010-07-16 00:00:00,2010-07-19 00:00:00,248.76351499999998,72,236.01841761479778,2010-09-23 00:00:00,276.89282999999995,channel_exit,False,1946.4077935503515,IS
HINDUNILVR,2010-09-23 00:00:00,2010-09-24 00:00:00,304.304,59,290.9593214258972,2010-10-12 00:00:00,290.6683621044713,stop_touch,False,-879.5973430138541,IS
BPCL,2010-08-23 00:00:00,2010-08-24 00:00:00,65.065,276,60.97888259176893,2010-10-14 00:00:00,60.91790370917716,stop_touch,False,-1219.2322067556934,IS
AXISBANK,2010-09-16 00:00:00,2010-09-17 00:00:00,297.30700999999993,60,281.2890295362099,2010-10-18 00:00:00,285.1146,channel_exit,False,-806.402223001028,IS
ICICIBANK,2010-08-09 00:00:00,2010-08-10 00:00:00,195.62543,92,185.96189936584977,2010-10-19 00:00:00,224.775,channel_exit,False,2601.6912611118605,IS
ULTRACEMCO,2010-10-14 00:00:00,2010-10-15 00:00:00,1153.6024499999999,15,1084.585437486112,2010-10-26 00:00:00,1081.5174,stop_gap,True,-1154.0811814412903,IS
CIPLA,2010-10-21 00:00:00,2010-10-22 00:00:00,349.04869999999994,51,332.99531958143433,2010-11-11 00:00:00,332.6623242618529,stop_touch,False,-910.3097371116866,IS
M&M,2010-11-11 00:00:00,2010-11-12 00:00:00,406.90649999999994,44,383.4933377572538,2010-11-15 00:00:00,383.10984441949654,stop_touch,False,-1121.663683989375,IS
TITAN,2010-10-26 00:00:00,2010-10-27 00:00:00,174.42424999999997,103,164.93846309608227,2010-11-19 00:00:00,186.808005,channel_exit,False,1197.5058796247217,IS
TCS,2010-07-16 00:00:00,2010-07-19 00:00:00,416.140725,43,394.79406905896997,2010-11-22 00:00:00,507.492,channel_exit,False,3846.60621348768,IS
NESTLEIND,2010-10-21 00:00:00,2010-10-22 00:00:00,170.67049999999998,105,161.34433370885702,2010-11-29 00:00:00,179.82,channel_exit,False,883.2470340104368,IS
BAJAJ-AUTO,2010-11-23 00:00:00,2010-11-24 00:00:00,1640.08845,10,1549.1932593683507,2010-11-30 00:00:00,1547.6440661089823,stop_touch,False,-994.8206578345778,IS
BHARTIARTL,2010-11-30 00:00:00,2010-12-01 00:00:00,357.85749999999996,50,333.873464596608,2010-12-10 00:00:00,333.5395911320114,stop_touch,False,-1290.2392852702312,IS
CIPLA,2010-12-01 00:00:00,2010-12-02 00:00:00,369.86949999999996,48,343.88277886800864,2010-12-10 00:00:00,343.5388960891406,stop_touch,False,-1337.7383953625965,IS
DRREDDY,2010-10-13 00:00:00,2010-10-14 00:00:00,317.73741999999993,56,303.3614613881831,2010-12-21 00:00:00,341.658,channel_exit,False,1261.9478008707692,IS
ASIANPAINT,2010-12-21 00:00:00,2010-12-22 00:00:00,293.29299999999995,61,277.5784978780012,2011-01-07 00:00:00,277.3009193801232,stop_touch,False,-1050.1890733944938,IS
GAIL,2010-12-08 00:00:00,2010-12-09 00:00:00,170.50366666666665,105,161.78875994730026,2011-01-11 00:00:00,168.831,channel_exit,False,-251.44937976163902,IS
NTPC,2010-12-13 00:00:00,2010-12-14 00:00:00,197.5974,91,187.73574025301832,2011-01-11 00:00:00,190.809,channel_exit,False,-693.179118012022,IS
WIPRO,2010-12-10 00:00:00,2010-12-13 00:00:00,113.36325,158,106.86199827450913,2011-01-11 00:00:00,115.18469999999999,channel_exit,False,211.3005292058012,IS
GRASIM,2011-01-13 00:00:00,2011-01-14 00:00:00,494.49399999999997,36,465.23661160728426,2011-01-28 00:00:00,464.771374995677,stop_touch,False,-1144.2942117035022,IS
TCS,2011-01-18 00:00:00,2011-01-19 00:00:00,602.326725,29,568.5221748332613,2011-01-31 00:00:00,567.953652658428,stop_touch,False,-1070.2208912003437,IS
HCLTECH,2010-12-02 00:00:00,2010-12-03 00:00:00,105.10499999999999,171,98.37443015028765,2011-02-08 00:00:00,119.3805,channel_exit,False,2361.4479227883685,IS
SBIN,2011-02-17 00:00:00,2011-02-18 00:00:00,278.53325499999994,64,262.57561793038747,2011-02-23 00:00:00,262.31304231245707,stop_touch,False,-1112.489040660504,IS
HDFCBANK,2011-02-17 00:00:00,2011-02-18 00:00:00,109.30919999999999,164,102.75600145490442,2011-02-24 00:00:00,102.65324545344951,stop_touch,False,-1166.1923671959246,IS
BAJAJFINSV,2011-02-23 00:00:00,2011-02-24 00:00:00,45.5455,395,42.040960858908505,2011-02-25 00:00:00,41.9989198980496,stop_touch,False,-1475.2717899807953,IS
COALINDIA,2011-03-01 00:00:00,2011-03-03 00:00:00,338.33799999999997,53,318.5330975603539,2011-03-07 00:00:00,318.21456446279353,stop_touch,False,-1141.2079621825321,IS
HINDUNILVR,2011-03-01 00:00:00,2011-03-03 00:00:00,287.287,62,272.8860047050961,2011-03-15 00:00:00,272.61311870039106,stop_touch,False,-984.3124472258162,IS
COALINDIA,2011-03-07 00:00:00,2011-03-08 00:00:00,343.34299999999996,52,320.9369611297731,2011-03-15 00:00:00,320.6160241686434,stop_touch,False,-1256.0795797439039,IS
MARUTI,2011-03-01 00:00:00,2011-03-03 00:00:00,1282.43115,14,1194.1237283719483,2011-03-17 00:00:00,1192.9296046435763,stop_touch,False,-1327.4930927317214,IS
RELIANCE,2011-03-15 00:00:00,2011-03-16 00:00:00,261.51124999999996,68,247.33438263433644,2011-03-18 00:00:00,247.0870482517021,stop_touch,False,-1055.193660923653,IS
EICHERMOT,2011-03-16 00:00:00,2011-03-17 00:00:00,1132.1309999999999,13,1027.0823543374647,2011-05-04 00:00:00,1179.56925,channel_exit,False,549.1103792571676,IS
SHREECEM,2011-03-17 00:00:00,2011-03-18 00:00:00,1851.85,9,1728.5004637839163,2011-05-05 00:00:00,1918.08,channel_exit,False,522.8005101623802,IS
ITC,2011-03-01 00:00:00,2011-03-03 00:00:00,114.78133333333332,156,107.46895198700453,2011-05-06 00:00:00,121.878,channel_exit,False,1029.4685632985456,IS
BPCL,2011-05-04 00:00:00,2011-05-05 00:00:00,55.05499999999999,326,52.141693911584916,2011-05-18 00:00:00,52.08955221767333,stop_touch,False,-1041.5875429124378,IS
COALINDIA,2011-03-22 00:00:00,2011-03-23 00:00:00,361.36099999999993,49,337.96722722416985,2011-05-23 00:00:00,363.636,channel_exit,False,35.83142236322646,IS
NESTLEIND,2011-05-05 00:00:00,2011-05-06 00:00:00,205.95574999999997,87,195.62691052133644,2011-05-25 00:00:00,195.43128361081511,stop_touch,False,-990.4639244429927,IS
JSWSTEEL,2011-05-30 00:00:00,2011-05-31 00:00:00,96.69159499999999,186,90.55824715160658,2011-06-09 00:00:00,90.46768890445497,stop_touch,False,-1232.3402579601895,IS
ASIANPAINT,2011-05-20 00:00:00,2011-05-23 00:00:00,291.49119999999994,61,276.64396929085854,2011-06-17 00:00:00,302.312385,channel_exit,False,583.4683483716315,IS
ZEEL,2011-03-01 00:00:00,2011-03-03 00:00:00,121.12099999999998,144,111.19917654775301,2011-06-17 00:00:00,136.3635,channel_exit,False,2117.157309304433,IS
CIPLA,2011-05-26 00:00:00,2011-05-27 00:00:00,318.96864999999997,56,303.23909708298004,2011-06-21 00:00:00,318.0816,channel_exit,False,-125.55019062796332,IS
NTPC,2011-06-09 00:00:00,2011-06-10 00:00:00,177.22705,98,169.33294314562258,2011-07-22 00:00:00,183.3165,channel_exit,False,521.4396346654545,IS
HINDUNILVR,2011-05-10 00:00:00,2011-05-11 00:00:00,297.29699999999997,60,279.56169295785037,2011-07-27 00:00:00,328.9707,channel_exit,False,1821.9071086299912,IS
IOC,2011-06-17 00:00:00,2011-06-20 00:00:00,55.94755833333333,321,52.91172944535004,2011-07-27 00:00:00,54.945,channel_exit,False,-397.60229534803676,IS
LT,2011-06-24 00:00:00,2011-06-27 00:00:00,764.7639999999999,23,725.9133254369652,2011-07-28 00:00:00,776.556,channel_exit,False,195.6935520186433,IS
HCLTECH,2011-07-25 00:00:00,2011-07-26 00:00:00,128.51588749999996,140,122.65212475152536,2011-07-28 00:00:00,122.52947262677384,stop_touch,False,-913.2582860450219,IS
AXISBANK,2011-08-01 00:00:00,2011-08-02 00:00:00,269.26899999999995,66,256.2412868760749,2011-08-04 00:00:00,255.98504558919885,stop_touch,False,-951.2013950445698,IS
BAJAJ-AUTO,2011-08-01 00:00:00,2011-08-02 00:00:00,1480.9294499999999,12,1414.249631849272,2011-08-04 00:00:00,1412.8353822174226,stop_touch,False,-891.6703316925382,IS
TECHM,2011-07-27 00:00:00,2011-07-28 00:00:00,196.45876249999998,91,186.50658361631886,2011-08-05 00:00:00,186.32007703270256,stop_touch,False,-997.3276072742957,IS
BHARTIARTL,2011-06-20 00:00:00,2011-06-21 00:00:00,390.44005,46,373.16974771483774,2011-08-09 00:00:00,392.85675,channel_exit,False,34.782023109466834,IS
MARUTI,2011-07-27 00:00:00,2011-07-28 00:00:00,1198.197,15,1139.9029187332526,2011-08-19 00:00:00,1135.863,channel_exit,False,-1009.9790067133974,IS
BAJAJFINSV,2011-08-29 00:00:00,2011-08-30 00:00:00,59.114054999999986,262,54.06336850161388,2011-09-02 00:00:00,54.009305133112264,stop_touch,False,-1404.5716110397605,IS
ASIANPAINT,2011-08-12 00:00:00,2011-08-16 00:00:00,324.32399999999996,55,308.33494095648444,2011-09-09 00:00:00,318.78090000000003,channel_exit,False,-380.31953639890287,IS
NESTLEIND,2011-09-02 00:00:00,2011-09-05 00:00:00,218.723505,77,207.11569072023138,2011-09-13 00:00:00,213.37890750000003,channel_exit,False,-483.91570463880447,IS
HINDUNILVR,2011-09-14 00:00:00,2011-09-15 00:00:00,354.8545,50,338.1561690629177,2011-09-16 00:00:00,337.81801289385476,stop_touch,False,-926.2343309027794,IS
HEROMOTOCO,2011-09-09 00:00:00,2011-09-12 00:00:00,2202.2,7,2035.4801668590756,2011-09-22 00:00:00,2092.905,channel_exit,False,-832.7754765061073,IS
BAJAJ-AUTO,2011-08-23 00:00:00,2011-08-24 00:00:00,1560.5589999999997,11,1457.5690326235058,2011-09-23 00:00:00,1533.465,channel_exit,False,-371.5242410536621,IS
ULTRACEMCO,2011-08-23 00:00:00,2011-08-24 00:00:00,1067.1160499999999,16,1003.1839441786684,2011-10-04 00:00:00,1090.2087,channel_exit,False,295.3346181537048,IS
GRASIM,2011-09-16 00:00:00,2011-09-19 00:00:00,458.1977399999999,38,428.7950064279312,2011-10-24 00:00:00,459.94959,channel_exit,False,-8.145854137866067,IS
AXISBANK,2011-10-24 00:00:00,2011-10-25 00:00:00,234.68444999999997,74,217.7984113753147,2011-11-11 00:00:00,217.5806129639394,stop_touch,False,-1338.416486120867,IS
M&M,2011-09-02 00:00:00,2011-09-05 00:00:00,381.73134999999996,47,356.8035408942379,2011-11-15 00:00:00,395.0046,channel_exit,False,546.79913387974,IS
NTPC,2011-10-11 00:00:00,2011-10-12 00:00:00,175.72555,100,166.09194374317727,2011-11-16 00:00:00,170.6292,channel_exit,False,-584.0220211173502,IS
BRITANNIA,2011-11-11 00:00:00,2011-11-14 00:00:00,242.74249999999998,66,229.85800542216987,2011-11-24 00:00:00,229.6281474167477,stop_touch,False,-934.8927503192392,IS
SHREECEM,2011-09-22 00:00:00,2011-09-23 00:00:00,1816.8149999999998,8,1690.5548013188914,2011-12-19 00:00:00,1975.3227,channel_exit,False,1200.1059945910392,IS
SUNPHARMA,2011-11-30 00:00:00,2011-12-01 00:00:00,265.7655,67,248.86131960131445,2011-12-21 00:00:00,248.61245828171315,stop_touch,False,-1223.4365463660379,IS
CIPLA,2011-11-15 00:00:00,2011-11-16 00:00:00,308.308,58,294.10567743105486,2011-12-28 00:00:00,317.03265000000005,channel_exit,False,429.3242602317629,IS
HINDUNILVR,2011-12-22 00:00:00,2011-12-23 00:00:00,410.40999999999997,43,390.6686311865837,2012-01-05 00:00:00,394.50509999999997,channel_exit,False,-758.2754421919417,IS
TCS,2011-12-02 00:00:00,2011-12-05 00:00:00,586.83625,25,552.1338356703535,2012-01-12 00:00:00,549.9495,channel_exit,False,-987.4791135894876,IS
INFY,2011-09-28 00:00:00,2011-09-29 00:00:00,310.56024999999994,54,289.6711213610549,2012-01-13 00:00:00,326.92275,channel_exit,False,809.6022081524717,IS
CIPLA,2012-01-09 00:00:00,2012-01-10 00:00:00,345.34499999999997,42,328.9668030211387,2012-01-19 00:00:00,328.6378362181175,stop_touch,False,-766.8300677625582,IS
DRREDDY,2012-01-19 00:00:00,2012-01-20 00:00:00,339.13879999999995,41,325.02359563084553,2012-01-27 00:00:00,324.6985720352147,stop_touch,False,-655.5732931255719,IS
BAJAJFINSV,2012-01-12 00:00:00,2012-01-13 00:00:00,45.98593999999999,287,41.780709392832655,2012-01-31 00:00:00,43.956,channel_exit,False,-644.0588466553091,IS
COALINDIA,2012-01-13 00:00:00,2012-01-16 00:00:00,343.79344999999995,52,322.85057077645985,2012-02-01 00:00:00,326.673,channel_exit,False,-965.0141832377177,IS
GRASIM,2011-12-29 00:00:00,2011-12-30 00:00:00,500.43993999999986,35,472.40872560208965,2012-02-24 00:00:00,546.47298,channel_exit,False,1533.9884956758076,IS
BAJFINANCE,2012-01-31 00:00:00,2012-02-01 00:00:00,7.517509999999999,1674,7.0457761766673,2012-02-28 00:00:00,7.62237,channel_exit,False,114.81388428224106,IS
POWERGRID,2012-02-24 00:00:00,2012-02-27 00:00:00,115.11499999999998,156,109.30458918032645,2012-03-05 00:00:00,109.19528459114612,stop_touch,False,-998.41664517534,IS
ZEEL,2012-03-05 00:00:00,2012-03-06 00:00:00,141.141,101,129.4274826412175,2012-03-16 00:00:00,129.2980551585763,stop_touch,False,-1259.8488271293793,IS
ASIANPAINT,2012-01-27 00:00:00,2012-01-30 00:00:00,292.26196999999996,46,277.81685662357256,2012-03-21 00:00:00,302.082615,channel_exit,False,388.124490835795,IS
AXISBANK,2012-02-01 00:00:00,2012-02-02 00:00:00,219.0188,69,202.0361309049996,2012-03-27 00:00:00,230.56920000000002,channel_exit,False,727.9837594647298,IS
BPCL,2012-03-21 00:00:00,2012-03-22 00:00:00,58.391666666666666,244,54.795004917859195,2012-04-10 00:00:00,54.74020991294134,stop_touch,False,-955.0686287139217,IS
SHREECEM,2012-02-28 00:00:00,2012-02-29 00:00:00,2747.745,5,2583.8314312208895,2012-04-13 00:00:00,2851.69545,channel_exit,False,455.16900275479287,IS
HDFCBANK,2012-01-06 00:00:00,2012-01-09 00:00:00,113.08797499999999,159,106.00987955482161,2012-05-08 00:00:00,133.09177499999998,channel_exit,False,3099.890019025613,IS
ITC,2012-04-10 00:00:00,2012-04-11 00:00:00,152.75259999999997,87,146.53441289294264,2012-05-08 00:00:00,157.842,channel_exit,False,379.6180666809783,IS
KOTAKBANK,2012-04-13 00:00:00,2012-04-16 00:00:00,57.962904999999985,245,54.2803071692493,2012-05-09 00:00:00,54.22602686208005,stop_touch,False,-979.4774331959233,IS
EICHERMOT,2012-03-16 00:00:00,2012-03-19 00:00:00,1901.8999999999999,9,1777.0018111523545,2012-05-16 00:00:00,2007.99,channel_exit,False,879.7217583837413,IS
HINDUNILVR,2012-03-27 00:00:00,2012-03-28 00:00:00,415.96554999999995,38,397.79903170770564,2012-05-23 00:00:00,422.47709999999995,channel_exit,False,177.1741550465218,IS
BPCL,2012-05-14 00:00:00,2012-05-15 00:00:00,59.62206249999999,301,55.99947558245964,2012-05-30 00:00:00,57.7755,channel_exit,False,-631.2332008828337,IS
ASIANPAINT,2012-05-15 00:00:00,2012-05-16 00:00:00,375.17479999999995,47,355.51369155042806,2012-06-27 00:00:00,376.1235,channel_exit,False,-30.746380569541138,IS
LT,2012-06-06 00:00:00,2012-06-07 00:00:00,567.3445555555554,30,527.669247056657,2012-07-18 00:00:00,612.7421999999999,channel_exit,False,1286.5586641384655,IS
POWERGRID,2012-06-06 00:00:00,2012-06-07 00:00:00,109.75965,100,104.00854045696768,2012-07-24 00:00:00,109.04085,channel_exit,False,-127.54460914129874,IS
BAJFINANCE,2012-07-24 00:00:00,2012-07-25 00:00:00,10.9109,1034,10.276571727288077,2012-07-27 00:00:00,10.266295155560789,stop_touch,False,-722.2557740210983,IS
HEROMOTOCO,2012-06-06 00:00:00,2012-06-07 00:00:00,1965.0130499999998,9,1857.9579615085145,2012-07-30 00:00:00,2017.98,channel_exit,False,400.6144379191383,IS
BAJAJFINSV,2012-07-18 00:00:00,2012-07-19 00:00:00,71.97189999999999,250,67.30445867192178,2012-08-28 00:00:00,79.56036,channel_exit,False,1818.150031827313,IS
ICICIBANK,2012-07-30 00:00:00,2012-07-31 00:00:00,194.49429999999998,92,185.16129715105342,2012-08-28 00:00:00,184.97613585390238,stop_touch,False,-950.4896920672788,IS
ZEEL,2012-05-30 00:00:00,2012-05-31 00:00:00,126.67654999999998,142,119.67223551698424,2012-08-29 00:00:00,165.3345,channel_exit,False,5405.484177217385,IS
GRASIM,2012-06-27 00:00:00,2012-06-28 00:00:00,516.0355199999999,34,482.4827421429046,2012-09-06 00:00:00,583.42599,channel_exit,False,2213.075199623159,IS
ITC,2012-08-30 00:00:00,2012-08-31 00:00:00,180.17999999999998,99,173.98541189813122,2012-09-06 00:00:00,173.81142648623307,stop_touch,False,-705.4851312658702,IS
POWERGRID,2012-07-30 00:00:00,2012-07-31 00:00:00,118.31819999999999,90,113.4224049998848,2012-09-18 00:00:00,117.5823,channel_exit,False,-120.9442464661688,IS
TCS,2012-08-28 00:00:00,2012-08-29 00:00:00,675.675,26,650.7531427678806,2012-09-18 00:00:00,650.1023896251128,stop_touch,False,-739.0443873760596,IS
HCLTECH,2012-09-06 00:00:00,2012-09-07 00:00:00,143.14299999999997,125,137.5565525274699,2012-09-24 00:00:00,137.41899597494245,stop_touch,False,-790.5400070592232,IS
HINDUNILVR,2012-08-30 00:00:00,2012-08-31 00:00:00,528.4278999999999,34,507.5715819382812,2012-09-25 00:00:00,517.482,channel_exit,False,-447.89332093566946,IS
WIPRO,2012-09-06 00:00:00,2012-09-07 00:00:00,95.47037499999999,188,90.95495198463821,2012-10-05 00:00:00,90.86399703265357,stop_touch,False,-940.9921375104987,IS
BHARTIARTL,2012-09-18 00:00:00,2012-09-20 00:00:00,266.26599999999996,67,250.22363594197927,2012-10-05 00:00:00,249.9734123060373,stop_touch,False,-1165.9645421607415,IS
M&M,2012-09-18 00:00:00,2012-09-20 00:00:00,393.51812499999994,44,376.88761377487043,2012-10-05 00:00:00,376.51072616109553,stop_touch,False,-821.6253902407025,IS
HDFCBANK,2012-09-25 00:00:00,2012-09-26 00:00:00,158.87121249999998,110,153.27857219720224,2012-10-05 00:00:00,153.12529362500504,stop_touch,False,-705.9844732753493,IS
BRITANNIA,2012-10-09 00:00:00,2012-10-10 00:00:00,255.75549999999998,58,241.5130992589776,2012-10-22 00:00:00,241.27158615971862,stop_touch,False,-905.9689143035608,IS
HINDUNILVR,2012-10-05 00:00:00,2012-10-08 00:00:00,563.6130499999999,31,523.7113006608613,2012-10-29 00:00:00,549.45,channel_exit,False,-513.2450356267248,IS
LT,2012-10-05 00:00:00,2012-10-08 00:00:00,732.287111111111,23,678.2894781542717,2012-11-13 00:00:00,713.9964,channel_exit,False,-493.05794772079986,IS
SUNPHARMA,2012-10-08 00:00:00,2012-10-09 00:00:00,355.40504999999996,50,332.4853090794847,2012-11-15 00:00:00,332.15282377040523,stop_touch,False,-1236.6698909857532,IS
ADANIPORTS,2012-09-24 00:00:00,2012-09-25 00:00:00,121.07095,142,112.05927711992953,2012-11-21 00:00:00,123.876,channel_exit,False,323.7827989364818,IS
TITAN,2012-11-15 00:00:00,2012-11-16 00:00:00,299.299,50,281.58065247301664,2012-12-17 00:00:00,287.712,channel_exit,False,-645.9986402242995,IS
BHARTIARTL,2012-11-15 00:00:00,2012-11-16 00:00:00,292.44214999999997,61,275.67781554482366,2012-12-18 00:00:00,299.79990000000004,channel_exit,False,372.3225362591028,IS
HDFCBANK,2012-11-21 00:00:00,2012-11-22 00:00:00,166.86669999999998,106,161.62237900935867,2012-12-18 00:00:00,169.3180125,channel_exit,False,184.0444352892804,IS
ADANIPORTS,2012-12-17 00:00:00,2012-12-18 00:00:00,144.7446,99,134.10372785777207,2012-12-21 00:00:00,133.9696241299143,stop_touch,False,-1130.8321687830507,IS
M&M,2012-10-29 00:00:00,2012-10-30 00:00:00,446.671225,38,422.8083410619933,2012-12-28 00:00:00,467.0325,channel_exit,False,699.3127463754109,IS
HINDALCO,2012-12-18 00:00:00,2012-12-19 00:00:00,127.12699999999998,141,119.605389430354,2013-01-14 00:00:00,126.42345,channel_exit,False,-175.1907183841367,IS
ZEEL,2012-12-24 00:00:00,2012-12-26 00:00:00,230.53029999999998,58,215.0428547322411,2013-01-22 00:00:00,220.779,channel_exit,False,-627.5714851383036,IS
BHARTIARTL,2013-01-23 00:00:00,2013-01-24 00:00:00,369.31895,34,348.7747386247574,2013-01-29 00:00:00,348.42596388613265,stop_touch,False,-769.7711942986659,IS
HCLTECH,2013-01-14 00:00:00,2013-01-15 00:00:00,169.41924999999998,104,162.47841727524823,2013-02-12 00:00:00,164.835,channel_exit,False,-551.3325909918888,IS
JSWSTEEL,2012-12-18 00:00:00,2012-12-19 00:00:00,80.69561499999999,223,75.81249847438582,2013-02-13 00:00:00,80.424495,channel_exit,False,-136.70954894975293,IS
AXISBANK,2012-10-22 00:00:00,2012-10-23 00:00:00,244.04379999999998,57,227.97105508583599,2013-02-15 00:00:00,286.11359999999996,channel_exit,False,2330.2808252203727,IS
IOC,2012-12-31 00:00:00,2013-01-01 00:00:00,45.20349166666666,391,43.563418270058996,2013-02-26 00:00:00,50.940675,channel_exit,False,2164.725609529988,IS
HDFCBANK,2013-02-14 00:00:00,2013-02-15 00:00:00,168.09292499999998,107,162.41635509833912,2013-02-26 00:00:00,162.25393874324078,stop_touch,False,-700.2098984118755,IS
ADANIPORTS,2013-01-29 00:00:00,2013-01-30 00:00:00,147.69755,81,135.4594484356343,2013-02-27 00:00:00,143.10675,channel_exit,False,-429.99630483301587,IS
INFY,2013-02-26 00:00:00,2013-02-27 00:00:00,368.8685,48,357.6175701691394,2013-03-13 00:00:00,357.2599525989703,stop_touch,False,-631.9212958482818,IS
TECHM,2013-02-19 00:00:00,2013-02-20 00:00:00,259.98472499999997,62,244.35941766505323,2013-03-21 00:00:00,268.4687625,channel_exit,False,454.44294081448663,IS
SUNPHARMA,2013-02-12 00:00:00,2013-02-13 00:00:00,387.38699999999994,44,370.83522810696246,2013-04-02 00:00:00,405.718875,channel_exit,False,731.9315038401826,IS
ASIANPAINT,2013-03-13 00:00:00,2013-03-14 00:00:00,478.60812999999996,35,458.59562926553235,2013-04-05 00:00:00,478.0215,channel_exit,False,-93.19234112237179,IS
HCLTECH,2013-03-05 00:00:00,2013-03-06 00:00:00,187.18699999999998,70,178.0303170468201,2013-04-05 00:00:00,185.3769375,channel_exit,False,-188.5262035802403,IS
TCS,2013-02-26 00:00:00,2013-02-27 00:00:00,748.372625,24,723.4993627403015,2013-04-05 00:00:00,751.7475,channel_exit,False,4.650714528441391,IS
EICHERMOT,2013-04-11 00:00:00,2013-04-12 00:00:00,2797.7949999999996,5,2615.9855153681888,2013-04-16 00:00:00,2613.3695298528205,stop_touch,False,-985.4394050842914,IS
CIPLA,2013-04-11 00:00:00,2013-04-12 00:00:00,406.40599999999995,44,387.0243169842361,2013-05-30 00:00:00,386.63729266725187,stop_touch,False,-944.6158160429468,IS
HDFCBANK,2013-04-16 00:00:00,2013-04-17 00:00:00,166.41625,94,159.35643312479695,2013-06-04 00:00:00,171.65317499999998,channel_exit,False,422.1451478576339,IS
BRITANNIA,2013-05-30 00:00:00,2013-05-31 00:00:00,352.85249999999996,48,328.693766772513,2013-06-06 00:00:00,328.3650730057405,stop_touch,False,-1246.9952600436293,IS
JSWSTEEL,2013-06-06 00:00:00,2013-06-07 00:00:00,73.5735,241,68.63776400038103,2013-06-11 00:00:00,68.56912623638064,stop_touch,False,-1279.9378593604704,IS
ADANIPORTS,2013-04-10 00:00:00,2013-04-11 00:00:00,152.30214999999998,88,138.35481297918875,2013-06-12 00:00:00,147.0528,channel_exit,False,-524.176239435245,IS
DRREDDY,2013-04-02 00:00:00,2013-04-03 00:00:00,369.34898,48,353.4403780731744,2013-06-20 00:00:00,410.589,channel_exit,False,1901.2157245511937,IS
HINDUNILVR,2013-03-26 00:00:00,2013-03-28 00:00:00,471.47099999999995,35,447.9728636300015,2013-06-25 00:00:00,580.5189,channel_exit,False,3739.4136473748936,IS
BAJAJ-AUTO,2013-06-28 00:00:00,2013-07-01 00:00:00,1929.9279999999999,9,1819.9910428762826,2013-08-06 00:00:00,1867.131,channel_exit,False,-638.8873341080041,IS
CIPLA,2013-06-28 00:00:00,2013-07-01 00:00:00,391.44104999999996,31,374.3152998464776,2013-08-06 00:00:00,395.1045,channel_exit,False,54.24899082987706,IS
INFY,2013-08-13 00:00:00,2013-08-14 00:00:00,384.13374999999996,30,369.3374822822232,2013-08-19 00:00:00,368.968144799941,stop_touch,False,-511.70621292077317,IS
TECHM,2013-06-19 00:00:00,2013-06-20 00:00:00,253.50324999999998,71,238.6263166750193,2013-09-13 00:00:00,329.1705,channel_exit,False,5288.561518417009,IS
LT,2013-09-13 00:00:00,2013-09-16 00:00:00,565.8986666666666,29,521.2082006929616,2013-10-01 00:00:00,526.3398,channel_exit,False,-1217.3040836555763,IS
TATASTEEL,2013-08-22 00:00:00,2013-08-23 00:00:00,27.612585,400,24.570266252655966,2013-10-01 00:00:00,27.397575,channel_exit,False,-141.8513769784638,IS
BAJAJ-AUTO,2013-10-03 00:00:00,2013-10-04 00:00:00,2127.1249999999995,8,2005.779365991512,2013-10-24 00:00:00,2082.915,channel_exit,False,-426.6558065523166,IS
WIPRO,2013-06-20 00:00:00,2013-06-21 00:00:00,86.56147499999999,207,81.45467307895626,2013-10-25 00:00:00,117.3825,channel_exit,False,6294.974100367463,IS
HEROMOTOCO,2013-08-12 00:00:00,2013-08-13 00:00:00,1931.8299,9,1827.4602775913163,2013-10-29 00:00:00,1998.0,channel_exit,False,520.1527643119839,IS
AXISBANK,2013-10-29 00:00:00,2013-10-30 00:00:00,251.25099999999998,71,231.79983212549513,2013-11-08 00:00:00,231.96779999999998,channel_exit,False,-1443.0796402508643,IS
TITAN,2013-10-28 00:00:00,2013-10-29 00:00:00,251.80155,71,235.50112408919742,2013-11-08 00:00:00,235.2656229651082,stop_touch,False,-1248.4089807646008,IS
GAIL,2013-10-24 00:00:00,2013-10-25 00:00:00,116.78333333333333,150,110.57932271334586,2013-11-12 00:00:00,110.46874339063251,stop_touch,False,-1020.8058782474709,IS
JSWSTEEL,2013-10-03 00:00:00,2013-10-04 00:00:00,75.60052499999999,198,69.0733004591927,2013-11-13 00:00:00,83.13678,channel_exit,False,1422.638370148478,IS
HCLTECH,2013-06-17 00:00:00,2013-06-18 00:00:00,194.36917499999998,92,185.14884914014584,2013-11-22 00:00:00,264.759975,channel_exit,False,6390.9483234697145,IS
INFY,2013-11-18 00:00:00,2013-11-19 00:00:00,426.17574999999994,42,411.9383499403926,2013-11-26 00:00:00,411.5264115904522,stop_touch,False,-690.4701240885734,IS
BAJAJFINSV,2013-11-14 00:00:00,2013-11-18 00:00:00,69.94988,257,66.32848747275486,2013-12-13 00:00:00,68.7312,channel_exit,False,-389.0464249568865,IS
LT,2013-11-25 00:00:00,2013-11-26 00:00:00,666.5325333333333,27,626.7776390945251,2014-01-03 00:00:00,679.32,channel_exit,False,268.4440852718445,IS
TATASTEEL,2013-11-08 00:00:00,2013-11-11 00:00:00,35.615579999999994,505,33.1185575726665,2014-01-07 00:00:00,40.949009999999994,channel_exit,False,2613.331017547843,IS
INFY,2013-12-16 00:00:00,2013-12-17 00:00:00,431.0681374999999,41,417.0867618891583,2014-01-09 00:00:00,429.57,channel_exit,False,-136.73044867472908,IS
MARUTI,2014-01-07 00:00:00,2014-01-08 00:00:00,1851.85,9,1773.350850485674,2014-01-10 00:00:00,1771.5774996351884,stop_touch,False,-793.8889488552743,IS
COALINDIA,2014-01-09 00:00:00,2014-01-10 00:00:00,297.04675,60,281.65774253413923,2014-01-17 00:00:00,274.725,stop_gap,True,-1413.2719379249272,IS
JSWSTEEL,2013-11-27 00:00:00,2013-11-28 00:00:00,93.09299999999999,193,88.20038861074315,2014-01-27 00:00:00,95.904,channel_exit,False,465.5174887888554,IS
EICHERMOT,2013-11-08 00:00:00,2013-11-11 00:00:00,4244.24,4,4036.1126789797195,2014-01-28 00:00:00,4895.1,channel_exit,False,2526.4704636366423,IS
DRREDDY,2014-01-10 00:00:00,2014-01-13 00:00:00,526.526,34,507.25361602605506,2014-01-31 00:00:00,523.0764,channel_exit,False,-193.18395716883882,IS
TCS,2014-01-03 00:00:00,2014-01-06 00:00:00,1115.6145,16,1071.5553687088648,2014-02-04 00:00:00,1070.4838133401558,stop_touch,False,-796.995192777691,IS
HCLTECH,2014-01-31 00:00:00,2014-02-03 00:00:00,363.8635,49,346.3989388648528,2014-02-04 00:00:00,346.05253992598796,stop_touch,False,-947.3716834411746,IS
HINDUNILVR,2014-02-06 00:00:00,2014-02-07 00:00:00,587.9873999999999,30,563.1620598760716,2014-02-10 00:00:00,562.5988978161955,stop_touch,False,-835.888258408165,IS
NTPC,2014-02-07 00:00:00,2014-02-10 00:00:00,135.28515,133,128.7420975865793,2014-02-24 00:00:00,128.3715,stop_gap,True,-994.5645186195843,IS
GAIL,2014-01-31 00:00:00,2014-02-03 00:00:00,119.78633333333333,150,114.14010299712793,2014-03-20 00:00:00,120.29625,channel_exit,False,0.12695007542535564,IS
IOC,2014-01-17 00:00:00,2014-01-20 00:00:00,37.370666666666665,481,35.30986992976317,2014-03-24 00:00:00,40.850775,channel_exit,False,1595.3292379093791,IS
ASIANPAINT,2014-03-20 00:00:00,2014-03-21 00:00:00,516.6661499999999,34,497.0686552562176,2014-04-28 00:00:00,514.485,channel_exit,False,-149.1342240794328,IS
CIPLA,2014-03-24 00:00:00,2014-03-25 00:00:00,393.89349999999996,45,377.00819478172735,2014-05-07 00:00:00,390.75885,channel_exit,False,-216.4060155318979,IS
BPCL,2014-01-29 00:00:00,2014-01-30 00:00:00,58.558499999999995,307,55.00553252954825,2014-06-02 00:00:00,87.4125,channel_exit,False,8769.581048485077,IS
BHARTIARTL,2014-06-02 00:00:00,2014-06-03 00:00:00,365.06469999999996,49,341.5741049711122,2014-06-12 00:00:00,341.2325308661411,stop_touch,False,-1242.1732390339128,IS
AXISBANK,2014-02-24 00:00:00,2014-02-25 00:00:00,248.44819999999996,72,235.0450085804966,2014-06-16 00:00:00,362.0376,channel_exit,False,8091.046206751065,IS
INDUSTOWER,2014-05-07 00:00:00,2014-05-08 00:00:00,224.224,80,209.0251593697179,2014-06-24 00:00:00,235.51425,channel_exit,False,825.7981065324411,IS
TITAN,2014-02-10 00:00:00,2014-02-11 00:00:00,231.48125,77,217.11702631032097,2014-07-11 00:00:00,323.5761,channel_exit,False,7005.612394283996,IS
ASIANPAINT,2014-06-24 00:00:00,2014-06-25 00:00:00,580.6800999999999,30,551.3991689855305,2014-07-14 00:00:00,570.57885,channel_exit,False,-377.26586420067906,IS
AXISBANK,2014-07-16 00:00:00,2014-07-17 00:00:00,394.39399999999995,45,373.11074300928783,2014-08-07 00:00:00,379.66995000000003,channel_exit,False,-737.269981802868,IS
TCS,2014-06-16 00:00:00,2014-06-17 00:00:00,1143.5924499999999,15,1087.4305063384263,2014-08-08 00:00:00,1231.2675,channel_exit,False,1239.4287862547703,IS
M&M,2014-08-11 00:00:00,2014-08-12 00:00:00,658.1574999999999,27,620.5673347227868,2014-09-11 00:00:00,689.8095,channel_exit,False,777.7410353203672,IS
SUNPHARMA,2014-06-16 00:00:00,2014-06-17 00:00:00,647.09645,27,614.7925666854284,2014-09-12 00:00:00,814.185,channel_exit,False,4430.31929981959,IS
BAJAJFINSV,2014-04-28 00:00:00,2014-04-29 00:00:00,82.587505,217,78.1479762364362,2014-09-17 00:00:00,102.422475,channel_exit,False,4222.086633185414,IS
NESTLEIND,2014-08-07 00:00:00,2014-08-08 00:00:00,270.5703,66,260.61094608936156,2014-09-24 00:00:00,299.65004999999996,channel_exit,False,1840.6643337142589,IS
ITC,2014-09-24 00:00:00,2014-09-25 00:00:00,251.9183333333333,71,242.707489719373,2014-09-30 00:00:00,242.46478222965362,stop_touch,False,-746.2836611576402,IS
DRREDDY,2014-09-17 00:00:00,2014-09-18 00:00:00,617.0163999999999,29,596.4953514996422,2014-10-08 00:00:00,595.8988561481425,stop_touch,False,-687.5933564657839,IS
BHARTIARTL,2014-09-12 00:00:00,2014-09-15 00:00:00,410.96054999999996,43,390.71529372950556,2014-10-10 00:00:00,390.32457843577606,stop_touch,False,-961.498071824612,IS
HINDUNILVR,2014-07-11 00:00:00,2014-07-14 00:00:00,644.6439999999999,27,615.7740496456491,2014-10-13 00:00:00,717.282,channel_exit,False,1883.893798547552,IS
INFY,2014-10-13 00:00:00,2014-10-14 00:00:00,496.12062499999996,36,470.023887455304,2014-10-21 00:00:00,469.55386356784874,stop_touch,False,-1031.0126710680183,IS
HDFCBANK,2014-10-09 00:00:00,2014-10-10 00:00:00,220.98326249999997,81,212.99987575063312,2014-12-09 00:00:00,231.03123749999997,channel_exit,False,736.7004412281887,IS
AXISBANK,2014-10-21 00:00:00,2014-10-22 00:00:00,427.42699999999996,42,404.99437024497314,2014-12-16 00:00:00,474.525,channel_exit,False,1899.1586908116165,IS
BRITANNIA,2014-09-11 00:00:00,2014-09-12 00:00:00,678.52785,26,635.300969911921,2014-12-18 00:00:00,856.6425,channel_exit,False,4549.244564275026,IS
COALINDIA,2014-12-22 00:00:00,2014-12-23 00:00:00,392.79239999999993,45,372.53358603457457,2015-01-12 00:00:00,372.16105244854,stop_touch,False,-1002.5176065429655,IS
ULTRACEMCO,2014-12-24 00:00:00,2014-12-26 00:00:00,2649.647,6,2530.2281628586466,2015-02-09 00:00:00,2958.0889500000003,channel_exit,False,1777.890895787054,IS
INDUSINDBK,2014-10-14 00:00:00,2014-10-16 00:00:00,649.6489999999999,27,615.4385063531814,2015-02-10 00:00:00,814.8843,channel_exit,False,4380.149150218808,IS
HINDUNILVR,2015-01-12 00:00:00,2015-01-13 00:00:00,900.8499499999999,19,860.6403425337683,2015-02-11 00:00:00,889.45965,channel_exit,False,-289.8728864829207,IS
UPL,2015-02-12 00:00:00,2015-02-13 00:00:00,295.39509999999996,60,273.25379656560165,2015-02-25 00:00:00,272.98054276903605,stop_touch,False,-1418.542225538488,IS
INFY,2015-02-09 00:00:00,2015-02-10 00:00:00,561.31075,32,537.4197363061276,2015-03-10 00:00:00,548.975475,channel_exit,False,-470.41665247797994,IS
BAJFINANCE,2014-09-30 00:00:00,2014-10-01 00:00:00,27.237209999999997,660,25.3031120023712,2015-03-17 00:00:00,40.259699999999995,channel_exit,False,8506.615183136902,IS
NTPC,2015-02-26 00:00:00,2015-02-27 00:00:00,153.153,117,145.95023799054965,2015-03-20 00:00:00,143.6562,stop_gap,True,-1185.691363574864,IS
ZEEL,2015-03-18 00:00:00,2015-03-19 00:00:00,363.71335,49,341.8302077352889,2015-03-26 00:00:00,341.4883775275536,stop_touch,False,-1163.336043338205,IS
BHARTIARTL,2015-03-11 00:00:00,2015-03-12 00:00:00,389.83944999999994,46,361.8442618350619,2015-03-30 00:00:00,379.62,channel_exit,False,-545.5918287384394,IS
SUNPHARMA,2015-04-01 00:00:00,2015-04-06 00:00:00,1103.8027,16,1036.1859962084025,2015-04-17 00:00:00,1035.149810212194,stop_touch,False,-1172.2734013642898,IS
BRITANNIA,2015-02-13 00:00:00,2015-02-16 00:00:00,1018.0169999999999,17,965.0657700756783,2015-04-22 00:00:00,1033.71525,channel_exit,False,192.18399082719603,IS
ONGC,2015-04-17 00:00:00,2015-04-20 00:00:00,220.11989999999997,81,209.54692517872823,2015-04-22 00:00:00,209.3373782535495,stop_touch,False,-948.019174850991,IS
BPCL,2015-03-31 00:00:00,2015-04-01 00:00:00,135.29349166666665,133,126.41267988652884,2015-04-27 00:00:00,130.10309999999998,channel_exit,False,-765.6930420175861,IS
IOC,2015-03-31 00:00:00,2015-04-01 00:00:00,61.68662499999999,291,58.133833479609876,2015-04-27 00:00:00,58.07569964613027,stop_touch,False,-1125.5224381424957,IS
JSWSTEEL,2015-04-23 00:00:00,2015-04-24 00:00:00,98.81371499999999,182,92.74929127272875,2015-04-27 00:00:00,92.65654198145603,stop_touch,False,-1195.3491249602794,IS
MARUTI,2015-04-28 00:00:00,2015-04-29 00:00:00,3842.8389999999995,4,3658.752658383226,2015-05-06 00:00:00,3655.093905724843,stop_touch,False,-818.5813655878032,IS
ICICIBANK,2015-04-28 00:00:00,2015-04-29 00:00:00,328.1278,54,308.52175794613856,2015-05-07 00:00:00,308.2132361881924,stop_touch,False,-1149.4158050999001,IS
TATASTEEL,2015-04-23 00:00:00,2015-04-24 00:00:00,37.21718,483,34.92037821109037,2015-05-13 00:00:00,35.589375,channel_exit,False,-861.4142839392817,IS
EICHERMOT,2015-05-11 00:00:00,2015-05-12 00:00:00,16966.949999999997,1,15763.271031417324,2015-06-05 00:00:00,17181.801,channel_exit,False,141.2314759922764,IS
UPL,2015-04-30 00:00:00,2015-05-04 00:00:00,327.9943333333333,54,299.56329218840034,2015-06-12 00:00:00,337.26239999999996,channel_exit,False,424.276556702825,IS
BAJAJ-AUTO,2015-05-11 00:00:00,2015-05-12 00:00:00,2184.5824,8,2059.5300490682916,2015-07-13 00:00:00,2477.52,channel_exit,False,2265.4282933508625,IS
SHREECEM,2015-05-13 00:00:00,2015-05-14 00:00:00,10860.849999999999,1,9971.654151951847,2015-07-23 00:00:00,10959.03,channel_exit,False,42.616308007122115,IS
INDUSTOWER,2014-12-09 00:00:00,2014-12-10 00:00:00,320.31999999999994,56,298.02690645218524,2015-07-27 00:00:00,422.62695,channel_exit,False,5645.058118675405,IS
IOC,2015-07-23 00:00:00,2015-07-24 00:00:00,76.24283333333332,236,72.0725887739544,2015-07-31 00:00:00,72.00051618518044,stop_touch,False,-1076.1234983474226,IS
CIPLA,2015-07-13 00:00:00,2015-07-14 00:00:00,664.4137499999999,27,627.6328604511891,2015-08-19 00:00:00,686.313,channel_exit,False,514.2878572503729,IS
BAJAJFINSV,2015-07-29 00:00:00,2015-07-30 00:00:00,183.16798499999996,98,171.57077789568777,2015-08-20 00:00:00,187.816995,channel_exit,False,378.76662006956616,IS
ZEEL,2015-06-16 00:00:00,2015-06-17 00:00:00,347.1468,51,328.51792834498497,2015-08-21 00:00:00,390.609,channel_exit,False,2138.008514944649,IS
ASIANPAINT,2015-07-31 00:00:00,2015-08-03 00:00:00,880.8799999999999,20,831.7909794738674,2015-08-24 00:00:00,830.9591884943935,stop_touch,False,-1072.2557370654033,IS
MARUTI,2015-08-19 00:00:00,2015-08-20 00:00:00,4634.629999999999,3,4487.055550239926,2015-08-24 00:00:00,4345.65,stop_gap,True,-930.0794397298387,IS
SUNPHARMA,2015-08-20 00:00:00,2015-08-21 00:00:00,933.9329999999999,19,878.1368191966984,2015-08-24 00:00:00,877.2586823775017,stop_touch,False,-1150.915093466139,IS
BRITANNIA,2015-06-05 00:00:00,2015-06-08 00:00:00,1368.4170499999998,13,1269.5900860701086,2015-08-25 00:00:00,1501.497,channel_exit,False,1651.903158061525,IS
TITAN,2015-08-27 00:00:00,2015-08-28 00:00:00,346.4461,51,321.5481642750156,2015-09-02 00:00:00,321.22661611074057,stop_touch,False,-1359.7830054580475,IS
MARUTI,2015-09-24 00:00:00,2015-09-28 00:00:00,4574.57,3,4367.816442421257,2015-10-06 00:00:00,4363.448625978836,stop_touch,False,-696.3002762104501,IS
WIPRO,2015-09-18 00:00:00,2015-09-21 00:00:00,147.59744999999998,121,140.41720556860162,2015-10-13 00:00:00,146.10375,channel_exit,False,-256.422230098514,IS
GAIL,2015-10-15 00:00:00,2015-10-16 00:00:00,108.70859999999999,165,101.59524408651724,2015-10-30 00:00:00,104.42880000000001,channel_exit,False,-781.3485484336427,IS
KOTAKBANK,2015-10-30 00:00:00,2015-11-02 00:00:00,137.7376,130,130.92765558021213,2015-11-05 00:00:00,130.7967279246319,stop_touch,False,-977.1312955923854,IS
BRITANNIA,2015-10-06 00:00:00,2015-10-07 00:00:00,1631.7300999999998,11,1534.948642915254,2015-11-09 00:00:00,1535.9625,channel_exit,False,-1128.1778494028001,IS
NESTLEIND,2015-09-18 00:00:00,2015-09-21 00:00:00,313.06274999999994,57,299.3630367995352,2015-11-10 00:00:00,309.1905,channel_exit,False,-296.3040773763637,IS
SHREECEM,2015-09-11 00:00:00,2015-09-14 00:00:00,11591.579999999998,1,10672.523017069398,2015-11-10 00:00:00,11935.9521,channel_exit,False,286.32477615874774,IS
HCLTECH,2015-11-06 00:00:00,2015-11-09 00:00:00,439.88944999999995,40,420.00010027864687,2015-11-11 00:00:00,427.02254999999997,channel_exit,False,-589.1234807844795,IS
INFY,2015-09-24 00:00:00,2015-09-28 00:00:00,570.5449749999999,31,539.5731807066066,2015-11-11 00:00:00,558.441,channel_exit,False,-450.13217447223707,IS
GAIL,2015-11-20 00:00:00,2015-11-23 00:00:00,116.7166,154,107.74435794581882,2015-12-09 00:00:00,113.0868,channel_exit,False,-634.4850673415341,IS
MARUTI,2015-11-09 00:00:00,2015-11-10 00:00:00,4654.1494999999995,3,4457.363933140571,2015-12-10 00:00:00,4490.505,channel_exit,False,-554.7672766157493,IS
TITAN,2015-11-19 00:00:00,2015-11-20 00:00:00,372.52214999999995,48,351.47364618765573,2015-12-10 00:00:00,360.53909999999996,channel_exit,False,-650.3863583284395,IS
M&M,2015-11-20 00:00:00,2015-11-23 00:00:00,658.2826249999999,27,625.5866016002112,2015-12-11 00:00:00,642.357,channel_exit,False,-505.0788612604909,IS
SUNPHARMA,2015-12-16 00:00:00,2015-12-17 00:00:00,791.8410499999999,22,750.906045840552,2015-12-21 00:00:00,737.262,stop_gap,True,-1273.7197494343632,IS
HINDUNILVR,2015-12-15 00:00:00,2015-12-16 00:00:00,865.8649999999999,20,829.2569768518498,2016-01-07 00:00:00,839.16,channel_exit,False,-607.7049967129985,IS
JSWSTEEL,2015-12-14 00:00:00,2015-12-15 00:00:00,102.39228999999997,175,96.49703763331581,2016-01-18 00:00:00,97.257645,channel_exit,False,-973.4234154561752,IS
ASIANPAINT,2015-12-15 00:00:00,2015-12-16 00:00:00,880.8799999999999,20,841.920655022964,2016-01-18 00:00:00,841.078734367941,stop_touch,False,-870.1461887100852,IS
RELIANCE,2016-01-11 00:00:00,2016-01-12 00:00:00,264.01374999999996,68,252.75853819759055,2016-01-18 00:00:00,252.50577965939297,stop_touch,False,-857.6642872268128,IS
BAJFINANCE,2015-11-20 00:00:00,2015-11-23 00:00:00,54.639585,329,52.1490070432872,2016-01-19 00:00:00,54.976968,channel_exit,False,34.56564719863912,IS
POWERGRID,2015-12-21 00:00:00,2015-12-22 00:00:00,139.68955,128,133.7739913708735,2016-01-20 00:00:00,134.4654,channel_exit,False,-743.7588188183947,IS
JSWSTEEL,2016-01-25 00:00:00,2016-01-27 00:00:00,110.61049999999999,162,102.62861538271487,2016-02-02 00:00:00,102.52598676733216,stop_touch,False,-1383.98085628551,IS
INFY,2016-01-29 00:00:00,2016-02-01 00:00:00,585.5849999999999,30,557.5447735752073,2016-02-09 00:00:00,556.9872288016321,stop_touch,False,-931.8212770317737,IS
POWERGRID,2016-01-29 00:00:00,2016-02-01 00:00:00,148.0479,121,139.37017699650156,2016-02-11 00:00:00,139.23080681950506,stop_touch,False,-1141.4806058483764,IS
ASIANPAINT,2016-02-05 00:00:00,2016-02-08 00:00:00,903.9029999999999,19,859.3459401002311,2016-02-11 00:00:00,858.486594160131,stop_touch,False,-935.6401113901966,IS
TITAN,2016-01-29 00:00:00,2016-02-01 00:00:00,364.86449999999996,49,340.85231942122107,2016-02-17 00:00:00,340.51146710179984,stop_touch,False,-1267.6313345395695,IS
BAJAJ-AUTO,2016-02-18 00:00:00,2016-02-19 00:00:00,2412.41,7,2281.8426643039707,2016-02-26 00:00:00,2279.5608216396668,stop_touch,False,-1001.7375778147255,IS
HEROMOTOCO,2016-02-18 00:00:00,2016-02-19 00:00:00,2619.6169999999997,6,2472.9732428756997,2016-02-29 00:00:00,2470.500269632824,stop_touch,False,-963.1165177308109,IS
SUNPHARMA,2016-01-28 00:00:00,2016-01-29 00:00:00,843.843,21,801.0167148722194,2016-03-17 00:00:00,841.158,channel_exit,False,-131.83628165474485,IS
BHARTIARTL,2016-02-12 00:00:00,2016-02-17 00:00:00,313.8135,57,293.2965120452383,2016-04-06 00:00:00,333.11654999999996,channel_exit,False,1022.726142960595,IS
VEDL,2016-02-18 00:00:00,2016-02-19 00:00:00,74.074,176,63.235268651306754,2016-04-06 00:00:00,86.31360000000001,channel_exit,False,2089.3704443588244,IS
HEROMOTOCO,2016-03-02 00:00:00,2016-03-03 00:00:00,2809.5066999999995,6,2628.799939299994,2016-04-29 00:00:00,2849.148,channel_exit,False,164.51839063623092,IS
HINDALCO,2016-03-02 00:00:00,2016-03-03 00:00:00,76.5765,235,69.52439641536823,2016-05-05 00:00:00,91.4085,channel_exit,False,3404.3394564416517,IS
BAJAJFINSV,2016-04-06 00:00:00,2016-04-07 00:00:00,177.672495,101,168.07088727058363,2016-05-23 00:00:00,182.1177,channel_exit,False,372.15480865371046,IS
GAIL,2016-05-06 00:00:00,2016-05-09 00:00:00,129.11231666666663,139,120.90244891100895,2016-06-24 00:00:00,120.78154646209794,stop_touch,False,-1232.5588936984734,IS
AXISBANK,2016-03-17 00:00:00,2016-03-18 00:00:00,430.37994999999995,41,404.20946597575784,2016-06-27 00:00:00,506.89259999999996,channel_exit,False,3057.347965915552,IS
GRASIM,2016-04-06 00:00:00,2016-04-07 00:00:00,787.77699,22,758.098057490076,2016-08-12 00:00:00,887.5215900000001,channel_exit,False,2116.942575772063,IS
BAJAJ-AUTO,2016-06-24 00:00:00,2016-06-27 00:00:00,2692.6899999999996,6,2581.3332222284844,2016-09-21 00:00:00,2886.111,channel_exit,False,1087.9678138058457,IS
AXISBANK,2016-08-12 00:00:00,2016-08-16 00:00:00,594.54395,30,567.4885886241325,2016-09-23 00:00:00,566.9211000355084,stop_touch,False,-903.4019140292678,IS
ITC,2016-05-23 00:00:00,2016-05-24 00:00:00,232.23199999999997,77,218.9859957837794,2016-09-27 00:00:00,248.40135,channel_exit,False,1167.3071189679463,IS
INDUSTOWER,2016-09-21 00:00:00,2016-09-22 00:00:00,378.378,47,355.5530335333954,2016-09-27 00:00:00,355.197480499862,stop_touch,False,-1163.684259586294,IS
CIPLA,2016-09-23 00:00:00,2016-09-26 00:00:00,609.6089999999999,29,584.8375295325922,2016-09-30 00:00:00,584.2526920030596,stop_touch,False,-809.7171204354431,IS
ZEEL,2016-09-28 00:00:00,2016-09-29 00:00:00,552.5519999999999,32,525.9629331349948,2016-10-14 00:00:00,525.4369702018598,stop_touch,False,-941.889948551294,IS
HCLTECH,2016-10-03 00:00:00,2016-10-04 00:00:00,406.65624999999994,44,389.50573153430383,2016-10-27 00:00:00,389.1162258027695,stop_touch,False,-846.7223537097354,IS
INDUSINDBK,2016-04-29 00:00:00,2016-05-02 00:00:00,1044.043,17,1000.0552337959939,2016-10-28 00:00:00,1176.822,channel_exit,False,2178.49311783667,IS
IOC,2016-10-03 00:00:00,2016-10-04 00:00:00,101.23446666666665,177,96.41302505512476,2016-11-04 00:00:00,103.22999999999999,channel_exit,False,276.6090531884058,IS
DRREDDY,2016-10-27 00:00:00,2016-10-28 00:00:00,664.6639999999999,27,640.0187348226267,2016-11-04 00:00:00,632.9664,stop_gap,True,-930.8350762526968,IS
BAJAJFINSV,2016-06-27 00:00:00,2016-06-28 00:00:00,220.21999999999997,81,204.12522999770087,2016-11-08 00:00:00,315.684,channel_exit,False,7645.96108538138,IS
NTPC,2016-11-01 00:00:00,2016-11-02 00:00:00,154.10394999999997,116,147.68308351796696,2016-11-09 00:00:00,147.535400434449,stop_touch,False,-836.8773949751737,IS
ITC,2016-11-04 00:00:00,2016-11-07 00:00:00,254.0538,70,242.70713421062058,2016-11-09 00:00:00,238.91085,stop_gap,True,-1134.247324045762,IS
HINDALCO,2016-11-07 00:00:00,2016-11-08 00:00:00,170.17,105,158.12983519293815,2016-11-09 00:00:00,150.5493,stop_gap,True,-2133.270270003989,IS
KOTAKBANK,2016-11-09 00:00:00,2016-11-10 00:00:00,165.80563999999998,108,158.10076290024304,2016-11-15 00:00:00,157.9426621373428,stop_touch,False,-924.0966577003913,IS
COALINDIA,2016-11-10 00:00:00,2016-11-11 00:00:00,330.17985,54,311.5190934925767,2016-11-16 00:00:00,311.20757439908414,stop_touch,False,-1098.9277068019785,IS
HINDALCO,2016-11-10 00:00:00,2016-11-11 00:00:00,174.27409999999998,103,159.43337766723215,2016-11-21 00:00:00,159.27394428956492,stop_touch,False,-1619.0704108521222,IS
GAIL,2016-10-14 00:00:00,2016-10-17 00:00:00,145.11163333333332,124,136.7439085984202,2016-11-22 00:00:00,136.6071646898218,stop_touch,False,-1129.4181350902963,IS
POWERGRID,2016-11-17 00:00:00,2016-11-18 00:00:00,193.94374999999997,92,182.8888923285002,2016-11-22 00:00:00,182.7060034361717,stop_touch,False,-1108.3229093932916,IS
NTPC,2016-11-18 00:00:00,2016-11-21 00:00:00,159.159,113,151.21461879630724,2016-11-22 00:00:00,151.06340417751093,stop_touch,False,-989.8346284751832,IS
CIPLA,2016-12-08 00:00:00,2016-12-09 00:00:00,586.5859999999999,30,557.6618363256686,2016-12-16 00:00:00,562.3371,channel_exit,False,-801.624519968616,IS
BHARTIARTL,2016-11-29 00:00:00,2016-11-30 00:00:00,325.325,55,305.05656366502353,2016-12-19 00:00:00,310.08959999999996,channel_exit,False,-912.8162756234794,IS
ONGC,2016-12-01 00:00:00,2016-12-02 00:00:00,195.99579999999997,91,184.70811719243426,2016-12-23 00:00:00,196.75305,channel_exit,False,-7.052471979346592,IS
TECHM,2016-11-08 00:00:00,2016-11-09 00:00:00,420.3198999999999,42,393.97678613399756,2016-12-27 00:00:00,460.0395,channel_exit,False,1590.5714464865782,IS
TCS,2016-12-20 00:00:00,2016-12-21 00:00:00,1173.0719,15,1120.930980060805,2017-01-13 00:00:00,1119.8100490807442,stop_touch,False,-872.9815370719767,IS
NTPC,2016-11-25 00:00:00,2016-11-28 00:00:00,160.26009999999997,112,150.75029580706195,2017-02-10 00:00:00,169.08075,channel_exit,False,910.3403105164081,IS
MARUTI,2016-12-29 00:00:00,2016-12-30 00:00:00,5352.347,3,5117.540523787871,2017-02-16 00:00:00,5854.14,channel_exit,False,1432.6317950618156,IS
ADANIPORTS,2017-02-10 00:00:00,2017-02-13 00:00:00,313.5131999999999,57,296.0821680560674,2017-02-16 00:00:00,295.78608588801137,stop_touch,False,-1085.0086736576557,IS
ITC,2016-12-30 00:00:00,2017-01-02 00:00:00,242.24199999999996,74,231.4555284427168,2017-02-17 00:00:00,267.08265,channel_exit,False,1759.5215623555564,IS
BAJFINANCE,2017-02-16 00:00:00,2017-02-17 00:00:00,111.11099999999999,162,104.22372728912806,2017-02-20 00:00:00,104.11950356183894,stop_touch,False,-1207.3959050933415,IS
HDFCBANK,2017-02-16 00:00:00,2017-02-17 00:00:00,361.61125,49,353.4096952402823,2017-02-20 00:00:00,339.9597,stop_gap,True,-1134.9755592886997,IS
GRASIM,2017-02-17 00:00:00,2017-02-20 00:00:00,1045.0439999999999,17,990.5407410188305,2017-02-28 00:00:00,989.5502002778118,stop_touch,False,-1017.7447353406799,IS
BAJAJFINSV,2017-02-28 00:00:00,2017-03-01 00:00:00,397.29689999999994,45,374.1841856849718,2017-03-03 00:00:00,373.81000149928684,stop_touch,False,-1131.432765453058,IS
TATASTEEL,2017-02-20 00:00:00,2017-02-21 00:00:00,48.94389499999999,367,46.32431379974585,2017-03-09 00:00:00,47.14281,channel_exit,False,-736.3172368648837,IS
GAIL,2017-01-13 00:00:00,2017-01-16 00:00:00,151.15099999999998,119,144.28492586105273,2017-03-09 00:00:00,125.208,stop_gap,True,-3159.235019938944,IS
BHARTIARTL,2017-02-20 00:00:00,2017-02-21 00:00:00,372.47209999999995,48,352.1450888819505,2017-03-17 00:00:00,351.79294379306856,stop_touch,False,-1067.2121176017756,IS
CIPLA,2017-03-14 00:00:00,2017-03-15 00:00:00,602.602,29,581.4107356970271,2017-04-11 00:00:00,580.8293249613301,stop_touch,False,-705.3407677395201,IS
HINDALCO,2017-03-03 00:00:00,2017-03-06 00:00:00,198.89869999999996,90,185.59145897561626,2017-04-13 00:00:00,185.40586751664065,stop_touch,False,-1288.7243741035727,IS
BAJAJFINSV,2017-04-13 00:00:00,2017-04-17 00:00:00,465.2547899999999,38,441.74163118464656,2017-04-18 00:00:00,441.2998895534619,stop_touch,False,-984.430172937045,IS
ASIANPAINT,2017-03-14 00:00:00,2017-03-15 00:00:00,1069.068,16,1026.4035490165782,2017-04-19 00:00:00,1042.956,channel_exit,False,-490.9368140387853,IS
UPL,2017-04-18 00:00:00,2017-04-19 00:00:00,511.37753333333325,35,488.1806103048509,2017-05-22 00:00:00,527.5386000000001,channel_exit,False,488.8011135700581,IS
POWERGRID,2017-04-19 00:00:00,2017-04-20 00:00:00,212.212,84,203.7118697649213,2017-05-22 00:00:00,203.50815789515636,stop_touch,False,-805.9439856741808,IS
BAJFINANCE,2017-04-11 00:00:00,2017-04-12 00:00:00,126.12599999999999,142,119.51342581485247,2017-05-23 00:00:00,124.86501000000001,channel_exit,False,-254.89572415728983,IS
IOC,2016-12-21 00:00:00,2016-12-22 00:00:00,103.08631666666666,174,97.29161810750848,2017-05-23 00:00:00,142.524,channel_exit,False,6776.453377565908,IS
ITC,2017-05-22 00:00:00,2017-05-23 00:00:00,302.20189999999997,59,287.6056195000622,2017-06-15 00:00:00,302.64705,channel_exit,False,-49.622364260398555,IS
ICICIBANK,2017-05-25 00:00:00,2017-05-26 00:00:00,317.31699999999995,56,301.7170730562871,2017-06-20 00:00:00,290.45925,stop_gap,True,-1577.6164581162172,IS
BAJFINANCE,2017-06-15 00:00:00,2017-06-16 00:00:00,141.64149999999998,127,134.34851256008366,2017-06-27 00:00:00,134.21416404752358,stop_touch,False,-1018.2746545230813,IS
GRASIM,2017-06-27 00:00:00,2017-06-28 00:00:00,1213.7124999999999,14,1152.0288824045847,2017-07-19 00:00:00,1068.97995,stop_gap,True,-2096.832913765911,IS
INDUSINDBK,2017-03-17 00:00:00,2017-03-20 00:00:00,1386.2848999999999,12,1335.293469544226,2017-07-26 00:00:00,1542.2562,channel_exit,False,1796.7042794285387,IS
BAJFINANCE,2017-07-26 00:00:00,2017-07-27 00:00:00,170.57039999999998,105,161.83883418956407,2017-08-10 00:00:00,161.67699535537452,stop_touch,False,-1008.5933630684822,IS
ADANIPORTS,2017-06-20 00:00:00,2017-06-21 00:00:00,375.12474999999995,47,354.7236392786939,2017-08-11 00:00:00,379.86975,channel_exit,False,147.4385602759239,IS
HDFCBANK,2017-05-22 00:00:00,2017-05-23 00:00:00,395.395,45,385.32828169428564,2017-08-14 00:00:00,437.81175,channel_exit,False,1830.3592778248542,IS
TITAN,2017-08-14 00:00:00,2017-08-16 00:00:00,634.1334999999999,28,599.6196692756142,2017-08-29 00:00:00,599.0200496063386,stop_touch,False,-1057.4421112688574,IS
CIPLA,2017-08-16 00:00:00,2017-08-17 00:00:00,593.9934,30,554.4998143731506,2017-09-06 00:00:00,553.9453145587775,stop_touch,False,-1275.5923609582605,IS
BAJAJFINSV,2017-07-19 00:00:00,2017-07-20 00:00:00,459.95949999999993,39,438.55852420083403,2017-09-25 00:00:00,522.477,channel_exit,False,2358.625195064691,IS
BAJFINANCE,2017-09-06 00:00:00,2017-09-07 00:00:00,188.188,95,177.05370232014334,2017-09-25 00:00:00,185.809005,channel_exit,False,-301.680538225945,IS
GRASIM,2017-08-30 00:00:00,2017-08-31 00:00:00,1196.195,15,1130.6516502891677,2017-09-25 00:00:00,1166.9318999999998,channel_exit,False,-514.5171456151928,IS
HINDUNILVR,2017-05-24 00:00:00,2017-05-25 00:00:00,1038.9379,17,1000.8201243600283,2017-09-27 00:00:00,1215.783,channel_exit,False,2926.829690850302,IS
BAJAJ-AUTO,2017-10-03 00:00:00,2017-10-04 00:00:00,3155.6024499999994,5,3026.430442358191,2017-11-08 00:00:00,3171.7251,channel_exit,False,10.664471809872026,IS
GAIL,2017-10-03 00:00:00,2017-10-04 00:00:00,145.97916666666666,123,136.986649041843,2017-11-10 00:00:00,151.43175000000002,channel_exit,False,593.5178225238425,IS
COALINDIA,2017-09-28 00:00:00,2017-09-29 00:00:00,270.27,66,257.0045915756989,2017-11-14 00:00:00,274.07565,channel_exit,False,174.95083760928554,IS
ONGC,2017-09-26 00:00:00,2017-09-27 00:00:00,172.22205,104,164.41336871835108,2017-11-14 00:00:00,184.7151,channel_exit,False,1221.3833121652276,IS
NESTLEIND,2017-11-08 00:00:00,2017-11-09 00:00:00,391.83894749999996,45,375.5015266141117,2017-11-24 00:00:00,375.12602508749757,stop_touch,False,-826.3078805273519,IS
ICICIBANK,2017-11-17 00:00:00,2017-11-20 00:00:00,323.67334999999997,55,304.25168288583416,2017-12-01 00:00:00,309.39029999999997,channel_exit,False,-860.2436401611697,IS
HINDUNILVR,2017-11-10 00:00:00,2017-11-13 00:00:00,1296.2949999999998,13,1240.5322866784138,2017-12-04 00:00:00,1255.39335,channel_exit,False,-603.9657305948696,IS
TITAN,2017-11-24 00:00:00,2017-11-27 00:00:00,839.7388999999998,21,785.6865861814949,2017-12-06 00:00:00,784.9008995953135,stop_touch,False,-1225.2741323240891,IS
BRITANNIA,2017-08-16 00:00:00,2017-08-17 00:00:00,2171.6695,8,2067.576071824535,2018-01-05 00:00:00,2328.669,channel_exit,False,1179.7380958679912,IS
MARUTI,2017-12-07 00:00:00,2017-12-08 00:00:00,8938.7298,2,8664.91430650016,2018-01-05 00:00:00,9448.542,channel_exit,False,942.217854409147,IS
BHARTIARTL,2017-12-07 00:00:00,2017-12-08 00:00:00,515.6651499999999,34,485.33149629851664,2018-01-10 00:00:00,514.485,channel_exit,False,-115.04780402774962,IS
GAIL,2017-12-07 00:00:00,2017-12-08 00:00:00,165.8323333333333,108,156.19703475708496,2018-01-17 00:00:00,160.506,channel_exit,False,-650.5283596660373,IS
ASIANPAINT,2018-01-05 00:00:00,2018-01-08 00:00:00,1191.1899999999998,15,1147.5413736066107,2018-01-24 00:00:00,1146.393832233004,stop_touch,False,-746.9692413161853,IS
DRREDDY,2018-01-24 00:00:00,2018-01-25 00:00:00,511.3108,35,488.1059265452704,2018-01-29 00:00:00,487.61782061872515,stop_touch,False,-904.1444389631089,IS
AXISBANK,2018-01-17 00:00:00,2018-01-18 00:00:00,596.5959999999999,30,573.3058889586048,2018-02-02 00:00:00,572.7325830696461,stop_touch,False,-790.9561198724105,IS
BAJAJ-AUTO,2018-01-29 00:00:00,2018-01-30 00:00:00,3377.3239499999995,5,3253.8762154052097,2018-02-02 00:00:00,3250.6223391898043,stop_touch,False,-705.7127633026521,IS
ADANIPORTS,2018-01-05 00:00:00,2018-01-08 00:00:00,424.424,42,402.95509685343404,2018-02-06 00:00:00,394.605,channel_exit,False,-1326.4945584432662,IS
INFY,2017-11-16 00:00:00,2017-11-17 00:00:00,493.24274999999994,36,475.98153733822153,2018-02-07 00:00:00,557.442,channel_exit,False,2232.3246758888768,IS
HCLTECH,2018-01-10 00:00:00,2018-01-11 00:00:00,459.95949999999993,39,443.0153902692828,2018-02-08 00:00:00,472.402125,channel_exit,False,408.4200703983903,IS
TECHM,2018-02-05 00:00:00,2018-02-06 00:00:00,601.6009999999999,29,567.1510045640831,2018-02-19 00:00:00,588.16125,channel_exit,False,-463.93682834928336,IS
JSWSTEEL,2018-02-26 00:00:00,2018-02-27 00:00:00,319.31899999999996,56,296.3903685825373,2018-03-05 00:00:00,296.09397821395476,stop_touch,False,-1374.795034509358,IS
BAJAJFINSV,2018-02-12 00:00:00,2018-02-14 00:00:00,526.526,34,492.19267909375725,2018-03-07 00:00:00,491.7004864146635,stop_touch,False,-1258.4819523017184,IS
IOC,2018-03-12 00:00:00,2018-03-13 00:00:00,134.134,134,128.07919734653427,2018-03-15 00:00:00,127.20599999999999,stop_gap,True,-1003.3331962205597,IS
HEROMOTOCO,2018-03-12 00:00:00,2018-03-13 00:00:00,3698.6449499999994,4,3561.2538220934816,2018-03-16 00:00:00,3557.692568271388,stop_touch,False,-629.9805102151505,IS
ASIANPAINT,2018-03-15 00:00:00,2018-03-16 00:00:00,1161.0599,15,1120.7561104793283,2018-03-19 00:00:00,1119.635354368849,stop_touch,False,-695.1407968527675,IS
BAJFINANCE,2018-03-26 00:00:00,2018-03-27 00:00:00,175.17499999999998,102,165.71135865955486,2018-04-23 00:00:00,187.812,channel_exit,False,1211.221158063679,IS
CIPLA,2018-04-23 00:00:00,2018-04-24 00:00:00,601.6009999999999,29,571.4351153021432,2018-05-11 00:00:00,576.47295,channel_exit,False,-802.4262963711659,IS
TITAN,2018-03-16 00:00:00,2018-03-19 00:00:00,880.5797,20,838.7089384642003,2018-05-15 00:00:00,924.075,channel_exit,False,793.4867032007569,IS
HDFCBANK,2018-05-15 00:00:00,2018-05-16 00:00:00,508.1451374999999,35,493.9522403497806,2018-05-23 00:00:00,493.45828810943084,stop_touch,False,-589.0434199807883,IS
INDUSINDBK,2018-03-12 00:00:00,2018-03-13 00:00:00,1736.6348999999998,10,1662.7758513837007,2018-05-24 00:00:00,1851.79635,channel_exit,False,1075.522243420378,IS
ASIANPAINT,2018-05-11 00:00:00,2018-05-14 00:00:00,1286.2849999999999,13,1225.4713400051128,2018-06-07 00:00:00,1268.87985,channel_exit,False,-298.55454166382697,IS
JSWSTEEL,2018-06-07 00:00:00,2018-06-08 00:00:00,343.64329999999995,52,324.94801007228637,2018-06-18 00:00:00,324.6230620622141,stop_touch,False,-1063.642936621008,IS
BPCL,2018-06-18 00:00:00,2018-06-19 00:00:00,209.634425,85,198.0000565416796,2018-06-27 00:00:00,197.80205648513794,stop_touch,False,-1080.170609824303,IS
SBIN,2018-05-23 00:00:00,2018-05-24 00:00:00,264.11385,68,247.98294353299104,2018-06-28 00:00:00,260.1396,channel_exit,False,-346.10345409102234,IS
CIPLA,2018-07-03 00:00:00,2018-07-04 00:00:00,645.5949499999999,27,610.632537223689,2018-07-06 00:00:00,610.0219046864654,stop_touch,False,-1033.8178453433625,IS
BAJAJ-AUTO,2018-07-04 00:00:00,2018-07-05 00:00:00,2937.9349999999995,6,2804.278999344173,2018-07-23 00:00:00,2837.11005,channel_exit,False,-679.3655481780861,IS
TCS,2018-07-06 00:00:00,2018-07-09 00:00:00,1925.9239999999998,9,1862.834945105198,2018-07-30 00:00:00,1941.057,channel_exit,False,61.61320485064839,IS
NESTLEIND,2018-02-27 00:00:00,2018-02-28 00:00:00,388.3379499999999,46,373.15068433532645,2018-07-31 00:00:00,508.486005,channel_exit,False,5443.178751080466,IS
AXISBANK,2018-07-30 00:00:00,2018-07-31 00:00:00,582.5819999999999,30,552.3136720790034,2018-08-01 00:00:00,549.9495,stop_gap,True,-1052.430861113568,IS
NESTLEIND,2018-08-01 00:00:00,2018-08-02 00:00:00,543.0424999999999,33,519.6751321832494,2018-08-03 00:00:00,519.1554570510662,stop_touch,False,-863.29141985211,IS
ADANIPORTS,2018-07-23 00:00:00,2018-07-24 00:00:00,385.7853999999999,46,365.6297503350951,2018-08-08 00:00:00,374.625,channel_exit,False,-588.268865462515,IS
BRITANNIA,2018-02-23 00:00:00,2018-02-26 00:00:00,2485.2828,7,2375.81767267643,2018-08-08 00:00:00,3112.6842,channel_exit,False,4311.123178166207,IS
BHARTIARTL,2018-07-31 00:00:00,2018-08-01 00:00:00,390.38999999999993,46,364.7376781312318,2018-08-09 00:00:00,364.37294045310057,stop_touch,False,-1271.3458190854706,IS
GAIL,2018-08-03 00:00:00,2018-08-06 00:00:00,130.13,138,123.2429746339756,2018-08-10 00:00:00,123.11973165934162,stop_touch,False,-1042.2969838903812,IS
BAJFINANCE,2018-08-08 00:00:00,2018-08-09 00:00:00,282.6824,63,269.37369910969534,2018-09-04 00:00:00,272.1276,channel_exit,False,-739.81635976478,IS
M&M,2018-08-10 00:00:00,2018-08-13 00:00:00,944.9439999999998,19,909.1681503495116,2018-09-04 00:00:00,951.2478000000001,channel_exit,False,43.392541914415574,IS
TCS,2018-09-04 00:00:00,2018-09-05 00:00:00,2102.1,8,2047.164136514581,2018-09-11 00:00:00,2045.1169723780665,stop_touch,False,-528.1112918765973,IS
AXISBANK,2018-08-09 00:00:00,2018-08-10 00:00:00,621.9212999999999,28,583.8327535174063,2018-09-19 00:00:00,610.9884000000001,channel_exit,False,-380.3259168365757,IS
ICICIBANK,2018-08-08 00:00:00,2018-08-09 00:00:00,320.57025,56,303.20854954708244,2018-09-19 00:00:00,319.68,channel_exit,False,-125.9919725671629,IS
NTPC,2018-09-14 00:00:00,2018-09-17 00:00:00,175.17499999999998,102,167.15824954890257,2018-09-21 00:00:00,166.99109129935368,stop_touch,False,-909.5590610030815,IS
INFY,2018-05-24 00:00:00,2018-05-25 00:00:00,615.6650499999998,29,590.8937658284804,2018-09-24 00:00:00,705.7935,channel_exit,False,2534.170252042668,IS
JSWSTEEL,2018-09-19 00:00:00,2018-09-21 00:00:00,420.67024999999995,42,394.49299735162293,2018-09-25 00:00:00,394.0985043542713,stop_touch,False,-1189.8374733598218,IS
TCS,2018-09-24 00:00:00,2018-09-25 00:00:00,2207.1049,8,2132.6823881995733,2018-10-04 00:00:00,2130.5497058113738,stop_touch,False,-686.9326410851581,IS
VEDL,2018-09-26 00:00:00,2018-09-27 00:00:00,242.09184999999997,74,224.5618635126141,2018-10-08 00:00:00,224.3373016491015,stop_touch,False,-1388.1085006012447,IS
HINDALCO,2018-10-03 00:00:00,2018-10-04 00:00:00,252.25199999999998,71,230.34123664351907,2018-10-08 00:00:00,230.11089540687556,stop_touch,False,-1645.9170440545583,IS
HCLTECH,2018-09-04 00:00:00,2018-09-05 00:00:00,538.4378999999999,33,517.9713901525431,2018-10-11 00:00:00,512.23725,stop_gap,True,-939.0890226707647,IS
COALINDIA,2018-10-29 00:00:00,2018-10-30 00:00:00,286.43614999999994,62,269.28488574306937,2018-10-31 00:00:00,264.735,stop_gap,True,-1419.2428089121493,IS
BAJFINANCE,2018-10-29 00:00:00,2018-10-30 00:00:00,239.73949999999996,61,211.5154892795241,2018-11-13 00:00:00,226.773,channel_exit,False,-856.312142641323,IS
ASIANPAINT,2018-11-14 00:00:00,2018-11-15 00:00:00,1321.32,13,1240.7290337939019,2018-12-07 00:00:00,1305.1935,channel_exit,False,-283.2898896416611,IS
ICICIBANK,2018-10-29 00:00:00,2018-10-30 00:00:00,347.79744999999997,51,319.26944866788847,2018-12-07 00:00:00,349.2504,channel_exit,False,-1.5819567525168594,IS
LT,2018-10-31 00:00:00,2018-11-01 00:00:00,1338.7874499999998,13,1272.7292680480878,2018-12-07 00:00:00,1385.613,channel_exit,False,533.2835940524811,IS
SBIN,2018-10-31 00:00:00,2018-11-01 00:00:00,283.28299999999996,63,262.31146249715084,2018-12-07 00:00:00,276.723,channel_exit,False,-488.60472313542454,IS
UPL,2018-12-12 00:00:00,2018-12-13 00:00:00,526.526,34,493.8718697806215,2018-12-21 00:00:00,493.3779979108409,stop_touch,False,-1201.5258535149935,IS
BAJAJ-AUTO,2018-12-12 00:00:00,2018-12-13 00:00:00,2862.8599999999997,6,2715.282659079246,2018-12-26 00:00:00,2710.9863,stop_gap,True,-983.9122102775807,IS
HEROMOTOCO,2018-12-12 00:00:00,2018-12-13 00:00:00,3233.2299999999996,5,3058.867781306177,2019-01-01 00:00:00,3085.911,channel_exit,False,-806.5450930793274,IS
BPCL,2018-12-21 00:00:00,2018-12-24 00:00:00,187.23704999999998,96,175.37727048664954,2019-01-02 00:00:00,175.2018932161629,stop_touch,False,-1230.0429808264378,IS
KOTAKBANK,2018-12-07 00:00:00,2018-12-10 00:00:00,249.06881999999996,72,232.65069291757433,2019-01-11 00:00:00,244.755,channel_exit,False,-386.31490666279643,IS
POWERGRID,2019-01-01 00:00:00,2019-01-02 00:00:00,199.29909999999998,90,189.66458987008485,2019-01-22 00:00:00,189.47492528021476,stop_touch,False,-959.1098008568988,IS
ITC,2019-01-11 00:00:00,2019-01-14 00:00:00,294.79449999999997,61,284.51720808557087,2019-01-23 00:00:00,284.2326908774853,stop_touch,False,-719.6714241317496,IS
INDUSTOWER,2019-01-03 00:00:00,2019-01-04 00:00:00,273.27299999999997,65,256.7779489935066,2019-01-25 00:00:00,264.33540000000005,channel_exit,False,-655.7892281573907,IS
ADANIPORTS,2018-12-27 00:00:00,2018-12-28 00:00:00,385.33494999999994,46,361.6653191124986,2019-01-28 00:00:00,361.3036537933861,stop_touch,False,-1179.4462710407101,IS
KOTAKBANK,2019-01-22 00:00:00,2019-01-23 00:00:00,260.03978,69,248.73708637840187,2019-01-30 00:00:00,248.48834929202346,stop_touch,False,-872.1209934414281,IS
NESTLEIND,2018-10-31 00:00:00,2018-11-01 00:00:00,512.4619499999999,35,482.1159019113458,2019-02-12 00:00:00,541.20825,channel_exit,False,928.5606850012227,IS
AXISBANK,2019-01-30 00:00:00,2019-01-31 00:00:00,697.9472499999999,25,664.1047864820296,2019-02-18 00:00:00,685.314,channel_exit,False,-390.12469605106185,IS
TCS,2019-01-28 00:00:00,2019-01-29 00:00:00,1963.9619999999998,9,1887.5342303524967,2019-02-19 00:00:00,1968.03,channel_exit,False,-38.8365662917261,IS
WIPRO,2019-01-23 00:00:00,2019-01-24 00:00:00,175.27509999999998,102,165.06882010611693,2019-02-20 00:00:00,181.4184,channel_exit,False,549.7546640414391,IS
HCLTECH,2019-01-29 00:00:00,2019-01-30 00:00:00,509.50899999999996,35,487.42946436246524,2019-03-11 00:00:00,502.9965,channel_exit,False,-303.47882374350263,IS
ZEEL,2019-02-19 00:00:00,2019-02-20 00:00:00,447.44699999999995,31,396.87554022960495,2019-03-25 00:00:00,430.569,channel_exit,False,-586.7384893700937,IS
JSWSTEEL,2019-02-22 00:00:00,2019-02-25 00:00:00,286.63635,62,265.4240394895861,2019-03-26 00:00:00,277.67205,channel_exit,False,-630.6923230562995,IS
TATASTEEL,2019-02-21 00:00:00,2019-02-22 00:00:00,49.7497,361,46.56238690157127,2019-03-29 00:00:00,50.949,channel_exit,False,356.1155374678621,IS
BAJAJ-AUTO,2019-03-11 00:00:00,2019-03-12 00:00:00,3015.0119999999997,5,2883.8170913917024,2019-04-01 00:00:00,2945.0020499999996,channel_exit,False,-417.33984146337707,IS
ASIANPAINT,2019-03-26 00:00:00,2019-03-27 00:00:00,1495.494,12,1442.9480739997894,2019-04-09 00:00:00,1441.5051259257896,stop_touch,False,-723.1554886525959,IS
BAJAJFINSV,2019-04-01 00:00:00,2019-04-02 00:00:00,720.4597399999999,24,693.1779963189822,2019-05-09 00:00:00,729.7695,channel_exit,False,148.85307144620455,IS
BAJFINANCE,2019-03-29 00:00:00,2019-04-01 00:00:00,303.32301999999993,59,289.22261553709217,2019-05-09 00:00:00,289.71,channel_exit,False,-878.0951341994856,IS
DRREDDY,2019-03-25 00:00:00,2019-03-26 00:00:00,558.7582,32,530.7527764083679,2019-05-14 00:00:00,556.6028400000001,channel_exit,False,-144.8728847102368,IS
ONGC,2019-02-22 00:00:00,2019-02-25 00:00:00,149.14899999999997,120,140.06497154843447,2019-05-14 00:00:00,161.838,channel_exit,False,1444.5142524325627,IS
TCS,2019-04-09 00:00:00,2019-04-10 00:00:00,2085.0829999999996,8,1999.2974560919392,2019-05-15 00:00:00,2094.903,channel_exit,False,5.968898665313326,IS
ADANIPORTS,2019-05-20 00:00:00,2019-05-21 00:00:00,409.40899999999993,43,384.1478343965011,2019-05-22 00:00:00,383.76368656210457,stop_touch,False,-1176.404805407486,IS
ONGC,2019-05-22 00:00:00,2019-05-23 00:00:00,178.67849999999999,100,169.84614507131283,2019-05-24 00:00:00,169.67629892624151,stop_touch,False,-974.9294747450504,IS
BHARTIARTL,2019-05-24 00:00:00,2019-05-27 00:00:00,350.0497,51,323.3710698966724,2019-06-18 00:00:00,345.0546,channel_exit,False,-330.3119358041608,IS
KOTAKBANK,2019-05-17 00:00:00,2019-05-20 00:00:00,298.49819999999994,60,285.91615010898596,2019-06-18 00:00:00,292.707,channel_exit,False,-423.0730142225088,IS
TITAN,2019-05-16 00:00:00,2019-05-17 00:00:00,1185.184,15,1129.390053188016,2019-07-08 00:00:00,1258.74,channel_exit,False,1026.1092356976405,IS
BAJAJFINSV,2019-05-17 00:00:00,2019-05-20 00:00:00,806.4055999999999,22,769.8855208332067,2019-07-08 00:00:00,769.1156353123735,stop_touch,False,-894.8276344752169,IS
NTPC,2019-06-25 00:00:00,2019-06-26 00:00:00,139.6395,128,133.7945224662752,2019-07-08 00:00:00,133.66072794380892,stop_touch,False,-840.1973841772142,IS
BAJFINANCE,2019-05-17 00:00:00,2019-05-20 00:00:00,339.33899999999994,53,321.05848190308234,2019-07-09 00:00:00,340.659,channel_exit,False,-6.441342726041341,IS
KOTAKBANK,2019-07-17 00:00:00,2019-07-18 00:00:00,306.57626999999997,58,294.92253991366937,2019-07-22 00:00:00,294.6276173737557,stop_touch,False,-767.7660038517955,IS
SUNPHARMA,2019-07-15 00:00:00,2019-07-16 00:00:00,421.22079999999994,42,392.0089406990865,2019-07-31 00:00:00,409.59,channel_exit,False,-563.2579116001122,IS
DRREDDY,2019-07-16 00:00:00,2019-07-17 00:00:00,533.65312,33,508.1393458981221,2019-07-31 00:00:00,506.493,stop_gap,True,-970.2448028781614,IS
INFY,2019-07-15 00:00:00,2019-07-16 00:00:00,777.7769999999999,23,746.235608497109,2019-08-02 00:00:00,764.28495,channel_exit,False,-385.9082168295149,IS
POWERGRID,2019-06-19 00:00:00,2019-06-20 00:00:00,200.85064999999997,89,192.62837190910543,2019-08-06 00:00:00,200.39939999999999,channel_exit,False,-116.08932060650459,IS
BHARTIARTL,2019-08-06 00:00:00,2019-08-07 00:00:00,368.36799999999994,48,341.0776961202342,2019-08-28 00:00:00,340.73661842411394,stop_touch,False,-1399.8777177506854,IS
ASIANPAINT,2019-07-23 00:00:00,2019-07-24 00:00:00,1431.9305,12,1370.768409631554,2019-09-05 00:00:00,1535.463,channel_exit,False,1166.7083539488285,IS
TCS,2019-08-05 00:00:00,2019-08-06 00:00:00,2235.0328,8,2140.6843392981045,2019-09-11 00:00:00,2183.814,channel_exit,False,-485.1780050510152,IS
HCLTECH,2019-08-08 00:00:00,2019-08-09 00:00:00,542.9423999999999,33,515.1326736413156,2019-09-12 00:00:00,527.9715,channel_exit,False,-569.4580723488634,IS
HINDUNILVR,2019-08-07 00:00:00,2019-08-08 00:00:00,1782.2804999999998,10,1707.0221554045836,2019-09-13 00:00:00,1804.194,channel_exit,False,143.00147826763111,IS
BAJAJ-AUTO,2019-09-11 00:00:00,2019-09-12 00:00:00,2913.9109999999996,6,2769.339521434247,2019-09-17 00:00:00,2766.570181912813,stop_touch,False,-957.6503442127548,IS
HEROMOTOCO,2019-09-13 00:00:00,2019-09-16 00:00:00,2757.7549999999997,6,2604.6523362811445,2019-09-17 00:00:00,2602.0476839448634,stop_touch,False,-1005.0338981073573,IS
INFY,2019-08-30 00:00:00,2019-09-03 00:00:00,815.8149999999999,22,783.8860447555631,2019-09-23 00:00:00,806.0930999999999,channel_exit,False,-289.7800033250733,IS
HINDALCO,2019-09-12 00:00:00,2019-09-13 00:00:00,196.84664999999998,91,183.93420623951306,2019-10-03 00:00:00,183.75027203327355,stop_touch,False,-1266.206883768893,IS
TITAN,2019-09-17 00:00:00,2019-09-18 00:00:00,1164.1629999999998,15,1100.4078595032415,2019-10-10 00:00:00,1229.9688,channel_exit,False,910.9418691132028,IS
GAIL,2019-09-18 00:00:00,2019-09-19 00:00:00,90.55713333333331,198,84.50568807143667,2019-10-10 00:00:00,84.42118238336523,stop_touch,False,-1289.3731969349005,IS
BHARTIARTL,2019-10-10 00:00:00,2019-10-11 00:00:00,375.32494999999994,45,344.83796698300256,2019-10-24 00:00:00,344.49312901601957,stop_touch,False,-1458.5973290839327,IS
ADANIPORTS,2019-09-23 00:00:00,2019-09-24 00:00:00,410.35994999999997,43,386.73766872769005,2019-11-04 00:00:00,389.61,channel_exit,False,-966.3166496969723,IS
NESTLEIND,2019-10-14 00:00:00,2019-10-15 00:00:00,708.312605,25,674.8247228512929,2019-11-13 00:00:00,704.7170775,channel_exit,False,-165.25512485333118,IS
HCLTECH,2019-10-24 00:00:00,2019-10-25 00:00:00,561.0604999999999,32,530.3955183437379,2019-11-25 00:00:00,557.9415,channel_exit,False,-175.88239198246126,IS
BPCL,2019-09-05 00:00:00,2019-09-06 00:00:00,188.68849999999998,95,174.0762058267386,2019-11-27 00:00:00,246.2535,channel_exit,False,5384.942759570263,IS
BAJAJFINSV,2019-11-04 00:00:00,2019-11-05 00:00:00,880.8799999999999,20,832.3604935934036,2019-12-03 00:00:00,896.6025,channel_exit,False,238.78531227910162,IS
HDFCBANK,2019-11-14 00:00:00,2019-11-15 00:00:00,642.5669249999999,28,618.7937293895092,2019-12-04 00:00:00,618.1749356601197,stop_touch,False,-758.3505337930313,IS
INDUSINDBK,2019-11-27 00:00:00,2019-11-28 00:00:00,1527.5259999999998,11,1424.9865437705203,2019-12-10 00:00:00,1423.5615572267498,stop_touch,False,-1214.8587535594154,IS
DRREDDY,2019-11-25 00:00:00,2019-11-26 00:00:00,584.6340499999999,30,558.9868750385864,2019-12-13 00:00:00,558.4278881635478,stop_touch,False,-860.089141099924,IS
RELIANCE,2019-10-10 00:00:00,2019-10-11 00:00:00,682.53185,26,647.7522112223141,2019-12-26 00:00:00,770.0541750000001,channel_exit,False,2196.8135814460206,IS
KOTAKBANK,2019-12-03 00:00:00,2019-12-04 00:00:00,328.9886599999999,54,317.3764207045039,2020-01-06 00:00:00,331.08858,channel_exit,False,37.57741863696597,IS
BAJFINANCE,2019-12-26 00:00:00,2019-12-27 00:00:00,420.21979999999996,42,405.64891791889045,2020-01-06 00:00:00,405.24326900097157,stop_touch,False,-703.4600559629204,IS
HINDALCO,2019-12-13 00:00:00,2019-12-16 00:00:00,210.20999999999998,85,198.5125904687988,2020-01-07 00:00:00,210.33945,channel_exit,False,-64.97292377243281,IS
ICICIBANK,2019-12-04 00:00:00,2019-12-05 00:00:00,533.0825499999999,33,508.5942612489998,2020-01-07 00:00:00,530.7687,channel_exit,False,-151.4025996626188,IS
TCS,2020-01-08 00:00:00,2020-01-09 00:00:00,2250.9987499999997,7,2158.096822914646,2020-01-20 00:00:00,2155.9387260917315,stop_touch,False,-734.2701894628374,IS
WIPRO,2020-01-07 00:00:00,2020-01-08 00:00:00,127.12699999999998,141,123.02017210933853,2020-01-21 00:00:00,122.8971519372292,stop_touch,False,-671.7075137084838,IS
ASIANPAINT,2020-01-20 00:00:00,2020-01-21 00:00:00,1841.7899499999999,9,1782.737418364229,2020-01-22 00:00:00,1780.9546809458648,stop_touch,False,-618.931741915428,IS
VEDL,2019-12-13 00:00:00,2019-12-16 00:00:00,149.6495,120,139.76799033008461,2020-01-28 00:00:00,147.60225,channel_exit,False,-321.5533443674589,IS
ADANIPORTS,2020-01-09 00:00:00,2020-01-10 00:00:00,392.19179999999994,45,374.8804011971403,2020-01-28 00:00:00,374.5055207959432,stop_touch,False,-870.0945735600923,IS
BAJAJFINSV,2020-01-29 00:00:00,2020-01-30 00:00:00,993.3923999999998,18,961.8812726805822,2020-01-31 00:00:00,960.9193914079017,stop_touch,False,-659.7011452991599,IS
BAJFINANCE,2020-01-29 00:00:00,2020-01-30 00:00:00,446.8463999999999,40,429.5616466788434,2020-02-03 00:00:00,424.59497999999996,stop_gap,True,-964.7978969580727,IS
ULTRACEMCO,2020-01-08 00:00:00,2020-01-09 00:00:00,4341.3369999999995,4,4166.7156248392275,2020-02-04 00:00:00,4390.55505,channel_exit,False,122.11018437158843,IS
BAJAJ-AUTO,2020-02-03 00:00:00,2020-02-04 00:00:00,3273.2699999999995,5,3137.4061471328546,2020-02-07 00:00:00,3134.2687409857217,stop_touch,False,-765.6008823400172,IS
GRASIM,2020-01-22 00:00:00,2020-01-23 00:00:00,785.785,22,743.7889832107192,2020-02-14 00:00:00,743.0451942275084,stop_touch,False,-1013.2280461780167,IS
JSWSTEEL,2020-02-11 00:00:00,2020-02-12 00:00:00,288.93864999999994,62,270.6973519342493,2020-02-24 00:00:00,270.42665458231505,stop_touch,False,-1222.2447851170148,IS
BHARTIARTL,2020-02-14 00:00:00,2020-02-17 00:00:00,565.51495,30,534.8692553882136,2020-02-24 00:00:00,534.3343861328253,stop_touch,False,-1007.4329075854779,IS
ASIANPAINT,2020-02-03 00:00:00,2020-02-04 00:00:00,1871.87,9,1800.1951482798222,2020-02-25 00:00:00,1836.5616,channel_exit,False,-390.3026467658734,IS
INFY,2020-01-23 00:00:00,2020-01-24 00:00:00,776.5257499999999,23,748.1637016861514,2020-02-28 00:00:00,747.4155379844652,stop_touch,False,-744.5422146184757,IS
BAJFINANCE,2020-02-04 00:00:00,2020-02-05 00:00:00,451.95149999999995,39,432.03053088282087,2020-02-28 00:00:00,431.59850035193807,stop_touch,False,-867.9159356781951,IS
POWERGRID,2020-03-04 00:00:00,2020-03-05 00:00:00,196.24605,91,183.82742380819082,2020-03-09 00:00:00,183.64359638438262,stop_touch,False,-1221.1620917853095,IS
HINDUNILVR,2020-03-31 00:00:00,2020-04-01 00:00:00,2295.4931999999994,4,2042.731162209595,2020-04-30 00:00:00,2269.728,channel_exit,False,-153.42485275196225,IS
CIPLA,2020-04-07 00:00:00,2020-04-08 00:00:00,497.44694999999996,21,439.5205257595205,2020-05-13 00:00:00,599.4,channel_exit,False,2083.8249240013756,IS
DRREDDY,2020-04-07 00:00:00,2020-04-08 00:00:00,705.7049999999999,15,627.3345962304703,2020-05-13 00:00:00,769.0301999999999,channel_exit,False,893.936935477672,IS
NESTLEIND,2020-04-07 00:00:00,2020-04-08 00:00:00,833.3324999999999,12,733.4581403337844,2020-05-14 00:00:00,829.17,channel_exit,False,-102.7850489067789,IS
SUNPHARMA,2020-04-07 00:00:00,2020-04-08 00:00:00,419.4189999999999,21,363.0344727635752,2020-05-19 00:00:00,443.3562,channel_exit,False,452.5715273309024,IS
BHARTIARTL,2020-05-19 00:00:00,2020-05-20 00:00:00,605.6049999999999,23,550.6809101127328,2020-05-29 00:00:00,550.1302292026201,stop_touch,False,-1338.5639283790656,IS
INDUSTOWER,2020-05-13 00:00:00,2020-05-14 00:00:00,190.18999999999997,49,164.64383126775743,2020-06-12 00:00:00,206.54325,channel_exit,False,749.2854584184911,IS
ITC,2020-05-21 00:00:00,2020-05-22 00:00:00,188.188,80,172.30212499756223,2020-06-16 00:00:00,190.60920000000002,channel_exit,False,125.70864670662618,IS
ADANIPORTS,2020-05-13 00:00:00,2020-05-14 00:00:00,301.4011,40,269.62004598847614,2020-07-14 00:00:00,332.3673,channel_exit,False,1177.9963410936646,IS
BHARTIARTL,2020-07-14 00:00:00,2020-07-15 00:00:00,589.53895,30,554.2487766307011,2020-07-16 00:00:00,553.6945278540703,stop_touch,False,-1149.266176802385,IS
M&M,2020-06-12 00:00:00,2020-06-15 00:00:00,505.65514999999994,27,458.7244733511845,2020-08-25 00:00:00,604.395,channel_exit,False,2598.661090986986,IS
DRREDDY,2020-07-16 00:00:00,2020-07-17 00:00:00,829.0282,21,789.7253588082518,2020-08-31 00:00:00,874.125,channel_exit,False,871.0982360969134,IS
ASIANPAINT,2020-08-25 00:00:00,2020-08-26 00:00:00,2002.95095,8,1905.908987412841,2020-08-31 00:00:00,1904.0030784254282,stop_touch,False,-861.0389063055483,IS
BAJAJ-AUTO,2020-04-30 00:00:00,2020-05-04 00:00:00,2552.5499999999997,4,2290.833477367394,2020-09-01 00:00:00,2944.053,channel_exit,False,1510.3143883908888,IS
BRITANNIA,2020-05-29 00:00:00,2020-06-01 00:00:00,3419.4159999999997,5,3181.0316209262887,2020-09-01 00:00:00,3731.265,channel_exit,False,1483.3751247804707,IS
JSWSTEEL,2020-09-02 00:00:00,2020-09-03 00:00:00,293.29299999999995,61,275.11947317539494,2020-09-09 00:00:00,272.9268,stop_gap,True,-1316.639413698159,IS
INDUSTOWER,2020-09-03 00:00:00,2020-09-04 00:00:00,214.21399999999997,64,193.2088204110265,2020-09-18 00:00:00,197.802,channel_exit,False,-1112.6833571594225,IS
TITAN,2020-09-03 00:00:00,2020-09-04 00:00:00,1162.7615999999998,15,1097.2416184948793,2020-09-22 00:00:00,1118.88,channel_exit,False,-732.0201757250196,IS
ASIANPAINT,2020-09-10 00:00:00,2020-09-11 00:00:00,2065.0629999999996,8,1954.6030537224296,2020-09-22 00:00:00,1952.6484506687073,stop_touch,False,-970.078685604078,IS
CIPLA,2020-09-18 00:00:00,2020-09-21 00:00:00,807.0562499999999,22,756.4719903921305,2020-09-22 00:00:00,755.7155184017383,stop_touch,False,-1203.5567115657113,IS
GRASIM,2020-09-03 00:00:00,2020-09-04 00:00:00,705.7049999999999,24,651.1096086018108,2020-09-25 00:00:00,682.317,channel_exit,False,-633.7644805513261,IS
VEDL,2020-09-25 00:00:00,2020-09-28 00:00:00,139.9398,128,130.77003456912982,2020-10-07 00:00:00,130.63926453456068,stop_touch,False,-1264.9046382093998,IS
RELIANCE,2020-06-18 00:00:00,2020-06-19 00:00:00,835.8349999999999,21,782.3822423123263,2020-10-19 00:00:00,1093.929975,channel_exit,False,5337.422596465181,IS
HEROMOTOCO,2020-09-29 00:00:00,2020-09-30 00:00:00,3201.198,5,3021.452493360573,2020-10-23 00:00:00,3096.9,channel_exit,False,-591.2697964507389,IS
AXISBANK,2020-10-19 00:00:00,2020-10-20 00:00:00,486.33585,37,451.61883323858206,2020-12-22 00:00:00,584.415,channel_exit,False,3547.5517161983907,IS
GRASIM,2020-10-01 00:00:00,2020-10-05 00:00:00,752.9522,21,695.7742974257975,2020-12-22 00:00:00,876.47265,channel_exit,False,2520.3870059481637,IS
IOC,2020-10-23 00:00:00,2020-10-26 00:00:00,52.21883333333332,344,49.33144500497923,2020-12-22 00:00:00,57.276,channel_exit,False,1661.0062794603489,IS
ASIANPAINT,2020-10-07 00:00:00,2020-10-08 00:00:00,2106.6045,8,2003.978088416944,2021-01-15 00:00:00,2658.2391000000002,channel_exit,False,4333.955198930774,IS
CIPLA,2020-12-23 00:00:00,2020-12-24 00:00:00,829.6287999999998,21,784.131457418649,2021-01-19 00:00:00,801.6975,channel_exit,False,-660.3967876916167,IS
HCLTECH,2020-12-22 00:00:00,2020-12-23 00:00:00,920.9199999999998,19,870.8936127300201,2021-01-27 00:00:00,951.1479,channel_exit,False,498.65612610144126,IS
BHARTIARTL,2021-01-15 00:00:00,2021-01-18 00:00:00,603.2526499999999,29,568.8670786163119,2021-01-27 00:00:00,568.2982115376956,stop_touch,False,-1087.1357580072563,IS
HDFCBANK,2021-01-19 00:00:00,2021-01-20 00:00:00,751.2504999999999,23,719.4428313321464,2021-01-27 00:00:00,718.7233885008143,stop_touch,False,-821.3180848459122,IS
INFY,2020-12-22 00:00:00,2020-12-23 00:00:00,1239.2379999999998,14,1181.461191265675,2021-01-28 00:00:00,1290.5082,channel_exit,False,642.3435350310253,IS
AXISBANK,2021-02-01 00:00:00,2021-02-02 00:00:00,719.9692499999999,25,666.0872236019882,2021-02-23 00:00:00,731.61765,channel_exit,False,214.4592690715188,IS
ICICIBANK,2021-02-01 00:00:00,2021-02-02 00:00:00,613.6129999999999,29,576.952218006362,2021-02-23 00:00:00,614.13525,channel_exit,False,-60.62254516952762,IS
BAJAJFINSV,2021-02-01 00:00:00,2021-02-02 00:00:00,983.7527699999999,18,911.4275440587883,2021-03-01 00:00:00,978.9200999999999,channel_exit,False,-162.35825183963527,IS
GRASIM,2021-02-01 00:00:00,2021-02-02 00:00:00,1145.1439999999998,15,1063.1139119783898,2021-03-01 00:00:00,1205.74305,channel_exit,False,833.7852115004043,IS
INDUSTOWER,2021-02-23 00:00:00,2021-02-24 00:00:00,272.272,65,249.69837482218279,2021-03-05 00:00:00,249.4486764473606,stop_touch,False,-1556.9158101153157,IS
BPCL,2021-03-02 00:00:00,2021-03-03 00:00:00,240.23999999999998,74,223.39024508934156,2021-03-09 00:00:00,222.8769,stop_gap,True,-1358.7800135010339,IS
GAIL,2021-03-08 00:00:00,2021-03-09 00:00:00,103.36993333333332,174,96.03982802469474,2021-03-15 00:00:00,95.94378819667004,stop_touch,False,-1366.6610635414427,IS
ADANIPORTS,2021-03-02 00:00:00,2021-03-03 00:00:00,732.732,24,677.5424519194135,2021-03-18 00:00:00,694.305,channel_exit,False,-996.0995297686885,IS
HCLTECH,2021-03-10 00:00:00,2021-03-12 00:00:00,989.4884999999999,18,938.9203275184672,2021-03-18 00:00:00,937.9814071909487,stop_touch,False,-1001.6324275384213,IS
HINDALCO,2021-02-23 00:00:00,2021-02-24 00:00:00,334.53419999999994,53,309.80756686538956,2021-03-25 00:00:00,318.73095,channel_exit,False,-911.9656653004632,IS
TECHM,2021-03-15 00:00:00,2021-03-16 00:00:00,1033.032,17,971.3744936481713,2021-03-25 00:00:00,970.4031191545231,stop_touch,False,-1138.2740750364553,IS
ULTRACEMCO,2020-09-29 00:00:00,2020-09-30 00:00:00,4091.7876999999994,4,3886.5904066200774,2021-04-13 00:00:00,6543.45,channel_exit,False,9721.45259151312,IS
GRASIM,2021-03-19 00:00:00,2021-03-22 00:00:00,1420.4189999999999,12,1339.6970325388072,2021-04-15 00:00:00,1338.3573355062683,stop_touch,False,-1056.920599202445,IS
HINDUNILVR,2021-03-19 00:00:00,2021-03-22 00:00:00,2312.4100999999996,7,2216.8574516028484,2021-04-23 00:00:00,2337.66,channel_exit,False,105.46873091110356,IS
BRITANNIA,2021-03-30 00:00:00,2021-03-31 00:00:00,3619.6159999999995,4,3468.0813328876234,2021-04-26 00:00:00,3657.4389,channel_exit,False,85.05282669837268,IS
SUNPHARMA,2021-04-16 00:00:00,2021-04-19 00:00:00,644.6439999999999,27,608.182699018217,2021-05-31 00:00:00,671.328,channel_exit,False,644.8607325788582,IS
ICICIBANK,2021-05-31 00:00:00,2021-06-01 00:00:00,665.2145499999999,27,631.5261349035834,2021-06-09 00:00:00,630.8946087686799,stop_touch,False,-1001.5834177598169,IS
BAJAJ-AUTO,2021-04-27 00:00:00,2021-04-28 00:00:00,3813.86005,4,3610.232224851738,2021-06-15 00:00:00,4150.845,channel_exit,False,1277.7605237986368,IS
POWERGRID,2021-06-09 00:00:00,2021-06-10 00:00:00,248.24799999999996,72,235.17415703728324,2021-06-18 00:00:00,234.93898288024596,stop_touch,False,-1032.8955266875287,IS
JSWSTEEL,2021-04-26 00:00:00,2021-04-27 00:00:00,661.3106499999999,27,610.6782106140757,2021-06-21 00:00:00,656.2431,channel_exit,False,-212.55799008297896,IS
WIPRO,2021-04-16 00:00:00,2021-04-19 00:00:00,231.73149999999998,77,216.19236330654016,2021-06-22 00:00:00,272.352375,channel_exit,False,3047.570006966158,IS
BAJAJFINSV,2021-06-23 00:00:00,2021-06-24 00:00:00,1229.4532249999997,14,1166.1895967811643,2021-07-02 00:00:00,1165.0234071843831,stop_touch,False,-974.803392577505,IS
BRITANNIA,2021-06-15 00:00:00,2021-06-16 00:00:00,3634.6810499999997,4,3522.7372677726526,2021-07-05 00:00:00,3560.436,channel_exit,False,-362.77236381381135,IS
HDFCBANK,2021-07-06 00:00:00,2021-07-07 00:00:00,767.7669999999999,23,742.5741624720498,2021-07-12 00:00:00,741.8315883095778,stop_touch,False,-671.0329787914285,IS
HINDUNILVR,2021-06-18 00:00:00,2021-06-21 00:00:00,2476.4239499999994,7,2395.7598840785695,2021-07-15 00:00:00,2422.575,channel_exit,False,-450.8179051473361,IS
TITAN,2021-06-22 00:00:00,2021-06-23 00:00:00,1758.7569999999998,10,1683.362357396245,2021-07-15 00:00:00,1703.7945,channel_exit,False,-624.0004267163886,IS
ASIANPAINT,2021-03-26 00:00:00,2021-03-30 00:00:00,2541.6390999999994,7,2399.58680291329,2021-07-16 00:00:00,2991.006,channel_exit,False,3065.4581894774547,IS
HCLTECH,2021-07-15 00:00:00,2021-07-16 00:00:00,1045.9449,17,1008.0008659954667,2021-07-19 00:00:00,1003.995,stop_gap,True,-787.863415201095,IS
AXISBANK,2021-07-15 00:00:00,2021-07-16 00:00:00,776.776,23,748.151338418268,2021-07-20 00:00:00,747.4031870798497,stop_touch,False,-750.590505657814,IS
ASIANPAINT,2021-07-20 00:00:00,2021-07-22 00:00:00,3133.1299999999997,5,3017.169644786181,2021-07-28 00:00:00,3014.152475141395,stop_touch,False,-663.5680314244534,IS
ULTRACEMCO,2021-07-12 00:00:00,2021-07-13 00:00:00,7117.109999999999,2,6827.824258833006,2021-08-17 00:00:00,7369.623,channel_exit,False,439.0112012566857,IS
HINDALCO,2021-07-16 00:00:00,2021-07-19 00:00:00,398.39799999999997,45,378.3891563286628,2021-08-23 00:00:00,410.589,channel_exit,False,471.69544925221135,IS
TATASTEEL,2021-07-07 00:00:00,2021-07-08 00:00:00,122.62249999999999,146,114.99140040474263,2021-08-24 00:00:00,138.06179999999998,channel_exit,False,2174.9404938688353,IS
NESTLEIND,2021-07-20 00:00:00,2021-07-22 00:00:00,893.6978049999999,20,870.5375310771811,2021-09-29 00:00:00,976.2602625,channel_exit,False,1572.9747700980358,IS
TECHM,2021-08-24 00:00:00,2021-08-25 00:00:00,1464.4629999999997,12,1388.0871201128457,2021-09-29 00:00:00,1386.6990329927328,stop_touch,False,-1006.9687525489558,IS
BRITANNIA,2021-08-17 00:00:00,2021-08-18 00:00:00,3712.5087999999996,4,3595.968644381459,2021-09-30 00:00:00,3968.028,channel_exit,False,953.5385669067335,IS
CIPLA,2021-09-29 00:00:00,2021-09-30 00:00:00,988.9879999999999,18,947.9171318456935,2021-10-05 00:00:00,946.9692147138478,stop_touch,False,-831.0539277368284,IS
GAIL,2021-10-01 00:00:00,2021-10-04 00:00:00,109.7096,164,102.88286248500583,2021-10-21 00:00:00,101.96459999999999,stop_gap,True,-1344.7399522845494,IS
COALINDIA,2021-09-29 00:00:00,2021-09-30 00:00:00,187.78759999999997,95,174.600752060254,2021-10-25 00:00:00,174.42615130819374,stop_touch,False,-1343.4517016110794,IS
AXISBANK,2021-10-25 00:00:00,2021-10-26 00:00:00,849.2483999999998,21,809.1813424768293,2021-10-27 00:00:00,808.3721611343525,stop_touch,False,-933.0699598852889,IS
SBIN,2021-10-27 00:00:00,2021-10-28 00:00:00,520.1196,34,494.27972325648113,2021-10-29 00:00:00,493.7854435332247,stop_touch,False,-969.5388730340953,IS
ICICIBANK,2021-10-21 00:00:00,2021-10-25 00:00:00,800.8,22,770.8124530120127,2021-11-11 00:00:00,770.0416405590007,stop_touch,False,-750.9706952949144,IS
IOC,2021-10-05 00:00:00,2021-10-06 00:00:00,87.35393333333332,206,83.23669688306151,2021-11-22 00:00:00,83.15346018617845,stop_touch,False,-940.4277300564922,IS
BAJAJFINSV,2021-07-28 00:00:00,2021-07-29 00:00:00,1397.396,12,1333.6989159809195,2021-11-23 00:00:00,1686.312,channel_exit,False,3389.4320747439033,IS
BAJFINANCE,2021-08-23 00:00:00,2021-08-24 00:00:00,678.1774999999999,26,646.5371706641105,2021-11-23 00:00:00,699.3,channel_exit,False,473.1499768422116,IS
LT,2021-11-03 00:00:00,2021-11-04 00:00:00,1901.8999999999999,9,1796.825539673063,2021-11-23 00:00:00,1848.15,channel_exit,False,-556.838318101698,IS
CIPLA,2021-11-26 00:00:00,2021-11-29 00:00:00,974.9739999999999,18,923.6432011084152,2021-12-01 00:00:00,922.7195579073067,stop_touch,False,-1014.3004001047126,IS
BHARTIARTL,2021-11-12 00:00:00,2021-11-15 00:00:00,740.7399999999999,24,700.0537518634602,2021-12-06 00:00:00,699.3536981115967,stop_touch,False,-1067.5872461588976,IS
POWERGRID,2021-12-02 00:00:00,2021-12-03 00:00:00,213.36315,84,202.00665232177596,2021-12-06 00:00:00,201.80464566945417,stop_touch,False,-1045.685612823647,IS
VEDL,2021-11-25 00:00:00,2021-11-26 00:00:00,360.10974999999996,40,322.56203381993515,2021-12-21 00:00:00,328.671,channel_exit,False,-1321.6130947779789,IS
ZEEL,2021-11-25 00:00:00,2021-11-26 00:00:00,334.33399999999995,47,302.1719107617978,2021-12-21 00:00:00,335.21445,channel_exit,False,-28.3246168821334,IS
INFY,2021-12-17 00:00:00,2021-12-21 00:00:00,1802.8009999999997,9,1722.7898703068004,2022-01-07 00:00:00,1813.63455,channel_exit,False,26.219204089593873,IS
WIPRO,2021-12-17 00:00:00,2021-12-21 00:00:00,338.33799999999997,53,321.611814824637,2022-01-14 00:00:00,324.300375,channel_exit,False,-819.1084182687052,IS
ASIANPAINT,2022-01-07 00:00:00,2022-01-10 00:00:00,3583.5799999999995,5,3448.06362097931,2022-01-14 00:00:00,3444.615557358331,stop_touch,False,-769.9637991929627,IS
HCLTECH,2021-12-21 00:00:00,2021-12-22 00:00:00,1219.2179999999998,14,1165.2161900930755,2022-01-18 00:00:00,1268.68005,channel_exit,False,617.8859744375711,IS
TECHM,2021-12-23 00:00:00,2021-12-24 00:00:00,1685.0333499999997,10,1597.1188145171398,2022-01-19 00:00:00,1661.4369,channel_exit,False,-308.61554952276276,IS
ADANIPORTS,2022-01-14 00:00:00,2022-01-17 00:00:00,784.2834999999999,22,743.054660980189,2022-01-19 00:00:00,742.3116063192089,stop_touch,False,-996.2606651095126,IS
INFY,2022-01-14 00:00:00,2022-01-17 00:00:00,1940.4885499999998,9,1862.9379705170707,2022-01-19 00:00:00,1861.0750325465535,stop_touch,False,-788.5066094215008,IS
GAIL,2022-01-19 00:00:00,2022-01-20 00:00:00,98.49839999999998,182,93.69648862652636,2022-01-24 00:00:00,93.60279213789984,stop_touch,False,-965.8952983155056,IS
TCS,2021-12-01 00:00:00,2021-12-02 00:00:00,3592.7891999999993,5,3451.567452909318,2022-01-31 00:00:00,3745.251,channel_exit,False,685.0067367245787,IS
HEROMOTOCO,2022-01-25 00:00:00,2022-01-28 00:00:00,2722.9201999999996,6,2585.1166094860164,2022-02-08 00:00:00,2657.88945,channel_exit,False,-461.11837703888204,IS
POWERGRID,2022-01-20 00:00:00,2022-01-21 00:00:00,214.11389999999997,84,203.48429237267257,2022-02-14 00:00:00,206.74304999999998,channel_exit,False,-694.596482170338,IS
ONGC,2022-01-19 00:00:00,2022-01-20 00:00:00,171.0709,105,161.90865115708067,2022-02-15 00:00:00,161.74674250592358,stop_touch,False,-1053.91353623942,IS
CIPLA,2022-02-09 00:00:00,2022-02-10 00:00:00,969.9689999999999,18,930.0473707374815,2022-02-15 00:00:00,915.6334499999999,stop_gap,True,-1051.4442602297668,IS
AXISBANK,2022-01-25 00:00:00,2022-01-28 00:00:00,778.8780999999999,23,739.1840563418984,2022-02-25 00:00:00,738.4448722855566,stop_touch,False,-1004.7680693459755,IS
BAJAJ-AUTO,2022-01-31 00:00:00,2022-02-01 00:00:00,3580.5769999999998,5,3396.4376346187696,2022-03-02 00:00:00,3393.0411969841507,stop_touch,False,-1012.4389744868478,IS
TITAN,2022-02-28 00:00:00,2022-03-02 00:00:00,2552.5499999999997,7,2403.4736309726113,2022-03-08 00:00:00,2397.6,stop_gap,True,-1159.1029681372986,IS
COALINDIA,2022-03-02 00:00:00,2022-03-03 00:00:00,189.78959999999998,94,177.07073320576444,2022-03-10 00:00:00,176.89366247255867,stop_touch,False,-1286.412785833375,IS
ONGC,2022-03-08 00:00:00,2022-03-09 00:00:00,183.183,84,167.7440570105806,2022-03-10 00:00:00,167.57631295357,stop_touch,False,-1377.8311338953747,IS
GAIL,2022-03-02 00:00:00,2022-03-03 00:00:00,103.26983333333332,174,96.25638317308172,2022-03-21 00:00:00,96.16012678990863,stop_touch,False,-1311.6262537450557,IS
HINDALCO,2022-02-28 00:00:00,2022-03-02 00:00:00,575.82525,31,539.74735837841,2022-04-12 00:00:00,539.2076110200315,stop_touch,False,-1209.4789736930989,IS
CIPLA,2022-03-11 00:00:00,2022-03-14 00:00:00,1046.0449999999998,17,991.4093299748026,2022-04-19 00:00:00,990.4179206448279,stop_touch,False,-1020.0572066933021,IS
TATASTEEL,2022-03-02 00:00:00,2022-03-03 00:00:00,130.73059999999998,125,121.40403042465087,2022-04-25 00:00:00,124.875,channel_exit,False,-802.4198926081976,IS
GAIL,2022-04-12 00:00:00,2022-04-13 00:00:00,112.07863333333331,151,106.22425034574869,2022-04-25 00:00:00,106.11802609540294,stop_touch,False,-971.9950169991838,IS
ITC,2022-03-11 00:00:00,2022-03-14 00:00:00,236.48624999999998,60,225.90337821210457,2022-04-26 00:00:00,256.34340000000003,channel_exit,False,1124.5919481699489,IS
ADANIPORTS,2022-04-26 00:00:00,2022-04-27 00:00:00,914.9640499999998,19,856.9463081229812,2022-04-29 00:00:00,856.0893618148583,stop_touch,False,-1191.6078485695693,IS
IOC,2022-04-19 00:00:00,2022-04-20 00:00:00,87.42066666666665,193,82.96744239706975,2022-05-02 00:00:00,82.88447495467268,stop_touch,False,-947.3110174272591,IS
BAJAJ-AUTO,2022-04-26 00:00:00,2022-04-27 00:00:00,3873.8699999999994,4,3675.485887947211,2022-05-02 00:00:00,3671.8104020592637,stop_touch,False,-876.1235180934762,IS
INDUSINDBK,2022-05-02 00:00:00,2022-05-05 00:00:00,995.9949999999999,18,938.0855822871985,2022-05-06 00:00:00,918.081,stop_gap,True,-1476.6391544811656,IS
UPL,2022-03-21 00:00:00,2022-03-22 00:00:00,775.7749999999999,21,731.8521334544578,2022-05-09 00:00:00,771.228,channel_exit,False,-166.69505089623613,IS
M&M,2022-04-26 00:00:00,2022-04-27 00:00:00,930.93,14,880.517369562023,2022-05-09 00:00:00,879.12,stop_gap,True,-786.1242529981992,IS
HEROMOTOCO,2022-05-06 00:00:00,2022-05-09 00:00:00,2557.555,6,2390.645821854434,2022-05-12 00:00:00,2388.2551760325796,stop_touch,False,-1082.955506691232,IS
POWERGRID,2022-05-09 00:00:00,2022-05-10 00:00:00,246.04579999999999,73,232.1287661448755,2022-05-18 00:00:00,231.89663737873062,stop_touch,False,-1107.6877770778156,IS
DRREDDY,2022-05-24 00:00:00,2022-05-25 00:00:00,879.09822,1,830.8148803603216,2022-06-07 00:00:00,829.9840654799613,stop_touch,False,-75.22202988245238,IS
BRITANNIA,2022-05-20 00:00:00,2022-05-23 00:00:00,3454.7012499999996,5,3257.939250246914,2022-06-08 00:00:00,3381.615,channel_exit,False,-439.14239891236167,IS
HINDUNILVR,2022-05-18 00:00:00,2022-05-19 00:00:00,2247.8455999999996,8,2123.5610329680167,2022-06-08 00:00:00,2212.785,channel_exit,False,-356.3924918121232,IS
KOTAKBANK,2022-05-17 00:00:00,2022-05-18 00:00:00,369.75938999999994,48,352.37608399751633,2022-06-13 00:00:00,348.25140000000005,channel_exit,False,-1106.5592564978447,IS
ITC,2022-05-19 00:00:00,2022-05-20 00:00:00,277.277,64,261.92038962431104,2022-06-14 00:00:00,262.9368,channel_exit,False,-992.099892500402,IS
INDUSTOWER,2022-06-17 00:00:00,2022-06-20 00:00:00,209.35914999999997,82,196.66576820428077,2022-08-04 00:00:00,207.792,channel_exit,False,-202.2360362671093,IS
ASIANPAINT,2022-08-04 00:00:00,2022-08-05 00:00:00,3478.4749999999995,4,3335.066842732477,2022-08-22 00:00:00,3331.7317758897448,stop_touch,False,-650.530887541891,IS
M&M,2022-06-24 00:00:00,2022-06-27 00:00:00,1090.8898,16,1028.6661411235323,2022-08-23 00:00:00,1218.7300500000001,channel_exit,False,1967.8515674306254,IS
MARUTI,2022-06-23 00:00:00,2022-06-24 00:00:00,8318.31,2,7882.904610778629,2022-08-23 00:00:00,8598.393,channel_exit,False,487.03442631024507,IS
BHARTIARTL,2022-08-23 00:00:00,2022-08-24 00:00:00,723.5728499999999,24,693.3039058266446,2022-09-07 00:00:00,692.610601920818,stop_touch,False,-816.5503774954874,IS
COALINDIA,2022-08-26 00:00:00,2022-08-29 00:00:00,221.6214,81,210.61165293046105,2022-09-23 00:00:00,224.775,channel_exit,False,178.8809575815025,IS
AXISBANK,2022-09-08 00:00:00,2022-09-09 00:00:00,788.73795,22,754.6171653924417,2022-09-26 00:00:00,753.8625482270493,stop_touch,False,-840.6420672853753,IS
GRASIM,2022-08-26 00:00:00,2022-08-29 00:00:00,1635.6339999999998,10,1548.9322284184339,2022-09-27 00:00:00,1663.335,channel_exit,False,205.09342423006248,IS
ITC,2022-07-01 00:00:00,2022-07-04 00:00:00,285.93564999999995,3,274.1052864383066,2022-09-29 00:00:00,328.671,channel_exit,False,101.91405252369142,IS
ASIANPAINT,2022-09-28 00:00:00,2022-09-29 00:00:00,3567.0134499999995,5,3394.373601641402,2022-09-30 00:00:00,3390.9792280397605,stop_touch,False,-954.8122815327972,IS
EICHERMOT,2022-06-23 00:00:00,2022-06-24 00:00:00,2840.68785,6,2674.7028410575267,2022-10-04 00:00:00,3520.476,channel_exit,False,3999.5115486878212,IS
BHARTIARTL,2022-09-30 00:00:00,2022-10-03 00:00:00,804.2033999999999,21,765.7950381019933,2022-10-14 00:00:00,765.0292430638914,stop_touch,False,-894.6038847974373,IS
COALINDIA,2022-10-14 00:00:00,2022-10-17 00:00:00,236.58634999999998,76,224.3082092397215,2022-11-17 00:00:00,234.51525,channel_exit,False,-233.47594905507952,IS
HCLTECH,2022-10-06 00:00:00,2022-10-07 00:00:00,965.9649999999999,18,926.0733761726799,2022-12-09 00:00:00,1073.925,channel_exit,False,1866.0255484274805,IS
SUNPHARMA,2022-09-29 00:00:00,2022-09-30 00:00:00,934.8839499999999,18,890.607853267898,2022-12-09 00:00:00,979.8191999999999,channel_exit,False,734.7966515095858,IS
INFY,2022-10-18 00:00:00,2022-10-19 00:00:00,1505.504,1,1436.7665411444534,2022-12-12 00:00:00,1548.45,channel_exit,False,14.87448814639614,IS
DRREDDY,2022-09-29 00:00:00,2022-09-30 00:00:00,877.3865099999999,20,840.0655070801597,2022-12-19 00:00:00,868.12101,channel_exit,False,-260.07515827998986,IS
BPCL,2022-12-12 00:00:00,2022-12-13 00:00:00,174.6745,103,167.1876499435103,2022-12-20 00:00:00,167.0204622935668,stop_touch,False,-863.593026514522,IS
BHARTIARTL,2022-11-17 00:00:00,2022-11-18 00:00:00,850.79995,21,818.8394648594689,2022-12-21 00:00:00,818.0206253946094,stop_touch,False,-763.3666293739213,IS
BRITANNIA,2022-12-19 00:00:00,2022-12-20 00:00:00,4533.5289999999995,3,4393.658193545146,2022-12-22 00:00:00,4389.264535351601,stop_touch,False,-495.64758069162906,IS
HINDUNILVR,2022-12-09 00:00:00,2022-12-12 00:00:00,2704.9021999999995,6,2607.5351496414332,2022-12-23 00:00:00,2629.368,channel_exit,False,-523.7346587183888,IS
HDFCBANK,2022-12-12 00:00:00,2022-12-13 00:00:00,825.8249999999999,5,802.8553742730601,2022-12-23 00:00:00,792.7065,stop_gap,True,-201.06249161559464,IS
JSWSTEEL,2022-12-27 00:00:00,2022-12-28 00:00:00,761.761,23,729.1093516552028,2023-01-06 00:00:00,728.3802423035476,stop_touch,False,-841.6330637390272,IS
AXISBANK,2023-01-03 00:00:00,2023-01-04 00:00:00,964.4634999999998,18,926.9531051944747,2023-01-13 00:00:00,926.0261520892802,stop_touch,False,-765.3840554501314,IS
ONGC,2023-01-19 00:00:00,2023-01-20 00:00:00,152.152,1,146.2458455510901,2023-01-30 00:00:00,146.09959970553902,stop_touch,False,-30.089860222913195,IS
IOC,2023-01-06 00:00:00,2023-01-09 00:00:00,80.93084999999999,222,77.64291135522343,2023-02-02 00:00:00,79.5204,channel_exit,False,-388.9349941901144,IS
TATASTEEL,2023-01-03 00:00:00,2023-01-04 00:00:00,118.86874999999999,151,111.79045260438939,2023-02-07 00:00:00,111.67866215178499,stop_touch,False,-1160.3931062654904,IS
BRITANNIA,2023-02-02 00:00:00,2023-02-03 00:00:00,4594.589999999999,3,4410.450650483365,2023-02-21 00:00:00,4450.4950499999995,channel_exit,False,-495.676552726163,IS
HCLTECH,2023-01-16 00:00:00,2023-01-17 00:00:00,1098.9979,15,1054.7931615817045,2023-02-23 00:00:00,1103.6951999999999,channel_exit,False,-1.5468635396117918,IS
INFY,2023-02-02 00:00:00,2023-02-03 00:00:00,1599.0974999999999,2,1541.7768210751724,2023-02-23 00:00:00,1568.2801499999998,channel_exit,False,-94.52117077169785,IS
M&M,2023-01-09 00:00:00,2023-01-10 00:00:00,1311.8104999999998,13,1255.1252751393636,2023-02-23 00:00:00,1323.92475,channel_exit,False,83.69173976733659,IS
DRREDDY,2023-02-07 00:00:00,2023-02-08 00:00:00,890.8899999999999,19,856.3066407898395,2023-02-28 00:00:00,886.9122,channel_exit,False,-148.67662648464466,IS
SBIN,2023-03-03 00:00:00,2023-03-06 00:00:00,565.4649,31,536.6020880712257,2023-03-13 00:00:00,536.0654859831544,stop_touch,False,-985.0839079611096,IS
ASIANPAINT,2023-03-06 00:00:00,2023-03-08 00:00:00,2872.87,6,2766.5344178097102,2023-03-14 00:00:00,2763.7678833919003,stop_touch,False,-727.8154858770556,IS
GAIL,2023-02-24 00:00:00,2023-02-27 00:00:00,103.95384999999999,173,99.04929588192861,2023-03-22 00:00:00,105.3945,channel_exit,False,172.5846647662126,IS
NTPC,2023-03-06 00:00:00,2023-03-08 00:00:00,175.87569999999997,40,169.10935665057053,2023-03-23 00:00:00,173.87595000000002,channel_exit,False,-124.09460769491396,IS
ASIANPAINT,2023-03-16 00:00:00,2023-03-17 00:00:00,2926.8739499999997,6,2810.1815082690778,2023-03-23 00:00:00,2807.3713267608086,stop_touch,False,-791.0813072349267,IS
ADANIPORTS,2023-03-03 00:00:00,2023-03-06 00:00:00,690.6899999999999,11,604.931154708425,2023-03-27 00:00:00,637.362,channel_exit,False,-631.6568551172718,IS
BPCL,2023-03-16 00:00:00,2023-03-17 00:00:00,175.67549999999997,88,168.10272641986936,2023-03-28 00:00:00,167.93462369344948,stop_touch,False,-749.153255624766,IS
HINDUNILVR,2023-03-29 00:00:00,2023-03-31 00:00:00,2561.3588,4,2473.6039745221615,2023-04-21 00:00:00,2489.508,channel_exit,False,-340.62740067158785,IS
SUNPHARMA,2023-03-27 00:00:00,2023-03-28 00:00:00,987.9869999999999,18,955.278610913248,2023-04-25 00:00:00,979.02,channel_exit,False,-236.89608182447367,IS
DRREDDY,2023-03-29 00:00:00,2023-03-31 00:00:00,917.5165999999999,19,889.4678722058726,2023-05-12 00:00:00,888.5784043336668,stop_touch,False,-623.747364406731,IS
ADANIPORTS,2023-05-12 00:00:00,2023-05-15 00:00:00,700.4997999999998,24,664.951862939607,2023-05-18 00:00:00,664.2869110766675,stop_touch,False,-940.7678207246147,IS
COALINDIA,2023-04-12 00:00:00,2023-04-13 00:00:00,228.12789999999998,1,219.80616648523352,2023-06-02 00:00:00,228.2715,channel_exit,False,-24.125117497264377,IS
ITC,2023-04-21 00:00:00,2023-04-24 00:00:00,410.40999999999997,24,396.81337119391475,2023-06-12 00:00:00,439.56,channel_exit,False,646.1629145627209,IS
ICICIBANK,2023-05-19 00:00:00,2023-05-22 00:00:00,952.0010499999999,16,924.6117118271316,2023-06-15 00:00:00,923.6871001153045,stop_touch,False,-520.6300876220412,IS
BPCL,2023-06-12 00:00:00,2023-06-13 00:00:00,187.43724999999998,56,180.25687139668483,2023-06-23 00:00:00,180.07661452528814,stop_touch,False,-465.981989953981,IS
ASIANPAINT,2023-04-25 00:00:00,2023-04-26 00:00:00,2899.8469499999997,6,2805.271716912278,2023-08-11 00:00:00,3234.6621,channel_exit,False,1931.5109138737303,IS
GRASIM,2023-03-27 00:00:00,2023-03-28 00:00:00,1624.6229999999998,11,1559.8217267692253,2023-08-25 00:00:00,1758.24,channel_exit,False,1391.7739869825841,IS
CIPLA,2023-06-15 00:00:00,2023-06-16 00:00:00,1000.9999999999999,14,968.0848773813375,2023-08-28 00:00:00,1210.788,channel_exit,False,2868.28150742277,IS
SUNPHARMA,2023-06-02 00:00:00,2023-06-05 00:00:00,1006.3553499999999,1,969.718975654179,2023-08-28 00:00:00,1108.93995,channel_exit,False,75.89290817376222,IS
DRREDDY,2023-06-26 00:00:00,2023-06-27 00:00:00,1009.32832,10,976.6971479096956,2023-08-30 00:00:00,1146.4124399999998,channel_exit,False,1315.7575389818812,IS
M&M,2023-08-30 00:00:00,2023-08-31 00:00:00,1590.5389499999999,11,1524.9966466164965,2023-09-12 00:00:00,1523.47164996988,stop_touch,False,-811.5856531027098,IS
INFY,2023-08-30 00:00:00,2023-08-31 00:00:00,1436.5851499999999,12,1396.9774228202236,2023-09-27 00:00:00,1454.544,channel_exit,False,141.08847176574776,IS
BAJAJ-AUTO,2023-09-12 00:00:00,2023-09-13 00:00:00,4824.82,3,4672.426193392693,2023-10-05 00:00:00,4930.065,channel_exit,False,249.27934673796966,IS
LT,2023-08-16 00:00:00,2023-08-17 00:00:00,2693.74105,6,2607.7231548655795,2023-10-25 00:00:00,2956.041,channel_exit,False,1500.6484896535405,IS
GRASIM,2023-09-12 00:00:00,2023-09-13 00:00:00,1880.879,1,1813.8430142403067,2023-10-26 00:00:00,1865.2329,channel_exit,False,-44.736174012289325,IS
INDUSTOWER,2023-08-30 00:00:00,2023-08-31 00:00:00,180.07989999999998,98,169.62306207979123,2023-10-26 00:00:00,173.77605,channel_exit,False,-692.234569240579,IS
BAJAJFINSV,2023-10-06 00:00:00,2023-10-09 00:00:00,1618.76715,9,1548.9389294182731,2023-10-30 00:00:00,1567.3311,channel_exit,False,-528.5743552838387,IS
ZEEL,2023-11-01 00:00:00,2023-11-02 00:00:00,269.26899999999995,52,249.7819861468657,2023-11-10 00:00:00,249.53220416071883,stop_touch,False,-1089.5187298311062,IS
ONGC,2023-11-03 00:00:00,2023-11-06 00:00:00,190.39019999999996,5,183.41995165291908,2023-11-28 00:00:00,188.66115,channel_exit,False,-35.022877860525355,IS
BPCL,2023-11-02 00:00:00,2023-11-03 00:00:00,180.75557499999996,99,173.08677853652932,2023-12-21 00:00:00,217.23254999999997,channel_exit,False,3530.160254243692,IS
HDFCBANK,2023-12-21 00:00:00,2023-12-22 00:00:00,842.6417999999999,21,819.8694589867774,2024-01-09 00:00:00,832.741425,channel_exit,False,-283.0745843765322,IS
COALINDIA,2023-09-27 00:00:00,2023-09-28 00:00:00,291.84155,60,277.30971406493364,2024-01-19 00:00:00,380.26935,channel_exit,False,5223.378263166195,IS
POWERGRID,2023-11-10 00:00:00,2023-11-13 00:00:00,212.212,61,203.87295276219206,2024-01-19 00:00:00,234.765,channel_exit,False,1312.2859183450778,IS
BPCL,2024-01-19 00:00:00,2024-01-20 00:00:00,242.24199999999996,74,230.23305274257507,2024-01-23 00:00:00,230.0028196898325,stop_touch,False,-980.5712291280524,IS
ADANIPORTS,2023-11-28 00:00:00,2023-11-29 00:00:00,850.8499999999999,1,811.0391593285465,2024-01-24 00:00:00,1136.862,channel_exit,False,259.52100359708817,IS
CIPLA,2024-01-23 00:00:00,2024-01-24 00:00:00,1410.4089999999999,12,1345.989755622853,2024-01-29 00:00:00,1344.64376586723,stop_touch,False,-861.2832976310042,IS
INDUSTOWER,2024-01-24 00:00:00,2024-01-25 00:00:00,232.48224999999996,44,213.75534990110535,2024-02-01 00:00:00,213.54159455120424,stop_touch,False,-885.8064761908737,IS
IOC,2023-11-02 00:00:00,2023-11-03 00:00:00,96.59649999999999,186,92.48874884240931,2024-02-29 00:00:00,167.23260000000002,channel_exit,False,13043.79809181596,IS
BAJAJ-AUTO,2024-01-09 00:00:00,2024-01-10 00:00:00,7132.124999999999,2,6795.514198906325,2024-03-01 00:00:00,7947.045,channel_exit,False,1562.173454115162,IS
BPCL,2024-01-29 00:00:00,2024-01-30 00:00:00,248.67342499999998,64,234.05206512381173,2024-03-01 00:00:00,305.1945,channel_exit,False,3542.0814333663343,IS
INDUSTOWER,2024-03-01 00:00:00,2024-03-04 00:00:00,265.81555,62,243.43307322250956,2024-03-12 00:00:00,243.18964014928704,stop_touch,False,-1472.7516948269915,IS
GRASIM,2024-03-01 00:00:00,2024-03-04 00:00:00,2247.245,8,2132.821917779292,2024-03-14 00:00:00,2147.7501,channel_exit,False,-871.1361856631382,IS
POWERGRID,2024-02-01 00:00:00,2024-02-02 00:00:00,264.7645,36,251.1002394829307,2024-03-14 00:00:00,263.78595,channel_exit,False,-86.71049310446062,IS
TCS,2024-03-12 00:00:00,2024-03-13 00:00:00,4209.205,4,4043.4051338691843,2024-03-19 00:00:00,4039.361728735315,stop_touch,False,-751.3680957748311,IS
MARUTI,2024-03-20 00:00:00,2024-03-21 00:00:00,12010.998999999998,1,11533.809549956197,2024-04-15 00:00:00,12187.3005,channel_exit,False,117.25874502931441,IS
ICICIBANK,2024-03-01 00:00:00,2024-03-04 00:00:00,1082.081,16,1037.3515993967758,2024-04-19 00:00:00,1051.89705,channel_exit,False,-556.6075826966267,IS
KOTAKBANK,2024-03-21 00:00:00,2024-03-22 00:00:00,354.33398,50,341.22886541376636,2024-04-25 00:00:00,332.667,stop_gap,True,-1157.360836071075,IS
ONGC,2024-04-15 00:00:00,2024-04-16 00:00:00,277.277,64,260.97123995184035,2024-05-08 00:00:00,273.2265,channel_exit,False,-334.474613042624,IS
BRITANNIA,2024-05-08 00:00:00,2024-05-09 00:00:00,5233.27805,3,5009.966183874925,2024-05-10 00:00:00,5004.95621769105,stop_touch,False,-753.6208504684538,IS
UPL,2024-05-13 00:00:00,2024-05-14 00:00:00,532.3317999999999,33,499.07342615273467,2024-06-04 00:00:00,498.57435272658194,stop_touch,False,-1187.5261561564491,IS
BHARTIARTL,2024-01-19 00:00:00,2024-01-20 00:00:00,1129.1780499999998,15,1083.0423419775439,2024-06-05 00:00:00,1324.32435,channel_exit,False,2849.890006974369,IS
EICHERMOT,2024-04-22 00:00:00,2024-04-23 00:00:00,4476.52205,4,4231.215392071758,2024-06-05 00:00:00,4534.5609,channel_exit,False,155.75971954901647,IS
HINDALCO,2024-03-22 00:00:00,2024-03-27 00:00:00,564.7642,31,534.2876720720727,2024-06-05 00:00:00,626.373,channel_exit,False,1832.3121994147796,IS
HEROMOTOCO,2024-06-05 00:00:00,2024-06-06 00:00:00,5660.755099999999,3,5309.9584565761725,2024-06-24 00:00:00,5384.61,channel_exit,False,-900.6493010195369,IS
BRITANNIA,2024-06-04 00:00:00,2024-06-05 00:00:00,5330.4250999999995,3,5084.947260791141,2024-06-25 00:00:00,5292.5022,channel_exit,False,-184.0722004807081,IS
ASIANPAINT,2024-06-05 00:00:00,2024-06-06 00:00:00,2962.9599999999996,6,2821.5883461347275,2024-06-26 00:00:00,2857.3397999999997,channel_exit,False,-708.5370566585278,IS
BAJAJ-AUTO,2024-06-05 00:00:00,2024-06-06 00:00:00,9604.895299999998,1,9096.81223486395,2024-06-27 00:00:00,9555.08535,channel_exit,False,-101.48738755412583,IS
HDFCBANK,2024-06-25 00:00:00,2024-06-26 00:00:00,854.8289749999999,21,821.9889248672251,2024-07-05 00:00:00,821.1669359423579,stop_touch,False,-782.1258063987328,IS
KOTAKBANK,2024-07-05 00:00:00,2024-07-08 00:00:00,371.1708,48,354.3526781685014,2024-07-22 00:00:00,353.99832549033295,stop_touch,False,-898.9423569114063,IS
AXISBANK,2024-04-25 00:00:00,2024-04-26 00:00:00,1131.1299999999999,15,1080.0019233704013,2024-07-24 00:00:00,1261.6371000000001,channel_exit,False,1881.5641519845349,IS
ICICIBANK,2024-06-25 00:00:00,2024-06-26 00:00:00,1203.2019999999998,14,1147.3900557906786,2024-07-26 00:00:00,1188.81,channel_exit,False,-274.17084604596556,IS
ADANIPORTS,2024-07-26 00:00:00,2024-07-29 00:00:00,1549.4479,11,1469.1999344708042,2024-08-12 00:00:00,1467.7307345363333,stop_touch,False,-971.1855711634781,IS
NTPC,2024-07-24 00:00:00,2024-07-25 00:00:00,391.34094999999996,45,367.84346581350906,2024-08-14 00:00:00,398.50109999999995,channel_exit,False,246.55254566635094,IS
DRREDDY,2024-06-27 00:00:00,2024-06-28 00:00:00,1252.3410899999997,14,1202.5983591126849,2024-09-05 00:00:00,1358.1405,channel_exit,False,1404.1535924058535,IS
HCLTECH,2024-08-16 00:00:00,2024-08-19 00:00:00,1666.6649999999997,10,1593.55771252485,2024-09-20 00:00:00,1746.252,channel_exit,False,722.3227430075822,IS
HEROMOTOCO,2024-09-05 00:00:00,2024-09-06 00:00:00,5725.719999999999,3,5462.167904603729,2024-10-01 00:00:00,5706.687599999999,channel_exit,False,-130.95466486435294,IS
BRITANNIA,2024-10-01 00:00:00,2024-10-03 00:00:00,6450.644199999999,2,6233.144029077857,2024-10-04 00:00:00,6226.910885048779,stop_touch,False,-508.25115655377334,IS
BHARTIARTL,2024-06-26 00:00:00,2024-06-27 00:00:00,1465.464,12,1386.7497182555085,2024-10-07 00:00:00,1649.349,channel_exit,False,2128.4186365871437,IS
HINDUNILVR,2024-07-23 00:00:00,2024-07-24 00:00:00,2750.7479999999996,6,2645.523975125545,2024-10-07 00:00:00,2842.155,channel_exit,False,475.7139318035356,IS
BAJAJ-AUTO,2024-08-16 00:00:00,2024-08-19 00:00:00,9936.87695,1,9537.02326831735,2024-10-08 00:00:00,11573.415,channel_exit,False,1581.5433513210203,IS
BAJAJFINSV,2024-09-20 00:00:00,2024-09-23 00:00:00,1931.7798499999997,9,1843.519979305727,2024-10-08 00:00:00,1841.6764593264213,stop_touch,False,-884.3520324995119,IS
SBIN,2024-10-17 00:00:00,2024-10-18 00:00:00,811.9110999999999,22,783.252152956626,2024-10-23 00:00:00,782.4689008036694,stop_touch,False,-722.7717566312119,IS
TECHM,2024-10-14 00:00:00,2024-10-15 00:00:00,1701.6999999999998,10,1614.144637703338,2024-10-31 00:00:00,1612.5304930656348,stop_touch,False,-963.9229133581769,IS
HCLTECH,2024-10-14 00:00:00,2024-10-15 00:00:00,1831.8299999999997,9,1752.7739626268083,2024-11-04 00:00:00,1761.237,channel_exit,False,-706.3665469682745,IS
WIPRO,2024-10-29 00:00:00,2024-10-30 00:00:00,281.53124999999994,63,267.5084766316711,2024-11-04 00:00:00,267.2409681550394,stop_touch,False,-974.6120231076925,IS
ICICIBANK,2024-10-29 00:00:00,2024-10-30 00:00:00,1325.3239999999998,13,1268.0756887340672,2024-11-05 00:00:00,1266.807613045333,stop_touch,False,-833.7448461410769,IS
SBIN,2024-10-29 00:00:00,2024-10-30 00:00:00,828.8279999999999,21,791.1189620606426,2024-11-19 00:00:00,818.181,channel_exit,False,-297.8818176147102,IS
LT,2024-10-31 00:00:00,2024-11-04 00:00:00,3628.5749499999993,4,3447.8707359759333,2024-11-22 00:00:00,3496.5,channel_exit,False,-593.6988027597519,IS
HCLTECH,2024-11-22 00:00:00,2024-11-25 00:00:00,1920.9189999999999,9,1839.1878007413943,2024-11-28 00:00:00,1837.3486129406529,stop_touch,False,-825.3502963383355,IS
POWERGRID,2024-11-22 00:00:00,2024-11-25 00:00:00,342.19185,52,323.80540217039567,2024-12-04 00:00:00,323.48159676822524,stop_touch,False,-1047.3249642090404,IS
HDFCBANK,2024-12-04 00:00:00,2024-12-05 00:00:00,930.93,19,894.6666994805629,2024-12-19 00:00:00,898.9001999999999,channel_exit,False,-683.1530233728793,IS
TCS,2024-11-22 00:00:00,2024-11-25 00:00:00,4284.28,4,4105.757407066305,2024-12-20 00:00:00,4324.671,channel_exit,False,87.51988194829812,IS
ZEEL,2024-11-29 00:00:00,2024-12-02 00:00:00,130.13,138,120.75972807076803,2024-12-20 00:00:00,130.42944,channel_exit,False,-34.95960910861413,IS
M&M,2024-11-22 00:00:00,2024-11-25 00:00:00,3078.075,5,2853.9637938013557,2024-12-23 00:00:00,2915.082,channel_exit,False,-882.5327696674096,IS
ITC,2024-12-31 00:00:00,2025-01-02 00:00:00,485.83534999999995,37,468.10783029380667,2025-01-06 00:00:00,455.1444,stop_gap,True,-1210.2639932076668,IS
SUNPHARMA,2024-12-26 00:00:00,2024-12-27 00:00:00,1847.3455,9,1777.8313162838444,2025-01-10 00:00:00,1776.0534849675605,stop_touch,False,-713.0581430124341,IS
HCLTECH,2025-01-10 00:00:00,2025-01-13 00:00:00,1996.8948999999998,8,1905.3001532118387,2025-01-14 00:00:00,1903.394853058627,stop_touch,False,-817.374923188868,IS
DRREDDY,2024-12-19 00:00:00,2024-12-20 00:00:00,1327.3259999999998,12,1269.3733666283308,2025-01-17 00:00:00,1296.702,channel_exit,False,-437.25309020393354,IS
INFY,2024-11-22 00:00:00,2024-11-25 00:00:00,1917.9159999999997,9,1833.7534288209476,2025-01-17 00:00:00,1831.9196753921267,stop_touch,False,-847.0741795357765,IS
RELIANCE,2025-01-17 00:00:00,2025-01-20 00:00:00,1317.3159999999998,13,1265.4303698271908,2025-01-23 00:00:00,1264.1649394573635,stop_touch,False,-763.7874982212663,IS
ONGC,2025-01-07 00:00:00,2025-01-08 00:00:00,266.71644999999995,66,251.9968127604439,2025-01-27 00:00:00,251.74481594768346,stop_touch,False,-1061.9397102141716,IS
BRITANNIA,2025-01-27 00:00:00,2025-01-28 00:00:00,5186.331149999999,3,4972.975114948342,2025-02-05 00:00:00,4968.002139833394,stop_touch,False,-723.2713339738916,IS
INDUSTOWER,2025-01-20 00:00:00,2025-01-22 00:00:00,361.9616,33,335.34976704120476,2025-02-12 00:00:00,335.0144172741636,stop_touch,False,-946.624227832104,IS
BAJFINANCE,2025-02-05 00:00:00,2025-02-06 00:00:00,854.2784249999999,18,808.0445875505321,2025-02-12 00:00:00,807.2365429629816,stop_touch,False,-914.2382919551518,IS
BHARTIARTL,2025-01-20 00:00:00,2025-01-22 00:00:00,1629.1274999999998,11,1563.9785411309388,2025-02-25 00:00:00,1595.403,channel_exit,False,-446.5686479028209,IS
KOTAKBANK,2025-02-13 00:00:00,2025-02-14 00:00:00,395.1948,45,377.6637666641624,2025-03-03 00:00:00,380.72889000000004,channel_exit,False,-725.7754328534251,IS
BAJAJFINSV,2025-01-02 00:00:00,2025-01-03 00:00:00,1701.6999999999998,9,1621.9861278979886,2025-03-05 00:00:00,1785.213,channel_exit,False,682.0913309889593,IS
BAJFINANCE,2025-02-27 00:00:00,2025-02-28 00:00:00,867.3664999999999,20,827.2813353897049,2025-03-05 00:00:00,826.4540540543152,stop_touch,False,-891.5468858853079,IS
HINDALCO,2025-02-19 00:00:00,2025-02-20 00:00:00,627.627,13,591.587113776046,2025-04-02 00:00:00,668.0313000000001,channel_exit,False,477.01567522491655,IS
JSWSTEEL,2025-03-05 00:00:00,2025-03-06 00:00:00,1014.0129999999999,17,966.1463037223556,2025-04-07 00:00:00,905.094,channel_exit,False,-1923.1646047690917,IS
TATASTEEL,2025-03-05 00:00:00,2025-03-06 00:00:00,146.93678999999997,122,138.23363934848805,2025-04-07 00:00:00,127.872,channel_exit,False,-2398.8029748931544,IS
BRITANNIA,2025-04-02 00:00:00,2025-04-03 00:00:00,4995.04005,1,4760.149450350671,2025-04-07 00:00:00,4617.378,stop_gap,True,-415.3747395034792,IS
UPL,2025-01-23 00:00:00,2025-01-24 00:00:00,560.50995,29,529.444266167227,2025-04-08 00:00:00,618.381,channel_exit,False,1604.6934110717127,IS
BRITANNIA,2025-04-08 00:00:00,2025-04-09 00:00:00,5154.6494999999995,3,4863.165872954381,2025-05-05 00:00:00,5313.681,channel_exit,False,407.51487201192117,IS
NTPC,2025-03-06 00:00:00,2025-03-07 00:00:00,336.18584999999996,43,316.7754301047466,2025-05-05 00:00:00,350.649,channel_exit,False,555.0882576219295,IS
ASIANPAINT,2025-04-08 00:00:00,2025-04-09 00:00:00,2402.3999999999996,7,2289.1117016571407,2025-06-20 00:00:00,2264.733,stop_gap,True,-1035.2101074944023,IS
HINDUNILVR,2025-04-09 00:00:00,2025-04-11 00:00:00,2396.9945999999995,4,2292.849889039578,2025-06-20 00:00:00,2290.5570391505385,stop_touch,False,-476.8554648182031,IS
BAJAJ-AUTO,2025-06-20 00:00:00,2025-06-23 00:00:00,8283.275,2,7827.686084658827,2025-07-11 00:00:00,8277.2145,channel_exit,False,-84.25162865125318,IS
BHARTIARTL,2025-06-20 00:00:00,2025-06-23 00:00:00,1931.9299999999998,4,1838.266044185297,2025-07-11 00:00:00,1940.058,channel_exit,False,-13.778911557151375,IS
INDUSTOWER,2025-04-08 00:00:00,2025-04-09 00:00:00,371.5711999999999,40,345.1775715810324,2025-07-11 00:00:00,401.598,channel_exit,False,1132.2473758304359,IS
ADANIPORTS,2025-05-05 00:00:00,2025-06-20 00:00:00,1339.338,12,1248.8505266755685,2025-07-23 00:00:00,1428.57,channel_exit,False,998.5969795935035,IS
SBIN,2025-07-16 00:00:00,2025-07-17 00:00:00,839.2383999999998,6,813.2813195237487,2025-07-23 00:00:00,811.6875,stop_gap,True,-203.43167522151944,IS
HINDUNILVR,2025-07-11 00:00:00,2025-07-14 00:00:00,2502.4999999999995,7,2410.3119993706837,2025-07-25 00:00:00,2407.901687371313,stop_touch,False,-736.2017900743976,IS
HEROMOTOCO,2025-07-15 00:00:00,2025-07-16 00:00:00,4458.454,4,4237.575625332652,2025-07-25 00:00:00,4233.338049707319,stop_touch,False,-975.0730947471067,IS
BAJFINANCE,2025-07-23 00:00:00,2025-07-24 00:00:00,970.9699999999999,18,932.6323184852948,2025-07-25 00:00:00,905.4936,stop_gap,True,-1251.7535717259232,IS
IOC,2025-05-05 00:00:00,2025-06-20 00:00:00,138.42828999999998,110,130.55158778941606,2025-07-28 00:00:00,146.81304,channel_exit,False,852.817942758539,IS
SUNPHARMA,2025-07-30 00:00:00,2025-07-31 00:00:00,1717.2154999999998,10,1661.7999135269308,2025-08-01 00:00:00,1660.138113613404,stop_touch,False,-643.902535164352,IS
ICICIBANK,2025-07-23 00:00:00,2025-07-24 00:00:00,1489.1877,3,1448.7480855364422,2025-08-05 00:00:00,1447.2993374509058,stop_touch,False,-162.18236399666415,IS
CIPLA,2025-07-25 00:00:00,2025-07-28 00:00:00,1542.7412,11,1488.289715016877,2025-08-07 00:00:00,1474.6238999999998,stop_gap,True,-821.57883652864,IS
LT,2025-08-12 00:00:00,2025-08-13 00:00:00,3699.6959999999995,4,3573.590119467089,2025-08-26 00:00:00,3570.016529347622,stop_touch,False,-584.9638736928089,IS
JSWSTEEL,2025-08-07 00:00:00,2025-08-08 00:00:00,1071.07,16,1023.8887365235539,2025-08-29 00:00:00,1030.968,channel_exit,False,-714.5594940894058,IS
TCS,2025-08-26 00:00:00,2025-08-28 00:00:00,3148.1449999999995,4,3048.268918725001,2025-09-05 00:00:00,3045.220649806276,stop_touch,False,-471.62699959036433,IS
HINDUNILVR,2025-08-01 00:00:00,2025-08-04 00:00:00,2549.5469999999996,7,2434.1363428604823,2025-09-15 00:00:00,2577.9195,channel_exit,False,122.4321149529998,IS
BAJAJ-AUTO,2025-09-01 00:00:00,2025-09-02 00:00:00,8978.97,2,8611.653961961367,2025-09-25 00:00:00,8812.179,channel_exit,False,-409.34312681934654,IS
M&M,2025-09-05 00:00:00,2025-09-08 00:00:00,3588.5849999999996,3,3402.6389636905474,2025-09-26 00:00:00,3399.2363247268568,stop_touch,False,-622.4048417363977,IS
LT,2025-09-26 00:00:00,2025-09-29 00:00:00,3741.7379999999994,4,3619.4828555132785,2025-10-01 00:00:00,3615.8633726577655,stop_touch,False,-570.2584670725537,OOS
BAJFINANCE,2025-09-15 00:00:00,2025-09-16 00:00:00,1006.8558499999999,17,965.2405761892809,2025-11-03 00:00:00,1035.963,channel_exit,False,420.37440964697913,OOS
KOTAKBANK,2025-10-01 00:00:00,2025-10-03 00:00:00,413.07266,35,399.4091373493833,2025-11-03 00:00:00,420.01955999999996,channel_exit,False,176.8363422725388,OOS
HEROMOTOCO,2025-08-04 00:00:00,2025-08-05 00:00:00,4540.535999999999,3,4324.571034512488,2025-11-06 00:00:00,5347.1475,channel_exit,False,2352.95291475559,IS
EICHERMOT,2025-08-13 00:00:00,2025-08-14 00:00:00,5715.709999999999,1,5519.044610637623,2025-11-17 00:00:00,6723.27,channel_exit,False,965.8096500905212,IS
BPCL,2025-09-29 00:00:00,2025-09-30 00:00:00,340.08975,44,325.17086056719353,2025-11-25 00:00:00,358.59105,channel_exit,False,745.4743422401255,OOS
IOC,2025-11-03 00:00:00,2025-11-04 00:00:00,168.16799999999998,107,161.20797957690152,2025-11-25 00:00:00,164.73510000000002,channel_exit,False,-443.14012472576,OOS
SBIN,2025-11-03 00:00:00,2025-11-04 00:00:00,951.9509999999999,15,924.4028829138738,2025-12-03 00:00:00,969.47955,channel_exit,False,197.11801963293715,OOS
BAJAJ-AUTO,2025-11-26 00:00:00,2025-11-27 00:00:00,9203.194,1,8920.454495733698,2025-12-09 00:00:00,8911.534041237965,stop_touch,False,-341.824003767893,OOS
ASIANPAINT,2025-11-06 00:00:00,2025-11-07 00:00:00,2605.5029,6,2512.5513164588756,2025-12-10 00:00:00,2807.19,channel_exit,False,1139.0284489924284,OOS
HEROMOTOCO,2025-11-25 00:00:00,2025-11-26 00:00:00,6089.5835,2,5844.543411123964,2025-12-11 00:00:00,5939.5545,channel_exit,False,-358.9313158603751,OOS
HCLTECH,2025-11-17 00:00:00,2025-11-18 00:00:00,1605.6039999999998,4,1551.1801374066274,2025-12-22 00:00:00,1650.2481,channel_exit,False,135.90755663370243,OOS
INFY,2025-12-22 00:00:00,2025-12-23 00:00:00,1680.6789999999999,4,1623.481898555245,2025-12-30 00:00:00,1621.8584166566898,stop_touch,False,-278.25583430367624,OOS
DRREDDY,2025-12-03 00:00:00,2025-12-04 00:00:00,1281.8805999999997,14,1240.4296718052499,2026-01-02 00:00:00,1239.1892421334446,stop_touch,False,-673.0389551846689,OOS
KOTAKBANK,2025-12-11 00:00:00,2025-12-12 00:00:00,436.77633999999995,41,422.6250117620001,2026-01-07 00:00:00,422.2023867502381,stop_touch,False,-672.7794146656148,OOS
GRASIM,2025-12-12 00:00:00,2025-12-15 00:00:00,2839.5366999999997,6,2751.1582859060263,2026-01-09 00:00:00,2797.0002000000004,channel_exit,False,-328.39094392003193,OOS
COALINDIA,2026-01-02 00:00:00,2026-01-05 00:00:00,431.3809499999999,40,416.1194902858149,2026-01-12 00:00:00,415.70337079552905,stop_touch,False,-700.3969997573263,OOS
BAJAJ-AUTO,2026-01-07 00:00:00,2026-01-08 00:00:00,9809.2995,1,9449.481973762782,2026-01-12 00:00:00,9440.03249178902,stop_touch,False,-421.0993249535967,OOS
ASIANPAINT,2026-01-12 00:00:00,2026-01-13 00:00:00,2902.8999999999996,6,2798.311519058395,2026-01-16 00:00:00,2785.1121000000003,stop_gap,True,-780.3857438584037,OOS
SBIN,2026-01-13 00:00:00,2026-01-14 00:00:00,1031.03,17,1002.3465705408424,2026-02-02 00:00:00,1001.3442239703016,stop_touch,False,-578.9201302990584,OOS
HCLTECH,2026-01-16 00:00:00,2026-01-19 00:00:00,1699.6979999999999,9,1634.4523878749148,2026-02-04 00:00:00,1632.81793548704,stop_touch,False,-669.5117256069954,OOS
ADANIPORTS,2026-02-03 00:00:00,2026-02-04 00:00:00,1531.4298999999999,10,1439.0859917383261,2026-03-02 00:00:00,1437.646905746588,stop_touch,False,-1005.0039650975782,OOS
IOC,2026-02-04 00:00:00,2026-02-05 00:00:00,174.41423999999998,102,166.07435897171447,2026-03-05 00:00:00,170.829,channel_exit,False,-440.91956298636546,OOS
TATASTEEL,2025-12-30 00:00:00,2025-12-31 00:00:00,180.17999999999998,37,173.60230127248545,2026-03-05 00:00:00,198.3015,channel_exit,False,626.4270325926979,OOS
VEDL,2026-01-13 00:00:00,2026-01-14 00:00:00,647.6469999999999,23,617.9632549429497,2026-03-16 00:00:00,687.312,channel_exit,False,843.7750395031198,OOS
NTPC,2026-03-12 00:00:00,2026-03-13 00:00:00,392.24185,9,373.28277737463605,2026-03-19 00:00:00,372.9094945972614,stop_touch,False,-207.69432476089392,OOS
HINDALCO,2025-12-12 00:00:00,2025-12-15 00:00:00,852.8019499999999,13,818.2515433979495,2026-03-20 00:00:00,884.06505,channel_exit,False,349.7670465922556,OOS
SUNPHARMA,2026-03-06 00:00:00,2026-03-09 00:00:00,1774.6728999999998,10,1709.1182691448403,2026-03-20 00:00:00,1753.3448999999998,channel_exit,False,-288.5894300902277,OOS
COALINDIA,2026-03-05 00:00:00,2026-03-06 00:00:00,451.6011499999999,39,428.23321189938105,2026-04-10 00:00:00,427.80497868748165,stop_touch,False,-1001.9729052374786,OOS
INFY,2026-04-07 00:00:00,2026-04-08 00:00:00,1350.349,12,1272.0638486209155,2026-04-13 00:00:00,1270.728,stop_gap,True,-1025.2093009208224,OOS
HCLTECH,2026-04-07 00:00:00,2026-04-08 00:00:00,1451.3499,11,1361.8770438619927,2026-04-22 00:00:00,1343.655,stop_gap,True,-1253.3812006381809,OOS
TECHM,2026-04-02 00:00:00,2026-04-06 00:00:00,1436.435,10,1343.4904963718375,2026-04-27 00:00:00,1361.5371,channel_exit,False,-813.6317881069454,OOS
ICICIBANK,2026-04-13 00:00:00,2026-04-15 00:00:00,1359.358,13,1285.8074440604853,2026-04-29 00:00:00,1293.4053000000001,channel_exit,False,-931.5790747495731,OOS
COALINDIA,2026-04-29 00:00:00,2026-04-30 00:00:00,484.9344499999999,35,459.58618124382645,2026-05-07 00:00:00,459.1265950625826,stop_touch,False,-975.3568660372663,OOS
GAIL,2026-04-22 00:00:00,2026-04-23 00:00:00,166.16599999999997,92,156.79203682443458,2026-05-13 00:00:00,159.84,channel_exit,False,-649.5815163967488,OOS
TATASTEEL,2026-04-08 00:00:00,2026-04-09 00:00:00,204.71450999999996,7,191.27176901882837,2026-05-19 00:00:00,210.37941,channel_exit,False,11.799829244318886,OOS
BAJAJ-AUTO,2026-05-07 00:00:00,2026-05-08 00:00:00,10635.624999999998,1,10084.778504497908,2026-05-20 00:00:00,10074.693725993411,stop_touch,False,-614.9186413177499,OOS
CIPLA,2026-05-14 00:00:00,2026-05-15 00:00:00,1438.1366999999998,11,1361.1348059880684,2026-06-02 00:00:00,1359.7736711820803,stop_touch,False,-930.7532477326711,OOS
HCLTECH,2026-06-02 00:00:00,2026-06-03 00:00:00,1230.0287999999998,12,1167.120260071906,2026-06-04 00:00:00,1165.2336,stop_gap,True,-843.3159246236263,OOS
GRASIM,2026-05-21 00:00:00,2026-05-22 00:00:00,3181.1779999999994,5,3024.595123228637,2026-06-09 00:00:00,3067.1297999999997,channel_exit,False,-639.6596832978126,OOS
COALINDIA,2026-06-04 00:00:00,2026-06-05 00:00:00,483.78329999999994,29,455.4951207169128,2026-06-10 00:00:00,455.0396255961959,stop_touch,False,-897.1211202415544,OOS
ASIANPAINT,2026-04-10 00:00:00,2026-04-13 00:00:00,2282.1798999999996,6,2141.0647375692774,2026-06-24 00:00:00,2659.338,channel_exit,False,2196.075678105731,OOS
AXISBANK,2026-06-12 00:00:00,2026-06-15 00:00:00,1373.3719999999998,8,1313.440884723805,2026-07-06 00:00:00,1354.3443,channel_exit,False,-207.80678336706933,OOS
GAIL,2026-06-15 00:00:00,2026-06-16 00:00:00,176.62644999999998,1,167.5052650174386,2026-07-09 00:00:00,168.831,channel_exit,False,-31.902207896383686,OOS
BRITANNIA,2026-07-06 00:00:00,2026-07-07 00:00:00,5459.454,2,5266.703795271258,2026-07-14 00:00:00,5238.756,stop_gap,True,-496.3796955909188,OOS
ADANIPORTS,2026-04-27 00:00:00,2026-04-28 00:00:00,1630.0284,8,1534.0813432111756,2026-07-24 00:00:00,1763.1351000000002,channel_exit,False,1001.5594529603942,OOS
UPL,2026-07-16 00:00:00,2026-07-17 00:00:00,625.6750499999999,18,590.8570739702684,2026-08-04 00:00:00,590.2662168962981,stop_touch,False,-693.0761154484514,OOS
BAJAJFINSV,2026-08-04 00:00:00,2026-08-05 00:00:00,2107.1049999999996,5,2013.7596559794465,2026-08-07 00:00:00,2011.7458963234672,stop_touch,False,-530.6065151636229,OOS
HCLTECH,2026-07-24 00:00:00,2026-07-27 00:00:00,1285.8845999999999,11,1215.0419349716192,2026-08-28 00:00:00,1288.71,channel_exit,False,-34.01426146617371,OOS
BAJFINANCE,2026-06-24 00:00:00,2026-06-25 00:00:00,997.1962,15,949.5763184238908,2026-09-01 00:00:00,1063.935,channel_exit,False,932.2567357952315,OOS
BAJAJ-AUTO,2026-09-01 00:00:00,2026-09-02 00:00:00,12223.211,1,11775.48222927135,2026-09-07 00:00:00,11763.706747042079,stop_touch,False,-518.2849713197198,OOS
ICICIBANK,2026-06-11 00:00:00,2026-06-12 00:00:00,1331.33,13,1275.8088390865212,2026-09-09 00:00:00,1394.5041,channel_exit,False,745.8033758124166,OOS
AXISBANK,2026-08-31 00:00:00,2026-09-01 00:00:00,1276.1749,11,1230.198952087545,2026-09-11 00:00:00,1228.9687531354575,stop_touch,False,-583.2831783385299,OOS
GRASIM,2026-08-07 00:00:00,2026-08-10 00:00:00,3327.3239999999996,3,3177.534296415811,2026-09-11 00:00:00,3281.9,data_end,False,-188.93424093387057,OOS
COALINDIA,2026-09-02 00:00:00,2026-09-03 00:00:00,422.42199999999997,9,407.3332980482353,2026-09-11 00:00:00,426.4,data_end,False,1.0112405760520815,OOS
ADANIPORTS,2026-09-09 00:00:00,2026-09-10 00:00:00,1781.6798999999999,10,1701.6943409982107,2026-09-11 00:00:00,1764.6,data_end,False,-246.37282505257352,OOS
